CartID,CustomerID,ProductID,Quantity,AddedDate
1,4748,2152,1,2026-01-08
2,1422,3690,1,2024-07-03
3,1169,4774,1,2024-02-27
4,4792,324,4,2025-06-30
5,1514,818,5,2025-11-29
6,1611,3718,4,2025-11-14
7,1153,2019,1,2024-12-15
8,2184,3551,3,2025-06-24
9,4759,4265,3,2025-04-18
10,3984,2101,4,2025-06-04
11,1169,4926,4,2025-05-17
12,4875,279,1,2024-09-04
13,4993,3833,3,2024-01-09
14,1731,1963,5,2026-05-13
15,4655,3252,4,2026-05-07
16,933,3162,1,2024-08-26
17,1337,3628,1,2024-01-17
18,2012,970,3,2025-02-21
19,1509,2800,3,2025-03-22
20,2109,3807,4,2025-11-10
21,1670,4625,2,2025-11-08
22,2348,1936,3,2025-02-02
23,4898,2526,5,2026-05-25
24,2016,340,5,2025-12-29
25,1198,2725,2,2025-04-09
26,4958,4288,2,2025-10-18
27,250,1455,2,2024-10-28
28,4282,4064,4,2025-07-07
29,2573,4615,5,2024-04-22
30,2429,158,1,2024-05-09
31,961,4658,2,2024-04-02
32,4363,3035,3,2024-03-28
33,2789,3270,3,2025-02-12
34,4205,3564,2,2026-05-17
35,2099,4852,1,2024-05-08
36,2780,4330,5,2024-04-06
37,3361,1319,2,2025-03-18
38,3976,1363,3,2024-02-03
39,906,2076,2,2026-01-16
40,4888,939,5,2024-06-23
41,68,4398,5,2025-11-16
42,1356,1838,4,2025-08-01
43,1876,2810,3,2026-08-05
44,4370,3582,3,2025-09-04
45,4767,4489,3,2026-07-31
46,1925,2033,5,2025-10-03
47,3346,4549,2,2024-11-28
48,4129,1483,2,2024-03-02
49,710,2306,2,2025-06-12
50,1177,2298,3,2025-04-09
51,1673,330,3,2026-02-25
52,3269,708,5,2026-05-08
53,3051,3121,2,2026-01-05
54,1799,4958,5,2024-03-02
55,450,4352,2,2025-03-16
56,3288,1876,1,2025-07-28
57,4250,3497,2,2024-08-01
58,1278,2213,5,2026-07-08
59,3021,1090,4,2024-05-22
60,4890,4334,2,2026-01-01
61,4087,4486,3,2025-03-17
62,3478,3242,3,2025-05-21
63,1117,4241,2,2025-04-27
64,4421,3567,1,2024-06-17
65,1190,2462,4,2025-11-12
66,2075,4909,2,2025-05-03
67,2895,3880,4,2025-01-31
68,1751,683,2,2024-11-09
69,1678,1568,2,2026-06-28
70,4240,598,3,2024-01-26
71,3316,1779,3,2026-07-04
72,2324,4382,1,2024-08-31
73,1047,2194,1,2026-07-05
74,2506,1247,4,2025-11-08
75,148,1393,4,2024-12-17
76,4871,4421,2,2025-03-30
77,2896,103,1,2026-05-26
78,3937,3876,5,2024-03-29
79,1387,267,3,2025-09-19
80,4847,857,5,2025-05-25
81,4610,4420,2,2024-08-02
82,4271,3073,5,2024-02-15
83,1007,3157,1,2025-02-02
84,443,1915,3,2025-01-30
85,2669,2434,4,2024-03-21
86,3859,933,5,2025-07-01
87,2643,33,5,2024-05-17
88,1017,517,3,2025-03-13
89,1586,873,5,2025-05-12
90,1532,556,5,2025-09-11
91,4139,2807,3,2024-12-18
92,1673,2602,3,2024-06-17
93,1887,1822,4,2025-03-06
94,1829,2912,1,2026-05-11
95,4076,552,5,2024-03-16
96,2949,908,1,2025-03-24
97,2388,1250,2,2025-06-28
98,3758,263,2,2025-07-06
99,1353,2386,3,2025-08-25
100,878,1119,3,2025-02-03
101,2675,943,5,2026-05-02
102,2156,1713,1,2025-11-10
103,4785,774,4,2025-04-30
104,2753,2699,1,2024-06-24
105,4237,539,2,2026-06-25
106,302,4786,3,2025-10-15
107,4711,4087,2,2025-11-02
108,1751,4591,5,2025-02-13
109,3319,3670,4,2024-10-19
110,2756,1788,4,2026-04-30
111,617,4093,4,2026-01-04
112,3857,3347,2,2024-10-08
113,3020,959,5,2025-10-09
114,2242,3422,3,2026-05-23
115,943,4892,3,2025-03-17
116,1956,1810,2,2024-08-21
117,3825,1384,3,2025-01-16
118,1838,1856,2,2026-01-14
119,1375,3105,2,2024-04-17
120,1249,749,1,2024-03-20
121,531,450,4,2025-08-03
122,3208,2342,4,2025-03-28
123,2225,2819,5,2024-06-30
124,1904,3558,4,2025-06-17
125,4109,1399,1,2026-06-21
126,2095,3963,1,2025-01-27
127,2734,2673,2,2026-01-13
128,1418,3245,5,2024-01-01
129,707,3021,5,2026-05-21
130,2791,3339,2,2024-02-20
131,266,4086,4,2024-11-15
132,3230,725,3,2024-06-05
133,644,1875,4,2025-11-09
134,3075,1631,5,2024-10-31
135,3952,646,4,2024-12-08
136,4264,1869,5,2024-05-12
137,4780,2026,3,2026-04-14
138,1172,2495,1,2026-06-04
139,3370,1143,3,2024-03-15
140,1771,1837,4,2024-05-04
141,2182,1758,3,2024-03-19
142,2126,558,4,2025-09-17
143,1976,52,5,2024-10-12
144,3750,440,5,2026-05-30
145,2362,4858,5,2025-04-11
146,2463,4373,5,2024-10-18
147,4668,1470,2,2025-09-13
148,1764,782,2,2025-09-10
149,3878,1827,3,2024-05-10
150,780,3514,4,2025-12-08
151,3261,4001,4,2026-02-03
152,1982,1112,5,2025-03-06
153,2882,447,5,2026-07-20
154,3288,2712,5,2024-03-14
155,1591,1481,5,2024-06-03
156,858,3678,5,2025-01-02
157,3581,1594,2,2026-08-06
158,4599,4086,3,2026-06-05
159,4876,1925,1,2025-03-11
160,4052,1594,2,2024-09-15
161,4523,2284,2,2024-03-16
162,3423,4716,2,2025-11-20
163,1605,4075,1,2024-05-22
164,3523,53,4,2024-01-26
165,1188,2189,5,2025-09-30
166,2942,3984,4,2025-12-31
167,2111,958,2,2024-12-07
168,2047,3991,2,2026-06-08
169,3515,527,1,2026-06-17
170,3050,1110,2,2025-04-27
171,1531,3376,1,2024-02-29
172,2075,1194,3,2025-02-12
173,3957,1322,3,2025-04-24
174,4824,1109,5,2024-04-12
175,4096,4494,5,2026-06-04
176,1241,2854,5,2024-09-22
177,1935,3752,4,2025-10-18
178,3634,3801,2,2024-01-29
179,4971,3580,5,2024-06-10
180,4181,3079,1,2025-07-04
181,2302,362,2,2024-11-20
182,1074,4871,3,2025-05-20
183,534,3234,2,2024-11-18
184,4749,3731,2,2024-04-07
185,760,4544,5,2024-12-18
186,2562,3720,5,2024-05-15
187,4721,2474,3,2024-03-14
188,3487,313,5,2024-05-04
189,3784,3047,1,2024-05-11
190,1484,3631,3,2026-06-22
191,3583,3036,4,2024-11-02
192,3289,2787,3,2026-01-29
193,4701,3578,3,2024-07-27
194,4163,2088,2,2025-03-20
195,3398,415,5,2026-05-06
196,101,3749,5,2024-05-10
197,3480,4897,4,2024-06-25
198,1358,2689,2,2024-06-20
199,1063,729,4,2026-07-14
200,2292,3484,1,2024-11-26
201,4990,2742,1,2025-12-12
202,1791,4338,1,2025-07-30
203,2249,772,3,2025-11-27
204,3691,4957,4,2024-03-26
205,1580,4200,3,2025-04-30
206,4034,3881,5,2026-07-04
207,160,2972,3,2025-12-07
208,2679,2888,2,2025-05-09
209,4268,2730,2,2025-03-16
210,2495,4693,2,2024-08-10
211,1686,4565,1,2024-09-09
212,500,1621,3,2024-08-31
213,4288,180,5,2026-08-06
214,2597,1571,3,2024-04-09
215,396,3903,1,2025-09-08
216,2791,3319,4,2024-12-25
217,1577,2968,4,2024-03-15
218,2605,3015,2,2026-07-30
219,4528,1041,4,2025-09-16
220,4237,2535,4,2024-03-21
221,2243,4035,5,2026-07-26
222,2441,2432,3,2024-01-30
223,437,4573,3,2025-12-20
224,2577,1568,2,2025-12-28
225,728,3794,2,2025-06-15
226,3263,176,3,2026-01-19
227,1573,1755,3,2026-03-07
228,2847,2512,2,2025-03-16
229,4754,1557,2,2024-11-18
230,1884,2667,2,2024-08-10
231,4506,2734,4,2026-05-03
232,2538,3269,2,2024-11-28
233,3400,4924,1,2024-05-13
234,2159,1355,2,2025-05-06
235,2938,3703,1,2025-08-17
236,479,837,5,2025-11-25
237,792,2170,4,2026-06-02
238,4742,4631,5,2024-09-27
239,2237,4730,2,2025-08-06
240,2606,559,3,2026-04-14
241,2152,4018,2,2024-07-06
242,3602,1311,2,2024-05-28
243,3754,4336,1,2024-12-06
244,3520,3973,1,2026-04-07
245,2657,4753,3,2025-03-11
246,3826,2778,5,2025-10-04
247,4277,3906,3,2024-03-13
248,2209,4651,2,2024-01-26
249,2345,2401,5,2024-02-25
250,2015,2179,3,2025-10-09
251,4069,4564,1,2024-04-22
252,319,546,1,2026-05-15
253,3938,3039,2,2025-03-03
254,3842,2628,1,2025-01-26
255,3666,3623,4,2024-04-13
256,4884,555,5,2024-07-07
257,4017,3760,5,2024-06-06
258,128,3093,1,2024-09-14
259,4861,3699,2,2025-01-02
260,4039,197,1,2024-07-25
261,2863,4719,3,2025-06-09
262,1232,2851,5,2024-07-28
263,857,2424,1,2024-02-16
264,750,3001,2,2024-10-28
265,452,3966,5,2025-10-10
266,2707,2923,2,2024-11-16
267,364,1814,5,2024-05-07
268,3989,3549,1,2024-01-07
269,3340,1601,2,2024-02-01
270,4125,4437,5,2025-12-27
271,3137,216,4,2025-06-11
272,2592,4061,3,2025-04-03
273,2164,3496,3,2026-05-17
274,3494,4867,2,2024-09-18
275,1429,4262,5,2025-02-03
276,4820,3326,1,2025-08-30
277,1893,3277,3,2024-09-27
278,707,1736,4,2025-12-18
279,2000,3001,4,2024-04-02
280,952,2957,2,2025-01-04
281,4249,472,2,2024-09-07
282,123,2884,5,2025-04-16
283,2589,4300,3,2025-03-27
284,3938,4245,4,2024-07-30
285,4829,4664,5,2025-06-06
286,792,4778,1,2024-03-16
287,108,3785,3,2026-04-18
288,2772,922,1,2026-03-23
289,3564,3895,4,2024-07-25
290,3727,160,2,2024-11-23
291,242,3326,2,2024-11-29
292,3211,2002,2,2025-11-20
293,261,1333,5,2025-03-21
294,1429,47,1,2026-05-22
295,2049,523,4,2026-03-13
296,37,3900,4,2025-07-01
297,183,3769,4,2026-07-12
298,2890,4037,1,2024-04-26
299,4793,2430,3,2025-11-30
300,2506,1471,4,2024-06-02
301,4632,2786,4,2025-08-17
302,762,1049,4,2024-01-27
303,801,2605,4,2026-08-02
304,1811,3397,4,2025-06-19
305,2382,3901,2,2025-09-16
306,1547,767,4,2025-07-05
307,3963,3442,2,2025-10-23
308,3989,4934,4,2026-05-07
309,1512,1933,3,2026-01-05
310,2318,4950,2,2025-02-07
311,636,4770,2,2024-02-16
312,1926,3432,4,2025-02-10
313,971,2030,4,2025-10-12
314,4382,3899,2,2025-02-19
315,1663,3208,3,2024-11-30
316,400,4395,3,2025-08-25
317,2712,4868,5,2024-11-07
318,2562,4514,1,2025-03-13
319,2883,2742,1,2024-06-07
320,3632,2557,1,2024-02-11
321,3872,711,4,2026-04-27
322,1130,2713,4,2026-02-07
323,3818,1370,2,2025-07-24
324,4453,224,1,2024-05-16
325,1160,1029,1,2025-04-20
326,614,4296,2,2025-12-29
327,3715,3561,3,2024-10-01
328,4311,625,3,2026-03-06
329,3930,734,2,2024-09-11
330,2290,3682,2,2024-02-11
331,4441,4709,4,2024-10-25
332,1149,2400,4,2025-01-29
333,2954,2862,3,2024-04-12
334,1518,2448,2,2025-09-05
335,1391,4174,1,2025-10-08
336,2573,987,4,2026-07-20
337,3927,1281,1,2025-06-12
338,339,2597,4,2025-05-26
339,2903,3176,3,2025-08-03
340,971,4549,1,2024-10-31
341,2239,4291,5,2026-08-02
342,1101,3771,3,2025-07-14
343,2649,3416,3,2024-05-04
344,2123,4714,4,2024-12-10
345,1775,2273,4,2024-10-01
346,3769,1915,2,2026-06-06
347,4608,2016,5,2024-08-18
348,4251,1683,2,2025-10-24
349,2748,4350,5,2024-09-24
350,3515,1991,5,2026-05-28
351,585,4830,2,2024-11-12
352,2965,4295,4,2024-07-26
353,2303,4968,5,2026-05-27
354,2295,483,2,2024-10-09
355,3668,1294,4,2025-10-29
356,267,3843,2,2024-01-06
357,2458,3220,2,2026-08-01
358,1472,683,4,2024-08-15
359,2206,3898,1,2024-06-26
360,4012,616,1,2025-12-28
361,2438,2978,1,2024-03-03
362,2784,3884,2,2025-12-18
363,3712,295,5,2026-05-07
364,2102,1346,3,2026-01-14
365,239,1651,5,2026-02-25
366,3897,4025,3,2024-06-02
367,2653,2408,2,2024-08-25
368,1391,2722,3,2024-09-14
369,2811,3692,5,2024-08-22
370,3610,4102,1,2026-02-26
371,1273,1018,1,2025-09-01
372,4336,4298,4,2024-10-24
373,2446,27,1,2026-07-08
374,1883,2763,1,2025-05-09
375,4765,4488,4,2026-01-25
376,3656,1980,4,2024-11-07
377,2931,2867,1,2026-05-03
378,2209,102,1,2024-09-18
379,3571,2839,5,2026-06-30
380,4782,4403,4,2025-11-04
381,2173,3356,3,2025-12-02
382,3471,4098,4,2024-12-14
383,1235,1407,1,2024-11-22
384,3868,4965,1,2025-11-01
385,100,20,1,2025-03-28
386,1706,729,2,2024-03-18
387,1319,3772,1,2026-04-29
388,82,3308,1,2025-05-20
389,1529,650,1,2025-08-20
390,2159,1222,1,2024-04-02
391,763,4005,1,2024-11-03
392,3454,4642,4,2025-03-03
393,3301,2856,5,2026-02-25
394,2230,173,5,2024-05-25
395,3355,3288,4,2024-07-30
396,928,1487,5,2025-10-18
397,4057,1318,4,2025-06-25
398,2903,1532,1,2024-08-06
399,1102,1154,1,2025-12-08
400,1990,3044,1,2024-06-12
401,2372,1525,4,2026-06-07
402,1100,1342,4,2026-07-09
403,4055,590,3,2024-07-10
404,399,1841,4,2024-06-06
405,2848,1279,5,2025-12-23
406,4301,4993,1,2026-05-04
407,1341,2022,4,2025-08-22
408,3118,3300,1,2024-11-05
409,3863,2080,5,2024-11-14
410,4006,23,4,2024-06-12
411,106,3716,3,2024-11-07
412,3082,3525,1,2026-05-13
413,1039,2177,4,2024-04-12
414,2515,966,3,2026-04-05
415,2834,4093,2,2024-11-11
416,3386,308,3,2026-07-14
417,1294,4404,5,2025-05-19
418,2038,3369,5,2024-05-29
419,4774,3933,1,2024-11-10
420,3559,1824,3,2025-09-23
421,4434,500,5,2025-11-19
422,4764,2375,5,2025-03-23
423,238,835,5,2025-05-22
424,2034,4983,1,2025-06-05
425,1483,376,3,2025-07-23
426,1940,2220,5,2024-03-17
427,1477,2854,5,2025-08-29
428,2096,1727,4,2024-08-08
429,314,31,1,2025-06-19
430,2286,345,2,2024-08-26
431,4684,1619,5,2024-02-26
432,136,1014,2,2026-02-21
433,1789,3102,5,2025-04-02
434,132,3226,1,2026-03-30
435,3493,430,4,2025-08-21
436,4055,4058,4,2025-03-06
437,2896,4218,1,2024-02-10
438,4384,4455,3,2026-01-24
439,2869,1631,4,2025-08-20
440,801,4186,1,2025-07-25
441,3326,3697,3,2026-02-26
442,2907,1555,1,2025-11-22
443,2833,3161,1,2024-12-20
444,4,48,3,2024-06-26
445,2204,1974,3,2026-08-07
446,3988,2422,1,2026-04-08
447,2001,1848,3,2025-02-14
448,4240,4836,3,2024-12-29
449,1496,3639,3,2025-09-30
450,1444,3881,4,2025-05-06
451,1267,638,3,2025-02-17
452,1442,2321,1,2026-01-17
453,128,3312,4,2025-12-10
454,122,1021,1,2026-02-08
455,4272,3253,3,2026-05-29
456,2499,3926,2,2026-04-29
457,390,3692,2,2024-11-01
458,182,4026,1,2024-01-18
459,3486,1828,2,2025-04-11
460,3006,1236,2,2025-11-14
461,2213,3376,5,2025-12-23
462,4385,1657,2,2025-01-22
463,4637,2456,1,2026-04-05
464,1409,2934,3,2024-06-23
465,4128,847,2,2024-11-19
466,3708,4510,5,2025-08-02
467,1058,92,2,2024-07-13
468,583,1958,4,2026-02-25
469,4847,4667,5,2025-06-14
470,3257,1477,2,2024-07-04
471,2702,1512,5,2024-03-29
472,1310,2014,5,2024-06-01
473,3741,4175,5,2025-10-26
474,4474,460,3,2025-04-12
475,1508,3032,2,2024-03-04
476,1070,3523,4,2025-01-01
477,2096,1231,1,2026-02-02
478,1874,2418,4,2026-08-05
479,4139,3134,2,2026-02-10
480,3615,4137,2,2026-05-19
481,1535,2316,2,2024-12-17
482,589,3674,3,2026-01-13
483,1060,740,3,2024-12-01
484,3451,1795,5,2024-09-22
485,2057,129,4,2025-10-10
486,4504,2344,5,2025-09-14
487,1730,3948,2,2026-05-02
488,2055,50,2,2024-08-04
489,1338,14,4,2024-02-23
490,32,1739,4,2025-11-21
491,3494,1641,4,2025-07-17
492,4961,3242,5,2025-10-13
493,2182,2625,5,2026-04-07
494,4714,4441,3,2026-05-08
495,3319,4217,2,2024-08-27
496,2459,2838,1,2024-03-23
497,1030,147,5,2026-04-21
498,1572,987,5,2026-04-05
499,432,3745,4,2025-11-09
500,2585,3386,2,2026-05-03
501,2258,1630,5,2025-02-15
502,3810,4659,4,2026-01-20
503,1361,313,5,2026-01-01
504,447,1663,3,2026-04-12
505,1304,3624,4,2026-04-21
506,4659,3097,1,2025-03-09
507,1201,2232,1,2024-04-04
508,3556,3162,2,2025-12-29
509,1196,795,5,2026-03-04
510,3383,3353,1,2025-05-17
511,448,1565,4,2024-04-27
512,1351,2718,4,2025-07-12
513,2365,4091,5,2025-12-16
514,3801,2875,5,2025-06-12
515,2813,3647,2,2024-07-31
516,2436,541,2,2025-08-17
517,3528,1745,1,2025-03-18
518,4042,1541,4,2024-07-13
519,4692,618,2,2026-02-06
520,3688,3039,2,2024-09-22
521,1314,3905,3,2025-05-01
522,3665,3046,5,2026-05-12
523,4962,3783,5,2025-10-03
524,2384,4753,2,2024-12-12
525,831,2579,1,2025-11-14
526,3875,2500,3,2026-01-18
527,3326,970,1,2025-05-07
528,4150,3992,2,2025-04-23
529,2534,4188,4,2024-11-13
530,3781,611,5,2024-09-26
531,1032,540,5,2026-06-17
532,4188,2856,3,2024-03-10
533,2243,550,3,2025-04-23
534,3954,75,3,2024-10-04
535,3241,359,5,2024-03-04
536,4614,1413,4,2026-06-20
537,3749,612,2,2025-09-07
538,3788,133,2,2026-03-14
539,4189,2183,2,2026-03-17
540,1336,1480,1,2024-03-24
541,1653,3974,1,2026-05-18
542,3032,2714,3,2024-02-26
543,2992,4108,5,2024-03-16
544,3889,2519,3,2024-06-15
545,2767,2466,3,2025-09-08
546,1356,1243,3,2025-07-07
547,4511,2756,5,2024-07-11
548,4433,4247,1,2025-03-01
549,79,2201,4,2025-10-18
550,1963,955,1,2024-04-18
551,559,4504,5,2026-04-29
552,1237,4204,5,2025-02-19
553,3063,4278,4,2024-04-03
554,936,493,1,2024-06-15
555,4667,4558,3,2024-01-18
556,867,1948,2,2025-12-26
557,3806,4701,4,2025-04-29
558,464,837,5,2026-04-22
559,4774,2324,2,2026-07-30
560,2731,2082,5,2025-05-23
561,1878,2210,1,2026-01-01
562,2580,2778,5,2026-06-04
563,4631,2722,5,2026-03-18
564,1639,2514,1,2024-12-17
565,4293,2280,2,2024-04-11
566,407,43,5,2024-03-01
567,4721,39,3,2026-02-26
568,2698,2490,2,2025-06-19
569,3795,875,4,2024-12-05
570,885,2723,1,2024-03-07
571,1047,1403,3,2024-04-12
572,1526,3676,3,2024-07-09
573,4421,80,1,2026-07-02
574,3085,1508,1,2024-01-03
575,3951,2916,3,2024-04-05
576,3464,3566,3,2025-12-12
577,1691,1602,5,2025-11-13
578,4786,1608,3,2026-06-25
579,2093,165,2,2025-11-04
580,3144,1143,5,2024-12-20
581,3906,2492,2,2025-05-25
582,2362,3217,4,2025-08-21
583,3751,2640,1,2026-04-24
584,205,4236,3,2025-12-04
585,2538,2495,3,2026-08-05
586,3061,4015,2,2024-10-04
587,4764,2466,4,2026-04-08
588,2025,3042,1,2025-04-22
589,4783,3414,2,2024-04-05
590,2590,146,2,2024-08-09
591,4860,744,5,2024-12-28
592,53,1095,4,2025-04-30
593,2662,2859,2,2025-09-26
594,2156,966,1,2024-06-18
595,3884,3739,5,2026-01-13
596,577,3492,5,2024-03-20
597,3628,3991,1,2024-11-06
598,3676,482,4,2024-10-20
599,1969,2345,1,2024-03-16
600,1364,406,2,2026-04-08
601,2184,1265,1,2024-05-03
602,3285,4964,1,2025-01-21
603,1601,706,5,2025-05-17
604,1352,485,4,2024-05-13
605,1142,3705,3,2025-05-22
606,1735,3763,4,2026-06-19
607,4132,414,2,2025-10-06
608,4696,3923,5,2024-11-08
609,4435,1310,4,2026-06-05
610,1806,1913,1,2024-01-12
611,704,3065,5,2026-04-18
612,1777,1660,5,2026-01-07
613,515,116,2,2024-09-28
614,436,259,3,2024-12-16
615,3535,221,4,2025-11-16
616,2687,3818,5,2024-04-03
617,4925,4633,2,2024-03-14
618,774,2224,1,2025-11-29
619,1676,3333,1,2024-02-18
620,2274,3112,2,2024-06-05
621,197,4264,1,2025-04-07
622,4318,1186,3,2024-01-23
623,2775,4314,2,2024-03-24
624,3870,438,4,2024-03-20
625,2673,3066,4,2026-04-10
626,4627,4394,1,2024-12-31
627,1858,1542,1,2026-05-26
628,3833,1101,5,2025-01-11
629,42,1384,4,2025-04-03
630,1027,2706,4,2025-07-13
631,3799,2778,4,2024-01-08
632,1070,4202,3,2025-10-30
633,1647,4002,4,2025-03-05
634,4788,4222,5,2025-01-14
635,4789,742,3,2026-02-10
636,3908,409,2,2024-06-14
637,3646,890,1,2025-10-01
638,472,4197,2,2025-09-02
639,2195,825,2,2025-12-09
640,4970,3123,4,2025-01-17
641,643,3383,1,2024-01-04
642,1459,965,1,2026-01-22
643,975,4904,3,2026-06-22
644,2658,2403,5,2026-04-12
645,619,2597,2,2025-11-08
646,3618,679,5,2024-07-16
647,528,485,1,2024-06-29
648,4693,2935,1,2025-10-20
649,1792,2429,3,2024-06-04
650,2961,3439,4,2024-11-02
651,1900,4466,1,2024-11-03
652,2151,1500,5,2024-10-19
653,3484,2228,5,2024-04-29
654,1213,279,3,2025-03-02
655,3875,496,3,2024-09-02
656,3556,3500,3,2025-11-04
657,1016,2506,4,2026-04-06
658,4898,1863,2,2025-06-02
659,477,4677,4,2024-03-08
660,4453,4184,2,2026-03-06
661,2379,2680,3,2026-08-01
662,2289,429,5,2025-07-05
663,3337,2320,5,2026-03-11
664,945,214,2,2025-08-30
665,2067,659,5,2026-01-12
666,2604,4988,2,2026-06-15
667,2964,2356,1,2024-01-07
668,480,3491,5,2025-06-23
669,2642,4163,2,2025-05-06
670,4991,3795,2,2025-08-12
671,446,3290,3,2024-07-27
672,1370,1788,2,2024-12-25
673,1970,2700,4,2026-04-01
674,4108,3005,2,2024-11-28
675,746,1890,4,2024-04-08
676,3624,4539,1,2026-03-06
677,1598,3218,2,2024-03-12
678,36,3658,5,2026-03-06
679,985,2708,1,2024-09-14
680,3255,865,3,2024-09-08
681,4843,3832,4,2025-04-20
682,1687,4268,3,2026-01-09
683,4536,1671,3,2024-08-06
684,2911,4460,4,2024-08-27
685,782,3903,5,2026-02-11
686,2225,3815,2,2024-11-21
687,1973,1709,2,2025-12-19
688,3770,3139,3,2025-09-30
689,3679,2403,5,2024-05-30
690,4256,5000,1,2026-01-08
691,1708,1354,3,2025-10-19
692,3646,3079,5,2026-01-22
693,3835,4302,4,2025-02-28
694,4632,3863,3,2024-01-10
695,1949,115,5,2024-07-02
696,1177,2347,5,2024-08-08
697,4831,902,3,2025-05-27
698,2944,283,5,2024-09-09
699,2275,3552,2,2024-06-06
700,342,2486,1,2026-08-01
701,3782,4813,5,2025-10-31
702,3912,2153,3,2026-04-10
703,4516,1470,5,2026-03-24
704,2867,814,3,2025-01-02
705,469,1580,5,2025-05-10
706,4075,1439,4,2025-08-12
707,3367,4358,1,2024-03-10
708,273,1369,1,2026-03-10
709,893,3530,1,2025-06-28
710,4727,159,2,2024-04-21
711,1909,3254,4,2026-04-14
712,277,1102,4,2026-06-28
713,2947,610,4,2026-03-06
714,575,3308,1,2024-06-11
715,394,70,4,2025-05-06
716,2948,978,5,2024-10-01
717,3314,2954,2,2026-03-11
718,1495,1556,4,2026-03-14
719,274,2046,2,2025-11-20
720,3107,1168,5,2025-04-28
721,4523,2832,4,2025-06-07
722,1707,4939,2,2026-03-30
723,251,1631,3,2024-08-06
724,2915,4512,1,2025-10-14
725,1019,2073,2,2026-04-20
726,2057,4201,3,2025-01-30
727,796,2862,2,2024-03-25
728,2592,3802,5,2025-06-10
729,3383,4178,3,2025-08-14
730,610,1540,2,2024-02-23
731,3083,1886,3,2024-07-27
732,4467,3736,3,2026-02-18
733,3132,722,2,2025-10-23
734,1738,3644,3,2024-10-25
735,1265,4427,1,2026-01-21
736,2494,726,4,2025-08-30
737,3039,4046,1,2024-12-24
738,2783,2090,3,2024-12-07
739,3309,3258,4,2024-10-09
740,4642,4655,5,2025-03-09
741,1557,559,2,2025-07-24
742,1358,2780,5,2025-06-14
743,445,3921,1,2024-05-17
744,1796,667,2,2025-10-12
745,703,340,2,2026-07-22
746,2837,4922,4,2024-03-04
747,2667,4526,4,2024-08-27
748,4615,2230,5,2026-08-06
749,1351,475,1,2025-02-17
750,1729,4316,1,2025-04-12
751,2269,1290,3,2024-10-30
752,2889,3737,2,2025-06-12
753,3062,3031,2,2024-04-08
754,3545,3206,2,2024-11-19
755,4887,4616,4,2024-03-04
756,1655,3053,5,2025-05-23
757,4338,392,3,2024-08-17
758,4132,3390,2,2024-01-13
759,2181,2177,2,2025-07-02
760,4219,2185,1,2026-08-03
761,1992,3630,4,2024-02-29
762,1028,3110,4,2024-04-13
763,669,3726,5,2025-07-25
764,221,3678,4,2024-04-14
765,1179,3610,5,2024-06-29
766,4313,716,2,2025-03-11
767,295,4137,5,2025-02-21
768,551,1820,5,2024-07-19
769,1796,3292,2,2025-08-27
770,4605,1796,3,2024-05-11
771,627,4712,1,2024-01-19
772,1729,1234,4,2024-03-11
773,4224,1496,4,2025-07-21
774,3075,1690,3,2025-04-30
775,707,3580,3,2025-11-01
776,439,2610,5,2025-08-28
777,788,1152,1,2025-06-14
778,107,3363,5,2024-12-28
779,3232,3102,1,2024-10-20
780,1718,81,5,2024-12-28
781,60,4607,4,2025-02-27
782,4234,347,1,2025-02-06
783,2586,3006,2,2025-12-17
784,3733,2477,1,2025-07-29
785,73,1772,2,2024-08-19
786,1861,3849,2,2024-08-20
787,3683,4136,1,2024-05-31
788,3122,262,5,2025-09-06
789,1332,1586,3,2025-10-04
790,4455,899,3,2026-06-01
791,2185,4439,4,2025-11-12
792,2454,1687,5,2024-01-16
793,1561,3686,5,2024-10-11
794,1182,3420,1,2026-05-07
795,3121,478,1,2024-12-07
796,1194,4952,3,2024-02-04
797,4999,4772,4,2024-04-13
798,1180,1358,3,2026-07-27
799,1605,2075,2,2025-06-08
800,2871,2517,5,2025-05-25
801,27,2245,2,2025-01-04
802,1949,3040,3,2025-12-24
803,3056,3117,3,2024-03-12
804,4323,3331,4,2024-06-06
805,1272,3255,4,2026-05-23
806,3542,2304,3,2025-05-05
807,3439,1124,1,2024-06-27
808,3020,745,3,2025-09-17
809,1370,3126,4,2025-12-16
810,4792,2331,1,2024-05-22
811,3570,2283,1,2024-01-06
812,4530,3288,1,2024-10-17
813,1403,3495,3,2025-01-28
814,2695,3181,2,2024-04-01
815,3017,3348,1,2026-07-25
816,4071,3578,1,2026-01-30
817,1309,2399,3,2025-04-26
818,1285,3524,3,2025-06-08
819,4146,686,2,2025-05-17
820,407,2378,3,2024-10-09
821,2537,3290,4,2026-01-12
822,2985,2730,5,2026-07-13
823,3233,4948,5,2024-05-11
824,1306,2991,1,2024-01-15
825,953,1950,5,2024-09-30
826,2717,2287,3,2024-11-15
827,918,711,3,2024-09-26
828,3607,3660,2,2024-06-02
829,4647,79,2,2024-05-14
830,472,2270,5,2026-04-07
831,1500,3871,2,2025-05-25
832,122,3770,1,2024-08-22
833,4282,613,5,2026-01-12
834,1558,3832,5,2025-12-20
835,63,229,2,2026-04-17
836,2751,2426,3,2024-12-17
837,2413,4597,2,2024-02-18
838,1167,2348,5,2024-05-08
839,3940,1300,2,2024-10-18
840,83,286,3,2025-08-10
841,1009,4138,4,2025-07-05
842,2192,318,1,2024-06-06
843,3782,3194,3,2025-02-22
844,4202,4597,1,2025-01-06
845,4258,4144,5,2025-12-18
846,3814,4587,5,2024-09-15
847,4808,1016,2,2026-07-24
848,4723,1767,3,2024-07-18
849,186,3602,2,2025-05-10
850,3215,2634,4,2026-06-02
851,1288,674,4,2025-09-10
852,3805,83,5,2024-03-04
853,1962,119,1,2026-01-10
854,688,2435,1,2024-03-08
855,4061,4444,5,2024-12-19
856,580,4066,4,2025-07-31
857,1872,19,1,2025-05-12
858,271,3617,4,2026-01-10
859,2678,1410,1,2024-05-12
860,3685,1078,3,2024-11-20
861,1524,4616,5,2025-01-08
862,4926,1295,1,2024-03-12
863,2136,3369,2,2026-04-15
864,815,1176,5,2024-08-20
865,1356,1588,1,2024-09-29
866,2861,1457,5,2025-08-22
867,4003,4124,5,2026-01-25
868,4203,2600,2,2026-02-01
869,4567,4134,5,2026-01-10
870,654,2472,5,2024-03-22
871,3257,2155,5,2025-04-02
872,2159,2052,4,2025-01-07
873,1373,2632,1,2025-05-24
874,2168,3692,4,2024-08-11
875,2932,4889,2,2024-09-15
876,2432,3730,5,2025-02-21
877,4521,239,3,2024-10-25
878,14,1805,4,2026-08-03
879,2311,1498,5,2025-11-15
880,2185,1067,2,2024-12-10
881,998,3746,2,2026-05-16
882,2934,4072,4,2024-11-06
883,2305,3494,4,2025-01-15
884,4359,2314,2,2025-03-11
885,2156,4751,2,2024-03-20
886,4909,2055,1,2026-06-26
887,2882,4850,1,2024-01-13
888,3122,3000,4,2024-09-26
889,7,3218,3,2025-05-11
890,2493,3730,1,2026-05-22
891,4753,982,1,2026-01-22
892,1514,1127,1,2024-08-27
893,1481,4071,2,2026-03-13
894,4798,335,5,2024-01-22
895,4145,4749,5,2026-02-01
896,85,2993,3,2024-02-12
897,1588,1541,3,2025-08-06
898,4129,704,1,2024-07-09
899,2788,865,3,2024-11-10
900,234,2534,4,2025-04-01
901,2329,3263,5,2025-03-22
902,1428,2873,1,2026-04-09
903,634,389,1,2024-03-15
904,1023,4501,1,2024-12-10
905,4235,2090,5,2025-11-16
906,2219,3868,3,2024-09-12
907,3460,297,5,2024-03-19
908,2821,2170,1,2026-06-03
909,4174,3889,4,2024-08-16
910,2222,3910,3,2026-05-11
911,3968,88,3,2024-08-30
912,1547,1452,1,2024-03-08
913,1420,1034,1,2024-11-08
914,1355,601,5,2025-01-25
915,141,1280,2,2024-10-29
916,2920,1998,1,2026-07-19
917,4763,4348,1,2025-05-09
918,1303,4424,2,2025-04-14
919,3087,662,4,2025-12-10
920,450,2785,2,2026-07-19
921,348,4356,4,2025-05-25
922,1831,1066,2,2025-11-10
923,4359,1028,1,2026-06-20
924,3830,4456,5,2024-10-08
925,1960,345,1,2026-04-04
926,914,602,4,2024-11-03
927,3224,4904,3,2025-02-18
928,3724,333,5,2024-03-24
929,2584,281,4,2024-05-13
930,113,4537,1,2025-09-22
931,733,2790,4,2024-04-02
932,198,3558,1,2024-12-29
933,3227,1938,4,2024-01-23
934,2811,3397,5,2025-11-27
935,3372,3946,2,2025-04-19
936,3239,1111,1,2024-07-17
937,993,1725,3,2026-06-09
938,1693,4422,4,2025-11-24
939,2011,161,3,2026-03-19
940,2464,4108,1,2024-02-19
941,3607,4335,2,2025-10-06
942,3612,4540,3,2026-06-06
943,2137,60,5,2024-03-16
944,2828,1824,4,2026-03-13
945,134,20,1,2024-05-10
946,3355,3146,4,2024-03-02
947,2093,3595,5,2024-02-27
948,2199,3758,1,2026-01-16
949,3937,889,3,2024-07-21
950,1839,1280,1,2024-05-27
951,301,2467,3,2025-01-10
952,2129,3490,2,2025-03-17
953,3323,1624,2,2024-01-15
954,3198,4781,2,2026-05-22
955,2435,1316,3,2025-10-18
956,4218,2087,5,2025-06-01
957,454,1679,3,2024-01-05
958,1457,1296,5,2026-07-02
959,1403,1468,2,2025-03-26
960,1939,4027,2,2026-05-16
961,358,1389,1,2026-05-16
962,2030,1489,4,2025-12-18
963,3376,163,4,2024-08-15
964,3150,206,3,2024-12-04
965,4085,3575,3,2024-05-29
966,209,3928,1,2025-09-29
967,1082,849,4,2024-12-22
968,4486,3075,1,2024-07-06
969,2446,4974,2,2026-06-27
970,2904,2985,5,2025-11-03
971,3379,379,4,2024-02-12
972,2167,3854,2,2024-09-07
973,4915,3110,1,2026-06-14
974,2555,4897,4,2025-07-07
975,975,4873,4,2024-03-28
976,966,958,3,2026-08-05
977,1532,2852,5,2025-09-10
978,2414,582,2,2024-08-05
979,4813,1033,5,2026-04-27
980,4647,752,3,2025-04-13
981,1126,2879,4,2025-01-11
982,2839,2427,2,2024-10-28
983,4379,721,2,2024-08-19
984,4817,3553,3,2024-07-13
985,3098,2717,4,2026-07-22
986,2176,4303,3,2025-01-09
987,1147,2874,5,2024-04-16
988,1474,4129,2,2026-03-04
989,1140,2169,1,2024-05-01
990,3086,2488,2,2024-10-07
991,3585,3880,2,2026-07-20
992,3064,285,4,2026-02-16
993,2123,3762,2,2025-10-06
994,3613,4406,2,2026-03-12
995,894,1836,4,2024-07-24
996,3734,22,2,2025-04-10
997,1903,721,4,2024-02-02
998,1004,1677,4,2024-07-02
999,3037,1328,3,2024-11-24
1000,3408,2955,1,2024-10-04
1001,1583,709,4,2024-04-02
1002,1151,3201,1,2026-03-09
1003,3317,1581,5,2024-06-19
1004,4856,1763,5,2026-05-28
1005,657,3326,2,2024-01-08
1006,1950,2447,2,2025-07-02
1007,4464,4834,1,2024-04-22
1008,4655,3628,3,2024-07-11
1009,1573,4124,3,2024-05-29
1010,4684,3040,1,2026-03-18
1011,4741,1830,2,2026-05-29
1012,2902,3407,5,2024-12-22
1013,3430,3452,1,2025-12-01
1014,862,2192,4,2026-02-14
1015,3701,1449,2,2026-04-25
1016,3683,1554,3,2024-11-02
1017,4280,2427,1,2024-08-08
1018,2981,1217,2,2026-01-28
1019,4572,4717,3,2024-11-06
1020,2603,3180,2,2024-07-18
1021,2872,3106,2,2025-08-08
1022,1817,3025,2,2024-02-29
1023,4889,1212,5,2025-11-03
1024,4922,463,5,2024-06-25
1025,1911,588,1,2024-11-15
1026,2757,83,5,2026-02-14
1027,4590,1333,5,2025-01-13
1028,3324,1393,1,2024-07-29
1029,3688,728,5,2026-07-30
1030,63,3167,5,2026-01-11
1031,1215,3430,3,2025-03-08
1032,655,3297,2,2025-03-19
1033,1562,3849,5,2025-12-07
1034,1035,2927,4,2025-09-26
1035,1957,4767,1,2025-09-20
1036,307,143,4,2025-04-19
1037,4569,4795,4,2024-03-30
1038,3455,3456,2,2026-06-12
1039,1860,2643,1,2024-10-28
1040,3267,383,2,2026-07-06
1041,3263,1449,4,2025-06-24
1042,3873,4907,3,2025-05-08
1043,2988,400,4,2024-12-28
1044,3901,4134,2,2025-01-18
1045,84,2554,3,2025-08-23
1046,4369,2718,1,2024-10-14
1047,4916,2526,5,2025-11-24
1048,3974,1144,3,2024-04-25
1049,1175,854,2,2025-05-19
1050,4856,1075,1,2025-05-20
1051,869,3218,5,2024-03-07
1052,4149,3241,4,2024-10-10
1053,2011,2810,3,2025-02-28
1054,664,2447,2,2026-04-21
1055,3059,3160,3,2026-06-27
1056,2114,3241,3,2024-03-22
1057,3196,2493,5,2025-06-27
1058,4627,1658,4,2025-11-18
1059,3073,200,2,2025-05-04
1060,1000,888,2,2024-10-16
1061,3419,2020,1,2024-10-04
1062,3114,2213,2,2025-09-10
1063,4119,2873,5,2024-05-19
1064,3033,4503,3,2024-05-24
1065,254,1800,5,2024-03-07
1066,1704,2185,1,2024-06-22
1067,781,2721,5,2024-01-02
1068,2053,1001,1,2025-01-25
1069,3515,4014,1,2025-04-25
1070,1969,4620,3,2024-07-11
1071,3216,3399,4,2024-02-21
1072,2095,2540,5,2024-07-09
1073,3708,3796,3,2026-02-20
1074,2104,532,5,2024-05-25
1075,3955,259,1,2025-02-20
1076,3440,2562,3,2026-07-03
1077,4336,1724,5,2026-04-21
1078,1949,3895,5,2024-05-23
1079,4882,4461,5,2025-04-15
1080,2815,3154,3,2024-10-05
1081,3624,2918,5,2025-07-12
1082,219,4282,5,2024-02-22
1083,3672,869,3,2024-08-09
1084,2370,4694,4,2024-12-13
1085,1871,987,2,2025-08-30
1086,3913,2917,1,2024-08-13
1087,952,4099,3,2024-07-07
1088,2854,3121,4,2025-03-26
1089,4356,2423,1,2024-03-07
1090,2588,1460,5,2025-11-21
1091,3841,480,2,2026-01-22
1092,3717,679,4,2026-07-15
1093,3731,2505,5,2024-12-01
1094,3819,2699,2,2025-07-23
1095,402,1586,3,2025-11-16
1096,3128,2698,4,2024-02-17
1097,3566,608,2,2025-09-12
1098,2664,114,5,2024-08-06
1099,2450,4055,3,2024-03-07
1100,579,3568,4,2024-06-10
1101,833,4524,4,2025-04-08
1102,706,2520,3,2026-04-12
1103,2812,3425,2,2024-08-31
1104,3709,2286,4,2024-07-03
1105,2346,3756,1,2026-05-05
1106,1883,1649,3,2025-05-08
1107,2711,1913,2,2024-06-30
1108,834,558,5,2024-06-01
1109,1909,2413,3,2024-10-09
1110,2914,3797,1,2025-10-17
1111,2926,2507,1,2026-07-13
1112,3185,4972,1,2025-12-30
1113,3029,4872,3,2024-10-14
1114,1839,2060,4,2025-09-30
1115,1535,603,4,2026-01-29
1116,516,4161,3,2026-05-22
1117,409,1065,1,2024-04-17
1118,2952,3047,5,2026-03-31
1119,4319,3041,2,2026-02-18
1120,2893,3632,3,2024-12-14
1121,843,4936,4,2025-03-30
1122,1016,5,1,2024-11-08
1123,2757,2171,1,2025-11-06
1124,4130,3937,4,2024-05-24
1125,2308,489,5,2026-05-16
1126,249,3702,3,2024-09-16
1127,1217,4023,1,2026-07-19
1128,3528,3450,1,2025-10-25
1129,2244,339,3,2026-06-04
1130,4398,1950,4,2025-05-26
1131,2223,3162,5,2024-06-08
1132,987,1270,2,2026-07-09
1133,3084,834,5,2025-02-24
1134,4638,1013,5,2025-04-05
1135,1865,3783,5,2025-10-28
1136,2835,4499,2,2024-07-18
1137,2440,4025,3,2025-04-29
1138,4889,3255,3,2026-04-15
1139,629,2669,2,2025-06-02
1140,4622,1831,2,2024-06-17
1141,2881,3271,2,2025-07-14
1142,2197,2433,1,2025-08-23
1143,882,871,3,2025-05-03
1144,2443,267,4,2025-10-13
1145,75,4613,4,2024-06-02
1146,4898,3432,1,2024-02-08
1147,3754,3649,2,2026-07-20
1148,1670,2657,3,2024-01-31
1149,3980,3551,5,2025-08-15
1150,3368,3294,3,2025-08-15
1151,2345,3947,3,2024-09-07
1152,4113,4639,3,2024-09-24
1153,392,2100,5,2025-09-27
1154,859,143,4,2025-11-07
1155,4969,326,4,2024-07-25
1156,3583,4833,3,2024-07-30
1157,3698,1158,2,2026-03-21
1158,2195,1086,5,2025-11-07
1159,4509,3671,3,2024-09-28
1160,1294,2741,2,2024-02-03
1161,317,4308,2,2024-10-12
1162,2585,3163,4,2026-06-03
1163,444,1123,2,2024-12-14
1164,955,1279,3,2024-10-10
1165,4552,2946,1,2024-05-30
1166,2404,496,3,2026-05-30
1167,3157,751,1,2025-04-17
1168,2995,558,1,2026-04-17
1169,1919,4911,5,2026-04-27
1170,241,392,1,2024-01-07
1171,3322,4696,4,2025-03-25
1172,335,1980,5,2026-05-21
1173,721,3405,1,2025-07-06
1174,4233,4108,3,2025-02-10
1175,1221,1818,2,2024-11-03
1176,3107,4325,3,2024-10-03
1177,4739,3720,3,2025-02-21
1178,3528,1074,1,2026-07-28
1179,977,385,3,2025-10-19
1180,2759,3158,4,2026-01-06
1181,3956,1482,1,2024-01-15
1182,4950,3953,1,2026-05-25
1183,3565,3203,5,2024-12-16
1184,2900,749,1,2026-03-16
1185,2533,719,3,2026-03-06
1186,2738,4483,5,2025-10-23
1187,1373,639,3,2026-01-07
1188,4212,4589,4,2024-09-28
1189,2970,386,1,2025-03-22
1190,1914,1528,1,2024-11-28
1191,219,4207,3,2025-05-17
1192,3490,84,1,2025-01-30
1193,1813,1825,3,2024-01-14
1194,4838,4552,5,2025-09-24
1195,1528,3143,4,2024-06-10
1196,1553,1370,4,2025-02-11
1197,347,4561,2,2025-09-09
1198,369,3855,5,2025-02-27
1199,877,3810,1,2024-05-27
1200,4894,1863,1,2026-04-13
1201,2349,3530,3,2025-03-01
1202,1466,2949,5,2025-04-10
1203,2261,1616,4,2025-04-25
1204,4441,717,4,2025-05-30
1205,1584,3712,2,2026-06-23
1206,1133,1348,1,2024-12-04
1207,3711,3720,4,2025-03-06
1208,320,2289,1,2025-09-27
1209,802,3962,1,2025-06-17
1210,414,2285,2,2024-12-07
1211,2386,4830,2,2025-04-20
1212,680,2575,4,2024-05-16
1213,4391,2110,3,2024-02-21
1214,3846,1664,1,2025-01-23
1215,4354,276,4,2024-10-28
1216,4558,4508,5,2024-06-18
1217,4570,2552,1,2024-03-25
1218,3975,4446,3,2024-09-15
1219,2321,3988,5,2025-07-10
1220,3208,1493,2,2025-09-19
1221,3623,1801,1,2026-02-25
1222,3379,4752,5,2024-06-09
1223,1819,3321,1,2025-12-29
1224,832,709,1,2026-02-12
1225,3248,1023,4,2024-01-20
1226,1685,1683,3,2026-07-25
1227,4730,3437,2,2025-02-17
1228,617,4247,5,2024-01-28
1229,2702,2224,3,2026-02-14
1230,2167,3454,5,2025-11-17
1231,3631,4229,4,2024-08-06
1232,1001,3334,5,2025-10-25
1233,371,2915,1,2024-03-16
1234,2784,3443,2,2024-08-07
1235,3972,103,3,2024-11-19
1236,1077,3213,4,2026-05-16
1237,4834,3011,1,2024-01-14
1238,2481,1273,4,2024-07-27
1239,2816,2249,1,2024-05-30
1240,2437,2790,3,2025-08-26
1241,124,2695,3,2026-05-11
1242,1980,2630,2,2025-02-09
1243,365,156,2,2026-04-21
1244,586,4675,4,2026-02-22
1245,1817,1834,5,2026-02-23
1246,668,2615,2,2025-01-01
1247,97,4229,2,2025-01-17
1248,435,3138,2,2024-05-09
1249,2844,4263,1,2025-05-26
1250,4861,4851,5,2026-02-15
1251,3195,1061,3,2024-08-17
1252,856,2992,5,2024-08-09
1253,3994,3614,3,2024-05-05
1254,2533,4777,4,2025-07-13
1255,3784,1421,5,2024-07-29
1256,1847,382,3,2024-08-14
1257,6,3052,5,2025-01-21
1258,2370,343,5,2026-01-10
1259,3152,40,4,2026-02-19
1260,4722,1358,2,2025-09-26
1261,1122,605,2,2025-06-01
1262,2343,2908,2,2026-06-18
1263,3522,3686,1,2026-01-27
1264,2951,3028,1,2024-03-12
1265,257,1299,1,2024-01-22
1266,488,979,3,2026-03-20
1267,1708,738,3,2026-06-10
1268,3982,1454,3,2026-04-22
1269,656,315,5,2025-05-05
1270,1220,1311,4,2024-09-08
1271,32,4609,4,2025-04-11
1272,299,421,2,2024-05-11
1273,4893,4950,1,2026-02-08
1274,3612,854,3,2026-07-06
1275,4450,2004,1,2024-07-30
1276,2947,3301,1,2025-05-19
1277,2756,2692,5,2025-06-16
1278,3610,693,5,2026-06-02
1279,3685,4738,4,2025-12-07
1280,1057,4766,4,2024-10-26
1281,3577,3842,1,2025-08-27
1282,1800,193,5,2026-07-09
1283,2456,4445,4,2024-11-17
1284,4435,1868,1,2026-06-27
1285,1966,265,1,2026-05-26
1286,2991,1359,3,2025-09-21
1287,1612,4375,3,2024-11-02
1288,3117,574,5,2025-08-13
1289,1856,530,4,2024-04-09
1290,3094,1791,1,2025-05-10
1291,4937,3146,5,2025-02-06
1292,4008,1944,4,2024-08-30
1293,576,702,1,2025-05-03
1294,589,1162,1,2024-11-01
1295,4310,1815,2,2025-03-22
1296,679,3684,5,2025-09-23
1297,1692,501,3,2025-12-01
1298,1421,3006,5,2024-04-25
1299,1590,4707,4,2026-01-17
1300,740,419,3,2024-04-05
1301,2,1459,4,2025-01-11
1302,2664,3297,2,2026-05-03
1303,773,4105,5,2024-02-11
1304,3436,3956,3,2025-05-04
1305,4611,1897,2,2026-03-18
1306,1254,1215,3,2024-02-08
1307,3437,227,4,2026-06-20
1308,1893,3129,4,2024-06-26
1309,1896,187,4,2025-10-18
1310,284,4749,3,2025-11-11
1311,4212,4530,4,2025-01-09
1312,2782,3231,2,2024-08-11
1313,375,4133,1,2025-12-07
1314,1277,1152,3,2024-09-14
1315,3009,3845,5,2026-07-27
1316,355,1962,3,2025-11-27
1317,837,852,1,2025-04-27
1318,430,1510,2,2025-05-23
1319,4940,2302,3,2026-05-31
1320,1204,1583,1,2024-02-26
1321,2011,3001,3,2025-10-17
1322,4621,188,5,2025-06-14
1323,564,556,2,2025-07-23
1324,542,908,3,2024-05-11
1325,4553,4502,1,2024-06-16
1326,1095,4598,3,2024-08-27
1327,4284,3825,2,2025-07-24
1328,3279,2187,2,2024-09-11
1329,3149,4836,1,2024-08-15
1330,342,3354,5,2025-10-28
1331,4856,2043,5,2024-05-13
1332,383,395,1,2025-02-20
1333,1328,1116,1,2024-09-05
1334,2593,3705,1,2025-11-15
1335,939,1031,4,2026-05-14
1336,810,3138,2,2026-01-15
1337,4496,2449,5,2025-05-22
1338,938,1651,3,2024-07-23
1339,1451,3709,4,2025-06-07
1340,3730,1009,3,2025-01-12
1341,4064,4557,2,2026-02-03
1342,1930,3520,3,2026-03-18
1343,4424,245,3,2026-05-08
1344,2264,1976,1,2024-04-26
1345,3847,3454,3,2024-09-30
1346,3066,2499,3,2024-05-21
1347,4502,2952,1,2026-06-09
1348,1749,2864,1,2024-07-23
1349,1454,4625,2,2025-03-30
1350,244,2499,1,2024-07-09
1351,3813,4108,2,2025-12-24
1352,3331,1482,4,2025-06-21
1353,1290,4628,1,2025-03-15
1354,1030,4211,3,2024-02-09
1355,3691,183,3,2025-10-02
1356,4136,4250,5,2026-01-28
1357,603,4272,2,2025-01-11
1358,2670,3666,5,2024-05-22
1359,272,1141,2,2024-07-23
1360,393,4050,1,2025-09-13
1361,2189,726,2,2024-01-11
1362,86,3336,1,2025-06-01
1363,3529,1862,5,2026-01-01
1364,435,4458,5,2025-06-30
1365,2882,2739,2,2024-07-08
1366,2160,540,2,2025-01-06
1367,4987,3628,1,2024-02-22
1368,1994,1583,1,2026-01-21
1369,819,1694,2,2024-10-19
1370,2925,3658,1,2024-08-02
1371,3239,3229,2,2025-05-13
1372,1234,4871,5,2026-01-10
1373,1230,3588,2,2025-06-03
1374,4009,2385,1,2025-08-29
1375,1160,1706,1,2024-07-11
1376,2525,4492,1,2025-08-31
1377,766,4155,2,2024-08-23
1378,1276,4086,4,2026-06-10
1379,1344,855,1,2025-05-13
1380,642,533,3,2024-11-14
1381,2528,363,2,2024-08-13
1382,514,2505,4,2025-01-16
1383,2390,2546,4,2026-04-07
1384,554,3901,4,2025-03-29
1385,3916,1753,2,2024-05-04
1386,2906,1273,4,2026-01-20
1387,1814,428,1,2025-01-02
1388,718,3462,1,2025-01-14
1389,1077,2280,5,2025-02-21
1390,265,3469,5,2025-04-21
1391,1341,1146,1,2025-04-24
1392,3038,823,4,2024-09-05
1393,3483,4299,2,2025-05-02
1394,578,4937,3,2025-09-11
1395,318,605,5,2024-08-26
1396,3665,3504,1,2024-06-28
1397,4014,4317,3,2026-07-10
1398,1519,686,1,2024-06-24
1399,542,2694,3,2025-04-28
1400,2929,875,1,2025-02-24
1401,1098,2452,1,2025-10-06
1402,660,4525,2,2026-07-25
1403,2745,2946,1,2024-05-27
1404,4778,2237,2,2024-05-06
1405,4452,885,2,2025-08-03
1406,2643,1838,2,2026-05-08
1407,964,4745,4,2024-01-27
1408,4825,2280,5,2024-04-21
1409,223,3440,4,2025-06-08
1410,3609,739,5,2024-04-15
1411,2910,4293,2,2024-12-12
1412,313,1490,4,2026-03-13
1413,2072,4456,5,2024-01-23
1414,1839,2730,4,2024-11-05
1415,5000,54,1,2024-03-11
1416,4210,3169,3,2024-04-29
1417,2440,1661,1,2026-04-15
1418,4159,3614,1,2024-04-28
1419,2011,2793,3,2025-10-18
1420,3161,3920,5,2025-12-04
1421,1035,877,5,2024-07-17
1422,4915,3842,5,2024-12-02
1423,4353,2802,4,2026-02-17
1424,2342,799,4,2024-03-02
1425,983,4104,2,2024-11-03
1426,4342,8,4,2025-02-25
1427,1979,1529,5,2026-01-30
1428,1747,1424,2,2024-02-12
1429,4738,2045,2,2025-08-29
1430,322,4910,1,2025-11-10
1431,763,2142,3,2026-03-10
1432,175,235,2,2026-02-16
1433,1891,2456,1,2025-08-07
1434,2007,4971,4,2024-04-14
1435,2808,1129,2,2025-05-19
1436,2831,1672,2,2024-04-10
1437,408,2836,4,2026-03-17
1438,1301,1451,1,2026-01-06
1439,30,1798,2,2025-09-24
1440,204,4045,3,2026-07-26
1441,3862,3996,3,2024-12-17
1442,3898,3425,3,2026-07-26
1443,1749,2431,2,2026-07-11
1444,4914,1182,3,2025-01-31
1445,4936,2819,3,2025-09-01
1446,1213,1847,4,2024-12-26
1447,3665,4935,4,2024-03-22
1448,1027,1434,2,2025-05-07
1449,590,3754,3,2024-02-22
1450,4932,4238,5,2024-05-11
1451,2838,4537,5,2025-03-20
1452,2849,233,5,2024-09-16
1453,4156,836,4,2025-01-10
1454,1739,4874,2,2024-02-19
1455,3255,496,2,2025-02-15
1456,2869,4823,4,2024-10-17
1457,4030,3827,4,2026-08-02
1458,4825,2632,1,2026-02-19
1459,2174,425,5,2025-10-17
1460,3135,721,5,2025-02-27
1461,1581,4696,5,2024-09-06
1462,2806,3327,1,2024-01-16
1463,197,1401,4,2025-08-23
1464,4939,2884,2,2024-12-01
1465,2928,368,2,2026-07-25
1466,691,2785,1,2024-01-19
1467,2572,3072,2,2026-06-11
1468,4530,4137,5,2024-05-09
1469,1979,646,3,2025-12-08
1470,3019,2741,4,2025-09-05
1471,2298,3103,2,2024-06-25
1472,4757,3586,1,2026-06-03
1473,4181,873,1,2024-04-15
1474,4233,4840,3,2024-08-03
1475,793,1833,5,2024-09-03
1476,480,2340,4,2024-11-02
1477,3664,312,5,2024-05-26
1478,1898,309,2,2025-08-13
1479,4370,1465,4,2024-04-15
1480,3331,1067,5,2025-03-08
1481,3972,3966,5,2024-09-29
1482,1295,1194,3,2025-05-24
1483,1637,1869,1,2026-04-06
1484,4924,2323,4,2025-06-17
1485,3092,2652,3,2025-04-26
1486,786,1867,3,2026-04-20
1487,3539,3717,2,2024-06-22
1488,1556,2370,2,2024-02-09
1489,1242,1897,4,2024-09-08
1490,2034,2799,5,2024-04-28
1491,1610,1172,2,2026-04-12
1492,4786,4802,5,2024-07-28
1493,3163,3457,3,2024-12-24
1494,3903,3772,5,2024-04-04
1495,3348,326,3,2026-08-02
1496,2080,833,4,2024-04-03
1497,3449,2446,4,2026-05-02
1498,87,1692,1,2024-10-07
1499,2948,36,2,2025-07-19
1500,1994,4683,5,2025-10-22
1501,1913,1615,5,2026-04-25
1502,2294,2871,4,2024-08-30
1503,1133,1522,4,2025-02-15
1504,1528,3063,4,2026-06-04
1505,473,2671,5,2025-07-17
1506,1275,4441,1,2024-08-29
1507,4528,1953,3,2026-07-01
1508,4875,3749,2,2025-02-05
1509,3043,3150,5,2025-08-11
1510,112,4752,5,2024-12-22
1511,4305,778,5,2025-03-27
1512,4733,1129,1,2026-07-21
1513,3337,450,3,2025-05-21
1514,2749,2701,4,2024-09-15
1515,285,1196,1,2024-01-06
1516,3225,4066,3,2025-11-16
1517,3051,1632,3,2025-02-21
1518,1547,3790,1,2025-01-22
1519,2238,39,2,2024-08-06
1520,877,4487,3,2025-01-06
1521,2596,3259,1,2024-12-31
1522,2706,4341,1,2024-07-22
1523,3786,326,5,2024-10-21
1524,4957,4140,3,2024-10-14
1525,41,4392,3,2026-01-06
1526,1675,3122,3,2025-11-27
1527,990,340,1,2026-05-16
1528,1976,3978,5,2024-04-23
1529,1148,4830,5,2024-08-17
1530,4011,3094,5,2025-09-12
1531,3591,1035,1,2024-11-29
1532,2265,4469,1,2024-04-20
1533,3343,2481,3,2024-12-23
1534,2926,4797,2,2025-06-05
1535,2724,4312,1,2025-08-24
1536,3646,3188,4,2024-06-13
1537,2092,268,5,2026-02-02
1538,4401,362,3,2025-08-26
1539,1184,282,5,2026-01-03
1540,2561,4822,3,2025-02-28
1541,1344,2386,3,2025-04-22
1542,243,2898,2,2026-04-19
1543,2259,534,2,2026-01-26
1544,2489,768,5,2026-01-26
1545,3429,186,2,2024-01-23
1546,2517,2967,4,2024-11-15
1547,3868,2746,2,2026-05-25
1548,2061,3509,3,2024-01-21
1549,3646,4387,3,2024-08-16
1550,3019,2689,1,2025-09-29
1551,1841,2314,2,2025-05-13
1552,4344,4579,3,2025-07-04
1553,4957,2738,2,2025-05-04
1554,1652,4362,4,2024-10-07
1555,1011,3264,3,2024-08-28
1556,3628,3293,1,2025-03-25
1557,855,4761,5,2024-05-10
1558,3865,350,4,2025-10-07
1559,4428,4039,1,2025-06-25
1560,3235,22,3,2025-09-12
1561,1216,4924,4,2025-12-30
1562,3676,3131,4,2024-03-25
1563,2689,4249,5,2024-04-24
1564,4599,2794,3,2025-05-02
1565,2415,3401,1,2025-09-24
1566,4074,1644,5,2026-02-21
1567,916,3344,2,2024-12-10
1568,2635,3538,5,2024-12-18
1569,4711,2699,3,2025-04-21
1570,4162,4336,3,2024-01-17
1571,4449,565,3,2024-03-16
1572,1427,2846,3,2025-09-20
1573,3303,2402,4,2025-07-16
1574,2545,4701,5,2024-04-18
1575,535,4524,2,2024-12-02
1576,1101,2853,3,2024-04-27
1577,4102,969,1,2026-01-16
1578,2294,4322,3,2026-07-18
1579,2627,2784,4,2026-07-15
1580,4896,471,1,2024-08-27
1581,3828,3133,4,2025-07-20
1582,488,561,1,2024-02-27
1583,2885,1235,5,2025-08-06
1584,1403,4122,3,2026-05-30
1585,740,2536,3,2024-07-11
1586,2118,4912,2,2025-03-27
1587,2288,2753,3,2025-09-14
1588,1129,3368,2,2025-05-25
1589,4367,869,5,2025-07-05
1590,4050,4867,4,2025-09-24
1591,2463,4458,1,2025-02-04
1592,166,403,5,2026-01-12
1593,4752,648,5,2025-12-13
1594,4513,837,2,2025-07-28
1595,82,2467,3,2024-07-24
1596,1054,515,5,2025-01-30
1597,2347,3273,4,2024-10-09
1598,3209,452,2,2025-07-24
1599,786,2303,1,2024-09-04
1600,1016,1716,4,2025-09-17
1601,2125,1682,3,2024-04-15
1602,2191,710,1,2024-03-25
1603,4882,912,2,2024-03-09
1604,2209,1463,5,2025-01-21
1605,486,3867,1,2026-03-02
1606,1357,4068,4,2026-02-12
1607,2748,2723,5,2025-02-06
1608,632,3681,3,2026-02-21
1609,2419,2510,1,2024-06-09
1610,4205,423,1,2024-01-17
1611,1959,2966,2,2026-05-07
1612,527,1490,3,2025-06-07
1613,3702,3838,4,2025-08-10
1614,1688,3048,1,2026-06-02
1615,3964,2579,1,2026-07-11
1616,1424,1684,4,2024-01-24
1617,1178,1485,3,2025-02-01
1618,1798,2297,3,2024-04-21
1619,3228,3497,1,2026-01-08
1620,4260,4968,3,2025-12-12
1621,665,1893,1,2025-09-25
1622,3363,3564,4,2025-04-12
1623,2949,2365,5,2026-06-09
1624,2187,4041,5,2024-01-19
1625,3561,4961,3,2024-10-01
1626,4351,3611,4,2025-08-24
1627,4948,1079,2,2025-10-05
1628,1286,1069,2,2025-07-22
1629,3504,2409,5,2024-07-20
1630,1952,874,2,2024-01-19
1631,3944,763,1,2025-06-04
1632,2793,2490,1,2026-01-22
1633,1665,4806,1,2025-11-30
1634,3909,1492,1,2026-06-09
1635,3891,4313,5,2024-06-16
1636,2873,2596,5,2024-03-27
1637,2330,4184,2,2024-09-17
1638,4171,2884,2,2025-07-25
1639,121,649,1,2024-12-30
1640,2553,337,3,2026-07-05
1641,107,2465,2,2024-03-29
1642,3349,694,1,2025-06-06
1643,555,3867,2,2024-02-22
1644,2630,4347,5,2025-02-14
1645,2340,3316,2,2024-10-04
1646,1309,786,1,2026-07-17
1647,3258,4761,1,2025-07-29
1648,3562,357,3,2025-01-27
1649,1966,218,3,2025-12-16
1650,2721,2545,4,2024-09-29
1651,3928,3491,3,2024-02-20
1652,2816,1003,2,2025-12-07
1653,2271,4746,2,2026-07-26
1654,3260,1565,3,2024-10-04
1655,2123,172,2,2024-07-16
1656,280,3460,1,2025-07-22
1657,3728,3921,3,2026-02-01
1658,1787,2219,3,2026-02-08
1659,3130,913,2,2025-03-15
1660,1561,1484,2,2024-09-17
1661,2895,4043,1,2024-05-19
1662,1729,3804,1,2026-07-15
1663,1984,4383,1,2024-08-08
1664,483,2604,3,2025-09-18
1665,3326,2479,1,2024-12-21
1666,2402,543,1,2026-07-11
1667,774,4891,3,2026-01-18
1668,1327,1184,3,2026-05-27
1669,4621,2482,4,2025-10-03
1670,2436,619,4,2025-04-28
1671,4899,875,1,2025-03-24
1672,4313,4583,1,2024-12-16
1673,1327,3069,2,2026-04-12
1674,2786,4966,4,2025-05-29
1675,527,1686,4,2025-03-25
1676,3386,3907,4,2026-05-14
1677,3410,2125,3,2026-06-25
1678,4506,3335,2,2025-07-13
1679,4476,4433,1,2025-04-22
1680,2839,4128,3,2026-08-02
1681,1442,1713,4,2025-01-09
1682,1243,1901,2,2024-07-12
1683,2545,2271,3,2024-08-13
1684,436,1420,4,2024-11-15
1685,4708,3203,3,2026-06-25
1686,2244,683,3,2025-12-21
1687,501,4765,5,2025-08-23
1688,1582,3516,4,2025-01-28
1689,1300,3248,2,2024-07-14
1690,919,674,2,2026-05-20
1691,2404,547,5,2025-01-23
1692,2026,3620,2,2026-02-14
1693,4413,2917,3,2025-06-21
1694,1058,1825,3,2024-05-25
1695,3093,746,2,2025-01-01
1696,2711,1779,5,2025-08-16
1697,1813,1492,4,2025-08-08
1698,1440,3648,3,2026-02-19
1699,1675,2729,2,2025-04-29
1700,1942,589,2,2026-01-03
1701,420,4147,4,2026-07-10
1702,3576,4635,3,2026-01-01
1703,47,503,4,2026-08-08
1704,3389,2268,3,2025-03-26
1705,3636,3696,1,2025-01-27
1706,2418,3827,5,2024-05-05
1707,3282,1004,5,2025-11-11
1708,2873,3584,3,2026-01-28
1709,855,2197,3,2024-02-07
1710,812,4096,1,2025-08-03
1711,4493,859,2,2025-07-12
1712,3356,1248,5,2025-02-26
1713,2466,4845,5,2025-05-08
1714,4516,4422,1,2024-09-27
1715,56,1612,2,2026-04-21
1716,1231,4147,5,2025-04-23
1717,3491,9,2,2025-09-21
1718,4949,1378,2,2024-08-17
1719,4215,3772,2,2024-10-18
1720,1652,2480,2,2024-06-29
1721,2644,350,2,2025-12-14
1722,1053,1266,5,2026-04-11
1723,4615,1102,5,2024-10-22
1724,4337,600,1,2026-05-24
1725,4040,2284,4,2024-09-22
1726,40,103,2,2025-09-15
1727,1612,947,5,2024-03-14
1728,1086,4823,1,2026-06-29
1729,135,306,4,2025-11-04
1730,2322,4284,3,2024-03-17
1731,2890,1267,3,2025-03-08
1732,726,3922,1,2024-11-25
1733,494,2726,4,2024-01-06
1734,3029,870,1,2026-03-15
1735,4612,2577,5,2024-11-25
1736,1501,2148,2,2025-07-10
1737,992,836,2,2025-07-20
1738,549,1796,1,2025-12-21
1739,4461,2094,4,2025-05-09
1740,3059,1985,5,2024-01-23
1741,2744,2570,4,2024-09-03
1742,1758,1141,5,2026-01-14
1743,1534,526,1,2024-09-28
1744,4327,2937,1,2025-07-28
1745,3115,4841,4,2024-04-16
1746,2117,1073,4,2025-06-27
1747,2698,2681,4,2024-03-26
1748,841,858,3,2026-01-30
1749,4615,1674,1,2025-08-31
1750,1736,4292,5,2026-03-17
1751,3514,3841,1,2026-04-23
1752,2423,3655,5,2026-01-11
1753,3207,58,1,2025-04-30
1754,4926,3588,2,2026-03-27
1755,4057,1957,5,2025-08-02
1756,4546,4365,3,2024-02-28
1757,3632,1849,5,2025-01-07
1758,1547,4407,2,2025-10-30
1759,2686,603,2,2024-10-18
1760,3807,475,3,2025-04-29
1761,1166,965,3,2025-06-10
1762,1253,4354,2,2025-02-16
1763,4044,2138,1,2024-02-29
1764,4628,1215,5,2025-05-19
1765,1512,1578,5,2025-05-29
1766,2036,2898,4,2024-08-19
1767,1292,3796,3,2024-10-05
1768,4097,2059,3,2024-05-30
1769,1619,554,4,2025-10-03
1770,1482,972,5,2026-06-29
1771,4738,4521,2,2026-07-01
1772,245,2101,1,2025-01-12
1773,3998,1154,4,2024-12-05
1774,197,1065,1,2025-10-03
1775,876,254,3,2024-10-26
1776,1409,3022,4,2025-05-08
1777,3629,2146,4,2024-01-05
1778,2980,2203,4,2025-05-07
1779,2292,2400,3,2026-03-20
1780,4831,2676,5,2024-02-13
1781,2688,7,1,2025-10-12
1782,3286,3747,5,2025-07-04
1783,4552,710,3,2024-10-31
1784,2081,1699,4,2025-03-27
1785,31,2201,1,2024-03-02
1786,4901,3913,4,2024-02-10
1787,3450,709,1,2024-05-09
1788,4856,2315,4,2025-02-13
1789,4449,2858,5,2024-10-25
1790,4294,638,5,2024-09-09
1791,3666,4802,1,2025-12-03
1792,652,3697,5,2025-12-10
1793,112,2612,5,2024-10-06
1794,2791,923,1,2025-05-15
1795,1785,3732,2,2026-02-06
1796,3499,3192,1,2025-01-25
1797,4533,391,3,2024-03-19
1798,26,407,5,2024-04-01
1799,780,893,2,2025-08-20
1800,3479,2853,4,2024-11-19
1801,4758,4814,1,2026-05-22
1802,2029,4235,5,2024-05-20
1803,2663,2300,2,2024-01-28
1804,4718,4965,1,2024-06-24
1805,1959,2129,3,2026-06-26
1806,866,1659,2,2025-08-22
1807,1310,4369,1,2026-07-30
1808,3557,3119,1,2026-03-30
1809,652,1770,1,2025-10-04
1810,1592,242,2,2026-06-08
1811,4953,2912,5,2024-11-14
1812,1852,1237,1,2025-05-13
1813,4947,368,3,2024-11-19
1814,2964,1368,3,2025-06-16
1815,4510,4841,5,2025-06-07
1816,3910,1536,4,2024-08-08
1817,3231,3120,4,2025-10-31
1818,4347,2624,1,2024-01-13
1819,1126,836,3,2025-06-26
1820,21,4949,1,2026-05-08
1821,885,1891,5,2025-02-28
1822,4691,681,3,2025-12-08
1823,3971,4607,4,2026-07-31
1824,2284,3843,5,2026-02-08
1825,1648,3643,1,2024-08-16
1826,3729,1197,1,2026-05-16
1827,1726,1191,2,2025-08-24
1828,3730,1337,1,2026-05-13
1829,4866,1754,1,2025-10-29
1830,3880,2259,3,2024-05-02
1831,4304,3697,5,2025-05-04
1832,2966,2398,2,2026-05-14
1833,3785,2697,3,2024-01-29
1834,3948,2141,3,2026-06-22
1835,4136,4681,5,2025-12-02
1836,1087,3428,3,2026-04-03
1837,4598,2584,2,2024-09-20
1838,348,2563,4,2026-01-22
1839,4473,2363,1,2024-03-02
1840,2205,2007,4,2024-03-16
1841,386,1910,1,2025-07-19
1842,3271,4167,5,2026-06-27
1843,2913,4558,5,2025-07-01
1844,2310,470,3,2025-03-15
1845,3107,927,2,2024-03-21
1846,4872,4935,1,2026-04-19
1847,519,2848,1,2025-02-26
1848,768,4548,2,2025-02-09
1849,3771,4488,2,2025-07-07
1850,3621,2101,3,2025-06-18
1851,2516,4051,1,2025-08-26
1852,1758,2928,3,2024-02-10
1853,1330,993,4,2025-12-05
1854,4492,4587,2,2026-07-11
1855,4213,3615,3,2025-01-02
1856,1747,4919,4,2025-09-22
1857,802,4307,4,2025-12-21
1858,2809,4835,2,2024-10-08
1859,1185,4607,2,2025-07-13
1860,4622,4005,2,2025-01-31
1861,4757,702,5,2025-10-25
1862,4562,900,1,2026-03-08
1863,2216,3560,3,2025-03-13
1864,4110,4594,2,2026-07-13
1865,4613,3573,3,2025-12-01
1866,847,1985,1,2025-02-01
1867,1796,4117,5,2024-06-24
1868,315,1212,1,2026-07-14
1869,39,224,4,2024-02-01
1870,1103,3463,4,2026-04-01
1871,3048,3684,4,2025-03-25
1872,4726,1373,4,2026-06-30
1873,4754,2448,5,2024-05-25
1874,3320,1344,3,2026-03-21
1875,4897,4853,5,2024-10-04
1876,1308,3730,5,2025-01-26
1877,1379,3013,1,2025-10-19
1878,3184,2120,5,2024-07-14
1879,835,1862,3,2026-01-23
1880,2395,4437,4,2025-12-26
1881,4834,2367,1,2024-03-01
1882,4336,4269,2,2025-04-12
1883,2154,4628,4,2026-02-01
1884,920,3800,5,2025-10-01
1885,4607,1240,3,2024-04-16
1886,2893,4270,1,2025-06-09
1887,4008,2249,2,2026-05-17
1888,4469,4158,1,2026-02-01
1889,1355,2949,5,2026-07-18
1890,3711,1653,3,2024-03-16
1891,174,3993,1,2026-01-25
1892,3227,3936,2,2026-08-05
1893,585,723,5,2025-04-17
1894,2526,824,5,2026-03-22
1895,4470,3076,4,2025-06-29
1896,2139,818,5,2025-06-30
1897,2149,3043,4,2025-07-24
1898,1050,4639,2,2025-11-19
1899,1386,2367,4,2026-05-02
1900,2242,3262,1,2024-01-11
1901,4491,1687,5,2025-03-21
1902,31,4799,4,2024-11-11
1903,62,3448,3,2025-10-12
1904,4312,51,1,2026-06-08
1905,2744,1686,5,2026-05-05
1906,1932,3456,2,2024-09-28
1907,805,2878,5,2025-06-11
1908,2505,879,3,2026-06-25
1909,1328,2430,4,2024-10-15
1910,2670,1243,2,2025-10-05
1911,149,3945,1,2025-02-14
1912,1607,2787,5,2024-12-24
1913,3595,3395,5,2025-04-27
1914,2112,2219,2,2026-08-04
1915,3747,1167,4,2024-12-14
1916,2399,3929,1,2024-10-05
1917,2233,1919,4,2024-03-14
1918,1556,4951,3,2026-07-16
1919,3950,1731,2,2026-05-04
1920,1041,4998,3,2024-01-21
1921,609,2410,1,2025-08-21
1922,4027,4989,1,2024-04-13
1923,1753,2181,1,2026-06-14
1924,117,1503,4,2024-03-15
1925,2947,4632,1,2025-08-13
1926,2173,3136,4,2026-07-27
1927,1390,84,2,2024-12-01
1928,2011,1908,5,2024-08-14
1929,1062,1689,4,2025-07-14
1930,4855,3,1,2026-02-13
1931,2455,3690,1,2025-03-20
1932,575,3979,4,2024-04-23
1933,106,2507,3,2026-02-11
1934,2853,3662,4,2026-07-05
1935,3410,3193,3,2024-07-06
1936,672,678,5,2025-07-23
1937,1773,1667,1,2026-03-10
1938,4148,1457,3,2025-03-07
1939,4115,1385,1,2025-07-27
1940,3975,3817,4,2025-11-05
1941,400,2776,1,2025-12-30
1942,1275,3121,4,2025-04-02
1943,3452,2224,5,2024-11-16
1944,3629,1555,2,2025-07-03
1945,2868,1216,3,2024-12-17
1946,1034,4385,4,2025-03-04
1947,3733,2041,2,2024-08-05
1948,4991,2401,4,2024-05-19
1949,1517,2130,2,2025-11-22
1950,4473,3334,1,2024-05-21
1951,4819,3943,3,2024-09-10
1952,4022,978,2,2024-08-20
1953,1124,2880,4,2025-03-13
1954,596,1241,3,2025-11-06
1955,3799,2747,4,2026-02-18
1956,5000,1396,1,2026-06-02
1957,1245,645,5,2025-02-25
1958,516,4641,5,2025-01-04
1959,1145,3657,1,2025-07-10
1960,36,1950,4,2025-01-05
1961,4904,607,5,2026-06-08
1962,4758,1637,2,2025-04-22
1963,1677,2228,2,2024-10-05
1964,2373,3038,2,2025-06-23
1965,4679,4169,5,2024-03-22
1966,211,3700,5,2026-03-06
1967,381,575,4,2026-01-14
1968,2012,2979,1,2026-05-07
1969,1797,684,1,2025-02-23
1970,4408,2944,1,2025-07-04
1971,4858,307,4,2025-06-13
1972,2582,1052,5,2026-07-10
1973,4780,2495,3,2025-06-13
1974,4089,172,1,2024-05-15
1975,4417,116,1,2026-04-25
1976,2652,1122,2,2025-11-15
1977,4895,674,1,2026-05-26
1978,4505,3387,4,2024-09-20
1979,4146,2149,3,2025-05-01
1980,355,1835,2,2026-05-19
1981,3725,588,5,2025-08-03
1982,4952,2983,3,2024-05-20
1983,587,1435,5,2025-06-04
1984,1418,4105,2,2026-08-07
1985,1924,3398,4,2026-03-14
1986,3776,69,4,2025-02-18
1987,2063,4737,2,2026-01-23
1988,1029,1371,4,2024-07-17
1989,1491,1225,3,2024-03-25
1990,4231,1511,4,2024-08-21
1991,3574,167,3,2024-08-05
1992,4102,3736,3,2026-05-06
1993,4661,3759,4,2025-06-08
1994,4118,3295,4,2026-01-12
1995,3043,4279,2,2024-11-04
1996,4688,4654,4,2025-10-17
1997,1678,828,5,2025-10-24
1998,1217,3277,4,2026-08-08
1999,1480,4115,1,2024-05-25
2000,915,1700,4,2024-12-29
2001,1145,820,1,2026-03-14
2002,1311,545,5,2025-10-03
2003,4643,4001,2,2025-05-06
2004,2030,2784,2,2024-12-09
2005,1013,818,4,2025-07-29
2006,4351,2792,3,2025-02-17
2007,407,852,5,2025-07-17
2008,1394,33,1,2024-01-16
2009,3565,1855,1,2025-04-13
2010,4328,2915,2,2025-07-06
2011,2894,2313,1,2024-03-23
2012,1775,2634,4,2024-05-06
2013,4360,534,1,2025-05-02
2014,1574,2779,2,2026-07-04
2015,1844,3976,2,2025-05-03
2016,531,1313,5,2025-04-17
2017,1800,6,2,2024-02-07
2018,3951,1557,3,2025-05-10
2019,1625,22,3,2025-02-10
2020,2706,89,3,2026-03-31
2021,811,4641,2,2026-06-23
2022,4721,3921,5,2025-06-27
2023,3290,419,5,2024-01-03
2024,980,3551,4,2024-11-17
2025,100,2487,3,2024-09-09
2026,4861,1650,2,2024-08-12
2027,245,4637,5,2024-03-04
2028,3591,2972,4,2025-10-26
2029,3432,4435,4,2025-09-29
2030,291,4928,5,2024-07-09
2031,3314,1864,4,2025-08-01
2032,23,1726,3,2025-01-25
2033,2685,2088,5,2024-11-21
2034,4888,1841,5,2024-04-01
2035,3388,3930,2,2026-07-12
2036,775,275,1,2026-06-04
2037,3438,3988,1,2026-01-23
2038,3806,1611,1,2024-04-29
2039,4468,192,5,2024-01-18
2040,3669,2045,1,2024-01-30
2041,2715,4223,3,2025-08-12
2042,4971,4363,3,2025-07-15
2043,2975,472,3,2025-09-16
2044,1041,3971,1,2025-06-04
2045,351,474,3,2025-06-14
2046,573,2400,1,2025-10-08
2047,739,4942,1,2025-08-22
2048,485,4309,5,2024-09-16
2049,2183,4326,1,2026-07-02
2050,2254,4101,5,2024-05-07
2051,2442,4348,5,2026-05-21
2052,4304,2083,3,2025-04-28
2053,1541,3225,2,2025-08-31
2054,3012,4209,5,2024-01-14
2055,1754,4294,4,2025-08-20
2056,3496,3466,1,2024-09-08
2057,1340,4757,1,2024-12-14
2058,1411,2898,4,2026-04-29
2059,2375,1075,4,2026-01-13
2060,4361,3853,4,2026-07-04
2061,4099,3003,1,2026-08-05
2062,2517,3528,5,2024-01-31
2063,1551,2249,4,2026-01-17
2064,1932,1760,2,2026-01-19
2065,3126,3686,1,2025-07-03
2066,4935,2900,3,2024-07-25
2067,485,2037,5,2025-11-17
2068,3693,3395,3,2025-07-13
2069,3068,2281,4,2025-05-04
2070,1152,3964,4,2025-08-16
2071,913,3633,1,2024-05-11
2072,4099,3491,1,2025-11-21
2073,1588,538,3,2024-05-17
2074,3361,4109,3,2024-08-31
2075,2324,3935,2,2025-11-13
2076,2751,2544,1,2024-10-23
2077,2118,4600,5,2024-09-17
2078,888,589,4,2024-01-13
2079,2837,434,4,2024-11-09
2080,1951,300,1,2025-05-25
2081,2778,1510,4,2025-02-26
2082,1780,3702,5,2024-10-03
2083,3686,3762,5,2024-11-26
2084,3749,636,5,2024-07-07
2085,2037,1292,3,2024-04-26
2086,3399,294,1,2025-05-12
2087,3972,2124,2,2024-08-10
2088,3609,2049,5,2025-01-10
2089,3938,305,4,2024-03-28
2090,3563,2035,2,2025-11-21
2091,756,1412,1,2026-05-15
2092,3410,874,5,2025-05-31
2093,4879,2972,3,2024-11-10
2094,3067,1384,2,2026-06-21
2095,3536,4402,5,2026-06-11
2096,3500,1507,4,2025-05-04
2097,655,1371,1,2024-12-08
2098,1314,3956,1,2025-10-22
2099,676,2441,1,2025-10-25
2100,140,452,5,2024-10-16
2101,2449,180,3,2025-08-07
2102,151,3142,1,2025-09-19
2103,1131,537,1,2026-01-06
2104,1494,2992,2,2025-07-24
2105,4415,1867,4,2024-02-23
2106,57,4203,4,2025-09-12
2107,1319,155,1,2024-10-19
2108,3459,178,4,2025-09-20
2109,86,4506,1,2026-03-12
2110,4732,1763,2,2025-01-28
2111,1876,250,4,2026-07-17
2112,4825,4646,2,2025-11-06
2113,3845,520,3,2024-12-02
2114,2956,4522,3,2025-10-31
2115,4158,4348,1,2026-06-12
2116,1901,2582,4,2024-02-06
2117,1080,204,3,2024-01-14
2118,4626,1724,1,2025-10-20
2119,4289,654,1,2024-08-01
2120,1730,2937,4,2024-08-04
2121,3825,4210,5,2024-02-27
2122,2129,3853,5,2025-10-27
2123,4156,1170,1,2026-04-09
2124,1063,2388,2,2025-08-31
2125,1116,9,3,2025-02-10
2126,2595,1673,5,2025-11-11
2127,4233,2673,3,2024-12-10
2128,921,3984,2,2024-10-14
2129,4438,1506,1,2026-01-02
2130,3887,1470,5,2026-06-12
2131,1280,85,4,2026-08-07
2132,1333,4429,2,2025-04-27
2133,3712,1478,3,2025-01-11
2134,1218,689,1,2026-03-31
2135,1639,3158,2,2026-07-08
2136,1311,357,2,2024-12-22
2137,3036,3473,1,2024-06-27
2138,3858,4029,3,2024-11-28
2139,3561,4494,2,2025-01-07
2140,3250,506,1,2026-06-30
2141,296,4478,5,2024-02-28
2142,2507,4492,5,2026-05-23
2143,3786,2622,5,2024-03-08
2144,3625,3257,4,2025-12-20
2145,3185,2657,4,2025-06-07
2146,4895,4858,3,2026-07-26
2147,1894,2530,2,2024-02-01
2148,3050,1616,3,2025-06-10
2149,2842,1627,4,2024-07-20
2150,1540,4365,5,2024-08-21
2151,3472,1106,3,2025-03-03
2152,386,233,3,2024-07-08
2153,3271,28,2,2026-01-23
2154,4157,4933,1,2024-01-05
2155,661,3641,5,2024-03-30
2156,3631,4908,4,2026-04-29
2157,2133,4505,2,2026-03-21
2158,427,2015,1,2025-08-25
2159,2956,621,2,2025-07-14
2160,770,632,3,2025-11-06
2161,2936,1364,4,2026-03-29
2162,1485,3586,5,2026-01-18
2163,3155,2704,2,2025-05-12
2164,829,3706,3,2025-07-17
2165,4238,3607,5,2026-01-14
2166,2949,4859,2,2026-06-13
2167,778,2532,5,2024-12-12
2168,3073,656,2,2025-04-08
2169,1583,2056,1,2025-11-20
2170,4754,2737,1,2024-12-29
2171,2214,3451,5,2026-06-08
2172,4836,665,4,2024-11-09
2173,81,2407,4,2026-03-08
2174,2236,3474,4,2025-11-20
2175,2712,1012,4,2025-09-11
2176,2196,4456,2,2024-11-16
2177,622,244,1,2025-10-01
2178,2754,4546,1,2026-07-29
2179,799,1337,5,2024-12-24
2180,4195,285,4,2025-10-18
2181,3861,3131,5,2024-07-05
2182,4015,2321,1,2026-01-22
2183,4060,2399,5,2024-06-09
2184,1973,4446,4,2024-10-08
2185,3663,3798,4,2025-08-12
2186,4457,1134,5,2025-03-02
2187,3549,2689,2,2024-07-20
2188,1284,3836,4,2024-02-10
2189,4809,2892,1,2025-06-26
2190,404,2826,4,2025-03-15
2191,972,3510,5,2025-02-28
2192,3969,3339,2,2026-04-01
2193,3494,4541,2,2026-02-16
2194,2777,1364,5,2024-07-05
2195,4538,4087,1,2024-12-03
2196,1873,2109,5,2024-11-15
2197,3329,4101,4,2026-01-16
2198,1304,3700,1,2026-04-13
2199,3869,215,4,2024-02-21
2200,275,27,2,2024-09-18
2201,4691,1086,1,2026-07-13
2202,4069,2732,2,2024-09-03
2203,3266,673,3,2025-07-13
2204,2903,1741,3,2024-05-26
2205,1681,1482,1,2025-02-22
2206,3073,4227,2,2024-06-30
2207,295,4940,1,2026-04-16
2208,3665,4793,4,2025-01-10
2209,1720,3782,1,2025-03-14
2210,1634,1627,1,2026-05-01
2211,3623,584,5,2024-04-14
2212,3488,1617,4,2024-09-30
2213,4325,1505,3,2024-05-21
2214,4005,4486,5,2024-11-03
2215,620,4337,2,2026-03-20
2216,1183,3714,5,2026-02-24
2217,1249,2182,5,2025-08-18
2218,3973,873,2,2025-09-20
2219,3679,3670,3,2025-09-07
2220,364,4582,4,2025-03-27
2221,2157,574,2,2024-07-14
2222,1051,3864,3,2024-06-13
2223,3521,1321,2,2024-09-10
2224,1397,3873,5,2026-05-10
2225,2790,2108,5,2025-06-16
2226,4773,2918,5,2024-08-24
2227,2217,2651,2,2025-10-10
2228,396,4070,1,2024-10-11
2229,3283,1003,4,2025-09-01
2230,867,2726,3,2025-02-18
2231,4638,612,3,2026-04-03
2232,3853,3046,4,2026-05-22
2233,2273,1202,4,2024-06-28
2234,1799,595,5,2025-03-05
2235,4557,2808,2,2024-07-18
2236,1035,3218,4,2026-02-01
2237,4542,4805,4,2024-11-26
2238,4040,4927,3,2024-04-06
2239,795,2066,3,2025-09-21
2240,3616,2179,5,2024-03-26
2241,1008,1108,3,2025-06-23
2242,202,3050,5,2026-02-02
2243,4672,298,3,2024-01-17
2244,4637,2977,2,2024-10-11
2245,838,2314,2,2025-10-08
2246,3910,4924,4,2025-12-17
2247,3059,3095,5,2025-09-09
2248,3032,513,4,2025-09-21
2249,572,3704,4,2024-05-25
2250,586,3191,2,2025-02-13
2251,3611,2991,4,2025-01-18
2252,718,230,4,2026-07-02
2253,1688,600,4,2024-01-28
2254,2239,1725,4,2024-10-16
2255,1158,457,4,2025-05-07
2256,1343,2622,2,2026-03-21
2257,671,4404,4,2024-05-20
2258,1841,3697,1,2025-07-24
2259,3784,4314,2,2025-10-14
2260,4511,1419,4,2026-07-24
2261,4179,4239,5,2025-06-30
2262,4937,828,2,2025-04-24
2263,814,152,1,2024-03-23
2264,1571,2125,2,2025-11-07
2265,75,2658,1,2024-02-13
2266,1878,2537,4,2025-06-06
2267,2361,2825,5,2025-12-15
2268,82,3247,4,2025-12-25
2269,683,2800,5,2025-12-15
2270,1352,3128,5,2026-02-14
2271,3148,2018,3,2024-01-02
2272,2200,4343,3,2024-02-10
2273,3344,3972,4,2024-09-17
2274,3292,3820,4,2024-12-24
2275,2362,3386,5,2025-07-16
2276,885,763,5,2025-01-25
2277,3662,3564,4,2024-11-20
2278,2050,1187,5,2024-04-26
2279,4259,2819,1,2025-11-09
2280,2538,2542,3,2024-01-29
2281,3592,3144,4,2024-03-02
2282,4398,3881,2,2024-02-11
2283,475,3441,5,2025-03-17
2284,3690,1517,2,2026-01-24
2285,41,854,5,2025-08-02
2286,3652,4744,1,2025-03-06
2287,227,912,3,2026-06-28
2288,194,2490,1,2025-08-25
2289,2013,4466,2,2025-01-17
2290,46,4123,3,2024-07-24
2291,4947,1217,4,2025-02-23
2292,2733,2957,1,2024-04-17
2293,3983,3780,4,2024-07-16
2294,2546,1688,5,2024-04-08
2295,2591,2992,1,2024-02-23
2296,698,4397,3,2024-08-10
2297,2993,1888,4,2024-05-17
2298,1843,3272,5,2024-05-22
2299,2824,4082,4,2026-06-25
2300,1778,3151,1,2026-02-18
2301,4317,2322,1,2024-05-08
2302,129,1092,2,2024-07-28
2303,1164,2141,5,2025-07-07
2304,4553,1957,4,2024-03-11
2305,3770,4203,4,2025-08-09
2306,785,2515,2,2025-09-23
2307,2595,2452,4,2024-02-21
2308,4972,3243,3,2026-02-21
2309,4385,4534,5,2026-04-07
2310,2464,59,5,2026-05-28
2311,176,4758,2,2025-12-02
2312,4909,3962,5,2024-03-30
2313,3221,2251,5,2025-12-01
2314,4092,3355,2,2025-06-24
2315,2330,3998,1,2025-12-28
2316,4056,4161,1,2026-01-18
2317,2445,3016,1,2024-06-17
2318,736,2392,1,2024-12-03
2319,1045,1447,3,2025-07-11
2320,1218,3896,4,2025-10-29
2321,3199,3172,4,2024-10-21
2322,1437,3948,2,2024-05-02
2323,1024,4495,4,2024-01-18
2324,4380,2291,4,2024-04-18
2325,4166,2782,3,2026-06-09
2326,4775,379,2,2025-09-21
2327,4010,3625,5,2024-08-07
2328,3017,4549,2,2025-10-15
2329,1528,814,5,2026-04-21
2330,932,1751,4,2024-05-29
2331,2092,3077,2,2026-04-20
2332,4020,987,4,2024-02-20
2333,4304,1158,5,2025-06-21
2334,3871,3996,2,2026-05-01
2335,1095,3899,2,2026-07-20
2336,1271,413,1,2025-03-04
2337,710,4916,1,2025-12-29
2338,784,365,3,2024-10-13
2339,2398,922,2,2024-10-09
2340,3096,1265,5,2026-04-26
2341,631,231,3,2026-07-01
2342,4067,970,4,2025-11-10
2343,253,3752,5,2026-05-10
2344,2161,2001,3,2026-01-31
2345,3971,1544,4,2025-03-12
2346,1148,1232,2,2025-09-04
2347,1682,1315,4,2025-09-10
2348,4751,3866,3,2025-05-28
2349,1985,2095,1,2025-10-21
2350,2183,4987,3,2024-04-20
2351,4003,2368,5,2024-11-11
2352,707,1991,3,2024-02-17
2353,372,4175,2,2024-01-07
2354,4006,819,4,2025-08-24
2355,3124,1892,1,2025-12-07
2356,815,2967,4,2024-02-14
2357,1180,2318,2,2026-06-30
2358,2160,4945,3,2024-02-04
2359,165,258,1,2025-11-21
2360,3756,2840,3,2025-08-31
2361,959,3877,3,2026-07-20
2362,1914,638,4,2026-02-18
2363,827,2359,3,2024-02-25
2364,1856,630,2,2026-06-13
2365,230,3385,3,2026-07-18
2366,62,4336,1,2025-08-25
2367,4265,3879,4,2025-07-06
2368,3804,4049,1,2026-02-07
2369,4298,763,4,2026-02-05
2370,410,2286,4,2026-02-21
2371,4920,1752,3,2026-04-27
2372,1611,3122,3,2026-04-17
2373,637,1738,3,2025-09-17
2374,115,27,5,2024-01-27
2375,3363,962,2,2026-04-27
2376,1207,2741,3,2026-04-12
2377,572,734,4,2026-07-27
2378,1819,4538,5,2024-07-29
2379,4797,3689,5,2025-05-19
2380,839,179,4,2025-01-19
2381,1957,1874,1,2026-04-20
2382,4461,42,5,2025-11-17
2383,1823,4175,2,2026-03-11
2384,4290,2974,5,2025-12-01
2385,2655,2497,4,2024-04-21
2386,3864,962,1,2024-12-16
2387,1102,285,4,2024-06-20
2388,1668,1819,1,2025-02-04
2389,2665,2874,3,2026-07-25
2390,1066,3065,5,2025-05-25
2391,124,697,3,2025-10-24
2392,528,183,2,2026-01-07
2393,4952,4140,4,2025-09-13
2394,2807,3588,4,2026-08-05
2395,26,4652,1,2024-10-28
2396,1798,623,3,2024-12-02
2397,2391,1021,2,2024-10-03
2398,1106,4179,1,2024-07-22
2399,1897,414,1,2026-04-26
2400,2900,1282,5,2026-07-31
2401,2840,1540,1,2025-03-30
2402,869,2040,2,2026-05-22
2403,4,4395,1,2025-11-10
2404,1046,865,2,2025-01-06
2405,1674,1524,2,2024-05-22
2406,3019,697,5,2025-11-17
2407,4296,1161,5,2024-11-18
2408,2248,1891,4,2024-12-10
2409,3977,1369,5,2025-07-28
2410,4441,1322,3,2024-12-10
2411,3903,146,5,2025-07-16
2412,3082,460,5,2024-01-04
2413,47,2713,5,2026-03-13
2414,2490,3101,1,2025-09-06
2415,3494,4080,4,2024-07-11
2416,4186,717,2,2026-03-10
2417,3952,1429,3,2025-09-18
2418,4710,3364,2,2026-05-22
2419,159,950,5,2026-06-16
2420,4740,952,5,2024-12-25
2421,2901,1486,3,2026-06-21
2422,1814,1726,2,2024-07-08
2423,2682,3587,5,2025-07-19
2424,4080,1823,1,2025-03-30
2425,3257,1172,3,2024-06-06
2426,4651,2797,1,2026-06-29
2427,1215,3032,3,2024-01-08
2428,1009,3555,4,2026-05-01
2429,2913,783,5,2026-04-17
2430,3374,3367,4,2024-03-06
2431,1818,3579,3,2025-10-11
2432,806,1300,4,2024-05-13
2433,3963,3494,3,2025-11-09
2434,4863,426,1,2026-03-02
2435,4476,2980,4,2026-03-15
2436,1927,4299,3,2025-12-13
2437,48,4802,5,2025-07-07
2438,3804,4741,2,2025-11-04
2439,3706,2813,1,2024-02-21
2440,516,4588,1,2025-06-01
2441,2472,2981,5,2024-05-23
2442,4792,3390,3,2024-03-13
2443,1854,2424,1,2024-08-11
2444,530,1082,3,2025-02-09
2445,1689,1389,4,2026-01-19
2446,2327,4506,2,2024-05-02
2447,3348,3971,3,2025-10-23
2448,4735,680,5,2026-07-23
2449,3946,4863,1,2024-11-04
2450,540,2220,4,2025-06-11
2451,3443,2134,3,2025-10-05
2452,741,1040,4,2025-06-08
2453,3750,2816,4,2025-06-21
2454,1081,861,2,2025-10-17
2455,1990,3755,5,2026-08-08
2456,1675,1529,4,2026-07-08
2457,2093,662,1,2026-03-22
2458,2446,3511,2,2025-12-16
2459,247,2821,1,2025-06-26
2460,1752,2334,4,2024-07-27
2461,3294,2966,1,2025-06-18
2462,3259,2540,3,2025-07-26
2463,3851,2854,4,2025-07-29
2464,4359,4077,2,2026-01-12
2465,573,1556,1,2024-08-06
2466,223,1717,4,2025-08-03
2467,2989,309,4,2025-04-17
2468,3299,966,5,2024-12-17
2469,2103,3871,2,2024-12-11
2470,466,1607,3,2026-06-15
2471,4121,4694,5,2026-07-30
2472,3821,3865,5,2024-10-21
2473,339,1250,3,2024-05-19
2474,4806,1867,5,2026-06-16
2475,3867,1762,1,2024-07-16
2476,3167,2377,5,2024-03-28
2477,3787,1617,1,2026-07-12
2478,4726,2254,2,2025-01-24
2479,1424,4802,1,2026-03-13
2480,1933,4751,1,2024-06-20
2481,4116,4560,2,2025-10-08
2482,331,4614,4,2025-07-16
2483,2697,3445,1,2025-06-29
2484,3323,3587,3,2024-11-23
2485,1527,573,1,2024-05-11
2486,3915,4925,3,2025-07-26
2487,1723,2809,3,2026-05-06
2488,352,6,3,2026-01-01
2489,143,849,1,2025-11-03
2490,2924,42,1,2025-10-21
2491,4195,3536,4,2024-06-14
2492,243,1534,5,2025-07-18
2493,2717,4027,3,2026-02-06
2494,2308,1953,4,2025-04-27
2495,4041,4078,3,2026-07-06
2496,4826,4025,1,2025-07-21
2497,4687,2965,2,2025-07-24
2498,4462,2991,5,2026-04-01
2499,2402,4491,5,2025-02-27
2500,3979,519,5,2025-12-01
2501,2871,2288,3,2024-06-14
2502,1206,4350,5,2025-12-25
2503,4099,3016,5,2025-02-08
2504,1131,2506,4,2024-11-04
2505,3566,2216,1,2025-08-22
2506,3117,478,4,2025-11-01
2507,3331,1627,3,2025-12-09
2508,4660,4504,2,2024-10-07
2509,2562,3717,1,2024-12-27
2510,3021,2468,2,2025-05-08
2511,3737,4228,5,2024-02-01
2512,2084,2906,5,2026-05-05
2513,3277,2607,5,2024-06-30
2514,2734,2263,5,2024-01-31
2515,3926,1219,2,2025-06-01
2516,4874,4165,1,2026-03-31
2517,1568,2642,1,2025-09-06
2518,519,4233,2,2026-02-16
2519,3803,2201,1,2024-07-16
2520,404,3735,3,2024-06-27
2521,695,2235,5,2024-04-08
2522,835,2121,5,2024-07-17
2523,4779,4582,1,2025-04-01
2524,113,536,1,2025-06-17
2525,3362,3900,4,2025-02-24
2526,857,3482,4,2025-11-05
2527,3427,832,5,2025-09-04
2528,4982,3200,2,2026-05-13
2529,630,1157,1,2024-02-28
2530,80,1946,2,2025-08-25
2531,3542,2383,4,2026-04-10
2532,4513,1245,4,2025-11-26
2533,4925,3127,2,2025-06-20
2534,13,3509,5,2025-09-29
2535,3378,3327,4,2025-01-07
2536,973,423,5,2026-02-26
2537,3386,1029,1,2026-06-17
2538,2985,4166,3,2025-04-25
2539,20,1486,2,2024-11-18
2540,3714,2988,5,2024-01-16
2541,4246,102,2,2025-08-31
2542,388,1929,5,2024-10-23
2543,3588,3915,4,2026-03-07
2544,2123,3758,2,2025-04-25
2545,4090,3270,2,2026-07-25
2546,3751,3162,5,2025-07-17
2547,4952,2962,4,2024-10-08
2548,672,4511,4,2024-02-03
2549,551,1852,4,2025-01-18
2550,2926,3380,2,2024-12-10
2551,2705,1864,1,2024-10-21
2552,72,4470,2,2024-11-28
2553,2962,2571,3,2025-09-22
2554,2352,3390,2,2024-06-06
2555,3096,4665,1,2025-12-28
2556,273,1808,4,2024-10-14
2557,4371,3168,4,2024-02-22
2558,66,2084,4,2026-03-04
2559,466,1783,5,2024-10-12
2560,1671,2812,5,2024-04-15
2561,1349,2634,3,2025-06-06
2562,756,682,1,2024-03-07
2563,1359,3439,1,2024-09-30
2564,2654,681,4,2025-08-03
2565,468,678,3,2024-04-03
2566,3668,2673,5,2025-04-03
2567,1802,2063,5,2026-05-14
2568,3268,2201,4,2026-07-20
2569,1362,3905,2,2024-12-30
2570,4076,2028,4,2025-11-13
2571,2108,4524,2,2026-07-17
2572,566,1857,1,2025-07-29
2573,323,1291,5,2025-10-21
2574,4394,868,5,2024-03-20
2575,4644,4466,3,2024-07-10
2576,1477,4461,5,2026-06-07
2577,2714,3941,2,2024-03-05
2578,1752,3045,1,2025-09-17
2579,3260,3589,2,2025-01-14
2580,3008,567,4,2024-03-10
2581,4258,1047,4,2024-01-13
2582,914,3782,4,2024-05-21
2583,1045,1061,2,2025-02-28
2584,3494,4308,2,2025-02-14
2585,343,3240,5,2025-02-13
2586,3393,1984,3,2024-04-18
2587,838,1501,5,2024-01-15
2588,1769,2130,1,2025-11-25
2589,4165,370,2,2026-05-07
2590,4402,2339,5,2024-01-21
2591,4509,3842,3,2024-09-29
2592,4092,1338,1,2025-10-24
2593,2141,3428,4,2025-11-25
2594,1927,1876,3,2025-02-22
2595,1950,493,5,2024-05-17
2596,1560,4960,1,2024-04-22
2597,96,716,5,2024-07-08
2598,1747,252,5,2025-01-29
2599,1154,3506,1,2024-11-26
2600,3158,474,2,2024-11-16
2601,1651,3599,1,2025-01-21
2602,2447,2650,4,2026-05-09
2603,522,204,4,2026-07-15
2604,3715,513,2,2025-03-02
2605,842,3701,1,2024-07-28
2606,1458,4470,2,2025-10-21
2607,3760,2500,5,2025-09-06
2608,2470,4337,4,2025-07-29
2609,3827,470,5,2026-02-27
2610,4824,1618,1,2024-05-31
2611,3783,1248,5,2025-07-09
2612,499,1397,5,2024-02-05
2613,1965,4411,3,2024-04-28
2614,4803,2217,4,2025-04-19
2615,2848,414,2,2024-06-21
2616,4461,3501,5,2024-08-21
2617,1292,2388,3,2024-12-11
2618,1759,4826,3,2025-10-23
2619,3624,30,1,2024-06-07
2620,765,3757,5,2024-06-12
2621,1356,2285,5,2025-12-07
2622,644,3088,3,2026-02-10
2623,2200,4764,1,2024-06-05
2624,2049,1640,3,2024-10-26
2625,2637,1049,4,2025-07-01
2626,1753,4721,3,2024-06-28
2627,4152,2508,4,2024-08-23
2628,4962,3036,3,2024-09-03
2629,143,3476,4,2024-11-20
2630,4931,2928,2,2025-03-28
2631,3314,3127,3,2024-10-26
2632,242,2979,4,2025-03-28
2633,4502,521,4,2026-07-17
2634,20,3106,4,2026-03-07
2635,4784,564,2,2026-01-25
2636,292,1765,2,2026-04-24
2637,1779,3764,2,2025-12-15
2638,2485,2690,1,2024-10-11
2639,4967,3227,4,2025-09-09
2640,4470,1509,2,2024-03-30
2641,4975,4888,3,2024-10-05
2642,2329,13,5,2025-12-11
2643,3525,2529,2,2026-06-06
2644,333,2774,5,2026-05-13
2645,3852,1792,5,2026-07-23
2646,4473,4847,5,2025-02-02
2647,3047,1988,1,2025-10-30
2648,1766,1822,5,2026-06-03
2649,1873,4563,5,2026-08-05
2650,3829,3188,1,2026-06-18
2651,1501,2982,3,2025-07-09
2652,1409,3191,5,2024-10-11
2653,3849,1626,1,2026-01-20
2654,1988,3641,5,2024-08-12
2655,4139,2990,1,2024-11-06
2656,253,4132,2,2026-05-30
2657,4362,4915,2,2024-11-18
2658,1659,2264,5,2024-06-04
2659,1134,1944,4,2024-04-27
2660,953,2643,5,2026-08-04
2661,673,3252,3,2025-08-21
2662,4592,3254,5,2025-10-26
2663,966,1121,3,2025-08-28
2664,3879,4096,4,2024-07-27
2665,4427,3539,1,2026-05-12
2666,19,127,4,2025-01-11
2667,1780,1264,3,2026-02-06
2668,3655,30,1,2024-04-22
2669,4840,2329,3,2025-04-11
2670,1543,268,4,2024-05-03
2671,3615,2291,2,2024-12-29
2672,4186,4172,5,2025-06-20
2673,852,4381,4,2025-05-10
2674,4920,2029,2,2025-10-02
2675,3305,1782,4,2025-10-12
2676,1468,4781,4,2024-07-01
2677,4290,3426,1,2026-03-16
2678,2087,987,5,2026-02-21
2679,3167,4257,4,2024-12-05
2680,1271,3789,5,2025-05-16
2681,580,3989,1,2024-02-05
2682,2319,3379,2,2025-07-15
2683,904,3695,1,2024-04-29
2684,4447,1347,2,2026-01-03
2685,1514,1451,5,2024-08-15
2686,3316,65,2,2024-12-11
2687,4084,3384,5,2024-09-17
2688,661,1346,1,2026-05-15
2689,4166,302,2,2025-05-13
2690,2819,3744,3,2025-09-28
2691,1420,2687,1,2024-05-28
2692,107,1824,1,2024-10-01
2693,4107,484,5,2026-07-02
2694,1168,4367,4,2024-07-14
2695,3250,3577,5,2025-07-12
2696,4400,4477,1,2025-09-22
2697,1547,3140,1,2025-11-07
2698,2623,427,2,2024-07-20
2699,3125,3186,4,2025-01-07
2700,3328,2205,2,2024-01-28
2701,3990,1207,5,2026-02-14
2702,248,2363,1,2026-01-13
2703,2758,3809,3,2025-07-14
2704,2232,3392,1,2024-01-30
2705,2387,505,5,2025-01-23
2706,2442,926,3,2026-07-21
2707,146,3194,1,2025-05-29
2708,390,4390,2,2024-07-18
2709,2006,3038,1,2024-11-10
2710,3828,4751,1,2025-12-10
2711,676,1506,5,2026-08-03
2712,2526,4661,2,2026-02-28
2713,4854,2268,2,2026-04-11
2714,3315,1132,2,2025-02-08
2715,4887,3050,5,2025-06-03
2716,2294,2668,4,2025-04-18
2717,1383,2357,1,2024-11-20
2718,4902,4263,5,2026-04-24
2719,2969,1268,1,2024-12-17
2720,4237,3006,1,2026-07-16
2721,3041,1338,1,2026-07-25
2722,931,2369,5,2025-07-21
2723,1102,3308,5,2025-08-24
2724,2126,4283,2,2024-05-04
2725,4231,3690,5,2025-02-13
2726,2063,1087,4,2026-05-28
2727,217,624,2,2025-01-04
2728,4342,4095,4,2025-09-04
2729,2829,1407,4,2026-03-24
2730,1817,2231,4,2026-08-03
2731,1296,2283,5,2025-01-23
2732,2933,2958,3,2025-09-03
2733,1989,251,4,2024-11-08
2734,2706,469,3,2026-05-06
2735,2526,2,2,2025-12-22
2736,4739,2411,4,2026-05-27
2737,2864,4602,4,2026-03-20
2738,4897,518,2,2026-04-05
2739,3453,4995,2,2024-02-24
2740,1674,4492,1,2026-05-06
2741,2035,2045,4,2024-05-15
2742,50,1765,4,2026-04-03
2743,1591,293,3,2024-05-17
2744,77,3478,4,2024-10-14
2745,4692,816,5,2026-01-07
2746,4792,606,2,2024-08-02
2747,2810,1502,4,2026-04-19
2748,4903,3142,1,2024-08-14
2749,3964,3976,5,2026-04-27
2750,3500,4242,3,2024-03-30
2751,2423,4385,2,2024-01-10
2752,1422,1977,3,2024-01-19
2753,44,2351,3,2024-02-28
2754,1825,1019,1,2026-01-06
2755,4773,303,2,2026-07-13
2756,4897,784,5,2025-11-10
2757,1661,4427,1,2025-03-18
2758,705,4977,1,2025-07-30
2759,4020,960,2,2026-07-14
2760,2759,3097,3,2025-05-23
2761,4265,4320,5,2025-11-09
2762,1945,704,3,2025-02-16
2763,4974,573,2,2024-01-09
2764,4541,93,2,2026-02-26
2765,4057,1263,5,2024-10-04
2766,2952,1666,1,2024-07-13
2767,3370,1890,3,2026-06-29
2768,424,4300,1,2026-08-03
2769,4958,3789,1,2024-11-18
2770,764,99,3,2025-03-09
2771,1196,62,2,2026-02-22
2772,1519,1332,4,2025-07-12
2773,3450,3045,1,2025-01-22
2774,3519,4376,2,2024-07-01
2775,3740,4429,5,2024-06-12
2776,342,4349,5,2025-08-18
2777,3224,1920,4,2026-01-27
2778,3974,4316,4,2025-07-11
2779,3050,133,4,2025-05-28
2780,3711,294,5,2024-12-05
2781,1836,2372,1,2025-08-15
2782,2889,1033,3,2026-01-20
2783,237,4220,4,2024-04-06
2784,2732,2432,5,2025-09-10
2785,3965,4255,5,2024-07-09
2786,4597,2863,1,2024-02-01
2787,1563,4152,5,2026-01-21
2788,1418,3157,3,2026-03-08
2789,308,4431,2,2025-01-08
2790,2702,4498,1,2024-02-03
2791,1530,952,3,2024-10-26
2792,64,948,4,2025-02-01
2793,1557,4216,5,2026-05-18
2794,4265,4572,4,2025-07-26
2795,1024,2999,1,2024-03-11
2796,4531,1831,1,2026-02-14
2797,1347,374,5,2025-03-31
2798,143,2031,2,2026-06-09
2799,2166,2301,5,2024-10-20
2800,794,3024,4,2025-08-22
2801,2640,4518,5,2025-10-10
2802,4388,4712,2,2025-02-05
2803,3506,2359,4,2025-12-19
2804,3570,4985,1,2025-12-23
2805,4114,2986,3,2024-01-12
2806,1963,622,5,2025-08-08
2807,3014,2284,3,2024-08-24
2808,544,1430,5,2025-12-22
2809,283,3682,4,2024-04-20
2810,3086,4244,5,2025-12-30
2811,1704,1214,3,2025-08-29
2812,4079,374,3,2026-01-10
2813,2731,316,2,2026-06-03
2814,4911,438,4,2025-02-27
2815,218,1504,1,2025-08-06
2816,1306,3890,2,2024-06-15
2817,306,4817,3,2025-12-31
2818,3796,3201,1,2026-05-08
2819,4191,1932,1,2026-07-29
2820,4250,4265,5,2026-05-20
2821,150,3533,3,2025-08-06
2822,1016,3351,4,2024-12-02
2823,1465,2962,1,2026-06-21
2824,1552,1239,1,2024-07-29
2825,4524,3631,2,2024-06-13
2826,4781,4197,4,2025-03-08
2827,4463,2418,4,2025-04-13
2828,3882,4420,4,2025-08-22
2829,2821,3488,1,2025-06-12
2830,4736,4501,5,2026-02-22
2831,1592,1766,2,2026-06-15
2832,834,1018,3,2025-10-22
2833,3080,3214,5,2026-02-19
2834,1622,3670,2,2026-03-03
2835,3299,551,4,2024-09-27
2836,3801,1224,5,2024-11-22
2837,4991,4161,1,2026-07-26
2838,3598,3838,1,2025-04-05
2839,3786,4007,5,2024-04-07
2840,3092,1863,3,2025-09-07
2841,1889,248,1,2026-03-02
2842,3694,1858,2,2024-05-08
2843,3393,3636,4,2024-08-06
2844,3623,3518,4,2026-02-08
2845,2927,2507,4,2025-10-08
2846,3664,459,2,2024-10-14
2847,4759,4447,2,2024-01-18
2848,1696,3409,1,2025-10-10
2849,2485,2909,1,2025-11-29
2850,4057,1670,4,2024-06-13
2851,3530,958,4,2026-02-20
2852,2678,3287,4,2024-10-21
2853,1113,2083,4,2025-12-05
2854,3852,2525,1,2025-09-07
2855,3106,4311,5,2025-01-28
2856,2591,1946,1,2024-07-01
2857,4590,2386,1,2025-12-17
2858,405,4196,3,2025-11-02
2859,2471,2082,5,2026-01-26
2860,2492,976,5,2024-04-11
2861,2878,140,3,2025-10-04
2862,3592,76,5,2025-11-03
2863,2324,1178,3,2026-03-23
2864,1477,1718,5,2025-08-01
2865,147,1199,4,2026-07-24
2866,2343,500,1,2025-12-10
2867,4319,4968,3,2025-02-22
2868,3370,1431,3,2026-02-18
2869,2475,39,4,2026-04-16
2870,3613,64,2,2025-09-23
2871,2356,147,1,2025-10-15
2872,2214,3723,5,2024-12-20
2873,915,3929,2,2024-03-09
2874,2307,904,4,2026-05-15
2875,2620,723,4,2026-01-04
2876,303,3353,2,2026-07-31
2877,785,2920,2,2024-09-28
2878,135,1315,5,2026-01-31
2879,3370,3782,3,2025-01-18
2880,1713,3689,3,2024-11-21
2881,2242,3103,1,2025-08-24
2882,2603,2203,4,2025-12-17
2883,2792,3709,1,2025-09-22
2884,230,4186,2,2024-12-05
2885,2065,4031,2,2026-02-17
2886,1900,4758,4,2025-04-02
2887,3012,291,3,2025-11-29
2888,2461,2315,5,2026-07-25
2889,3945,4382,2,2024-10-03
2890,4078,4378,3,2024-06-21
2891,4210,2420,3,2026-07-07
2892,2534,1735,3,2025-07-10
2893,1262,2994,3,2024-11-22
2894,2737,3530,1,2024-07-13
2895,721,518,1,2025-09-15
2896,3843,2765,2,2025-12-29
2897,1053,909,3,2024-07-16
2898,2735,2690,1,2025-08-16
2899,4838,2337,1,2024-11-14
2900,3824,4648,3,2024-10-19
2901,3294,2291,3,2025-01-03
2902,303,1705,2,2025-08-10
2903,1055,2355,3,2025-05-24
2904,4224,2607,5,2024-02-04
2905,1815,4282,3,2026-07-19
2906,4348,106,1,2024-01-01
2907,4217,3649,3,2024-03-23
2908,4656,4480,3,2025-11-14
2909,1375,3431,5,2024-10-25
2910,261,4679,2,2025-07-08
2911,2825,2356,3,2026-01-14
2912,2785,4376,5,2025-06-04
2913,3364,1975,3,2024-12-29
2914,1509,3294,3,2025-05-29
2915,616,2391,1,2025-09-06
2916,4815,4157,2,2026-02-28
2917,887,3975,3,2024-05-05
2918,2832,3419,2,2024-11-22
2919,520,2983,2,2024-03-18
2920,821,2775,3,2024-12-29
2921,1134,1000,1,2024-09-26
2922,4874,2667,2,2026-03-11
2923,4445,3568,5,2026-05-17
2924,4498,138,3,2024-11-14
2925,4744,1813,3,2025-12-30
2926,3591,4408,4,2024-06-02
2927,2951,4298,2,2025-07-18
2928,1046,1520,3,2026-08-06
2929,1368,605,1,2024-11-19
2930,941,4344,1,2025-06-27
2931,4169,3405,5,2026-02-13
2932,3284,617,2,2024-06-02
2933,2425,141,5,2024-08-09
2934,3301,3158,3,2025-05-16
2935,1539,2719,2,2025-12-23
2936,1406,4632,3,2024-12-09
2937,2076,2694,3,2025-01-14
2938,1204,2302,2,2024-08-18
2939,2797,867,1,2026-07-01
2940,444,375,1,2025-03-21
2941,2803,3962,2,2026-03-22
2942,1262,1439,1,2025-06-29
2943,3317,4424,2,2024-07-03
2944,2437,3392,4,2025-03-06
2945,2765,3959,4,2024-08-11
2946,4890,855,1,2025-11-27
2947,3091,4077,3,2025-09-25
2948,3949,4004,3,2026-01-27
2949,2669,4554,5,2024-11-11
2950,3426,3291,5,2024-06-06
2951,267,196,3,2025-08-04
2952,4535,4698,1,2025-02-24
2953,2062,1945,3,2026-04-18
2954,1195,2982,2,2024-07-03
2955,1393,957,2,2025-12-09
2956,3874,1569,5,2026-01-02
2957,233,4688,2,2024-10-29
2958,4526,474,3,2026-06-23
2959,2266,4190,5,2025-11-30
2960,4303,3654,2,2024-03-21
2961,822,2470,3,2024-03-22
2962,117,524,3,2026-02-24
2963,4774,1849,5,2024-02-10
2964,1820,2482,3,2024-09-05
2965,769,3964,1,2025-10-21
2966,2440,1780,1,2024-10-19
2967,3740,2285,5,2025-06-28
2968,2150,1082,1,2024-08-04
2969,3748,1201,3,2024-06-11
2970,3812,4406,5,2025-03-13
2971,2757,3656,3,2026-07-10
2972,1611,2132,1,2024-10-13
2973,2463,1026,5,2025-07-16
2974,4628,3318,5,2024-05-31
2975,2966,3876,4,2026-03-14
2976,3366,4632,4,2025-12-25
2977,3766,3699,4,2024-09-02
2978,1179,4301,1,2026-05-28
2979,1451,3101,4,2025-10-12
2980,3992,224,4,2024-02-23
2981,234,1332,1,2024-06-02
2982,2578,2483,2,2025-05-12
2983,4448,4176,1,2024-06-22
2984,1940,4036,5,2024-06-07
2985,3932,1636,5,2025-10-02
2986,1885,4343,1,2024-05-20
2987,3416,2199,2,2025-04-25
2988,3034,608,2,2024-10-21
2989,1840,163,5,2025-10-26
2990,4472,4221,1,2024-10-09
2991,1508,4420,3,2025-06-09
2992,4320,1885,4,2026-06-13
2993,2124,2138,4,2026-02-06
2994,2193,2945,2,2026-04-22
2995,1624,1328,3,2025-07-12
2996,4157,2639,1,2024-01-16
2997,1845,847,1,2026-05-07
2998,1655,229,2,2025-04-07
2999,574,1390,3,2025-10-11
3000,2928,4702,5,2024-11-06
3001,613,994,3,2026-07-16
3002,2388,2188,3,2024-09-17
3003,852,284,3,2024-12-04
3004,2116,1938,3,2025-07-02
3005,1981,2721,4,2026-05-18
3006,177,3642,1,2026-08-01
3007,2471,1193,1,2025-07-10
3008,1036,4870,1,2025-08-16
3009,117,3465,3,2025-02-13
3010,3963,3028,2,2025-06-07
3011,223,4877,3,2025-01-21
3012,157,1758,5,2025-05-15
3013,4401,1764,2,2024-12-14
3014,1622,1787,4,2026-06-07
3015,1016,237,3,2024-10-29
3016,1878,4031,2,2024-11-26
3017,72,365,1,2024-07-03
3018,3585,2263,4,2024-06-26
3019,1314,2178,5,2026-07-12
3020,3700,1249,4,2026-07-13
3021,362,4893,3,2025-06-07
3022,3692,3826,1,2025-09-25
3023,3600,1875,5,2024-09-05
3024,1271,3492,3,2024-12-21
3025,3404,2305,3,2025-02-07
3026,2023,3579,5,2026-06-18
3027,3052,2095,1,2025-12-20
3028,1280,4062,4,2026-03-16
3029,1696,2299,5,2026-02-01
3030,2658,862,1,2026-02-14
3031,3506,2389,3,2026-05-30
3032,4298,844,1,2026-06-23
3033,3714,1331,5,2026-05-11
3034,2449,1772,2,2024-11-19
3035,2473,344,1,2026-01-05
3036,1416,2386,2,2024-11-04
3037,3575,2527,2,2024-09-30
3038,191,1418,3,2025-10-11
3039,1266,4013,4,2025-10-01
3040,4142,3648,4,2025-05-02
3041,4981,3337,4,2026-07-03
3042,2209,3992,4,2025-09-29
3043,91,3542,1,2024-06-11
3044,3749,329,3,2026-03-09
3045,2362,259,5,2026-06-02
3046,2079,2621,5,2025-03-07
3047,1919,21,5,2026-05-03
3048,3617,1281,2,2026-05-13
3049,1889,1961,5,2025-05-20
3050,1199,3794,4,2026-04-16
3051,4575,4976,2,2025-11-17
3052,2581,2106,4,2026-05-14
3053,2990,2708,4,2026-07-29
3054,2977,4088,4,2025-01-10
3055,4438,3858,4,2024-09-16
3056,20,3147,5,2025-06-27
3057,4905,4765,2,2024-01-10
3058,3527,4816,1,2024-04-01
3059,564,1335,5,2026-07-03
3060,2358,376,2,2025-09-19
3061,4821,618,5,2025-11-02
3062,4601,585,3,2025-10-29
3063,4695,4403,2,2025-10-31
3064,813,3558,2,2024-10-11
3065,4208,1080,3,2026-06-27
3066,2437,1388,3,2024-09-18
3067,321,4170,4,2025-04-07
3068,3892,2600,4,2025-02-18
3069,4042,115,4,2024-07-26
3070,4817,1604,1,2026-04-06
3071,2172,4930,2,2024-10-29
3072,1023,4965,2,2026-07-19
3073,3626,186,5,2025-08-24
3074,1567,1141,3,2025-12-13
3075,4746,2856,4,2024-10-01
3076,565,700,2,2025-04-03
3077,1657,880,3,2024-09-04
3078,2697,1656,3,2025-03-16
3079,2512,3201,4,2026-08-05
3080,1343,2612,3,2026-03-29
3081,4045,653,2,2024-04-14
3082,2860,1914,2,2024-02-13
3083,3314,125,4,2026-01-28
3084,282,2218,4,2025-05-22
3085,150,4037,2,2026-01-19
3086,3182,95,3,2024-06-17
3087,1337,1959,3,2026-04-25
3088,1101,2663,4,2026-05-11
3089,3644,724,2,2026-05-31
3090,2257,4843,4,2025-04-13
3091,2797,2744,2,2025-03-05
3092,3613,1132,5,2026-05-25
3093,2642,4649,5,2025-02-10
3094,4549,4019,5,2024-07-24
3095,2649,2344,3,2025-05-07
3096,326,4979,1,2025-08-17
3097,2419,1753,5,2025-12-27
3098,1123,3206,1,2025-08-05
3099,702,1719,5,2026-01-17
3100,2637,2917,3,2024-04-15
3101,2899,1400,3,2025-01-28
3102,4480,1674,5,2025-01-25
3103,4043,2880,1,2025-04-06
3104,896,4457,5,2026-06-24
3105,4037,4252,5,2024-06-23
3106,3669,2126,1,2025-10-04
3107,3086,148,4,2025-02-14
3108,236,4423,4,2025-06-16
3109,1297,1503,3,2026-07-25
3110,3958,126,1,2024-12-13
3111,1792,2218,4,2025-02-09
3112,400,1134,4,2024-04-16
3113,2081,3126,2,2024-08-27
3114,479,2549,4,2025-06-11
3115,302,514,4,2025-09-02
3116,3712,4795,5,2026-04-18
3117,1298,791,5,2025-05-25
3118,4913,4423,1,2024-06-04
3119,4317,3507,5,2024-03-13
3120,815,4576,4,2024-01-02
3121,4247,4220,4,2024-08-27
3122,3012,3556,3,2024-09-07
3123,3253,779,3,2025-07-21
3124,3211,178,5,2024-08-28
3125,3408,1996,3,2024-07-04
3126,199,333,4,2025-12-23
3127,1035,4273,2,2026-07-13
3128,1613,3913,1,2026-03-10
3129,3112,813,5,2026-02-09
3130,4642,4252,1,2026-07-09
3131,3944,2583,5,2026-08-06
3132,3640,1518,3,2024-11-08
3133,500,2149,3,2024-08-10
3134,51,987,4,2024-11-29
3135,3416,3967,2,2026-05-27
3136,522,3670,4,2024-06-05
3137,324,3323,2,2026-03-13
3138,2062,2511,4,2026-02-27
3139,1836,3444,2,2026-02-28
3140,2511,1541,5,2025-12-17
3141,4880,2259,3,2026-05-03
3142,1449,2144,2,2026-05-14
3143,584,3720,4,2024-10-27
3144,206,1392,4,2025-04-22
3145,2171,4171,1,2025-01-27
3146,3448,677,3,2024-05-25
3147,3903,4685,4,2024-01-06
3148,1528,1232,5,2024-02-29
3149,661,897,5,2025-12-22
3150,4092,299,2,2026-07-03
3151,1834,1013,3,2025-11-05
3152,231,2300,3,2026-02-04
3153,679,4528,3,2024-04-20
3154,468,3060,2,2025-01-27
3155,4044,4130,2,2024-09-30
3156,2730,2193,4,2024-02-08
3157,2469,773,4,2025-12-23
3158,2785,1360,2,2024-06-30
3159,1464,3542,1,2025-05-31
3160,2377,4986,3,2026-04-26
3161,2925,3081,5,2026-04-18
3162,1260,1609,3,2025-04-18
3163,2819,4269,3,2024-06-09
3164,834,424,1,2024-04-25
3165,2708,4058,5,2025-12-18
3166,474,829,1,2024-06-09
3167,4532,2374,2,2025-08-03
3168,2995,356,4,2025-09-23
3169,973,1994,2,2025-11-27
3170,4535,1646,4,2024-10-29
3171,1132,4603,3,2024-11-01
3172,4629,4560,4,2026-01-09
3173,84,377,1,2025-03-15
3174,1459,124,5,2024-05-02
3175,2993,4496,1,2026-06-16
3176,421,4988,4,2024-01-27
3177,4804,3413,5,2026-04-06
3178,1921,319,1,2024-02-03
3179,4112,1838,5,2025-10-07
3180,2601,900,5,2024-02-02
3181,4851,812,1,2026-01-15
3182,2321,2541,3,2025-07-11
3183,4803,1560,2,2025-12-01
3184,212,1505,3,2025-09-11
3185,3231,1128,2,2026-06-24
3186,408,20,2,2025-07-22
3187,1944,971,3,2026-02-15
3188,3756,3288,4,2025-06-18
3189,1145,2023,1,2026-05-30
3190,1851,3772,5,2025-11-05
3191,3529,1499,3,2025-11-20
3192,3281,1931,3,2026-03-24
3193,2800,3813,2,2025-08-10
3194,2252,224,3,2024-12-20
3195,2730,2500,4,2024-02-27
3196,2318,1977,4,2026-05-15
3197,4390,2702,3,2025-07-14
3198,699,3681,1,2025-02-04
3199,4360,1864,1,2025-04-05
3200,2770,2201,5,2024-05-27
3201,1152,1443,2,2024-01-06
3202,3173,3119,1,2025-09-16
3203,2602,4424,2,2025-12-03
3204,1579,1722,3,2024-08-27
3205,1519,327,3,2024-03-19
3206,3159,1955,2,2024-05-21
3207,3065,133,5,2024-06-23
3208,4257,3672,1,2024-07-02
3209,3960,880,3,2024-04-16
3210,1626,3268,4,2026-04-18
3211,3926,1156,2,2026-04-14
3212,1276,3505,2,2026-04-03
3213,93,4684,2,2025-12-29
3214,870,3368,4,2026-04-06
3215,3944,2644,4,2025-10-16
3216,3397,3682,4,2024-06-23
3217,4041,4924,4,2025-11-02
3218,2776,4672,5,2024-08-25
3219,220,3712,1,2024-01-10
3220,4884,1778,2,2024-02-03
3221,2216,1337,5,2024-04-02
3222,2602,2786,3,2026-04-09
3223,3405,3219,4,2025-02-23
3224,2327,2078,5,2026-03-06
3225,4233,4140,3,2026-01-23
3226,2438,3989,1,2024-12-02
3227,2915,2896,2,2024-05-11
3228,3698,3684,3,2025-05-17
3229,3734,1784,4,2025-04-20
3230,156,2767,2,2024-09-23
3231,1648,4914,4,2024-11-05
3232,2110,2642,5,2026-07-15
3233,116,4042,2,2026-06-24
3234,2570,429,1,2026-05-12
3235,2484,4845,2,2025-02-15
3236,752,3376,4,2024-03-19
3237,3426,450,3,2025-06-07
3238,1531,1421,5,2026-04-21
3239,1882,4402,2,2026-07-14
3240,3326,273,1,2025-11-18
3241,82,2247,1,2025-09-28
3242,4119,4176,4,2024-08-31
3243,1763,413,1,2025-12-31
3244,2035,772,4,2026-07-20
3245,2161,1949,3,2026-01-10
3246,4738,2298,1,2025-12-12
3247,2659,1538,4,2024-09-17
3248,921,1116,2,2025-04-23
3249,4045,3801,4,2024-02-13
3250,1662,1224,1,2026-03-04
3251,3330,4158,4,2024-06-09
3252,2174,2926,3,2025-01-16
3253,3251,771,4,2024-04-13
3254,4148,1873,4,2026-02-23
3255,2489,4003,5,2025-11-24
3256,725,1514,2,2026-04-21
3257,3213,1270,3,2026-01-22
3258,2483,1429,3,2024-03-04
3259,3095,275,2,2025-07-11
3260,363,4575,1,2025-01-22
3261,4009,3064,4,2024-03-25
3262,3221,2874,2,2025-01-20
3263,786,2463,1,2025-02-05
3264,331,2410,3,2024-12-24
3265,2852,3137,5,2025-06-23
3266,1735,4763,4,2025-01-25
3267,513,3184,2,2024-05-27
3268,3189,434,5,2024-01-18
3269,2669,10,2,2024-07-14
3270,4258,419,5,2026-06-15
3271,2453,625,4,2024-06-22
3272,521,3844,3,2025-10-26
3273,4273,662,5,2025-11-15
3274,1224,2271,5,2024-07-17
3275,4104,3385,5,2024-03-01
3276,2984,4468,5,2024-06-24
3277,3454,4659,5,2025-06-17
3278,2236,785,1,2025-06-08
3279,2120,4015,2,2024-05-29
3280,2834,4266,1,2025-12-15
3281,4360,3284,5,2025-02-27
3282,4424,3161,5,2025-09-03
3283,1013,1605,5,2024-02-16
3284,3336,3846,3,2024-11-06
3285,743,4473,5,2025-04-15
3286,2839,2288,3,2025-01-21
3287,4334,360,3,2024-05-14
3288,2024,4973,4,2026-06-19
3289,1879,4285,1,2025-01-17
3290,4860,3380,4,2026-06-03
3291,1229,472,3,2025-03-02
3292,4807,1287,1,2025-12-20
3293,636,619,1,2025-07-08
3294,85,884,4,2026-01-28
3295,87,2185,5,2025-09-07
3296,1323,3052,2,2026-02-05
3297,3254,3215,2,2024-05-08
3298,4346,234,3,2024-11-07
3299,2865,2771,4,2026-05-15
3300,553,3497,1,2026-02-01
3301,1064,4689,2,2024-02-21
3302,3843,2359,3,2024-07-24
3303,1892,438,5,2024-10-31
3304,2616,4193,3,2025-07-05
3305,1026,4025,3,2025-09-12
3306,2538,3933,2,2025-10-25
3307,507,3319,5,2024-07-22
3308,1241,4837,4,2026-06-30
3309,4295,454,1,2024-07-09
3310,3303,3016,5,2025-03-24
3311,4105,1872,1,2024-05-30
3312,297,4706,3,2024-05-23
3313,615,2400,4,2025-02-19
3314,1132,588,4,2024-05-23
3315,3198,1829,2,2025-07-07
3316,1101,1163,2,2024-08-21
3317,305,579,4,2024-11-13
3318,2303,1208,4,2026-07-08
3319,2467,4957,2,2026-01-16
3320,4056,220,2,2026-01-24
3321,1960,2186,2,2026-07-04
3322,43,1232,1,2025-07-31
3323,883,1009,5,2024-02-27
3324,1860,2092,2,2025-08-21
3325,2772,4175,2,2024-06-14
3326,1605,2867,1,2025-10-23
3327,2894,1483,3,2026-03-22
3328,3924,3382,1,2025-01-16
3329,2497,145,5,2024-06-15
3330,3223,2763,4,2025-05-23
3331,4614,2764,1,2024-07-06
3332,4315,4840,4,2024-05-12
3333,1264,1141,5,2024-06-29
3334,4949,4617,5,2025-08-09
3335,3395,1670,2,2025-09-24
3336,4509,299,4,2024-12-21
3337,905,3354,3,2024-05-27
3338,2819,484,3,2024-11-21
3339,1980,1878,5,2025-12-04
3340,1115,2523,5,2026-02-19
3341,4008,565,3,2024-05-30
3342,598,1537,4,2026-02-02
3343,2639,1828,1,2026-02-05
3344,2057,2186,1,2024-04-23
3345,1469,1728,4,2025-05-19
3346,1087,3029,3,2025-11-18
3347,3279,3248,1,2025-07-21
3348,2522,2895,2,2024-10-27
3349,2815,1923,4,2026-07-15
3350,1286,2274,2,2024-06-07
3351,1240,4601,1,2026-06-04
3352,852,2754,5,2025-11-03
3353,4025,833,2,2026-06-29
3354,1846,1718,1,2026-01-17
3355,3421,3894,3,2026-07-28
3356,3353,2779,4,2025-10-12
3357,2018,3178,3,2025-08-12
3358,1448,3923,4,2024-04-10
3359,4104,2708,5,2026-07-29
3360,3472,4301,3,2025-10-23
3361,3646,2410,4,2024-10-22
3362,2212,1646,2,2026-03-08
3363,3729,579,2,2025-02-11
3364,3215,4476,4,2025-02-03
3365,757,4612,1,2024-05-28
3366,810,2063,2,2025-04-08
3367,3836,3591,4,2025-02-18
3368,94,4110,4,2025-01-21
3369,2001,2826,2,2026-07-03
3370,3589,1021,1,2024-07-27
3371,3265,3914,3,2024-08-22
3372,4214,525,1,2026-01-03
3373,4004,308,3,2026-05-05
3374,3731,204,5,2025-02-10
3375,4065,3614,2,2024-09-25
3376,4063,3898,2,2025-08-30
3377,341,2462,3,2026-03-27
3378,256,4543,5,2025-03-18
3379,2287,626,5,2025-06-01
3380,1638,4757,5,2024-06-20
3381,3936,1013,5,2025-02-20
3382,3132,4473,1,2024-05-07
3383,564,1692,5,2024-04-09
3384,4802,4420,5,2024-11-12
3385,879,4965,3,2025-02-07
3386,2074,4902,2,2026-02-12
3387,3352,97,3,2024-09-19
3388,4447,4422,3,2026-07-26
3389,4957,4751,4,2025-06-17
3390,649,4234,5,2026-05-11
3391,1302,1104,2,2026-01-09
3392,1985,2302,2,2024-04-01
3393,550,2113,5,2025-07-26
3394,2051,2270,2,2024-08-05
3395,1197,4969,4,2024-03-27
3396,1771,1601,4,2024-05-23
3397,3427,2362,3,2024-07-22
3398,1545,3942,2,2024-02-22
3399,743,800,5,2026-01-03
3400,69,2218,3,2024-08-31
3401,2239,3739,5,2025-11-20
3402,1126,1415,4,2025-01-27
3403,607,428,5,2024-05-08
3404,288,794,2,2024-08-27
3405,4339,4768,5,2024-11-24
3406,1936,3807,4,2024-02-28
3407,4955,4332,4,2025-03-30
3408,2062,481,5,2025-05-12
3409,2535,1982,1,2025-11-23
3410,901,1190,3,2024-02-18
3411,2064,3553,2,2025-12-07
3412,744,788,2,2026-05-25
3413,2433,3588,4,2026-05-29
3414,1912,3329,3,2024-04-19
3415,2536,1982,2,2025-09-10
3416,2328,2169,4,2025-09-30
3417,4424,1825,1,2025-06-12
3418,164,2291,3,2024-11-04
3419,2993,2269,4,2026-03-20
3420,2328,296,5,2024-10-18
3421,1754,2943,2,2024-09-22
3422,2293,3563,5,2026-01-12
3423,1392,4204,3,2024-05-10
3424,4908,2332,3,2025-07-29
3425,2592,2359,3,2024-02-09
3426,209,921,4,2024-06-26
3427,3115,2891,3,2025-06-05
3428,4550,2218,5,2025-03-20
3429,1273,1066,1,2024-01-22
3430,559,264,1,2024-06-10
3431,763,2327,4,2024-10-25
3432,1278,850,4,2024-05-02
3433,421,2520,3,2025-04-16
3434,4452,3975,5,2025-08-09
3435,2029,3058,2,2025-07-21
3436,591,268,4,2024-04-30
3437,2882,1220,3,2025-08-18
3438,3327,4743,2,2024-02-12
3439,2854,3740,1,2025-02-18
3440,2716,3112,5,2024-05-06
3441,4556,4612,5,2026-05-09
3442,4090,2832,2,2024-03-04
3443,1884,3509,5,2024-06-16
3444,996,2327,5,2025-10-08
3445,4209,2716,3,2026-01-23
3446,2690,1373,5,2024-12-24
3447,2350,2018,5,2025-03-28
3448,1278,4645,1,2024-06-27
3449,1926,432,2,2026-03-20
3450,2358,3591,5,2024-09-10
3451,2968,3003,3,2025-06-11
3452,2381,411,1,2025-01-27
3453,4870,1476,2,2025-05-01
3454,4219,3284,3,2024-04-22
3455,1799,2819,4,2025-05-08
3456,4938,3306,3,2025-11-03
3457,2229,3384,2,2024-06-03
3458,4506,544,3,2024-04-22
3459,510,2095,2,2026-04-15
3460,1763,2304,1,2024-11-09
3461,1688,4297,2,2026-02-15
3462,688,1184,3,2026-04-04
3463,3276,2857,2,2024-06-11
3464,648,1676,2,2026-07-19
3465,89,2448,1,2024-04-06
3466,34,769,2,2025-08-15
3467,3475,3161,5,2025-11-12
3468,2606,2580,1,2025-09-29
3469,543,3967,5,2024-10-24
3470,1131,2229,5,2025-04-01
3471,2624,4901,3,2024-01-27
3472,1986,381,2,2025-06-14
3473,4283,2267,4,2026-02-07
3474,211,4367,3,2025-01-31
3475,2085,758,3,2025-12-14
3476,3578,3315,5,2025-12-08
3477,2211,3417,1,2025-03-18
3478,2695,3044,5,2025-09-10
3479,2314,1340,1,2024-05-16
3480,3080,370,3,2025-07-22
3481,2252,2479,1,2025-02-16
3482,2564,3093,2,2026-06-10
3483,99,1403,1,2026-03-04
3484,4994,2377,2,2026-05-22
3485,4668,511,1,2026-02-01
3486,4955,4442,4,2026-04-10
3487,4711,11,2,2024-08-04
3488,380,601,4,2026-05-20
3489,2583,3873,3,2026-01-28
3490,1279,3252,4,2025-05-12
3491,2349,1692,4,2024-10-04
3492,305,4599,5,2026-04-26
3493,2026,2307,2,2024-11-28
3494,3814,4523,1,2026-07-09
3495,2550,1170,1,2024-08-27
3496,3902,344,1,2024-07-13
3497,948,616,3,2026-07-01
3498,3665,2641,2,2026-03-27
3499,2263,4980,1,2024-04-03
3500,2191,1241,1,2024-02-27
3501,4713,2878,2,2024-08-17
3502,926,677,5,2025-12-15
3503,816,934,4,2025-01-20
3504,719,3792,1,2025-10-02
3505,2433,4599,4,2026-07-25
3506,1706,785,1,2024-05-15
3507,1823,2427,3,2024-02-01
3508,4333,4575,3,2024-04-09
3509,4831,1122,4,2025-01-16
3510,3336,1368,3,2024-11-18
3511,1188,1352,1,2025-11-19
3512,3426,4412,5,2024-05-02
3513,2590,4556,3,2025-02-12
3514,2018,674,3,2024-12-02
3515,1701,3044,2,2026-01-04
3516,3446,707,1,2025-05-10
3517,2970,668,3,2024-03-01
3518,2652,876,1,2025-05-20
3519,3569,3751,3,2025-12-21
3520,2023,4903,2,2024-09-10
3521,655,4341,2,2025-01-05
3522,4319,4452,1,2024-08-06
3523,1500,1195,2,2024-01-09
3524,2646,1224,1,2025-09-02
3525,43,72,4,2024-08-19
3526,2668,3380,1,2025-05-22
3527,784,2170,1,2024-09-27
3528,2811,2229,1,2025-08-17
3529,1282,4233,3,2025-01-13
3530,2557,1085,5,2024-10-05
3531,2948,1360,2,2026-07-02
3532,3732,68,1,2024-06-20
3533,4810,1632,5,2024-01-13
3534,4885,2319,1,2026-03-12
3535,2512,2127,2,2025-05-28
3536,2753,2089,5,2025-08-02
3537,3403,1725,4,2025-02-23
3538,4956,2876,5,2025-10-11
3539,1348,4189,2,2025-06-17
3540,1167,2535,3,2025-09-27
3541,1221,3239,1,2025-10-02
3542,2038,797,3,2025-01-28
3543,3220,3372,1,2024-09-21
3544,2903,1256,4,2024-10-15
3545,1564,313,2,2026-06-27
3546,4037,2263,4,2026-05-20
3547,1122,3553,3,2024-01-18
3548,273,363,5,2025-03-02
3549,4149,4963,4,2024-09-10
3550,3634,3058,3,2026-05-22
3551,1232,643,2,2025-06-06
3552,1121,4266,2,2024-06-25
3553,737,4068,2,2024-05-22
3554,3681,3891,3,2025-03-30
3555,2354,4,3,2024-09-08
3556,1719,3468,2,2026-07-22
3557,4537,3955,4,2025-11-29
3558,4383,4504,4,2026-03-22
3559,2146,2294,4,2026-01-08
3560,4756,531,3,2026-04-16
3561,2240,4449,4,2025-01-14
3562,3821,2158,3,2026-05-14
3563,1564,4490,4,2024-11-17
3564,1808,4161,3,2024-01-03
3565,4068,2021,1,2024-04-02
3566,3267,1455,3,2026-03-30
3567,1737,2678,3,2025-01-18
3568,356,2694,3,2025-09-03
3569,1336,252,4,2025-03-31
3570,3304,4892,5,2024-06-01
3571,4513,4550,4,2024-10-19
3572,4333,3613,5,2025-10-19
3573,57,2990,2,2024-06-05
3574,396,392,5,2025-03-10
3575,3845,3296,5,2025-11-21
3576,1901,4609,3,2025-03-12
3577,1774,4972,5,2026-03-23
3578,54,2569,1,2024-06-30
3579,318,1485,2,2024-03-10
3580,839,2576,3,2025-08-31
3581,2039,2468,3,2026-04-27
3582,658,2067,5,2025-11-04
3583,2278,1958,2,2025-08-02
3584,1196,3453,4,2024-11-19
3585,1271,2514,4,2025-10-27
3586,3823,3867,4,2025-12-24
3587,1255,4681,5,2024-08-10
3588,3986,2530,4,2026-06-10
3589,3573,4507,3,2024-07-03
3590,4405,2711,5,2024-08-18
3591,987,733,4,2025-04-28
3592,3723,1229,4,2024-08-24
3593,1445,3791,4,2025-01-05
3594,2103,3405,1,2025-10-04
3595,1605,4619,5,2025-11-09
3596,2975,2312,3,2025-09-05
3597,4353,2855,3,2024-11-17
3598,544,2988,1,2024-05-27
3599,2236,193,2,2026-02-25
3600,4980,2990,3,2025-09-25
3601,4671,3918,1,2024-09-04
3602,906,674,5,2025-07-11
3603,306,4586,4,2024-04-22
3604,2346,3399,4,2026-07-04
3605,4140,3365,1,2024-08-20
3606,2809,1156,5,2026-07-23
3607,3475,2111,3,2025-07-15
3608,1809,3024,4,2024-10-19
3609,2556,538,3,2024-12-19
3610,1135,2641,4,2025-07-24
3611,1942,1210,5,2024-03-21
3612,2190,4308,1,2025-11-15
3613,527,2958,1,2024-05-16
3614,4048,936,1,2026-01-06
3615,4116,2251,4,2025-04-07
3616,2347,1896,4,2025-10-29
3617,2364,1866,2,2026-03-05
3618,746,83,5,2025-02-26
3619,4289,3310,2,2024-09-29
3620,123,2992,2,2026-02-06
3621,1874,1964,2,2024-03-25
3622,2675,4281,3,2025-12-07
3623,4894,4146,3,2025-12-05
3624,3367,3338,2,2025-07-22
3625,47,88,3,2025-07-11
3626,1959,460,4,2024-03-21
3627,2906,4320,2,2026-06-09
3628,1872,3434,4,2026-06-24
3629,731,754,2,2025-02-13
3630,1791,1476,5,2026-04-14
3631,4348,285,5,2025-11-28
3632,4842,690,2,2025-02-09
3633,3106,2312,5,2025-12-01
3634,296,4049,5,2024-06-25
3635,1578,1758,3,2024-03-30
3636,1937,1824,2,2026-06-22
3637,1350,2634,1,2026-03-26
3638,4290,3208,3,2025-01-17
3639,3571,3407,2,2024-07-06
3640,4887,309,5,2025-09-15
3641,4757,2579,3,2026-05-11
3642,1851,4226,2,2024-03-29
3643,4064,662,2,2026-03-15
3644,4067,2773,1,2025-04-19
3645,3781,3281,4,2025-04-11
3646,2093,3722,5,2025-12-27
3647,904,1417,2,2024-08-31
3648,259,2531,4,2025-09-09
3649,3841,606,2,2024-01-16
3650,4632,1030,1,2025-07-10
3651,4777,1035,1,2026-04-04
3652,3878,4422,4,2024-12-10
3653,3521,4762,4,2024-05-10
3654,2117,2617,3,2025-06-28
3655,511,1700,4,2026-07-29
3656,2701,3068,5,2026-05-17
3657,4179,1342,1,2024-09-30
3658,1786,3133,1,2025-05-14
3659,1797,1044,1,2024-12-13
3660,3433,2751,5,2025-11-20
3661,858,2892,1,2024-07-17
3662,4830,195,3,2025-02-09
3663,1199,111,4,2026-04-19
3664,333,4746,1,2024-06-24
3665,2510,3819,2,2026-07-22
3666,3186,714,1,2025-07-08
3667,4624,2754,5,2024-03-17
3668,2513,2192,1,2024-06-07
3669,2442,3302,2,2025-04-15
3670,2189,1069,3,2026-05-07
3671,1810,4882,4,2026-03-24
3672,792,3940,2,2025-01-29
3673,1004,1142,1,2026-03-24
3674,3614,1205,3,2025-09-01
3675,81,1599,2,2025-08-29
3676,786,4824,2,2025-03-07
3677,1351,2949,5,2026-08-08
3678,2942,1231,5,2024-05-25
3679,4536,727,2,2025-11-20
3680,3282,1419,1,2025-09-22
3681,96,711,5,2025-11-19
3682,4930,1928,5,2024-07-29
3683,3854,379,1,2025-01-27
3684,2808,151,4,2026-01-07
3685,1301,564,4,2026-01-12
3686,3636,674,2,2024-01-27
3687,619,4237,3,2025-08-22
3688,1331,3330,3,2026-01-09
3689,2155,4433,3,2026-03-20
3690,448,1701,5,2024-04-19
3691,3944,1838,3,2024-04-11
3692,4054,1019,1,2026-07-15
3693,3175,55,3,2024-09-23
3694,3624,1100,2,2026-01-03
3695,4808,4020,1,2025-08-17
3696,3252,4480,3,2025-12-03
3697,3476,4231,2,2025-10-16
3698,4893,755,1,2025-04-01
3699,2087,4717,2,2026-06-24
3700,792,403,5,2025-02-08
3701,3894,2507,5,2024-04-15
3702,4211,1908,5,2025-04-13
3703,554,4393,2,2024-11-18
3704,503,1683,1,2025-04-03
3705,193,4073,2,2024-02-19
3706,3023,1350,1,2026-07-22
3707,3477,3654,2,2026-04-02
3708,3171,966,1,2024-01-30
3709,4157,1509,4,2024-03-31
3710,4526,3811,3,2024-03-25
3711,3206,705,5,2024-02-04
3712,362,1526,4,2024-10-16
3713,4486,3707,4,2025-11-02
3714,2659,352,2,2025-07-22
3715,1242,1332,5,2025-01-20
3716,3821,2244,5,2026-05-31
3717,766,2077,3,2026-05-19
3718,3338,29,4,2025-08-13
3719,2999,4251,4,2024-10-05
3720,3747,3237,3,2024-09-14
3721,389,3843,4,2025-11-13
3722,536,1453,4,2024-09-07
3723,3861,1022,4,2025-03-04
3724,368,4679,3,2025-12-26
3725,4792,4596,5,2024-01-15
3726,3211,4324,5,2024-04-14
3727,3308,1512,5,2024-10-16
3728,4116,4740,2,2026-03-09
3729,419,948,1,2026-05-11
3730,1506,2520,4,2025-05-28
3731,1940,502,5,2024-11-11
3732,1693,4239,1,2025-07-16
3733,4836,1746,3,2024-08-04
3734,4681,4773,5,2025-04-13
3735,4486,2375,1,2024-03-31
3736,704,2412,3,2024-04-05
3737,2638,661,1,2026-03-26
3738,3338,2342,5,2026-06-14
3739,3568,3405,3,2025-03-18
3740,3926,4302,3,2025-08-16
3741,3768,825,4,2025-02-20
3742,3326,580,3,2024-05-27
3743,3229,3709,4,2025-12-20
3744,4888,1412,2,2025-07-04
3745,3382,756,2,2024-10-03
3746,1608,4676,1,2024-05-26
3747,331,4519,2,2024-01-17
3748,3079,2439,1,2026-04-19
3749,2741,779,1,2024-07-15
3750,3185,1784,5,2024-05-24
3751,4103,2904,4,2025-04-13
3752,194,3912,5,2025-05-27
3753,407,2556,4,2024-02-21
3754,1388,169,3,2024-09-11
3755,3386,778,2,2025-01-26
3756,2158,3111,4,2024-03-24
3757,2338,4510,3,2024-09-07
3758,1597,2619,1,2026-06-05
3759,2094,4490,3,2025-02-22
3760,1551,3502,2,2025-08-20
3761,3296,3483,2,2025-07-12
3762,1897,2982,4,2026-01-16
3763,3467,4179,1,2026-04-18
3764,405,2210,1,2024-02-11
3765,866,3346,5,2026-07-06
3766,785,2716,3,2025-05-23
3767,238,1974,1,2024-07-26
3768,628,3215,4,2025-02-01
3769,2314,149,5,2025-08-25
3770,2840,1186,2,2025-09-08
3771,1795,585,1,2024-03-25
3772,4362,2296,3,2024-06-17
3773,1587,4555,2,2026-03-20
3774,1929,1722,2,2026-03-22
3775,4085,2064,5,2024-06-15
3776,3167,2335,1,2025-02-07
3777,631,3929,3,2025-01-03
3778,2508,4340,4,2026-06-03
3779,4113,1723,5,2026-04-30
3780,2683,2244,2,2026-04-14
3781,4761,4072,3,2026-05-30
3782,4390,1813,4,2024-07-25
3783,1781,4410,5,2024-04-09
3784,1734,1138,4,2025-12-30
3785,4890,569,5,2024-07-13
3786,1399,774,3,2026-06-14
3787,2981,826,5,2024-10-26
3788,4359,4096,1,2025-12-26
3789,3023,3115,4,2025-01-18
3790,4983,2867,5,2025-08-08
3791,2755,4877,4,2026-01-27
3792,4217,667,5,2026-04-24
3793,759,4807,5,2026-05-26
3794,1060,2355,5,2024-04-23
3795,181,3950,2,2026-01-09
3796,4962,4869,3,2024-07-18
3797,825,2942,4,2026-01-04
3798,855,1318,5,2026-02-21
3799,764,4049,4,2026-06-04
3800,4545,194,1,2025-03-01
3801,544,860,2,2024-06-01
3802,1930,3235,4,2024-03-22
3803,4963,2297,5,2024-03-20
3804,3165,3725,3,2025-03-14
3805,1267,1866,3,2025-01-23
3806,3189,1364,2,2024-03-20
3807,2803,1271,2,2026-02-04
3808,4762,1855,4,2024-07-11
3809,3115,3582,1,2024-10-06
3810,670,2058,1,2025-04-18
3811,2494,4316,3,2026-07-04
3812,1752,2011,4,2024-11-07
3813,271,4442,3,2024-01-14
3814,3120,489,2,2025-06-21
3815,2887,2244,1,2024-04-28
3816,2694,2623,4,2025-07-13
3817,2652,432,1,2025-08-13
3818,1285,381,5,2025-06-05
3819,2865,2066,1,2026-05-21
3820,2277,291,4,2025-12-12
3821,4227,3029,2,2024-07-10
3822,885,2289,2,2026-04-19
3823,4365,404,2,2024-07-18
3824,4447,1551,1,2026-02-07
3825,2950,164,2,2024-10-30
3826,921,4946,3,2024-11-03
3827,3580,143,4,2026-02-09
3828,681,466,4,2025-03-01
3829,2566,917,5,2024-01-06
3830,4576,1200,1,2024-07-21
3831,2121,4729,2,2025-11-16
3832,1155,1150,1,2025-07-11
3833,4677,1569,4,2024-10-17
3834,2606,1612,5,2026-01-23
3835,2312,2553,4,2024-03-25
3836,1912,1901,2,2026-01-26
3837,3595,3459,4,2024-09-08
3838,1454,3271,2,2025-01-15
3839,2814,2398,4,2025-05-10
3840,1032,822,1,2026-07-19
3841,4383,3683,4,2026-04-19
3842,876,4212,2,2025-11-13
3843,4868,2664,4,2025-06-16
3844,295,3374,3,2024-12-23
3845,3050,3618,4,2026-04-11
3846,3237,1318,5,2024-04-23
3847,2464,737,4,2024-10-21
3848,1148,1080,5,2024-11-29
3849,57,430,4,2024-06-22
3850,1148,3755,2,2024-11-30
3851,983,729,3,2024-04-01
3852,2828,1932,4,2026-05-24
3853,2188,3723,4,2024-07-31
3854,635,1940,3,2026-05-06
3855,823,1801,2,2025-03-09
3856,60,4088,5,2024-07-10
3857,1063,2738,2,2026-01-23
3858,2058,3543,3,2025-02-18
3859,4656,1184,5,2025-04-16
3860,3000,4177,1,2024-12-08
3861,2157,4159,2,2024-02-01
3862,4728,4490,1,2024-01-08
3863,4410,2981,5,2026-02-21
3864,2591,1785,1,2024-04-23
3865,4022,1838,5,2026-03-23
3866,2810,2628,1,2026-03-06
3867,1538,2723,3,2026-03-25
3868,2656,4824,1,2024-08-04
3869,3474,4682,1,2025-12-25
3870,1714,1705,1,2024-07-17
3871,3047,2303,3,2025-01-19
3872,2877,3307,5,2026-05-29
3873,4918,4851,3,2024-09-25
3874,2131,1777,1,2025-10-01
3875,3640,3555,3,2025-11-20
3876,712,672,2,2026-01-13
3877,161,2942,5,2024-09-11
3878,3304,4944,2,2026-04-11
3879,1833,631,5,2024-04-10
3880,4989,2671,4,2026-06-01
3881,4232,904,4,2024-07-08
3882,876,2543,4,2026-02-28
3883,47,3470,5,2026-01-16
3884,4643,4593,1,2024-06-16
3885,317,2869,3,2025-02-25
3886,4574,2389,1,2025-08-02
3887,1169,1050,1,2025-11-26
3888,288,402,4,2024-01-04
3889,3998,2093,3,2025-12-07
3890,178,3314,1,2026-07-23
3891,1219,2709,2,2026-02-28
3892,2953,190,3,2024-08-09
3893,2566,371,3,2025-11-09
3894,1823,1824,2,2026-03-24
3895,2687,3175,1,2024-02-01
3896,691,1839,2,2025-05-31
3897,4956,4157,2,2025-11-23
3898,1706,3339,2,2024-07-21
3899,1377,3379,4,2024-10-14
3900,4234,3062,4,2025-05-17
3901,1690,2844,5,2025-04-20
3902,3416,2673,3,2024-11-09
3903,603,3392,4,2025-12-27
3904,775,435,2,2026-03-24
3905,3463,2317,4,2024-06-11
3906,517,4440,3,2025-09-05
3907,2465,3509,1,2024-11-06
3908,3241,3302,5,2024-12-14
3909,3682,944,5,2025-02-07
3910,4780,1740,2,2026-02-11
3911,4602,2150,3,2025-09-09
3912,4110,751,2,2024-11-08
3913,137,897,4,2025-11-09
3914,2974,3023,3,2026-04-29
3915,3274,1367,5,2024-11-02
3916,4690,1955,3,2026-01-10
3917,1357,3116,3,2024-11-13
3918,4841,2414,3,2026-03-19
3919,1931,1269,5,2025-11-29
3920,2110,607,5,2026-02-28
3921,3811,2173,1,2026-03-17
3922,2428,2921,2,2025-12-19
3923,2354,460,5,2025-12-17
3924,519,1867,1,2025-06-20
3925,4488,449,1,2025-11-29
3926,1042,3096,2,2026-03-26
3927,1210,1495,3,2025-11-24
3928,3412,2480,3,2025-05-31
3929,2952,843,4,2025-12-29
3930,4117,36,3,2024-11-11
3931,1186,2504,4,2024-09-18
3932,4835,3962,2,2025-03-21
3933,586,3387,1,2026-07-08
3934,4210,3822,3,2024-09-27
3935,154,3813,2,2024-08-08
3936,2292,1143,5,2024-11-14
3937,4556,842,4,2024-01-08
3938,823,2144,3,2025-03-12
3939,441,2393,3,2026-07-11
3940,2786,3342,1,2024-12-09
3941,1963,4468,1,2025-09-28
3942,4192,1288,5,2025-02-06
3943,2592,3902,1,2026-05-25
3944,877,1854,1,2025-08-27
3945,3073,537,1,2025-03-11
3946,4599,3859,4,2025-03-23
3947,3664,1584,4,2026-05-07
3948,4495,2920,5,2026-04-19
3949,3234,2801,3,2025-11-21
3950,2687,958,4,2024-04-22
3951,1874,3033,4,2026-04-25
3952,1126,2094,2,2024-04-14
3953,1842,1211,2,2024-03-10
3954,4084,830,2,2024-12-26
3955,3006,2570,1,2025-01-10
3956,2200,1845,3,2026-05-16
3957,103,520,1,2024-04-21
3958,3891,3087,2,2024-06-01
3959,4269,4303,3,2024-05-31
3960,4113,2894,3,2026-06-16
3961,757,4799,4,2025-12-17
3962,2349,4493,1,2024-03-16
3963,4012,1828,5,2024-08-18
3964,2388,3157,2,2025-08-10
3965,1946,1315,1,2024-03-14
3966,4282,300,1,2025-08-29
3967,3392,4652,4,2025-03-04
3968,1969,3496,5,2024-09-19
3969,4328,2697,1,2024-08-05
3970,2721,3604,4,2024-03-17
3971,3027,1246,1,2025-03-04
3972,2351,1358,1,2024-12-01
3973,1486,4052,1,2024-12-13
3974,551,3656,3,2024-05-08
3975,28,214,3,2025-01-21
3976,2573,1036,5,2024-03-12
3977,427,1551,1,2026-06-29
3978,3466,3236,2,2026-06-29
3979,4908,4579,2,2024-10-22
3980,2769,2211,4,2024-03-10
3981,1633,4546,3,2024-09-05
3982,620,881,5,2026-01-05
3983,4814,812,4,2024-10-05
3984,2232,37,4,2026-04-12
3985,2813,3565,5,2026-05-23
3986,4817,958,2,2025-03-16
3987,4566,193,3,2026-06-16
3988,1499,3851,2,2024-10-24
3989,667,1424,3,2025-12-02
3990,134,4533,3,2024-07-06
3991,3628,2723,5,2026-08-03
3992,1266,3892,2,2025-07-10
3993,4245,2595,4,2024-07-10
3994,1287,4295,5,2024-05-28
3995,4916,3784,3,2026-04-29
3996,2659,4464,5,2026-04-18
3997,849,3093,1,2025-09-28
3998,1065,3402,1,2026-01-23
3999,3890,3984,1,2025-09-28
4000,309,2248,4,2026-02-03
4001,2640,3144,2,2024-06-14
4002,3725,1445,1,2024-08-01
4003,557,4411,5,2024-01-19
4004,517,3931,1,2026-01-27
4005,1338,2642,1,2024-01-21
4006,684,3621,4,2024-06-21
4007,1817,2949,5,2026-02-20
4008,1784,4241,4,2024-05-24
4009,3162,1183,4,2024-07-24
4010,4403,3210,4,2024-12-26
4011,65,854,4,2024-04-06
4012,3933,2283,4,2024-02-09
4013,4119,4458,4,2024-01-07
4014,3951,661,4,2025-01-12
4015,686,4191,5,2026-05-08
4016,2794,2306,1,2024-08-12
4017,3735,4731,3,2024-02-22
4018,2653,1483,4,2024-11-13
4019,4448,3680,4,2025-03-14
4020,2743,69,2,2025-03-16
4021,2645,3539,3,2025-06-30
4022,3584,4595,5,2024-06-02
4023,3497,3906,1,2024-09-05
4024,1194,1197,4,2024-10-01
4025,3646,2516,1,2025-10-24
4026,4911,1945,1,2024-03-16
4027,2430,4635,5,2024-03-10
4028,652,468,5,2026-06-18
4029,939,1061,5,2026-05-27
4030,1460,1372,2,2024-12-17
4031,2176,4729,5,2024-06-23
4032,3961,4193,5,2025-07-26
4033,4591,2808,1,2025-03-22
4034,427,2571,2,2024-01-11
4035,1005,2478,1,2025-11-17
4036,2238,1003,5,2026-02-25
4037,2520,4402,4,2026-04-27
4038,3966,4184,1,2024-05-30
4039,701,2132,2,2024-01-15
4040,3723,953,5,2025-09-28
4041,104,3026,3,2024-02-17
4042,2741,2585,2,2026-04-22
4043,4463,4171,5,2026-03-31
4044,1601,3261,2,2024-12-01
4045,4583,2903,4,2025-03-06
4046,2177,3137,2,2024-10-29
4047,2526,150,4,2025-04-29
4048,2656,3897,2,2025-01-19
4049,1832,3352,4,2025-04-22
4050,4112,3063,3,2025-10-23
4051,1176,4975,3,2024-10-11
4052,1934,3381,4,2025-12-17
4053,1958,4191,3,2024-10-06
4054,3462,3600,5,2024-04-19
4055,2628,1015,2,2024-01-12
4056,659,177,4,2025-06-12
4057,3113,3246,4,2024-09-15
4058,3452,4754,4,2024-06-12
4059,3451,2901,5,2025-08-20
4060,2544,2401,5,2025-12-17
4061,335,80,4,2024-10-14
4062,2164,3844,4,2025-02-26
4063,1900,2011,2,2026-05-25
4064,4035,248,3,2024-02-15
4065,504,2070,4,2025-02-09
4066,1950,4342,4,2024-04-17
4067,25,4065,5,2024-04-08
4068,3394,1070,5,2026-04-16
4069,1363,3292,5,2026-01-21
4070,904,224,5,2025-11-16
4071,586,2058,2,2026-07-02
4072,2025,4284,5,2025-05-13
4073,2720,529,5,2026-04-01
4074,2922,4636,3,2025-10-25
4075,949,4861,3,2026-07-08
4076,1274,138,1,2026-06-09
4077,4387,2696,3,2025-03-27
4078,2416,965,5,2026-07-05
4079,3957,70,4,2026-04-03
4080,2268,4797,1,2024-12-03
4081,3364,2996,5,2024-07-23
4082,885,2939,2,2026-06-11
4083,4532,420,2,2025-09-08
4084,248,1864,4,2025-04-14
4085,1729,4163,4,2025-11-12
4086,3943,278,3,2026-05-23
4087,1814,247,5,2026-01-01
4088,1139,4711,1,2024-02-13
4089,3336,2357,3,2024-05-15
4090,3649,2567,3,2025-08-29
4091,176,2869,4,2024-11-22
4092,330,31,5,2025-05-04
4093,2195,1146,4,2024-03-10
4094,4162,714,2,2024-04-20
4095,2902,3128,5,2026-06-30
4096,3882,1454,5,2024-02-03
4097,3114,109,4,2026-04-23
4098,280,2555,3,2026-07-20
4099,1817,1599,3,2024-09-02
4100,4428,2238,1,2025-08-09
4101,652,3662,3,2026-04-29
4102,4810,2078,5,2026-01-22
4103,1155,3210,4,2025-10-04
4104,4272,119,5,2025-03-06
4105,508,4896,1,2026-01-16
4106,486,2503,5,2025-03-05
4107,244,1416,1,2025-01-11
4108,3043,4616,4,2025-12-10
4109,2827,460,3,2024-11-16
4110,768,3509,4,2025-07-01
4111,4267,3024,2,2025-06-12
4112,1143,4460,4,2025-07-10
4113,3082,2606,5,2024-07-23
4114,3853,4636,5,2024-09-11
4115,1156,2397,2,2025-06-08
4116,1650,1338,5,2024-09-21
4117,814,2520,5,2024-11-03
4118,3346,4131,4,2025-07-13
4119,4049,4259,1,2026-04-15
4120,3862,4223,1,2024-09-12
4121,3314,3879,4,2026-07-12
4122,3105,3747,3,2024-01-27
4123,1641,4667,1,2024-02-07
4124,2419,955,4,2025-12-05
4125,449,4517,4,2025-11-21
4126,1893,4943,5,2025-05-24
4127,3790,2712,4,2024-01-24
4128,4532,783,5,2026-02-15
4129,3692,741,3,2024-08-16
4130,1697,4246,4,2024-10-07
4131,1366,2009,2,2025-11-07
4132,4894,2030,1,2025-03-17
4133,3490,298,5,2025-11-27
4134,3126,655,2,2026-08-03
4135,2250,61,4,2025-07-14
4136,3737,2139,2,2025-11-03
4137,2433,2947,2,2024-12-23
4138,2497,2933,2,2026-02-26
4139,3108,4921,5,2024-02-01
4140,4043,2751,3,2026-02-04
4141,1892,2565,5,2024-10-21
4142,912,1171,3,2024-06-19
4143,1076,4825,2,2025-08-31
4144,1567,4526,3,2025-12-08
4145,1206,489,4,2026-05-10
4146,1932,1965,5,2024-06-24
4147,1827,4563,1,2025-10-12
4148,3017,1180,5,2026-05-31
4149,4947,839,2,2024-07-16
4150,3235,4580,5,2024-06-23
4151,3070,2265,3,2025-10-28
4152,2573,4575,1,2025-11-19
4153,4044,1801,1,2025-01-23
4154,817,2472,5,2024-11-02
4155,122,2648,5,2026-04-10
4156,3331,1127,1,2026-06-11
4157,242,363,5,2025-09-15
4158,810,1422,5,2025-12-26
4159,2820,78,1,2025-04-30
4160,2738,1957,2,2026-07-11
4161,399,1378,1,2026-06-10
4162,3350,1205,3,2025-11-11
4163,4347,1228,2,2026-01-21
4164,736,3414,3,2025-07-27
4165,4432,767,2,2025-06-04
4166,2734,3713,4,2026-05-11
4167,714,3785,1,2025-04-13
4168,3930,810,4,2026-02-03
4169,2652,3057,3,2024-01-05
4170,2774,841,4,2024-08-31
4171,422,1707,3,2024-06-13
4172,533,957,5,2024-09-03
4173,4143,928,3,2026-03-13
4174,3715,3437,4,2024-09-11
4175,4560,4782,5,2025-07-13
4176,976,3880,2,2024-12-16
4177,877,4933,1,2024-06-29
4178,3577,2826,4,2025-08-18
4179,1977,1763,2,2024-10-02
4180,4759,1580,5,2024-02-06
4181,2841,512,4,2025-10-10
4182,101,2305,4,2024-04-13
4183,3315,4827,1,2025-09-30
4184,1834,3282,1,2025-11-01
4185,3560,1923,1,2024-07-07
4186,1790,703,2,2024-09-17
4187,2329,925,2,2025-10-17
4188,3400,2881,1,2026-02-05
4189,1577,3574,4,2025-11-01
4190,4097,1012,1,2026-06-25
4191,2721,870,4,2025-06-25
4192,2423,4064,2,2025-04-16
4193,2068,3390,4,2024-02-03
4194,4093,271,3,2026-04-29
4195,1947,4665,1,2026-07-02
4196,3189,468,4,2024-12-02
4197,81,1106,3,2025-08-21
4198,2339,297,1,2026-06-26
4199,168,4651,5,2024-01-14
4200,4786,2822,4,2026-01-31
4201,272,1654,5,2025-11-21
4202,3843,4074,1,2026-03-25
4203,3299,3808,1,2024-10-25
4204,88,1158,5,2024-07-25
4205,2507,4853,5,2025-11-08
4206,4131,4523,2,2025-12-17
4207,911,1190,5,2025-03-20
4208,3436,4710,4,2024-09-29
4209,1703,2416,3,2024-04-04
4210,2503,3508,4,2024-09-25
4211,4134,672,2,2025-07-27
4212,2836,1131,3,2024-12-18
4213,3964,3853,4,2024-09-06
4214,1945,3120,1,2025-09-26
4215,2886,3744,1,2025-12-01
4216,653,2111,3,2024-10-12
4217,984,4149,5,2026-01-20
4218,1509,1417,1,2024-05-23
4219,1774,4132,3,2026-06-29
4220,3263,635,1,2024-12-09
4221,3178,3897,3,2024-12-17
4222,1709,1849,3,2024-03-09
4223,4622,1244,2,2025-01-23
4224,4315,114,4,2026-01-09
4225,4845,1016,3,2025-04-06
4226,3317,1475,5,2024-01-17
4227,2486,4869,2,2024-12-09
4228,3458,1831,4,2025-03-07
4229,2384,1125,1,2025-01-21
4230,3675,2551,1,2025-04-12
4231,4275,3732,1,2026-07-17
4232,766,1336,1,2024-01-14
4233,3989,245,5,2026-07-12
4234,3540,4376,4,2026-01-23
4235,3311,4430,5,2024-09-12
4236,2095,2528,1,2024-05-09
4237,1292,559,4,2024-08-10
4238,4604,1246,3,2025-04-17
4239,3420,1277,3,2025-09-16
4240,4456,3786,2,2024-08-15
4241,4611,4038,3,2025-02-12
4242,3813,3190,4,2024-09-17
4243,547,3441,2,2025-07-19
4244,4931,479,4,2024-04-23
4245,4229,1550,1,2026-06-17
4246,582,3446,3,2025-04-22
4247,2406,4166,1,2026-04-16
4248,2893,3723,3,2024-07-11
4249,499,1536,2,2026-05-02
4250,1000,4259,2,2025-11-22
4251,3031,3404,4,2026-03-06
4252,405,2378,3,2025-03-05
4253,3418,795,2,2025-05-04
4254,752,2448,2,2025-08-27
4255,50,4369,4,2026-08-02
4256,2181,2469,1,2024-06-24
4257,3054,3986,3,2026-06-19
4258,1902,372,1,2025-11-11
4259,467,934,1,2025-10-17
4260,617,2708,2,2024-11-21
4261,2084,1102,4,2025-06-16
4262,1987,4101,5,2024-11-27
4263,295,4523,3,2024-03-13
4264,4534,3521,2,2025-10-22
4265,2283,4100,3,2026-02-25
4266,1218,3448,3,2024-07-09
4267,560,4221,1,2025-01-16
4268,895,2421,2,2026-05-02
4269,4001,1207,4,2025-12-06
4270,73,930,4,2025-09-28
4271,1118,815,5,2026-03-14
4272,2944,28,3,2024-11-11
4273,2501,475,1,2025-11-24
4274,617,1888,2,2024-06-10
4275,195,3081,1,2025-07-15
4276,4031,2326,3,2024-12-09
4277,35,4527,2,2025-06-29
4278,4359,4827,5,2026-06-23
4279,2635,787,3,2024-06-07
4280,3127,3110,1,2025-05-26
4281,2064,4779,3,2025-11-22
4282,2264,4452,3,2026-04-19
4283,3739,1403,5,2024-12-09
4284,4525,616,3,2026-04-07
4285,4857,431,5,2026-04-02
4286,3583,2867,4,2025-02-14
4287,4819,608,3,2026-04-10
4288,1824,4408,5,2024-11-27
4289,3637,4765,2,2025-12-20
4290,1328,77,1,2024-03-11
4291,3508,1833,5,2026-05-29
4292,1804,3797,2,2024-05-23
4293,1626,4439,5,2026-02-04
4294,1104,957,2,2024-03-20
4295,4372,2877,4,2024-08-12
4296,4268,1888,1,2024-01-30
4297,1584,3405,2,2024-03-07
4298,1271,2070,3,2025-12-09
4299,2559,2629,1,2024-08-17
4300,1159,4208,4,2025-08-21
4301,4304,424,3,2025-06-18
4302,338,1710,3,2024-06-24
4303,3328,1777,5,2024-10-04
4304,4994,3435,4,2026-05-19
4305,4299,4629,1,2024-07-15
4306,876,2388,3,2026-06-08
4307,4083,42,3,2025-10-07
4308,2080,1329,5,2024-02-19
4309,4285,4515,3,2025-09-30
4310,4149,4557,2,2024-07-20
4311,4576,2535,3,2024-02-18
4312,2024,2533,1,2025-06-06
4313,3696,3180,4,2024-12-10
4314,2102,643,4,2024-09-11
4315,4335,645,3,2024-11-11
4316,1630,1482,1,2025-04-21
4317,3960,2212,1,2026-05-10
4318,1551,1255,5,2025-07-27
4319,900,2236,1,2025-11-28
4320,3568,864,1,2025-06-26
4321,3741,3013,1,2024-07-01
4322,1929,2305,4,2024-05-29
4323,4815,261,3,2024-03-24
4324,1164,4971,1,2025-12-06
4325,1072,4532,5,2026-07-04
4326,1680,2463,5,2024-02-21
4327,2462,2276,2,2025-12-06
4328,4846,478,5,2024-03-29
4329,446,1783,5,2026-05-27
4330,2234,1470,4,2025-03-02
4331,2206,3582,5,2024-11-27
4332,576,1288,1,2024-05-17
4333,3348,3294,5,2024-11-21
4334,1670,4433,5,2024-02-28
4335,653,4530,3,2025-07-19
4336,1276,1918,3,2024-06-19
4337,2933,517,4,2024-01-13
4338,1483,672,4,2025-12-07
4339,2817,283,3,2025-02-12
4340,3592,4278,2,2024-09-19
4341,3105,4821,3,2024-05-21
4342,4164,4969,4,2024-12-06
4343,365,3382,5,2024-02-01
4344,2484,1454,3,2025-07-25
4345,4703,3912,2,2024-04-02
4346,1102,4889,1,2025-05-31
4347,1385,1284,1,2026-02-15
4348,1435,2785,3,2026-05-05
4349,2744,2876,4,2026-05-14
4350,1531,3716,1,2024-03-23
4351,18,60,5,2024-08-15
4352,4722,544,1,2024-08-23
4353,3090,1708,5,2024-11-22
4354,313,4326,2,2025-03-06
4355,4537,1323,4,2025-12-30
4356,2925,3585,2,2025-02-07
4357,4026,2718,5,2025-05-03
4358,4623,2606,2,2025-12-28
4359,4817,2976,3,2026-05-29
4360,2005,1262,3,2026-06-25
4361,3753,936,3,2024-10-07
4362,561,2886,1,2024-11-29
4363,593,4927,5,2025-11-23
4364,3855,3181,4,2024-12-30
4365,1534,3033,4,2025-12-10
4366,211,4886,4,2025-01-24
4367,868,3930,4,2025-05-06
4368,2200,428,2,2025-02-10
4369,3356,3651,5,2026-04-08
4370,3875,982,2,2026-06-12
4371,818,4515,2,2025-07-20
4372,570,3830,1,2026-02-07
4373,3827,709,4,2024-08-31
4374,3430,3618,3,2025-06-12
4375,2839,1383,2,2025-01-02
4376,673,346,3,2024-09-22
4377,3812,106,5,2025-07-15
4378,4657,1245,3,2026-06-04
4379,2146,2633,1,2025-10-12
4380,1261,644,1,2024-09-11
4381,651,1893,5,2024-07-21
4382,3852,226,1,2026-03-05
4383,1458,4580,1,2025-10-01
4384,91,784,2,2025-01-14
4385,2283,3748,3,2024-12-15
4386,3594,3132,2,2024-03-31
4387,4074,3483,3,2025-11-10
4388,111,1400,3,2025-07-09
4389,3102,2729,4,2025-09-01
4390,3555,1573,5,2026-06-04
4391,1517,799,1,2024-02-17
4392,4371,411,3,2025-03-12
4393,2898,3317,2,2026-07-18
4394,2676,803,5,2024-06-08
4395,2195,1669,3,2024-10-12
4396,4806,3985,1,2024-08-03
4397,3408,2580,2,2024-04-26
4398,2061,4354,2,2024-11-18
4399,4227,3502,5,2024-09-30
4400,3897,1486,4,2026-02-08
4401,2001,1418,3,2026-03-20
4402,4035,2338,1,2024-02-28
4403,1445,1038,4,2025-11-14
4404,4353,1222,3,2024-02-07
4405,534,70,3,2024-06-26
4406,4180,2593,1,2025-08-31
4407,2374,4140,3,2025-11-05
4408,2932,730,2,2025-04-19
4409,4017,560,1,2024-12-18
4410,374,2950,2,2024-01-14
4411,1104,2464,3,2024-12-08
4412,2181,2972,2,2025-09-20
4413,3885,864,3,2024-02-26
4414,2297,4121,3,2026-06-23
4415,4435,1379,1,2025-03-06
4416,3940,3078,2,2025-09-07
4417,3982,1579,4,2025-01-08
4418,3347,667,5,2025-10-08
4419,4628,2343,1,2026-06-07
4420,999,766,5,2025-11-17
4421,3726,4424,5,2024-04-29
4422,3283,2146,3,2026-07-09
4423,69,1257,1,2024-11-11
4424,1166,2157,1,2026-02-23
4425,543,3810,3,2025-11-06
4426,2315,1294,2,2025-03-12
4427,1367,2553,3,2024-06-10
4428,502,4228,3,2025-02-27
4429,3586,3878,1,2024-04-22
4430,3434,2273,4,2024-01-12
4431,1989,812,3,2026-06-02
4432,3130,3787,5,2024-09-19
4433,2221,1020,1,2026-06-10
4434,3688,2609,3,2025-04-26
4435,986,730,5,2025-01-17
4436,4721,806,4,2024-02-03
4437,426,364,5,2025-11-11
4438,4911,533,3,2026-01-18
4439,1840,1612,5,2024-11-25
4440,796,1155,3,2024-06-17
4441,3912,2233,1,2026-02-02
4442,2234,731,5,2026-01-03
4443,3804,3869,4,2025-02-03
4444,1832,1985,3,2025-02-26
4445,595,3281,5,2026-04-27
4446,2841,2692,5,2024-11-23
4447,1020,3479,4,2026-08-07
4448,3343,4699,2,2024-08-21
4449,2142,521,4,2025-03-04
4450,1092,4725,3,2024-03-05
4451,3528,1712,2,2025-08-25
4452,1333,1914,2,2025-08-04
4453,4976,236,1,2024-11-24
4454,109,1894,2,2024-09-28
4455,281,2830,4,2025-05-11
4456,1642,3528,3,2025-01-24
4457,216,443,2,2025-10-30
4458,4415,377,5,2025-04-26
4459,2891,1627,2,2026-04-20
4460,445,3232,4,2024-06-01
4461,4628,2011,5,2024-06-24
4462,3128,3686,1,2026-06-13
4463,4796,1876,3,2025-12-18
4464,3232,1860,1,2024-09-16
4465,4645,2104,5,2026-04-28
4466,3792,3998,2,2026-03-24
4467,764,2766,1,2025-05-31
4468,4636,2770,2,2025-06-28
4469,4183,3187,2,2025-05-26
4470,2073,2709,3,2025-07-23
4471,263,3310,5,2025-11-03
4472,1033,4602,3,2024-01-18
4473,1796,3065,5,2024-04-14
4474,2998,4149,5,2025-07-27
4475,717,278,5,2024-09-27
4476,2756,4038,5,2025-07-24
4477,4917,4268,3,2026-07-27
4478,4038,225,1,2026-03-16
4479,534,3997,5,2024-01-25
4480,2485,4687,1,2026-03-16
4481,4059,71,5,2024-01-04
4482,2117,2693,4,2024-09-18
4483,4793,3668,4,2024-02-07
4484,580,4118,3,2024-07-24
4485,51,3547,4,2026-01-04
4486,2943,689,3,2024-09-27
4487,4052,2575,2,2025-03-03
4488,2930,748,1,2026-02-18
4489,4521,3755,3,2026-07-27
4490,2658,756,4,2025-04-01
4491,88,1138,3,2025-07-31
4492,3912,3657,4,2025-08-15
4493,1503,147,3,2024-09-23
4494,2570,945,2,2025-02-22
4495,3821,774,3,2024-04-30
4496,36,3511,5,2026-04-16
4497,2909,4259,2,2026-05-29
4498,2735,3274,5,2025-02-07
4499,4733,1829,3,2026-01-07
4500,4395,3095,3,2024-08-28
4501,4376,1816,4,2024-10-14
4502,1928,1326,5,2025-02-14
4503,2132,4235,4,2025-07-30
4504,1803,2145,5,2026-07-13
4505,2847,4200,3,2026-06-20
4506,3097,1559,5,2025-07-17
4507,2256,1263,5,2024-02-20
4508,3987,2959,2,2024-12-07
4509,2254,2906,4,2025-06-13
4510,1288,3831,3,2024-07-15
4511,4025,4393,4,2025-01-18
4512,2268,933,3,2025-10-08
4513,845,3395,4,2024-09-27
4514,2446,2579,1,2025-09-26
4515,4325,1535,5,2026-08-09
4516,3678,4423,3,2026-07-01
4517,578,4225,3,2025-07-07
4518,924,3218,4,2025-06-28
4519,3466,4995,5,2025-11-10
4520,241,2069,4,2025-11-13
4521,3372,3434,2,2025-08-28
4522,2216,3027,3,2025-11-27
4523,1482,2342,3,2025-07-22
4524,2278,254,4,2026-06-21
4525,2401,2126,1,2024-10-18
4526,4056,2791,2,2024-01-03
4527,3941,72,4,2024-07-07
4528,1971,2068,1,2024-10-24
4529,1856,197,1,2026-04-18
4530,2326,828,3,2025-05-03
4531,2489,4541,3,2025-09-10
4532,4444,1923,2,2024-05-13
4533,4775,2598,5,2026-07-07
4534,915,4289,2,2025-10-04
4535,4348,1707,1,2026-07-03
4536,220,3969,4,2024-10-12
4537,4828,4879,1,2024-09-06
4538,692,4937,2,2025-01-18
4539,4224,4920,3,2026-06-09
4540,1279,4946,1,2025-08-04
4541,2581,1750,3,2025-05-09
4542,2820,1990,2,2026-02-15
4543,3520,2111,2,2024-07-07
4544,3574,2189,5,2024-08-20
4545,4869,4015,3,2024-02-03
4546,2354,1407,2,2025-07-30
4547,3284,1919,1,2024-12-06
4548,1508,858,2,2025-06-18
4549,167,2154,1,2025-08-30
4550,3427,4223,5,2026-04-08
4551,2112,2533,2,2025-04-23
4552,4012,4524,4,2025-07-09
4553,4507,4314,4,2026-07-15
4554,4279,2776,1,2026-08-06
4555,2376,1624,2,2026-05-11
4556,557,1139,4,2025-08-14
4557,2742,4040,2,2025-03-18
4558,1518,3842,4,2026-04-29
4559,1585,4851,1,2025-11-27
4560,214,165,5,2025-12-16
4561,1385,883,5,2024-05-13
4562,1502,4337,4,2024-07-28
4563,3300,4326,4,2024-01-02
4564,81,1566,5,2025-10-12
4565,1388,1102,5,2025-06-20
4566,3817,4140,2,2025-02-09
4567,532,4780,1,2025-09-26
4568,1467,3125,2,2024-07-15
4569,4589,1788,4,2024-01-10
4570,1963,1318,3,2025-12-28
4571,1893,4428,3,2025-02-01
4572,181,4436,2,2024-06-01
4573,13,3318,5,2026-05-07
4574,944,2295,2,2026-07-03
4575,4102,3238,5,2024-08-04
4576,1782,2958,1,2024-09-16
4577,3998,2911,3,2025-09-22
4578,1024,3160,1,2024-05-29
4579,1213,2290,4,2024-04-28
4580,1512,4533,4,2025-06-05
4581,2863,3012,4,2025-04-19
4582,4168,833,1,2026-07-02
4583,1050,3965,5,2024-11-26
4584,3146,4038,1,2024-12-09
4585,2900,4259,3,2025-04-13
4586,4670,1807,5,2026-07-31
4587,1459,1831,1,2026-04-20
4588,4223,1538,3,2025-08-13
4589,1885,11,3,2025-06-19
4590,3436,4024,2,2025-04-17
4591,810,4554,4,2024-04-20
4592,1766,3181,4,2025-12-31
4593,1309,526,1,2024-09-18
4594,3122,4198,3,2024-11-23
4595,1991,4649,5,2026-01-31
4596,3250,776,4,2025-11-14
4597,2260,3305,2,2024-09-24
4598,2176,4057,2,2024-08-01
4599,522,936,2,2024-04-20
4600,2087,2691,3,2024-07-01
4601,3264,2729,1,2024-12-20
4602,2156,4004,5,2026-07-03
4603,3624,2807,4,2024-04-14
4604,405,4929,3,2025-07-31
4605,323,96,1,2026-07-02
4606,1885,650,4,2026-01-07
4607,4551,2354,5,2026-01-19
4608,1291,4315,1,2026-04-05
4609,1047,2174,4,2025-09-21
4610,2209,4387,4,2025-08-14
4611,4199,230,2,2024-06-01
4612,1597,2781,2,2024-06-27
4613,4269,2521,5,2024-01-22
4614,935,772,4,2026-06-12
4615,3892,3957,1,2024-07-02
4616,4815,1460,2,2024-07-05
4617,1822,1105,5,2025-04-14
4618,1764,995,3,2026-04-07
4619,4706,4483,2,2024-04-09
4620,4710,4366,2,2025-06-22
4621,2302,402,2,2025-01-04
4622,1352,1574,2,2025-05-02
4623,3386,4819,2,2026-05-06
4624,1196,805,3,2024-06-03
4625,4904,3975,5,2025-12-02
4626,2943,348,3,2025-08-29
4627,3781,2662,5,2024-07-10
4628,4022,1403,4,2024-11-15
4629,2023,27,4,2025-07-28
4630,2382,3785,5,2026-06-14
4631,4109,3019,3,2026-05-21
4632,454,3892,5,2025-07-12
4633,4374,1372,3,2025-12-23
4634,243,2180,4,2025-08-07
4635,4189,4985,3,2025-01-13
4636,299,970,5,2025-04-16
4637,1938,2527,2,2026-03-05
4638,587,1951,2,2024-02-28
4639,3351,4789,4,2026-01-27
4640,1397,3267,1,2025-10-13
4641,430,4347,1,2024-01-28
4642,1887,4341,4,2025-05-17
4643,1038,1497,2,2025-06-28
4644,4866,1208,4,2025-08-24
4645,3246,1915,2,2025-07-12
4646,3848,3185,1,2024-11-21
4647,3139,1187,3,2024-02-09
4648,1772,1704,1,2025-05-24
4649,4991,2688,5,2025-07-22
4650,4373,1383,2,2024-12-13
4651,2552,2953,1,2026-07-31
4652,4839,909,4,2024-08-04
4653,1266,2851,5,2024-06-02
4654,4875,1474,4,2024-05-25
4655,3397,1774,3,2026-03-19
4656,3151,2180,3,2026-07-21
4657,331,2846,4,2026-02-01
4658,1915,3439,2,2024-02-07
4659,1369,4323,2,2026-01-15
4660,1242,3138,3,2026-04-16
4661,1656,4964,3,2025-10-13
4662,969,1172,4,2026-03-14
4663,2921,4981,1,2026-07-01
4664,1045,2620,3,2024-05-03
4665,4648,2722,4,2025-08-23
4666,1339,194,2,2024-06-10
4667,4790,4602,5,2024-05-01
4668,4206,181,5,2024-03-22
4669,3251,902,4,2025-12-01
4670,3123,4145,1,2024-03-14
4671,3474,1482,1,2025-02-08
4672,3784,4639,3,2024-02-23
4673,1270,332,2,2025-09-16
4674,1552,3144,4,2024-11-26
4675,1559,3082,4,2025-02-04
4676,3821,4289,2,2024-08-04
4677,3571,4444,5,2025-08-17
4678,850,1531,1,2024-07-03
4679,2144,2121,5,2025-03-01
4680,1554,1894,3,2024-08-09
4681,975,3328,1,2025-12-18
4682,2169,1719,2,2025-12-20
4683,4418,1023,4,2024-04-26
4684,4763,3559,2,2025-06-06
4685,3466,2219,2,2024-05-14
4686,3439,4053,1,2025-01-06
4687,4745,2941,5,2025-03-30
4688,2979,447,1,2024-06-19
4689,4423,2499,5,2024-05-15
4690,3651,734,3,2025-09-16
4691,4696,4561,1,2026-02-11
4692,2326,3659,3,2024-01-09
4693,110,686,2,2024-02-17
4694,1448,4059,3,2026-04-03
4695,498,3859,2,2025-02-24
4696,4479,1570,3,2026-07-13
4697,2339,1608,1,2024-05-07
4698,4889,4471,2,2025-04-28
4699,4632,1947,5,2025-11-07
4700,1034,2568,3,2026-01-08
4701,4010,4898,3,2025-04-17
4702,3223,4343,5,2025-03-26
4703,1314,2846,5,2024-08-27
4704,3953,2502,4,2024-06-21
4705,3754,229,4,2026-03-03
4706,3114,4267,2,2026-04-09
4707,1079,3616,3,2025-12-21
4708,2503,2136,2,2026-02-23
4709,3511,927,1,2026-07-17
4710,188,2267,4,2025-11-22
4711,3993,3202,3,2025-12-22
4712,4038,1735,3,2024-02-04
4713,1030,1848,1,2024-01-18
4714,2899,2429,5,2026-04-01
4715,4612,1386,3,2025-07-15
4716,3787,4391,3,2024-04-13
4717,1207,609,2,2024-06-12
4718,3745,566,4,2024-01-29
4719,2104,1582,4,2026-04-26
4720,1523,2888,4,2025-06-05
4721,3078,4585,3,2024-12-18
4722,3131,778,5,2026-06-07
4723,3217,4482,1,2024-08-09
4724,3102,227,1,2024-04-30
4725,4112,483,1,2025-09-05
4726,4221,3874,1,2025-05-18
4727,3031,4894,1,2024-08-16
4728,114,4222,3,2025-04-10
4729,2893,1838,4,2025-09-19
4730,3349,2799,5,2024-02-19
4731,1645,1794,5,2024-08-20
4732,406,1976,2,2025-04-08
4733,2048,4467,5,2024-06-07
4734,2497,3630,4,2024-10-09
4735,4699,899,4,2026-04-08
4736,509,2429,1,2024-11-29
4737,3314,106,1,2024-05-08
4738,404,3964,5,2025-11-12
4739,1340,4449,2,2024-03-05
4740,3801,949,4,2025-03-06
4741,3045,1476,4,2025-07-19
4742,3108,1028,2,2024-05-28
4743,190,2082,3,2026-03-12
4744,4388,2591,5,2025-09-28
4745,1890,933,5,2026-05-02
4746,188,3052,5,2026-07-04
4747,1258,2310,4,2025-06-29
4748,3140,1291,5,2025-06-23
4749,1539,3600,5,2026-05-29
4750,532,3332,4,2026-03-08
4751,4478,822,3,2025-08-17
4752,1555,283,4,2024-04-18
4753,3391,1507,3,2026-05-25
4754,2064,4065,1,2024-10-23
4755,2174,61,1,2025-05-02
4756,750,2867,2,2025-12-03
4757,1944,1286,2,2025-11-07
4758,3438,3851,3,2026-06-28
4759,3354,18,4,2025-12-13
4760,4199,1039,1,2024-05-18
4761,2272,189,1,2024-11-09
4762,2343,3891,3,2024-10-30
4763,4188,1337,2,2025-10-26
4764,4390,1247,4,2025-04-07
4765,499,4082,5,2024-11-30
4766,917,523,5,2026-01-14
4767,4020,2435,2,2025-11-26
4768,1105,1015,2,2025-10-15
4769,658,2238,4,2024-03-12
4770,2133,3923,1,2026-04-11
4771,3972,4097,1,2025-07-21
4772,990,129,1,2025-06-18
4773,4151,3339,5,2024-11-19
4774,3092,209,4,2025-05-15
4775,3598,379,5,2025-01-31
4776,4189,3978,5,2024-12-20
4777,1740,897,2,2025-04-22
4778,2458,1583,5,2024-05-20
4779,2218,3454,4,2024-08-02
4780,977,4275,3,2024-09-26
4781,4684,2484,3,2026-07-08
4782,1205,2790,3,2026-03-26
4783,1290,1324,5,2024-06-05
4784,3950,650,5,2026-03-14
4785,2143,2562,1,2026-01-18
4786,1125,425,5,2024-01-25
4787,3548,3085,2,2026-01-14
4788,4100,2699,4,2025-07-07
4789,3562,3559,2,2025-12-16
4790,3362,4262,5,2024-10-18
4791,1703,2944,2,2026-03-27
4792,2243,413,3,2024-09-21
4793,1300,1783,2,2026-06-10
4794,446,1079,5,2024-11-17
4795,3149,3992,3,2025-08-06
4796,2165,2044,1,2025-08-22
4797,2734,1854,1,2024-05-09
4798,3103,95,1,2025-11-20
4799,2027,1840,3,2026-03-01
4800,419,1703,2,2025-04-02
4801,4359,4944,1,2024-05-12
4802,2256,2375,4,2026-08-09
4803,2166,1461,3,2025-10-06
4804,3148,1796,5,2024-10-07
4805,3324,1691,2,2025-01-19
4806,3041,861,4,2024-02-05
4807,798,356,4,2025-03-08
4808,56,4983,1,2024-07-28
4809,1947,1352,5,2024-11-23
4810,2532,1315,5,2024-05-25
4811,48,3338,3,2024-08-25
4812,2690,4821,4,2025-08-24
4813,4969,398,3,2024-06-25
4814,1657,1807,5,2026-05-19
4815,3145,2611,2,2026-01-10
4816,2695,2440,2,2025-05-31
4817,935,1601,4,2024-07-06
4818,3678,1505,5,2024-09-03
4819,3122,3364,1,2024-04-18
4820,1796,65,4,2025-09-20
4821,3392,544,4,2025-10-29
4822,3566,1050,2,2024-08-28
4823,1385,4350,2,2026-01-04
4824,4247,1285,3,2026-07-19
4825,2642,4200,2,2025-08-18
4826,782,3869,5,2025-08-03
4827,4811,2819,1,2025-08-03
4828,673,2739,2,2024-04-15
4829,4263,3277,2,2024-12-12
4830,2257,2108,2,2024-01-19
4831,1767,3206,4,2025-06-01
4832,1834,1809,5,2025-07-18
4833,1833,3345,3,2025-06-20
4834,2835,680,4,2025-03-24
4835,207,402,5,2024-04-03
4836,2893,4317,4,2024-11-19
4837,716,2565,2,2025-07-12
4838,4238,2681,5,2025-12-01
4839,742,33,2,2025-08-09
4840,1483,3429,2,2026-06-02
4841,390,4874,1,2024-06-18
4842,636,1116,3,2025-12-25
4843,4606,3450,1,2024-10-14
4844,3437,3239,5,2026-06-30
4845,2663,1231,5,2024-05-27
4846,961,2702,3,2025-11-30
4847,4794,3700,5,2025-03-28
4848,526,1969,5,2025-06-15
4849,4785,4826,1,2025-03-22
4850,518,3172,1,2026-06-07
4851,2871,329,1,2026-01-23
4852,2413,2799,1,2026-03-30
4853,2502,2953,4,2024-12-10
4854,2393,490,5,2024-09-29
4855,2275,151,4,2024-02-01
4856,2913,2980,4,2026-04-21
4857,898,4011,1,2024-05-07
4858,1803,3655,1,2024-05-16
4859,3202,4283,1,2025-10-23
4860,2231,1924,4,2024-08-24
4861,2675,2028,1,2024-01-27
4862,388,1169,1,2025-03-23
4863,3224,4532,3,2025-12-16
4864,713,1049,2,2024-07-01
4865,4084,171,1,2026-05-08
4866,3991,1245,5,2025-03-18
4867,4002,3849,1,2024-03-20
4868,3687,3432,1,2025-06-07
4869,1986,4777,5,2026-06-22
4870,2341,3100,1,2024-07-17
4871,1203,29,2,2024-11-24
4872,621,2356,5,2026-04-13
4873,1337,49,4,2025-11-23
4874,3548,3799,3,2024-09-29
4875,4838,854,2,2026-05-19
4876,4918,674,2,2025-09-20
4877,2591,4712,5,2025-02-04
4878,2313,4422,3,2026-01-12
4879,1032,1661,2,2026-01-15
4880,675,2523,3,2026-07-11
4881,3182,504,4,2026-01-15
4882,498,2440,3,2025-05-04
4883,3721,4995,5,2024-02-02
4884,4930,2109,3,2026-07-08
4885,442,3771,4,2025-06-18
4886,1372,4973,1,2025-10-05
4887,125,3067,4,2026-01-23
4888,293,1599,2,2024-11-16
4889,1610,3663,3,2026-02-23
4890,525,342,1,2024-07-01
4891,926,4586,2,2025-05-15
4892,3812,1642,1,2026-04-26
4893,2087,4491,2,2026-01-10
4894,3773,391,3,2024-07-30
4895,4848,79,4,2024-12-15
4896,2384,605,1,2026-04-17
4897,2230,4877,2,2025-07-22
4898,499,2624,5,2026-03-21
4899,758,683,4,2025-07-24
4900,131,4025,4,2025-09-16
4901,4888,893,3,2025-10-02
4902,2541,3772,4,2026-07-11
4903,1878,86,5,2026-02-01
4904,3701,2297,1,2025-06-03
4905,3508,3630,2,2024-06-19
4906,2033,3667,1,2026-02-27
4907,4795,4202,3,2025-05-08
4908,768,1560,3,2024-10-24
4909,374,314,1,2024-10-13
4910,1989,2404,4,2025-05-16
4911,4184,1789,1,2025-08-27
4912,3208,1361,2,2025-05-16
4913,1436,4330,2,2024-07-21
4914,1885,1898,2,2024-11-23
4915,180,3841,5,2024-04-28
4916,2364,1176,4,2025-10-20
4917,952,1192,3,2024-10-26
4918,835,4534,3,2026-06-27
4919,3220,247,1,2026-05-10
4920,2527,4000,3,2025-08-15
4921,1574,631,4,2024-09-05
4922,4072,4373,3,2026-05-05
4923,2814,438,5,2026-04-28
4924,4182,91,1,2024-01-05
4925,2544,975,4,2025-08-10
4926,3089,4384,2,2025-03-30
4927,4157,1675,3,2026-01-26
4928,2241,2713,1,2025-07-28
4929,2923,2473,4,2026-05-26
4930,2627,3144,1,2024-06-13
4931,107,4204,1,2026-06-18
4932,784,862,2,2025-06-11
4933,3757,3075,1,2025-03-26
4934,3901,3768,2,2024-02-13
4935,1344,4063,3,2024-11-24
4936,3054,578,1,2024-11-04
4937,1581,2292,3,2025-11-19
4938,3675,2704,5,2026-03-24
4939,3657,2981,4,2024-03-19
4940,2695,536,5,2024-09-18
4941,3957,4633,2,2025-01-15
4942,3685,4786,3,2024-08-28
4943,301,2714,5,2024-08-20
4944,4502,3526,5,2024-01-28
4945,1209,3989,3,2024-02-14
4946,2254,1622,5,2026-01-14
4947,3721,1148,4,2025-01-02
4948,1571,963,4,2024-01-21
4949,2262,716,2,2025-04-10
4950,4333,4872,3,2024-08-27
4951,780,3304,1,2025-12-09
4952,2893,1525,1,2025-03-14
4953,260,3286,3,2026-06-02
4954,749,4684,5,2026-05-10
4955,4719,1079,4,2026-05-22
4956,4946,4341,4,2024-09-03
4957,1859,4193,4,2024-01-08
4958,4627,2127,3,2026-03-09
4959,2792,691,4,2025-09-18
4960,664,4859,2,2025-06-19
4961,3534,4636,4,2025-05-24
4962,2553,824,1,2025-09-26
4963,2694,429,5,2025-01-10
4964,4681,4059,4,2024-05-21
4965,3307,900,4,2025-12-23
4966,1739,1627,4,2024-04-06
4967,314,787,1,2024-12-26
4968,3246,742,2,2024-09-16
4969,3693,4274,5,2024-07-01
4970,4772,1505,3,2025-10-27
4971,4115,4042,5,2025-08-22
4972,113,3995,1,2025-03-07
4973,1705,2269,1,2024-05-19
4974,1304,1368,3,2025-11-09
4975,2188,2277,3,2026-02-11
4976,4362,2645,5,2024-03-15
4977,2785,1223,3,2024-10-12
4978,4558,2323,2,2024-06-08
4979,728,3135,1,2024-11-17
4980,4475,4208,3,2025-06-14
4981,2377,697,1,2026-04-29
4982,3568,1615,5,2025-09-05
4983,4938,1101,1,2026-07-24
4984,4563,1539,5,2025-02-03
4985,3367,1293,1,2024-09-14
4986,4134,4362,2,2026-06-09
4987,4182,2723,4,2026-07-09
4988,1419,1224,5,2026-01-16
4989,1040,1937,4,2024-09-03
4990,5000,3351,2,2026-07-14
4991,1828,615,1,2025-02-09
4992,3866,3611,1,2026-03-28
4993,4087,4500,1,2026-06-07
4994,3211,304,5,2025-10-20
4995,598,1788,2,2025-10-21
4996,4863,2288,5,2024-10-03
4997,4685,4630,5,2026-05-23
4998,3000,938,1,2026-01-29
4999,57,2618,5,2026-06-04
5000,921,45,3,2025-02-19
