CategoryID,CategoryName
1,Electronics
2,Fashion
3,Home & Kitchen
4,Beauty & Personal Care
5,Sports & Fitness
6,Books
7,Toys & Games
8,Groceries
9,Automotive
10,Furniture
11,Mobiles & Accessories
12,Footwear
13,Jewellery
14,Appliances
15,Health Care
16,Stationery
17,Pet Supplies
18,Baby Products
19,Musical Instruments
20,Garden & Outdoor
21,Laptops
22,Cameras
23,Headphones
24,Speakers
25,Televisions
26,Smartwatches
27,Men's Clothing
28,Women's Clothing
29,Kids Wear
30,Winter Wear
31,Ethnic Wear
32,Cookware
33,Storage
34,Home Decor
35,Lighting
36,Bedding
37,Skincare
38,Haircare
39,Makeup
40,Fragrances
41,Grooming
42,Yoga
43,Cycling
44,Cricket Gear
45,Gym Equipment
46,Running
47,Fiction
48,Non-Fiction
49,Academic
50,Comics
51,Children's Books
52,Action Figures
53,Board Games
54,Puzzles
55,Outdoor Toys
56,Educational Toys
57,Snacks
58,Beverages
59,Staples
60,Dairy
61,Spices
62,Car Accessories
63,Bike Accessories
64,Tyres
65,Lubricants
66,Tools
67,Sofas
68,Beds
69,Tables
70,Chairs
71,Wardrobes
72,Smartphones
73,Cases & Covers
74,Chargers
75,Power Banks
76,Earphones
77,Men's Footwear
78,Women's Footwear
79,Kids Footwear
80,Sports Shoes
81,Sandals
82,Necklaces
83,Earrings
84,Rings
85,Bangles
86,Bracelets
87,Refrigerators
88,Washing Machines
89,Microwaves
90,Air Conditioners
91,Mixers
92,Supplements
93,Medical Devices
94,First Aid
95,Ayurveda
96,Personal Hygiene
97,Notebooks
98,Pens
99,Art Supplies
100,Office Supplies
101,Files & Folders
102,Dog Food
103,Cat Food
104,Pet Toys
105,Pet Grooming
106,Aquarium
107,Diapers
108,Baby Food
109,Baby Gear
110,Baby Clothing
111,Toys
112,Guitars
113,Keyboards
114,Drums
115,Violins
116,Accessories
117,Plants
118,Garden Tools
119,Outdoor Furniture
120,Grills
121,Lighting
122,Deluxe Garden Tools
123,Pro Furniture
124,Eco-Friendly Keyboards
125,Smart Women's Footwear
126,Smart Grills
127,Mini Board Games
128,Budget Speakers
129,Premium First Aid
130,Pro Board Games
131,Mini Toys & Games
132,Eco-Friendly Chairs
133,Premium Drums
134,Mini Smartwatches
135,Smart Tyres
136,Smart Men's Clothing
137,Pro Baby Food
138,Classic Academic
139,Local Garden & Outdoor
140,Smart Refrigerators
141,Classic Fragrances
142,Pro Beverages
143,Local Running
144,Mini Art Supplies
145,Deluxe Men's Clothing
146,Pro Tyres
147,Pro Pet Supplies
148,Deluxe Cycling
149,Premium Skincare
150,Smart Notebooks
151,Pro Beverages
152,Deluxe Televisions
153,Premium Comics
154,Imported Cat Food
155,Mini Smartphones
156,Smart Non-Fiction
157,Imported Air Conditioners
158,Mini Earphones
159,Premium Home & Kitchen
160,Eco-Friendly Pet Supplies
161,Classic Pet Toys
162,Eco-Friendly Automotive
163,Imported Furniture
164,Smart Pet Supplies
165,Premium Smartphones
166,Mini Storage
167,Eco-Friendly Violins
168,Pro Baby Food
169,Budget Fiction
170,Premium Health Care
171,Smart Fiction
172,Classic Power Banks
173,Deluxe Pet Toys
174,Imported Personal Hygiene
175,Mini Air Conditioners
176,Mini Car Accessories
177,Budget Home Decor
178,Mini Dog Food
179,Smart Grills
180,Deluxe Comics
181,Mini Files & Folders
182,Classic Tools
183,Local Medical Devices
184,Budget Headphones
185,Imported Comics
186,Pro Women's Clothing
187,Classic Baby Products
188,Deluxe Running
189,Imported Office Supplies
190,Eco-Friendly Pens
191,Eco-Friendly Toys
192,Local Storage
193,Premium Tools
194,Deluxe Snacks
195,Eco-Friendly Aquarium
196,Imported Home Decor
197,Eco-Friendly Mobiles & Accessories
198,Smart Men's Footwear
199,Premium Pet Grooming
200,Deluxe Fragrances
201,Eco-Friendly Women's Footwear
202,Deluxe Aquarium
203,Classic Bracelets
204,Eco-Friendly Skincare
205,Budget Rings
206,Premium Gym Equipment
207,Deluxe Air Conditioners
208,Smart Sports Shoes
209,Mini Outdoor Furniture
210,Local Yoga
211,Classic Musical Instruments
212,Classic Keyboards
213,Smart Pet Supplies
214,Imported Office Supplies
215,Mini Dog Food
216,Budget Spices
217,Pro Outdoor Toys
218,Eco-Friendly Microwaves
219,Eco-Friendly Home Decor
220,Eco-Friendly Cameras
221,Mini Men's Footwear
222,Pro Car Accessories
223,Local Puzzles
224,Deluxe Cycling
225,Eco-Friendly Sofas
226,Budget Comics
227,Local Appliances
228,Eco-Friendly Beds
229,Budget Grooming
230,Local Mixers
231,Premium Drums
232,Imported Drums
233,Pro Women's Footwear
234,Pro Office Supplies
235,Local Beauty & Personal Care
236,Local Beauty & Personal Care
237,Deluxe Personal Hygiene
238,Premium Baby Products
239,Smart Women's Footwear
240,Imported Puzzles
241,Premium Gym Equipment
242,Smart Baby Clothing
243,Smart Tyres
244,Imported Necklaces
245,Eco-Friendly Health Care
246,Deluxe Cases & Covers
247,Imported Home Decor
248,Budget Grills
249,Classic Toys & Games
250,Classic Bangles
251,Classic Bedding
252,Classic Dairy
253,Deluxe Winter Wear
254,Classic Diapers
255,Deluxe Sports & Fitness
256,Premium Comics
257,Pro Educational Toys
258,Imported Haircare
259,Imported Groceries
260,Imported Garden & Outdoor
261,Smart Rings
262,Mini Files & Folders
263,Smart Beds
264,Local Pet Supplies
265,Eco-Friendly Smartphones
266,Classic Stationery
267,Eco-Friendly Mixers
268,Deluxe Cases & Covers
269,Mini Chargers
270,Eco-Friendly Rings
271,Eco-Friendly Car Accessories
272,Budget Beauty & Personal Care
273,Premium Smartphones
274,Classic Car Accessories
275,Budget Sofas
276,Local Lighting
277,Budget Home & Kitchen
278,Premium Lighting
279,Smart Winter Wear
280,Budget Comics
281,Pro Home Decor
282,Eco-Friendly Guitars
283,Pro First Aid
284,Local Cameras
285,Classic Grills
286,Budget Stationery
287,Classic Violins
288,Deluxe Staples
289,Eco-Friendly Files & Folders
290,Deluxe Beverages
291,Budget Men's Clothing
292,Local Kids Wear
293,Budget Lighting
294,Deluxe Appliances
295,Premium Dog Food
296,Deluxe Musical Instruments
297,Pro Baby Products
298,Local Medical Devices
299,Smart Cycling
300,Deluxe Chargers
301,Imported Cookware
302,Mini Office Supplies
303,Classic Notebooks
304,Deluxe Wardrobes
305,Deluxe Automotive
306,Deluxe Rings
307,Premium Grooming
308,Eco-Friendly Speakers
309,Local Lubricants
310,Pro Men's Footwear
311,Imported Health Care
312,Classic Sports & Fitness
313,Budget Bracelets
314,Smart Refrigerators
315,Pro Cricket Gear
316,Pro Sofas
317,Imported Personal Hygiene
318,Mini Grills
319,Deluxe Men's Clothing
320,Deluxe First Aid
321,Smart Toys
322,Imported Speakers
323,Local Grills
324,Smart Toys
325,Smart Academic
326,Smart Accessories
327,Smart Mobiles & Accessories
328,Budget Outdoor Furniture
329,Imported Cases & Covers
330,Smart Tyres
331,Eco-Friendly Office Supplies
332,Premium Jewellery
333,Deluxe Puzzles
334,Mini Running
335,Mini Running
336,Mini Lighting
337,Local Pens
338,Classic Bedding
339,Smart Musical Instruments
340,Mini Microwaves
341,Eco-Friendly Toys & Games
342,Pro Health Care
343,Budget Art Supplies
344,Budget Automotive
345,Classic Pens
346,Mini Lubricants
347,Imported Electronics
348,Mini Art Supplies
349,Imported Health Care
350,Pro Cycling
351,Eco-Friendly Running
352,Smart Cameras
353,Eco-Friendly Toys & Games
354,Local Sandals
355,Eco-Friendly Makeup
356,Classic Baby Products
357,Imported Bracelets
358,Eco-Friendly Home & Kitchen
359,Budget Tyres
360,Eco-Friendly Medical Devices
361,Mini Baby Clothing
362,Premium Cases & Covers
363,Premium Tools
364,Pro Storage
365,Deluxe Makeup
366,Smart Earphones
367,Eco-Friendly Smartwatches
368,Local Winter Wear
369,Classic Toys & Games
370,Classic Children's Books
371,Premium Action Figures
372,Smart Bedding
373,Imported Office Supplies
374,Local Notebooks
375,Pro Puzzles
376,Local Baby Products
377,Mini Plants
378,Imported Laptops
379,Smart Sports & Fitness
380,Imported Fashion
381,Mini Running
382,Imported Groceries
383,Pro Smartphones
384,Classic Home Decor
385,Mini Personal Hygiene
386,Premium Televisions
387,Smart Dog Food
388,Deluxe Winter Wear
389,Mini Aquarium
390,Eco-Friendly Sports Shoes
391,Premium Diapers
392,Mini Earphones
393,Classic Baby Food
394,Mini Outdoor Toys
395,Pro Health Care
396,Classic Tables
397,Mini Bedding
398,Classic Cat Food
399,Eco-Friendly Files & Folders
400,Classic Bangles
401,Smart Educational Toys
402,Local Cases & Covers
403,Imported Fiction
404,Local Grills
405,Smart Sofas
406,Budget Car Accessories
407,Imported Guitars
408,Imported Stationery
409,Deluxe Laptops
410,Premium Keyboards
411,Budget Stationery
412,Imported Chargers
413,Local Earrings
414,Smart Notebooks
415,Local Snacks
416,Local Bike Accessories
417,Local Men's Footwear
418,Imported Accessories
419,Premium Non-Fiction
420,Pro Furniture
421,Imported Headphones
422,Budget Spices
423,Pro Outdoor Furniture
424,Deluxe Outdoor Toys
425,Premium Baby Food
426,Budget Kids Wear
427,Smart Fashion
428,Local Files & Folders
429,Deluxe Medical Devices
430,Mini Stationery
431,Pro Sports & Fitness
432,Imported Beds
433,Smart Home & Kitchen
434,Local Guitars
435,Local Bangles
436,Deluxe Lighting
437,Deluxe Drums
438,Local Cycling
439,Imported Furniture
440,Eco-Friendly Beds
441,Deluxe Diapers
442,Pro Ayurveda
443,Local Storage
444,Budget Kids Wear
445,Imported Fiction
446,Classic Mobiles & Accessories
447,Eco-Friendly Educational Toys
448,Eco-Friendly Washing Machines
449,Eco-Friendly First Aid
450,Smart Baby Food
451,Premium Ayurveda
452,Deluxe Necklaces
453,Eco-Friendly Refrigerators
454,Budget Speakers
455,Mini Car Accessories
456,Mini Tyres
457,Local Medical Devices
458,Premium Beauty & Personal Care
459,Deluxe Gym Equipment
460,Imported Running
461,Smart Cat Food
462,Smart Tyres
463,Mini Outdoor Furniture
464,Classic Televisions
465,Eco-Friendly Grills
466,Imported Women's Footwear
467,Pro Smartphones
468,Classic Children's Books
469,Mini Keyboards
470,Premium Furniture
471,Classic Baby Clothing
472,Local Rings
473,Premium Fashion
474,Deluxe Garden Tools
475,Imported Cat Food
476,Mini Jewellery
477,Imported Baby Clothing
478,Classic Pens
479,Smart Microwaves
480,Smart Cookware
481,Local Baby Clothing
482,Imported Chairs
483,Mini Health Care
484,Premium Appliances
485,Mini Chairs
486,Eco-Friendly Board Games
487,Pro Baby Products
488,Eco-Friendly Violins
489,Local Bracelets
490,Budget Headphones
491,Eco-Friendly Aquarium
492,Eco-Friendly Dairy
493,Local Power Banks
494,Smart Medical Devices
495,Pro Storage
496,Budget Fragrances
497,Pro Electronics
498,Smart Tyres
499,Deluxe Sofas
500,Deluxe First Aid
501,Classic Bracelets
502,Pro Rings
503,Deluxe Beds
504,Classic Chargers
505,Premium Pet Toys
506,Deluxe Smartphones
507,Premium Violins
508,Pro Kids Footwear
509,Local Sports Shoes
510,Eco-Friendly Fiction
511,Imported Air Conditioners
512,Classic Beverages
513,Imported Violins
514,Local Women's Footwear
515,Deluxe Mobiles & Accessories
516,Deluxe Garden Tools
517,Deluxe Sports & Fitness
518,Imported Beverages
519,Local Files & Folders
520,Premium Bangles
521,Pro Bracelets
522,Classic Medical Devices
523,Pro Educational Toys
524,Budget Haircare
525,Imported Outdoor Toys
526,Local Sports & Fitness
527,Smart Health Care
528,Pro Baby Clothing
529,Smart Stationery
530,Deluxe Baby Gear
531,Budget Smartwatches
532,Local Fragrances
533,Smart Beauty & Personal Care
534,Classic Women's Footwear
535,Classic Health Care
536,Smart Home & Kitchen
537,Smart Beauty & Personal Care
538,Premium Washing Machines
539,Smart Cookware
540,Mini Footwear
541,Local Aquarium
542,Classic Tools
543,Eco-Friendly Books
544,Premium Bracelets
545,Mini Home & Kitchen
546,Pro Appliances
547,Mini Notebooks
548,Imported Baby Products
549,Imported Rings
550,Local Chairs
551,Mini Musical Instruments
552,Premium Necklaces
553,Classic Fashion
554,Smart Grooming
555,Eco-Friendly Comics
556,Eco-Friendly Cameras
557,Mini Grooming
558,Pro Automotive
559,Imported Beverages
560,Local Guitars
561,Classic Cases & Covers
562,Imported Appliances
563,Imported Haircare
564,Imported Bangles
565,Imported Earrings
566,Budget Educational Toys
567,Deluxe Action Figures
568,Local Ethnic Wear
569,Classic Children's Books
570,Smart Books
571,Mini Televisions
572,Pro Art Supplies
573,Eco-Friendly Bedding
574,Imported Grooming
575,Pro Haircare
576,Premium Rings
577,Smart Necklaces
578,Eco-Friendly Toys
579,Budget Medical Devices
580,Imported Kids Wear
581,Deluxe Men's Clothing
582,Smart Footwear
583,Smart Ethnic Wear
584,Deluxe Baby Clothing
585,Smart Men's Footwear
586,Pro Winter Wear
587,Eco-Friendly Air Conditioners
588,Smart First Aid
589,Smart Rings
590,Imported Women's Footwear
591,Budget Wardrobes
592,Smart Medical Devices
593,Budget Air Conditioners
594,Smart Office Supplies
595,Deluxe Fragrances
596,Local Pet Toys
597,Smart Academic
598,Budget Televisions
599,Local Chargers
600,Classic Smartwatches
601,Smart Academic
602,Premium Musical Instruments
603,Smart Ethnic Wear
604,Eco-Friendly Baby Clothing
605,Budget Action Figures
606,Mini Musical Instruments
607,Smart Fashion
608,Eco-Friendly Sandals
609,Local Baby Food
610,Budget Chargers
611,Local Lighting
612,Imported Keyboards
613,Smart Laptops
614,Smart Sandals
615,Premium Outdoor Toys
616,Budget Toys & Games
617,Budget Groceries
618,Smart Haircare
619,Deluxe Fragrances
620,Local Smartphones
621,Eco-Friendly Outdoor Toys
622,Local Toys
623,Eco-Friendly Dairy
624,Imported Tools
625,Classic Refrigerators
626,Local Baby Products
627,Pro Musical Instruments
628,Mini Bangles
629,Budget Board Games
630,Mini Smartphones
631,Budget Kids Footwear
632,Classic Lubricants
633,Smart Smartwatches
634,Pro Art Supplies
635,Budget Office Supplies
636,Eco-Friendly Musical Instruments
637,Premium Snacks
638,Local Bedding
639,Imported Jewellery
640,Premium Storage
641,Budget Pet Supplies
642,Premium Skincare
643,Pro Sports Shoes
644,Eco-Friendly Jewellery
645,Pro Dog Food
646,Imported Mixers
647,Eco-Friendly Footwear
648,Deluxe Footwear
649,Premium Appliances
650,Budget Mixers
651,Budget Women's Footwear
652,Smart Dog Food
653,Premium Skincare
654,Imported Cameras
655,Eco-Friendly Art Supplies
656,Mini Dog Food
657,Premium First Aid
658,Eco-Friendly Puzzles
659,Premium Headphones
660,Mini Fragrances
661,Classic Wardrobes
662,Local Televisions
663,Imported Bracelets
664,Premium Home & Kitchen
665,Imported Supplements
666,Mini Educational Toys
667,Pro Women's Clothing
668,Premium Dairy
669,Deluxe Beauty & Personal Care
670,Eco-Friendly Televisions
671,Smart Cases & Covers
672,Mini Televisions
673,Budget Bangles
674,Budget Fashion
675,Local Lighting
676,Classic Violins
677,Budget Footwear
678,Smart Aquarium
679,Premium Violins
680,Classic Toys
681,Deluxe Fragrances
682,Smart Aquarium
683,Classic Academic
684,Local Jewellery
685,Classic Kids Footwear
686,Budget Furniture
687,Deluxe Toys & Games
688,Eco-Friendly Children's Books
689,Local Staples
690,Premium Haircare
691,Local Sandals
692,Budget Outdoor Toys
693,Mini Cat Food
694,Premium Home Decor
695,Budget Action Figures
696,Mini Bedding
697,Smart Earrings
698,Eco-Friendly Violins
699,Premium Educational Toys
700,Premium Aquarium
701,Budget Tools
702,Budget Outdoor Furniture
703,Eco-Friendly Lubricants
704,Smart Action Figures
705,Local Electronics
706,Imported Outdoor Furniture
707,Premium Dog Food
708,Deluxe Notebooks
709,Imported Bike Accessories
710,Budget Action Figures
711,Classic Cycling
712,Mini Diapers
713,Pro Lighting
714,Local Winter Wear
715,Eco-Friendly Health Care
716,Deluxe Garden Tools
717,Mini Action Figures
718,Eco-Friendly Supplements
719,Classic Pens
720,Mini Winter Wear
721,Local Chairs
722,Mini Haircare
723,Classic Violins
724,Local Rings
725,Premium Washing Machines
726,Mini Furniture
727,Mini Outdoor Furniture
728,Eco-Friendly Haircare
729,Premium Cycling
730,Imported Microwaves
731,Imported Fiction
732,Eco-Friendly Smartphones
733,Budget Kids Wear
734,Pro Garden & Outdoor
735,Eco-Friendly Non-Fiction
736,Budget Winter Wear
737,Premium Winter Wear
738,Local Lighting
739,Imported Non-Fiction
740,Pro Office Supplies
741,Eco-Friendly Lighting
742,Imported Beverages
743,Local Necklaces
744,Premium Chargers
745,Classic Fashion
746,Imported Beverages
747,Imported Tools
748,Imported Yoga
749,Eco-Friendly Baby Food
750,Eco-Friendly Files & Folders
751,Local Speakers
752,Budget Ethnic Wear
753,Budget Rings
754,Imported Men's Clothing
755,Deluxe Beverages
756,Eco-Friendly Men's Clothing
757,Budget Baby Products
758,Classic Snacks
759,Pro Medical Devices
760,Pro Staples
761,Deluxe Keyboards
762,Pro Toys & Games
763,Mini Kids Footwear
764,Eco-Friendly Earrings
765,Imported Fiction
766,Imported Aquarium
767,Smart Beauty & Personal Care
768,Deluxe Chargers
769,Pro Art Supplies
770,Mini Beds
771,Smart Bedding
772,Eco-Friendly Grooming
773,Deluxe Laptops
774,Local Medical Devices
775,Smart Electronics
776,Budget Sofas
777,Local Board Games
778,Premium Medical Devices
779,Budget Lubricants
780,Mini Necklaces
781,Local Pet Toys
782,Mini Headphones
783,Smart Stationery
784,Smart Chargers
785,Imported Staples
786,Deluxe Educational Toys
787,Classic Cat Food
788,Mini Bracelets
789,Pro Car Accessories
790,Deluxe Wardrobes
791,Premium Action Figures
792,Pro Cricket Gear
793,Imported Footwear
794,Deluxe Earrings
795,Deluxe Cases & Covers
796,Imported Toys
797,Mini Lubricants
798,Eco-Friendly Musical Instruments
799,Classic Dog Food
800,Smart Smartwatches
801,Smart Smartphones
802,Pro Air Conditioners
803,Imported Women's Clothing
804,Premium Furniture
805,Mini Sports Shoes
806,Smart Cycling
807,Smart Comics
808,Deluxe Pet Grooming
809,Mini Comics
810,Budget Fashion
811,Mini Tyres
812,Pro Baby Products
813,Imported Necklaces
814,Mini Outdoor Toys
815,Mini Lighting
816,Pro Supplements
817,Smart Sofas
818,Smart Mobiles & Accessories
819,Budget Gym Equipment
820,Classic Earphones
821,Deluxe Cycling
822,Mini Bangles
823,Classic Furniture
824,Pro Earrings
825,Deluxe Health Care
826,Imported Violins
827,Local Guitars
828,Eco-Friendly Health Care
829,Premium Air Conditioners
830,Budget Home Decor
831,Local Cycling
832,Eco-Friendly Gym Equipment
833,Mini Keyboards
834,Local Jewellery
835,Premium Spices
836,Classic Speakers
837,Mini Plants
838,Pro Toys
839,Imported Ayurveda
840,Premium Groceries
841,Smart Toys
842,Imported Wardrobes
843,Pro Toys & Games
844,Smart Ethnic Wear
845,Eco-Friendly Beverages
846,Eco-Friendly Keyboards
847,Budget Accessories
848,Budget Beds
849,Classic Skincare
850,Pro Keyboards
851,Smart Bangles
852,Premium Washing Machines
853,Deluxe Drums
854,Budget Ayurveda
855,Eco-Friendly Mixers
856,Smart Furniture
857,Mini Notebooks
858,Eco-Friendly Toys & Games
859,Smart Puzzles
860,Imported Staples
861,Budget Furniture
862,Deluxe Wardrobes
863,Imported Cat Food
864,Mini Lubricants
865,Local Home Decor
866,Smart Aquarium
867,Deluxe Sports Shoes
868,Premium Sports Shoes
869,Smart Televisions
870,Smart Academic
871,Budget Health Care
872,Pro Puzzles
873,Mini Women's Footwear
874,Premium Outdoor Toys
875,Deluxe Tyres
876,Mini Earrings
877,Eco-Friendly Aquarium
878,Premium Notebooks
879,Budget Winter Wear
880,Premium Refrigerators
881,Pro Non-Fiction
882,Smart Refrigerators
883,Local Violins
884,Smart Headphones
885,Premium Air Conditioners
886,Smart Lubricants
887,Premium Sofas
888,Imported Home Decor
889,Deluxe Academic
890,Classic Musical Instruments
891,Classic Earphones
892,Mini Comics
893,Eco-Friendly Baby Products
894,Pro Notebooks
895,Eco-Friendly Pet Grooming
896,Deluxe Pet Toys
897,Classic Lighting
898,Imported Sports Shoes
899,Pro Yoga
900,Classic Snacks
901,Imported Cases & Covers
902,Classic Storage
903,Smart Rings
904,Eco-Friendly Beds
905,Local Groceries
906,Smart Notebooks
907,Classic Musical Instruments
908,Budget Baby Products
909,Imported Violins
910,Eco-Friendly Groceries
911,Deluxe Fashion
912,Eco-Friendly Wardrobes
913,Local Lighting
914,Budget Spices
915,Premium Toys & Games
916,Local Baby Gear
917,Smart Footwear
918,Pro Winter Wear
919,Imported Footwear
920,Eco-Friendly Groceries
921,Mini Sports & Fitness
922,Classic Books
923,Deluxe Smartwatches
924,Local Children's Books
925,Smart Furniture
926,Classic Lubricants
927,Pro Files & Folders
928,Premium Violins
929,Smart Fragrances
930,Local Mobiles & Accessories
931,Pro Laptops
932,Budget Women's Clothing
933,Budget Keyboards
934,Deluxe Cookware
935,Mini Appliances
936,Local Washing Machines
937,Mini Skincare
938,Local Bangles
939,Mini Sports & Fitness
940,Local Academic
941,Premium Car Accessories
942,Budget Keyboards
943,Classic Garden & Outdoor
944,Deluxe Tyres
945,Deluxe Home & Kitchen
946,Eco-Friendly Women's Footwear
947,Eco-Friendly Automotive
948,Imported Art Supplies
949,Mini Violins
950,Eco-Friendly Headphones
951,Mini Tables
952,Budget Ethnic Wear
953,Eco-Friendly Fragrances
954,Classic Washing Machines
955,Imported Tables
956,Premium Washing Machines
957,Premium Lighting
958,Mini Mobiles & Accessories
959,Deluxe Fashion
960,Eco-Friendly Kids Footwear
961,Pro Lighting
962,Premium Tools
963,Premium Refrigerators
964,Classic Necklaces
965,Pro Gym Equipment
966,Local Non-Fiction
967,Deluxe Storage
968,Smart Cases & Covers
969,Deluxe Microwaves
970,Smart Comics
971,Local Furniture
972,Classic Women's Footwear
973,Budget Toys & Games
974,Budget Women's Clothing
975,Imported Kids Wear
976,Premium Footwear
977,Premium Bike Accessories
978,Local Ayurveda
979,Eco-Friendly Cameras
980,Imported Staples
981,Deluxe Drums
982,Budget Microwaves
983,Imported Dog Food
984,Imported Necklaces
985,Eco-Friendly Grills
986,Local Action Figures
987,Pro Aquarium
988,Eco-Friendly Pens
989,Eco-Friendly Beds
990,Mini Mobiles & Accessories
991,Pro Haircare
992,Classic Lubricants
993,Pro Grills
994,Local Baby Clothing
995,Premium Grooming
996,Mini Musical Instruments
997,Smart Baby Clothing
998,Budget Electronics
999,Classic Home Decor
1000,Pro Beds
1001,Deluxe Staples
1002,Local Guitars
1003,Local Gym Equipment
1004,Classic Washing Machines
1005,Mini Guitars
1006,Classic Outdoor Toys
1007,Pro Educational Toys
1008,Budget Puzzles
1009,Premium Snacks
1010,Deluxe Speakers
1011,Deluxe Baby Clothing
1012,Smart Art Supplies
1013,Pro Personal Hygiene
1014,Budget Furniture
1015,Deluxe Home & Kitchen
1016,Imported Microwaves
1017,Eco-Friendly Office Supplies
1018,Mini Dog Food
1019,Smart Women's Clothing
1020,Classic Appliances
1021,Premium Car Accessories
1022,Premium Appliances
1023,Deluxe Ethnic Wear
1024,Smart Dairy
1025,Classic Outdoor Furniture
1026,Mini Non-Fiction
1027,Classic Notebooks
1028,Pro Bracelets
1029,Smart Supplements
1030,Eco-Friendly Earphones
1031,Deluxe Action Figures
1032,Local Air Conditioners
1033,Mini Outdoor Furniture
1034,Smart Aquarium
1035,Imported Speakers
1036,Pro Appliances
1037,Classic Beverages
1038,Eco-Friendly Action Figures
1039,Smart Notebooks
1040,Mini Pet Grooming
1041,Premium Baby Clothing
1042,Budget Dairy
1043,Premium Men's Footwear
1044,Eco-Friendly Board Games
1045,Deluxe Cycling
1046,Premium Supplements
1047,Imported Books
1048,Classic Bedding
1049,Pro Garden & Outdoor
1050,Classic Fiction
1051,Mini Academic
1052,Premium Keyboards
1053,Budget Fiction
1054,Pro Automotive
1055,Deluxe Makeup
1056,Smart Garden & Outdoor
1057,Pro Bangles
1058,Eco-Friendly Ayurveda
1059,Deluxe Tools
1060,Deluxe Pet Toys
1061,Classic Medical Devices
1062,Imported Stationery
1063,Mini Educational Toys
1064,Local Cricket Gear
1065,Eco-Friendly Furniture
1066,Premium Microwaves
1067,Premium Drums
1068,Imported Sports & Fitness
1069,Deluxe Winter Wear
1070,Classic Aquarium
1071,Local Car Accessories
1072,Premium Educational Toys
1073,Budget Non-Fiction
1074,Budget Snacks
1075,Classic Winter Wear
1076,Eco-Friendly Skincare
1077,Pro Cricket Gear
1078,Imported Outdoor Furniture
1079,Classic Cookware
1080,Pro Storage
1081,Deluxe Women's Footwear
1082,Pro Medical Devices
1083,Smart Chairs
1084,Imported Mobiles & Accessories
1085,Classic Makeup
1086,Imported Automotive
1087,Smart Personal Hygiene
1088,Pro Gym Equipment
1089,Classic Grooming
1090,Imported Men's Footwear
1091,Local Plants
1092,Mini Automotive
1093,Local Cat Food
1094,Budget Diapers
1095,Eco-Friendly Drums
1096,Imported Pet Toys
1097,Smart Baby Clothing
1098,Premium Comics
1099,Smart Televisions
1100,Mini Jewellery
1101,Deluxe Women's Clothing
1102,Local Files & Folders
1103,Pro Cookware
1104,Mini Appliances
1105,Mini Storage
1106,Premium Puzzles
1107,Classic Violins
1108,Smart Automotive
1109,Premium Earrings
1110,Mini Bedding
1111,Eco-Friendly Fiction
1112,Deluxe Tools
1113,Local Fragrances
1114,Premium Earphones
1115,Premium Lighting
1116,Imported Ayurveda
1117,Premium Ayurveda
1118,Pro Lubricants
1119,Eco-Friendly Appliances
1120,Pro Groceries
1121,Eco-Friendly Puzzles
1122,Classic Action Figures
1123,Imported Bedding
1124,Pro Fragrances
1125,Budget Skincare
1126,Imported Chairs
1127,Deluxe Baby Clothing
1128,Eco-Friendly Yoga
1129,Local Microwaves
1130,Premium Outdoor Furniture
1131,Budget Dairy
1132,Budget Makeup
1133,Eco-Friendly Beverages
1134,Budget Tyres
1135,Smart Pens
1136,Eco-Friendly Dairy
1137,Pro Earphones
1138,Classic Office Supplies
1139,Eco-Friendly Ayurveda
1140,Imported Staples
1141,Local Plants
1142,Classic Toys
1143,Classic Outdoor Furniture
1144,Budget Mobiles & Accessories
1145,Classic Staples
1146,Eco-Friendly Furniture
1147,Premium Tyres
1148,Imported Violins
1149,Deluxe Baby Gear
1150,Eco-Friendly Kids Footwear
1151,Premium Earrings
1152,Pro Storage
1153,Classic Beds
1154,Budget Furniture
1155,Deluxe Appliances
1156,Eco-Friendly Cameras
1157,Deluxe Dog Food
1158,Mini Washing Machines
1159,Pro Garden Tools
1160,Eco-Friendly Stationery
1161,Classic Bracelets
1162,Local Gym Equipment
1163,Eco-Friendly Ayurveda
1164,Classic Garden Tools
1165,Pro Mobiles & Accessories
1166,Imported Diapers
1167,Premium Storage
1168,Budget Electronics
1169,Imported Medical Devices
1170,Imported Toys & Games
1171,Mini Power Banks
1172,Smart Power Banks
1173,Eco-Friendly Running
1174,Mini Pet Toys
1175,Budget Toys
1176,Deluxe Dog Food
1177,Classic Headphones
1178,Local Car Accessories
1179,Imported Furniture
1180,Pro Keyboards
1181,Eco-Friendly Men's Clothing
1182,Eco-Friendly Books
1183,Imported Staples
1184,Budget Footwear
1185,Eco-Friendly Spices
1186,Classic Non-Fiction
1187,Premium Cat Food
1188,Classic Musical Instruments
1189,Deluxe Dog Food
1190,Budget Baby Gear
1191,Premium Fragrances
1192,Imported Action Figures
1193,Pro Beauty & Personal Care
1194,Local Comics
1195,Deluxe Automotive
1196,Mini Refrigerators
1197,Eco-Friendly Academic
1198,Pro Wardrobes
1199,Deluxe Toys
1200,Eco-Friendly Jewellery
1201,Pro Cookware
1202,Classic Educational Toys
1203,Premium Art Supplies
1204,Premium Ayurveda
1205,Mini Chargers
1206,Deluxe Comics
1207,Premium Tables
1208,Premium Refrigerators
1209,Budget Beauty & Personal Care
1210,Local Files & Folders
1211,Premium Smartwatches
1212,Eco-Friendly Televisions
1213,Pro Office Supplies
1214,Imported Fashion
1215,Deluxe Running
1216,Budget Cricket Gear
1217,Mini Groceries
1218,Budget Earrings
1219,Local Power Banks
1220,Pro Keyboards
1221,Premium Garden Tools
1222,Budget Lighting
1223,Smart Bracelets
1224,Premium Fragrances
1225,Classic Grooming
1226,Classic Cameras
1227,Smart Cases & Covers
1228,Smart Earphones
1229,Pro Jewellery
1230,Smart Bike Accessories
1231,Pro Men's Clothing
1232,Mini Outdoor Furniture
1233,Smart Cases & Covers
1234,Deluxe Haircare
1235,Pro Puzzles
1236,Premium Earrings
1237,Eco-Friendly Chargers
1238,Smart Footwear
1239,Classic Sofas
1240,Budget Kids Wear
1241,Smart Chargers
1242,Pro Diapers
1243,Local Toys & Games
1244,Deluxe Cricket Gear
1245,Pro Art Supplies
1246,Classic Groceries
1247,Imported Speakers
1248,Mini Lighting
1249,Budget Pens
1250,Pro Ethnic Wear
1251,Imported Keyboards
1252,Eco-Friendly Earphones
1253,Imported Violins
1254,Mini Office Supplies
1255,Imported Car Accessories
1256,Deluxe Drums
1257,Smart Puzzles
1258,Budget Automotive
1259,Eco-Friendly Ayurveda
1260,Imported Sports & Fitness
1261,Premium Baby Food
1262,Premium Cat Food
1263,Deluxe Ayurveda
1264,Local Rings
1265,Premium Stationery
1266,Smart Academic
1267,Classic Cameras
1268,Deluxe Car Accessories
1269,Deluxe Action Figures
1270,Local Outdoor Toys
1271,Budget Chargers
1272,Budget Dairy
1273,Eco-Friendly Beauty & Personal Care
1274,Local Refrigerators
1275,Budget Storage
1276,Classic Sports & Fitness
1277,Mini Pet Supplies
1278,Eco-Friendly Action Figures
1279,Pro Tyres
1280,Local Headphones
1281,Deluxe Mobiles & Accessories
1282,Classic Supplements
1283,Budget Mobiles & Accessories
1284,Deluxe Home Decor
1285,Mini First Aid
1286,Imported Tools
1287,Eco-Friendly Fragrances
1288,Budget Chairs
1289,Smart Diapers
1290,Classic Cat Food
1291,Imported Bedding
1292,Eco-Friendly Action Figures
1293,Local Baby Food
1294,Classic Kids Footwear
1295,Eco-Friendly Kids Footwear
1296,Smart Grills
1297,Budget Men's Footwear
1298,Budget Gym Equipment
1299,Budget Bracelets
1300,Budget Academic
1301,Budget Cookware
1302,Eco-Friendly Baby Food
1303,Mini Supplements
1304,Pro Art Supplies
1305,Budget Snacks
1306,Pro Garden Tools
1307,Smart Cycling
1308,Budget Plants
1309,Classic Home Decor
1310,Local Speakers
1311,Premium Grills
1312,Budget First Aid
1313,Local Office Supplies
1314,Budget Tyres
1315,Mini Baby Food
1316,Pro Baby Clothing
1317,Local Cat Food
1318,Deluxe Musical Instruments
1319,Classic Children's Books
1320,Imported Non-Fiction
1321,Classic Medical Devices
1322,Smart Lubricants
1323,Premium Cookware
1324,Eco-Friendly Snacks
1325,Eco-Friendly Medical Devices
1326,Budget Books
1327,Eco-Friendly Microwaves
1328,Local Mixers
1329,Classic Action Figures
1330,Eco-Friendly Bracelets
1331,Eco-Friendly Pet Toys
1332,Classic First Aid
1333,Premium Cases & Covers
1334,Eco-Friendly Laptops
1335,Classic Sandals
1336,Classic Action Figures
1337,Eco-Friendly Lighting
1338,Smart Sandals
1339,Imported Books
1340,Pro Chargers
1341,Budget Staples
1342,Mini Ayurveda
1343,Local Chargers
1344,Budget Cookware
1345,Eco-Friendly Men's Footwear
1346,Imported Snacks
1347,Smart Ethnic Wear
1348,Eco-Friendly Cameras
1349,Mini Beds
1350,Premium Supplements
1351,Budget Car Accessories
1352,Classic Kids Footwear
1353,Budget Winter Wear
1354,Imported Makeup
1355,Budget Cases & Covers
1356,Smart Beds
1357,Classic Furniture
1358,Classic Tools
1359,Budget Garden & Outdoor
1360,Imported Garden Tools
1361,Local Makeup
1362,Premium Cases & Covers
1363,Mini Necklaces
1364,Smart Health Care
1365,Deluxe Women's Footwear
1366,Local Earrings
1367,Eco-Friendly Garden & Outdoor
1368,Mini Garden Tools
1369,Local Bracelets
1370,Budget Washing Machines
1371,Budget Kids Footwear
1372,Pro Yoga
1373,Eco-Friendly Toys
1374,Imported Grills
1375,Classic Chargers
1376,Pro Chairs
1377,Smart Skincare
1378,Imported Tyres
1379,Pro Earphones
1380,Deluxe Tools
1381,Classic Cameras
1382,Deluxe Home & Kitchen
1383,Mini Appliances
1384,Premium Tyres
1385,Pro Pet Toys
1386,Deluxe Pet Toys
1387,Smart Baby Clothing
1388,Mini Baby Products
1389,Smart Grills
1390,Local Automotive
1391,Pro Pet Supplies
1392,Pro Home & Kitchen
1393,Deluxe Supplements
1394,Local Health Care
1395,Local Snacks
1396,Mini Wardrobes
1397,Pro Bedding
1398,Mini Grooming
1399,Eco-Friendly Televisions
1400,Smart Ethnic Wear
1401,Mini Garden Tools
1402,Pro Haircare
1403,Imported Tyres
1404,Deluxe First Aid
1405,Pro Dairy
1406,Local Footwear
1407,Smart Fragrances
1408,Premium Baby Gear
1409,Eco-Friendly Chargers
1410,Mini Aquarium
1411,Imported Cookware
1412,Budget Comics
1413,Deluxe Children's Books
1414,Eco-Friendly Academic
1415,Classic Cricket Gear
1416,Deluxe Tables
1417,Pro Notebooks
1418,Eco-Friendly Toys
1419,Mini Children's Books
1420,Deluxe Non-Fiction
1421,Deluxe Comics
1422,Mini Pet Grooming
1423,Classic Supplements
1424,Local Personal Hygiene
1425,Premium Lighting
1426,Mini Running
1427,Pro Musical Instruments
1428,Premium Garden Tools
1429,Deluxe Kids Footwear
1430,Eco-Friendly Toys & Games
1431,Classic Necklaces
1432,Mini Dog Food
1433,Imported Men's Clothing
1434,Deluxe Garden & Outdoor
1435,Smart Women's Clothing
1436,Eco-Friendly Power Banks
1437,Budget Tyres
1438,Smart Fragrances
1439,Smart Personal Hygiene
1440,Local Keyboards
1441,Eco-Friendly Necklaces
1442,Premium Bangles
1443,Premium Health Care
1444,Pro Chargers
1445,Classic Smartphones
1446,Classic Supplements
1447,Eco-Friendly Rings
1448,Pro Snacks
1449,Premium Women's Footwear
1450,Deluxe Pet Grooming
1451,Local Supplements
1452,Premium Spices
1453,Deluxe Microwaves
1454,Eco-Friendly Personal Hygiene
1455,Local Aquarium
1456,Mini Lighting
1457,Smart Snacks
1458,Premium Washing Machines
1459,Imported Home & Kitchen
1460,Pro Keyboards
1461,Mini Accessories
1462,Pro Toys & Games
1463,Smart Board Games
1464,Smart Violins
1465,Premium Cases & Covers
1466,Imported Skincare
1467,Budget Medical Devices
1468,Classic Washing Machines
1469,Mini Aquarium
1470,Budget Yoga
1471,Classic Drums
1472,Smart Smartwatches
1473,Deluxe Bike Accessories
1474,Premium Garden & Outdoor
1475,Pro Sofas
1476,Pro Dairy
1477,Mini Appliances
1478,Local Chairs
1479,Budget Board Games
1480,Eco-Friendly Educational Toys
1481,Classic Non-Fiction
1482,Local Men's Footwear
1483,Pro Drums
1484,Imported Chairs
1485,Classic Furniture
1486,Budget Mobiles & Accessories
1487,Pro Garden Tools
1488,Smart Chargers
1489,Mini Sofas
1490,Imported Pens
1491,Imported Bedding
1492,Deluxe Air Conditioners
1493,Mini Rings
1494,Budget Ayurveda
1495,Premium Baby Gear
1496,Local Tables
1497,Premium Groceries
1498,Premium Notebooks
1499,Smart Car Accessories
1500,Deluxe Ethnic Wear
1501,Budget Toys
1502,Eco-Friendly Outdoor Furniture
1503,Imported Cameras
1504,Classic Spices
1505,Premium Men's Footwear
1506,Local First Aid
1507,Imported Educational Toys
1508,Eco-Friendly Children's Books
1509,Local Bedding
1510,Imported Winter Wear
1511,Deluxe Pet Grooming
1512,Mini Chairs
1513,Smart Cricket Gear
1514,Eco-Friendly Car Accessories
1515,Pro Refrigerators
1516,Classic Pet Supplies
1517,Imported Office Supplies
1518,Deluxe Bike Accessories
1519,Deluxe First Aid
1520,Premium Men's Clothing
1521,Imported Refrigerators
1522,Classic Smartwatches
1523,Local Books
1524,Classic Appliances
1525,Premium Fiction
1526,Deluxe Tools
1527,Smart Keyboards
1528,Budget Gym Equipment
1529,Local Tyres
1530,Pro Aquarium
1531,Imported Women's Footwear
1532,Premium Earrings
1533,Smart Notebooks
1534,Budget Baby Food
1535,Deluxe Refrigerators
1536,Deluxe Rings
1537,Mini Mobiles & Accessories
1538,Mini Wardrobes
1539,Deluxe Plants
1540,Pro Storage
1541,Eco-Friendly Storage
1542,Imported Drums
1543,Budget Women's Clothing
1544,Mini Grills
1545,Budget Stationery
1546,Premium Bedding
1547,Deluxe Rings
1548,Budget Cookware
1549,Pro Pet Grooming
1550,Pro Jewellery
1551,Deluxe First Aid
1552,Classic Gym Equipment
1553,Mini Personal Hygiene
1554,Imported Kids Wear
1555,Deluxe Action Figures
1556,Eco-Friendly Home & Kitchen
1557,Classic Gym Equipment
1558,Mini Earphones
1559,Classic Beverages
1560,Eco-Friendly Women's Clothing
1561,Classic Sofas
1562,Eco-Friendly Cycling
1563,Imported Dairy
1564,Local Pet Supplies
1565,Premium Violins
1566,Premium Televisions
1567,Mini Notebooks
1568,Pro Cycling
1569,Mini Kids Wear
1570,Mini Violins
1571,Premium Tyres
1572,Classic Running
1573,Classic Bike Accessories
1574,Premium Tools
1575,Premium Laptops
1576,Eco-Friendly Smartwatches
1577,Imported Snacks
1578,Local Cat Food
1579,Budget Cookware
1580,Imported Baby Products
1581,Mini Snacks
1582,Mini Groceries
1583,Budget Keyboards
1584,Mini Fashion
1585,Mini Smartphones
1586,Deluxe Files & Folders
1587,Premium Garden Tools
1588,Eco-Friendly Smartwatches
1589,Eco-Friendly Bedding
1590,Premium Sofas
1591,Deluxe Violins
1592,Deluxe Accessories
1593,Mini Televisions
1594,Local Lighting
1595,Eco-Friendly Diapers
1596,Local Gym Equipment
1597,Smart Children's Books
1598,Local Lighting
1599,Pro Grooming
1600,Mini Action Figures
1601,Smart First Aid
1602,Classic Mixers
1603,Mini Bracelets
1604,Local Refrigerators
1605,Pro Chairs
1606,Smart Fashion
1607,Smart Books
1608,Classic Laptops
1609,Mini Notebooks
1610,Classic Board Games
1611,Deluxe Dog Food
1612,Smart Academic
1613,Eco-Friendly Board Games
1614,Classic Beauty & Personal Care
1615,Premium Electronics
1616,Pro Keyboards
1617,Premium Men's Clothing
1618,Deluxe Cookware
1619,Premium Fragrances
1620,Premium Ayurveda
1621,Classic Sandals
1622,Local Earrings
1623,Imported Kids Footwear
1624,Pro Lighting
1625,Mini Bedding
1626,Eco-Friendly Air Conditioners
1627,Local Groceries
1628,Local Jewellery
1629,Local Earrings
1630,Local Sofas
1631,Deluxe Spices
1632,Imported Lighting
1633,Eco-Friendly Wardrobes
1634,Mini Cameras
1635,Smart Aquarium
1636,Deluxe Footwear
1637,Deluxe Sandals
1638,Smart Keyboards
1639,Smart Outdoor Toys
1640,Smart Children's Books
1641,Mini Tables
1642,Eco-Friendly Air Conditioners
1643,Pro Board Games
1644,Budget Microwaves
1645,Budget Chairs
1646,Smart Comics
1647,Eco-Friendly Grills
1648,Classic Pet Grooming
1649,Classic Ethnic Wear
1650,Premium Tools
1651,Imported Running
1652,Smart Storage
1653,Pro Beverages
1654,Smart Keyboards
1655,Deluxe Footwear
1656,Classic Books
1657,Eco-Friendly Earrings
1658,Smart Chargers
1659,Deluxe Garden & Outdoor
1660,Budget Academic
1661,Smart Comics
1662,Local Gym Equipment
1663,Imported Baby Products
1664,Classic Necklaces
1665,Eco-Friendly Educational Toys
1666,Classic Headphones
1667,Smart Microwaves
1668,Pro Furniture
1669,Deluxe Washing Machines
1670,Imported Educational Toys
1671,Imported Jewellery
1672,Classic Lighting
1673,Local Puzzles
1674,Smart Outdoor Furniture
1675,Smart Electronics
1676,Deluxe Files & Folders
1677,Smart Electronics
1678,Budget Chargers
1679,Deluxe Personal Hygiene
1680,Deluxe Lubricants
1681,Classic Board Games
1682,Local Sandals
1683,Imported Makeup
1684,Local Wardrobes
1685,Imported Smartwatches
1686,Mini Men's Clothing
1687,Smart Ethnic Wear
1688,Imported Educational Toys
1689,Local Bike Accessories
1690,Budget Spices
1691,Pro Footwear
1692,Mini Mobiles & Accessories
1693,Imported Washing Machines
1694,Premium Toys
1695,Classic Personal Hygiene
1696,Eco-Friendly Electronics
1697,Eco-Friendly Running
1698,Premium Pet Grooming
1699,Classic Women's Footwear
1700,Mini Office Supplies
1701,Local Headphones
1702,Premium Rings
1703,Budget Automotive
1704,Eco-Friendly Men's Clothing
1705,Imported Chairs
1706,Smart Puzzles
1707,Smart First Aid
1708,Imported Mobiles & Accessories
1709,Deluxe Tables
1710,Local Wardrobes
1711,Eco-Friendly Guitars
1712,Budget Tools
1713,Pro Earrings
1714,Smart Plants
1715,Budget Car Accessories
1716,Classic Fragrances
1717,Pro Winter Wear
1718,Premium Spices
1719,Premium Women's Footwear
1720,Smart Smartwatches
1721,Smart Aquarium
1722,Imported Cat Food
1723,Pro Sandals
1724,Premium Staples
1725,Classic Men's Footwear
1726,Premium Cycling
1727,Deluxe Mobiles & Accessories
1728,Imported Spices
1729,Local Bike Accessories
1730,Mini Women's Clothing
1731,Local Mixers
1732,Pro Cameras
1733,Deluxe Mixers
1734,Classic Rings
1735,Pro Baby Clothing
1736,Budget Pens
1737,Local Health Care
1738,Mini Jewellery
1739,Mini Art Supplies
1740,Local Cookware
1741,Smart Academic
1742,Mini Supplements
1743,Eco-Friendly Women's Footwear
1744,Imported Garden Tools
1745,Deluxe Baby Clothing
1746,Local Tools
1747,Budget Smartphones
1748,Eco-Friendly Puzzles
1749,Local Running
1750,Classic Spices
1751,Budget Educational Toys
1752,Budget Storage
1753,Premium Smartphones
1754,Local Footwear
1755,Eco-Friendly Bike Accessories
1756,Smart Speakers
1757,Mini Grills
1758,Budget Tyres
1759,Classic Jewellery
1760,Deluxe Keyboards
1761,Eco-Friendly Jewellery
1762,Imported Mixers
1763,Deluxe Cameras
1764,Eco-Friendly Fiction
1765,Premium Jewellery
1766,Smart Power Banks
1767,Pro Pet Grooming
1768,Smart Beverages
1769,Mini Board Games
1770,Eco-Friendly Cycling
1771,Premium Musical Instruments
1772,Classic Board Games
1773,Budget Snacks
1774,Eco-Friendly Speakers
1775,Eco-Friendly Kids Footwear
1776,Local Lighting
1777,Mini Makeup
1778,Smart Dog Food
1779,Eco-Friendly Toys
1780,Premium Musical Instruments
1781,Pro Supplements
1782,Classic Wardrobes
1783,Premium Drums
1784,Pro Pet Toys
1785,Mini Bike Accessories
1786,Mini Storage
1787,Mini Televisions
1788,Local Cases & Covers
1789,Imported Chargers
1790,Eco-Friendly Microwaves
1791,Mini Laptops
1792,Budget Automotive
1793,Local Baby Products
1794,Classic Sandals
1795,Pro Laptops
1796,Local Violins
1797,Imported Chairs
1798,Mini Lubricants
1799,Deluxe Staples
1800,Mini Bike Accessories
1801,Deluxe First Aid
1802,Budget Smartwatches
1803,Smart Kids Wear
1804,Premium Keyboards
1805,Smart Winter Wear
1806,Eco-Friendly Car Accessories
1807,Local Cookware
1808,Pro Grills
1809,Smart Air Conditioners
1810,Premium Drums
1811,Local Aquarium
1812,Pro Guitars
1813,Mini Snacks
1814,Mini Baby Food
1815,Local Action Figures
1816,Eco-Friendly Electronics
1817,Premium Keyboards
1818,Eco-Friendly Dairy
1819,Pro Appliances
1820,Mini Lubricants
1821,Mini Lubricants
1822,Classic Drums
1823,Local Action Figures
1824,Mini Jewellery
1825,Classic Men's Clothing
1826,Eco-Friendly Spices
1827,Local Board Games
1828,Premium Cookware
1829,Eco-Friendly Cookware
1830,Pro Guitars
1831,Classic Lighting
1832,Premium Dairy
1833,Deluxe Pet Supplies
1834,Mini Academic
1835,Classic Fashion
1836,Premium Spices
1837,Mini Home Decor
1838,Local Toys & Games
1839,Local Tables
1840,Local Haircare
1841,Premium Art Supplies
1842,Pro Educational Toys
1843,Premium Violins
1844,Local Files & Folders
1845,Smart Grooming
1846,Eco-Friendly Academic
1847,Budget Medical Devices
1848,Deluxe Comics
1849,Imported Plants
1850,Pro Toys & Games
1851,Classic Fashion
1852,Budget Cases & Covers
1853,Imported Musical Instruments
1854,Budget Lighting
1855,Pro Smartphones
1856,Premium Beds
1857,Imported Women's Clothing
1858,Local Educational Toys
1859,Premium Automotive
1860,Local Mobiles & Accessories
1861,Mini Cat Food
1862,Premium Smartphones
1863,Classic Smartphones
1864,Pro Laptops
1865,Classic Earrings
1866,Classic Necklaces
1867,Pro Cameras
1868,Local Garden & Outdoor
1869,Pro Stationery
1870,Imported Appliances
1871,Classic Headphones
1872,Deluxe Puzzles
1873,Smart Running
1874,Local Gym Equipment
1875,Mini Grills
1876,Deluxe Televisions
1877,Local Rings
1878,Smart Personal Hygiene
1879,Pro Car Accessories
1880,Pro Pens
1881,Deluxe Lubricants
1882,Local Refrigerators
1883,Classic Makeup
1884,Pro Tables
1885,Local Keyboards
1886,Budget Kids Footwear
1887,Smart Wardrobes
1888,Imported Violins
1889,Eco-Friendly Health Care
1890,Deluxe Guitars
1891,Smart Cases & Covers
1892,Pro Women's Footwear
1893,Mini Smartwatches
1894,Pro Puzzles
1895,Mini Women's Clothing
1896,Premium Men's Clothing
1897,Local Art Supplies
1898,Mini Violins
1899,Eco-Friendly Non-Fiction
1900,Imported Staples
1901,Pro Sofas
1902,Smart Diapers
1903,Eco-Friendly Kids Footwear
1904,Imported Files & Folders
1905,Budget Stationery
1906,Eco-Friendly Pet Toys
1907,Smart Ayurveda
1908,Mini Notebooks
1909,Classic Gym Equipment
1910,Pro Stationery
1911,Mini Bike Accessories
1912,Eco-Friendly Beauty & Personal Care
1913,Mini Keyboards
1914,Budget Personal Hygiene
1915,Mini Files & Folders
1916,Premium Earphones
1917,Pro Garden & Outdoor
1918,Budget Books
1919,Budget Beds
1920,Budget Tables
1921,Eco-Friendly Baby Clothing
1922,Deluxe Sports & Fitness
1923,Imported Earrings
1924,Eco-Friendly Cases & Covers
1925,Mini Wardrobes
1926,Local Drums
1927,Mini Automotive
1928,Premium Automotive
1929,Deluxe Sports & Fitness
1930,Premium Bracelets
1931,Smart Keyboards
1932,Deluxe Washing Machines
1933,Deluxe Cookware
1934,Local Car Accessories
1935,Local Aquarium
1936,Mini Chargers
1937,Deluxe Aquarium
1938,Eco-Friendly Jewellery
1939,Premium Toys
1940,Classic Earphones
1941,Pro Furniture
1942,Eco-Friendly Beds
1943,Imported Cookware
1944,Premium Headphones
1945,Imported Smartwatches
1946,Smart Plants
1947,Eco-Friendly Lighting
1948,Premium Skincare
1949,Budget Chairs
1950,Deluxe Cookware
1951,Imported Pet Toys
1952,Deluxe Mixers
1953,Deluxe Mixers
1954,Local Educational Toys
1955,Budget Jewellery
1956,Smart Washing Machines
1957,Local Automotive
1958,Classic Board Games
1959,Budget Fiction
1960,Local Files & Folders
1961,Classic Home & Kitchen
1962,Pro Spices
1963,Budget Pens
1964,Local Pet Toys
1965,Mini Winter Wear
1966,Local Storage
1967,Eco-Friendly Mixers
1968,Classic First Aid
1969,Budget Kids Wear
1970,Eco-Friendly Sofas
1971,Classic Snacks
1972,Imported Health Care
1973,Premium Fragrances
1974,Imported Comics
1975,Local Men's Footwear
1976,Mini Beverages
1977,Pro Lighting
1978,Eco-Friendly Cycling
1979,Eco-Friendly Toys & Games
1980,Deluxe Bike Accessories
1981,Deluxe Outdoor Furniture
1982,Local Earphones
1983,Imported Drums
1984,Premium Drums
1985,Imported Lubricants
1986,Eco-Friendly Chairs
1987,Mini Appliances
1988,Mini Necklaces
1989,Pro Outdoor Furniture
1990,Classic Bedding
1991,Smart Power Banks
1992,Eco-Friendly Wardrobes
1993,Budget Tyres
1994,Classic Men's Clothing
1995,Mini Rings
1996,Eco-Friendly Puzzles
1997,Local Pet Grooming
1998,Mini Board Games
1999,Imported Health Care
2000,Budget Sofas
2001,Budget Ayurveda
2002,Local Car Accessories
2003,Budget Bracelets
2004,Premium Violins
2005,Imported Grooming
2006,Budget Washing Machines
2007,Classic Cycling
2008,Deluxe Speakers
2009,Mini Garden Tools
2010,Local Ayurveda
2011,Imported Furniture
2012,Eco-Friendly Winter Wear
2013,Pro Musical Instruments
2014,Pro Washing Machines
2015,Classic Cameras
2016,Deluxe Storage
2017,Pro Comics
2018,Smart Puzzles
2019,Premium Pet Grooming
2020,Premium Cookware
2021,Mini Automotive
2022,Premium Cricket Gear
2023,Deluxe Beverages
2024,Premium Televisions
2025,Smart Sports Shoes
2026,Pro Cricket Gear
2027,Deluxe First Aid
2028,Budget Beverages
2029,Local Home Decor
2030,Classic Sandals
2031,Budget Cases & Covers
2032,Deluxe Outdoor Furniture
2033,Smart Automotive
2034,Budget Women's Footwear
2035,Imported Cat Food
2036,Eco-Friendly Groceries
2037,Eco-Friendly Academic
2038,Eco-Friendly Haircare
2039,Imported Action Figures
2040,Eco-Friendly Spices
2041,Local Automotive
2042,Pro Grills
2043,Eco-Friendly Bike Accessories
2044,Classic Puzzles
2045,Pro Kids Footwear
2046,Local Files & Folders
2047,Classic Makeup
2048,Eco-Friendly Office Supplies
2049,Premium Men's Footwear
2050,Smart Dog Food
2051,Deluxe Microwaves
2052,Imported Grooming
2053,Deluxe Electronics
2054,Imported Violins
2055,Eco-Friendly Pens
2056,Classic Smartphones
2057,Budget Smartwatches
2058,Budget Bangles
2059,Eco-Friendly Ethnic Wear
2060,Local Smartwatches
2061,Mini Baby Food
2062,Local Footwear
2063,Premium Garden & Outdoor
2064,Budget Rings
2065,Premium Educational Toys
2066,Classic Spices
2067,Classic Musical Instruments
2068,Premium Cricket Gear
2069,Eco-Friendly Outdoor Toys
2070,Premium Baby Clothing
2071,Classic Women's Clothing
2072,Eco-Friendly Chairs
2073,Classic Electronics
2074,Pro Cat Food
2075,Imported Beverages
2076,Smart Laptops
2077,Deluxe Refrigerators
2078,Local Speakers
2079,Budget Earrings
2080,Budget Pet Supplies
2081,Deluxe Sports & Fitness
2082,Classic Speakers
2083,Eco-Friendly Art Supplies
2084,Deluxe Garden & Outdoor
2085,Smart Speakers
2086,Classic Automotive
2087,Pro Sports & Fitness
2088,Classic Pet Grooming
2089,Deluxe Home Decor
2090,Budget Bike Accessories
2091,Smart Action Figures
2092,Smart Men's Clothing
2093,Local Bedding
2094,Eco-Friendly Cat Food
2095,Pro Educational Toys
2096,Eco-Friendly Women's Footwear
2097,Mini Supplements
2098,Smart Fashion
2099,Deluxe Garden Tools
2100,Mini Automotive
2101,Mini Footwear
2102,Mini Tyres
2103,Budget Outdoor Furniture
2104,Deluxe Baby Food
2105,Premium Staples
2106,Deluxe Women's Footwear
2107,Local Children's Books
2108,Pro Speakers
2109,Imported Lighting
2110,Deluxe Men's Clothing
2111,Imported Televisions
2112,Local Cat Food
2113,Budget Gym Equipment
2114,Eco-Friendly Keyboards
2115,Imported Office Supplies
2116,Local Ayurveda
2117,Smart Personal Hygiene
2118,Eco-Friendly Dog Food
2119,Local Haircare
2120,Eco-Friendly Speakers
2121,Mini Fashion
2122,Classic Microwaves
2123,Imported Cookware
2124,Local Sofas
2125,Classic Jewellery
2126,Imported Wardrobes
2127,Classic Refrigerators
2128,Mini Wardrobes
2129,Imported Ayurveda
2130,Premium Spices
2131,Mini Cat Food
2132,Smart Board Games
2133,Premium Outdoor Furniture
2134,Imported First Aid
2135,Local Automotive
2136,Premium Outdoor Toys
2137,Premium Lubricants
2138,Classic Lighting
2139,Mini Books
2140,Local Keyboards
2141,Budget Pet Grooming
2142,Deluxe First Aid
2143,Imported Lighting
2144,Deluxe Cat Food
2145,Eco-Friendly Home Decor
2146,Pro Beds
2147,Mini Men's Footwear
2148,Budget Chairs
2149,Mini Academic
2150,Mini Microwaves
2151,Eco-Friendly Ethnic Wear
2152,Eco-Friendly Lubricants
2153,Classic Cameras
2154,Smart Speakers
2155,Premium Medical Devices
2156,Budget Haircare
2157,Mini Stationery
2158,Smart Yoga
2159,Smart Action Figures
2160,Classic Car Accessories
2161,Premium Jewellery
2162,Imported Wardrobes
2163,Mini Sofas
2164,Eco-Friendly Ethnic Wear
2165,Pro Outdoor Toys
2166,Pro Toys & Games
2167,Classic Electronics
2168,Pro Keyboards
2169,Smart Gym Equipment
2170,Smart Storage
2171,Classic Bangles
2172,Local Personal Hygiene
2173,Local Pet Grooming
2174,Imported Grooming
2175,Imported Yoga
2176,Budget Puzzles
2177,Pro Grooming
2178,Imported Wardrobes
2179,Mini Academic
2180,Budget Outdoor Furniture
2181,Premium Microwaves
2182,Smart Grills
2183,Classic Earrings
2184,Smart Baby Products
2185,Classic Books
2186,Mini Academic
2187,Local Books
2188,Classic Sandals
2189,Premium Plants
2190,Classic Cameras
2191,Budget Grooming
2192,Classic Keyboards
2193,Smart Winter Wear
2194,Local Earrings
2195,Local Car Accessories
2196,Imported Bangles
2197,Eco-Friendly Men's Clothing
2198,Pro Speakers
2199,Premium Groceries
2200,Eco-Friendly Electronics
2201,Classic Tyres
2202,Classic Notebooks
2203,Eco-Friendly Kids Footwear
2204,Pro Grooming
2205,Imported Dog Food
2206,Classic Violins
2207,Premium Lubricants
2208,Deluxe Chairs
2209,Local Baby Food
2210,Pro Books
2211,Pro Books
2212,Smart Sandals
2213,Local Cameras
2214,Local Guitars
2215,Local Academic
2216,Budget Dog Food
2217,Smart Storage
2218,Classic Lighting
2219,Budget Garden Tools
2220,Imported Fiction
2221,Smart Speakers
2222,Smart Non-Fiction
2223,Pro Appliances
2224,Classic Rings
2225,Smart Tyres
2226,Deluxe Bike Accessories
2227,Budget Outdoor Toys
2228,Eco-Friendly Educational Toys
2229,Mini Medical Devices
2230,Eco-Friendly Groceries
2231,Budget Laptops
2232,Premium Office Supplies
2233,Premium Home & Kitchen
2234,Classic Accessories
2235,Imported Toys
2236,Mini Stationery
2237,Local Headphones
2238,Smart Office Supplies
2239,Classic Beds
2240,Classic Men's Clothing
2241,Mini Ethnic Wear
2242,Mini Snacks
2243,Local Chargers
2244,Eco-Friendly Footwear
2245,Mini Mixers
2246,Pro Pet Toys
2247,Eco-Friendly Groceries
2248,Pro Bedding
2249,Smart Art Supplies
2250,Classic Speakers
2251,Classic Academic
2252,Eco-Friendly Baby Gear
2253,Deluxe Fiction
2254,Imported Groceries
2255,Classic Drums
2256,Pro Drums
2257,Eco-Friendly Stationery
2258,Mini Violins
2259,Premium Washing Machines
2260,Premium Storage
2261,Eco-Friendly Non-Fiction
2262,Imported Appliances
2263,Local Bike Accessories
2264,Eco-Friendly Men's Clothing
2265,Premium Fiction
2266,Smart Supplements
2267,Classic Accessories
2268,Local Air Conditioners
2269,Local Fiction
2270,Mini Garden Tools
2271,Deluxe Haircare
2272,Classic Keyboards
2273,Local Headphones
2274,Imported Children's Books
2275,Mini Garden & Outdoor
2276,Imported Tools
2277,Pro Plants
2278,Premium Academic
2279,Budget Dairy
2280,Smart Winter Wear
2281,Deluxe Aquarium
2282,Classic Men's Footwear
2283,Pro Board Games
2284,Pro Ayurveda
2285,Local Haircare
2286,Classic Yoga
2287,Smart Women's Footwear
2288,Budget Violins
2289,Local Dog Food
2290,Eco-Friendly Power Banks
2291,Smart Dairy
2292,Eco-Friendly Men's Footwear
2293,Eco-Friendly Winter Wear
2294,Classic Kids Footwear
2295,Deluxe Beverages
2296,Mini Files & Folders
2297,Local Spices
2298,Budget Staples
2299,Smart Bracelets
2300,Deluxe Speakers
2301,Local Smartwatches
2302,Premium Groceries
2303,Classic Cat Food
2304,Deluxe Baby Products
2305,Deluxe Lighting
2306,Deluxe Musical Instruments
2307,Budget Footwear
2308,Local Sandals
2309,Classic Yoga
2310,Eco-Friendly Earphones
2311,Deluxe Diapers
2312,Budget Air Conditioners
2313,Classic Cameras
2314,Local Bike Accessories
2315,Smart Puzzles
2316,Deluxe Groceries
2317,Local Ayurveda
2318,Local Keyboards
2319,Eco-Friendly Stationery
2320,Premium Keyboards
2321,Eco-Friendly Spices
2322,Premium Women's Footwear
2323,Classic Electronics
2324,Local Lubricants
2325,Imported Bracelets
2326,Imported Educational Toys
2327,Imported Books
2328,Budget Bangles
2329,Imported Medical Devices
2330,Premium Kids Wear
2331,Premium Power Banks
2332,Mini Keyboards
2333,Budget Outdoor Toys
2334,Premium Laptops
2335,Mini Lubricants
2336,Mini Cricket Gear
2337,Premium Women's Clothing
2338,Smart Comics
2339,Local Children's Books
2340,Smart Winter Wear
2341,Classic Smartwatches
2342,Smart Beds
2343,Local Air Conditioners
2344,Imported Books
2345,Eco-Friendly Bracelets
2346,Mini Furniture
2347,Smart Educational Toys
2348,Imported Bike Accessories
2349,Classic Kids Wear
2350,Premium Haircare
2351,Premium Smartwatches
2352,Classic Medical Devices
2353,Smart Bike Accessories
2354,Pro Groceries
2355,Pro Personal Hygiene
2356,Budget Personal Hygiene
2357,Pro Plants
2358,Deluxe Air Conditioners
2359,Smart Cycling
2360,Eco-Friendly Grooming
2361,Pro Microwaves
2362,Premium Pet Grooming
2363,Deluxe Haircare
2364,Classic Comics
2365,Pro Kids Wear
2366,Smart Books
2367,Classic Microwaves
2368,Imported Gym Equipment
2369,Smart Power Banks
2370,Imported Violins
2371,Local Children's Books
2372,Pro Non-Fiction
2373,Eco-Friendly Toys & Games
2374,Eco-Friendly Smartwatches
2375,Premium Pet Supplies
2376,Smart Dairy
2377,Deluxe Snacks
2378,Classic Keyboards
2379,Budget Comics
2380,Premium Cookware
2381,Premium Kids Wear
2382,Classic Baby Clothing
2383,Premium Rings
2384,Pro Appliances
2385,Classic Grooming
2386,Deluxe Snacks
2387,Budget Televisions
2388,Mini Dog Food
2389,Eco-Friendly Wardrobes
2390,Imported Musical Instruments
2391,Deluxe Lighting
2392,Pro Tables
2393,Premium Smartwatches
2394,Pro Comics
2395,Imported Refrigerators
2396,Pro Drums
2397,Smart Home & Kitchen
2398,Smart Violins
2399,Local Haircare
2400,Budget Sofas
2401,Mini Laptops
2402,Smart First Aid
2403,Mini Air Conditioners
2404,Pro Speakers
2405,Local Lighting
2406,Mini Toys
2407,Premium Sports & Fitness
2408,Eco-Friendly Speakers
2409,Imported Jewellery
2410,Premium Action Figures
2411,Smart Men's Clothing
2412,Eco-Friendly Violins
2413,Smart Speakers
2414,Mini Necklaces
2415,Pro Running
2416,Mini Grooming
2417,Premium Dog Food
2418,Budget Aquarium
2419,Imported Televisions
2420,Eco-Friendly Comics
2421,Deluxe Makeup
2422,Pro Women's Clothing
2423,Eco-Friendly Wardrobes
2424,Premium Car Accessories
2425,Deluxe Sports Shoes
2426,Eco-Friendly Rings
2427,Classic Beds
2428,Smart Sandals
2429,Budget Women's Clothing
2430,Mini Headphones
2431,Smart Earrings
2432,Imported Non-Fiction
2433,Pro Beverages
2434,Pro Grills
2435,Local Pens
2436,Classic Academic
2437,Smart Speakers
2438,Mini Makeup
2439,Premium Earrings
2440,Premium Health Care
2441,Budget Winter Wear
2442,Eco-Friendly Staples
2443,Mini Rings
2444,Deluxe Plants
2445,Eco-Friendly Beauty & Personal Care
2446,Mini Footwear
2447,Deluxe Refrigerators
2448,Deluxe Garden Tools
2449,Classic Chairs
2450,Premium Cookware
2451,Mini Staples
2452,Mini Automotive
2453,Classic Beauty & Personal Care
2454,Pro Cricket Gear
2455,Local Staples
2456,Mini Women's Clothing
2457,Budget Art Supplies
2458,Local Makeup
2459,Pro Grooming
2460,Local Beverages
2461,Local Air Conditioners
2462,Budget Gym Equipment
2463,Smart Mobiles & Accessories
2464,Imported Fiction
2465,Budget Storage
2466,Deluxe Gym Equipment
2467,Pro Beverages
2468,Smart Cameras
2469,Smart Chairs
2470,Premium Women's Clothing
2471,Pro Plants
2472,Imported Aquarium
2473,Classic Laptops
2474,Classic Lighting
2475,Mini Fiction
2476,Local Pet Supplies
2477,Mini Violins
2478,Eco-Friendly Health Care
2479,Pro Skincare
2480,Imported Televisions
2481,Pro Wardrobes
2482,Smart Office Supplies
2483,Deluxe Cricket Gear
2484,Budget Women's Footwear
2485,Premium Sofas
2486,Local Cycling
2487,Local Personal Hygiene
2488,Mini Spices
2489,Smart Pens
2490,Budget Earrings
2491,Imported Baby Gear
2492,Imported Garden & Outdoor
2493,Pro First Aid
2494,Pro Fiction
2495,Smart Women's Clothing
2496,Classic Rings
2497,Classic Lighting
2498,Premium Groceries
2499,Smart Diapers
2500,Budget Educational Toys
2501,Budget Haircare
2502,Premium Dog Food
2503,Eco-Friendly Pet Toys
2504,Mini Baby Food
2505,Mini Lighting
2506,Mini Academic
2507,Classic Power Banks
2508,Deluxe Cricket Gear
2509,Eco-Friendly Automotive
2510,Mini Puzzles
2511,Deluxe Bedding
2512,Mini Speakers
2513,Classic Earphones
2514,Premium Kids Wear
2515,Budget Chairs
2516,Budget Pet Supplies
2517,Classic Earphones
2518,Local Beverages
2519,Pro Sandals
2520,Budget Car Accessories
2521,Imported Cat Food
2522,Classic Pet Toys
2523,Deluxe Women's Clothing
2524,Deluxe Violins
2525,Deluxe Speakers
2526,Premium Smartwatches
2527,Budget Pet Toys
2528,Premium Haircare
2529,Smart Sofas
2530,Deluxe Beauty & Personal Care
2531,Mini Books
2532,Budget Cricket Gear
2533,Classic Staples
2534,Smart Snacks
2535,Budget Air Conditioners
2536,Classic Bangles
2537,Premium Furniture
2538,Imported Lighting
2539,Deluxe Bike Accessories
2540,Mini Power Banks
2541,Mini Baby Gear
2542,Smart Dog Food
2543,Local Ethnic Wear
2544,Pro Sandals
2545,Budget Educational Toys
2546,Local Kids Footwear
2547,Mini Washing Machines
2548,Premium Mobiles & Accessories
2549,Mini Car Accessories
2550,Imported First Aid
2551,Mini Office Supplies
2552,Classic Cookware
2553,Pro Staples
2554,Budget Puzzles
2555,Imported Toys
2556,Premium First Aid
2557,Deluxe Cat Food
2558,Smart Chargers
2559,Deluxe Cases & Covers
2560,Pro Home & Kitchen
2561,Local Drums
2562,Budget Laptops
2563,Budget Lighting
2564,Budget Wardrobes
2565,Mini Refrigerators
2566,Local Haircare
2567,Pro Files & Folders
2568,Pro Spices
2569,Budget Toys & Games
2570,Eco-Friendly Tyres
2571,Premium Pet Grooming
2572,Pro Cookware
2573,Deluxe Toys
2574,Imported Lighting
2575,Imported Ayurveda
2576,Eco-Friendly Cookware
2577,Budget Headphones
2578,Smart Outdoor Furniture
2579,Local Makeup
2580,Premium Chairs
2581,Deluxe Home & Kitchen
2582,Pro Pet Supplies
2583,Local Baby Products
2584,Smart Puzzles
2585,Deluxe Air Conditioners
2586,Pro Art Supplies
2587,Pro Beds
2588,Eco-Friendly Appliances
2589,Mini Educational Toys
2590,Classic Cricket Gear
2591,Eco-Friendly Medical Devices
2592,Imported Men's Footwear
2593,Classic Garden & Outdoor
2594,Premium Baby Food
2595,Imported Storage
2596,Deluxe Appliances
2597,Smart Garden & Outdoor
2598,Eco-Friendly First Aid
2599,Premium Ayurveda
2600,Eco-Friendly Jewellery
2601,Classic Smartphones
2602,Imported Jewellery
2603,Budget Snacks
2604,Local Garden Tools
2605,Pro Ayurveda
2606,Smart Beauty & Personal Care
2607,Classic Televisions
2608,Classic Pet Supplies
2609,Deluxe Furniture
2610,Budget Tyres
2611,Local Refrigerators
2612,Smart Lighting
2613,Mini Men's Clothing
2614,Pro Rings
2615,Premium Women's Footwear
2616,Classic Cases & Covers
2617,Pro Art Supplies
2618,Pro Running
2619,Classic Haircare
2620,Classic Men's Footwear
2621,Pro Garden & Outdoor
2622,Eco-Friendly Garden & Outdoor
2623,Smart Fashion
2624,Premium Smartphones
2625,Deluxe Outdoor Furniture
2626,Classic Ethnic Wear
2627,Smart Garden Tools
2628,Budget Children's Books
2629,Mini Mobiles & Accessories
2630,Deluxe Earrings
2631,Eco-Friendly Ayurveda
2632,Deluxe Toys & Games
2633,Eco-Friendly Microwaves
2634,Pro Kids Footwear
2635,Budget Washing Machines
2636,Budget Pens
2637,Smart Baby Gear
2638,Smart Diapers
2639,Pro Smartwatches
2640,Budget Beauty & Personal Care
2641,Pro Running
2642,Deluxe Sports Shoes
2643,Classic Televisions
2644,Eco-Friendly Toys
2645,Local Violins
2646,Smart Dog Food
2647,Premium Personal Hygiene
2648,Deluxe Earrings
2649,Budget Books
2650,Pro Sandals
2651,Pro Laptops
2652,Premium Non-Fiction
2653,Smart Necklaces
2654,Premium Baby Clothing
2655,Mini Pet Grooming
2656,Classic Puzzles
2657,Premium Mobiles & Accessories
2658,Pro Drums
2659,Classic Appliances
2660,Premium Fiction
2661,Pro Skincare
2662,Pro Smartwatches
2663,Mini Refrigerators
2664,Smart Toys & Games
2665,Eco-Friendly Electronics
2666,Eco-Friendly Dog Food
2667,Budget Cameras
2668,Mini Lighting
2669,Budget Grooming
2670,Premium Pet Supplies
2671,Classic Cookware
2672,Imported Diapers
2673,Smart Outdoor Toys
2674,Local Notebooks
2675,Classic Men's Clothing
2676,Classic Cycling
2677,Local Haircare
2678,Pro Educational Toys
2679,Imported Storage
2680,Deluxe Electronics
2681,Eco-Friendly Non-Fiction
2682,Smart Musical Instruments
2683,Imported Gym Equipment
2684,Eco-Friendly Cookware
2685,Pro First Aid
2686,Local Toys
2687,Imported Mixers
2688,Eco-Friendly Office Supplies
2689,Smart Mobiles & Accessories
2690,Classic Refrigerators
2691,Mini Lubricants
2692,Deluxe Books
2693,Mini Musical Instruments
2694,Classic Cycling
2695,Premium Electronics
2696,Local Bike Accessories
2697,Mini Chairs
2698,Smart Sports Shoes
2699,Budget Home & Kitchen
2700,Mini Drums
2701,Premium Drums
2702,Smart Garden Tools
2703,Premium Mobiles & Accessories
2704,Smart Pens
2705,Budget Health Care
2706,Local Chargers
2707,Eco-Friendly Mobiles & Accessories
2708,Premium Grooming
2709,Budget Fragrances
2710,Smart Footwear
2711,Imported Lubricants
2712,Mini Baby Products
2713,Smart Musical Instruments
2714,Smart Lubricants
2715,Deluxe Dairy
2716,Premium Baby Food
2717,Pro Cameras
2718,Premium Smartphones
2719,Budget Beverages
2720,Smart Women's Footwear
2721,Premium Puzzles
2722,Imported Gym Equipment
2723,Smart Tools
2724,Classic Grills
2725,Smart Musical Instruments
2726,Mini Yoga
2727,Local Furniture
2728,Classic Personal Hygiene
2729,Classic Outdoor Furniture
2730,Budget Board Games
2731,Mini Office Supplies
2732,Mini Grills
2733,Premium Sports & Fitness
2734,Deluxe Kids Footwear
2735,Eco-Friendly Garden & Outdoor
2736,Smart Garden Tools
2737,Pro Baby Clothing
2738,Smart Non-Fiction
2739,Budget Musical Instruments
2740,Imported Plants
2741,Imported Baby Gear
2742,Smart Appliances
2743,Classic Non-Fiction
2744,Local Washing Machines
2745,Eco-Friendly Appliances
2746,Eco-Friendly Bangles
2747,Premium Bracelets
2748,Smart Lighting
2749,Classic Washing Machines
2750,Eco-Friendly Lubricants
2751,Deluxe Plants
2752,Deluxe Keyboards
2753,Classic Yoga
2754,Classic Laptops
2755,Budget Sports Shoes
2756,Imported Skincare
2757,Imported Medical Devices
2758,Pro Earrings
2759,Deluxe Musical Instruments
2760,Premium Appliances
2761,Pro Comics
2762,Classic Car Accessories
2763,Deluxe Cat Food
2764,Smart Grooming
2765,Mini Sandals
2766,Budget Cookware
2767,Premium Mobiles & Accessories
2768,Budget Tables
2769,Local Cameras
2770,Mini Lighting
2771,Local Women's Footwear
2772,Imported Aquarium
2773,Classic Women's Clothing
2774,Smart Haircare
2775,Budget Footwear
2776,Classic Chairs
2777,Pro Yoga
2778,Budget Sofas
2779,Classic Dairy
2780,Premium Outdoor Furniture
2781,Premium Wardrobes
2782,Pro Spices
2783,Classic Skincare
2784,Budget Board Games
2785,Premium Kids Wear
2786,Premium Smartwatches
2787,Local First Aid
2788,Smart Pet Toys
2789,Imported Comics
2790,Imported Sandals
2791,Local Mobiles & Accessories
2792,Smart Accessories
2793,Classic Fashion
2794,Deluxe Home Decor
2795,Premium Baby Products
2796,Pro Bangles
2797,Mini Non-Fiction
2798,Classic Spices
2799,Budget Fashion
2800,Imported Air Conditioners
2801,Budget Personal Hygiene
2802,Local Ethnic Wear
2803,Smart Toys & Games
2804,Budget Dairy
2805,Smart Pet Toys
2806,Pro Appliances
2807,Smart Keyboards
2808,Local Kids Footwear
2809,Deluxe Smartwatches
2810,Imported Violins
2811,Budget Non-Fiction
2812,Local Men's Clothing
2813,Classic Tables
2814,Local Notebooks
2815,Pro Chargers
2816,Smart Beverages
2817,Classic Skincare
2818,Imported Chairs
2819,Local Air Conditioners
2820,Smart Lubricants
2821,Local Spices
2822,Imported Stationery
2823,Deluxe Non-Fiction
2824,Local Women's Clothing
2825,Eco-Friendly Keyboards
2826,Smart Sports & Fitness
2827,Local Televisions
2828,Pro Cases & Covers
2829,Premium Plants
2830,Imported Office Supplies
2831,Smart Puzzles
2832,Imported Women's Footwear
2833,Classic Educational Toys
2834,Premium Cycling
2835,Pro Diapers
2836,Local Lighting
2837,Deluxe Diapers
2838,Premium Smartwatches
2839,Budget Groceries
2840,Local Board Games
2841,Mini Wardrobes
2842,Deluxe Furniture
2843,Imported Bike Accessories
2844,Imported Bracelets
2845,Budget Fashion
2846,Local Fashion
2847,Imported Toys
2848,Local Tools
2849,Budget Mobiles & Accessories
2850,Premium Automotive
2851,Local Guitars
2852,Deluxe Kids Footwear
2853,Deluxe Haircare
2854,Pro Garden & Outdoor
2855,Smart Plants
2856,Eco-Friendly Educational Toys
2857,Classic Grills
2858,Pro Rings
2859,Eco-Friendly Necklaces
2860,Budget Bike Accessories
2861,Premium Cookware
2862,Deluxe Pet Toys
2863,Imported Cat Food
2864,Premium Garden Tools
2865,Budget Puzzles
2866,Imported Electronics
2867,Local Lubricants
2868,Pro Bedding
2869,Premium Outdoor Toys
2870,Classic Dog Food
2871,Budget Sandals
2872,Eco-Friendly Comics
2873,Mini Air Conditioners
2874,Budget Women's Clothing
2875,Local Speakers
2876,Classic Sports & Fitness
2877,Budget Tools
2878,Smart Headphones
2879,Mini First Aid
2880,Deluxe Violins
2881,Budget Beds
2882,Budget Earrings
2883,Premium Refrigerators
2884,Imported Dog Food
2885,Imported Cricket Gear
2886,Premium Bike Accessories
2887,Classic Drums
2888,Budget Aquarium
2889,Imported Baby Products
2890,Premium Comics
2891,Classic Refrigerators
2892,Budget Microwaves
2893,Imported Skincare
2894,Smart Storage
2895,Classic Wardrobes
2896,Budget Lighting
2897,Smart Haircare
2898,Mini Personal Hygiene
2899,Local Speakers
2900,Local Automotive
2901,Mini Keyboards
2902,Eco-Friendly Files & Folders
2903,Mini Cameras
2904,Deluxe Lighting
2905,Local Aquarium
2906,Local Winter Wear
2907,Deluxe Home & Kitchen
2908,Local Beverages
2909,Smart Dairy
2910,Eco-Friendly Women's Clothing
2911,Eco-Friendly Tyres
2912,Eco-Friendly Dairy
2913,Classic Cat Food
2914,Premium Makeup
2915,Local Garden & Outdoor
2916,Premium Lighting
2917,Smart Running
2918,Eco-Friendly Earrings
2919,Budget Microwaves
2920,Budget Pet Supplies
2921,Eco-Friendly Laptops
2922,Mini Musical Instruments
2923,Local Accessories
2924,Pro Cycling
2925,Eco-Friendly Sandals
2926,Budget Children's Books
2927,Classic Groceries
2928,Budget Fashion
2929,Eco-Friendly Violins
2930,Local Toys & Games
2931,Classic Winter Wear
2932,Classic Tyres
2933,Budget Earphones
2934,Local Baby Products
2935,Deluxe Gym Equipment
2936,Budget Chargers
2937,Premium Cat Food
2938,Local Fashion
2939,Budget Smartwatches
2940,Deluxe Children's Books
2941,Smart Supplements
2942,Pro Violins
2943,Classic Fashion
2944,Premium Headphones
2945,Premium Bike Accessories
2946,Mini Chargers
2947,Deluxe Comics
2948,Pro Cat Food
2949,Budget Cycling
2950,Local Haircare
2951,Budget Supplements
2952,Smart Action Figures
2953,Mini Air Conditioners
2954,Smart Fiction
2955,Deluxe Ayurveda
2956,Deluxe Aquarium
2957,Eco-Friendly Gym Equipment
2958,Eco-Friendly Plants
2959,Mini Lighting
2960,Classic Stationery
2961,Deluxe Books
2962,Deluxe Footwear
2963,Budget Cameras
2964,Classic Running
2965,Local Board Games
2966,Classic Earphones
2967,Deluxe Headphones
2968,Smart Men's Footwear
2969,Pro Lighting
2970,Premium Smartwatches
2971,Premium Haircare
2972,Classic Bracelets
2973,Eco-Friendly Ayurveda
2974,Deluxe Smartphones
2975,Premium Furniture
2976,Deluxe Musical Instruments
2977,Premium Ayurveda
2978,Pro Lighting
2979,Pro Men's Clothing
2980,Eco-Friendly Academic
2981,Budget Appliances
2982,Deluxe Spices
2983,Eco-Friendly Rings
2984,Pro Haircare
2985,Premium Bedding
2986,Local Stationery
2987,Budget Academic
2988,Premium Board Games
2989,Smart Staples
2990,Pro Cases & Covers
2991,Budget Health Care
2992,Premium Cat Food
2993,Premium Aquarium
2994,Premium Supplements
2995,Imported Automotive
2996,Mini Personal Hygiene
2997,Deluxe Women's Clothing
2998,Imported Sports & Fitness
2999,Classic Gym Equipment
3000,Premium Headphones
3001,Mini Musical Instruments
3002,Local Pet Grooming
3003,Smart Pet Toys
3004,Imported Action Figures
3005,Premium Necklaces
3006,Local Makeup
3007,Mini Mixers
3008,Smart Power Banks
3009,Premium Toys & Games
3010,Eco-Friendly Cycling
3011,Local Automotive
3012,Budget Lighting
3013,Smart Comics
3014,Deluxe Beds
3015,Budget Files & Folders
3016,Premium Garden & Outdoor
3017,Premium Running
3018,Imported Health Care
3019,Local Musical Instruments
3020,Imported Keyboards
3021,Budget Car Accessories
3022,Local First Aid
3023,Premium Garden & Outdoor
3024,Premium Men's Footwear
3025,Eco-Friendly Pens
3026,Classic Pet Grooming
3027,Budget Comics
3028,Pro Baby Products
3029,Local Action Figures
3030,Budget Furniture
3031,Smart Outdoor Furniture
3032,Pro Children's Books
3033,Deluxe Grills
3034,Deluxe Jewellery
3035,Budget Air Conditioners
3036,Imported Puzzles
3037,Deluxe Puzzles
3038,Mini Violins
3039,Budget Pet Supplies
3040,Smart Lighting
3041,Classic Rings
3042,Eco-Friendly Dairy
3043,Deluxe Supplements
3044,Smart Guitars
3045,Imported Sports & Fitness
3046,Classic Garden Tools
3047,Smart Stationery
3048,Classic Sofas
3049,Mini Appliances
3050,Classic Sandals
3051,Local Furniture
3052,Deluxe Fragrances
3053,Deluxe Automotive
3054,Budget Action Figures
3055,Local Bangles
3056,Deluxe Baby Clothing
3057,Pro Accessories
3058,Mini Wardrobes
3059,Classic Office Supplies
3060,Deluxe Guitars
3061,Eco-Friendly Diapers
3062,Eco-Friendly Drums
3063,Pro Dog Food
3064,Smart Art Supplies
3065,Pro Garden Tools
3066,Local Car Accessories
3067,Mini Snacks
3068,Imported Outdoor Toys
3069,Smart Action Figures
3070,Pro Microwaves
3071,Budget Stationery
3072,Pro Car Accessories
3073,Classic Sports Shoes
3074,Pro Televisions
3075,Budget Mobiles & Accessories
3076,Pro Bike Accessories
3077,Local Headphones
3078,Mini Mixers
3079,Mini Lubricants
3080,Eco-Friendly Winter Wear
3081,Imported Home & Kitchen
3082,Smart Bangles
3083,Classic Lubricants
3084,Classic Laptops
3085,Mini Women's Clothing
3086,Mini Beauty & Personal Care
3087,Classic Pet Toys
3088,Imported Women's Footwear
3089,Local Staples
3090,Imported Violins
3091,Premium Health Care
3092,Mini Refrigerators
3093,Local Staples
3094,Deluxe Spices
3095,Eco-Friendly Files & Folders
3096,Eco-Friendly Headphones
3097,Local Fragrances
3098,Smart Pet Toys
3099,Classic Keyboards
3100,Mini Makeup
3101,Deluxe Electronics
3102,Pro Lubricants
3103,Premium Storage
3104,Imported Children's Books
3105,Pro Snacks
3106,Premium Kids Wear
3107,Smart Diapers
3108,Pro Dairy
3109,Classic Pet Toys
3110,Local Fragrances
3111,Mini Wardrobes
3112,Local Beverages
3113,Eco-Friendly Men's Clothing
3114,Classic Mixers
3115,Imported Laptops
3116,Classic Skincare
3117,Eco-Friendly Bedding
3118,Mini Pet Supplies
3119,Imported Staples
3120,Local Cameras
3121,Local Jewellery
3122,Premium Violins
3123,Eco-Friendly Baby Gear
3124,Premium Plants
3125,Smart Electronics
3126,Imported Automotive
3127,Pro Ayurveda
3128,Mini Home Decor
3129,Pro Puzzles
3130,Smart Televisions
3131,Premium Dog Food
3132,Pro Makeup
3133,Local Running
3134,Eco-Friendly Educational Toys
3135,Local Toys & Games
3136,Smart Notebooks
3137,Deluxe Laptops
3138,Local Sports & Fitness
3139,Imported Refrigerators
3140,Local Electronics
3141,Budget Puzzles
3142,Classic Kids Wear
3143,Imported Diapers
3144,Local Action Figures
3145,Mini Chargers
3146,Mini Ethnic Wear
3147,Imported Bedding
3148,Mini Haircare
3149,Imported Mobiles & Accessories
3150,Premium Groceries
3151,Pro Smartphones
3152,Eco-Friendly Gym Equipment
3153,Budget Lighting
3154,Smart Kids Wear
3155,Imported Guitars
3156,Imported Board Games
3157,Imported Pet Grooming
3158,Pro Tools
3159,Mini Mixers
3160,Premium Footwear
3161,Smart Wardrobes
3162,Premium Books
3163,Pro Sports & Fitness
3164,Pro Jewellery
3165,Deluxe Grills
3166,Smart Children's Books
3167,Pro Dairy
3168,Budget Haircare
3169,Smart Toys & Games
3170,Local Sports & Fitness
3171,Pro Jewellery
3172,Budget Tyres
3173,Budget Art Supplies
3174,Deluxe Health Care
3175,Premium Rings
3176,Deluxe Tables
3177,Mini Grills
3178,Imported Personal Hygiene
3179,Local Garden & Outdoor
3180,Smart Tools
3181,Eco-Friendly Cycling
3182,Deluxe Diapers
3183,Mini Board Games
3184,Deluxe Home Decor
3185,Deluxe Academic
3186,Premium Grooming
3187,Classic Microwaves
3188,Local Garden Tools
3189,Eco-Friendly Bedding
3190,Premium Dairy
3191,Eco-Friendly Power Banks
3192,Eco-Friendly Skincare
3193,Deluxe Headphones
3194,Premium Home Decor
3195,Classic Car Accessories
3196,Eco-Friendly Puzzles
3197,Eco-Friendly Makeup
3198,Premium Health Care
3199,Classic Accessories
3200,Pro Stationery
3201,Premium Cameras
3202,Eco-Friendly Tools
3203,Budget Notebooks
3204,Imported Mixers
3205,Imported Musical Instruments
3206,Local Sports & Fitness
3207,Mini First Aid
3208,Classic Tyres
3209,Local Beverages
3210,Mini Washing Machines
3211,Eco-Friendly First Aid
3212,Pro Baby Products
3213,Budget First Aid
3214,Eco-Friendly Tools
3215,Classic Guitars
3216,Budget Pens
3217,Imported Musical Instruments
3218,Pro Cookware
3219,Mini Appliances
3220,Eco-Friendly Baby Products
3221,Smart Personal Hygiene
3222,Budget Bracelets
3223,Eco-Friendly Ayurveda
3224,Premium Ayurveda
3225,Classic Ayurveda
3226,Smart Lighting
3227,Eco-Friendly Ethnic Wear
3228,Imported Books
3229,Imported Sports Shoes
3230,Classic Children's Books
3231,Local Tyres
3232,Classic Appliances
3233,Mini Beverages
3234,Smart Pet Grooming
3235,Eco-Friendly Beauty & Personal Care
3236,Deluxe Televisions
3237,Eco-Friendly Keyboards
3238,Local Skincare
3239,Pro Automotive
3240,Smart Beverages
3241,Imported Home Decor
3242,Pro Kids Wear
3243,Imported Staples
3244,Premium Tools
3245,Mini Appliances
3246,Premium Tyres
3247,Smart Pet Grooming
3248,Imported Ayurveda
3249,Eco-Friendly Tools
3250,Local Running
3251,Budget Bangles
3252,Smart Health Care
3253,Mini Art Supplies
3254,Premium Staples
3255,Pro Staples
3256,Eco-Friendly Mobiles & Accessories
3257,Budget Wardrobes
3258,Local Microwaves
3259,Mini Women's Footwear
3260,Imported Diapers
3261,Mini Power Banks
3262,Budget Baby Clothing
3263,Premium Sandals
3264,Mini First Aid
3265,Premium Children's Books
3266,Eco-Friendly Makeup
3267,Budget Sandals
3268,Pro Gym Equipment
3269,Mini Kids Wear
3270,Premium Cycling
3271,Pro Baby Clothing
3272,Budget Tables
3273,Budget Sofas
3274,Pro Bedding
3275,Pro Academic
3276,Eco-Friendly Puzzles
3277,Smart Earrings
3278,Local Women's Clothing
3279,Deluxe First Aid
3280,Smart Jewellery
3281,Deluxe Earphones
3282,Eco-Friendly First Aid
3283,Local Dog Food
3284,Local Winter Wear
3285,Local Makeup
3286,Eco-Friendly Dog Food
3287,Budget Furniture
3288,Mini Art Supplies
3289,Smart Headphones
3290,Budget Diapers
3291,Eco-Friendly Grills
3292,Mini Grills
3293,Eco-Friendly Action Figures
3294,Imported Beauty & Personal Care
3295,Pro Cameras
3296,Mini Home Decor
3297,Premium Ethnic Wear
3298,Imported Microwaves
3299,Imported Lighting
3300,Eco-Friendly Fashion
3301,Deluxe Sofas
3302,Mini Cameras
3303,Eco-Friendly Beverages
3304,Local Bracelets
3305,Pro Rings
3306,Eco-Friendly Outdoor Furniture
3307,Smart Televisions
3308,Classic Smartphones
3309,Imported Baby Gear
3310,Local Stationery
3311,Budget Sandals
3312,Mini Plants
3313,Eco-Friendly Necklaces
3314,Mini Mobiles & Accessories
3315,Premium Baby Clothing
3316,Deluxe Medical Devices
3317,Deluxe Health Care
3318,Premium Smartphones
3319,Mini Cases & Covers
3320,Classic Tables
3321,Smart Diapers
3322,Mini Chargers
3323,Eco-Friendly Running
3324,Deluxe Furniture
3325,Local Office Supplies
3326,Local Headphones
3327,Imported Haircare
3328,Budget Cycling
3329,Local Violins
3330,Classic Lubricants
3331,Deluxe Stationery
3332,Smart Grooming
3333,Smart Puzzles
3334,Deluxe Automotive
3335,Pro Men's Clothing
3336,Imported Home Decor
3337,Imported Action Figures
3338,Premium Ayurveda
3339,Classic Earrings
3340,Budget Outdoor Furniture
3341,Eco-Friendly Chargers
3342,Local Pet Toys
3343,Mini Home Decor
3344,Imported Non-Fiction
3345,Smart Beauty & Personal Care
3346,Eco-Friendly Beds
3347,Premium Staples
3348,Smart Chairs
3349,Budget Skincare
3350,Imported Washing Machines
3351,Eco-Friendly Skincare
3352,Mini Bike Accessories
3353,Eco-Friendly Smartphones
3354,Premium Women's Clothing
3355,Smart Home & Kitchen
3356,Premium Microwaves
3357,Local Dairy
3358,Local Yoga
3359,Local Yoga
3360,Eco-Friendly Headphones
3361,Eco-Friendly Fragrances
3362,Imported Kids Footwear
3363,Smart Power Banks
3364,Deluxe Bangles
3365,Pro Garden Tools
3366,Mini Staples
3367,Budget Comics
3368,Mini Baby Products
3369,Classic Pens
3370,Premium Electronics
3371,Eco-Friendly Women's Clothing
3372,Imported Baby Products
3373,Imported Toys
3374,Classic Non-Fiction
3375,Eco-Friendly Pet Supplies
3376,Classic Outdoor Furniture
3377,Deluxe Supplements
3378,Smart Spices
3379,Classic Furniture
3380,Classic Children's Books
3381,Premium Winter Wear
3382,Budget Cookware
3383,Imported Tyres
3384,Budget Health Care
3385,Imported Outdoor Toys
3386,Eco-Friendly Microwaves
3387,Eco-Friendly First Aid
3388,Budget Cameras
3389,Pro Puzzles
3390,Budget Academic
3391,Deluxe Refrigerators
3392,Premium Educational Toys
3393,Premium Electronics
3394,Eco-Friendly Sandals
3395,Mini Groceries
3396,Local Medical Devices
3397,Pro Art Supplies
3398,Classic Televisions
3399,Classic Refrigerators
3400,Classic Refrigerators
3401,Classic Comics
3402,Imported Pens
3403,Premium Children's Books
3404,Pro Lubricants
3405,Smart Cricket Gear
3406,Mini Wardrobes
3407,Local Baby Gear
3408,Deluxe Sandals
3409,Budget Guitars
3410,Premium Guitars
3411,Smart Men's Clothing
3412,Smart Sandals
3413,Eco-Friendly Smartphones
3414,Local Running
3415,Deluxe Tyres
3416,Pro Sandals
3417,Local Car Accessories
3418,Budget Skincare
3419,Eco-Friendly Dairy
3420,Eco-Friendly Fashion
3421,Budget Tyres
3422,Smart Outdoor Furniture
3423,Imported Men's Footwear
3424,Budget Cases & Covers
3425,Budget Baby Products
3426,Smart Cookware
3427,Mini Cat Food
3428,Deluxe Tables
3429,Premium Keyboards
3430,Eco-Friendly Cat Food
3431,Imported Men's Clothing
3432,Premium Diapers
3433,Mini Violins
3434,Eco-Friendly Home & Kitchen
3435,Classic Pet Grooming
3436,Pro Sofas
3437,Premium Kids Footwear
3438,Pro Toys & Games
3439,Mini Toys
3440,Mini Keyboards
3441,Classic Sandals
3442,Classic Yoga
3443,Local Car Accessories
3444,Eco-Friendly Smartwatches
3445,Smart Rings
3446,Mini Earphones
3447,Eco-Friendly Washing Machines
3448,Deluxe Books
3449,Deluxe Appliances
3450,Imported Yoga
3451,Deluxe Haircare
3452,Classic Medical Devices
3453,Local Men's Footwear
3454,Mini Pet Grooming
3455,Smart Women's Footwear
3456,Imported Home & Kitchen
3457,Premium Electronics
3458,Smart Pet Grooming
3459,Pro Speakers
3460,Classic Cricket Gear
3461,Eco-Friendly Cat Food
3462,Classic Laptops
3463,Imported Rings
3464,Smart Haircare
3465,Classic Chairs
3466,Local Health Care
3467,Deluxe Bedding
3468,Budget Academic
3469,Smart Cat Food
3470,Premium Haircare
3471,Budget Electronics
3472,Mini Speakers
3473,Mini Office Supplies
3474,Budget Electronics
3475,Local Haircare
3476,Budget Makeup
3477,Imported Tables
3478,Smart Skincare
3479,Mini Televisions
3480,Premium Sofas
3481,Deluxe Action Figures
3482,Deluxe Diapers
3483,Imported Toys
3484,Eco-Friendly Laptops
3485,Local Smartwatches
3486,Premium Chargers
3487,Pro Children's Books
3488,Eco-Friendly Grooming
3489,Imported Sandals
3490,Local Cameras
3491,Premium Jewellery
3492,Budget Cat Food
3493,Smart Headphones
3494,Imported Automotive
3495,Local Wardrobes
3496,Deluxe Kids Wear
3497,Premium Pet Toys
3498,Deluxe Mixers
3499,Premium Kids Footwear
3500,Local Sports & Fitness
3501,Imported Groceries
3502,Eco-Friendly Headphones
3503,Imported Sandals
3504,Deluxe Keyboards
3505,Local Cases & Covers
3506,Classic Jewellery
3507,Local Children's Books
3508,Imported Medical Devices
3509,Eco-Friendly Keyboards
3510,Mini Mobiles & Accessories
3511,Mini Home & Kitchen
3512,Eco-Friendly Footwear
3513,Deluxe Lighting
3514,Mini Office Supplies
3515,Eco-Friendly Baby Gear
3516,Budget Accessories
3517,Imported Running
3518,Smart Ethnic Wear
3519,Mini Lubricants
3520,Mini Garden & Outdoor
3521,Local Electronics
3522,Imported Furniture
3523,Eco-Friendly Ayurveda
3524,Local Guitars
3525,Deluxe Beds
3526,Premium Files & Folders
3527,Deluxe Mobiles & Accessories
3528,Pro Children's Books
3529,Budget Men's Clothing
3530,Premium Skincare
3531,Deluxe Garden & Outdoor
3532,Eco-Friendly Tables
3533,Budget Women's Footwear
3534,Imported Women's Footwear
3535,Local Earphones
3536,Deluxe Women's Clothing
3537,Pro Cameras
3538,Eco-Friendly Beverages
3539,Pro Running
3540,Smart Winter Wear
3541,Premium Gym Equipment
3542,Classic Mixers
3543,Pro Musical Instruments
3544,Imported Makeup
3545,Premium Diapers
3546,Deluxe Lighting
3547,Local Board Games
3548,Premium Winter Wear
3549,Budget Pet Grooming
3550,Budget Files & Folders
3551,Premium Cameras
3552,Budget Grooming
3553,Eco-Friendly Grills
3554,Pro Home Decor
3555,Eco-Friendly Sofas
3556,Deluxe Pet Supplies
3557,Deluxe Drums
3558,Mini Wardrobes
3559,Deluxe Non-Fiction
3560,Premium Furniture
3561,Imported Stationery
3562,Local Beverages
3563,Deluxe Chargers
3564,Classic Tables
3565,Smart Home Decor
3566,Budget Baby Food
3567,Deluxe Action Figures
3568,Mini Wardrobes
3569,Premium Non-Fiction
3570,Budget Non-Fiction
3571,Premium Sofas
3572,Pro Keyboards
3573,Deluxe Keyboards
3574,Budget Toys & Games
3575,Budget Kids Wear
3576,Premium Non-Fiction
3577,Mini Bracelets
3578,Premium Violins
3579,Imported Outdoor Toys
3580,Deluxe Personal Hygiene
3581,Pro Cameras
3582,Eco-Friendly Spices
3583,Imported Furniture
3584,Mini Car Accessories
3585,Imported Garden & Outdoor
3586,Local Cameras
3587,Imported Skincare
3588,Imported Winter Wear
3589,Local Musical Instruments
3590,Pro Sports & Fitness
3591,Deluxe Lighting
3592,Premium Plants
3593,Budget Air Conditioners
3594,Imported Mixers
3595,Mini Comics
3596,Imported Notebooks
3597,Budget Pens
3598,Local Ethnic Wear
3599,Imported Lighting
3600,Local Aquarium
3601,Eco-Friendly Beverages
3602,Local Lighting
3603,Classic Office Supplies
3604,Imported Medical Devices
3605,Imported Aquarium
3606,Pro Smartwatches
3607,Imported Beds
3608,Premium Car Accessories
3609,Classic Home & Kitchen
3610,Imported Outdoor Toys
3611,Eco-Friendly Kids Footwear
3612,Pro Televisions
3613,Imported Car Accessories
3614,Eco-Friendly Keyboards
3615,Imported Baby Products
3616,Pro Snacks
3617,Eco-Friendly Televisions
3618,Classic First Aid
3619,Pro Laptops
3620,Deluxe Books
3621,Imported Cricket Gear
3622,Deluxe Cameras
3623,Smart Car Accessories
3624,Mini Beds
3625,Mini Baby Clothing
3626,Budget Beverages
3627,Local Skincare
3628,Classic Microwaves
3629,Local Cricket Gear
3630,Pro Refrigerators
3631,Eco-Friendly Smartwatches
3632,Pro Dairy
3633,Premium Spices
3634,Imported Smartwatches
3635,Mini Sofas
3636,Premium Haircare
3637,Eco-Friendly Lighting
3638,Smart Educational Toys
3639,Smart Educational Toys
3640,Eco-Friendly Cases & Covers
3641,Local Chairs
3642,Classic Guitars
3643,Deluxe Personal Hygiene
3644,Imported Power Banks
3645,Premium Plants
3646,Pro Chairs
3647,Eco-Friendly Medical Devices
3648,Classic Running
3649,Imported Appliances
3650,Budget Mixers
3651,Premium Plants
3652,Smart Spices
3653,Pro Car Accessories
3654,Mini Automotive
3655,Imported Chairs
3656,Classic Outdoor Toys
3657,Budget Washing Machines
3658,Premium Spices
3659,Local Footwear
3660,Classic Office Supplies
3661,Smart Ethnic Wear
3662,Premium Kids Wear
3663,Eco-Friendly Electronics
3664,Classic Earrings
3665,Imported Running
3666,Pro Laptops
3667,Mini Beverages
3668,Mini Headphones
3669,Deluxe Home & Kitchen
3670,Local Grooming
3671,Pro Running
3672,Mini Lighting
3673,Deluxe Cameras
3674,Classic Furniture
3675,Imported Smartphones
3676,Local Automotive
3677,Mini Winter Wear
3678,Budget Running
3679,Classic Academic
3680,Budget Smartwatches
3681,Eco-Friendly Tools
3682,Mini Chargers
3683,Eco-Friendly Winter Wear
3684,Local Stationery
3685,Smart Makeup
3686,Deluxe Pet Grooming
3687,Premium Baby Food
3688,Budget Smartphones
3689,Deluxe Guitars
3690,Smart Spices
3691,Local Washing Machines
3692,Local Haircare
3693,Deluxe Kids Wear
3694,Deluxe Skincare
3695,Pro Plants
3696,Pro Bracelets
3697,Eco-Friendly Guitars
3698,Smart Notebooks
3699,Local Fiction
3700,Pro Beauty & Personal Care
3701,Imported Non-Fiction
3702,Deluxe Sandals
3703,Budget Puzzles
3704,Local Washing Machines
3705,Premium Wardrobes
3706,Premium Aquarium
3707,Smart Mixers
3708,Local Board Games
3709,Deluxe Home Decor
3710,Local Bedding
3711,Imported Tables
3712,Mini Smartphones
3713,Smart Baby Products
3714,Pro Cases & Covers
3715,Mini Spices
3716,Eco-Friendly Fiction
3717,Smart Running
3718,Premium Grooming
3719,Eco-Friendly Grills
3720,Budget Baby Food
3721,Smart Art Supplies
3722,Deluxe Wardrobes
3723,Pro Earrings
3724,Premium Dog Food
3725,Eco-Friendly Files & Folders
3726,Premium Lubricants
3727,Classic Accessories
3728,Classic Books
3729,Pro Dairy
3730,Imported First Aid
3731,Eco-Friendly Drums
3732,Eco-Friendly Mixers
3733,Local Women's Footwear
3734,Pro Lighting
3735,Local Pet Supplies
3736,Mini Footwear
3737,Premium Baby Products
3738,Pro Cycling
3739,Eco-Friendly Toys & Games
3740,Classic Lighting
3741,Eco-Friendly Chairs
3742,Premium Aquarium
3743,Mini Files & Folders
3744,Pro Microwaves
3745,Premium Haircare
3746,Eco-Friendly Sports Shoes
3747,Local Keyboards
3748,Eco-Friendly Toys
3749,Eco-Friendly Tyres
3750,Deluxe Accessories
3751,Deluxe Sports Shoes
3752,Deluxe Cases & Covers
3753,Imported Sofas
3754,Mini Puzzles
3755,Classic Toys
3756,Eco-Friendly Garden & Outdoor
3757,Mini Yoga
3758,Budget Televisions
3759,Eco-Friendly Washing Machines
3760,Pro Sports & Fitness
3761,Deluxe Health Care
3762,Eco-Friendly Health Care
3763,Imported Car Accessories
3764,Premium Snacks
3765,Pro Ethnic Wear
3766,Pro Smartwatches
3767,Eco-Friendly Fiction
3768,Pro Sandals
3769,Mini First Aid
3770,Local Rings
3771,Local Yoga
3772,Classic Winter Wear
3773,Imported Baby Products
3774,Classic Sports Shoes
3775,Deluxe Bike Accessories
3776,Premium Yoga
3777,Local Educational Toys
3778,Deluxe First Aid
3779,Pro Rings
3780,Imported Women's Clothing
3781,Smart Mixers
3782,Eco-Friendly Non-Fiction
3783,Premium Chargers
3784,Budget Storage
3785,Mini Supplements
3786,Smart Fragrances
3787,Classic Lubricants
3788,Local Laptops
3789,Budget Cases & Covers
3790,Pro Smartwatches
3791,Deluxe Comics
3792,Eco-Friendly Snacks
3793,Eco-Friendly Cookware
3794,Budget Refrigerators
3795,Eco-Friendly Pet Grooming
3796,Deluxe Academic
3797,Deluxe Furniture
3798,Premium Rings
3799,Classic Automotive
3800,Smart Makeup
3801,Deluxe Cameras
3802,Smart Men's Clothing
3803,Pro Musical Instruments
3804,Premium Aquarium
3805,Local Automotive
3806,Eco-Friendly Men's Clothing
3807,Local Mixers
3808,Classic Medical Devices
3809,Eco-Friendly Earphones
3810,Classic Drums
3811,Smart Skincare
3812,Eco-Friendly Cases & Covers
3813,Smart Storage
3814,Premium Toys & Games
3815,Premium Makeup
3816,Deluxe Appliances
3817,Classic Beverages
3818,Deluxe Guitars
3819,Smart Pet Grooming
3820,Premium Baby Products
3821,Local Electronics
3822,Pro Fragrances
3823,Eco-Friendly Women's Footwear
3824,Budget Washing Machines
3825,Budget Office Supplies
3826,Imported Grooming
3827,Pro Women's Footwear
3828,Classic Laptops
3829,Eco-Friendly Haircare
3830,Mini Toys & Games
3831,Eco-Friendly Sandals
3832,Premium Jewellery
3833,Mini Medical Devices
3834,Deluxe Academic
3835,Eco-Friendly Garden & Outdoor
3836,Local Beauty & Personal Care
3837,Smart Home & Kitchen
3838,Eco-Friendly Microwaves
3839,Smart Outdoor Toys
3840,Mini Keyboards
3841,Deluxe Bangles
3842,Mini Keyboards
3843,Eco-Friendly Snacks
3844,Deluxe Earrings
3845,Mini Educational Toys
3846,Budget Grooming
3847,Local Cases & Covers
3848,Imported Aquarium
3849,Mini Earphones
3850,Classic Guitars
3851,Imported Televisions
3852,Local Staples
3853,Budget Furniture
3854,Imported Sandals
3855,Mini Women's Footwear
3856,Pro Laptops
3857,Mini Notebooks
3858,Local Sofas
3859,Premium Tools
3860,Eco-Friendly Pens
3861,Classic Health Care
3862,Pro Women's Footwear
3863,Deluxe Men's Clothing
3864,Pro Board Games
3865,Premium Snacks
3866,Classic Lubricants
3867,Imported Winter Wear
3868,Smart Chargers
3869,Deluxe Children's Books
3870,Mini Cycling
3871,Pro Lighting
3872,Budget Kids Wear
3873,Pro Aquarium
3874,Eco-Friendly Bike Accessories
3875,Classic Cookware
3876,Deluxe Garden & Outdoor
3877,Budget Dog Food
3878,Eco-Friendly Baby Food
3879,Budget Garden Tools
3880,Deluxe Sandals
3881,Imported Headphones
3882,Imported Plants
3883,Local Wardrobes
3884,Eco-Friendly Home & Kitchen
3885,Classic Tools
3886,Deluxe Toys
3887,Mini Art Supplies
3888,Mini Musical Instruments
3889,Smart Lubricants
3890,Deluxe Men's Clothing
3891,Mini Sandals
3892,Local Drums
3893,Budget Beds
3894,Eco-Friendly Office Supplies
3895,Classic Power Banks
3896,Local Headphones
3897,Eco-Friendly Sandals
3898,Premium Necklaces
3899,Imported Rings
3900,Classic Furniture
3901,Classic Storage
3902,Classic Files & Folders
3903,Deluxe Earrings
3904,Pro Jewellery
3905,Eco-Friendly Cookware
3906,Imported Baby Clothing
3907,Mini Women's Footwear
3908,Imported Puzzles
3909,Mini Makeup
3910,Pro Pet Supplies
3911,Imported Refrigerators
3912,Pro Speakers
3913,Eco-Friendly Diapers
3914,Imported Kids Wear
3915,Deluxe Laptops
3916,Budget Pens
3917,Budget Accessories
3918,Imported Grooming
3919,Smart Men's Clothing
3920,Deluxe Medical Devices
3921,Budget Sofas
3922,Mini Skincare
3923,Mini Health Care
3924,Imported Groceries
3925,Premium Dog Food
3926,Eco-Friendly Non-Fiction
3927,Premium Art Supplies
3928,Mini Cycling
3929,Deluxe Pet Supplies
3930,Pro Refrigerators
3931,Budget Kids Footwear
3932,Premium Bedding
3933,Budget Home Decor
3934,Mini First Aid
3935,Classic Washing Machines
3936,Pro Microwaves
3937,Smart Groceries
3938,Local Action Figures
3939,Premium Lubricants
3940,Premium Haircare
3941,Eco-Friendly Home & Kitchen
3942,Smart Fiction
3943,Smart Speakers
3944,Imported Garden Tools
3945,Smart Board Games
3946,Classic Bedding
3947,Premium Grills
3948,Deluxe Action Figures
3949,Imported Women's Footwear
3950,Mini Board Games
3951,Mini Wardrobes
3952,Local Violins
3953,Eco-Friendly Cookware
3954,Smart Air Conditioners
3955,Premium Beds
3956,Classic Chargers
3957,Pro Supplements
3958,Local Board Games
3959,Pro Electronics
3960,Classic Grooming
3961,Deluxe Baby Food
3962,Smart Fiction
3963,Local Toys & Games
3964,Classic Snacks
3965,Eco-Friendly Bangles
3966,Deluxe Ayurveda
3967,Pro Tools
3968,Budget Lighting
3969,Local Winter Wear
3970,Premium Kids Footwear
3971,Deluxe Electronics
3972,Classic Makeup
3973,Mini Laptops
3974,Pro Action Figures
3975,Budget Appliances
3976,Smart Groceries
3977,Premium Toys
3978,Mini Puzzles
3979,Smart Women's Clothing
3980,Deluxe Lubricants
3981,Classic Tyres
3982,Local Children's Books
3983,Budget Drums
3984,Classic Drums
3985,Pro Furniture
3986,Classic Wardrobes
3987,Eco-Friendly Drums
3988,Premium Earrings
3989,Local Non-Fiction
3990,Classic Bike Accessories
3991,Premium Snacks
3992,Eco-Friendly Microwaves
3993,Smart Mobiles & Accessories
3994,Premium Health Care
3995,Budget Action Figures
3996,Imported Accessories
3997,Smart Toys
3998,Premium Musical Instruments
3999,Premium Action Figures
4000,Deluxe Grooming
4001,Pro Men's Footwear
4002,Eco-Friendly Kids Wear
4003,Budget Pet Grooming
4004,Imported Microwaves
4005,Eco-Friendly Automotive
4006,Mini Lubricants
4007,Budget Grooming
4008,Smart Lighting
4009,Deluxe Aquarium
4010,Pro Air Conditioners
4011,Smart Keyboards
4012,Premium Action Figures
4013,Classic Gym Equipment
4014,Premium Art Supplies
4015,Local Car Accessories
4016,Deluxe Dairy
4017,Budget Mobiles & Accessories
4018,Mini Lubricants
4019,Imported Accessories
4020,Eco-Friendly Earrings
4021,Imported Keyboards
4022,Smart Beauty & Personal Care
4023,Budget Pet Toys
4024,Smart Speakers
4025,Local Mixers
4026,Imported Laptops
4027,Classic Fashion
4028,Budget Necklaces
4029,Pro Accessories
4030,Budget Storage
4031,Local Beverages
4032,Budget Spices
4033,Eco-Friendly Plants
4034,Eco-Friendly Rings
4035,Imported Microwaves
4036,Budget Keyboards
4037,Premium Skincare
4038,Premium Laptops
4039,Imported Men's Footwear
4040,Premium Automotive
4041,Imported First Aid
4042,Mini Earrings
4043,Eco-Friendly Cookware
4044,Classic Tools
4045,Smart Televisions
4046,Deluxe Grooming
4047,Deluxe Aquarium
4048,Smart Personal Hygiene
4049,Local Home Decor
4050,Deluxe Sandals
4051,Imported Guitars
4052,Pro Outdoor Furniture
4053,Smart Mixers
4054,Eco-Friendly Plants
4055,Imported Automotive
4056,Smart Lighting
4057,Imported Medical Devices
4058,Budget Jewellery
4059,Budget Ayurveda
4060,Classic Cat Food
4061,Deluxe Power Banks
4062,Local Supplements
4063,Classic Toys
4064,Smart Action Figures
4065,Premium Lighting
4066,Mini Personal Hygiene
4067,Premium Sports & Fitness
4068,Eco-Friendly Plants
4069,Mini Smartwatches
4070,Smart Children's Books
4071,Classic Speakers
4072,Mini Baby Clothing
4073,Budget Skincare
4074,Classic Wardrobes
4075,Premium Medical Devices
4076,Local Grooming
4077,Premium Kids Footwear
4078,Premium Toys
4079,Premium Sports Shoes
4080,Smart Lighting
4081,Eco-Friendly Smartphones
4082,Mini Outdoor Furniture
4083,Budget Art Supplies
4084,Classic Cookware
4085,Pro Washing Machines
4086,Smart Baby Clothing
4087,Smart Puzzles
4088,Classic Accessories
4089,Classic Cricket Gear
4090,Classic Children's Books
4091,Local Ethnic Wear
4092,Mini Books
4093,Imported Fashion
4094,Smart Grills
4095,Local Storage
4096,Local Dairy
4097,Classic Appliances
4098,Classic Beverages
4099,Mini Kids Footwear
4100,Smart Dairy
4101,Eco-Friendly Stationery
4102,Classic First Aid
4103,Classic Home Decor
4104,Classic Home & Kitchen
4105,Smart Speakers
4106,Budget Supplements
4107,Eco-Friendly Sports & Fitness
4108,Imported Chairs
4109,Mini Pens
4110,Budget Toys & Games
4111,Deluxe Bracelets
4112,Eco-Friendly Personal Hygiene
4113,Eco-Friendly Gym Equipment
4114,Pro Educational Toys
4115,Classic Action Figures
4116,Classic Headphones
4117,Mini Haircare
4118,Deluxe Chargers
4119,Premium Smartwatches
4120,Imported Appliances
4121,Budget Men's Clothing
4122,Pro Aquarium
4123,Pro Refrigerators
4124,Classic Fiction
4125,Imported Comics
4126,Pro Children's Books
4127,Pro Spices
4128,Smart Cricket Gear
4129,Classic Men's Clothing
4130,Premium Art Supplies
4131,Eco-Friendly Board Games
4132,Classic Chargers
4133,Imported Earrings
4134,Budget Violins
4135,Pro Office Supplies
4136,Classic Car Accessories
4137,Mini Gym Equipment
4138,Classic Beds
4139,Premium Bangles
4140,Mini Mixers
4141,Imported Health Care
4142,Budget Gym Equipment
4143,Budget Necklaces
4144,Local Outdoor Furniture
4145,Pro Winter Wear
4146,Pro Sofas
4147,Deluxe Tyres
4148,Deluxe Headphones
4149,Pro Toys & Games
4150,Eco-Friendly Drums
4151,Classic Automotive
4152,Eco-Friendly Wardrobes
4153,Classic Groceries
4154,Budget Refrigerators
4155,Smart Baby Clothing
4156,Local Car Accessories
4157,Classic Pet Grooming
4158,Smart Ethnic Wear
4159,Budget Board Games
4160,Pro Pet Grooming
4161,Premium Notebooks
4162,Imported Educational Toys
4163,Mini Earrings
4164,Classic Televisions
4165,Premium Fashion
4166,Smart Children's Books
4167,Budget Health Care
4168,Mini Outdoor Toys
4169,Premium Art Supplies
4170,Local Medical Devices
4171,Eco-Friendly Jewellery
4172,Local Footwear
4173,Deluxe Earrings
4174,Pro Non-Fiction
4175,Classic Musical Instruments
4176,Imported Stationery
4177,Eco-Friendly Outdoor Toys
4178,Eco-Friendly Groceries
4179,Deluxe Books
4180,Mini Power Banks
4181,Premium Cameras
4182,Classic Sandals
4183,Local Televisions
4184,Smart Jewellery
4185,Premium Bangles
4186,Deluxe Board Games
4187,Imported Kids Footwear
4188,Eco-Friendly Puzzles
4189,Imported Violins
4190,Deluxe Fashion
4191,Imported Mobiles & Accessories
4192,Budget Furniture
4193,Mini Smartwatches
4194,Budget Dairy
4195,Imported Office Supplies
4196,Deluxe Diapers
4197,Mini Beauty & Personal Care
4198,Pro Winter Wear
4199,Budget Staples
4200,Smart Supplements
4201,Local Baby Clothing
4202,Eco-Friendly Pens
4203,Deluxe Lubricants
4204,Local Jewellery
4205,Premium Fragrances
4206,Mini Microwaves
4207,Local Office Supplies
4208,Deluxe Cases & Covers
4209,Smart Plants
4210,Deluxe Rings
4211,Budget Sandals
4212,Eco-Friendly Men's Clothing
4213,Smart Sports Shoes
4214,Imported Gym Equipment
4215,Smart Garden & Outdoor
4216,Deluxe Cat Food
4217,Smart Educational Toys
4218,Premium Electronics
4219,Deluxe Baby Clothing
4220,Eco-Friendly Bedding
4221,Budget Women's Footwear
4222,Imported Skincare
4223,Imported Guitars
4224,Eco-Friendly Winter Wear
4225,Budget Dairy
4226,Pro Keyboards
4227,Premium Air Conditioners
4228,Deluxe Cricket Gear
4229,Eco-Friendly Aquarium
4230,Deluxe Stationery
4231,Local Sports Shoes
4232,Imported Bangles
4233,Budget Garden Tools
4234,Smart Earrings
4235,Eco-Friendly Skincare
4236,Pro Books
4237,Deluxe Smartphones
4238,Budget Home Decor
4239,Imported Tools
4240,Budget Board Games
4241,Pro Women's Footwear
4242,Pro Tools
4243,Smart Electronics
4244,Classic Musical Instruments
4245,Mini Chargers
4246,Budget Ayurveda
4247,Mini Skincare
4248,Deluxe Sofas
4249,Premium Furniture
4250,Pro Board Games
4251,Classic Cricket Gear
4252,Smart Speakers
4253,Budget Baby Food
4254,Classic Makeup
4255,Mini Gym Equipment
4256,Imported Power Banks
4257,Classic Washing Machines
4258,Pro Guitars
4259,Classic Dog Food
4260,Budget Ethnic Wear
4261,Deluxe Snacks
4262,Budget Dairy
4263,Budget Sofas
4264,Premium Winter Wear
4265,Classic Personal Hygiene
4266,Imported Stationery
4267,Imported Footwear
4268,Mini Board Games
4269,Eco-Friendly Ethnic Wear
4270,Local Laptops
4271,Budget Air Conditioners
4272,Pro Drums
4273,Classic Pens
4274,Premium Outdoor Toys
4275,Smart Books
4276,Mini Garden Tools
4277,Eco-Friendly Bike Accessories
4278,Pro Ayurveda
4279,Pro Sandals
4280,Eco-Friendly Earrings
4281,Smart Toys
4282,Local Plants
4283,Budget Jewellery
4284,Imported Beauty & Personal Care
4285,Pro Accessories
4286,Local Electronics
4287,Classic Action Figures
4288,Eco-Friendly Lubricants
4289,Deluxe Electronics
4290,Budget Fragrances
4291,Mini Sports Shoes
4292,Mini Ethnic Wear
4293,Deluxe Plants
4294,Deluxe Guitars
4295,Local Office Supplies
4296,Mini Stationery
4297,Pro Car Accessories
4298,Deluxe Chairs
4299,Budget Tables
4300,Budget Furniture
4301,Local Diapers
4302,Deluxe Speakers
4303,Mini Diapers
4304,Smart Baby Food
4305,Mini Sandals
4306,Imported Refrigerators
4307,Premium Furniture
4308,Classic Outdoor Furniture
4309,Classic Laptops
4310,Imported Mobiles & Accessories
4311,Imported Comics
4312,Premium Skincare
4313,Pro Lubricants
4314,Imported Baby Food
4315,Classic Washing Machines
4316,Premium Aquarium
4317,Classic Musical Instruments
4318,Imported Refrigerators
4319,Pro Haircare
4320,Mini Toys
4321,Deluxe Dog Food
4322,Imported Pet Grooming
4323,Pro Fragrances
4324,Mini Grooming
4325,Classic Groceries
4326,Smart Women's Footwear
4327,Premium Women's Clothing
4328,Premium Musical Instruments
4329,Local Necklaces
4330,Budget Men's Clothing
4331,Smart Refrigerators
4332,Budget Makeup
4333,Pro Winter Wear
4334,Local Pet Toys
4335,Smart Tools
4336,Local Beauty & Personal Care
4337,Pro Staples
4338,Premium Tyres
4339,Smart Televisions
4340,Pro Makeup
4341,Budget Garden Tools
4342,Smart Pens
4343,Deluxe Keyboards
4344,Budget Yoga
4345,Premium Home Decor
4346,Eco-Friendly Baby Gear
4347,Eco-Friendly Storage
4348,Smart Art Supplies
4349,Local Necklaces
4350,Classic Bike Accessories
4351,Premium Groceries
4352,Classic Violins
4353,Deluxe Spices
4354,Local Garden Tools
4355,Premium Women's Clothing
4356,Classic Comics
4357,Smart Fiction
4358,Imported Puzzles
4359,Imported Footwear
4360,Budget Academic
4361,Deluxe Televisions
4362,Classic Mobiles & Accessories
4363,Premium Makeup
4364,Imported Cookware
4365,Eco-Friendly Drums
4366,Deluxe Smartphones
4367,Local Sandals
4368,Deluxe Gym Equipment
4369,Premium Beauty & Personal Care
4370,Premium Pet Toys
4371,Deluxe Files & Folders
4372,Budget Automotive
4373,Classic Keyboards
4374,Pro Ayurveda
4375,Budget Toys
4376,Eco-Friendly Beverages
4377,Mini Jewellery
4378,Mini Snacks
4379,Budget Outdoor Toys
4380,Eco-Friendly Earrings
4381,Deluxe Wardrobes
4382,Local First Aid
4383,Eco-Friendly Footwear
4384,Classic Bangles
4385,Premium Pet Toys
4386,Premium Stationery
4387,Deluxe Storage
4388,Deluxe Fiction
4389,Smart Aquarium
4390,Budget Televisions
4391,Eco-Friendly Cat Food
4392,Local Earrings
4393,Budget Fashion
4394,Deluxe Toys
4395,Budget Pens
4396,Premium Appliances
4397,Smart Children's Books
4398,Local Lubricants
4399,Smart Beds
4400,Imported Keyboards
4401,Deluxe Beverages
4402,Imported Bracelets
4403,Imported Chairs
4404,Mini Garden Tools
4405,Deluxe Cases & Covers
4406,Smart Files & Folders
4407,Smart Lubricants
4408,Smart Pet Toys
4409,Imported Jewellery
4410,Imported Medical Devices
4411,Eco-Friendly Medical Devices
4412,Pro Skincare
4413,Mini Bedding
4414,Mini Microwaves
4415,Premium Bike Accessories
4416,Pro Medical Devices
4417,Eco-Friendly Women's Clothing
4418,Deluxe Action Figures
4419,Eco-Friendly Haircare
4420,Mini Baby Gear
4421,Classic Skincare
4422,Premium Men's Footwear
4423,Local Men's Footwear
4424,Classic Rings
4425,Local Bracelets
4426,Classic Comics
4427,Premium Headphones
4428,Deluxe Fiction
4429,Premium Ayurveda
4430,Eco-Friendly Pet Grooming
4431,Deluxe Cameras
4432,Deluxe Chairs
4433,Deluxe Violins
4434,Budget Pens
4435,Budget Medical Devices
4436,Deluxe Speakers
4437,Mini Drums
4438,Classic Automotive
4439,Local Health Care
4440,Budget Grills
4441,Mini Comics
4442,Mini Tables
4443,Local Appliances
4444,Pro Men's Footwear
4445,Budget Books
4446,Deluxe Washing Machines
4447,Smart Tools
4448,Classic Yoga
4449,Smart Comics
4450,Imported Staples
4451,Premium Sports & Fitness
4452,Budget Beverages
4453,Imported Sandals
4454,Premium Notebooks
4455,Budget Lubricants
4456,Local Winter Wear
4457,Imported Washing Machines
4458,Budget Skincare
4459,Imported Pet Grooming
4460,Eco-Friendly Grooming
4461,Classic Cases & Covers
4462,Budget Electronics
4463,Local Medical Devices
4464,Eco-Friendly Ethnic Wear
4465,Smart Tables
4466,Local Art Supplies
4467,Mini Children's Books
4468,Pro Jewellery
4469,Premium Pens
4470,Mini Power Banks
4471,Deluxe Bike Accessories
4472,Classic Aquarium
4473,Eco-Friendly Spices
4474,Classic Cases & Covers
4475,Budget Beverages
4476,Pro Toys
4477,Eco-Friendly Supplements
4478,Deluxe Pens
4479,Budget Diapers
4480,Smart Musical Instruments
4481,Premium Baby Gear
4482,Pro Microwaves
4483,Deluxe Cookware
4484,Premium Groceries
4485,Budget Women's Footwear
4486,Budget Mobiles & Accessories
4487,Smart Board Games
4488,Deluxe Smartwatches
4489,Smart Car Accessories
4490,Classic Skincare
4491,Imported Drums
4492,Eco-Friendly Smartphones
4493,Classic Books
4494,Classic Appliances
4495,Local Bangles
4496,Imported First Aid
4497,Mini Mixers
4498,Local Drums
4499,Classic Chargers
4500,Deluxe Bike Accessories
4501,Smart Outdoor Furniture
4502,Deluxe Washing Machines
4503,Pro Speakers
4504,Smart Tables
4505,Eco-Friendly Drums
4506,Deluxe Home & Kitchen
4507,Budget Bangles
4508,Pro Makeup
4509,Pro Mixers
4510,Budget Ayurveda
4511,Pro Smartphones
4512,Budget Refrigerators
4513,Imported Educational Toys
4514,Smart Footwear
4515,Imported Violins
4516,Pro Outdoor Furniture
4517,Local Files & Folders
4518,Imported Beds
4519,Budget Kids Wear
4520,Budget Fragrances
4521,Premium First Aid
4522,Classic Skincare
4523,Deluxe Chairs
4524,Smart Appliances
4525,Classic Art Supplies
4526,Imported Footwear
4527,Premium Speakers
4528,Classic Guitars
4529,Deluxe Outdoor Toys
4530,Smart Furniture
4531,Smart Non-Fiction
4532,Smart Children's Books
4533,Eco-Friendly Fashion
4534,Classic Bracelets
4535,Classic Snacks
4536,Smart Fiction
4537,Smart Sports & Fitness
4538,Classic Baby Food
4539,Smart Toys & Games
4540,Deluxe Air Conditioners
4541,Local Baby Products
4542,Eco-Friendly Academic
4543,Eco-Friendly Car Accessories
4544,Local Smartphones
4545,Pro Electronics
4546,Pro Pet Supplies
4547,Deluxe Fashion
4548,Classic Aquarium
4549,Budget Car Accessories
4550,Eco-Friendly Air Conditioners
4551,Classic Air Conditioners
4552,Local Laptops
4553,Budget Yoga
4554,Mini Health Care
4555,Imported Laptops
4556,Eco-Friendly Cameras
4557,Mini Guitars
4558,Eco-Friendly Wardrobes
4559,Smart Dog Food
4560,Budget Tables
4561,Smart Men's Footwear
4562,Imported Refrigerators
4563,Deluxe Keyboards
4564,Budget Staples
4565,Budget Baby Gear
4566,Local Toys
4567,Smart Furniture
4568,Deluxe Stationery
4569,Deluxe Educational Toys
4570,Mini Lubricants
4571,Local Garden & Outdoor
4572,Smart Office Supplies
4573,Budget Fiction
4574,Smart Kids Wear
4575,Imported Smartwatches
4576,Smart Staples
4577,Imported Earphones
4578,Smart Kids Wear
4579,Pro Mobiles & Accessories
4580,Eco-Friendly Earphones
4581,Local Books
4582,Premium Lubricants
4583,Deluxe Kids Footwear
4584,Mini Cat Food
4585,Deluxe Keyboards
4586,Smart Tools
4587,Eco-Friendly Automotive
4588,Smart Bangles
4589,Mini Cookware
4590,Mini Cat Food
4591,Imported Grooming
4592,Local Tools
4593,Classic Beds
4594,Classic Cat Food
4595,Deluxe Storage
4596,Pro Home & Kitchen
4597,Classic Tools
4598,Classic Ethnic Wear
4599,Deluxe Grills
4600,Eco-Friendly Chargers
4601,Local Women's Clothing
4602,Smart Cases & Covers
4603,Pro Rings
4604,Classic Cricket Gear
4605,Imported Bedding
4606,Local Musical Instruments
4607,Eco-Friendly Furniture
4608,Pro Haircare
4609,Premium Guitars
4610,Budget Tables
4611,Imported Dairy
4612,Smart Baby Products
4613,Premium Sofas
4614,Local Baby Clothing
4615,Pro First Aid
4616,Deluxe Supplements
4617,Deluxe Pet Supplies
4618,Budget Lubricants
4619,Classic Kids Footwear
4620,Imported Violins
4621,Classic Women's Clothing
4622,Eco-Friendly Pet Grooming
4623,Smart Chargers
4624,Pro Comics
4625,Budget Guitars
4626,Smart Dairy
4627,Mini Car Accessories
4628,Premium Home Decor
4629,Local Mobiles & Accessories
4630,Classic First Aid
4631,Imported Outdoor Toys
4632,Premium Garden & Outdoor
4633,Classic Files & Folders
4634,Local Pet Grooming
4635,Classic Smartwatches
4636,Premium Cat Food
4637,Classic Action Figures
4638,Imported Sports & Fitness
4639,Deluxe Plants
4640,Pro Cricket Gear
4641,Eco-Friendly Grills
4642,Smart Plants
4643,Imported Home Decor
4644,Local Gym Equipment
4645,Local First Aid
4646,Deluxe Necklaces
4647,Mini Power Banks
4648,Smart Beauty & Personal Care
4649,Local Dog Food
4650,Mini Sports & Fitness
4651,Budget Bangles
4652,Pro Educational Toys
4653,Deluxe Grooming
4654,Mini Garden Tools
4655,Imported Beverages
4656,Premium Men's Clothing
4657,Eco-Friendly Staples
4658,Smart Fragrances
4659,Pro Bangles
4660,Local Lubricants
4661,Smart Toys & Games
4662,Imported Jewellery
4663,Premium Speakers
4664,Local Action Figures
4665,Mini Garden Tools
4666,Premium Snacks
4667,Mini Beverages
4668,Smart Footwear
4669,Pro Toys
4670,Budget Speakers
4671,Budget Beds
4672,Pro Academic
4673,Deluxe Baby Gear
4674,Deluxe Cat Food
4675,Imported Cycling
4676,Smart Keyboards
4677,Deluxe Sandals
4678,Classic Skincare
4679,Eco-Friendly Baby Clothing
4680,Smart Mobiles & Accessories
4681,Eco-Friendly Dairy
4682,Mini Lighting
4683,Mini Fashion
4684,Classic Comics
4685,Budget Televisions
4686,Eco-Friendly Educational Toys
4687,Pro Beds
4688,Smart Bracelets
4689,Local Kids Footwear
4690,Local Cricket Gear
4691,Budget Board Games
4692,Premium Pet Toys
4693,Mini Cookware
4694,Eco-Friendly Snacks
4695,Deluxe Wardrobes
4696,Classic Jewellery
4697,Eco-Friendly Storage
4698,Classic Gym Equipment
4699,Pro Refrigerators
4700,Imported Beauty & Personal Care
4701,Premium Toys
4702,Smart Books
4703,Local Men's Clothing
4704,Classic Health Care
4705,Premium Skincare
4706,Premium Microwaves
4707,Deluxe Aquarium
4708,Pro Pet Grooming
4709,Classic Violins
4710,Mini Non-Fiction
4711,Budget Cases & Covers
4712,Pro Haircare
4713,Classic Beverages
4714,Budget Fiction
4715,Premium Cases & Covers
4716,Budget Supplements
4717,Eco-Friendly Car Accessories
4718,Pro Chargers
4719,Local Necklaces
4720,Mini Toys
4721,Deluxe Televisions
4722,Deluxe Power Banks
4723,Smart Lubricants
4724,Premium Spices
4725,Mini Diapers
4726,Deluxe Home Decor
4727,Deluxe Groceries
4728,Deluxe Cases & Covers
4729,Premium Beverages
4730,Eco-Friendly Beauty & Personal Care
4731,Imported Toys
4732,Smart Pet Toys
4733,Imported Bracelets
4734,Classic Dairy
4735,Smart Sports Shoes
4736,Smart Power Banks
4737,Eco-Friendly Winter Wear
4738,Budget Rings
4739,Deluxe Toys & Games
4740,Eco-Friendly Art Supplies
4741,Local Fragrances
4742,Local Toys & Games
4743,Imported Pet Grooming
4744,Mini Home & Kitchen
4745,Eco-Friendly Health Care
4746,Budget Beauty & Personal Care
4747,Eco-Friendly Sofas
4748,Mini Health Care
4749,Eco-Friendly Action Figures
4750,Imported Speakers
4751,Smart Smartwatches
4752,Classic Earphones
4753,Smart Beauty & Personal Care
4754,Pro Men's Clothing
4755,Imported Puzzles
4756,Mini Makeup
4757,Deluxe Sports Shoes
4758,Eco-Friendly Yoga
4759,Mini Cat Food
4760,Pro Cameras
4761,Mini Haircare
4762,Deluxe Aquarium
4763,Imported Health Care
4764,Local Puzzles
4765,Eco-Friendly Files & Folders
4766,Classic Laptops
4767,Deluxe Outdoor Furniture
4768,Eco-Friendly Musical Instruments
4769,Deluxe Women's Clothing
4770,Eco-Friendly Footwear
4771,Mini Beauty & Personal Care
4772,Mini Speakers
4773,Classic Mixers
4774,Classic Lighting
4775,Budget Cookware
4776,Pro Wardrobes
4777,Imported Grills
4778,Premium Power Banks
4779,Smart Appliances
4780,Eco-Friendly Office Supplies
4781,Premium Haircare
4782,Eco-Friendly Automotive
4783,Budget Fashion
4784,Imported Cycling
4785,Smart Microwaves
4786,Premium Accessories
4787,Premium Women's Clothing
4788,Premium Baby Food
4789,Classic Medical Devices
4790,Eco-Friendly Sandals
4791,Classic Toys
4792,Eco-Friendly Aquarium
4793,Budget Air Conditioners
4794,Local Tyres
4795,Budget Dog Food
4796,Local Bracelets
4797,Mini Cricket Gear
4798,Pro Sports & Fitness
4799,Eco-Friendly Kids Footwear
4800,Smart Mixers
4801,Classic Art Supplies
4802,Imported Spices
4803,Classic Toys
4804,Budget Beds
4805,Budget Automotive
4806,Premium Accessories
4807,Budget Haircare
4808,Smart Storage
4809,Budget Air Conditioners
4810,Eco-Friendly Beverages
4811,Premium Earphones
4812,Eco-Friendly Board Games
4813,Classic Office Supplies
4814,Smart Smartwatches
4815,Budget First Aid
4816,Eco-Friendly Mobiles & Accessories
4817,Premium Medical Devices
4818,Pro Jewellery
4819,Mini Toys & Games
4820,Eco-Friendly Diapers
4821,Mini Keyboards
4822,Smart Plants
4823,Pro Women's Clothing
4824,Local Accessories
4825,Local Automotive
4826,Mini Earrings
4827,Smart Power Banks
4828,Deluxe Non-Fiction
4829,Deluxe Mobiles & Accessories
4830,Pro Rings
4831,Eco-Friendly Air Conditioners
4832,Classic Ethnic Wear
4833,Smart Cricket Gear
4834,Imported Kids Wear
4835,Imported Cookware
4836,Local Snacks
4837,Deluxe Televisions
4838,Budget Men's Footwear
4839,Premium Beds
4840,Smart Speakers
4841,Premium Aquarium
4842,Imported Sandals
4843,Imported First Aid
4844,Classic Outdoor Toys
4845,Imported Fiction
4846,Imported Chairs
4847,Classic Cat Food
4848,Mini Skincare
4849,Local Appliances
4850,Budget Bangles
4851,Imported Garden & Outdoor
4852,Local Storage
4853,Eco-Friendly Fashion
4854,Classic Chargers
4855,Smart Lubricants
4856,Eco-Friendly Educational Toys
4857,Eco-Friendly Sandals
4858,Budget Bracelets
4859,Local Mixers
4860,Imported Pet Supplies
4861,Premium Medical Devices
4862,Deluxe Drums
4863,Premium Furniture
4864,Eco-Friendly Chairs
4865,Smart Musical Instruments
4866,Smart Academic
4867,Pro Smartphones
4868,Imported Grills
4869,Eco-Friendly Chairs
4870,Mini Office Supplies
4871,Mini Toys
4872,Budget Mixers
4873,Smart Baby Gear
4874,Premium Women's Footwear
4875,Classic Diapers
4876,Budget Medical Devices
4877,Imported Power Banks
4878,Imported Power Banks
4879,Imported Notebooks
4880,Eco-Friendly Furniture
4881,Classic Cameras
4882,Mini Fragrances
4883,Deluxe Bedding
4884,Classic Microwaves
4885,Budget Home Decor
4886,Local Dairy
4887,Eco-Friendly Mobiles & Accessories
4888,Premium Jewellery
4889,Mini Lubricants
4890,Deluxe Earrings
4891,Local Tables
4892,Eco-Friendly Grills
4893,Budget Action Figures
4894,Mini Wardrobes
4895,Smart Fragrances
4896,Eco-Friendly Speakers
4897,Eco-Friendly Cookware
4898,Smart Washing Machines
4899,Imported Dog Food
4900,Local Makeup
4901,Classic Diapers
4902,Premium Tools
4903,Deluxe Mobiles & Accessories
4904,Premium Accessories
4905,Local Wardrobes
4906,Deluxe Chairs
4907,Pro Drums
4908,Premium Spices
4909,Eco-Friendly Sports & Fitness
4910,Premium Microwaves
4911,Smart Chairs
4912,Imported Televisions
4913,Deluxe Health Care
4914,Deluxe Running
4915,Budget Running
4916,Classic Skincare
4917,Smart Kids Footwear
4918,Classic Bedding
4919,Deluxe Fashion
4920,Mini Action Figures
4921,Local Musical Instruments
4922,Eco-Friendly Appliances
4923,Smart Office Supplies
4924,Classic Beverages
4925,Budget Stationery
4926,Imported Toys & Games
4927,Smart Speakers
4928,Eco-Friendly Mobiles & Accessories
4929,Classic Haircare
4930,Mini Bedding
4931,Budget Makeup
4932,Imported Kids Wear
4933,Pro Outdoor Toys
4934,Budget Beverages
4935,Pro Car Accessories
4936,Local Toys
4937,Mini Headphones
4938,Smart Art Supplies
4939,Classic Tools
4940,Imported Lighting
4941,Budget Bike Accessories
4942,Smart Rings
4943,Deluxe Aquarium
4944,Premium Baby Gear
4945,Classic Health Care
4946,Local Rings
4947,Eco-Friendly Women's Footwear
4948,Classic Kids Wear
4949,Smart Action Figures
4950,Budget Appliances
4951,Imported Plants
4952,Imported Bracelets
4953,Eco-Friendly Spices
4954,Local Beverages
4955,Pro Automotive
4956,Deluxe Beds
4957,Premium Skincare
4958,Imported Action Figures
4959,Smart Appliances
4960,Deluxe Baby Products
4961,Local Keyboards
4962,Mini Notebooks
4963,Mini Footwear
4964,Smart Baby Clothing
4965,Classic Cricket Gear
4966,Smart Cases & Covers
4967,Eco-Friendly Pens
4968,Deluxe Non-Fiction
4969,Budget Medical Devices
4970,Deluxe Art Supplies
4971,Imported Fiction
4972,Budget Action Figures
4973,Eco-Friendly Baby Clothing
4974,Imported Toys
4975,Premium Speakers
4976,Pro Snacks
4977,Imported Lubricants
4978,Deluxe Keyboards
4979,Local Aquarium
4980,Deluxe Sports & Fitness
4981,Imported Toys
4982,Premium Musical Instruments
4983,Premium Staples
4984,Local Running
4985,Imported Storage
4986,Imported Electronics
4987,Local Outdoor Toys
4988,Pro Skincare
4989,Classic Baby Clothing
4990,Premium Pet Grooming
4991,Premium Bike Accessories
4992,Mini Diapers
4993,Smart Dog Food
4994,Pro Jewellery
4995,Budget Makeup
4996,Budget Cameras
4997,Premium Pens
4998,Local Office Supplies
4999,Smart Stationery
5000,Local Yoga
