CouponID,CouponCode,DiscountPercent,ExpiryDate,MinOrderValue
1,DEAL491,15,2026-07-08,999
2,GET612,15,2027-04-06,2999
3,SAVE35PLUS3,30,2026-06-12,499
4,DEAL88X4,40,2026-08-28,0
5,OFF815,5,2027-06-27,299
6,SAVE49X6,15,2027-06-29,499
7,FLAT17PLUS7,25,2027-05-06,1999
8,GET70PLUS8,15,2027-02-01,0
9,MEGA75X9,5,2026-09-29,499
10,GET88X10,40,2027-06-09,499
11,DEAL5411,5,2026-06-24,299
12,GET77PLUS12,40,2026-04-03,2999
13,OFF5913,40,2026-03-29,999
14,OFF67PLUS14,30,2027-02-02,199
15,GET84PLUS15,50,2026-10-15,999
16,DEAL52NOW16,15,2026-03-03,999
17,GET4517,50,2026-10-23,499
18,SUPER85NOW18,10,2027-04-04,499
19,FLAT69PLUS19,15,2027-05-02,0
20,GET82NOW20,20,2026-08-25,999
21,OFF2321,10,2026-07-07,1999
22,GET69PLUS22,5,2027-08-04,299
23,SUPER26X23,5,2027-04-10,499
24,SUPER71X24,5,2026-12-10,199
25,SUPER87PLUS25,10,2026-10-15,1499
26,OFF73X26,30,2026-04-23,199
27,SUPER65NOW27,10,2027-02-08,1999
28,OFF47X28,15,2026-10-26,1499
29,GET1029,10,2027-01-24,199
30,FLAT71NOW30,30,2026-09-28,0
31,DEAL8531,50,2026-12-04,999
32,SAVE1832,25,2027-01-21,999
33,DEAL5633,20,2026-04-23,2999
34,GET32PLUS34,30,2026-11-26,499
35,FLAT51NOW35,40,2026-01-03,999
36,SAVE88PLUS36,40,2026-10-08,299
37,OFF84X37,10,2027-02-06,1499
38,SAVE2338,40,2026-11-30,0
39,SUPER1539,40,2026-10-06,2999
40,GET12PLUS40,10,2026-10-31,499
41,DEAL56PLUS41,20,2027-06-20,299
42,FLAT5042,40,2026-02-23,199
43,SAVE8843,20,2026-08-03,1999
44,DEAL86NOW44,20,2026-06-04,999
45,GET84PLUS45,10,2027-01-28,999
46,SUPER54NOW46,5,2026-06-11,299
47,SUPER2047,30,2027-06-15,199
48,SUPER36X48,10,2026-05-31,1999
49,SUPER34NOW49,5,2027-07-30,499
50,FLAT44X50,30,2026-02-14,299
51,SUPER17X51,15,2027-03-15,999
52,DEAL24PLUS52,20,2026-01-27,2999
53,MEGA3253,40,2026-10-02,2999
54,SUPER18NOW54,5,2026-12-15,499
55,SAVE61X55,25,2027-04-04,0
56,GET56NOW56,5,2026-05-04,2999
57,SAVE38NOW57,10,2026-05-20,1999
58,DEAL6458,15,2027-05-14,1499
59,SUPER9059,50,2026-02-14,0
60,OFF5560,50,2027-01-06,2999
61,SAVE5761,30,2026-12-01,299
62,OFF33PLUS62,30,2027-07-17,2999
63,SAVE52X63,10,2027-05-26,499
64,OFF31NOW64,50,2027-06-01,0
65,DEAL42NOW65,25,2026-01-01,999
66,MEGA55NOW66,25,2027-07-29,0
67,FLAT44NOW67,10,2027-07-31,2999
68,FLAT11X68,5,2027-02-28,299
69,SUPER66NOW69,25,2026-10-17,499
70,DEAL45NOW70,15,2027-06-30,999
71,MEGA54PLUS71,5,2026-12-29,2999
72,GET26X72,25,2026-02-14,999
73,FLAT54X73,20,2026-07-03,2999
74,SAVE56X74,40,2026-05-17,199
75,GET17PLUS75,5,2026-05-31,299
76,SUPER50NOW76,50,2027-06-04,1499
77,DEAL79NOW77,10,2026-10-16,0
78,SAVE66PLUS78,20,2026-10-19,199
79,OFF5379,30,2026-04-18,999
80,MEGA68X80,15,2026-09-10,499
81,SUPER66PLUS81,25,2026-03-10,2999
82,GET28NOW82,30,2026-01-09,299
83,DEAL48PLUS83,15,2026-07-09,1999
84,SUPER46PLUS84,30,2026-01-19,999
85,OFF7785,50,2026-07-10,2999
86,SAVE65X86,20,2027-02-18,1999
87,GET42PLUS87,50,2027-01-29,0
88,OFF11PLUS88,5,2026-07-24,1499
89,SAVE38PLUS89,40,2026-01-18,0
90,SUPER24X90,30,2026-01-23,2999
91,SUPER56NOW91,25,2027-04-12,2999
92,DEAL6692,5,2026-12-03,1499
93,OFF6593,5,2026-05-14,199
94,MEGA47X94,50,2027-03-01,1499
95,SAVE6895,20,2026-06-22,299
96,SAVE34PLUS96,40,2026-03-22,1999
97,OFF62PLUS97,15,2027-04-24,499
98,OFF25NOW98,20,2026-06-03,299
99,OFF16NOW99,25,2026-09-11,1499
100,DEAL89X100,10,2027-01-14,0
101,MEGA66PLUS101,25,2026-05-01,2999
102,GET87X102,40,2027-04-17,0
103,MEGA22103,10,2026-05-14,299
104,MEGA17PLUS104,50,2026-03-21,0
105,MEGA68X105,25,2026-09-02,0
106,OFF42NOW106,40,2026-07-01,1999
107,FLAT57X107,50,2026-08-24,2999
108,OFF90PLUS108,10,2026-01-15,2999
109,DEAL83X109,50,2026-12-01,199
110,OFF23X110,25,2027-05-02,2999
111,FLAT49111,40,2026-12-06,499
112,SAVE84PLUS112,10,2027-02-23,1499
113,FLAT26NOW113,15,2027-04-15,2999
114,SUPER68PLUS114,20,2027-04-15,299
115,OFF61NOW115,30,2026-07-12,999
116,OFF42PLUS116,10,2026-02-27,199
117,OFF74PLUS117,20,2026-11-10,999
118,SAVE45X118,20,2026-05-20,0
119,GET45119,40,2026-10-26,0
120,OFF59NOW120,25,2027-06-09,2999
121,SUPER55NOW121,40,2027-04-01,199
122,FLAT70NOW122,50,2026-02-10,2999
123,OFF40123,40,2026-05-22,2999
124,SAVE42NOW124,30,2026-08-28,499
125,FLAT87X125,15,2026-08-19,199
126,MEGA82X126,10,2026-12-17,199
127,SUPER87X127,30,2026-03-31,499
128,GET68128,30,2027-07-09,499
129,GET43NOW129,5,2027-01-22,199
130,MEGA28130,30,2027-03-16,0
131,GET53131,10,2026-10-07,999
132,FLAT63PLUS132,15,2027-03-05,1999
133,SAVE90PLUS133,50,2027-05-03,999
134,MEGA23NOW134,30,2026-03-05,499
135,MEGA40NOW135,15,2026-11-14,2999
136,SUPER82NOW136,50,2026-01-16,1999
137,OFF82137,10,2027-05-01,2999
138,FLAT54X138,5,2026-04-06,1999
139,FLAT48PLUS139,15,2026-02-08,0
140,SAVE15PLUS140,15,2027-05-07,0
141,SUPER19141,10,2027-07-06,1499
142,FLAT14X142,15,2027-06-07,499
143,FLAT87143,20,2027-07-31,1999
144,FLAT57X144,50,2026-02-18,299
145,OFF32PLUS145,15,2027-03-24,1499
146,DEAL39NOW146,40,2027-06-05,1499
147,MEGA17147,15,2026-12-02,0
148,FLAT23148,25,2026-02-25,999
149,DEAL34149,30,2027-03-29,1499
150,OFF73PLUS150,30,2027-03-26,999
151,DEAL45NOW151,40,2026-08-23,999
152,MEGA83X152,50,2026-10-24,499
153,OFF72NOW153,10,2026-04-21,199
154,SAVE69PLUS154,10,2026-11-29,1999
155,GET76X155,10,2026-04-13,1999
156,SAVE72NOW156,10,2026-04-29,2999
157,OFF19PLUS157,50,2027-04-29,1999
158,SUPER46NOW158,10,2026-12-15,1499
159,OFF32X159,5,2027-07-18,499
160,SUPER79X160,50,2026-09-24,999
161,FLAT18X161,40,2026-12-14,1499
162,SAVE80X162,40,2027-01-07,999
163,SAVE42PLUS163,5,2026-02-14,2999
164,DEAL18PLUS164,20,2027-01-02,0
165,DEAL22NOW165,50,2027-01-22,199
166,SUPER85X166,10,2026-01-17,999
167,SUPER53167,30,2026-01-24,999
168,SUPER43PLUS168,50,2027-07-04,1499
169,FLAT47169,40,2027-05-20,999
170,OFF43170,30,2026-12-31,0
171,DEAL64PLUS171,15,2027-07-29,2999
172,GET21X172,15,2026-07-15,2999
173,SUPER89PLUS173,20,2026-02-20,299
174,SAVE44174,10,2027-01-27,1999
175,GET81NOW175,5,2026-04-25,0
176,DEAL59NOW176,25,2026-07-19,299
177,MEGA55X177,15,2026-03-16,299
178,OFF50PLUS178,50,2027-06-21,299
179,OFF30X179,25,2027-03-18,199
180,MEGA35NOW180,5,2026-04-09,2999
181,SAVE38NOW181,30,2026-02-11,1499
182,GET62PLUS182,20,2027-07-21,0
183,SAVE58183,30,2026-01-27,999
184,SUPER19PLUS184,5,2026-07-24,299
185,DEAL23X185,50,2027-04-08,199
186,GET80186,40,2027-06-06,199
187,OFF40X187,5,2026-04-03,999
188,SUPER23X188,10,2026-01-01,999
189,MEGA35PLUS189,25,2026-02-12,1999
190,SUPER13190,5,2027-01-20,199
191,SUPER13191,50,2026-11-01,499
192,OFF12PLUS192,20,2027-01-27,1999
193,MEGA56PLUS193,50,2026-11-20,299
194,SAVE27194,30,2026-05-11,299
195,GET56X195,10,2026-09-02,199
196,OFF50PLUS196,15,2027-05-17,0
197,FLAT47X197,40,2026-03-13,299
198,MEGA17NOW198,30,2026-10-16,0
199,GET16NOW199,20,2026-10-09,1499
200,SAVE43200,5,2027-03-24,299
201,DEAL84NOW201,40,2026-03-31,199
202,SAVE76PLUS202,5,2027-05-06,1499
203,DEAL37NOW203,50,2026-02-09,2999
204,SUPER67PLUS204,25,2027-07-31,0
205,MEGA39NOW205,20,2026-09-30,299
206,SUPER62X206,10,2027-02-28,1999
207,DEAL54207,10,2027-07-29,499
208,GET62X208,40,2026-08-02,0
209,SAVE79PLUS209,5,2026-03-29,0
210,SAVE85PLUS210,25,2026-09-23,2999
211,DEAL30X211,20,2026-06-22,0
212,DEAL18X212,10,2027-04-14,1499
213,SAVE89X213,5,2026-11-27,1999
214,OFF20214,10,2026-09-06,199
215,DEAL74X215,25,2026-03-17,1499
216,DEAL17216,50,2026-08-16,0
217,DEAL30PLUS217,25,2026-05-04,499
218,DEAL60X218,30,2026-08-12,1499
219,DEAL89NOW219,50,2026-07-20,499
220,SUPER60220,5,2027-05-01,999
221,MEGA86221,25,2027-04-28,0
222,GET23PLUS222,25,2026-09-30,499
223,SUPER69NOW223,40,2027-04-08,199
224,SUPER24PLUS224,10,2026-01-19,1999
225,GET54X225,20,2026-09-23,999
226,DEAL66X226,50,2027-01-09,0
227,GET70PLUS227,30,2026-05-10,499
228,GET31NOW228,50,2026-05-03,299
229,SAVE44PLUS229,15,2027-06-08,199
230,OFF31PLUS230,30,2026-05-06,1999
231,DEAL60PLUS231,15,2026-01-01,1999
232,OFF72PLUS232,50,2026-09-27,2999
233,SUPER45233,40,2027-07-05,299
234,GET15NOW234,15,2026-02-19,2999
235,SUPER82X235,40,2026-10-02,999
236,SAVE41NOW236,20,2026-12-23,0
237,DEAL86X237,15,2027-05-27,999
238,SUPER29PLUS238,20,2027-07-01,0
239,SAVE19NOW239,5,2026-09-29,299
240,GET67NOW240,40,2026-05-11,1999
241,FLAT10241,40,2027-01-24,1499
242,FLAT14PLUS242,20,2027-06-15,999
243,SUPER19243,30,2027-03-29,499
244,DEAL23PLUS244,15,2026-06-17,299
245,MEGA57245,25,2026-08-18,2999
246,MEGA71X246,25,2027-01-13,499
247,OFF53X247,50,2026-02-04,199
248,SAVE54X248,40,2027-02-03,1999
249,DEAL26249,15,2026-11-05,0
250,SUPER72NOW250,50,2027-03-26,1499
251,SAVE89NOW251,10,2026-10-17,199
252,GET14252,30,2026-09-17,999
253,GET50PLUS253,15,2026-12-30,299
254,MEGA81X254,15,2027-05-01,2999
255,OFF49255,20,2026-09-17,1499
256,MEGA39X256,30,2027-01-11,999
257,DEAL60X257,30,2026-01-20,499
258,SAVE35X258,50,2027-03-09,2999
259,MEGA28PLUS259,15,2026-02-21,299
260,SUPER56NOW260,40,2027-01-24,2999
261,OFF83261,20,2027-06-10,199
262,GET39X262,5,2026-07-11,499
263,SAVE85PLUS263,10,2026-01-09,0
264,SUPER47PLUS264,5,2026-09-25,0
265,GET56NOW265,15,2026-11-03,199
266,SAVE37X266,15,2027-07-28,199
267,OFF87NOW267,10,2026-08-14,2999
268,GET59PLUS268,20,2027-03-20,0
269,MEGA60269,5,2026-02-22,1999
270,SUPER67PLUS270,50,2026-02-06,199
271,MEGA16271,25,2027-01-26,999
272,MEGA25272,50,2026-01-31,999
273,GET50PLUS273,30,2026-04-30,999
274,MEGA59274,25,2026-05-27,1499
275,DEAL16X275,5,2027-06-28,299
276,SAVE16276,50,2026-02-17,1499
277,SUPER32NOW277,10,2026-09-28,999
278,OFF25X278,5,2027-06-14,1999
279,MEGA34NOW279,25,2026-09-01,0
280,FLAT43PLUS280,30,2026-07-24,299
281,SAVE65281,5,2027-07-16,0
282,FLAT56X282,5,2026-02-14,299
283,OFF58PLUS283,30,2026-12-02,199
284,OFF42X284,5,2026-05-10,1999
285,FLAT65NOW285,30,2026-05-19,1999
286,SAVE18286,15,2026-09-19,2999
287,OFF81PLUS287,20,2026-10-02,199
288,MEGA47X288,5,2026-12-10,999
289,DEAL44289,25,2027-04-22,2999
290,SAVE44X290,10,2026-02-21,1499
291,FLAT70291,50,2026-05-18,2999
292,SAVE39PLUS292,10,2026-02-02,999
293,SAVE61PLUS293,25,2027-01-04,0
294,SAVE23PLUS294,40,2027-04-24,499
295,SUPER38X295,10,2026-05-28,499
296,OFF85PLUS296,5,2026-10-17,199
297,OFF16PLUS297,20,2026-09-05,299
298,OFF21NOW298,15,2027-02-11,499
299,FLAT76PLUS299,30,2026-10-15,999
300,OFF48PLUS300,5,2027-03-16,1499
301,SAVE58X301,5,2026-03-31,1499
302,SUPER44302,20,2026-10-16,499
303,FLAT67X303,10,2027-02-28,1999
304,DEAL20NOW304,40,2026-03-18,199
305,DEAL87NOW305,25,2026-07-20,299
306,FLAT21NOW306,5,2026-10-25,1499
307,SAVE31X307,30,2027-04-07,299
308,FLAT45PLUS308,40,2026-04-22,2999
309,SAVE46PLUS309,25,2026-12-08,2999
310,SAVE10310,15,2026-05-06,999
311,DEAL26NOW311,10,2026-01-04,1999
312,GET61PLUS312,40,2026-02-02,1999
313,OFF58PLUS313,25,2026-07-13,499
314,DEAL79NOW314,40,2027-01-09,999
315,OFF48315,25,2027-04-19,2999
316,DEAL25PLUS316,25,2026-08-01,999
317,MEGA34317,20,2026-08-01,499
318,GET62X318,5,2026-12-21,999
319,SUPER44319,50,2026-02-15,2999
320,GET86PLUS320,50,2026-12-21,1499
321,GET19X321,15,2026-09-09,2999
322,OFF29PLUS322,5,2026-08-31,999
323,OFF12323,5,2026-02-08,0
324,FLAT41324,25,2027-02-28,1499
325,SAVE51325,20,2026-05-24,0
326,FLAT89PLUS326,50,2027-04-14,2999
327,MEGA52PLUS327,40,2026-05-21,299
328,DEAL42328,15,2026-04-09,2999
329,FLAT40X329,5,2026-05-09,1999
330,MEGA15NOW330,20,2026-02-13,1499
331,OFF77NOW331,25,2027-07-31,0
332,FLAT37332,30,2027-06-22,299
333,SUPER25X333,40,2027-05-15,999
334,FLAT81NOW334,10,2026-06-16,299
335,FLAT69X335,20,2026-05-21,199
336,OFF73336,30,2026-12-29,1999
337,MEGA72337,10,2027-06-28,0
338,OFF36X338,50,2027-04-07,199
339,GET68NOW339,25,2027-05-10,199
340,FLAT16NOW340,50,2026-10-31,0
341,SAVE38341,50,2026-06-24,499
342,MEGA22NOW342,25,2027-02-27,199
343,FLAT83NOW343,40,2027-07-28,199
344,MEGA32X344,10,2026-12-07,1499
345,GET10PLUS345,25,2027-02-20,999
346,SUPER18346,10,2026-03-05,2999
347,MEGA82NOW347,30,2027-06-29,999
348,DEAL14X348,15,2026-03-22,499
349,SUPER56349,40,2027-04-13,299
350,MEGA55NOW350,10,2027-05-24,2999
351,FLAT63PLUS351,20,2026-05-31,1499
352,FLAT19PLUS352,25,2026-05-25,199
353,FLAT37353,30,2026-08-08,199
354,FLAT35354,20,2026-07-23,1499
355,GET76X355,30,2026-01-18,999
356,FLAT53PLUS356,30,2026-07-02,1499
357,SUPER31NOW357,10,2026-06-26,199
358,SAVE69NOW358,20,2026-08-27,2999
359,SAVE39PLUS359,25,2026-10-29,1999
360,SUPER47NOW360,30,2026-06-16,499
361,MEGA27361,5,2027-02-14,1999
362,OFF32PLUS362,25,2026-02-08,999
363,SAVE64NOW363,25,2027-05-04,299
364,OFF80364,10,2026-10-04,0
365,MEGA68X365,25,2026-01-02,999
366,FLAT47X366,5,2027-07-27,299
367,DEAL37NOW367,15,2027-06-14,999
368,MEGA23PLUS368,15,2027-03-26,0
369,SUPER56X369,30,2026-12-18,199
370,DEAL34PLUS370,10,2026-12-20,1999
371,GET61371,25,2027-05-30,1499
372,FLAT41372,5,2026-09-07,2999
373,FLAT38X373,30,2027-07-26,1499
374,MEGA32PLUS374,20,2026-07-20,499
375,FLAT36PLUS375,20,2027-02-09,2999
376,OFF39376,50,2026-04-09,0
377,MEGA34377,40,2027-03-10,499
378,GET26X378,30,2026-12-02,499
379,OFF56NOW379,10,2026-08-25,999
380,GET69X380,30,2026-12-12,299
381,DEAL20NOW381,40,2026-01-23,299
382,MEGA10NOW382,15,2026-10-30,0
383,GET22X383,5,2027-05-26,1999
384,OFF38PLUS384,20,2026-05-27,1999
385,DEAL51NOW385,15,2026-07-28,999
386,MEGA61PLUS386,5,2027-04-03,499
387,SAVE80PLUS387,40,2027-03-29,2999
388,FLAT36PLUS388,50,2026-08-28,2999
389,FLAT86389,15,2026-01-18,999
390,FLAT69PLUS390,25,2027-08-04,1999
391,GET37X391,50,2026-04-22,299
392,OFF41X392,50,2026-10-02,1999
393,SAVE67X393,25,2026-05-09,0
394,DEAL53PLUS394,15,2027-06-28,0
395,FLAT66395,40,2027-05-26,199
396,GET81X396,50,2026-12-10,2999
397,FLAT89PLUS397,5,2026-01-02,1999
398,DEAL59NOW398,30,2026-08-10,199
399,MEGA26399,5,2026-01-05,1499
400,FLAT15400,50,2027-08-01,499
401,GET83X401,20,2026-11-29,0
402,MEGA17NOW402,5,2026-01-22,499
403,OFF54403,20,2026-08-07,499
404,FLAT14PLUS404,25,2026-11-15,999
405,GET65NOW405,15,2026-01-03,0
406,GET75PLUS406,50,2027-03-19,199
407,SUPER44PLUS407,5,2027-03-10,1499
408,GET26408,30,2027-04-10,999
409,FLAT44PLUS409,5,2027-02-28,299
410,MEGA50410,10,2026-11-01,299
411,DEAL10X411,5,2026-12-02,2999
412,SAVE57NOW412,10,2027-03-03,1999
413,MEGA40NOW413,15,2027-04-16,999
414,OFF19PLUS414,10,2026-05-14,299
415,GET75NOW415,30,2026-02-24,1999
416,OFF63NOW416,50,2027-06-02,2999
417,FLAT54X417,50,2026-08-12,199
418,OFF69NOW418,20,2027-01-06,299
419,OFF16PLUS419,15,2026-09-06,199
420,FLAT76420,5,2026-01-12,499
421,SAVE25X421,5,2026-02-08,299
422,MEGA18PLUS422,25,2027-01-01,299
423,MEGA23423,30,2026-02-01,1999
424,FLAT42NOW424,5,2027-05-31,299
425,DEAL20425,20,2027-01-21,199
426,FLAT82PLUS426,5,2026-09-05,1999
427,FLAT68427,30,2026-05-18,2999
428,MEGA42PLUS428,5,2026-11-03,199
429,OFF87NOW429,15,2026-06-11,499
430,FLAT48PLUS430,5,2026-08-17,999
431,FLAT39NOW431,25,2026-05-16,499
432,FLAT68432,50,2026-11-29,199
433,SAVE80NOW433,15,2026-04-08,199
434,OFF27NOW434,50,2027-02-22,999
435,SAVE11X435,40,2026-01-22,199
436,FLAT43NOW436,25,2027-02-08,1999
437,GET67437,40,2027-01-24,0
438,OFF19X438,10,2027-05-08,1999
439,SAVE74NOW439,15,2026-10-21,299
440,SUPER50NOW440,5,2027-07-03,0
441,SAVE39X441,10,2027-06-28,299
442,FLAT84PLUS442,25,2027-07-14,0
443,OFF88NOW443,30,2027-01-12,299
444,MEGA42NOW444,50,2027-01-19,1499
445,DEAL50X445,5,2027-07-23,0
446,DEAL46NOW446,10,2027-04-23,2999
447,MEGA66NOW447,20,2026-08-28,299
448,MEGA68X448,50,2026-10-07,2999
449,FLAT85449,15,2026-05-22,999
450,GET63NOW450,20,2026-04-30,0
451,SUPER57451,20,2027-08-08,1999
452,GET72X452,40,2027-01-16,0
453,SUPER19NOW453,5,2026-02-18,299
454,DEAL23X454,25,2027-03-19,999
455,OFF39NOW455,25,2026-07-18,1999
456,SAVE12456,5,2026-10-13,1499
457,DEAL27NOW457,10,2026-03-27,499
458,SAVE23458,50,2027-07-18,999
459,SUPER72PLUS459,15,2026-03-17,199
460,GET81NOW460,40,2027-03-13,1999
461,MEGA88X461,20,2026-06-17,199
462,FLAT78X462,15,2026-05-26,0
463,MEGA29PLUS463,20,2026-07-08,0
464,OFF81464,5,2026-06-28,0
465,SUPER62X465,15,2026-10-27,1499
466,MEGA57NOW466,15,2026-06-29,199
467,OFF54PLUS467,40,2027-01-11,299
468,SUPER23PLUS468,15,2026-04-23,299
469,OFF35469,15,2026-02-09,999
470,MEGA64470,10,2026-07-22,0
471,DEAL87X471,50,2027-01-01,0
472,SAVE62PLUS472,40,2027-08-08,999
473,DEAL77X473,25,2027-05-18,499
474,DEAL78NOW474,15,2026-11-22,2999
475,FLAT55475,40,2027-07-11,2999
476,SUPER81PLUS476,15,2026-09-24,2999
477,GET19X477,5,2026-02-20,1499
478,OFF50PLUS478,10,2027-05-15,1999
479,FLAT82479,25,2026-11-24,199
480,DEAL29480,10,2026-04-04,999
481,FLAT48X481,10,2026-11-07,2999
482,FLAT20X482,40,2026-01-04,1499
483,OFF71483,5,2027-01-13,299
484,MEGA27PLUS484,50,2027-06-16,499
485,DEAL76PLUS485,50,2027-05-06,2999
486,FLAT11X486,10,2026-02-02,0
487,SAVE24X487,20,2027-05-30,199
488,DEAL43488,40,2027-05-12,199
489,SAVE54X489,10,2027-04-19,1499
490,DEAL78490,40,2026-08-23,999
491,SUPER34NOW491,30,2027-07-08,2999
492,SUPER69NOW492,50,2026-08-27,499
493,GET73493,25,2027-01-10,499
494,GET17X494,10,2026-06-01,0
495,MEGA50PLUS495,5,2026-10-28,299
496,SUPER50NOW496,40,2027-06-24,299
497,MEGA37497,40,2026-06-24,999
498,SAVE35498,5,2026-03-09,299
499,MEGA22NOW499,10,2026-04-05,2999
500,OFF55500,25,2026-11-01,2999
501,MEGA32501,20,2026-10-05,1999
502,OFF79502,10,2026-09-13,1999
503,OFF40X503,30,2026-06-14,299
504,MEGA90504,50,2026-05-12,1999
505,GET90PLUS505,10,2027-01-10,499
506,GET64506,5,2027-04-13,199
507,SUPER58507,50,2026-09-04,0
508,SAVE81X508,5,2026-04-16,0
509,SAVE90X509,20,2027-06-22,2999
510,MEGA88510,15,2027-01-18,2999
511,GET12PLUS511,10,2027-06-02,199
512,SUPER26PLUS512,20,2027-03-25,1499
513,OFF20513,5,2026-06-04,499
514,MEGA37PLUS514,10,2026-05-01,499
515,SUPER37NOW515,50,2027-02-16,499
516,SAVE19NOW516,15,2026-01-29,499
517,MEGA27NOW517,10,2026-09-23,999
518,GET51PLUS518,10,2026-12-04,499
519,GET10X519,20,2026-01-03,199
520,FLAT50X520,20,2026-12-18,499
521,FLAT73NOW521,50,2027-01-05,999
522,OFF55NOW522,20,2026-10-15,999
523,FLAT67523,5,2026-10-23,1499
524,OFF68X524,40,2026-10-05,2999
525,MEGA77NOW525,30,2027-07-14,499
526,SAVE14X526,5,2026-04-10,0
527,SAVE66X527,5,2026-05-11,1999
528,DEAL11PLUS528,10,2027-05-21,999
529,SUPER58529,20,2027-01-20,199
530,SAVE39NOW530,25,2026-03-27,499
531,FLAT72NOW531,40,2026-10-16,1499
532,DEAL41PLUS532,30,2027-07-13,1999
533,FLAT68533,5,2026-08-14,199
534,GET68NOW534,50,2026-12-22,0
535,DEAL23535,50,2026-07-16,199
536,FLAT54PLUS536,50,2026-12-01,2999
537,FLAT18PLUS537,10,2027-06-17,999
538,DEAL38538,15,2027-07-05,299
539,MEGA19539,50,2026-07-07,0
540,GET20NOW540,15,2027-07-22,499
541,FLAT52541,20,2026-05-29,299
542,MEGA46542,20,2026-10-08,0
543,FLAT66543,30,2026-01-26,0
544,OFF44X544,5,2027-01-23,199
545,SAVE38NOW545,30,2027-01-02,999
546,DEAL78NOW546,15,2027-01-07,199
547,FLAT54PLUS547,25,2026-08-19,1999
548,OFF86PLUS548,40,2027-06-27,999
549,SUPER59549,20,2026-10-28,299
550,OFF81X550,40,2026-10-18,2999
551,SUPER24X551,10,2027-01-27,199
552,SUPER12NOW552,20,2026-08-29,299
553,MEGA79X553,25,2026-12-05,1499
554,OFF12PLUS554,30,2027-06-06,2999
555,FLAT82555,40,2026-08-12,199
556,SUPER32556,5,2026-02-06,0
557,GET10PLUS557,30,2026-09-19,999
558,DEAL10558,20,2026-04-27,1999
559,OFF36NOW559,15,2026-07-05,0
560,FLAT31560,5,2026-10-09,499
561,MEGA56561,10,2027-06-06,0
562,FLAT38X562,50,2026-11-11,199
563,OFF35NOW563,20,2026-03-17,999
564,OFF67PLUS564,5,2026-06-25,1999
565,MEGA84PLUS565,25,2026-05-10,499
566,GET14NOW566,5,2027-06-05,2999
567,MEGA15PLUS567,10,2026-07-05,199
568,MEGA50PLUS568,15,2027-07-15,1999
569,DEAL30NOW569,25,2027-02-02,2999
570,OFF46NOW570,30,2026-06-26,0
571,SAVE82PLUS571,10,2026-10-26,299
572,FLAT26PLUS572,20,2027-04-06,1999
573,OFF24PLUS573,50,2026-02-15,2999
574,GET43574,40,2026-06-19,299
575,FLAT35X575,5,2027-02-10,0
576,OFF49NOW576,40,2026-01-18,499
577,GET25X577,25,2027-07-23,999
578,OFF61578,40,2026-12-23,999
579,FLAT17X579,50,2026-01-10,999
580,OFF36X580,10,2026-12-11,1499
581,MEGA25581,50,2027-07-03,0
582,GET40582,10,2027-07-26,1499
583,DEAL65PLUS583,50,2027-05-03,0
584,FLAT21PLUS584,30,2027-04-27,499
585,OFF29X585,15,2027-04-09,1499
586,FLAT46PLUS586,50,2026-07-27,499
587,SAVE82NOW587,20,2026-01-16,2999
588,FLAT55PLUS588,5,2027-02-18,999
589,SAVE39X589,25,2027-03-12,299
590,MEGA75PLUS590,30,2026-01-02,1999
591,MEGA90NOW591,15,2026-05-11,499
592,OFF16592,5,2026-01-10,999
593,SAVE25NOW593,25,2026-06-15,2999
594,OFF33594,15,2027-05-04,2999
595,SUPER30595,40,2027-02-19,0
596,FLAT36X596,10,2027-07-24,199
597,GET22X597,25,2026-07-22,1999
598,MEGA63X598,40,2026-08-27,1999
599,OFF70PLUS599,40,2026-04-15,2999
600,FLAT84X600,25,2027-01-18,0
601,FLAT74NOW601,5,2027-05-30,999
602,SUPER28602,10,2026-07-29,0
603,DEAL88X603,5,2026-05-18,199
604,FLAT76PLUS604,25,2026-01-06,499
605,MEGA66605,15,2026-01-16,999
606,MEGA29606,5,2027-01-08,0
607,FLAT66NOW607,40,2027-02-27,1999
608,GET20NOW608,10,2027-04-22,1999
609,FLAT61X609,40,2026-01-02,1499
610,DEAL23610,10,2027-07-09,1499
611,GET33PLUS611,25,2026-10-02,299
612,DEAL88X612,40,2026-06-09,999
613,SAVE22613,5,2026-10-25,299
614,MEGA85NOW614,5,2026-07-16,199
615,DEAL10615,30,2026-02-14,999
616,GET35NOW616,25,2026-09-28,1499
617,DEAL76PLUS617,50,2026-10-16,2999
618,SUPER78618,10,2026-08-20,299
619,OFF63NOW619,10,2026-10-20,2999
620,MEGA39620,25,2027-06-16,0
621,MEGA48PLUS621,50,2027-06-14,1499
622,MEGA59X622,20,2027-03-18,1999
623,DEAL63NOW623,10,2026-08-29,499
624,FLAT68624,5,2027-01-05,199
625,OFF78X625,20,2026-09-29,1499
626,OFF70NOW626,20,2026-10-06,999
627,FLAT66PLUS627,30,2026-02-07,499
628,SUPER35NOW628,30,2027-05-19,1499
629,GET77629,30,2027-02-07,0
630,FLAT87X630,30,2026-08-16,199
631,SUPER12NOW631,10,2027-03-27,299
632,FLAT38X632,5,2026-07-25,499
633,SAVE84NOW633,25,2027-07-14,1999
634,SUPER31NOW634,15,2026-01-10,299
635,SUPER35PLUS635,40,2027-01-01,299
636,FLAT62636,25,2026-02-15,1999
637,FLAT46637,20,2027-06-26,0
638,OFF27PLUS638,50,2026-10-28,0
639,OFF14PLUS639,20,2026-06-11,199
640,SUPER20NOW640,40,2026-08-03,0
641,SAVE73PLUS641,25,2026-02-19,499
642,DEAL50X642,50,2026-12-16,199
643,FLAT75NOW643,50,2026-12-02,499
644,MEGA88X644,20,2026-06-28,1499
645,OFF29645,25,2026-08-24,1499
646,OFF87X646,10,2027-07-04,499
647,GET50647,20,2027-03-17,499
648,SUPER68PLUS648,30,2027-07-05,2999
649,SUPER84PLUS649,40,2026-02-16,499
650,OFF87NOW650,10,2026-02-07,199
651,MEGA80NOW651,40,2026-09-24,199
652,MEGA79X652,30,2027-03-03,299
653,FLAT31653,20,2027-06-18,499
654,GET26PLUS654,50,2026-12-22,1999
655,GET25X655,30,2027-03-01,2999
656,SUPER82656,5,2027-07-26,1499
657,SUPER90X657,10,2026-10-03,0
658,OFF65NOW658,25,2026-10-23,1999
659,FLAT72NOW659,50,2026-04-26,0
660,DEAL60NOW660,10,2026-09-13,0
661,SUPER82NOW661,50,2026-08-17,999
662,FLAT32NOW662,5,2026-03-08,0
663,DEAL67663,20,2026-07-05,0
664,OFF51PLUS664,10,2026-03-27,199
665,GET32X665,5,2027-04-27,499
666,SUPER45666,10,2027-01-24,1499
667,MEGA25NOW667,15,2026-11-11,499
668,MEGA40PLUS668,50,2026-08-08,2999
669,MEGA72669,5,2026-09-03,999
670,FLAT59X670,40,2027-03-25,299
671,GET46PLUS671,20,2026-10-24,299
672,DEAL44NOW672,20,2026-10-16,299
673,MEGA51673,10,2026-05-10,199
674,SAVE68674,10,2026-11-08,0
675,SUPER59NOW675,50,2026-05-26,999
676,DEAL50X676,5,2026-01-18,299
677,SAVE44NOW677,30,2027-02-25,999
678,SUPER34NOW678,30,2027-03-16,1999
679,OFF30NOW679,50,2026-02-07,499
680,FLAT31X680,50,2026-02-18,999
681,FLAT90X681,50,2026-10-07,1499
682,SAVE32NOW682,25,2027-04-20,1499
683,FLAT89NOW683,50,2026-03-20,2999
684,MEGA38X684,20,2026-09-21,499
685,SAVE45PLUS685,50,2026-03-04,199
686,OFF12686,50,2026-01-18,499
687,OFF85PLUS687,15,2027-05-02,999
688,SUPER28NOW688,15,2027-07-01,0
689,MEGA18NOW689,40,2027-02-28,1999
690,SAVE14PLUS690,5,2027-05-16,299
691,GET44X691,20,2026-09-14,299
692,SAVE71PLUS692,15,2026-03-10,2999
693,GET45X693,10,2026-01-05,2999
694,DEAL75X694,40,2027-01-13,299
695,SUPER62NOW695,40,2027-03-07,1499
696,MEGA16X696,20,2027-06-30,1999
697,DEAL51PLUS697,5,2027-07-18,1999
698,MEGA17X698,5,2027-04-15,999
699,FLAT21PLUS699,10,2027-03-08,1499
700,DEAL68700,30,2026-08-31,299
701,FLAT57701,50,2026-07-18,199
702,OFF35NOW702,15,2027-05-05,499
703,OFF82NOW703,30,2026-09-23,299
704,DEAL84X704,25,2026-02-11,2999
705,SAVE75NOW705,10,2026-11-15,199
706,SUPER61706,50,2027-06-11,0
707,SUPER81X707,40,2027-02-23,0
708,MEGA14X708,50,2026-09-11,199
709,GET39PLUS709,50,2026-11-11,199
710,OFF39NOW710,30,2027-06-05,2999
711,DEAL49PLUS711,30,2027-04-21,1999
712,OFF75712,10,2027-06-08,1999
713,SAVE75713,30,2027-07-15,1999
714,FLAT64X714,5,2026-01-02,199
715,GET73715,15,2026-05-29,0
716,DEAL83716,50,2027-08-08,299
717,SUPER73X717,50,2027-08-01,299
718,SAVE80718,20,2026-12-05,1499
719,OFF73PLUS719,20,2027-07-01,2999
720,GET49NOW720,5,2026-06-07,999
721,DEAL60PLUS721,40,2026-06-13,499
722,OFF47722,30,2026-12-26,499
723,DEAL74X723,5,2026-06-12,1999
724,SUPER71PLUS724,50,2026-11-25,1499
725,SUPER29725,5,2027-02-11,999
726,SAVE37X726,10,2026-05-03,0
727,SAVE34X727,40,2027-01-09,999
728,GET63NOW728,50,2026-09-01,1999
729,DEAL75PLUS729,40,2027-04-24,1999
730,MEGA28X730,20,2026-11-19,199
731,FLAT38X731,30,2027-01-30,2999
732,MEGA45X732,25,2026-06-11,0
733,SUPER87NOW733,10,2027-08-06,1999
734,SAVE52PLUS734,10,2026-04-09,499
735,FLAT54PLUS735,10,2026-03-01,1499
736,MEGA23X736,40,2026-02-14,299
737,SAVE60X737,50,2026-06-08,499
738,FLAT46X738,15,2026-11-08,2999
739,GET88X739,30,2027-05-21,0
740,SUPER54NOW740,15,2026-09-30,299
741,FLAT55741,40,2026-07-06,199
742,OFF75X742,20,2026-06-15,2999
743,SAVE14743,40,2026-02-16,499
744,FLAT40744,25,2026-09-25,1499
745,MEGA30X745,20,2026-09-13,199
746,SAVE63746,10,2026-12-19,1499
747,GET66PLUS747,5,2027-07-02,299
748,DEAL70PLUS748,15,2026-02-26,299
749,OFF60PLUS749,15,2026-05-17,199
750,SAVE66NOW750,40,2026-09-10,499
751,OFF69751,15,2027-07-27,1999
752,SAVE89NOW752,20,2026-09-23,1999
753,SAVE85X753,15,2027-04-30,1499
754,GET37754,5,2027-03-27,1499
755,DEAL15NOW755,15,2026-01-28,0
756,MEGA79X756,5,2026-11-08,2999
757,SAVE66757,5,2027-07-24,299
758,OFF73PLUS758,30,2026-08-31,199
759,GET75759,25,2027-07-22,1999
760,SAVE69NOW760,50,2026-03-13,999
761,SAVE81PLUS761,50,2026-02-08,0
762,MEGA63NOW762,5,2026-04-20,299
763,FLAT78X763,40,2027-04-09,499
764,SAVE26PLUS764,10,2027-06-05,1999
765,FLAT56X765,25,2026-08-10,499
766,MEGA35PLUS766,25,2026-06-21,499
767,SAVE64767,15,2026-02-07,299
768,OFF20768,10,2026-10-25,0
769,OFF46X769,10,2026-12-21,199
770,SAVE85770,50,2027-07-16,1999
771,MEGA55771,10,2026-01-14,1499
772,GET82NOW772,50,2026-02-25,1499
773,MEGA30X773,5,2026-02-12,0
774,MEGA50774,5,2026-07-30,299
775,SUPER73X775,40,2026-07-31,0
776,SUPER71776,40,2026-10-22,999
777,SUPER33NOW777,25,2027-04-30,299
778,OFF79778,10,2026-12-14,1499
779,FLAT79NOW779,50,2026-05-19,499
780,DEAL14NOW780,10,2027-01-22,499
781,MEGA45781,5,2027-03-01,499
782,SAVE81PLUS782,15,2027-07-13,199
783,SUPER27NOW783,40,2026-07-06,2999
784,DEAL63NOW784,25,2027-04-02,1499
785,FLAT71785,30,2027-07-07,299
786,SAVE54NOW786,30,2026-05-28,999
787,GET83PLUS787,40,2026-09-08,2999
788,FLAT61788,10,2026-09-07,999
789,SAVE26789,50,2026-07-05,1999
790,DEAL86X790,10,2027-04-08,1999
791,SAVE80791,30,2027-04-15,299
792,FLAT66PLUS792,30,2026-09-27,2999
793,SUPER11PLUS793,15,2026-02-07,499
794,SAVE87NOW794,10,2027-07-16,1999
795,SAVE35PLUS795,30,2027-02-07,1999
796,SAVE63NOW796,40,2026-04-22,1999
797,SUPER42NOW797,10,2026-12-09,0
798,DEAL71PLUS798,25,2026-11-13,299
799,SAVE66PLUS799,10,2026-10-28,499
800,GET78X800,15,2026-01-30,499
801,GET34801,20,2026-11-10,499
802,SAVE72NOW802,50,2027-07-06,999
803,SAVE19803,50,2027-02-17,1499
804,OFF41X804,50,2026-05-27,499
805,FLAT35NOW805,20,2026-09-09,1499
806,DEAL21X806,20,2027-07-08,1499
807,FLAT37807,50,2026-01-20,0
808,GET39NOW808,5,2027-07-15,0
809,DEAL43PLUS809,50,2027-06-25,499
810,MEGA76NOW810,50,2027-05-12,199
811,DEAL13PLUS811,30,2026-04-16,999
812,SAVE21PLUS812,30,2027-03-03,299
813,MEGA53X813,10,2026-02-19,299
814,OFF74X814,25,2027-04-22,2999
815,FLAT36PLUS815,40,2026-06-23,999
816,MEGA55816,5,2026-08-20,499
817,DEAL13817,25,2026-07-18,199
818,DEAL82PLUS818,30,2026-07-31,199
819,MEGA80X819,10,2026-04-28,999
820,OFF27NOW820,5,2026-07-24,1999
821,GET55821,25,2026-09-30,0
822,SAVE34NOW822,5,2026-01-15,299
823,FLAT66PLUS823,30,2027-05-16,1999
824,MEGA46NOW824,10,2027-05-05,2999
825,FLAT62825,50,2026-12-02,1499
826,SUPER35X826,5,2026-06-12,2999
827,SUPER87NOW827,20,2027-04-23,999
828,DEAL58PLUS828,20,2026-07-22,1999
829,OFF19PLUS829,15,2027-06-08,1499
830,FLAT57830,5,2027-06-10,199
831,GET45X831,25,2026-03-17,1499
832,OFF56832,40,2027-05-24,1999
833,OFF14833,30,2026-05-28,1499
834,GET46834,20,2026-08-29,499
835,FLAT56835,5,2026-10-21,1999
836,SUPER67NOW836,40,2027-01-28,2999
837,OFF23837,50,2027-06-25,1499
838,DEAL30X838,40,2026-08-05,499
839,MEGA86839,15,2026-09-30,0
840,SAVE27NOW840,5,2026-10-01,299
841,GET13X841,40,2027-03-28,199
842,SAVE33NOW842,30,2026-08-24,299
843,SUPER18X843,50,2026-02-16,299
844,SUPER25844,50,2027-07-14,0
845,MEGA11845,5,2026-08-06,999
846,MEGA52846,20,2026-06-07,199
847,GET69NOW847,25,2026-04-07,1499
848,OFF43PLUS848,10,2027-08-04,0
849,MEGA52NOW849,20,2026-04-23,2999
850,MEGA40NOW850,25,2026-03-20,1499
851,MEGA64PLUS851,50,2026-03-17,299
852,FLAT74852,50,2027-04-14,0
853,FLAT86NOW853,20,2026-01-10,299
854,SAVE54854,50,2027-01-10,199
855,GET88NOW855,30,2026-08-23,2999
856,OFF22NOW856,15,2026-05-09,299
857,FLAT85PLUS857,50,2026-02-21,299
858,SAVE55NOW858,30,2026-02-28,499
859,FLAT51PLUS859,40,2027-02-24,999
860,MEGA31NOW860,50,2026-01-30,999
861,FLAT64NOW861,30,2026-08-07,1499
862,MEGA49PLUS862,10,2026-02-11,999
863,OFF87863,40,2027-06-23,499
864,FLAT62X864,50,2026-04-28,199
865,FLAT69X865,30,2026-02-07,0
866,SUPER38866,40,2026-03-28,299
867,SUPER69NOW867,5,2026-05-10,2999
868,MEGA40X868,50,2027-07-13,2999
869,SAVE21NOW869,20,2026-08-16,999
870,OFF87X870,5,2027-05-24,499
871,SAVE16871,15,2027-03-01,299
872,SAVE64872,20,2026-04-25,1999
873,DEAL73X873,50,2027-03-31,499
874,GET58874,25,2026-07-18,299
875,SUPER44X875,10,2026-05-17,499
876,SUPER24X876,10,2026-07-26,999
877,GET10X877,25,2026-12-24,999
878,FLAT86878,20,2027-05-09,999
879,OFF17NOW879,25,2026-11-12,499
880,OFF69NOW880,30,2026-04-04,299
881,SAVE78PLUS881,5,2027-07-08,999
882,OFF55PLUS882,10,2027-05-15,2999
883,MEGA27883,5,2027-05-26,1499
884,DEAL39PLUS884,5,2027-07-09,0
885,FLAT45PLUS885,40,2027-02-04,1999
886,GET33PLUS886,40,2027-04-18,1999
887,SAVE67887,10,2027-07-30,0
888,DEAL29NOW888,30,2027-05-21,199
889,SAVE70PLUS889,5,2026-03-05,199
890,DEAL65PLUS890,20,2026-09-19,1499
891,MEGA50X891,40,2026-12-02,199
892,SUPER20PLUS892,40,2026-07-05,2999
893,DEAL60PLUS893,40,2026-11-01,0
894,DEAL86X894,10,2026-08-01,1499
895,OFF51PLUS895,20,2026-09-13,199
896,SUPER77NOW896,30,2027-07-09,0
897,SUPER10897,15,2027-07-27,199
898,DEAL37X898,50,2027-03-29,999
899,SUPER16899,40,2026-12-08,199
900,DEAL58PLUS900,25,2027-08-07,2999
901,MEGA33X901,30,2027-06-15,1499
902,OFF51902,40,2027-06-03,999
903,FLAT70NOW903,40,2026-08-14,1499
904,SAVE25NOW904,50,2026-01-19,0
905,SUPER58905,40,2026-11-10,1999
906,SUPER29X906,10,2026-10-20,0
907,DEAL87907,30,2026-02-24,999
908,OFF68PLUS908,20,2026-01-21,199
909,SUPER68X909,25,2027-05-23,999
910,DEAL88PLUS910,15,2026-03-31,0
911,GET10X911,50,2026-03-17,199
912,FLAT76912,20,2026-01-20,1999
913,OFF67913,20,2027-05-14,0
914,SUPER40X914,5,2026-02-18,2999
915,SUPER79PLUS915,50,2027-08-02,2999
916,SAVE21916,30,2027-01-18,299
917,SUPER45PLUS917,30,2026-10-19,299
918,OFF37NOW918,5,2027-07-24,299
919,OFF48X919,30,2026-08-12,2999
920,FLAT39X920,40,2026-04-11,2999
921,FLAT33PLUS921,40,2026-08-09,199
922,GET64PLUS922,5,2026-08-12,499
923,OFF23X923,15,2027-02-26,999
924,GET28PLUS924,15,2027-03-04,1999
925,MEGA31PLUS925,5,2027-03-07,2999
926,MEGA63X926,25,2026-11-24,499
927,OFF47NOW927,5,2026-05-04,999
928,SUPER27NOW928,25,2026-07-05,0
929,GET77PLUS929,30,2026-08-28,499
930,SAVE17X930,5,2027-03-13,499
931,MEGA84PLUS931,10,2027-02-14,0
932,SUPER65PLUS932,30,2027-01-04,1499
933,DEAL49X933,30,2026-02-20,2999
934,GET31X934,5,2026-09-23,1499
935,GET37935,20,2026-05-31,999
936,OFF22PLUS936,40,2027-08-05,999
937,MEGA42X937,20,2027-05-08,999
938,MEGA41938,10,2026-11-15,2999
939,MEGA23939,10,2026-08-10,1499
940,OFF16X940,20,2026-07-12,1999
941,DEAL89NOW941,10,2026-01-20,1499
942,SUPER77NOW942,5,2026-11-05,199
943,SAVE12943,15,2026-02-06,499
944,DEAL16X944,25,2026-04-16,0
945,DEAL18PLUS945,10,2027-06-12,1499
946,DEAL13X946,40,2027-02-10,1999
947,GET33NOW947,25,2026-02-06,199
948,DEAL29948,10,2027-07-15,999
949,SUPER44949,30,2026-10-21,1499
950,FLAT53NOW950,30,2026-08-19,499
951,FLAT81X951,30,2026-11-26,299
952,OFF16X952,15,2026-07-25,199
953,OFF87953,50,2026-05-13,999
954,DEAL47X954,40,2026-03-28,499
955,FLAT28X955,25,2026-07-17,299
956,GET43X956,20,2026-02-27,299
957,DEAL70957,20,2026-07-19,999
958,OFF59PLUS958,5,2026-06-14,1499
959,SUPER34PLUS959,40,2026-12-01,999
960,SUPER35960,30,2026-09-03,2999
961,FLAT29PLUS961,10,2026-03-22,299
962,SUPER76962,10,2027-04-18,999
963,DEAL39PLUS963,5,2026-01-04,199
964,SAVE81NOW964,15,2027-06-14,999
965,SAVE40PLUS965,50,2026-09-11,1999
966,SUPER65PLUS966,25,2026-11-08,499
967,FLAT56X967,40,2026-09-20,0
968,SAVE90PLUS968,40,2027-04-19,1999
969,SUPER42X969,20,2026-05-19,199
970,OFF72X970,15,2026-02-09,2999
971,OFF53PLUS971,50,2026-12-07,1499
972,SAVE50972,15,2027-03-08,2999
973,GET81X973,30,2026-07-25,199
974,MEGA74974,30,2026-08-10,1499
975,DEAL41PLUS975,30,2026-04-07,199
976,MEGA42NOW976,5,2027-06-12,2999
977,SAVE53PLUS977,25,2027-05-05,199
978,FLAT53X978,5,2027-05-21,2999
979,OFF37979,40,2026-12-15,1999
980,DEAL62NOW980,25,2026-11-16,999
981,DEAL51X981,25,2026-06-01,2999
982,SUPER17X982,50,2026-09-18,999
983,OFF12PLUS983,40,2026-11-09,1499
984,FLAT85984,5,2026-09-14,999
985,FLAT53X985,40,2027-03-30,0
986,SUPER84PLUS986,5,2027-05-18,0
987,FLAT70PLUS987,50,2026-07-18,1499
988,SAVE49X988,50,2026-02-02,499
989,OFF72NOW989,30,2026-01-25,1499
990,SAVE75X990,10,2026-06-15,499
991,OFF35PLUS991,15,2026-08-01,499
992,GET26992,25,2026-11-14,1499
993,MEGA46993,30,2026-01-12,1499
994,GET59NOW994,20,2026-10-13,1999
995,GET66NOW995,15,2026-07-22,2999
996,SAVE30NOW996,40,2027-05-28,999
997,SUPER82NOW997,10,2026-02-04,499
998,GET87NOW998,50,2026-10-08,299
999,OFF48999,5,2026-06-19,299
1000,MEGA52NOW1000,25,2026-02-15,2999
1001,SUPER451001,40,2026-09-03,499
1002,SAVE64NOW1002,30,2027-05-28,499
1003,SAVE35X1003,40,2026-10-01,1499
1004,MEGA59X1004,30,2027-07-23,1999
1005,GET60X1005,20,2026-10-10,1999
1006,GET35NOW1006,30,2027-06-21,2999
1007,MEGA90X1007,25,2027-07-01,2999
1008,OFF55X1008,20,2026-03-17,0
1009,FLAT651009,50,2027-07-08,2999
1010,SUPER29NOW1010,5,2026-06-02,499
1011,MEGA43PLUS1011,20,2027-08-03,1999
1012,SUPER52X1012,30,2026-03-17,1499
1013,SUPER70NOW1013,10,2026-07-10,199
1014,SUPER531014,10,2027-06-25,1499
1015,MEGA34PLUS1015,25,2026-07-20,999
1016,OFF861016,40,2026-04-12,1999
1017,MEGA27PLUS1017,40,2026-10-11,199
1018,OFF25NOW1018,30,2026-08-07,299
1019,GET581019,5,2026-07-08,499
1020,SAVE46PLUS1020,25,2026-12-14,1999
1021,SUPER61PLUS1021,25,2027-02-17,1999
1022,OFF74NOW1022,50,2026-08-21,2999
1023,GET16X1023,20,2027-03-19,2999
1024,FLAT69NOW1024,30,2026-02-02,1499
1025,OFF43NOW1025,30,2026-10-01,1999
1026,FLAT491026,15,2026-10-10,499
1027,OFF44PLUS1027,25,2026-12-31,1999
1028,DEAL28PLUS1028,10,2026-03-02,0
1029,OFF77NOW1029,40,2027-01-06,1499
1030,GET11PLUS1030,5,2027-01-14,2999
1031,OFF44NOW1031,10,2026-06-11,999
1032,SAVE291032,20,2026-11-27,1999
1033,GET46PLUS1033,15,2026-10-28,499
1034,MEGA50NOW1034,15,2026-12-20,299
1035,OFF81X1035,15,2027-06-14,499
1036,MEGA67NOW1036,40,2027-01-03,199
1037,SAVE20PLUS1037,15,2026-06-02,299
1038,MEGA701038,30,2026-07-29,499
1039,FLAT44X1039,30,2026-08-26,1499
1040,SUPER84NOW1040,40,2026-04-20,2999
1041,OFF54PLUS1041,25,2026-08-30,199
1042,MEGA14X1042,15,2027-01-16,1499
1043,SUPER831043,30,2027-03-18,1999
1044,MEGA82PLUS1044,25,2026-03-02,999
1045,DEAL47X1045,10,2026-12-17,299
1046,SAVE53PLUS1046,20,2026-11-09,299
1047,SAVE56PLUS1047,25,2026-02-27,2999
1048,FLAT42NOW1048,20,2026-08-08,1999
1049,FLAT73X1049,30,2027-03-21,1499
1050,OFF61NOW1050,15,2027-03-31,299
1051,GET81X1051,5,2027-06-27,0
1052,MEGA751052,15,2026-05-10,1999
1053,MEGA561053,10,2027-04-13,0
1054,FLAT67NOW1054,30,2026-12-18,299
1055,FLAT441055,10,2026-12-25,1999
1056,OFF27NOW1056,30,2026-05-07,199
1057,OFF68NOW1057,25,2027-08-04,499
1058,SUPER66X1058,50,2026-01-12,199
1059,SUPER661059,5,2027-08-01,499
1060,DEAL741060,20,2027-05-20,2999
1061,DEAL23PLUS1061,10,2026-10-11,2999
1062,DEAL171062,15,2027-01-07,199
1063,FLAT12X1063,5,2026-04-19,1999
1064,OFF501064,15,2027-03-24,1499
1065,OFF37NOW1065,40,2026-11-05,0
1066,OFF53PLUS1066,20,2026-04-21,199
1067,FLAT87PLUS1067,25,2027-01-09,1999
1068,MEGA491068,10,2027-02-23,199
1069,GET46X1069,5,2026-05-19,499
1070,SUPER31NOW1070,5,2027-04-02,0
1071,SUPER52NOW1071,25,2026-09-30,299
1072,MEGA80X1072,5,2026-09-02,299
1073,FLAT291073,5,2027-06-10,999
1074,SAVE191074,50,2027-02-10,299
1075,SAVE78X1075,50,2026-05-24,2999
1076,OFF62X1076,25,2026-06-23,0
1077,SUPER19PLUS1077,15,2027-04-06,1499
1078,DEAL44X1078,20,2027-07-30,1499
1079,DEAL771079,40,2027-03-06,1499
1080,MEGA69PLUS1080,15,2027-01-19,2999
1081,SAVE55X1081,25,2026-12-18,999
1082,SAVE62X1082,10,2026-07-06,1999
1083,DEAL35X1083,10,2027-03-21,1499
1084,GET21X1084,20,2026-04-14,2999
1085,SAVE44NOW1085,10,2026-06-26,999
1086,DEAL17PLUS1086,30,2026-02-04,1999
1087,DEAL191087,10,2026-08-22,2999
1088,DEAL68X1088,10,2027-05-30,1999
1089,SUPER89X1089,20,2027-06-24,2999
1090,DEAL63X1090,5,2026-09-01,999
1091,MEGA421091,25,2026-06-06,2999
1092,MEGA501092,25,2026-01-27,199
1093,SUPER53PLUS1093,25,2026-02-23,299
1094,SAVE561094,20,2026-06-30,499
1095,GET201095,10,2027-01-03,1999
1096,SAVE52PLUS1096,30,2026-12-11,2999
1097,DEAL371097,10,2026-03-15,1999
1098,MEGA131098,15,2026-12-08,199
1099,SUPER711099,25,2026-02-06,299
1100,OFF85NOW1100,25,2027-02-04,1499
1101,SAVE86PLUS1101,10,2026-10-10,1499
1102,DEAL711102,50,2026-09-05,499
1103,OFF56X1103,20,2026-04-08,1499
1104,SUPER88NOW1104,40,2027-04-07,2999
1105,OFF75PLUS1105,25,2027-06-28,1999
1106,SAVE11X1106,50,2027-04-13,2999
1107,DEAL81NOW1107,25,2026-07-05,0
1108,SUPER171108,50,2026-06-18,1999
1109,SUPER51X1109,10,2026-09-29,499
1110,MEGA12NOW1110,50,2027-07-14,2999
1111,OFF35PLUS1111,10,2026-02-01,1999
1112,OFF29X1112,25,2026-02-03,199
1113,MEGA271113,30,2027-06-02,1999
1114,SAVE58X1114,50,2026-01-01,499
1115,SUPER18NOW1115,50,2026-11-09,0
1116,SAVE49X1116,50,2027-04-21,0
1117,GET27PLUS1117,10,2026-11-18,999
1118,SAVE56X1118,30,2026-06-16,499
1119,DEAL71PLUS1119,40,2027-03-22,0
1120,DEAL45NOW1120,20,2027-01-15,1999
1121,OFF49X1121,20,2027-07-21,299
1122,OFF52NOW1122,10,2026-04-09,199
1123,MEGA551123,10,2027-06-30,0
1124,MEGA491124,25,2026-09-21,0
1125,DEAL43X1125,50,2027-04-03,199
1126,DEAL46PLUS1126,30,2026-06-23,999
1127,GET15NOW1127,40,2027-05-11,499
1128,SUPER81X1128,15,2026-11-04,199
1129,MEGA15NOW1129,10,2026-08-06,499
1130,MEGA52X1130,30,2027-03-17,1499
1131,OFF72X1131,50,2027-01-24,0
1132,FLAT32PLUS1132,5,2026-04-14,1499
1133,FLAT891133,20,2027-02-19,1499
1134,GET84NOW1134,40,2026-09-03,999
1135,MEGA58NOW1135,30,2026-03-26,499
1136,FLAT42X1136,5,2027-01-17,299
1137,DEAL16X1137,20,2026-09-18,0
1138,GET70X1138,10,2026-08-13,499
1139,SAVE43X1139,15,2026-10-07,1499
1140,SUPER491140,50,2026-03-17,1499
1141,DEAL17X1141,20,2027-04-01,199
1142,SAVE44NOW1142,30,2026-03-10,499
1143,GET64NOW1143,40,2026-06-28,2999
1144,DEAL17NOW1144,5,2027-02-15,0
1145,FLAT51NOW1145,20,2027-03-26,499
1146,SUPER30PLUS1146,25,2026-09-20,199
1147,GET20NOW1147,25,2027-05-09,299
1148,OFF68PLUS1148,15,2027-06-30,0
1149,OFF50X1149,5,2026-06-09,2999
1150,GET56PLUS1150,20,2026-05-29,299
1151,GET411151,10,2026-10-06,1499
1152,DEAL82X1152,5,2026-11-03,1499
1153,OFF29NOW1153,10,2027-05-27,499
1154,SUPER89NOW1154,15,2026-02-05,199
1155,OFF18NOW1155,20,2027-01-07,999
1156,SUPER86X1156,10,2026-04-03,299
1157,OFF12X1157,30,2026-12-22,1499
1158,SAVE75PLUS1158,40,2026-01-06,999
1159,SUPER14NOW1159,5,2026-06-21,999
1160,OFF79NOW1160,40,2026-01-12,499
1161,DEAL21X1161,5,2026-01-18,199
1162,MEGA54X1162,20,2026-01-18,1999
1163,SUPER70PLUS1163,10,2026-06-29,999
1164,GET74NOW1164,25,2026-02-05,299
1165,SUPER811165,10,2027-02-20,999
1166,OFF32PLUS1166,5,2027-01-29,999
1167,DEAL461167,40,2026-01-06,2999
1168,GET581168,20,2027-05-04,299
1169,GET44NOW1169,15,2026-12-02,2999
1170,FLAT88PLUS1170,10,2026-11-21,1999
1171,OFF62PLUS1171,25,2026-12-25,999
1172,DEAL171172,10,2026-01-22,1499
1173,OFF66PLUS1173,40,2026-06-22,0
1174,SUPER47PLUS1174,25,2026-05-10,999
1175,GET36PLUS1175,30,2026-06-09,2999
1176,DEAL22PLUS1176,10,2026-02-15,999
1177,FLAT75X1177,40,2027-02-13,1499
1178,GET70X1178,50,2026-08-03,2999
1179,MEGA17NOW1179,40,2026-10-10,2999
1180,FLAT661180,30,2027-07-06,0
1181,SUPER40NOW1181,25,2026-07-26,2999
1182,SUPER77X1182,50,2027-02-20,1999
1183,GET24X1183,5,2026-09-30,499
1184,MEGA25NOW1184,10,2027-06-03,1499
1185,SAVE56X1185,40,2026-01-29,999
1186,OFF25PLUS1186,10,2027-04-18,999
1187,DEAL12PLUS1187,5,2026-10-03,299
1188,GET55X1188,20,2026-11-17,1499
1189,GET251189,20,2027-01-30,499
1190,DEAL441190,15,2026-01-03,499
1191,DEAL78NOW1191,15,2026-03-03,999
1192,SUPER85PLUS1192,30,2027-03-23,1999
1193,SAVE101193,30,2027-05-19,1499
1194,MEGA12PLUS1194,20,2027-04-25,0
1195,GET29NOW1195,5,2026-08-08,299
1196,SUPER72X1196,50,2027-02-05,1999
1197,GET10PLUS1197,25,2027-05-25,2999
1198,OFF34PLUS1198,50,2026-12-28,999
1199,FLAT29X1199,40,2027-02-05,2999
1200,GET86PLUS1200,50,2026-03-13,199
1201,SUPER63NOW1201,25,2026-05-26,499
1202,MEGA50PLUS1202,30,2027-03-03,2999
1203,DEAL44PLUS1203,25,2027-05-27,2999
1204,SUPER46X1204,50,2026-11-27,1499
1205,DEAL27PLUS1205,10,2027-07-19,199
1206,GET29X1206,15,2026-05-15,0
1207,SUPER49PLUS1207,20,2027-03-18,2999
1208,FLAT90NOW1208,30,2026-05-06,2999
1209,MEGA37NOW1209,5,2026-11-27,0
1210,DEAL65PLUS1210,10,2027-04-17,0
1211,MEGA161211,20,2027-06-20,1999
1212,SUPER731212,30,2026-04-29,1499
1213,DEAL411213,15,2026-08-13,1999
1214,DEAL681214,20,2027-04-18,1999
1215,SAVE52PLUS1215,50,2027-01-18,0
1216,GET621216,30,2027-04-20,1499
1217,DEAL51PLUS1217,30,2026-05-28,2999
1218,SUPER32PLUS1218,15,2027-05-30,299
1219,FLAT21NOW1219,25,2027-04-02,2999
1220,OFF26NOW1220,30,2026-06-09,1499
1221,MEGA63NOW1221,20,2026-06-28,1499
1222,OFF36X1222,25,2026-11-09,2999
1223,DEAL251223,50,2026-08-08,1499
1224,DEAL54PLUS1224,50,2027-02-04,499
1225,SUPER691225,30,2027-01-20,2999
1226,MEGA45NOW1226,30,2026-11-25,499
1227,OFF57NOW1227,40,2027-01-18,0
1228,OFF821228,10,2026-10-16,1499
1229,SAVE561229,15,2026-04-22,299
1230,SUPER191230,30,2027-01-23,1499
1231,FLAT54NOW1231,30,2026-09-06,0
1232,FLAT351232,5,2026-07-04,2999
1233,GET471233,15,2027-01-29,199
1234,MEGA69PLUS1234,5,2026-01-15,199
1235,OFF27X1235,50,2027-03-17,2999
1236,OFF26X1236,25,2026-05-22,0
1237,SUPER61PLUS1237,25,2026-06-26,2999
1238,OFF371238,20,2027-01-25,299
1239,FLAT32NOW1239,50,2027-02-21,1499
1240,MEGA14NOW1240,40,2026-06-25,2999
1241,OFF441241,25,2026-06-18,999
1242,FLAT35NOW1242,25,2026-12-28,2999
1243,FLAT85PLUS1243,50,2027-03-13,1499
1244,OFF24NOW1244,20,2026-12-30,0
1245,GET83X1245,50,2026-09-26,1999
1246,MEGA28PLUS1246,40,2027-03-30,299
1247,OFF48PLUS1247,10,2027-05-04,1999
1248,SAVE261248,5,2027-07-05,2999
1249,SUPER30PLUS1249,25,2026-06-12,999
1250,FLAT73NOW1250,20,2026-06-01,1499
1251,MEGA251251,20,2026-01-20,2999
1252,FLAT76PLUS1252,5,2026-09-26,1499
1253,OFF17NOW1253,30,2026-12-04,299
1254,MEGA30X1254,30,2026-01-09,199
1255,SAVE51PLUS1255,40,2027-07-02,499
1256,SUPER72PLUS1256,25,2027-02-23,299
1257,SAVE27X1257,10,2027-06-19,199
1258,SAVE621258,40,2026-09-14,1499
1259,SUPER82X1259,5,2027-06-23,499
1260,SAVE49NOW1260,5,2026-10-09,1499
1261,SUPER641261,5,2026-03-25,0
1262,DEAL89X1262,30,2027-08-09,2999
1263,FLAT41NOW1263,25,2026-02-13,2999
1264,SUPER69NOW1264,5,2027-05-22,1499
1265,FLAT361265,40,2026-01-12,1499
1266,OFF51NOW1266,40,2026-03-26,499
1267,SAVE40X1267,20,2027-02-27,499
1268,MEGA71NOW1268,15,2026-09-02,2999
1269,GET36NOW1269,15,2026-12-22,499
1270,FLAT38NOW1270,15,2026-02-09,199
1271,SUPER801271,5,2026-05-15,199
1272,SAVE60NOW1272,40,2026-11-16,999
1273,DEAL811273,20,2026-02-05,999
1274,OFF69NOW1274,15,2026-01-21,1999
1275,SUPER59X1275,20,2027-01-23,999
1276,OFF24X1276,40,2027-08-09,2999
1277,FLAT47NOW1277,15,2026-11-01,1499
1278,GET43X1278,10,2026-04-12,1999
1279,SUPER721279,15,2026-10-02,1999
1280,SUPER17X1280,40,2026-09-13,2999
1281,SUPER72PLUS1281,40,2027-06-28,2999
1282,DEAL181282,10,2026-08-26,0
1283,DEAL71PLUS1283,25,2027-07-04,499
1284,SAVE881284,30,2026-06-01,1999
1285,OFF511285,15,2026-06-12,0
1286,OFF56X1286,15,2026-11-20,2999
1287,MEGA27NOW1287,20,2027-03-26,999
1288,FLAT381288,20,2026-02-25,2999
1289,MEGA54NOW1289,50,2027-05-11,499
1290,GET581290,40,2027-05-22,2999
1291,FLAT14NOW1291,50,2026-07-07,1499
1292,SUPER731292,30,2027-05-12,2999
1293,OFF78NOW1293,30,2026-05-01,999
1294,OFF52X1294,15,2027-07-14,1499
1295,FLAT45X1295,15,2026-06-12,1499
1296,DEAL72NOW1296,20,2026-10-01,999
1297,SUPER65PLUS1297,40,2026-12-14,499
1298,SUPER50NOW1298,20,2026-12-19,0
1299,MEGA43X1299,5,2026-01-27,0
1300,SUPER57X1300,15,2027-04-10,299
1301,OFF861301,5,2026-11-03,999
1302,SAVE56PLUS1302,20,2027-03-25,299
1303,SAVE51NOW1303,50,2026-10-17,1999
1304,OFF28X1304,20,2027-08-07,2999
1305,SUPER59PLUS1305,5,2026-12-18,199
1306,DEAL86NOW1306,5,2027-02-28,999
1307,OFF16NOW1307,50,2027-07-28,199
1308,DEAL731308,15,2027-02-22,499
1309,MEGA14PLUS1309,10,2027-01-04,0
1310,SUPER551310,50,2026-12-21,499
1311,DEAL49PLUS1311,10,2026-12-15,499
1312,FLAT60PLUS1312,30,2026-05-13,199
1313,MEGA39X1313,30,2027-02-01,199
1314,SUPER18X1314,5,2027-02-15,2999
1315,GET53X1315,50,2026-07-03,499
1316,OFF83NOW1316,10,2026-06-04,1999
1317,OFF12NOW1317,50,2026-11-25,499
1318,MEGA12NOW1318,15,2026-12-04,499
1319,SUPER42X1319,5,2026-03-06,0
1320,SAVE84PLUS1320,40,2027-01-13,299
1321,OFF28NOW1321,20,2026-12-24,0
1322,FLAT26PLUS1322,30,2027-05-07,999
1323,FLAT19NOW1323,50,2026-10-26,2999
1324,OFF44PLUS1324,40,2026-10-15,199
1325,FLAT82X1325,15,2027-05-31,499
1326,GET74NOW1326,20,2027-03-11,1999
1327,OFF651327,50,2026-11-22,999
1328,SAVE48NOW1328,40,2026-05-12,499
1329,OFF311329,5,2026-04-27,499
1330,SUPER29X1330,5,2026-12-12,0
1331,OFF77PLUS1331,20,2027-07-27,999
1332,SUPER39PLUS1332,15,2026-09-11,1499
1333,SUPER59NOW1333,40,2026-05-30,199
1334,FLAT14X1334,25,2027-08-03,1999
1335,GET56NOW1335,30,2027-04-23,2999
1336,DEAL42X1336,30,2026-03-04,199
1337,MEGA67PLUS1337,10,2026-04-10,499
1338,DEAL11NOW1338,30,2026-09-02,299
1339,MEGA18PLUS1339,10,2026-11-04,299
1340,FLAT75PLUS1340,10,2027-01-18,0
1341,FLAT58PLUS1341,20,2026-12-15,199
1342,DEAL78PLUS1342,40,2027-05-17,2999
1343,SUPER41X1343,20,2026-08-27,0
1344,SAVE281344,10,2026-11-20,199
1345,DEAL37NOW1345,15,2026-09-14,199
1346,SAVE55PLUS1346,25,2027-04-17,999
1347,SAVE19NOW1347,30,2026-01-02,499
1348,FLAT48PLUS1348,30,2027-03-28,299
1349,SUPER16NOW1349,15,2027-04-05,2999
1350,DEAL231350,50,2026-04-14,0
1351,OFF33PLUS1351,15,2026-05-08,499
1352,OFF63NOW1352,5,2026-09-28,299
1353,GET74NOW1353,25,2026-04-01,499
1354,GET45NOW1354,5,2026-01-01,0
1355,MEGA14NOW1355,50,2027-06-04,999
1356,OFF42NOW1356,30,2027-05-19,299
1357,SAVE28PLUS1357,15,2026-12-05,0
1358,SUPER831358,40,2027-04-04,499
1359,SUPER18X1359,5,2027-04-04,1499
1360,MEGA64NOW1360,5,2026-02-14,1499
1361,FLAT45NOW1361,15,2027-03-29,1999
1362,SUPER48NOW1362,15,2026-09-07,1499
1363,FLAT641363,20,2026-09-25,999
1364,FLAT47X1364,30,2026-01-15,2999
1365,OFF50PLUS1365,10,2026-05-05,499
1366,SUPER32X1366,40,2027-03-15,999
1367,SAVE29NOW1367,50,2026-04-05,499
1368,MEGA581368,50,2026-02-01,1499
1369,SUPER33X1369,30,2026-09-08,1999
1370,GET28NOW1370,5,2026-10-12,499
1371,OFF13PLUS1371,40,2027-03-23,1999
1372,GET61NOW1372,30,2026-01-15,1999
1373,SAVE661373,25,2026-06-27,499
1374,MEGA69PLUS1374,20,2027-08-05,1999
1375,MEGA24X1375,50,2027-06-16,1499
1376,SUPER55X1376,5,2027-03-24,499
1377,SAVE22PLUS1377,50,2026-05-26,0
1378,SAVE15NOW1378,40,2026-11-15,499
1379,SAVE701379,10,2027-02-03,299
1380,MEGA441380,20,2026-07-18,999
1381,OFF81NOW1381,30,2027-05-30,999
1382,SAVE381382,50,2027-05-01,0
1383,OFF58X1383,25,2027-03-13,299
1384,FLAT311384,10,2027-07-31,199
1385,FLAT75NOW1385,15,2026-12-19,0
1386,OFF57PLUS1386,15,2026-05-08,199
1387,SUPER491387,10,2027-05-22,499
1388,DEAL41X1388,40,2026-06-20,999
1389,OFF651389,15,2026-06-03,999
1390,OFF771390,50,2026-06-18,299
1391,OFF45NOW1391,10,2027-01-04,1499
1392,OFF42NOW1392,5,2026-09-01,1999
1393,SAVE63X1393,15,2026-07-26,499
1394,DEAL32NOW1394,30,2026-02-16,1499
1395,DEAL75X1395,15,2027-01-29,0
1396,SAVE78X1396,20,2026-06-13,1499
1397,SAVE10PLUS1397,25,2027-01-04,999
1398,GET54PLUS1398,30,2026-07-30,199
1399,OFF43PLUS1399,15,2026-04-14,499
1400,MEGA511400,10,2026-05-13,199
1401,SUPER53PLUS1401,15,2026-01-12,1499
1402,MEGA13X1402,20,2026-08-07,999
1403,DEAL111403,25,2026-02-18,1999
1404,MEGA25NOW1404,10,2027-08-06,499
1405,FLAT28NOW1405,30,2026-01-29,0
1406,MEGA701406,10,2026-06-28,0
1407,SAVE52NOW1407,15,2026-10-21,1999
1408,MEGA69X1408,10,2026-09-10,999
1409,SAVE66NOW1409,5,2026-03-29,299
1410,OFF531410,30,2026-10-13,1499
1411,FLAT34X1411,15,2026-06-15,0
1412,MEGA681412,20,2026-11-06,999
1413,FLAT41PLUS1413,15,2026-03-10,0
1414,OFF131414,50,2026-04-22,499
1415,DEAL27PLUS1415,50,2026-07-05,1499
1416,DEAL68NOW1416,10,2027-04-11,0
1417,MEGA431417,15,2027-05-09,999
1418,DEAL19NOW1418,5,2026-07-29,1499
1419,MEGA291419,5,2026-02-25,999
1420,SUPER43X1420,40,2027-08-06,499
1421,SAVE311421,15,2026-05-03,2999
1422,MEGA281422,20,2027-01-19,999
1423,SAVE65X1423,5,2026-12-10,2999
1424,OFF641424,20,2026-03-10,0
1425,OFF73PLUS1425,30,2027-05-28,0
1426,GET26PLUS1426,10,2026-08-03,1499
1427,SUPER51NOW1427,30,2027-05-01,199
1428,FLAT23X1428,40,2026-01-26,1999
1429,FLAT601429,25,2026-03-27,999
1430,MEGA15X1430,5,2026-06-11,499
1431,SAVE861431,20,2026-08-24,0
1432,OFF79PLUS1432,15,2026-08-12,0
1433,DEAL20PLUS1433,50,2027-01-20,0
1434,SUPER21NOW1434,40,2026-11-02,199
1435,MEGA231435,30,2026-07-06,299
1436,OFF34X1436,30,2026-12-06,999
1437,MEGA59PLUS1437,50,2027-03-26,1499
1438,MEGA46PLUS1438,40,2026-12-24,2999
1439,SUPER52X1439,40,2027-01-06,999
1440,GET15X1440,5,2026-09-29,0
1441,FLAT59X1441,10,2027-02-21,299
1442,MEGA19PLUS1442,25,2026-06-30,1499
1443,SAVE86X1443,30,2027-03-02,0
1444,SUPER16X1444,10,2026-03-17,1499
1445,GET891445,50,2027-03-15,499
1446,SAVE61X1446,50,2026-12-07,1499
1447,MEGA34X1447,50,2026-01-15,499
1448,DEAL44NOW1448,25,2027-08-06,199
1449,MEGA72X1449,15,2026-05-01,999
1450,MEGA811450,10,2026-12-15,299
1451,FLAT31NOW1451,10,2026-08-25,2999
1452,DEAL53PLUS1452,10,2027-07-07,0
1453,SAVE291453,5,2026-08-22,1499
1454,MEGA70NOW1454,20,2027-05-03,1499
1455,SUPER64NOW1455,15,2026-03-31,1999
1456,GET28X1456,5,2027-03-30,0
1457,DEAL40NOW1457,10,2027-04-24,1499
1458,MEGA871458,30,2026-12-08,299
1459,MEGA39X1459,40,2026-01-14,199
1460,SAVE74X1460,15,2027-03-02,1499
1461,FLAT37NOW1461,30,2026-12-08,1499
1462,MEGA35X1462,20,2026-03-02,1999
1463,SUPER13X1463,25,2026-01-11,1999
1464,FLAT731464,40,2026-03-21,2999
1465,DEAL471465,5,2026-09-08,0
1466,SUPER61PLUS1466,15,2027-01-16,1999
1467,GET11X1467,30,2026-05-06,299
1468,OFF12PLUS1468,15,2026-08-11,299
1469,DEAL39NOW1469,25,2027-02-06,999
1470,DEAL53PLUS1470,10,2027-02-25,0
1471,DEAL88X1471,15,2026-11-18,2999
1472,MEGA581472,20,2026-09-24,0
1473,SAVE10NOW1473,15,2026-11-19,299
1474,DEAL65NOW1474,5,2026-01-30,2999
1475,OFF55PLUS1475,50,2026-12-13,299
1476,FLAT16X1476,20,2026-05-09,1499
1477,FLAT64PLUS1477,50,2026-06-10,0
1478,DEAL51NOW1478,40,2026-03-14,499
1479,FLAT21X1479,15,2026-06-06,999
1480,SAVE55PLUS1480,50,2027-03-16,999
1481,FLAT47PLUS1481,15,2027-04-18,0
1482,GET72X1482,25,2026-11-06,1499
1483,FLAT55NOW1483,50,2027-02-23,499
1484,SAVE35NOW1484,50,2026-11-13,1499
1485,OFF71PLUS1485,15,2027-04-09,499
1486,SAVE59PLUS1486,40,2026-01-26,499
1487,GET21X1487,15,2027-02-04,199
1488,DEAL351488,15,2026-01-08,199
1489,DEAL421489,20,2026-06-13,499
1490,DEAL74X1490,15,2026-04-22,0
1491,SUPER40X1491,20,2026-01-15,199
1492,MEGA19NOW1492,5,2026-12-25,1999
1493,FLAT84NOW1493,25,2026-10-09,0
1494,FLAT50PLUS1494,25,2026-06-03,2999
1495,MEGA76PLUS1495,40,2026-12-17,2999
1496,SUPER29PLUS1496,25,2026-04-09,1999
1497,SUPER55NOW1497,10,2026-04-16,999
1498,MEGA661498,20,2027-04-28,2999
1499,FLAT891499,30,2026-04-01,299
1500,SUPER651500,5,2027-05-24,999
1501,DEAL28X1501,40,2027-05-20,2999
1502,FLAT881502,5,2026-06-01,299
1503,DEAL33X1503,10,2026-12-28,299
1504,SUPER74PLUS1504,40,2027-05-06,999
1505,MEGA86X1505,40,2026-09-12,999
1506,MEGA88X1506,30,2026-08-03,999
1507,GET14NOW1507,25,2026-08-24,199
1508,SAVE78X1508,5,2027-02-10,1999
1509,FLAT18X1509,10,2026-07-20,1499
1510,FLAT58X1510,20,2027-04-22,1999
1511,OFF461511,10,2026-07-26,499
1512,SUPER89X1512,10,2027-06-12,1999
1513,OFF36NOW1513,25,2026-07-14,1999
1514,OFF32X1514,50,2026-05-29,299
1515,MEGA63PLUS1515,50,2026-12-05,499
1516,GET33X1516,30,2026-01-23,499
1517,SAVE26NOW1517,50,2027-05-16,299
1518,MEGA44NOW1518,5,2027-03-01,999
1519,SAVE70X1519,5,2027-02-09,499
1520,FLAT82X1520,15,2027-03-15,999
1521,GET27X1521,15,2026-02-17,0
1522,SUPER86NOW1522,50,2026-04-19,199
1523,FLAT481523,10,2026-01-07,2999
1524,OFF581524,20,2027-01-18,999
1525,SUPER35PLUS1525,20,2026-04-02,1499
1526,MEGA84X1526,30,2026-10-04,0
1527,OFF46PLUS1527,25,2026-07-18,199
1528,MEGA41X1528,5,2026-10-10,199
1529,OFF48PLUS1529,30,2026-05-21,199
1530,FLAT69X1530,50,2026-10-17,1499
1531,GET64PLUS1531,25,2027-03-03,199
1532,DEAL64NOW1532,20,2026-06-25,999
1533,FLAT64PLUS1533,25,2026-02-01,2999
1534,MEGA87PLUS1534,40,2026-03-11,199
1535,GET41NOW1535,10,2027-05-18,0
1536,SAVE46NOW1536,30,2026-01-02,0
1537,MEGA621537,25,2026-11-25,499
1538,FLAT13PLUS1538,25,2026-12-11,299
1539,SAVE49X1539,40,2026-02-24,199
1540,GET51PLUS1540,25,2027-03-16,1499
1541,SAVE18X1541,10,2026-07-19,299
1542,GET52PLUS1542,50,2026-12-15,1499
1543,GET89NOW1543,10,2027-04-10,499
1544,OFF501544,20,2027-04-11,1499
1545,MEGA59X1545,5,2026-09-08,0
1546,FLAT411546,40,2026-02-06,1499
1547,OFF32X1547,25,2026-03-03,1999
1548,MEGA75X1548,5,2027-05-09,1999
1549,MEGA79NOW1549,10,2027-01-25,1499
1550,MEGA51PLUS1550,20,2026-08-16,1499
1551,SUPER38X1551,30,2026-08-02,0
1552,SUPER89PLUS1552,30,2026-10-14,499
1553,SAVE87X1553,30,2026-12-30,499
1554,DEAL72X1554,10,2027-03-03,0
1555,MEGA77PLUS1555,30,2026-10-29,1999
1556,MEGA76NOW1556,10,2026-10-04,1499
1557,OFF141557,25,2026-12-21,199
1558,OFF49X1558,5,2027-04-20,199
1559,DEAL12X1559,10,2026-11-08,999
1560,SUPER461560,15,2026-10-28,0
1561,FLAT231561,15,2027-04-22,0
1562,DEAL20NOW1562,40,2026-10-30,2999
1563,OFF47NOW1563,25,2026-05-08,499
1564,SUPER73NOW1564,40,2027-05-31,199
1565,SUPER36PLUS1565,15,2026-08-27,1999
1566,DEAL27PLUS1566,15,2026-06-07,0
1567,OFF23X1567,10,2026-09-12,1499
1568,FLAT78X1568,15,2026-07-05,0
1569,SAVE73NOW1569,15,2026-04-09,1499
1570,DEAL40NOW1570,30,2026-03-31,299
1571,DEAL68NOW1571,25,2027-04-13,0
1572,MEGA73X1572,30,2026-01-08,499
1573,MEGA59NOW1573,15,2027-07-12,1499
1574,OFF661574,10,2026-01-18,0
1575,DEAL79PLUS1575,30,2027-07-14,199
1576,SAVE731576,15,2027-03-24,199
1577,GET40NOW1577,15,2026-01-24,199
1578,SUPER82PLUS1578,10,2026-03-05,299
1579,DEAL34PLUS1579,15,2027-04-08,199
1580,FLAT351580,50,2027-03-08,1999
1581,OFF121581,5,2026-10-05,1999
1582,GET501582,10,2026-12-17,1999
1583,SUPER791583,10,2027-01-31,299
1584,FLAT81PLUS1584,50,2026-09-25,999
1585,MEGA79X1585,25,2026-04-22,1999
1586,OFF30X1586,40,2026-01-21,299
1587,GET80X1587,20,2026-08-25,0
1588,FLAT381588,15,2026-11-12,299
1589,MEGA37X1589,10,2026-09-30,299
1590,DEAL341590,20,2026-08-24,299
1591,SAVE77X1591,25,2026-12-29,499
1592,SUPER15PLUS1592,5,2026-12-09,1999
1593,FLAT90PLUS1593,50,2026-01-29,1999
1594,MEGA211594,15,2026-01-28,2999
1595,SAVE541595,15,2027-01-17,1999
1596,SAVE11X1596,50,2027-02-05,1499
1597,FLAT28X1597,5,2027-05-25,299
1598,SUPER401598,30,2027-04-30,2999
1599,FLAT211599,20,2026-02-17,299
1600,MEGA56NOW1600,25,2026-09-10,1499
1601,DEAL38X1601,25,2027-03-15,299
1602,FLAT27PLUS1602,50,2026-03-03,499
1603,SAVE281603,25,2026-05-02,299
1604,SAVE57PLUS1604,15,2026-01-17,499
1605,MEGA11PLUS1605,15,2026-02-20,1999
1606,OFF64NOW1606,40,2026-07-03,1999
1607,SUPER13X1607,50,2026-11-08,1999
1608,SAVE151608,15,2026-02-04,1999
1609,SUPER38NOW1609,15,2027-04-05,999
1610,SUPER18X1610,5,2026-06-29,0
1611,MEGA90X1611,5,2026-05-31,2999
1612,FLAT471612,25,2027-01-15,499
1613,MEGA51PLUS1613,20,2027-05-06,1999
1614,SUPER32X1614,5,2026-09-15,1999
1615,FLAT38X1615,5,2027-06-07,299
1616,FLAT20PLUS1616,25,2027-01-29,199
1617,DEAL55PLUS1617,25,2026-07-04,0
1618,SUPER251618,15,2027-01-26,999
1619,MEGA89PLUS1619,15,2026-12-29,0
1620,GET42X1620,40,2026-01-24,299
1621,SAVE59X1621,15,2026-08-13,1499
1622,DEAL49X1622,50,2026-12-25,2999
1623,DEAL30X1623,30,2027-04-02,999
1624,DEAL13PLUS1624,40,2026-01-30,1499
1625,GET871625,20,2026-01-07,1499
1626,DEAL35PLUS1626,40,2027-07-30,999
1627,SUPER45PLUS1627,10,2026-11-16,999
1628,MEGA30X1628,50,2027-02-01,499
1629,OFF39PLUS1629,10,2027-02-24,0
1630,SUPER76PLUS1630,50,2026-12-13,999
1631,OFF60X1631,10,2027-05-12,1999
1632,DEAL26NOW1632,25,2027-05-11,1499
1633,DEAL73PLUS1633,40,2026-06-18,199
1634,GET251634,30,2027-01-27,1499
1635,FLAT831635,30,2026-04-11,1499
1636,OFF60NOW1636,50,2027-04-05,299
1637,SUPER73X1637,10,2026-04-09,999
1638,SUPER901638,50,2026-11-15,999
1639,DEAL83X1639,20,2027-07-04,199
1640,OFF15X1640,15,2026-06-12,1999
1641,MEGA57PLUS1641,50,2026-03-29,299
1642,GET12NOW1642,5,2026-03-27,1499
1643,DEAL23X1643,30,2026-02-09,499
1644,OFF57X1644,5,2026-10-27,499
1645,OFF77NOW1645,25,2027-04-05,999
1646,SAVE17PLUS1646,10,2027-05-15,499
1647,MEGA191647,20,2027-01-05,299
1648,GET10PLUS1648,25,2027-03-21,1999
1649,MEGA16NOW1649,25,2026-07-31,1999
1650,GET14X1650,30,2026-02-16,2999
1651,FLAT711651,10,2026-09-28,999
1652,SUPER32PLUS1652,50,2026-12-26,199
1653,OFF61PLUS1653,20,2026-06-29,2999
1654,MEGA231654,15,2026-08-08,199
1655,OFF52PLUS1655,50,2026-07-02,299
1656,SUPER32NOW1656,15,2027-01-23,199
1657,SAVE48X1657,50,2027-02-09,499
1658,SUPER691658,30,2027-06-29,1499
1659,MEGA85PLUS1659,50,2027-06-29,499
1660,MEGA54NOW1660,10,2026-08-01,0
1661,SAVE67NOW1661,50,2026-05-07,999
1662,SUPER38NOW1662,5,2026-07-02,1999
1663,SAVE26NOW1663,10,2027-02-19,999
1664,OFF75NOW1664,15,2027-01-14,1999
1665,SAVE581665,40,2027-02-11,0
1666,OFF66X1666,40,2027-03-10,499
1667,SUPER181667,10,2027-07-29,199
1668,FLAT14NOW1668,30,2027-08-02,999
1669,OFF89X1669,50,2026-03-06,0
1670,SAVE90NOW1670,5,2027-02-11,0
1671,DEAL31PLUS1671,20,2027-02-22,299
1672,MEGA291672,40,2027-07-16,0
1673,FLAT40X1673,25,2027-07-23,1999
1674,DEAL701674,25,2026-06-02,0
1675,SUPER50PLUS1675,30,2026-05-17,499
1676,DEAL461676,5,2026-03-25,999
1677,OFF88PLUS1677,30,2027-06-08,499
1678,SAVE40X1678,40,2026-10-21,999
1679,OFF21PLUS1679,50,2026-02-11,199
1680,MEGA76PLUS1680,15,2027-03-12,199
1681,SAVE58X1681,30,2027-01-09,499
1682,FLAT75PLUS1682,40,2026-10-03,499
1683,SAVE281683,40,2026-05-18,0
1684,GET891684,30,2027-02-04,1499
1685,OFF381685,25,2027-01-29,499
1686,MEGA39X1686,50,2026-04-29,2999
1687,DEAL31NOW1687,15,2027-03-22,999
1688,DEAL70PLUS1688,10,2027-05-04,1999
1689,SAVE19X1689,50,2026-07-23,199
1690,OFF641690,25,2026-02-17,1499
1691,GET571691,50,2026-10-21,199
1692,GET441692,50,2026-02-24,299
1693,GET89PLUS1693,20,2027-04-23,999
1694,SAVE14PLUS1694,15,2027-04-06,999
1695,MEGA29NOW1695,50,2027-07-18,999
1696,MEGA54PLUS1696,40,2026-09-11,499
1697,GET631697,10,2026-02-01,1499
1698,FLAT39PLUS1698,20,2026-11-12,1999
1699,SUPER85PLUS1699,10,2026-04-07,0
1700,FLAT16PLUS1700,25,2026-09-14,999
1701,GET48X1701,40,2026-05-23,199
1702,SUPER821702,50,2027-02-03,1499
1703,GET47NOW1703,5,2026-06-20,1999
1704,FLAT60NOW1704,20,2026-02-13,1999
1705,OFF28NOW1705,30,2026-11-15,499
1706,FLAT65X1706,15,2026-01-07,2999
1707,OFF18PLUS1707,15,2027-06-10,0
1708,FLAT671708,25,2026-12-14,999
1709,SUPER41X1709,30,2026-07-30,299
1710,SAVE78X1710,5,2027-06-15,499
1711,SAVE34NOW1711,15,2026-07-27,1999
1712,SUPER31X1712,30,2027-05-03,0
1713,SAVE73NOW1713,20,2027-02-17,0
1714,SUPER75PLUS1714,15,2026-02-02,499
1715,SUPER321715,10,2026-11-18,199
1716,DEAL23PLUS1716,10,2027-07-10,1499
1717,FLAT30NOW1717,15,2026-02-26,1999
1718,OFF56NOW1718,50,2027-01-08,999
1719,MEGA17NOW1719,10,2026-10-12,499
1720,GET24PLUS1720,10,2027-01-24,199
1721,SUPER59NOW1721,40,2027-03-20,999
1722,MEGA21NOW1722,25,2026-11-03,499
1723,MEGA261723,5,2026-10-22,499
1724,OFF41NOW1724,20,2027-02-21,999
1725,OFF41X1725,15,2027-04-24,199
1726,FLAT371726,20,2026-01-05,199
1727,MEGA60PLUS1727,40,2026-07-03,999
1728,SUPER72NOW1728,20,2026-06-03,0
1729,SAVE381729,40,2026-11-14,1499
1730,GET69NOW1730,30,2027-07-20,299
1731,OFF41PLUS1731,30,2027-05-04,1999
1732,MEGA43PLUS1732,5,2026-04-14,299
1733,MEGA58PLUS1733,30,2026-10-06,499
1734,SAVE641734,15,2027-02-13,999
1735,DEAL11X1735,15,2027-03-19,0
1736,OFF14X1736,30,2026-10-15,1999
1737,GET65X1737,5,2026-10-22,0
1738,DEAL74X1738,20,2026-03-20,499
1739,FLAT411739,5,2027-06-12,999
1740,OFF75NOW1740,50,2027-01-04,1999
1741,MEGA81PLUS1741,40,2026-06-14,199
1742,MEGA21NOW1742,15,2027-03-19,999
1743,SAVE51X1743,40,2027-01-17,299
1744,OFF65X1744,20,2026-10-29,299
1745,FLAT77NOW1745,10,2026-12-29,0
1746,SAVE61NOW1746,10,2027-06-04,1999
1747,FLAT90PLUS1747,5,2026-07-19,1999
1748,SUPER34PLUS1748,20,2026-08-15,1499
1749,SUPER51PLUS1749,20,2027-06-08,1499
1750,MEGA19X1750,15,2026-03-24,499
1751,GET75X1751,50,2026-05-28,299
1752,OFF68NOW1752,5,2027-07-29,0
1753,SAVE80NOW1753,20,2026-04-24,299
1754,SUPER63PLUS1754,30,2027-06-03,199
1755,DEAL28PLUS1755,50,2027-05-09,1999
1756,OFF70NOW1756,10,2026-09-01,1999
1757,GET78X1757,5,2027-03-21,0
1758,SAVE18PLUS1758,30,2026-04-26,299
1759,MEGA48NOW1759,5,2026-09-29,499
1760,OFF59PLUS1760,30,2027-02-08,299
1761,SUPER67NOW1761,15,2027-07-11,499
1762,GET201762,50,2026-05-30,1499
1763,GET16NOW1763,20,2027-03-28,2999
1764,DEAL67NOW1764,20,2026-10-27,0
1765,SUPER17NOW1765,50,2027-05-22,1499
1766,GET68NOW1766,10,2027-06-21,299
1767,MEGA52X1767,40,2027-08-09,199
1768,DEAL29PLUS1768,20,2026-01-01,999
1769,MEGA41X1769,50,2027-05-19,1499
1770,OFF69X1770,10,2027-03-01,2999
1771,MEGA65PLUS1771,40,2027-05-15,1999
1772,SAVE36PLUS1772,50,2026-04-03,1499
1773,MEGA38PLUS1773,15,2026-09-03,299
1774,MEGA65X1774,25,2026-12-28,299
1775,DEAL54PLUS1775,5,2027-05-15,999
1776,SUPER14X1776,50,2027-08-04,499
1777,DEAL38NOW1777,25,2026-03-10,2999
1778,MEGA82NOW1778,40,2027-02-15,499
1779,FLAT62NOW1779,25,2026-01-18,0
1780,SUPER63X1780,20,2026-06-19,1999
1781,MEGA141781,10,2027-03-20,1499
1782,SAVE241782,30,2027-02-15,1999
1783,SUPER161783,20,2026-07-13,499
1784,FLAT54PLUS1784,10,2026-06-04,1999
1785,SAVE781785,10,2027-07-24,299
1786,SAVE681786,40,2026-07-29,299
1787,SAVE23PLUS1787,25,2026-01-24,1499
1788,MEGA10NOW1788,10,2027-03-10,1999
1789,MEGA25PLUS1789,15,2026-01-25,999
1790,DEAL47NOW1790,5,2026-12-30,299
1791,OFF67X1791,30,2027-04-26,999
1792,SUPER491792,30,2026-04-19,999
1793,SUPER61X1793,50,2026-01-02,299
1794,GET801794,25,2026-06-05,299
1795,FLAT82NOW1795,25,2027-01-11,999
1796,MEGA31PLUS1796,40,2027-06-05,999
1797,MEGA30X1797,25,2026-03-04,1999
1798,SUPER291798,10,2026-10-20,0
1799,SUPER891799,40,2026-04-19,499
1800,MEGA53PLUS1800,5,2026-11-28,999
1801,OFF67PLUS1801,40,2026-07-15,199
1802,SUPER45NOW1802,40,2027-03-30,499
1803,SUPER60NOW1803,25,2027-02-02,299
1804,MEGA74PLUS1804,5,2027-05-23,299
1805,FLAT66X1805,50,2026-10-31,199
1806,SUPER49PLUS1806,5,2026-02-17,199
1807,OFF48X1807,25,2027-02-08,499
1808,OFF82NOW1808,10,2027-03-09,0
1809,GET581809,40,2027-07-31,1999
1810,SAVE231810,40,2026-06-05,199
1811,GET53NOW1811,10,2027-01-30,2999
1812,OFF741812,50,2026-08-20,2999
1813,MEGA37X1813,10,2027-04-01,999
1814,GET66NOW1814,15,2026-10-16,0
1815,MEGA15NOW1815,25,2027-05-18,199
1816,OFF451816,25,2026-03-01,1499
1817,OFF28PLUS1817,15,2027-04-13,1999
1818,SAVE87PLUS1818,15,2026-05-18,299
1819,FLAT20X1819,40,2027-02-15,1999
1820,SUPER831820,15,2026-10-15,299
1821,GET89NOW1821,20,2026-09-16,0
1822,SAVE361822,50,2026-11-04,499
1823,GET711823,40,2026-09-16,499
1824,OFF731824,50,2027-02-25,1999
1825,SUPER21NOW1825,10,2026-01-06,1999
1826,OFF65X1826,50,2026-03-29,0
1827,OFF42NOW1827,50,2026-12-23,1499
1828,OFF37X1828,20,2026-08-29,1999
1829,SAVE19PLUS1829,30,2026-04-07,199
1830,SUPER78PLUS1830,25,2027-06-13,999
1831,FLAT69NOW1831,15,2026-09-16,499
1832,SAVE62NOW1832,50,2027-07-19,1499
1833,DEAL83X1833,30,2027-05-05,299
1834,DEAL361834,15,2026-09-20,199
1835,FLAT74X1835,40,2026-10-27,199
1836,FLAT83X1836,50,2027-07-15,0
1837,MEGA791837,20,2026-01-14,0
1838,OFF78X1838,30,2026-09-15,199
1839,DEAL60NOW1839,40,2027-05-06,2999
1840,DEAL75PLUS1840,10,2026-06-20,999
1841,OFF13X1841,20,2027-07-12,1499
1842,SUPER811842,5,2027-06-11,999
1843,GET76PLUS1843,5,2026-02-15,0
1844,FLAT71NOW1844,20,2026-03-10,2999
1845,GET14X1845,50,2026-02-04,299
1846,SUPER55NOW1846,25,2026-07-28,499
1847,FLAT51NOW1847,25,2026-08-10,199
1848,FLAT79PLUS1848,50,2026-03-21,1499
1849,OFF81X1849,15,2026-05-28,999
1850,GET33NOW1850,20,2027-07-16,499
1851,GET69NOW1851,25,2026-06-16,2999
1852,SAVE82NOW1852,5,2027-02-19,2999
1853,DEAL66NOW1853,50,2027-06-22,1499
1854,FLAT59PLUS1854,10,2026-01-04,199
1855,FLAT38X1855,50,2026-02-11,999
1856,SUPER66X1856,40,2026-08-07,999
1857,SUPER52NOW1857,50,2026-06-27,199
1858,FLAT561858,10,2026-12-02,999
1859,FLAT541859,25,2026-05-21,499
1860,SUPER411860,50,2027-08-01,999
1861,SUPER61X1861,20,2027-03-08,999
1862,GET68PLUS1862,50,2026-05-13,1999
1863,MEGA411863,10,2027-01-07,1499
1864,SUPER56X1864,20,2027-06-12,1499
1865,SAVE87PLUS1865,20,2026-04-02,299
1866,FLAT17PLUS1866,40,2027-04-15,199
1867,GET26X1867,15,2026-04-29,199
1868,DEAL16NOW1868,20,2027-06-22,199
1869,GET46PLUS1869,15,2027-03-30,199
1870,SUPER13X1870,25,2027-01-22,1499
1871,SAVE54NOW1871,5,2026-12-10,1999
1872,OFF841872,20,2027-04-01,1499
1873,DEAL591873,30,2027-07-05,1499
1874,GET55NOW1874,25,2026-09-19,0
1875,SUPER14NOW1875,30,2027-05-30,199
1876,OFF28NOW1876,50,2026-07-17,299
1877,OFF131877,10,2026-08-08,199
1878,SAVE501878,25,2027-08-01,0
1879,OFF71X1879,25,2026-07-15,1999
1880,GET45NOW1880,20,2026-08-04,499
1881,OFF381881,40,2026-01-22,0
1882,GET751882,30,2026-12-04,499
1883,SAVE87X1883,25,2027-05-20,299
1884,MEGA82PLUS1884,40,2026-09-27,1499
1885,DEAL801885,15,2027-03-31,999
1886,FLAT29PLUS1886,20,2027-05-01,2999
1887,MEGA55PLUS1887,15,2027-03-12,0
1888,OFF18NOW1888,20,2027-04-30,999
1889,FLAT54NOW1889,15,2026-03-27,199
1890,FLAT72NOW1890,50,2026-10-22,499
1891,SUPER41PLUS1891,40,2026-03-03,299
1892,DEAL56X1892,15,2026-01-21,999
1893,MEGA29X1893,30,2026-05-05,199
1894,SAVE44PLUS1894,20,2026-09-16,0
1895,SAVE351895,15,2026-06-21,0
1896,GET46X1896,20,2026-10-20,1999
1897,OFF441897,15,2027-04-23,0
1898,SUPER85X1898,50,2026-01-05,1499
1899,OFF74X1899,10,2026-05-23,1499
1900,MEGA13X1900,15,2026-07-04,2999
1901,FLAT36PLUS1901,40,2026-01-01,199
1902,GET59X1902,25,2027-08-07,999
1903,SAVE70PLUS1903,5,2026-07-20,999
1904,GET67X1904,20,2026-11-17,1999
1905,OFF60X1905,30,2026-11-30,1499
1906,OFF13PLUS1906,10,2027-03-15,499
1907,OFF17PLUS1907,15,2026-08-11,499
1908,OFF44PLUS1908,10,2027-07-22,1499
1909,MEGA621909,5,2026-10-19,499
1910,DEAL211910,40,2026-04-25,299
1911,SUPER62X1911,20,2027-05-22,999
1912,MEGA55X1912,10,2027-08-01,2999
1913,SUPER49PLUS1913,20,2026-11-21,0
1914,SAVE54PLUS1914,25,2026-01-28,2999
1915,DEAL72NOW1915,15,2026-10-02,199
1916,OFF58X1916,20,2026-04-12,1499
1917,MEGA88X1917,40,2026-04-01,0
1918,DEAL55X1918,40,2026-04-17,499
1919,FLAT28NOW1919,50,2026-12-07,0
1920,SAVE80NOW1920,25,2026-09-15,2999
1921,DEAL80X1921,15,2026-06-17,999
1922,SAVE43PLUS1922,20,2026-12-18,999
1923,SUPER601923,40,2027-03-01,499
1924,GET46PLUS1924,50,2026-09-07,0
1925,OFF31X1925,5,2027-01-17,499
1926,MEGA25NOW1926,25,2026-10-30,1999
1927,FLAT80NOW1927,40,2026-09-26,299
1928,GET24X1928,30,2026-06-27,299
1929,SAVE85X1929,20,2027-01-07,1499
1930,OFF541930,40,2027-04-07,1499
1931,SUPER80PLUS1931,25,2027-02-25,1499
1932,MEGA38X1932,20,2026-07-21,299
1933,OFF84PLUS1933,30,2027-08-04,299
1934,DEAL341934,25,2027-04-13,999
1935,FLAT821935,25,2027-03-19,1499
1936,FLAT701936,15,2026-05-15,0
1937,MEGA151937,15,2026-03-07,2999
1938,SUPER22X1938,25,2026-07-15,2999
1939,GET711939,50,2027-03-02,1499
1940,MEGA47X1940,50,2026-08-08,199
1941,SUPER17PLUS1941,25,2027-01-03,299
1942,SUPER44X1942,20,2026-11-12,999
1943,FLAT82X1943,40,2026-04-13,1999
1944,FLAT501944,20,2027-01-04,1499
1945,SAVE87X1945,20,2026-06-16,999
1946,GET38NOW1946,40,2026-09-25,1999
1947,OFF19NOW1947,30,2026-10-24,299
1948,GET83PLUS1948,10,2026-05-05,999
1949,DEAL71NOW1949,10,2027-06-18,1499
1950,OFF28X1950,25,2027-02-28,1499
1951,SAVE111951,40,2026-12-26,0
1952,SAVE51PLUS1952,40,2027-07-17,1499
1953,MEGA16X1953,10,2027-02-16,2999
1954,GET73PLUS1954,5,2026-10-08,999
1955,MEGA141955,50,2026-06-03,0
1956,FLAT221956,50,2026-09-11,1999
1957,MEGA84X1957,40,2026-06-26,199
1958,GET84X1958,10,2026-01-20,499
1959,DEAL15NOW1959,25,2026-09-21,199
1960,SAVE90NOW1960,15,2026-09-06,999
1961,OFF15X1961,40,2026-10-09,499
1962,MEGA521962,15,2026-11-08,1999
1963,SUPER32X1963,10,2026-12-16,2999
1964,SAVE271964,25,2026-02-04,2999
1965,MEGA32X1965,25,2026-06-20,299
1966,MEGA761966,10,2026-01-15,499
1967,SUPER681967,40,2027-01-01,999
1968,MEGA251968,40,2026-09-29,1999
1969,OFF65NOW1969,10,2027-01-24,2999
1970,MEGA12NOW1970,25,2027-07-02,1499
1971,FLAT15PLUS1971,30,2026-11-28,1499
1972,FLAT10NOW1972,25,2026-10-23,2999
1973,GET43PLUS1973,50,2026-04-11,499
1974,SAVE30X1974,50,2026-03-03,0
1975,SAVE431975,30,2027-03-04,199
1976,FLAT821976,10,2027-06-02,199
1977,FLAT211977,40,2026-12-08,2999
1978,FLAT131978,40,2026-09-01,299
1979,DEAL37PLUS1979,15,2026-01-16,999
1980,FLAT78NOW1980,15,2026-06-08,0
1981,SAVE17X1981,5,2026-12-19,1999
1982,MEGA59NOW1982,30,2026-02-19,299
1983,MEGA39X1983,25,2027-01-27,299
1984,MEGA661984,40,2027-05-02,2999
1985,SUPER26X1985,30,2026-03-10,299
1986,GET16X1986,15,2027-07-03,999
1987,OFF541987,20,2026-11-19,199
1988,GET11PLUS1988,25,2027-07-30,499
1989,FLAT671989,25,2027-01-28,199
1990,GET70PLUS1990,40,2026-04-04,1499
1991,SAVE36X1991,25,2026-05-15,199
1992,DEAL42PLUS1992,5,2026-11-09,299
1993,OFF701993,25,2026-09-05,499
1994,SAVE56NOW1994,5,2026-11-23,2999
1995,DEAL52X1995,25,2027-05-16,999
1996,DEAL821996,30,2026-08-24,1499
1997,SAVE47PLUS1997,20,2027-05-20,999
1998,GET251998,40,2027-02-03,0
1999,SAVE681999,10,2026-12-22,0
2000,SUPER792000,25,2027-07-01,999
2001,SUPER52X2001,25,2026-02-14,499
2002,SUPER39NOW2002,10,2027-05-31,299
2003,SAVE402003,30,2027-05-23,2999
2004,FLAT72NOW2004,25,2027-04-25,499
2005,OFF432005,5,2027-04-04,2999
2006,OFF51X2006,25,2026-05-11,499
2007,FLAT322007,30,2026-05-31,999
2008,SAVE19PLUS2008,20,2026-12-21,0
2009,GET142009,15,2026-09-30,2999
2010,DEAL13NOW2010,15,2026-10-13,0
2011,MEGA80PLUS2011,15,2027-07-21,2999
2012,MEGA532012,25,2027-04-21,1499
2013,FLAT282013,10,2026-09-30,199
2014,FLAT40NOW2014,10,2026-08-01,2999
2015,SUPER53PLUS2015,10,2026-05-06,2999
2016,SUPER20X2016,10,2027-01-13,499
2017,GET102017,10,2026-07-07,1499
2018,DEAL62NOW2018,5,2026-03-22,199
2019,OFF74PLUS2019,15,2026-08-23,1999
2020,DEAL15NOW2020,20,2026-09-29,199
2021,OFF52NOW2021,50,2027-02-04,0
2022,FLAT732022,40,2026-12-31,2999
2023,OFF81PLUS2023,40,2026-10-31,0
2024,GET21NOW2024,20,2026-08-31,199
2025,OFF572025,20,2026-12-01,1999
2026,MEGA28X2026,15,2026-08-28,999
2027,FLAT492027,50,2026-05-31,1499
2028,DEAL33PLUS2028,10,2027-06-19,999
2029,MEGA50NOW2029,20,2027-06-19,299
2030,DEAL89PLUS2030,25,2026-05-03,1499
2031,SUPER812031,5,2026-04-21,999
2032,GET38X2032,20,2026-10-14,299
2033,FLAT60X2033,30,2027-03-25,999
2034,OFF11PLUS2034,25,2026-08-17,999
2035,GET14NOW2035,5,2027-06-09,999
2036,FLAT642036,10,2027-03-08,199
2037,DEAL88NOW2037,25,2026-01-16,2999
2038,GET222038,30,2027-07-31,2999
2039,SUPER62PLUS2039,40,2026-06-13,299
2040,OFF44NOW2040,40,2026-03-31,0
2041,DEAL31X2041,30,2027-06-21,299
2042,FLAT35X2042,20,2027-04-15,999
2043,GET32X2043,5,2026-12-10,2999
2044,FLAT31NOW2044,10,2027-01-29,2999
2045,FLAT36X2045,5,2026-04-08,299
2046,FLAT25NOW2046,40,2027-05-21,1999
2047,SAVE762047,50,2027-01-05,499
2048,SUPER46X2048,30,2027-05-07,999
2049,DEAL232049,40,2026-04-19,0
2050,DEAL45PLUS2050,20,2027-04-27,299
2051,MEGA242051,5,2026-04-01,1499
2052,MEGA37NOW2052,40,2027-07-07,499
2053,DEAL68PLUS2053,20,2026-11-05,499
2054,DEAL12NOW2054,40,2027-05-13,2999
2055,MEGA222055,25,2027-05-14,499
2056,OFF68X2056,15,2027-07-13,2999
2057,DEAL83X2057,30,2027-05-01,0
2058,DEAL352058,40,2026-08-08,0
2059,FLAT57PLUS2059,30,2026-12-04,499
2060,OFF45NOW2060,30,2026-10-02,199
2061,DEAL60NOW2061,5,2026-02-07,299
2062,MEGA46NOW2062,20,2026-01-29,1499
2063,SUPER44X2063,50,2026-06-11,199
2064,OFF88PLUS2064,10,2027-06-11,1999
2065,SUPER18X2065,40,2026-10-14,1999
2066,FLAT12X2066,50,2026-09-11,1999
2067,FLAT49X2067,10,2027-07-30,199
2068,GET53PLUS2068,5,2026-01-18,1499
2069,SAVE83NOW2069,15,2026-09-12,2999
2070,MEGA48X2070,50,2027-05-14,299
2071,FLAT49NOW2071,20,2027-03-02,2999
2072,SUPER37NOW2072,25,2026-08-09,299
2073,OFF18NOW2073,10,2026-02-26,299
2074,SAVE83PLUS2074,40,2027-05-27,0
2075,SUPER33PLUS2075,20,2026-12-27,499
2076,DEAL23NOW2076,40,2026-06-02,1499
2077,SUPER83X2077,5,2027-01-07,0
2078,DEAL87X2078,50,2027-05-17,1499
2079,MEGA302079,25,2026-11-03,0
2080,SUPER862080,5,2026-06-19,1999
2081,SUPER17NOW2081,15,2027-03-04,199
2082,SUPER512082,10,2027-07-07,1999
2083,SAVE12PLUS2083,50,2026-10-01,499
2084,GET83NOW2084,5,2026-01-27,1999
2085,MEGA482085,10,2026-05-12,199
2086,SUPER342086,30,2027-01-08,299
2087,OFF87PLUS2087,15,2026-01-06,2999
2088,DEAL46PLUS2088,10,2026-06-30,1999
2089,MEGA74X2089,15,2026-05-05,199
2090,DEAL46X2090,40,2026-04-15,0
2091,GET482091,5,2026-09-13,1999
2092,GET72NOW2092,10,2027-03-06,499
2093,GET23NOW2093,30,2026-05-28,299
2094,DEAL85NOW2094,20,2026-09-04,299
2095,MEGA19NOW2095,15,2026-07-20,1499
2096,OFF46NOW2096,20,2026-05-17,1999
2097,FLAT25X2097,15,2026-02-07,2999
2098,FLAT382098,10,2027-08-09,1999
2099,DEAL232099,50,2027-06-22,2999
2100,GET36PLUS2100,20,2026-09-22,2999
2101,FLAT49NOW2101,5,2026-07-16,999
2102,MEGA21PLUS2102,25,2026-11-23,199
2103,DEAL49X2103,20,2026-01-24,499
2104,MEGA65PLUS2104,15,2027-03-13,299
2105,DEAL112105,20,2026-09-12,999
2106,SAVE472106,20,2026-07-28,999
2107,DEAL73PLUS2107,25,2026-12-09,499
2108,SAVE66X2108,5,2027-05-26,199
2109,SAVE182109,20,2026-12-08,1999
2110,DEAL76PLUS2110,10,2026-05-27,1499
2111,FLAT372111,50,2027-04-03,1499
2112,OFF86X2112,10,2026-10-03,1499
2113,OFF28X2113,50,2027-02-27,299
2114,MEGA43X2114,10,2027-04-12,199
2115,DEAL232115,5,2026-05-10,0
2116,DEAL632116,5,2027-02-26,999
2117,SAVE152117,25,2027-05-12,299
2118,GET192118,30,2026-01-29,999
2119,DEAL74X2119,40,2026-01-08,2999
2120,DEAL64PLUS2120,40,2026-06-27,999
2121,SAVE212121,30,2026-10-31,499
2122,GET20X2122,40,2027-01-01,2999
2123,MEGA54PLUS2123,50,2027-04-12,2999
2124,SAVE14X2124,5,2026-12-22,0
2125,FLAT53PLUS2125,20,2027-04-03,0
2126,SUPER30NOW2126,25,2027-08-08,299
2127,FLAT662127,40,2026-03-12,0
2128,SAVE53NOW2128,15,2026-01-16,2999
2129,SUPER76NOW2129,15,2026-09-25,1499
2130,SAVE17PLUS2130,20,2026-07-03,499
2131,DEAL64PLUS2131,20,2026-01-15,499
2132,MEGA78X2132,10,2026-01-15,1999
2133,GET50PLUS2133,25,2026-01-08,299
2134,DEAL17NOW2134,20,2026-05-09,199
2135,SUPER682135,5,2026-11-06,2999
2136,MEGA412136,25,2026-08-22,999
2137,GET24X2137,10,2026-03-17,499
2138,GET73NOW2138,25,2026-01-10,999
2139,SUPER61NOW2139,40,2026-05-12,1999
2140,OFF862140,50,2026-08-12,499
2141,MEGA52NOW2141,15,2026-04-13,1499
2142,MEGA49X2142,50,2026-12-22,2999
2143,SAVE31PLUS2143,25,2026-03-15,1999
2144,GET26X2144,5,2026-10-08,0
2145,SUPER79X2145,25,2027-04-24,2999
2146,GET30NOW2146,15,2026-07-08,199
2147,OFF622147,40,2027-04-25,299
2148,MEGA62X2148,40,2027-05-23,199
2149,SAVE58PLUS2149,20,2026-10-26,999
2150,GET75X2150,20,2026-10-05,1499
2151,FLAT702151,20,2027-02-17,0
2152,OFF73NOW2152,20,2026-07-24,0
2153,SUPER712153,5,2026-11-16,1999
2154,DEAL76X2154,10,2026-05-30,999
2155,SUPER81NOW2155,50,2026-06-10,999
2156,SAVE51X2156,15,2027-07-05,999
2157,SUPER81X2157,20,2026-09-26,1999
2158,SAVE14PLUS2158,5,2026-07-15,499
2159,GET87PLUS2159,15,2026-01-16,499
2160,DEAL902160,10,2027-04-20,999
2161,SUPER40PLUS2161,10,2026-07-27,499
2162,DEAL88PLUS2162,25,2027-05-26,0
2163,MEGA50X2163,10,2026-12-24,499
2164,MEGA11NOW2164,25,2026-07-16,199
2165,SUPER28PLUS2165,10,2026-10-25,1999
2166,DEAL49NOW2166,25,2026-07-13,0
2167,FLAT55PLUS2167,40,2027-05-09,199
2168,DEAL60PLUS2168,10,2027-07-16,2999
2169,MEGA67PLUS2169,25,2027-04-05,999
2170,DEAL262170,30,2026-12-27,1499
2171,SAVE27NOW2171,15,2027-03-22,999
2172,FLAT55X2172,40,2026-10-25,999
2173,MEGA43PLUS2173,30,2027-07-07,0
2174,DEAL50PLUS2174,50,2026-01-21,499
2175,MEGA10PLUS2175,50,2026-12-13,1499
2176,DEAL13NOW2176,50,2027-03-13,1499
2177,GET50NOW2177,5,2026-11-24,199
2178,DEAL49NOW2178,20,2026-12-21,199
2179,GET25PLUS2179,50,2026-10-01,2999
2180,FLAT462180,20,2027-03-24,999
2181,DEAL47PLUS2181,30,2027-04-18,1999
2182,DEAL74NOW2182,20,2026-06-08,0
2183,DEAL44NOW2183,50,2027-06-11,299
2184,SUPER35NOW2184,20,2026-01-04,499
2185,SUPER13X2185,10,2027-08-08,299
2186,SUPER90PLUS2186,30,2027-05-19,299
2187,GET622187,20,2026-12-29,299
2188,SUPER76PLUS2188,10,2027-06-11,299
2189,FLAT47X2189,5,2026-11-27,199
2190,DEAL212190,30,2027-03-17,1999
2191,SUPER85X2191,20,2026-01-15,199
2192,DEAL322192,40,2026-11-24,1999
2193,SUPER25X2193,10,2026-01-24,199
2194,DEAL67X2194,20,2027-02-05,0
2195,OFF74X2195,50,2027-02-26,2999
2196,GET23X2196,15,2026-02-24,299
2197,SUPER36NOW2197,5,2026-05-13,0
2198,FLAT57NOW2198,15,2027-04-06,1999
2199,SAVE332199,40,2026-03-06,999
2200,GET27X2200,5,2026-11-20,499
2201,DEAL55PLUS2201,15,2027-08-09,199
2202,OFF642202,30,2026-06-11,199
2203,OFF74X2203,15,2027-02-23,499
2204,SAVE16NOW2204,20,2026-04-05,1999
2205,MEGA532205,40,2027-03-15,1499
2206,SAVE70X2206,5,2026-10-30,1999
2207,MEGA292207,50,2026-12-10,499
2208,SAVE622208,50,2027-06-16,0
2209,OFF19X2209,40,2027-02-11,199
2210,SUPER41NOW2210,50,2027-02-25,1499
2211,MEGA802211,15,2027-04-09,199
2212,GET27PLUS2212,25,2026-10-28,299
2213,MEGA12PLUS2213,25,2027-01-27,999
2214,FLAT61X2214,20,2026-02-13,299
2215,SAVE57NOW2215,50,2026-06-21,999
2216,SAVE35PLUS2216,30,2027-01-25,1999
2217,SAVE82PLUS2217,25,2027-04-30,1999
2218,GET82PLUS2218,5,2026-02-04,999
2219,GET50NOW2219,5,2027-03-22,1999
2220,MEGA152220,5,2026-06-24,999
2221,SUPER86X2221,10,2027-07-22,1999
2222,MEGA21PLUS2222,50,2026-11-29,499
2223,FLAT242223,30,2027-06-29,2999
2224,FLAT66X2224,25,2026-12-23,1499
2225,FLAT88PLUS2225,15,2026-10-18,1499
2226,SAVE50X2226,30,2026-11-27,499
2227,GET37PLUS2227,10,2027-03-30,299
2228,DEAL172228,25,2026-07-11,299
2229,DEAL13X2229,20,2026-03-14,299
2230,OFF76X2230,10,2027-07-03,299
2231,SAVE90PLUS2231,25,2027-01-03,1999
2232,SAVE79X2232,10,2027-07-29,499
2233,GET60PLUS2233,15,2026-04-28,499
2234,GET65PLUS2234,10,2026-07-20,0
2235,OFF402235,5,2027-02-09,199
2236,OFF90PLUS2236,25,2027-04-23,1999
2237,GET742237,40,2026-12-29,0
2238,MEGA70PLUS2238,40,2026-04-10,299
2239,GET17X2239,50,2027-06-14,1999
2240,SAVE652240,40,2026-10-12,1499
2241,MEGA83X2241,25,2026-10-20,499
2242,SAVE20NOW2242,30,2026-06-28,499
2243,MEGA35NOW2243,50,2027-01-13,1999
2244,OFF76X2244,20,2026-04-21,1999
2245,GET502245,25,2026-12-07,0
2246,OFF812246,25,2027-03-02,299
2247,DEAL562247,5,2026-10-18,199
2248,SAVE20NOW2248,20,2026-03-29,299
2249,GET43NOW2249,15,2026-05-09,999
2250,OFF22X2250,25,2026-12-05,299
2251,DEAL612251,20,2026-02-18,199
2252,SAVE452252,25,2026-10-29,199
2253,SAVE63X2253,25,2027-06-11,1499
2254,SAVE262254,15,2027-03-31,2999
2255,OFF51X2255,25,2026-02-01,299
2256,MEGA12PLUS2256,50,2027-04-30,199
2257,FLAT30NOW2257,25,2027-05-07,299
2258,OFF172258,50,2026-09-19,2999
2259,OFF142259,40,2026-06-15,499
2260,DEAL562260,15,2027-02-22,2999
2261,FLAT192261,20,2026-03-07,2999
2262,OFF33X2262,50,2026-04-04,2999
2263,OFF762263,30,2026-07-24,199
2264,SAVE302264,20,2027-05-23,1999
2265,DEAL112265,50,2027-02-23,499
2266,DEAL44NOW2266,20,2026-04-16,999
2267,SAVE43PLUS2267,30,2027-06-15,1999
2268,OFF292268,20,2026-04-05,299
2269,OFF882269,15,2026-08-12,1499
2270,GET522270,15,2026-06-20,1999
2271,GET14PLUS2271,50,2027-06-08,0
2272,GET59NOW2272,30,2026-09-22,2999
2273,SUPER60X2273,40,2027-03-30,1499
2274,MEGA492274,10,2026-04-11,499
2275,SUPER78PLUS2275,30,2026-04-09,499
2276,SUPER762276,30,2026-03-16,1499
2277,MEGA122277,10,2027-01-13,1499
2278,DEAL73PLUS2278,25,2027-01-23,999
2279,FLAT882279,5,2026-04-26,499
2280,MEGA74NOW2280,15,2026-05-24,2999
2281,MEGA36PLUS2281,40,2026-07-26,0
2282,OFF73NOW2282,30,2026-09-04,999
2283,SAVE63PLUS2283,30,2026-06-02,499
2284,MEGA87PLUS2284,30,2026-10-12,299
2285,DEAL832285,20,2026-05-29,299
2286,MEGA90X2286,20,2026-11-23,199
2287,DEAL19PLUS2287,20,2027-03-31,499
2288,GET312288,20,2026-12-18,0
2289,OFF22PLUS2289,20,2027-01-11,499
2290,FLAT62X2290,40,2027-06-02,299
2291,SAVE49PLUS2291,50,2026-04-01,299
2292,FLAT64NOW2292,50,2026-02-01,199
2293,DEAL82NOW2293,50,2026-06-03,499
2294,OFF482294,20,2026-09-24,1999
2295,SAVE832295,40,2027-06-24,0
2296,SUPER322296,40,2027-06-11,1499
2297,SAVE61PLUS2297,25,2026-08-28,999
2298,FLAT282298,20,2026-07-27,499
2299,DEAL362299,10,2027-05-29,1999
2300,GET442300,20,2026-08-21,0
2301,SUPER19X2301,30,2026-12-21,2999
2302,FLAT45X2302,10,2026-09-12,1999
2303,SUPER18NOW2303,40,2026-10-06,2999
2304,MEGA31X2304,10,2026-04-06,0
2305,SUPER35X2305,50,2027-08-08,199
2306,GET842306,40,2026-05-23,199
2307,MEGA18NOW2307,40,2026-06-16,499
2308,DEAL592308,25,2026-06-28,999
2309,FLAT732309,5,2026-03-06,2999
2310,DEAL74PLUS2310,25,2027-01-10,2999
2311,MEGA88PLUS2311,5,2026-01-28,199
2312,DEAL412312,40,2026-03-20,1999
2313,DEAL71NOW2313,20,2026-04-30,0
2314,DEAL47PLUS2314,15,2026-01-10,2999
2315,SAVE40X2315,50,2026-06-18,499
2316,GET242316,20,2026-03-04,1999
2317,SAVE60PLUS2317,20,2026-08-16,999
2318,MEGA84PLUS2318,30,2026-11-19,0
2319,DEAL162319,5,2027-07-29,299
2320,GET35NOW2320,5,2026-02-15,199
2321,SUPER832321,30,2026-08-19,1499
2322,MEGA31PLUS2322,20,2027-01-22,1499
2323,OFF632323,30,2026-03-22,1499
2324,SAVE34PLUS2324,30,2026-10-04,1999
2325,SAVE232325,20,2027-01-21,199
2326,OFF37PLUS2326,5,2027-02-22,2999
2327,SAVE89NOW2327,30,2026-02-24,199
2328,MEGA82NOW2328,10,2027-08-09,199
2329,GET71PLUS2329,20,2026-10-15,1499
2330,OFF10NOW2330,30,2027-01-04,499
2331,OFF732331,10,2026-03-23,499
2332,FLAT742332,50,2026-12-08,999
2333,SUPER522333,50,2026-01-17,1999
2334,MEGA83PLUS2334,50,2026-04-26,1499
2335,SUPER552335,5,2027-05-21,999
2336,SAVE38PLUS2336,50,2026-06-10,199
2337,DEAL49X2337,5,2026-06-20,199
2338,SAVE192338,20,2026-11-29,199
2339,FLAT122339,10,2026-12-30,299
2340,GET50PLUS2340,10,2027-07-20,499
2341,GET49PLUS2341,10,2026-03-11,299
2342,OFF85X2342,25,2026-08-28,299
2343,OFF66NOW2343,20,2026-09-16,2999
2344,DEAL43NOW2344,30,2026-05-31,1999
2345,SAVE43X2345,15,2027-03-20,0
2346,FLAT26X2346,15,2027-06-11,999
2347,FLAT44X2347,50,2026-12-13,1499
2348,SUPER442348,20,2026-06-01,2999
2349,SAVE692349,50,2026-01-05,1499
2350,DEAL382350,50,2026-11-18,1999
2351,GET15X2351,20,2026-04-27,199
2352,FLAT30NOW2352,30,2026-03-22,2999
2353,SUPER64PLUS2353,25,2027-04-20,2999
2354,SAVE55X2354,50,2027-07-01,1999
2355,DEAL12PLUS2355,50,2026-09-08,199
2356,OFF84X2356,50,2026-12-10,2999
2357,OFF43X2357,20,2026-06-28,999
2358,OFF87NOW2358,30,2026-06-15,2999
2359,OFF89X2359,20,2026-04-07,299
2360,SUPER66PLUS2360,5,2026-10-20,199
2361,DEAL692361,20,2026-01-07,999
2362,FLAT29NOW2362,30,2026-12-26,0
2363,SAVE52PLUS2363,50,2026-01-07,199
2364,MEGA36PLUS2364,50,2027-05-05,999
2365,FLAT19NOW2365,20,2027-04-17,499
2366,FLAT662366,40,2026-03-30,499
2367,OFF35NOW2367,15,2027-02-12,499
2368,SAVE32NOW2368,50,2027-03-30,2999
2369,DEAL19NOW2369,20,2026-12-22,2999
2370,MEGA12PLUS2370,20,2026-07-03,1499
2371,GET54PLUS2371,10,2027-05-18,299
2372,GET162372,20,2026-12-23,1999
2373,FLAT37NOW2373,25,2027-07-18,2999
2374,DEAL82X2374,25,2026-05-25,0
2375,MEGA81X2375,50,2027-06-12,2999
2376,FLAT32PLUS2376,40,2027-06-28,2999
2377,GET182377,10,2026-11-24,1999
2378,SAVE80PLUS2378,40,2026-10-31,499
2379,FLAT52PLUS2379,50,2026-06-19,0
2380,GET162380,25,2026-08-07,199
2381,FLAT85NOW2381,10,2026-02-17,2999
2382,DEAL36X2382,25,2027-04-24,1499
2383,SAVE302383,50,2026-05-31,2999
2384,SUPER42PLUS2384,40,2026-12-06,1499
2385,MEGA732385,20,2026-10-28,299
2386,SUPER67NOW2386,30,2026-08-19,499
2387,DEAL592387,10,2026-09-01,2999
2388,OFF69PLUS2388,40,2026-09-08,999
2389,DEAL422389,25,2026-11-19,199
2390,MEGA402390,50,2026-07-03,999
2391,DEAL69NOW2391,30,2026-08-19,499
2392,SUPER58NOW2392,20,2027-06-12,199
2393,SUPER70PLUS2393,10,2027-07-13,1999
2394,SUPER342394,50,2026-02-10,199
2395,GET15NOW2395,40,2026-04-06,1999
2396,DEAL622396,15,2027-04-30,1499
2397,FLAT65PLUS2397,20,2027-03-19,0
2398,SAVE39X2398,25,2026-03-26,199
2399,GET812399,15,2026-11-04,2999
2400,SAVE22PLUS2400,25,2026-11-04,0
2401,FLAT63X2401,20,2027-08-07,1499
2402,SUPER36NOW2402,30,2026-10-19,499
2403,GET222403,10,2026-09-03,499
2404,DEAL33PLUS2404,15,2026-05-06,0
2405,FLAT592405,30,2027-01-10,1999
2406,SUPER66PLUS2406,50,2027-06-29,299
2407,DEAL502407,10,2026-05-27,299
2408,GET60NOW2408,30,2027-01-10,1999
2409,DEAL32X2409,40,2026-11-23,2999
2410,GET122410,25,2026-06-24,999
2411,SUPER812411,5,2026-02-04,999
2412,OFF612412,5,2026-09-02,2999
2413,GET22X2413,15,2027-07-13,1999
2414,FLAT14PLUS2414,50,2026-07-31,1499
2415,MEGA90X2415,30,2027-06-04,2999
2416,DEAL43NOW2416,5,2026-12-06,2999
2417,MEGA75PLUS2417,5,2026-07-03,0
2418,DEAL38PLUS2418,25,2027-03-11,1999
2419,DEAL24NOW2419,15,2026-11-27,299
2420,DEAL52NOW2420,25,2027-07-10,1499
2421,SUPER252421,5,2026-10-25,2999
2422,FLAT87X2422,40,2027-06-20,999
2423,GET66X2423,50,2027-07-15,1999
2424,GET852424,20,2026-08-20,1499
2425,DEAL64X2425,50,2027-07-04,199
2426,MEGA72X2426,40,2027-01-15,1999
2427,GET32NOW2427,25,2027-02-14,999
2428,FLAT19PLUS2428,5,2026-09-24,299
2429,DEAL55NOW2429,20,2026-11-01,1999
2430,OFF55X2430,20,2026-04-30,499
2431,DEAL33PLUS2431,30,2027-02-12,1499
2432,FLAT77NOW2432,10,2027-05-27,499
2433,MEGA67NOW2433,20,2026-05-31,999
2434,GET10PLUS2434,15,2027-03-07,1499
2435,SUPER80X2435,25,2026-05-04,1499
2436,SUPER68NOW2436,25,2027-05-04,199
2437,MEGA79NOW2437,20,2026-11-06,1499
2438,MEGA69PLUS2438,20,2026-06-14,499
2439,OFF84X2439,10,2027-05-18,499
2440,OFF45NOW2440,5,2027-04-12,999
2441,MEGA70PLUS2441,15,2026-02-23,2999
2442,SUPER28X2442,50,2026-03-18,199
2443,OFF18X2443,15,2026-12-07,1999
2444,GET312444,30,2026-03-24,2999
2445,GET22PLUS2445,50,2027-08-01,2999
2446,SUPER472446,5,2026-07-17,1999
2447,SUPER10NOW2447,25,2027-03-03,299
2448,SUPER53NOW2448,40,2027-05-31,1999
2449,DEAL682449,25,2026-05-25,199
2450,FLAT10PLUS2450,50,2027-01-30,1499
2451,GET71NOW2451,50,2026-04-24,499
2452,DEAL482452,25,2026-07-06,1999
2453,FLAT842453,40,2026-01-03,1499
2454,MEGA21PLUS2454,25,2027-02-06,199
2455,DEAL162455,40,2027-04-17,1499
2456,DEAL61X2456,25,2026-12-11,1999
2457,DEAL32X2457,20,2026-04-28,1999
2458,SAVE19X2458,20,2027-07-07,299
2459,MEGA402459,30,2027-07-29,999
2460,GET77PLUS2460,40,2026-03-27,1999
2461,MEGA622461,5,2026-06-29,2999
2462,DEAL672462,15,2026-07-16,499
2463,SUPER172463,40,2026-08-19,2999
2464,GET662464,15,2026-02-17,1499
2465,MEGA30X2465,20,2027-04-02,2999
2466,GET652466,20,2026-05-15,1999
2467,OFF65NOW2467,10,2027-03-12,2999
2468,OFF39NOW2468,25,2026-09-26,999
2469,GET54NOW2469,20,2027-06-08,499
2470,OFF102470,20,2027-05-19,199
2471,SAVE90PLUS2471,50,2027-04-26,1999
2472,SAVE81X2472,25,2026-06-09,999
2473,DEAL27X2473,15,2026-10-11,299
2474,DEAL632474,20,2026-01-30,499
2475,FLAT58X2475,30,2027-05-01,199
2476,GET68X2476,15,2027-05-14,1999
2477,GET51PLUS2477,15,2027-04-14,199
2478,GET50X2478,20,2026-08-06,1499
2479,SAVE82X2479,5,2027-05-05,199
2480,SAVE69NOW2480,25,2026-02-12,299
2481,FLAT182481,50,2026-05-03,1499
2482,GET64PLUS2482,25,2026-08-02,299
2483,DEAL79NOW2483,50,2027-03-01,999
2484,SAVE482484,30,2027-01-30,499
2485,GET502485,40,2027-02-01,499
2486,FLAT63X2486,10,2027-08-08,299
2487,OFF182487,25,2026-11-18,499
2488,OFF10PLUS2488,10,2027-03-11,1499
2489,FLAT602489,50,2027-04-23,499
2490,DEAL73PLUS2490,15,2026-04-25,199
2491,SAVE51PLUS2491,50,2026-07-01,2999
2492,FLAT862492,5,2027-05-17,1999
2493,DEAL50PLUS2493,5,2026-11-26,1499
2494,FLAT632494,25,2026-07-27,199
2495,DEAL31PLUS2495,30,2026-12-08,1999
2496,MEGA65X2496,20,2027-07-03,2999
2497,GET66PLUS2497,20,2027-05-06,0
2498,DEAL58PLUS2498,10,2027-05-20,0
2499,SUPER38PLUS2499,10,2026-07-05,1499
2500,FLAT42PLUS2500,30,2026-02-06,499
2501,GET56PLUS2501,30,2026-03-02,199
2502,FLAT51PLUS2502,30,2026-07-30,1499
2503,FLAT35PLUS2503,25,2026-05-14,199
2504,FLAT82NOW2504,5,2026-07-07,499
2505,MEGA40NOW2505,5,2026-04-14,999
2506,DEAL51NOW2506,25,2026-06-08,199
2507,FLAT522507,25,2027-04-08,299
2508,GET84PLUS2508,50,2026-02-06,999
2509,OFF40PLUS2509,40,2027-08-03,2999
2510,DEAL52PLUS2510,10,2026-07-17,199
2511,GET892511,10,2027-07-08,1999
2512,GET642512,20,2026-01-01,2999
2513,OFF80PLUS2513,15,2026-02-07,2999
2514,SAVE28PLUS2514,20,2027-03-04,199
2515,MEGA712515,15,2026-05-09,0
2516,DEAL42PLUS2516,15,2027-04-02,0
2517,GET12X2517,20,2026-03-04,1999
2518,SUPER22X2518,40,2026-03-19,1499
2519,DEAL78PLUS2519,40,2026-10-10,999
2520,SUPER41X2520,40,2027-02-17,1499
2521,DEAL12PLUS2521,30,2027-06-11,1499
2522,DEAL83PLUS2522,30,2026-07-02,299
2523,GET47NOW2523,15,2026-03-15,299
2524,SAVE73PLUS2524,30,2027-06-13,299
2525,MEGA30PLUS2525,30,2027-07-11,1999
2526,FLAT84NOW2526,15,2026-06-18,499
2527,DEAL13NOW2527,40,2027-06-22,2999
2528,SUPER79NOW2528,15,2026-02-11,199
2529,FLAT682529,15,2026-12-12,199
2530,MEGA86NOW2530,25,2027-01-06,499
2531,MEGA25NOW2531,50,2027-06-28,199
2532,OFF84X2532,30,2026-08-05,1499
2533,SUPER16PLUS2533,25,2026-11-28,499
2534,GET46PLUS2534,5,2026-01-21,1499
2535,OFF57X2535,30,2026-03-22,199
2536,OFF48PLUS2536,40,2026-01-27,1999
2537,FLAT72X2537,20,2027-04-08,299
2538,SAVE272538,20,2027-07-07,299
2539,FLAT45NOW2539,25,2027-07-05,499
2540,MEGA27NOW2540,25,2026-12-28,199
2541,GET86NOW2541,20,2026-05-11,0
2542,DEAL42X2542,40,2027-07-01,1999
2543,MEGA10X2543,5,2027-07-29,199
2544,SUPER83NOW2544,50,2026-09-28,2999
2545,SAVE232545,40,2026-09-28,199
2546,DEAL62PLUS2546,5,2026-04-27,499
2547,GET87NOW2547,30,2027-01-19,2999
2548,OFF722548,25,2026-02-11,2999
2549,MEGA512549,5,2026-01-24,499
2550,DEAL712550,20,2026-12-24,1499
2551,OFF71X2551,5,2027-04-27,299
2552,SAVE172552,50,2027-07-01,1999
2553,GET67NOW2553,30,2026-03-09,1499
2554,FLAT412554,15,2026-07-19,999
2555,SUPER70NOW2555,15,2027-06-19,0
2556,GET14X2556,30,2026-12-29,2999
2557,SAVE67PLUS2557,15,2026-01-15,1499
2558,MEGA62NOW2558,25,2027-07-09,1999
2559,SAVE38NOW2559,40,2026-04-15,199
2560,MEGA832560,5,2026-12-11,1999
2561,FLAT58NOW2561,10,2027-07-25,0
2562,FLAT88PLUS2562,40,2026-11-09,499
2563,OFF40X2563,10,2026-07-30,2999
2564,GET55X2564,5,2027-08-03,499
2565,OFF45PLUS2565,25,2026-04-08,199
2566,GET37NOW2566,30,2026-01-20,0
2567,OFF34NOW2567,5,2026-05-31,199
2568,MEGA62X2568,15,2026-03-22,499
2569,GET61X2569,30,2027-04-10,1499
2570,MEGA73NOW2570,15,2026-03-30,299
2571,SUPER88NOW2571,40,2027-07-17,199
2572,DEAL34NOW2572,10,2026-12-02,1999
2573,FLAT58X2573,30,2026-01-29,199
2574,DEAL842574,40,2026-03-22,299
2575,GET862575,40,2026-08-19,1499
2576,SAVE84PLUS2576,30,2027-04-28,199
2577,GET11NOW2577,15,2026-08-17,1999
2578,OFF11PLUS2578,50,2027-05-22,1499
2579,SAVE74X2579,20,2027-08-08,499
2580,SUPER88NOW2580,5,2026-02-17,1499
2581,FLAT81PLUS2581,50,2026-01-12,0
2582,GET76NOW2582,15,2026-10-16,299
2583,FLAT69PLUS2583,5,2027-06-26,199
2584,MEGA20PLUS2584,40,2027-05-02,999
2585,SUPER90X2585,10,2026-02-17,0
2586,GET34X2586,10,2026-02-25,199
2587,DEAL342587,30,2026-04-21,199
2588,OFF34PLUS2588,50,2027-05-23,299
2589,SAVE25X2589,20,2026-01-17,999
2590,SUPER88PLUS2590,50,2026-07-23,1999
2591,OFF312591,40,2026-11-18,299
2592,FLAT75PLUS2592,50,2026-05-16,499
2593,SAVE142593,15,2026-01-20,299
2594,SAVE70X2594,15,2027-02-09,2999
2595,GET16NOW2595,50,2027-07-21,0
2596,SUPER872596,15,2027-01-18,199
2597,GET39PLUS2597,40,2026-12-26,1999
2598,GET71X2598,20,2026-10-08,199
2599,GET322599,50,2026-02-24,299
2600,GET33NOW2600,20,2026-08-16,499
2601,MEGA50NOW2601,20,2026-01-12,2999
2602,DEAL20X2602,20,2026-08-08,499
2603,DEAL772603,40,2027-07-01,1499
2604,FLAT422604,10,2026-08-29,499
2605,SAVE84X2605,10,2026-03-08,299
2606,GET33PLUS2606,40,2026-02-17,2999
2607,SAVE24NOW2607,50,2027-04-18,499
2608,FLAT24NOW2608,10,2027-01-13,0
2609,OFF54PLUS2609,50,2026-01-05,0
2610,FLAT292610,30,2027-05-16,999
2611,MEGA75X2611,40,2026-12-03,2999
2612,MEGA552612,5,2026-11-11,2999
2613,GET45X2613,5,2027-01-31,1499
2614,FLAT33PLUS2614,15,2026-12-12,499
2615,GET75X2615,30,2027-02-11,1999
2616,SUPER61NOW2616,30,2026-05-04,1499
2617,FLAT57X2617,5,2026-07-04,2999
2618,GET15NOW2618,15,2026-09-17,299
2619,OFF35X2619,40,2026-05-24,499
2620,SAVE90X2620,15,2026-03-02,1999
2621,GET372621,15,2026-05-07,299
2622,OFF592622,20,2026-06-18,299
2623,SUPER77NOW2623,30,2027-04-25,999
2624,DEAL44X2624,5,2027-08-01,0
2625,MEGA64NOW2625,40,2026-03-22,1499
2626,OFF11X2626,20,2027-03-22,0
2627,SUPER89X2627,10,2026-10-25,1499
2628,MEGA30PLUS2628,15,2027-02-23,0
2629,FLAT63NOW2629,50,2027-01-17,0
2630,GET84PLUS2630,30,2026-10-04,999
2631,SUPER802631,5,2026-07-08,199
2632,DEAL84X2632,5,2026-02-14,999
2633,GET29NOW2633,30,2027-05-04,499
2634,DEAL57X2634,15,2026-12-25,1499
2635,SUPER33PLUS2635,5,2027-02-25,199
2636,DEAL262636,30,2027-03-23,1999
2637,OFF332637,5,2026-03-11,999
2638,GET48PLUS2638,50,2027-02-02,2999
2639,SAVE84PLUS2639,10,2026-06-05,299
2640,MEGA55X2640,10,2026-08-10,1999
2641,SAVE362641,40,2027-07-22,2999
2642,DEAL25X2642,20,2027-05-11,499
2643,OFF89NOW2643,20,2027-08-09,199
2644,MEGA44X2644,10,2027-01-15,2999
2645,SUPER422645,20,2027-07-30,199
2646,DEAL24X2646,5,2027-01-13,999
2647,SUPER30NOW2647,30,2027-04-28,1499
2648,DEAL20PLUS2648,20,2026-10-06,1999
2649,MEGA312649,20,2026-01-14,299
2650,FLAT66NOW2650,15,2026-03-23,1999
2651,SUPER602651,10,2026-01-30,0
2652,GET12X2652,5,2027-05-06,1499
2653,SAVE442653,30,2026-12-30,1999
2654,SAVE84X2654,30,2027-04-16,299
2655,SUPER722655,25,2026-10-28,1999
2656,SAVE82PLUS2656,20,2026-12-17,2999
2657,FLAT672657,25,2027-05-06,1999
2658,OFF32PLUS2658,25,2026-02-03,2999
2659,DEAL50NOW2659,10,2026-01-20,1499
2660,OFF522660,10,2027-06-28,299
2661,OFF55NOW2661,20,2027-01-09,199
2662,MEGA332662,25,2026-09-27,299
2663,SUPER42PLUS2663,15,2027-03-30,199
2664,GET54PLUS2664,50,2026-01-30,1499
2665,OFF16NOW2665,15,2026-03-06,199
2666,SAVE42PLUS2666,30,2026-03-26,999
2667,MEGA68PLUS2667,50,2026-01-25,499
2668,DEAL302668,50,2026-10-11,1499
2669,DEAL57PLUS2669,25,2026-01-30,199
2670,OFF41X2670,25,2026-03-11,199
2671,SUPER75X2671,40,2026-03-06,499
2672,OFF64X2672,40,2027-03-19,199
2673,FLAT38X2673,20,2026-11-28,0
2674,GET50PLUS2674,5,2026-04-03,0
2675,SUPER82PLUS2675,25,2026-07-23,2999
2676,FLAT51PLUS2676,15,2027-05-05,999
2677,SAVE902677,40,2026-12-22,299
2678,OFF342678,20,2026-11-14,499
2679,GET212679,20,2027-02-14,999
2680,OFF13NOW2680,10,2026-07-19,1999
2681,SAVE42PLUS2681,50,2026-05-01,199
2682,GET33NOW2682,20,2027-04-07,199
2683,FLAT21NOW2683,50,2026-07-08,999
2684,OFF17PLUS2684,50,2026-08-14,299
2685,GET562685,10,2026-07-07,0
2686,MEGA29PLUS2686,30,2027-05-25,0
2687,DEAL82X2687,40,2026-06-06,2999
2688,MEGA32PLUS2688,30,2026-08-30,299
2689,OFF462689,5,2027-08-04,499
2690,SUPER80PLUS2690,10,2026-10-27,999
2691,GET70PLUS2691,10,2026-03-09,999
2692,GET54X2692,5,2026-05-25,2999
2693,SUPER322693,40,2026-08-05,0
2694,GET55PLUS2694,5,2026-07-30,199
2695,MEGA73X2695,30,2027-05-28,2999
2696,MEGA36PLUS2696,5,2026-10-01,1999
2697,SUPER14PLUS2697,5,2026-10-11,999
2698,GET54X2698,15,2026-02-19,999
2699,OFF342699,15,2027-03-07,2999
2700,DEAL732700,50,2026-04-06,1999
2701,FLAT81PLUS2701,10,2026-10-19,499
2702,SUPER61NOW2702,40,2027-03-31,199
2703,DEAL65NOW2703,40,2026-10-26,999
2704,FLAT33NOW2704,25,2026-09-25,0
2705,MEGA23PLUS2705,40,2026-04-03,0
2706,SUPER362706,25,2026-06-19,1999
2707,SAVE72X2707,5,2026-10-19,499
2708,DEAL58NOW2708,30,2026-07-17,1999
2709,DEAL64PLUS2709,15,2026-08-18,499
2710,MEGA12NOW2710,10,2027-04-15,2999
2711,GET54X2711,10,2027-06-08,1499
2712,SUPER17NOW2712,25,2026-01-13,1499
2713,GET86PLUS2713,10,2026-08-26,2999
2714,SUPER71PLUS2714,15,2027-07-02,1499
2715,SUPER25PLUS2715,25,2027-03-09,199
2716,SAVE81X2716,10,2026-05-26,1999
2717,GET44PLUS2717,50,2026-05-12,1999
2718,SAVE76X2718,5,2026-06-22,999
2719,DEAL80X2719,5,2026-03-01,299
2720,GET37PLUS2720,25,2026-10-24,999
2721,OFF19X2721,40,2027-08-07,0
2722,OFF25PLUS2722,25,2027-07-24,0
2723,FLAT592723,40,2027-02-04,199
2724,GET80PLUS2724,20,2026-03-08,1999
2725,SAVE21NOW2725,50,2026-06-25,199
2726,OFF38NOW2726,30,2027-06-23,0
2727,MEGA10NOW2727,50,2027-02-27,1499
2728,SAVE86NOW2728,50,2026-07-19,1999
2729,DEAL832729,30,2026-11-03,0
2730,DEAL65X2730,5,2027-08-06,999
2731,GET112731,50,2026-11-28,1999
2732,FLAT67NOW2732,50,2027-01-16,999
2733,DEAL68PLUS2733,40,2027-03-09,499
2734,SUPER362734,15,2027-04-23,0
2735,DEAL45X2735,25,2027-04-23,999
2736,GET482736,15,2026-03-17,2999
2737,GET352737,25,2027-01-07,299
2738,SAVE862738,10,2026-10-13,2999
2739,OFF81NOW2739,30,2026-10-25,1999
2740,SUPER65NOW2740,15,2026-10-12,2999
2741,SUPER56NOW2741,5,2026-01-20,1999
2742,OFF67NOW2742,10,2026-03-11,1999
2743,DEAL33X2743,25,2026-10-23,2999
2744,GET70PLUS2744,10,2026-02-19,0
2745,SAVE24X2745,30,2027-08-09,499
2746,SAVE49PLUS2746,50,2026-11-11,1999
2747,SUPER52PLUS2747,25,2026-07-23,2999
2748,OFF392748,30,2026-05-29,1999
2749,OFF212749,5,2027-04-12,0
2750,FLAT22X2750,20,2027-05-20,999
2751,SAVE822751,30,2026-07-26,299
2752,DEAL24PLUS2752,20,2026-11-21,199
2753,MEGA64PLUS2753,25,2026-01-10,2999
2754,SUPER83X2754,5,2026-12-09,1999
2755,OFF362755,50,2027-04-29,199
2756,GET70X2756,20,2027-05-03,0
2757,SAVE42NOW2757,25,2026-01-08,299
2758,FLAT812758,15,2026-02-13,0
2759,OFF472759,25,2027-08-04,999
2760,MEGA28X2760,30,2027-02-06,299
2761,SUPER32X2761,5,2027-04-30,2999
2762,SAVE57X2762,40,2026-01-27,2999
2763,SAVE30PLUS2763,40,2027-03-06,0
2764,SUPER842764,50,2027-05-08,1499
2765,SUPER51NOW2765,50,2027-01-01,999
2766,GET222766,10,2027-03-14,199
2767,SAVE13X2767,25,2026-05-16,1499
2768,GET29PLUS2768,50,2027-05-18,1499
2769,FLAT20PLUS2769,20,2026-11-26,199
2770,FLAT56NOW2770,30,2026-10-18,199
2771,DEAL832771,10,2026-07-13,199
2772,GET56NOW2772,20,2026-02-08,1999
2773,GET302773,10,2026-07-21,299
2774,DEAL832774,50,2026-06-09,499
2775,DEAL64NOW2775,20,2027-06-22,499
2776,SAVE39X2776,15,2026-07-10,999
2777,SAVE66NOW2777,5,2027-07-29,1999
2778,FLAT73NOW2778,5,2026-05-06,999
2779,FLAT332779,25,2026-04-19,2999
2780,SUPER81X2780,20,2026-12-04,299
2781,FLAT232781,5,2026-05-12,999
2782,GET34PLUS2782,25,2027-05-11,199
2783,DEAL41NOW2783,25,2026-08-20,1499
2784,MEGA65PLUS2784,25,2026-09-17,199
2785,OFF292785,30,2026-10-05,0
2786,MEGA29NOW2786,20,2027-06-07,1499
2787,MEGA22PLUS2787,10,2027-01-10,199
2788,OFF20X2788,15,2027-06-13,1999
2789,SAVE27X2789,30,2027-01-01,199
2790,GET272790,5,2026-03-27,1999
2791,MEGA36X2791,10,2026-09-02,1999
2792,SUPER19PLUS2792,10,2026-10-08,1499
2793,OFF252793,30,2027-01-21,1499
2794,OFF29X2794,20,2026-10-31,1999
2795,FLAT102795,20,2027-07-04,2999
2796,SUPER51X2796,30,2026-08-30,2999
2797,OFF68X2797,15,2027-07-21,299
2798,MEGA29X2798,20,2026-04-18,0
2799,FLAT742799,20,2027-02-17,499
2800,FLAT67NOW2800,20,2026-11-14,199
2801,OFF83NOW2801,20,2026-11-04,0
2802,SAVE70X2802,25,2026-02-01,299
2803,SAVE312803,40,2026-02-22,1999
2804,OFF46NOW2804,50,2026-09-24,199
2805,SAVE13X2805,25,2027-03-10,499
2806,GET342806,50,2026-01-13,299
2807,FLAT73PLUS2807,15,2026-04-01,1499
2808,SUPER68NOW2808,50,2026-07-15,1499
2809,DEAL78X2809,10,2026-01-19,0
2810,SUPER90PLUS2810,30,2026-08-06,1499
2811,GET57NOW2811,25,2027-05-31,0
2812,DEAL322812,40,2026-10-30,199
2813,MEGA392813,10,2026-07-20,299
2814,GET40X2814,30,2026-08-30,999
2815,FLAT16PLUS2815,5,2027-05-06,1999
2816,GET682816,40,2026-11-01,1499
2817,MEGA862817,25,2027-07-23,2999
2818,MEGA12X2818,30,2027-04-11,499
2819,MEGA60PLUS2819,50,2027-07-12,1499
2820,OFF142820,25,2027-04-07,2999
2821,GET40PLUS2821,25,2026-01-05,299
2822,DEAL55X2822,30,2026-08-05,999
2823,SAVE842823,15,2027-03-06,1499
2824,SAVE57X2824,25,2026-01-17,0
2825,FLAT27NOW2825,5,2027-02-04,0
2826,DEAL82PLUS2826,25,2026-08-15,199
2827,MEGA66X2827,15,2027-04-01,199
2828,OFF72PLUS2828,10,2027-02-04,1999
2829,GET65NOW2829,25,2027-04-27,499
2830,DEAL70NOW2830,10,2026-10-07,1999
2831,MEGA25X2831,15,2026-04-20,0
2832,SAVE27X2832,20,2027-07-15,1999
2833,DEAL66X2833,25,2027-07-14,1499
2834,GET82NOW2834,40,2026-02-15,999
2835,GET28PLUS2835,50,2026-03-22,2999
2836,OFF122836,50,2027-04-29,0
2837,GET74X2837,15,2026-12-05,1999
2838,SAVE80NOW2838,25,2027-07-19,2999
2839,OFF90NOW2839,5,2027-01-22,999
2840,FLAT63PLUS2840,40,2027-04-15,1999
2841,SUPER68PLUS2841,20,2026-04-28,299
2842,FLAT39PLUS2842,25,2027-01-06,299
2843,GET502843,25,2026-04-09,199
2844,DEAL29NOW2844,10,2027-06-11,999
2845,SUPER25PLUS2845,15,2027-08-08,1999
2846,SAVE84NOW2846,40,2026-10-25,499
2847,GET392847,20,2026-10-01,1499
2848,OFF13PLUS2848,10,2026-03-22,199
2849,FLAT21X2849,10,2027-01-31,1499
2850,GET652850,50,2027-01-07,299
2851,SAVE23X2851,40,2026-03-13,1499
2852,MEGA72PLUS2852,20,2027-07-11,1499
2853,SAVE15PLUS2853,5,2026-01-15,2999
2854,MEGA11NOW2854,40,2027-04-26,999
2855,OFF34PLUS2855,5,2027-06-11,1499
2856,OFF67X2856,10,2027-04-01,499
2857,DEAL28PLUS2857,30,2026-03-04,0
2858,MEGA54X2858,50,2027-03-23,1999
2859,GET862859,20,2026-05-27,199
2860,SUPER10PLUS2860,50,2027-06-13,1999
2861,GET34NOW2861,40,2026-07-12,299
2862,MEGA88X2862,40,2027-01-23,1499
2863,DEAL59NOW2863,50,2026-03-09,2999
2864,MEGA252864,40,2026-11-15,199
2865,SAVE14NOW2865,10,2026-10-26,299
2866,GET13PLUS2866,25,2026-08-21,999
2867,DEAL81NOW2867,5,2027-06-13,2999
2868,GET752868,15,2026-01-01,1499
2869,SAVE54NOW2869,40,2027-06-05,999
2870,GET42PLUS2870,40,2026-08-21,499
2871,MEGA672871,50,2027-02-03,1499
2872,MEGA122872,10,2026-12-27,199
2873,DEAL48NOW2873,25,2027-06-30,999
2874,GET31NOW2874,50,2026-08-14,299
2875,SAVE86PLUS2875,40,2027-07-05,999
2876,FLAT38PLUS2876,10,2026-07-15,2999
2877,GET192877,20,2026-11-26,999
2878,SAVE70X2878,40,2027-01-25,199
2879,SUPER38PLUS2879,50,2026-08-29,2999
2880,FLAT20NOW2880,50,2027-06-05,2999
2881,DEAL592881,25,2027-03-19,499
2882,MEGA582882,15,2026-04-13,2999
2883,OFF21NOW2883,5,2026-07-19,999
2884,OFF84PLUS2884,5,2027-04-02,499
2885,DEAL482885,20,2027-08-03,1999
2886,MEGA86NOW2886,50,2026-06-02,2999
2887,FLAT54PLUS2887,5,2026-02-19,499
2888,FLAT85NOW2888,15,2026-07-03,1999
2889,SUPER84NOW2889,40,2026-09-10,2999
2890,SUPER20X2890,15,2027-04-07,1999
2891,FLAT37X2891,30,2026-02-10,1999
2892,FLAT15PLUS2892,15,2027-07-17,199
2893,FLAT42NOW2893,5,2026-01-13,2999
2894,FLAT502894,50,2026-11-09,999
2895,FLAT65X2895,40,2026-12-13,999
2896,MEGA17NOW2896,5,2026-10-23,999
2897,OFF802897,5,2026-09-17,299
2898,DEAL612898,15,2026-02-12,1499
2899,SAVE27NOW2899,15,2026-03-23,1499
2900,SAVE262900,50,2026-04-11,499
2901,OFF53NOW2901,5,2026-05-20,299
2902,SUPER88PLUS2902,10,2026-03-08,199
2903,FLAT432903,25,2026-11-15,299
2904,SUPER29PLUS2904,5,2026-11-10,499
2905,MEGA75NOW2905,5,2026-06-02,0
2906,DEAL27NOW2906,5,2026-12-30,2999
2907,SUPER13X2907,5,2026-08-06,1999
2908,SUPER512908,15,2026-10-20,299
2909,FLAT522909,30,2027-07-29,999
2910,FLAT30PLUS2910,5,2027-05-23,299
2911,SAVE70PLUS2911,5,2027-03-26,299
2912,GET902912,20,2026-04-26,0
2913,GET49NOW2913,30,2026-12-25,299
2914,GET32PLUS2914,10,2026-06-13,0
2915,SAVE132915,5,2026-06-25,1999
2916,SAVE11NOW2916,50,2026-10-09,199
2917,DEAL65PLUS2917,50,2027-07-17,999
2918,FLAT74PLUS2918,25,2026-03-04,2999
2919,GET53X2919,5,2026-10-06,199
2920,DEAL23NOW2920,20,2026-07-14,299
2921,GET55PLUS2921,30,2027-02-02,499
2922,SAVE73PLUS2922,5,2026-03-06,999
2923,GET412923,10,2026-11-08,999
2924,MEGA75NOW2924,40,2026-08-16,0
2925,MEGA67NOW2925,50,2026-05-16,299
2926,FLAT36NOW2926,15,2026-06-13,499
2927,FLAT222927,25,2026-11-10,2999
2928,DEAL49PLUS2928,50,2027-06-21,2999
2929,FLAT632929,30,2026-04-27,1499
2930,SAVE22X2930,25,2026-05-19,499
2931,SUPER742931,25,2026-08-01,999
2932,FLAT492932,5,2026-12-07,299
2933,FLAT16PLUS2933,40,2026-05-04,999
2934,SAVE24PLUS2934,30,2026-06-22,1999
2935,GET71NOW2935,10,2026-09-29,199
2936,MEGA26NOW2936,15,2026-03-13,199
2937,SAVE48NOW2937,50,2027-04-11,499
2938,FLAT57NOW2938,30,2026-08-16,199
2939,OFF35X2939,5,2027-04-17,999
2940,GET782940,15,2026-04-11,0
2941,GET70X2941,30,2026-03-15,1499
2942,GET71PLUS2942,10,2027-03-17,1499
2943,SUPER58NOW2943,30,2026-07-03,2999
2944,FLAT85X2944,20,2027-08-06,1499
2945,MEGA27NOW2945,5,2027-01-10,499
2946,DEAL25X2946,20,2027-06-23,1499
2947,SAVE69NOW2947,30,2027-01-23,999
2948,FLAT102948,5,2026-05-29,1499
2949,OFF41NOW2949,10,2026-09-02,299
2950,DEAL39PLUS2950,25,2027-06-27,1999
2951,OFF87X2951,5,2026-04-16,0
2952,OFF17X2952,50,2026-01-07,1499
2953,FLAT20NOW2953,30,2027-07-26,1999
2954,GET16NOW2954,30,2027-01-01,2999
2955,DEAL60NOW2955,50,2026-05-28,299
2956,FLAT42X2956,30,2026-05-25,0
2957,MEGA16X2957,5,2026-09-11,1499
2958,MEGA19X2958,15,2026-10-07,1999
2959,GET51NOW2959,50,2027-02-12,299
2960,FLAT35PLUS2960,20,2026-05-17,0
2961,FLAT71PLUS2961,40,2026-06-03,1999
2962,SUPER28X2962,5,2027-06-12,199
2963,OFF22NOW2963,15,2027-02-14,199
2964,GET65X2964,20,2027-06-08,999
2965,GET86PLUS2965,25,2026-03-23,999
2966,FLAT46X2966,40,2027-02-20,999
2967,OFF61PLUS2967,15,2027-05-20,499
2968,SAVE882968,50,2026-08-28,1499
2969,DEAL12X2969,50,2027-04-23,299
2970,FLAT462970,40,2027-03-23,0
2971,SUPER35NOW2971,15,2027-06-18,999
2972,SUPER61X2972,15,2026-05-26,999
2973,GET43NOW2973,15,2027-05-19,999
2974,SAVE17NOW2974,40,2026-08-03,1499
2975,FLAT21NOW2975,15,2026-03-07,1499
2976,FLAT57NOW2976,40,2026-11-12,199
2977,SAVE36X2977,20,2026-11-13,0
2978,SUPER19NOW2978,20,2026-04-21,0
2979,SAVE72NOW2979,5,2026-10-23,0
2980,SUPER89PLUS2980,5,2027-01-05,1999
2981,SUPER50NOW2981,40,2026-03-31,299
2982,SAVE31NOW2982,5,2026-04-02,299
2983,SUPER84X2983,5,2026-06-20,299
2984,FLAT34NOW2984,30,2027-06-25,1999
2985,FLAT40NOW2985,40,2027-07-20,299
2986,SAVE31PLUS2986,40,2027-01-02,199
2987,SAVE89NOW2987,10,2026-06-01,1999
2988,SAVE432988,20,2026-07-21,1499
2989,SUPER89NOW2989,10,2027-06-19,1499
2990,MEGA43PLUS2990,50,2027-03-31,1499
2991,OFF53NOW2991,40,2026-09-26,499
2992,OFF89X2992,10,2026-09-19,999
2993,GET67NOW2993,40,2027-04-26,0
2994,SAVE45PLUS2994,5,2027-03-30,199
2995,FLAT66NOW2995,10,2026-07-17,199
2996,DEAL67NOW2996,25,2026-02-08,999
2997,MEGA382997,25,2026-12-10,499
2998,MEGA882998,15,2027-04-29,0
2999,FLAT39PLUS2999,20,2026-01-13,299
3000,SAVE33NOW3000,50,2027-03-28,199
3001,MEGA143001,50,2026-07-18,0
3002,DEAL703002,30,2027-02-28,299
3003,SUPER31PLUS3003,20,2026-12-15,299
3004,SUPER81PLUS3004,20,2026-12-10,999
3005,SAVE15NOW3005,20,2026-08-18,299
3006,SUPER283006,50,2026-08-27,1999
3007,DEAL65NOW3007,25,2026-01-22,499
3008,SAVE70PLUS3008,15,2026-08-27,1999
3009,DEAL62NOW3009,40,2026-02-19,0
3010,DEAL693010,5,2026-08-29,1999
3011,GET133011,5,2027-02-01,199
3012,SAVE853012,20,2027-07-29,0
3013,GET903013,30,2027-03-16,1999
3014,FLAT17X3014,25,2027-01-11,199
3015,DEAL67PLUS3015,50,2026-06-24,999
3016,MEGA58X3016,20,2026-07-02,1999
3017,SUPER88PLUS3017,10,2027-03-18,499
3018,DEAL16NOW3018,5,2027-04-27,999
3019,OFF64NOW3019,25,2027-04-06,999
3020,DEAL85X3020,50,2026-07-25,999
3021,DEAL26NOW3021,15,2027-05-25,0
3022,SAVE67PLUS3022,40,2026-07-31,2999
3023,SAVE39NOW3023,25,2026-10-14,1499
3024,MEGA643024,40,2026-11-04,299
3025,OFF43NOW3025,50,2027-02-03,1999
3026,MEGA543026,30,2026-01-01,299
3027,FLAT86X3027,20,2027-05-20,199
3028,GET10NOW3028,10,2027-07-13,299
3029,SUPER72PLUS3029,25,2027-06-17,299
3030,GET573030,5,2026-03-19,1499
3031,OFF81NOW3031,50,2026-12-09,999
3032,FLAT18PLUS3032,50,2027-03-30,0
3033,SAVE11NOW3033,15,2027-02-08,199
3034,OFF74NOW3034,10,2027-05-08,0
3035,SUPER68PLUS3035,5,2026-10-10,299
3036,SUPER36NOW3036,10,2026-06-22,1499
3037,SAVE52X3037,40,2027-05-18,199
3038,FLAT54NOW3038,10,2026-07-26,1999
3039,SAVE18NOW3039,10,2026-01-13,1499
3040,MEGA22NOW3040,40,2026-07-08,0
3041,FLAT49PLUS3041,25,2027-04-16,499
3042,OFF80NOW3042,20,2027-04-12,0
3043,SAVE49PLUS3043,25,2026-04-14,1999
3044,MEGA143044,10,2026-01-08,0
3045,GET65X3045,50,2027-06-14,1499
3046,SAVE86NOW3046,30,2026-02-09,999
3047,MEGA10PLUS3047,40,2027-05-21,1999
3048,SUPER27PLUS3048,40,2026-12-14,499
3049,SUPER35NOW3049,10,2026-08-08,0
3050,MEGA60X3050,30,2027-03-18,999
3051,DEAL403051,10,2027-05-13,499
3052,GET19PLUS3052,40,2027-03-21,1499
3053,GET20X3053,5,2026-06-21,1499
3054,DEAL21X3054,5,2027-02-21,999
3055,FLAT88X3055,50,2026-04-18,0
3056,MEGA60NOW3056,25,2027-02-21,299
3057,MEGA633057,30,2026-03-21,1499
3058,SUPER53NOW3058,30,2026-04-07,299
3059,DEAL62PLUS3059,30,2026-09-08,0
3060,GET84NOW3060,15,2027-07-03,1999
3061,FLAT14NOW3061,5,2027-07-14,0
3062,SUPER44X3062,50,2026-09-04,1499
3063,GET89X3063,10,2026-09-26,999
3064,FLAT74NOW3064,10,2027-07-29,299
3065,GET55PLUS3065,30,2026-12-22,2999
3066,GET63X3066,50,2026-12-21,0
3067,MEGA11PLUS3067,25,2027-03-01,499
3068,OFF883068,25,2027-08-03,999
3069,FLAT20X3069,40,2026-07-27,2999
3070,SAVE703070,20,2027-03-21,0
3071,OFF21X3071,30,2027-05-14,2999
3072,OFF213072,40,2026-05-10,499
3073,MEGA763073,20,2026-01-05,2999
3074,DEAL53X3074,25,2027-04-28,299
3075,SUPER13X3075,40,2026-08-11,499
3076,SAVE49X3076,10,2027-03-21,1999
3077,GET32NOW3077,30,2027-02-02,1999
3078,MEGA54X3078,20,2026-12-24,999
3079,DEAL39PLUS3079,50,2026-01-17,999
3080,FLAT31PLUS3080,5,2026-11-26,999
3081,SAVE40NOW3081,15,2026-01-05,499
3082,MEGA833082,5,2026-08-15,999
3083,SUPER45PLUS3083,20,2027-08-01,1999
3084,SAVE23X3084,15,2026-12-08,1999
3085,GET37NOW3085,40,2026-02-02,1499
3086,OFF27PLUS3086,50,2027-04-10,999
3087,MEGA26NOW3087,25,2026-05-21,999
3088,SAVE493088,25,2027-02-13,999
3089,SUPER51NOW3089,5,2026-08-16,1999
3090,DEAL723090,10,2027-07-29,1499
3091,SAVE15X3091,50,2026-08-18,999
3092,DEAL66NOW3092,5,2026-04-17,1499
3093,SAVE543093,10,2026-11-28,2999
3094,GET21X3094,30,2027-05-19,0
3095,FLAT463095,50,2026-05-06,1999
3096,MEGA493096,15,2027-06-16,199
3097,OFF853097,25,2027-04-11,999
3098,OFF363098,10,2026-09-11,199
3099,FLAT23PLUS3099,50,2026-07-06,2999
3100,SUPER13PLUS3100,10,2027-04-03,2999
3101,OFF18NOW3101,50,2026-09-03,2999
3102,SAVE863102,25,2026-03-10,2999
3103,OFF26NOW3103,40,2026-06-02,199
3104,MEGA39PLUS3104,5,2026-07-13,0
3105,SAVE39NOW3105,15,2027-01-14,299
3106,SAVE49X3106,50,2027-01-23,0
3107,SUPER243107,40,2027-06-03,0
3108,SUPER16PLUS3108,50,2027-01-06,499
3109,GET36X3109,20,2026-11-04,0
3110,DEAL57X3110,5,2027-06-13,199
3111,SAVE783111,50,2026-02-10,299
3112,SAVE27NOW3112,30,2027-05-07,2999
3113,OFF82NOW3113,20,2026-11-09,0
3114,MEGA46PLUS3114,50,2026-06-20,299
3115,SUPER643115,40,2026-04-13,299
3116,SUPER16X3116,40,2026-04-27,2999
3117,DEAL723117,25,2027-01-15,999
3118,FLAT423118,15,2027-07-05,999
3119,DEAL73PLUS3119,5,2027-01-09,999
3120,DEAL29X3120,30,2026-02-16,1999
3121,FLAT90X3121,10,2027-02-01,1999
3122,SAVE813122,15,2027-04-02,499
3123,DEAL45NOW3123,30,2026-05-08,0
3124,DEAL72NOW3124,25,2026-10-10,1999
3125,GET283125,40,2026-03-21,1499
3126,MEGA12PLUS3126,10,2027-06-05,999
3127,FLAT393127,10,2026-04-15,0
3128,FLAT143128,25,2026-10-11,0
3129,MEGA773129,5,2026-12-21,2999
3130,SUPER14PLUS3130,20,2026-03-16,299
3131,OFF34X3131,10,2026-06-03,199
3132,GET55PLUS3132,20,2027-01-05,2999
3133,DEAL183133,5,2027-05-25,1999
3134,SAVE69PLUS3134,50,2026-08-13,499
3135,SAVE33X3135,40,2026-04-28,1499
3136,SUPER36PLUS3136,25,2027-04-20,199
3137,GET60NOW3137,40,2026-03-31,1499
3138,FLAT89NOW3138,10,2027-07-23,199
3139,FLAT49X3139,5,2027-03-04,0
3140,GET66PLUS3140,5,2026-09-26,199
3141,OFF52X3141,25,2027-02-15,999
3142,FLAT883142,50,2026-03-15,0
3143,SAVE60NOW3143,30,2026-05-30,199
3144,SUPER52X3144,10,2026-05-19,1499
3145,SUPER16PLUS3145,15,2027-01-27,1499
3146,OFF34NOW3146,30,2026-10-07,999
3147,SUPER103147,25,2026-05-07,2999
3148,SUPER77PLUS3148,40,2026-09-17,1999
3149,OFF64PLUS3149,40,2026-07-11,0
3150,DEAL593150,25,2027-01-24,2999
3151,MEGA78X3151,5,2026-04-07,1499
3152,GET79X3152,5,2027-07-30,299
3153,SAVE273153,40,2027-02-15,0
3154,OFF74PLUS3154,25,2026-07-24,2999
3155,GET26PLUS3155,5,2026-09-11,999
3156,GET64PLUS3156,5,2027-02-22,1499
3157,GET28PLUS3157,15,2027-04-08,499
3158,FLAT21PLUS3158,20,2026-04-23,1499
3159,GET433159,10,2027-06-15,1499
3160,SAVE76NOW3160,25,2027-06-17,299
3161,SAVE85PLUS3161,25,2026-09-29,299
3162,OFF73PLUS3162,15,2026-10-19,199
3163,OFF333163,40,2027-05-04,499
3164,OFF76PLUS3164,15,2027-03-24,199
3165,FLAT163165,40,2026-12-21,2999
3166,MEGA36X3166,10,2026-02-04,2999
3167,MEGA32X3167,40,2026-07-19,499
3168,FLAT323168,40,2026-02-10,1999
3169,SUPER42PLUS3169,10,2026-11-02,199
3170,SUPER73PLUS3170,5,2026-08-23,999
3171,FLAT46X3171,5,2027-01-02,199
3172,FLAT323172,5,2027-04-05,0
3173,SUPER72X3173,15,2026-03-11,299
3174,OFF69X3174,30,2026-01-05,1999
3175,FLAT37NOW3175,30,2026-09-14,0
3176,FLAT28PLUS3176,40,2027-01-08,299
3177,FLAT55NOW3177,30,2026-07-06,299
3178,FLAT54NOW3178,15,2026-05-20,1499
3179,GET783179,25,2027-01-12,299
3180,GET14PLUS3180,30,2027-05-20,999
3181,GET28NOW3181,25,2026-09-18,499
3182,FLAT59PLUS3182,30,2026-06-14,999
3183,MEGA483183,20,2026-04-20,1499
3184,FLAT49X3184,50,2026-08-26,199
3185,MEGA513185,25,2026-08-20,1999
3186,GET18X3186,5,2026-12-21,499
3187,FLAT22PLUS3187,10,2026-06-04,199
3188,DEAL903188,20,2027-03-21,0
3189,MEGA15PLUS3189,5,2026-02-02,0
3190,OFF39X3190,50,2026-05-09,0
3191,SAVE583191,5,2027-01-27,1999
3192,SUPER83NOW3192,50,2027-04-03,1999
3193,SUPER72X3193,30,2026-04-10,999
3194,GET39NOW3194,50,2027-05-03,499
3195,OFF46NOW3195,15,2027-08-09,0
3196,SAVE54X3196,40,2026-02-22,0
3197,SUPER19X3197,25,2026-12-25,999
3198,GET67NOW3198,5,2026-03-07,1999
3199,DEAL79X3199,10,2026-09-17,999
3200,SAVE80PLUS3200,15,2026-07-07,1499
3201,SUPER38NOW3201,15,2026-05-06,2999
3202,SUPER36X3202,40,2026-04-22,199
3203,SAVE62NOW3203,50,2027-06-12,2999
3204,DEAL76NOW3204,5,2027-07-04,999
3205,DEAL63X3205,5,2026-06-18,499
3206,SAVE593206,25,2026-12-01,199
3207,FLAT42X3207,40,2026-07-22,1499
3208,FLAT513208,15,2027-07-06,199
3209,SUPER70PLUS3209,30,2027-07-28,1499
3210,DEAL793210,50,2026-11-29,999
3211,SAVE27PLUS3211,20,2026-11-25,299
3212,SUPER39X3212,20,2026-12-17,199
3213,DEAL39X3213,30,2026-12-20,199
3214,SUPER68X3214,10,2026-11-29,1499
3215,MEGA35PLUS3215,50,2027-04-29,499
3216,SAVE86PLUS3216,40,2027-06-01,0
3217,GET61X3217,30,2026-04-06,1999
3218,MEGA153218,20,2026-12-11,1999
3219,GET52PLUS3219,5,2026-09-02,999
3220,SUPER44NOW3220,25,2027-04-03,199
3221,MEGA123221,10,2027-01-27,1999
3222,DEAL783222,40,2027-01-16,199
3223,FLAT15NOW3223,25,2026-08-17,2999
3224,FLAT56PLUS3224,10,2026-10-20,2999
3225,SUPER41NOW3225,50,2026-05-07,0
3226,DEAL80X3226,20,2027-01-15,1999
3227,OFF20X3227,30,2026-08-06,1499
3228,OFF89PLUS3228,50,2026-02-23,1999
3229,MEGA853229,15,2027-01-04,199
3230,MEGA43NOW3230,15,2026-02-03,1999
3231,GET74X3231,50,2027-03-03,999
3232,DEAL38PLUS3232,30,2026-06-21,0
3233,FLAT58NOW3233,30,2027-06-30,999
3234,DEAL453234,25,2027-01-05,0
3235,DEAL31PLUS3235,10,2026-05-29,299
3236,DEAL73X3236,40,2027-06-13,2999
3237,OFF62X3237,20,2026-09-09,299
3238,DEAL38PLUS3238,10,2027-07-13,2999
3239,MEGA56X3239,50,2026-07-24,199
3240,OFF243240,15,2027-05-21,1499
3241,DEAL38PLUS3241,10,2026-03-19,299
3242,OFF11X3242,20,2027-01-02,2999
3243,DEAL88X3243,5,2026-11-29,1999
3244,SUPER56PLUS3244,20,2026-04-13,1999
3245,SAVE893245,50,2026-05-19,499
3246,MEGA83NOW3246,10,2026-07-19,2999
3247,OFF45PLUS3247,40,2026-08-01,199
3248,MEGA29NOW3248,50,2026-07-13,1499
3249,SUPER42PLUS3249,20,2026-10-10,199
3250,SAVE47X3250,5,2026-01-25,1499
3251,SAVE183251,25,2027-04-20,499
3252,OFF28X3252,10,2026-09-21,999
3253,DEAL27PLUS3253,40,2026-02-21,1499
3254,DEAL273254,20,2027-07-29,1999
3255,SAVE74X3255,50,2026-05-02,499
3256,MEGA63X3256,20,2026-04-10,499
3257,GET63X3257,50,2027-05-11,999
3258,FLAT47X3258,30,2027-03-02,499
3259,GET60X3259,30,2026-03-29,1999
3260,SUPER47NOW3260,20,2026-11-09,999
3261,OFF67PLUS3261,25,2026-04-08,1999
3262,SAVE31X3262,20,2026-01-14,0
3263,OFF143263,10,2026-11-08,1999
3264,FLAT37X3264,25,2027-05-01,1499
3265,DEAL673265,5,2026-12-19,1999
3266,FLAT163266,25,2026-09-14,999
3267,GET77X3267,50,2026-09-09,199
3268,DEAL58X3268,25,2026-04-13,2999
3269,MEGA68PLUS3269,25,2026-04-27,299
3270,DEAL73NOW3270,15,2026-06-10,2999
3271,SUPER333271,50,2026-04-19,499
3272,FLAT683272,25,2026-01-06,199
3273,SAVE63NOW3273,30,2027-04-30,299
3274,DEAL843274,40,2027-03-03,999
3275,MEGA65NOW3275,15,2027-04-02,999
3276,GET67NOW3276,5,2026-06-27,999
3277,FLAT773277,30,2026-01-27,0
3278,SAVE21X3278,40,2026-01-02,2999
3279,DEAL60PLUS3279,50,2027-05-09,299
3280,MEGA66X3280,5,2026-05-14,2999
3281,SUPER76PLUS3281,20,2027-03-29,499
3282,GET183282,50,2027-06-20,1999
3283,DEAL30PLUS3283,50,2026-05-13,299
3284,MEGA613284,30,2026-02-14,1499
3285,MEGA12X3285,50,2026-05-14,999
3286,GET753286,15,2026-11-18,299
3287,OFF64X3287,5,2026-04-18,0
3288,FLAT78PLUS3288,25,2027-06-03,1499
3289,OFF31PLUS3289,50,2026-07-03,1999
3290,MEGA73PLUS3290,50,2026-03-06,1999
3291,DEAL24X3291,20,2027-04-17,1499
3292,GET42X3292,10,2026-01-18,499
3293,SUPER42NOW3293,40,2026-03-10,0
3294,MEGA48PLUS3294,15,2026-04-02,1499
3295,SAVE763295,40,2026-12-22,199
3296,DEAL12NOW3296,5,2026-02-08,0
3297,SUPER31PLUS3297,30,2027-05-21,1499
3298,SUPER36X3298,10,2026-12-27,1499
3299,DEAL31PLUS3299,50,2026-01-08,199
3300,OFF663300,40,2027-07-12,999
3301,OFF88PLUS3301,10,2027-01-23,2999
3302,SUPER40PLUS3302,25,2026-09-23,0
3303,MEGA42X3303,20,2026-10-06,2999
3304,DEAL79NOW3304,30,2026-05-13,2999
3305,SAVE26X3305,25,2026-12-05,1999
3306,DEAL50PLUS3306,20,2026-12-19,299
3307,FLAT88X3307,15,2026-08-05,0
3308,SAVE13PLUS3308,50,2026-03-24,499
3309,MEGA28PLUS3309,40,2027-03-11,0
3310,FLAT17NOW3310,50,2027-01-08,499
3311,GET30NOW3311,20,2027-07-09,299
3312,OFF56PLUS3312,25,2026-03-31,199
3313,FLAT34NOW3313,20,2026-11-21,999
3314,OFF27X3314,15,2026-12-03,2999
3315,OFF10NOW3315,15,2026-09-24,0
3316,GET85NOW3316,30,2026-10-19,0
3317,DEAL223317,25,2026-12-09,2999
3318,SUPER583318,20,2027-07-01,999
3319,SAVE70X3319,40,2026-09-03,999
3320,OFF17PLUS3320,30,2027-01-25,2999
3321,MEGA49NOW3321,25,2026-03-06,199
3322,SUPER863322,15,2027-05-18,1999
3323,FLAT56PLUS3323,5,2026-10-29,1999
3324,OFF713324,25,2026-05-29,0
3325,SUPER86NOW3325,50,2026-04-01,999
3326,MEGA28PLUS3326,50,2027-07-04,199
3327,FLAT69X3327,40,2027-07-12,499
3328,OFF343328,5,2026-03-03,2999
3329,SAVE903329,25,2027-01-01,1999
3330,FLAT86PLUS3330,25,2026-08-03,199
3331,OFF36PLUS3331,5,2026-07-01,2999
3332,DEAL47NOW3332,50,2026-05-01,299
3333,GET64X3333,10,2026-09-04,299
3334,OFF103334,25,2027-02-06,1499
3335,FLAT18NOW3335,20,2026-11-08,199
3336,SAVE15NOW3336,25,2027-04-20,0
3337,SAVE13NOW3337,5,2026-03-14,1999
3338,SAVE813338,40,2026-07-30,1499
3339,GET223339,20,2027-02-22,0
3340,GET83X3340,20,2026-04-17,1999
3341,SAVE35PLUS3341,25,2026-03-10,1999
3342,MEGA24X3342,30,2027-01-24,199
3343,DEAL62PLUS3343,15,2027-03-27,0
3344,MEGA37NOW3344,15,2026-06-12,299
3345,SAVE49X3345,15,2026-08-17,2999
3346,SUPER41PLUS3346,10,2026-06-06,2999
3347,OFF34NOW3347,50,2026-07-27,2999
3348,MEGA593348,30,2026-03-01,0
3349,GET20NOW3349,50,2027-01-07,1499
3350,DEAL37X3350,50,2026-03-09,2999
3351,DEAL21PLUS3351,30,2027-05-10,499
3352,MEGA13NOW3352,5,2027-05-30,199
3353,SAVE193353,50,2027-07-09,499
3354,DEAL683354,30,2026-08-13,499
3355,FLAT563355,25,2026-11-22,1499
3356,OFF72X3356,15,2026-10-04,0
3357,SUPER403357,50,2027-04-12,1499
3358,SAVE603358,25,2026-10-06,1499
3359,OFF85NOW3359,50,2027-02-08,199
3360,SAVE78PLUS3360,15,2026-02-08,2999
3361,FLAT64NOW3361,10,2026-02-07,499
3362,SAVE773362,50,2027-01-07,299
3363,SUPER68PLUS3363,40,2026-09-21,999
3364,SAVE643364,10,2026-11-30,999
3365,MEGA153365,20,2027-06-12,199
3366,SUPER373366,10,2027-03-22,299
3367,SAVE41X3367,20,2027-04-05,199
3368,OFF773368,20,2026-08-09,1999
3369,GET643369,25,2027-06-23,499
3370,FLAT90NOW3370,20,2027-06-22,0
3371,MEGA80PLUS3371,20,2026-07-05,199
3372,FLAT39PLUS3372,25,2027-05-29,1499
3373,MEGA49NOW3373,5,2026-12-13,999
3374,MEGA34PLUS3374,30,2027-03-28,499
3375,DEAL28NOW3375,25,2026-09-18,1999
3376,SAVE57X3376,30,2026-05-03,499
3377,MEGA13PLUS3377,5,2027-05-25,1999
3378,MEGA71X3378,40,2027-06-01,499
3379,GET63NOW3379,40,2027-03-14,1499
3380,DEAL473380,5,2026-05-15,499
3381,FLAT103381,25,2026-01-18,299
3382,SUPER79X3382,40,2027-07-17,999
3383,SUPER19X3383,15,2027-01-29,499
3384,MEGA66PLUS3384,40,2026-01-12,299
3385,SUPER18PLUS3385,15,2026-08-28,499
3386,SAVE893386,40,2027-07-01,0
3387,DEAL76PLUS3387,40,2026-10-04,1499
3388,GET233388,25,2026-05-28,1999
3389,SAVE32PLUS3389,20,2026-06-01,2999
3390,DEAL63PLUS3390,15,2027-02-08,2999
3391,FLAT563391,50,2026-03-14,299
3392,FLAT24NOW3392,20,2026-03-24,1499
3393,OFF81NOW3393,15,2026-01-21,499
3394,GET153394,50,2026-02-08,0
3395,SAVE18PLUS3395,40,2027-04-13,499
3396,GET38X3396,50,2026-11-01,999
3397,SUPER84NOW3397,40,2026-08-03,499
3398,GET52X3398,25,2026-09-25,499
3399,SUPER80PLUS3399,10,2026-01-19,199
3400,SAVE62PLUS3400,15,2027-03-29,999
3401,FLAT853401,15,2026-12-08,199
3402,MEGA593402,20,2027-07-28,2999
3403,GET12X3403,25,2026-12-02,1999
3404,GET37PLUS3404,20,2026-02-10,499
3405,SAVE66X3405,5,2026-08-19,499
3406,DEAL38PLUS3406,15,2026-11-25,1999
3407,SUPER69PLUS3407,5,2027-06-24,199
3408,SUPER70PLUS3408,10,2027-01-25,1499
3409,DEAL173409,40,2027-05-17,2999
3410,SUPER67PLUS3410,30,2027-04-14,999
3411,DEAL30X3411,10,2026-10-19,1999
3412,OFF60X3412,5,2026-06-25,199
3413,SAVE63PLUS3413,40,2027-07-22,499
3414,MEGA69PLUS3414,30,2026-08-04,499
3415,DEAL22NOW3415,20,2026-06-23,999
3416,FLAT703416,10,2026-02-27,1499
3417,FLAT843417,40,2026-09-17,299
3418,FLAT12X3418,5,2026-01-17,999
3419,GET40PLUS3419,15,2026-04-15,299
3420,DEAL26PLUS3420,15,2026-11-27,999
3421,OFF47X3421,30,2027-06-05,299
3422,GET38PLUS3422,15,2027-03-13,1999
3423,DEAL12X3423,15,2026-07-05,1499
3424,GET753424,15,2027-07-23,0
3425,FLAT493425,40,2027-01-10,199
3426,OFF24NOW3426,30,2026-07-24,1499
3427,FLAT25PLUS3427,15,2026-09-11,299
3428,SAVE54PLUS3428,15,2026-07-08,199
3429,SAVE26PLUS3429,30,2026-01-22,1499
3430,DEAL593430,25,2026-05-03,299
3431,OFF803431,20,2027-04-03,199
3432,MEGA52PLUS3432,30,2026-03-26,1499
3433,DEAL57PLUS3433,15,2026-04-02,299
3434,FLAT33PLUS3434,15,2027-04-01,1499
3435,FLAT47X3435,10,2027-04-16,0
3436,SUPER44X3436,15,2026-08-02,999
3437,OFF77X3437,20,2026-11-17,499
3438,OFF66PLUS3438,10,2027-03-02,499
3439,SAVE86X3439,10,2027-03-20,1499
3440,SUPER68PLUS3440,40,2027-03-22,999
3441,DEAL53X3441,30,2026-04-15,1499
3442,GET62NOW3442,20,2026-12-26,999
3443,MEGA66X3443,20,2027-01-28,299
3444,SUPER54NOW3444,20,2027-07-01,1499
3445,OFF57PLUS3445,15,2026-06-16,2999
3446,MEGA84NOW3446,25,2026-01-22,0
3447,MEGA17X3447,20,2027-06-27,0
3448,FLAT50X3448,15,2026-08-19,299
3449,OFF64X3449,25,2026-06-01,1999
3450,OFF31NOW3450,20,2026-01-25,1499
3451,OFF89NOW3451,25,2027-03-25,199
3452,OFF62PLUS3452,30,2026-09-11,299
3453,GET77NOW3453,15,2027-05-10,499
3454,DEAL24NOW3454,25,2026-02-03,199
3455,SAVE44NOW3455,20,2027-03-22,999
3456,GET31X3456,20,2026-10-28,199
3457,DEAL61NOW3457,15,2027-04-22,1999
3458,GET843458,40,2026-05-24,2999
3459,FLAT24NOW3459,40,2026-06-25,1499
3460,MEGA57X3460,50,2027-03-19,299
3461,GET55NOW3461,5,2027-02-02,499
3462,OFF64NOW3462,20,2027-08-04,1999
3463,SAVE21X3463,30,2026-05-02,1999
3464,SUPER633464,5,2026-10-16,1499
3465,DEAL11X3465,5,2027-05-06,1999
3466,SUPER39X3466,50,2027-04-05,499
3467,SUPER873467,10,2026-12-24,2999
3468,GET35NOW3468,30,2026-05-15,299
3469,OFF26NOW3469,40,2026-02-25,1999
3470,DEAL67X3470,50,2026-10-04,199
3471,GET30X3471,30,2026-05-30,199
3472,GET23PLUS3472,40,2026-06-27,999
3473,SUPER533473,20,2026-07-17,2999
3474,MEGA903474,40,2026-04-07,1999
3475,GET45X3475,20,2026-07-17,1499
3476,SUPER593476,30,2026-05-01,0
3477,MEGA153477,50,2026-07-29,0
3478,GET813478,30,2027-06-05,0
3479,OFF363479,40,2026-01-16,299
3480,GET23X3480,20,2026-11-29,0
3481,MEGA66NOW3481,50,2026-12-09,999
3482,MEGA843482,20,2027-03-09,299
3483,MEGA24X3483,20,2027-02-17,1999
3484,FLAT64X3484,5,2027-07-28,299
3485,OFF773485,25,2026-08-17,0
3486,FLAT70NOW3486,40,2027-03-02,199
3487,FLAT64X3487,20,2026-12-14,1499
3488,DEAL503488,40,2026-10-03,0
3489,SAVE62X3489,25,2026-08-29,999
3490,SAVE44PLUS3490,20,2026-09-25,0
3491,DEAL27PLUS3491,25,2027-02-14,1999
3492,FLAT84X3492,15,2026-11-26,499
3493,FLAT22NOW3493,10,2026-05-18,2999
3494,MEGA67NOW3494,20,2026-09-08,299
3495,DEAL10X3495,20,2027-03-18,199
3496,GET573496,25,2027-04-14,1499
3497,DEAL62PLUS3497,25,2027-02-18,2999
3498,OFF62X3498,50,2026-01-01,299
3499,SUPER38X3499,15,2027-02-19,0
3500,FLAT253500,50,2026-01-10,499
3501,SUPER89NOW3501,40,2027-05-13,1999
3502,GET68X3502,15,2026-02-20,1499
3503,DEAL41X3503,30,2027-05-22,299
3504,OFF233504,10,2026-06-01,1999
3505,MEGA22PLUS3505,50,2026-09-03,1999
3506,SUPER77PLUS3506,5,2026-12-11,0
3507,SUPER49PLUS3507,10,2027-06-22,999
3508,GET25PLUS3508,50,2026-12-19,199
3509,MEGA77NOW3509,15,2027-06-08,499
3510,DEAL85PLUS3510,30,2027-08-06,1999
3511,SAVE423511,5,2026-03-18,299
3512,FLAT61PLUS3512,10,2026-12-23,199
3513,SUPER45NOW3513,10,2026-04-30,499
3514,SAVE90NOW3514,30,2026-10-10,299
3515,SUPER69X3515,20,2026-01-24,499
3516,SUPER38PLUS3516,10,2026-11-27,499
3517,GET22NOW3517,15,2026-11-22,2999
3518,MEGA69NOW3518,20,2027-01-16,2999
3519,FLAT27PLUS3519,5,2027-06-06,199
3520,OFF72X3520,40,2026-06-02,299
3521,DEAL15NOW3521,10,2027-06-21,2999
3522,SUPER22PLUS3522,25,2026-05-13,1499
3523,MEGA53PLUS3523,5,2026-08-24,999
3524,GET83PLUS3524,50,2026-11-03,299
3525,FLAT49PLUS3525,10,2026-07-11,999
3526,FLAT83X3526,40,2026-07-23,1499
3527,SAVE86NOW3527,25,2026-07-21,1499
3528,SAVE44NOW3528,10,2027-05-10,2999
3529,SUPER10X3529,20,2026-06-13,1499
3530,DEAL49NOW3530,5,2026-03-10,499
3531,DEAL253531,15,2027-01-25,0
3532,SAVE54X3532,40,2026-01-23,199
3533,DEAL463533,15,2026-06-01,499
3534,SUPER25PLUS3534,50,2026-02-15,1499
3535,MEGA693535,50,2027-05-01,999
3536,FLAT77PLUS3536,20,2026-12-23,1999
3537,MEGA153537,15,2026-03-02,999
3538,FLAT52X3538,50,2026-05-29,1999
3539,FLAT35NOW3539,50,2026-07-12,1499
3540,GET33PLUS3540,40,2027-07-25,299
3541,GET29X3541,40,2026-09-20,299
3542,MEGA733542,40,2026-09-19,0
3543,FLAT67X3543,20,2027-02-21,999
3544,SUPER13X3544,40,2027-07-06,499
3545,OFF44NOW3545,5,2027-06-12,1999
3546,FLAT68PLUS3546,5,2026-10-05,1999
3547,DEAL613547,10,2026-01-06,2999
3548,GET79X3548,30,2027-04-13,1999
3549,GET623549,30,2026-10-05,199
3550,MEGA263550,15,2026-01-30,999
3551,DEAL60PLUS3551,25,2026-12-06,1499
3552,DEAL12PLUS3552,50,2026-04-18,0
3553,SAVE203553,40,2026-05-23,0
3554,GET71NOW3554,5,2027-03-08,299
3555,SAVE373555,20,2026-01-12,1999
3556,MEGA61PLUS3556,30,2026-10-10,2999
3557,OFF12X3557,40,2026-08-06,2999
3558,GET893558,5,2027-04-09,0
3559,MEGA46X3559,10,2027-01-14,199
3560,DEAL50PLUS3560,50,2026-04-21,199
3561,SUPER71X3561,50,2026-05-29,499
3562,OFF18PLUS3562,40,2026-10-20,1999
3563,MEGA39X3563,30,2027-06-22,499
3564,MEGA35NOW3564,25,2027-06-24,499
3565,MEGA563565,15,2027-05-14,0
3566,MEGA43NOW3566,10,2027-03-02,299
3567,SUPER723567,5,2026-09-11,0
3568,SAVE78X3568,15,2026-07-13,499
3569,SUPER51NOW3569,30,2026-06-29,999
3570,FLAT67NOW3570,30,2027-01-30,199
3571,OFF27X3571,15,2026-01-07,199
3572,DEAL133572,50,2026-02-02,999
3573,DEAL493573,50,2027-06-05,2999
3574,SUPER89X3574,20,2026-10-20,999
3575,OFF52PLUS3575,30,2026-01-29,299
3576,SAVE46NOW3576,10,2026-08-28,999
3577,DEAL903577,40,2026-04-18,2999
3578,OFF40PLUS3578,30,2026-03-16,2999
3579,MEGA27NOW3579,25,2026-02-23,999
3580,OFF50PLUS3580,25,2027-08-02,1499
3581,SUPER313581,50,2026-08-29,999
3582,MEGA80X3582,5,2026-09-07,499
3583,GET23X3583,10,2026-10-25,1999
3584,GET55PLUS3584,20,2027-05-04,0
3585,SAVE44NOW3585,50,2026-04-28,999
3586,GET51NOW3586,20,2026-11-12,199
3587,MEGA403587,20,2026-01-14,199
3588,FLAT49X3588,20,2027-07-10,1499
3589,DEAL303589,20,2027-03-29,0
3590,SUPER453590,30,2026-05-09,0
3591,FLAT79PLUS3591,50,2026-07-21,1999
3592,DEAL52X3592,20,2026-10-08,999
3593,MEGA253593,15,2026-07-15,299
3594,OFF87NOW3594,50,2026-11-04,499
3595,FLAT27PLUS3595,15,2027-05-09,199
3596,SAVE65PLUS3596,30,2027-03-13,499
3597,OFF51NOW3597,10,2027-05-16,0
3598,SAVE90NOW3598,25,2026-08-29,299
3599,FLAT59X3599,5,2026-07-17,499
3600,GET383600,25,2026-05-19,499
3601,OFF86X3601,15,2027-03-27,499
3602,SAVE15X3602,10,2026-07-11,999
3603,FLAT12X3603,30,2027-07-19,1499
3604,FLAT873604,10,2026-10-16,499
3605,DEAL83NOW3605,40,2027-03-17,0
3606,SAVE51NOW3606,30,2026-08-16,499
3607,SUPER57NOW3607,40,2027-02-18,1999
3608,GET603608,15,2026-08-26,1499
3609,OFF713609,10,2026-01-30,0
3610,SAVE51PLUS3610,5,2027-05-26,499
3611,OFF44NOW3611,5,2027-04-23,0
3612,SAVE42PLUS3612,25,2026-01-12,2999
3613,GET37X3613,30,2026-10-09,0
3614,MEGA583614,20,2026-04-10,0
3615,SAVE23PLUS3615,10,2027-03-09,1999
3616,FLAT47PLUS3616,10,2026-05-26,299
3617,GET18NOW3617,50,2026-01-22,1499
3618,GET39X3618,25,2026-01-27,199
3619,FLAT24NOW3619,10,2026-08-15,499
3620,FLAT33PLUS3620,10,2027-06-16,1999
3621,OFF72PLUS3621,5,2026-03-06,299
3622,DEAL72PLUS3622,15,2026-07-22,2999
3623,OFF81X3623,5,2026-11-21,1499
3624,DEAL24X3624,20,2026-04-26,499
3625,SAVE24PLUS3625,50,2027-01-26,2999
3626,OFF90PLUS3626,50,2026-08-08,499
3627,SAVE83PLUS3627,30,2026-11-21,499
3628,DEAL27X3628,40,2026-08-08,499
3629,DEAL32PLUS3629,15,2026-12-23,499
3630,GET803630,50,2026-11-21,999
3631,DEAL54X3631,20,2026-04-07,999
3632,FLAT41X3632,5,2026-12-18,1999
3633,SAVE733633,20,2027-02-23,1499
3634,GET163634,30,2026-07-15,499
3635,SUPER633635,15,2027-02-24,1499
3636,FLAT42PLUS3636,20,2027-03-28,299
3637,OFF143637,30,2027-05-15,299
3638,OFF70PLUS3638,40,2026-04-01,1499
3639,SUPER283639,10,2026-11-30,0
3640,DEAL143640,15,2027-04-15,999
3641,FLAT293641,20,2026-11-16,1499
3642,MEGA31PLUS3642,20,2026-07-30,999
3643,OFF44X3643,25,2027-07-22,1999
3644,SAVE68PLUS3644,5,2027-05-10,1499
3645,GET85X3645,10,2027-04-01,299
3646,SAVE45X3646,15,2026-06-08,199
3647,OFF73PLUS3647,5,2027-04-10,199
3648,MEGA43X3648,5,2026-10-12,199
3649,DEAL723649,30,2026-06-02,1999
3650,OFF48NOW3650,25,2027-07-04,299
3651,DEAL823651,10,2026-04-30,1499
3652,DEAL583652,20,2026-11-09,299
3653,FLAT51PLUS3653,5,2027-02-17,499
3654,GET13PLUS3654,20,2026-05-30,999
3655,OFF11PLUS3655,30,2026-06-28,499
3656,SAVE49X3656,25,2026-02-07,1499
3657,SUPER90PLUS3657,20,2026-03-01,499
3658,SAVE55NOW3658,5,2026-10-11,0
3659,FLAT373659,50,2027-04-06,499
3660,FLAT883660,10,2026-03-16,499
3661,OFF63X3661,5,2026-08-13,1999
3662,MEGA70X3662,25,2027-07-24,2999
3663,MEGA34X3663,40,2026-11-15,299
3664,FLAT48X3664,25,2026-01-04,499
3665,MEGA36PLUS3665,5,2026-05-10,999
3666,DEAL89NOW3666,15,2026-11-21,999
3667,DEAL37NOW3667,15,2026-04-03,2999
3668,MEGA73PLUS3668,5,2026-01-19,0
3669,GET28X3669,20,2027-01-01,299
3670,FLAT59NOW3670,30,2026-08-19,1499
3671,MEGA843671,10,2026-12-02,999
3672,FLAT55X3672,40,2027-05-07,1999
3673,SUPER623673,50,2026-04-28,499
3674,DEAL84NOW3674,5,2026-11-11,299
3675,OFF71PLUS3675,25,2026-11-13,1499
3676,OFF49X3676,5,2026-03-06,0
3677,GET45PLUS3677,5,2026-01-26,199
3678,DEAL45X3678,25,2026-01-06,299
3679,GET32X3679,50,2026-08-27,499
3680,DEAL87X3680,10,2026-06-04,1999
3681,GET32X3681,40,2026-09-18,499
3682,SUPER24PLUS3682,30,2026-05-01,299
3683,MEGA783683,25,2027-05-26,999
3684,SAVE25PLUS3684,5,2027-05-17,1499
3685,SAVE64NOW3685,40,2027-02-06,499
3686,GET533686,40,2026-11-03,299
3687,SAVE78NOW3687,15,2026-08-29,499
3688,GET55PLUS3688,10,2027-06-12,1499
3689,FLAT68NOW3689,10,2026-06-26,1999
3690,OFF123690,10,2027-04-06,199
3691,GET24X3691,50,2026-12-30,0
3692,OFF88X3692,50,2027-05-27,1499
3693,GET39NOW3693,15,2027-01-19,999
3694,GET32NOW3694,15,2026-12-26,2999
3695,GET49PLUS3695,15,2026-01-28,1499
3696,DEAL67PLUS3696,40,2026-04-05,199
3697,GET78X3697,30,2026-03-28,999
3698,DEAL533698,20,2026-12-27,999
3699,SAVE75PLUS3699,30,2027-03-09,199
3700,MEGA16PLUS3700,30,2026-11-04,1999
3701,SUPER693701,30,2026-09-25,2999
3702,GET58NOW3702,40,2026-09-14,499
3703,SAVE13NOW3703,40,2026-03-14,2999
3704,MEGA46X3704,15,2026-08-05,2999
3705,MEGA61NOW3705,20,2026-01-20,1499
3706,MEGA53PLUS3706,15,2027-06-10,2999
3707,MEGA42X3707,20,2026-08-16,0
3708,DEAL49NOW3708,25,2026-05-29,1499
3709,GET683709,20,2027-05-24,1499
3710,OFF783710,10,2026-02-16,499
3711,OFF13NOW3711,5,2026-07-12,1999
3712,FLAT86PLUS3712,25,2027-07-23,499
3713,SAVE143713,15,2026-04-22,1999
3714,FLAT85PLUS3714,10,2026-11-12,1999
3715,GET143715,15,2026-05-30,299
3716,SAVE853716,20,2027-01-02,0
3717,SAVE503717,5,2026-07-15,1499
3718,SAVE71NOW3718,40,2026-01-31,999
3719,OFF58PLUS3719,5,2027-03-26,1499
3720,DEAL39X3720,10,2027-04-20,299
3721,OFF68NOW3721,10,2026-02-22,299
3722,MEGA273722,25,2027-06-15,1999
3723,SUPER78X3723,30,2026-03-09,2999
3724,GET89X3724,30,2026-03-23,199
3725,DEAL82PLUS3725,40,2026-08-16,299
3726,GET90X3726,50,2027-07-04,2999
3727,SUPER24X3727,5,2027-01-03,1999
3728,SAVE54NOW3728,50,2027-06-17,1499
3729,FLAT80NOW3729,15,2026-08-24,2999
3730,GET33NOW3730,30,2027-03-27,2999
3731,SUPER41PLUS3731,25,2026-09-14,2999
3732,DEAL31X3732,10,2026-01-04,1999
3733,OFF23PLUS3733,40,2026-10-12,199
3734,SUPER29NOW3734,50,2027-02-09,1499
3735,SAVE173735,15,2026-02-25,1999
3736,FLAT153736,30,2027-01-09,0
3737,SAVE65NOW3737,30,2026-12-12,199
3738,DEAL40PLUS3738,30,2027-07-28,299
3739,MEGA12PLUS3739,5,2026-07-24,1499
3740,OFF56NOW3740,15,2027-08-07,199
3741,SAVE72X3741,40,2026-02-10,1499
3742,FLAT14NOW3742,40,2026-03-08,1499
3743,SAVE36X3743,30,2026-02-17,199
3744,MEGA12X3744,25,2026-01-25,1499
3745,SUPER80X3745,20,2026-06-28,999
3746,FLAT30X3746,5,2026-08-13,2999
3747,SAVE403747,20,2026-11-08,199
3748,OFF63X3748,50,2026-04-27,999
3749,SAVE89X3749,20,2027-07-17,1499
3750,SAVE45PLUS3750,30,2026-03-30,999
3751,MEGA823751,25,2026-05-13,0
3752,DEAL29NOW3752,5,2027-03-19,1499
3753,SUPER44X3753,20,2026-02-24,499
3754,FLAT82PLUS3754,20,2026-01-30,199
3755,SUPER48X3755,30,2026-03-16,199
3756,OFF81PLUS3756,25,2026-06-26,999
3757,DEAL153757,30,2026-05-10,1499
3758,MEGA83NOW3758,40,2026-02-08,299
3759,FLAT14PLUS3759,50,2027-06-28,1499
3760,SAVE32X3760,5,2026-05-09,2999
3761,GET16X3761,40,2027-05-07,299
3762,DEAL43NOW3762,15,2026-03-31,1999
3763,DEAL653763,20,2027-05-23,199
3764,SUPER573764,25,2026-07-24,499
3765,DEAL13NOW3765,40,2026-07-22,499
3766,MEGA233766,5,2026-09-13,2999
3767,GET56NOW3767,5,2027-05-12,299
3768,SUPER80NOW3768,50,2026-12-03,999
3769,GET25NOW3769,5,2027-02-25,299
3770,SAVE583770,25,2027-06-03,1999
3771,SAVE26NOW3771,5,2027-06-05,499
3772,OFF773772,5,2027-02-13,999
3773,MEGA883773,25,2026-07-20,1999
3774,SUPER81PLUS3774,30,2026-06-22,1499
3775,SAVE273775,30,2026-07-27,1499
3776,OFF713776,20,2027-04-15,999
3777,SAVE55X3777,30,2026-09-07,1499
3778,DEAL183778,10,2026-09-07,999
3779,FLAT80NOW3779,30,2026-10-08,1999
3780,SUPER22PLUS3780,10,2026-09-21,499
3781,SAVE313781,15,2026-04-21,299
3782,FLAT57X3782,15,2027-07-23,1499
3783,SUPER13X3783,25,2026-02-21,499
3784,DEAL63PLUS3784,25,2026-11-27,1499
3785,SUPER33NOW3785,10,2027-02-05,199
3786,GET82X3786,5,2026-12-08,2999
3787,SAVE673787,40,2027-04-24,499
3788,MEGA36X3788,30,2026-08-25,299
3789,SAVE233789,40,2026-10-18,199
3790,SUPER68NOW3790,15,2027-06-04,1999
3791,OFF80X3791,25,2026-12-19,499
3792,OFF52X3792,5,2026-11-07,499
3793,DEAL88NOW3793,20,2027-06-27,499
3794,MEGA413794,50,2026-06-09,1999
3795,SUPER63NOW3795,15,2026-12-13,1499
3796,GET32NOW3796,10,2027-04-15,1999
3797,OFF14PLUS3797,10,2026-03-19,499
3798,FLAT61PLUS3798,25,2026-03-14,2999
3799,SAVE86NOW3799,20,2026-02-14,299
3800,GET52NOW3800,30,2027-05-26,1999
3801,FLAT783801,25,2026-02-17,0
3802,DEAL81X3802,15,2027-04-08,299
3803,SAVE343803,40,2026-07-05,1499
3804,SAVE74NOW3804,5,2027-04-13,999
3805,FLAT66X3805,20,2027-01-24,0
3806,OFF75NOW3806,10,2027-04-15,499
3807,OFF46X3807,30,2026-01-21,1499
3808,DEAL10PLUS3808,25,2027-06-21,2999
3809,SAVE60X3809,30,2026-06-13,1999
3810,OFF76NOW3810,30,2026-05-25,2999
3811,MEGA89NOW3811,30,2027-01-02,1999
3812,FLAT28X3812,5,2026-10-29,199
3813,FLAT543813,15,2026-12-12,499
3814,DEAL25PLUS3814,30,2026-09-05,999
3815,GET23PLUS3815,5,2026-10-07,1499
3816,SAVE36PLUS3816,15,2026-04-05,199
3817,GET12X3817,40,2026-07-27,1999
3818,SUPER53X3818,40,2026-11-11,299
3819,MEGA453819,30,2027-01-12,1499
3820,SUPER25NOW3820,5,2026-02-27,999
3821,SUPER64NOW3821,40,2027-05-30,1499
3822,SUPER303822,40,2027-04-30,1499
3823,DEAL88NOW3823,40,2026-12-23,1999
3824,MEGA85X3824,50,2027-05-12,2999
3825,OFF33NOW3825,40,2027-01-03,1999
3826,SUPER243826,30,2026-07-07,1999
3827,OFF48X3827,20,2027-02-17,0
3828,DEAL28NOW3828,20,2027-06-21,499
3829,OFF46PLUS3829,30,2026-02-24,199
3830,SAVE59X3830,10,2026-07-25,299
3831,FLAT623831,15,2026-12-04,499
3832,FLAT24X3832,25,2026-04-27,1499
3833,OFF67X3833,30,2027-03-06,0
3834,FLAT50X3834,15,2026-08-03,499
3835,FLAT18NOW3835,25,2027-04-06,2999
3836,GET833836,10,2026-07-02,0
3837,OFF54X3837,10,2026-07-29,299
3838,SAVE44NOW3838,20,2027-04-27,199
3839,MEGA66PLUS3839,5,2026-03-29,2999
3840,GET13PLUS3840,15,2026-03-09,199
3841,FLAT34NOW3841,15,2026-12-16,299
3842,OFF28X3842,20,2026-02-06,2999
3843,SUPER36NOW3843,25,2026-03-10,2999
3844,SAVE19PLUS3844,5,2026-07-12,1499
3845,OFF28X3845,50,2027-04-12,0
3846,GET30PLUS3846,25,2026-08-03,199
3847,SUPER48X3847,40,2026-05-10,1499
3848,FLAT173848,25,2026-01-25,299
3849,FLAT58PLUS3849,30,2026-09-18,499
3850,OFF30PLUS3850,20,2026-09-28,1499
3851,SAVE70NOW3851,30,2027-04-19,0
3852,SUPER22NOW3852,30,2026-04-22,999
3853,FLAT82X3853,40,2026-12-17,0
3854,SUPER28PLUS3854,10,2026-10-05,299
3855,MEGA90NOW3855,10,2026-09-06,299
3856,GET40NOW3856,30,2027-06-25,299
3857,SAVE29PLUS3857,15,2026-07-20,199
3858,OFF85PLUS3858,40,2026-10-04,299
3859,FLAT67NOW3859,20,2026-03-19,0
3860,SUPER23NOW3860,20,2026-07-28,0
3861,DEAL53X3861,10,2026-05-16,1999
3862,SUPER79X3862,30,2026-04-23,0
3863,FLAT873863,30,2027-02-06,1999
3864,DEAL87NOW3864,40,2027-04-11,0
3865,GET273865,40,2027-05-07,199
3866,MEGA73PLUS3866,30,2026-11-15,499
3867,SUPER293867,25,2026-05-14,199
3868,SAVE86NOW3868,30,2026-01-18,1499
3869,DEAL60X3869,50,2026-06-27,199
3870,DEAL80X3870,25,2026-06-15,2999
3871,MEGA763871,20,2026-04-25,1999
3872,SAVE623872,40,2027-05-06,999
3873,GET80NOW3873,25,2027-04-16,2999
3874,SUPER51X3874,50,2027-04-08,1999
3875,DEAL773875,15,2026-07-22,1999
3876,SUPER35NOW3876,50,2026-10-05,1499
3877,MEGA53X3877,25,2027-04-21,299
3878,GET59PLUS3878,20,2026-04-08,1999
3879,SUPER61X3879,30,2026-07-23,1499
3880,OFF66NOW3880,5,2027-06-29,199
3881,MEGA85NOW3881,30,2027-05-30,1999
3882,DEAL51PLUS3882,30,2027-07-25,199
3883,DEAL39X3883,15,2026-04-03,1499
3884,GET12PLUS3884,5,2027-03-21,499
3885,SAVE533885,20,2026-11-03,199
3886,GET46PLUS3886,30,2026-03-24,1499
3887,DEAL33NOW3887,40,2027-01-21,299
3888,GET54NOW3888,15,2027-06-14,1499
3889,SAVE483889,5,2027-04-05,0
3890,SUPER60PLUS3890,40,2027-08-09,299
3891,SUPER27PLUS3891,40,2027-06-26,0
3892,MEGA223892,25,2026-06-11,0
3893,MEGA79PLUS3893,15,2026-10-04,2999
3894,GET28NOW3894,30,2026-11-19,2999
3895,SUPER513895,25,2026-03-29,299
3896,OFF28NOW3896,5,2026-02-17,2999
3897,GET733897,15,2026-05-31,1499
3898,OFF61X3898,40,2026-02-28,1999
3899,SUPER39NOW3899,5,2026-09-30,2999
3900,SUPER80X3900,40,2026-09-26,299
3901,MEGA33PLUS3901,50,2026-10-04,2999
3902,FLAT423902,10,2026-05-22,499
3903,OFF57PLUS3903,50,2026-02-18,199
3904,SAVE55PLUS3904,15,2027-07-18,199
3905,MEGA81X3905,10,2026-05-20,1499
3906,FLAT53X3906,30,2026-09-14,999
3907,GET10NOW3907,20,2027-04-12,199
3908,SAVE44NOW3908,30,2026-05-15,1999
3909,FLAT47X3909,15,2026-01-31,299
3910,MEGA353910,5,2026-12-06,299
3911,SUPER173911,50,2026-10-22,1999
3912,FLAT183912,5,2027-02-14,999
3913,FLAT29X3913,5,2026-02-05,2999
3914,OFF853914,40,2026-10-26,1999
3915,GET233915,50,2027-04-09,2999
3916,SAVE15PLUS3916,15,2027-01-23,199
3917,DEAL26X3917,15,2027-07-07,0
3918,FLAT143918,5,2027-05-04,999
3919,SUPER84PLUS3919,5,2027-04-25,1499
3920,GET563920,50,2026-06-03,299
3921,MEGA85NOW3921,5,2027-05-27,0
3922,GET32PLUS3922,10,2027-07-21,1999
3923,SAVE90X3923,40,2026-04-20,1999
3924,DEAL66PLUS3924,25,2026-11-01,1999
3925,DEAL63NOW3925,25,2027-05-26,2999
3926,FLAT32NOW3926,15,2026-02-25,199
3927,DEAL403927,10,2026-05-01,299
3928,SUPER45NOW3928,10,2026-05-17,1999
3929,FLAT80X3929,15,2027-04-02,1999
3930,SAVE773930,10,2026-07-29,0
3931,MEGA76X3931,15,2026-12-19,499
3932,SUPER713932,20,2026-03-07,199
3933,SUPER13X3933,20,2027-07-01,2999
3934,DEAL81PLUS3934,50,2026-08-04,1499
3935,OFF453935,20,2026-09-16,299
3936,SUPER41X3936,15,2026-04-14,1999
3937,GET433937,20,2026-02-02,1499
3938,DEAL38NOW3938,10,2026-12-24,999
3939,SUPER77PLUS3939,50,2027-04-29,1999
3940,FLAT23NOW3940,5,2026-04-26,0
3941,OFF20PLUS3941,10,2027-07-29,999
3942,SAVE69X3942,50,2026-08-30,2999
3943,DEAL683943,40,2026-09-23,199
3944,GET88X3944,25,2026-04-26,199
3945,SUPER59NOW3945,10,2027-02-17,1499
3946,DEAL47PLUS3946,15,2026-07-01,199
3947,OFF263947,25,2026-01-05,2999
3948,DEAL61PLUS3948,50,2027-08-06,1999
3949,DEAL25X3949,50,2027-04-02,2999
3950,DEAL86NOW3950,10,2026-05-28,499
3951,DEAL63X3951,40,2026-01-06,2999
3952,SUPER18PLUS3952,10,2027-05-02,499
3953,FLAT71NOW3953,40,2026-02-17,199
3954,SUPER69NOW3954,5,2027-01-15,0
3955,GET38NOW3955,5,2026-11-02,0
3956,FLAT20NOW3956,10,2027-07-23,499
3957,DEAL38NOW3957,5,2026-09-24,499
3958,MEGA82PLUS3958,20,2026-05-22,499
3959,GET35PLUS3959,10,2026-08-30,499
3960,DEAL18PLUS3960,50,2027-03-06,0
3961,FLAT51PLUS3961,40,2026-05-18,199
3962,GET28PLUS3962,10,2026-10-03,1999
3963,MEGA46NOW3963,10,2026-02-19,2999
3964,OFF65NOW3964,5,2027-02-24,199
3965,MEGA79X3965,20,2026-03-11,199
3966,SAVE36NOW3966,25,2027-07-19,299
3967,SUPER163967,15,2026-03-28,499
3968,GET86PLUS3968,20,2027-05-06,299
3969,OFF193969,30,2027-06-22,1499
3970,SUPER24X3970,25,2026-08-15,499
3971,FLAT463971,50,2027-05-18,299
3972,GET613972,50,2026-05-26,199
3973,GET66X3973,10,2027-04-20,199
3974,MEGA23PLUS3974,40,2027-07-17,0
3975,FLAT89X3975,10,2026-01-14,999
3976,GET303976,40,2026-09-29,499
3977,SUPER783977,5,2026-02-21,1999
3978,MEGA25PLUS3978,30,2026-04-27,1999
3979,OFF59X3979,5,2027-01-23,999
3980,MEGA683980,10,2026-08-20,2999
3981,GET86PLUS3981,10,2026-03-09,299
3982,DEAL88X3982,30,2027-04-27,999
3983,OFF81NOW3983,10,2026-07-26,1499
3984,DEAL343984,25,2026-07-15,1499
3985,GET57PLUS3985,25,2026-01-12,0
3986,DEAL29PLUS3986,50,2027-06-12,1499
3987,SUPER64PLUS3987,10,2027-06-22,299
3988,FLAT88X3988,20,2026-06-15,199
3989,DEAL38PLUS3989,50,2026-01-30,1499
3990,GET39PLUS3990,20,2026-01-03,299
3991,DEAL40PLUS3991,10,2026-07-20,299
3992,GET503992,40,2027-06-07,0
3993,SUPER19NOW3993,25,2027-02-26,0
3994,FLAT16X3994,20,2026-04-20,2999
3995,DEAL453995,20,2027-03-04,199
3996,GET73NOW3996,10,2026-04-04,0
3997,SUPER45NOW3997,20,2027-01-10,1999
3998,FLAT11X3998,30,2026-07-02,199
3999,GET17X3999,20,2027-02-07,2999
4000,MEGA67PLUS4000,5,2026-02-04,199
4001,GET13PLUS4001,15,2026-02-16,2999
4002,OFF40PLUS4002,5,2026-07-28,299
4003,OFF83NOW4003,30,2027-04-19,499
4004,SAVE59PLUS4004,40,2026-12-18,0
4005,MEGA78X4005,40,2027-08-09,299
4006,SUPER36PLUS4006,50,2027-05-04,1499
4007,OFF68PLUS4007,15,2027-06-10,0
4008,OFF124008,5,2026-02-27,199
4009,SAVE134009,50,2026-04-03,299
4010,OFF76X4010,20,2027-06-14,1999
4011,GET28PLUS4011,15,2026-03-17,199
4012,GET90X4012,50,2026-05-12,1499
4013,OFF29NOW4013,25,2027-05-06,199
4014,SUPER57PLUS4014,5,2027-04-16,1499
4015,DEAL14X4015,50,2026-05-29,499
4016,DEAL494016,10,2027-04-13,299
4017,GET854017,5,2026-02-19,999
4018,FLAT83X4018,30,2027-05-12,199
4019,SAVE724019,10,2026-02-02,0
4020,SUPER62NOW4020,25,2027-01-12,199
4021,SAVE604021,20,2026-07-20,1999
4022,SUPER574022,40,2026-02-23,2999
4023,OFF344023,40,2026-08-07,499
4024,SUPER50PLUS4024,50,2027-04-21,2999
4025,FLAT85X4025,15,2026-07-24,2999
4026,GET32NOW4026,20,2026-12-03,2999
4027,GET24NOW4027,5,2027-06-12,0
4028,SAVE59X4028,30,2027-06-02,999
4029,SAVE73X4029,50,2027-06-14,299
4030,SUPER55X4030,5,2026-10-11,1499
4031,SAVE32PLUS4031,50,2027-04-24,199
4032,FLAT60X4032,30,2027-06-27,299
4033,SAVE40X4033,50,2026-03-17,2999
4034,DEAL20X4034,30,2027-06-14,299
4035,DEAL72PLUS4035,5,2027-03-23,1499
4036,SAVE58PLUS4036,20,2026-05-21,499
4037,SUPER364037,25,2026-08-10,199
4038,DEAL884038,20,2027-07-28,499
4039,SAVE234039,10,2026-01-23,1499
4040,FLAT78PLUS4040,30,2026-08-28,1999
4041,SUPER67PLUS4041,10,2026-05-13,2999
4042,OFF84PLUS4042,50,2027-05-17,199
4043,SAVE24PLUS4043,15,2026-09-02,199
4044,SUPER75PLUS4044,40,2027-07-02,299
4045,SAVE35X4045,20,2026-06-03,0
4046,GET23X4046,10,2027-03-22,999
4047,SAVE87X4047,10,2026-01-08,1999
4048,GET58NOW4048,20,2026-07-04,1999
4049,SUPER16NOW4049,40,2026-12-22,1999
4050,FLAT12PLUS4050,40,2027-02-12,299
4051,GET29PLUS4051,30,2026-02-22,299
4052,SAVE73NOW4052,10,2026-08-19,499
4053,SUPER81NOW4053,20,2026-11-04,2999
4054,SUPER34NOW4054,5,2027-04-15,999
4055,DEAL36PLUS4055,5,2026-05-17,2999
4056,MEGA21X4056,25,2026-02-18,499
4057,DEAL784057,15,2027-03-02,1499
4058,GET674058,15,2027-06-19,299
4059,SAVE18NOW4059,50,2026-09-21,199
4060,MEGA18X4060,30,2027-07-26,199
4061,DEAL29PLUS4061,15,2027-03-06,999
4062,OFF62NOW4062,30,2026-05-30,999
4063,GET20NOW4063,5,2027-07-30,1999
4064,SAVE89X4064,10,2027-01-21,499
4065,FLAT384065,20,2026-02-20,2999
4066,SAVE41X4066,5,2026-12-16,2999
4067,MEGA184067,15,2026-05-16,2999
4068,FLAT44X4068,20,2027-08-01,1499
4069,DEAL70X4069,50,2027-01-02,1499
4070,OFF18PLUS4070,15,2026-10-13,499
4071,MEGA77PLUS4071,30,2026-03-16,0
4072,MEGA44X4072,10,2026-07-08,1499
4073,MEGA294073,40,2027-06-29,499
4074,MEGA124074,50,2026-10-05,1499
4075,OFF51X4075,25,2026-09-27,1499
4076,FLAT32NOW4076,5,2027-05-12,0
4077,SAVE58X4077,30,2026-09-25,299
4078,OFF50X4078,40,2027-01-02,0
4079,OFF82PLUS4079,25,2026-06-03,499
4080,FLAT85X4080,15,2027-01-19,1499
4081,SAVE41X4081,30,2027-06-25,499
4082,SAVE46NOW4082,15,2026-02-18,1499
4083,MEGA81NOW4083,20,2026-06-13,199
4084,GET63X4084,20,2027-05-05,199
4085,DEAL50X4085,10,2027-02-10,199
4086,MEGA72NOW4086,5,2027-05-20,299
4087,OFF16X4087,15,2026-01-16,0
4088,SUPER23PLUS4088,30,2026-11-17,0
4089,SUPER23NOW4089,30,2026-02-03,299
4090,OFF744090,50,2026-03-25,499
4091,FLAT77NOW4091,10,2026-07-10,2999
4092,OFF41X4092,50,2027-02-02,199
4093,SAVE22PLUS4093,20,2026-08-07,299
4094,GET80X4094,30,2026-07-20,1499
4095,MEGA78NOW4095,50,2027-07-24,999
4096,OFF60PLUS4096,40,2027-05-09,199
4097,OFF18NOW4097,20,2026-11-10,1999
4098,SUPER48NOW4098,20,2026-01-10,1999
4099,DEAL41NOW4099,40,2027-06-28,2999
4100,SAVE75PLUS4100,25,2026-12-25,299
4101,GET744101,25,2026-07-09,499
4102,OFF61X4102,40,2026-10-11,0
4103,FLAT74NOW4103,50,2026-04-12,499
4104,FLAT754104,40,2026-03-10,999
4105,SAVE75PLUS4105,15,2026-05-07,2999
4106,MEGA204106,20,2026-04-04,1999
4107,DEAL27X4107,5,2026-11-21,0
4108,FLAT17X4108,40,2026-01-17,499
4109,FLAT80PLUS4109,25,2027-02-13,0
4110,OFF55X4110,20,2026-02-05,1999
4111,DEAL38PLUS4111,5,2027-02-21,199
4112,MEGA35PLUS4112,5,2026-07-21,1499
4113,MEGA54NOW4113,30,2027-06-02,999
4114,SAVE78PLUS4114,20,2026-07-05,2999
4115,FLAT83NOW4115,15,2026-11-05,1999
4116,GET354116,50,2027-03-23,499
4117,OFF49X4117,20,2027-01-02,2999
4118,MEGA174118,30,2027-08-04,1499
4119,OFF85PLUS4119,15,2026-02-28,999
4120,DEAL43PLUS4120,10,2026-04-05,2999
4121,SAVE86NOW4121,25,2026-10-12,499
4122,OFF89PLUS4122,30,2027-04-12,499
4123,FLAT79PLUS4123,30,2026-04-25,1999
4124,MEGA28PLUS4124,50,2026-10-11,2999
4125,MEGA14NOW4125,15,2027-06-14,1999
4126,FLAT61NOW4126,10,2026-04-20,499
4127,GET74X4127,15,2026-03-18,499
4128,MEGA22PLUS4128,5,2027-05-31,1499
4129,GET12NOW4129,40,2027-02-22,1499
4130,OFF78PLUS4130,10,2026-09-06,1499
4131,OFF39X4131,25,2027-04-16,199
4132,SUPER31NOW4132,40,2027-05-08,2999
4133,SUPER76X4133,40,2026-07-02,999
4134,SAVE77PLUS4134,40,2026-07-09,199
4135,SUPER14NOW4135,10,2026-09-19,1499
4136,GET55NOW4136,10,2026-05-09,2999
4137,FLAT78PLUS4137,30,2026-11-15,0
4138,DEAL17PLUS4138,15,2026-03-13,0
4139,SAVE47PLUS4139,20,2026-05-29,299
4140,FLAT39X4140,50,2027-04-18,299
4141,DEAL174141,5,2027-02-07,299
4142,GET30NOW4142,50,2027-05-19,499
4143,GET50PLUS4143,40,2026-04-27,999
4144,SUPER11NOW4144,25,2026-08-31,999
4145,MEGA144145,30,2027-02-15,299
4146,DEAL84PLUS4146,50,2027-03-01,2999
4147,FLAT534147,40,2027-05-18,299
4148,FLAT54NOW4148,15,2026-12-16,1999
4149,SAVE75X4149,15,2026-01-17,0
4150,OFF39X4150,40,2026-08-01,199
4151,GET19NOW4151,5,2027-03-07,2999
4152,OFF51NOW4152,10,2027-03-15,0
4153,SAVE514153,15,2026-04-25,299
4154,MEGA274154,40,2026-08-14,299
4155,GET414155,40,2027-06-21,1999
4156,MEGA78PLUS4156,10,2027-05-17,2999
4157,FLAT324157,15,2027-01-15,1499
4158,SUPER63NOW4158,30,2026-11-20,0
4159,DEAL12PLUS4159,25,2026-12-04,299
4160,FLAT19X4160,10,2026-11-12,1499
4161,DEAL49X4161,5,2027-06-06,499
4162,SUPER86PLUS4162,30,2026-02-17,999
4163,OFF49PLUS4163,10,2026-01-05,499
4164,FLAT23NOW4164,15,2027-01-01,1499
4165,FLAT81X4165,5,2027-02-01,299
4166,DEAL854166,30,2026-11-06,499
4167,DEAL27PLUS4167,25,2026-02-12,499
4168,SUPER12NOW4168,10,2026-07-07,299
4169,SAVE90X4169,5,2026-03-12,999
4170,SUPER87X4170,30,2026-11-05,199
4171,SAVE484171,15,2027-04-27,999
4172,SAVE14PLUS4172,30,2027-06-26,999
4173,GET194173,50,2026-10-21,0
4174,OFF70PLUS4174,20,2027-04-18,0
4175,SUPER86PLUS4175,10,2027-04-13,299
4176,GET26PLUS4176,15,2026-11-19,1999
4177,SAVE72X4177,30,2027-04-18,499
4178,FLAT89PLUS4178,50,2027-06-07,1999
4179,GET55PLUS4179,5,2026-06-20,0
4180,DEAL64X4180,25,2027-05-02,2999
4181,SAVE18PLUS4181,10,2026-03-09,999
4182,SAVE32X4182,25,2027-02-26,0
4183,SAVE564183,15,2026-05-20,1999
4184,SAVE13NOW4184,5,2027-02-15,1999
4185,DEAL49PLUS4185,10,2026-09-29,2999
4186,GET394186,40,2026-08-12,299
4187,GET20NOW4187,20,2026-05-29,1499
4188,OFF75NOW4188,20,2026-11-26,2999
4189,FLAT56PLUS4189,15,2027-02-26,1999
4190,GET46PLUS4190,15,2026-12-05,299
4191,MEGA73X4191,15,2026-01-16,0
4192,OFF61NOW4192,40,2027-02-28,199
4193,DEAL41X4193,25,2026-04-26,499
4194,SUPER434194,25,2026-11-08,199
4195,GET66NOW4195,5,2026-08-27,499
4196,OFF49X4196,50,2026-01-22,999
4197,OFF504197,25,2026-01-24,999
4198,SUPER16X4198,20,2027-06-01,999
4199,SUPER774199,50,2026-06-20,1999
4200,SUPER69X4200,30,2027-01-20,299
4201,OFF65X4201,20,2026-09-18,0
4202,SAVE43X4202,50,2026-06-05,199
4203,DEAL35PLUS4203,30,2026-03-30,1999
4204,OFF47X4204,25,2027-05-07,199
4205,MEGA45X4205,25,2027-02-14,199
4206,GET42PLUS4206,30,2026-06-11,1499
4207,GET504207,5,2027-04-10,499
4208,OFF29X4208,5,2026-08-29,0
4209,GET35PLUS4209,20,2026-01-07,0
4210,GET74NOW4210,25,2027-05-18,299
4211,OFF48PLUS4211,50,2027-06-10,1999
4212,OFF26NOW4212,20,2027-04-26,1999
4213,GET75NOW4213,25,2026-08-18,999
4214,FLAT124214,5,2026-09-30,1999
4215,GET52X4215,50,2026-02-06,1999
4216,SUPER31X4216,50,2027-01-27,499
4217,FLAT47NOW4217,10,2026-07-22,199
4218,SAVE594218,50,2026-10-24,1499
4219,FLAT90X4219,30,2026-06-28,1499
4220,SUPER78X4220,10,2026-04-18,499
4221,GET904221,25,2027-04-25,999
4222,OFF614222,20,2026-11-01,299
4223,FLAT34X4223,5,2027-05-01,299
4224,SAVE754224,50,2027-03-22,2999
4225,OFF424225,50,2027-05-05,0
4226,GET46NOW4226,50,2026-07-05,199
4227,MEGA824227,20,2026-10-31,299
4228,DEAL20PLUS4228,25,2026-12-12,999
4229,SAVE57NOW4229,30,2027-03-28,199
4230,SAVE51NOW4230,25,2026-08-27,2999
4231,FLAT514231,40,2026-01-12,199
4232,GET54NOW4232,25,2026-06-20,499
4233,FLAT234233,25,2027-05-21,0
4234,SUPER43NOW4234,15,2027-06-08,1999
4235,FLAT794235,20,2026-12-10,299
4236,SUPER16NOW4236,10,2027-01-17,999
4237,OFF84NOW4237,25,2027-02-25,999
4238,DEAL78NOW4238,10,2026-12-01,999
4239,SUPER43PLUS4239,25,2026-04-24,1499
4240,FLAT32PLUS4240,30,2027-04-18,2999
4241,DEAL254241,20,2027-06-27,2999
4242,GET61NOW4242,50,2026-04-23,999
4243,DEAL47NOW4243,50,2026-01-06,199
4244,GET374244,50,2026-10-30,0
4245,DEAL12PLUS4245,50,2026-06-07,1499
4246,DEAL15NOW4246,40,2027-04-27,999
4247,SUPER844247,10,2026-07-25,199
4248,DEAL57NOW4248,50,2026-05-21,2999
4249,OFF79PLUS4249,40,2027-06-27,499
4250,GET68PLUS4250,5,2026-02-20,499
4251,OFF63X4251,5,2026-01-24,199
4252,MEGA384252,15,2027-05-18,199
4253,GET12PLUS4253,40,2027-08-02,999
4254,SUPER71X4254,40,2026-06-19,999
4255,FLAT68X4255,30,2026-11-13,499
4256,GET23PLUS4256,40,2027-06-29,199
4257,OFF694257,40,2027-06-02,299
4258,MEGA79NOW4258,40,2027-08-04,499
4259,OFF31PLUS4259,10,2027-01-03,1999
4260,SAVE644260,5,2026-01-01,999
4261,SUPER56NOW4261,30,2027-02-17,1999
4262,SUPER824262,15,2027-04-14,1499
4263,FLAT38X4263,25,2026-11-28,299
4264,FLAT38PLUS4264,50,2026-12-26,0
4265,GET134265,5,2026-12-22,0
4266,FLAT604266,20,2026-02-08,199
4267,SUPER70PLUS4267,5,2026-11-07,999
4268,GET534268,10,2027-07-29,999
4269,OFF22PLUS4269,40,2027-03-02,1499
4270,FLAT40PLUS4270,40,2026-05-13,499
4271,DEAL14PLUS4271,50,2027-04-05,1499
4272,MEGA40X4272,40,2027-06-18,999
4273,MEGA23PLUS4273,25,2027-05-23,499
4274,FLAT66NOW4274,15,2027-03-04,1499
4275,SUPER34X4275,10,2027-01-02,499
4276,SAVE69PLUS4276,25,2026-06-13,1999
4277,DEAL204277,40,2026-03-08,499
4278,GET11NOW4278,50,2027-01-26,1499
4279,SUPER72NOW4279,30,2026-07-28,2999
4280,MEGA58PLUS4280,15,2026-08-15,1499
4281,SAVE14X4281,30,2026-04-11,2999
4282,FLAT324282,15,2027-05-17,1999
4283,DEAL37X4283,20,2026-11-27,999
4284,DEAL534284,20,2027-02-22,1499
4285,SUPER25NOW4285,5,2026-09-01,2999
4286,SAVE23X4286,15,2026-05-07,0
4287,SUPER41X4287,40,2027-03-12,1999
4288,OFF67NOW4288,30,2026-07-06,1999
4289,GET82PLUS4289,30,2026-10-02,299
4290,OFF904290,50,2027-05-04,199
4291,SUPER42X4291,5,2027-07-15,1999
4292,MEGA494292,40,2026-09-01,1999
4293,FLAT22X4293,20,2026-09-27,499
4294,OFF53X4294,15,2026-09-15,1999
4295,GET724295,25,2026-09-20,299
4296,SAVE19X4296,50,2027-05-06,1999
4297,DEAL57PLUS4297,40,2026-07-10,2999
4298,SAVE15NOW4298,20,2026-06-19,1999
4299,MEGA57NOW4299,30,2026-01-29,0
4300,FLAT85PLUS4300,25,2026-05-10,199
4301,SUPER23X4301,15,2027-07-25,0
4302,SUPER884302,25,2026-10-02,0
4303,SAVE29PLUS4303,50,2027-08-04,1999
4304,SUPER17NOW4304,50,2027-06-27,1499
4305,GET11NOW4305,50,2026-09-12,199
4306,OFF34PLUS4306,20,2027-01-05,199
4307,SUPER40X4307,30,2026-10-27,1499
4308,SUPER88X4308,5,2026-12-24,199
4309,GET74NOW4309,50,2026-08-04,0
4310,FLAT544310,20,2026-11-27,199
4311,FLAT904311,10,2027-07-07,499
4312,GET134312,50,2026-02-02,999
4313,SUPER46X4313,50,2027-04-11,0
4314,OFF234314,10,2026-04-02,199
4315,FLAT79NOW4315,40,2027-05-11,199
4316,OFF14NOW4316,5,2027-02-19,1999
4317,FLAT424317,30,2027-05-13,1499
4318,DEAL73NOW4318,50,2026-06-19,999
4319,SUPER484319,5,2026-12-31,999
4320,GET77PLUS4320,25,2026-07-09,999
4321,DEAL62PLUS4321,5,2027-07-24,499
4322,MEGA234322,50,2027-04-30,0
4323,DEAL36PLUS4323,20,2026-01-23,499
4324,SUPER654324,20,2026-01-17,2999
4325,DEAL794325,30,2026-05-08,1999
4326,SAVE20X4326,40,2026-12-28,199
4327,SAVE654327,25,2026-02-16,1499
4328,SAVE214328,30,2026-12-31,499
4329,DEAL68X4329,10,2026-04-21,0
4330,FLAT30PLUS4330,5,2026-04-19,299
4331,DEAL40PLUS4331,30,2026-11-24,2999
4332,MEGA604332,50,2026-11-23,2999
4333,FLAT72X4333,30,2027-07-06,1499
4334,FLAT114334,15,2026-01-28,199
4335,OFF49X4335,30,2026-09-29,1499
4336,SAVE39X4336,40,2027-01-01,299
4337,SUPER16NOW4337,25,2026-02-16,2999
4338,OFF79X4338,5,2026-05-30,0
4339,SUPER324339,10,2026-10-30,199
4340,GET90X4340,25,2026-04-01,199
4341,GET88PLUS4341,10,2027-06-28,499
4342,GET59NOW4342,30,2027-02-25,2999
4343,FLAT26X4343,10,2027-01-09,199
4344,SAVE78NOW4344,50,2027-01-12,1499
4345,SAVE84PLUS4345,10,2027-03-08,2999
4346,DEAL884346,5,2026-08-16,999
4347,FLAT86PLUS4347,30,2026-03-10,1999
4348,FLAT294348,40,2026-09-26,499
4349,FLAT10PLUS4349,10,2026-07-24,199
4350,MEGA544350,25,2026-08-09,299
4351,FLAT48X4351,30,2026-01-22,299
4352,SAVE81PLUS4352,20,2026-03-08,999
4353,SUPER234353,40,2026-05-10,1999
4354,SUPER444354,10,2027-06-21,1499
4355,OFF39NOW4355,10,2026-03-20,0
4356,OFF27NOW4356,30,2026-10-02,1999
4357,OFF844357,5,2026-12-13,999
4358,MEGA42X4358,30,2027-02-06,299
4359,FLAT72X4359,5,2026-06-11,199
4360,OFF18NOW4360,30,2026-09-16,1999
4361,FLAT15X4361,10,2026-03-14,0
4362,DEAL58PLUS4362,15,2026-08-31,499
4363,MEGA414363,40,2027-02-15,1499
4364,OFF52PLUS4364,25,2026-05-20,199
4365,OFF444365,10,2027-05-24,1499
4366,SUPER414366,50,2026-03-25,1999
4367,OFF57X4367,25,2027-04-11,299
4368,SAVE724368,10,2026-11-26,0
4369,OFF43NOW4369,5,2026-10-17,299
4370,MEGA84PLUS4370,5,2026-03-25,499
4371,MEGA62X4371,15,2027-01-05,999
4372,GET234372,50,2026-01-22,499
4373,DEAL89NOW4373,5,2026-10-23,199
4374,FLAT88X4374,40,2027-05-15,199
4375,MEGA71NOW4375,20,2026-11-23,499
4376,SAVE82NOW4376,25,2026-11-04,1999
4377,GET514377,40,2027-03-28,0
4378,GET41PLUS4378,15,2027-01-13,1999
4379,FLAT184379,25,2027-03-14,0
4380,OFF15X4380,25,2027-03-27,199
4381,FLAT51NOW4381,25,2026-08-22,199
4382,FLAT61NOW4382,15,2026-05-02,999
4383,SAVE42PLUS4383,40,2026-08-29,1999
4384,MEGA78X4384,50,2026-08-25,2999
4385,OFF64NOW4385,40,2027-06-12,199
4386,MEGA69X4386,25,2026-08-09,1999
4387,FLAT454387,10,2026-11-20,1499
4388,MEGA714388,20,2027-03-28,499
4389,DEAL78PLUS4389,50,2027-03-23,1499
4390,SAVE37NOW4390,25,2026-02-11,999
4391,FLAT554391,10,2026-05-07,2999
4392,SUPER87PLUS4392,15,2027-07-31,2999
4393,DEAL83X4393,25,2026-08-26,199
4394,SUPER67X4394,40,2026-12-05,999
4395,GET71PLUS4395,15,2026-04-19,2999
4396,GET89NOW4396,50,2026-11-25,2999
4397,MEGA87PLUS4397,5,2026-07-16,2999
4398,SUPER25NOW4398,10,2026-03-10,199
4399,SUPER18X4399,15,2027-03-19,199
4400,GET25X4400,25,2027-06-12,499
4401,MEGA534401,20,2026-04-08,999
4402,GET24X4402,10,2027-02-16,199
4403,DEAL69X4403,40,2026-01-08,0
4404,SAVE21NOW4404,5,2026-03-19,999
4405,GET32X4405,25,2026-01-04,0
4406,DEAL22NOW4406,40,2027-07-29,999
4407,DEAL804407,40,2026-06-27,499
4408,OFF164408,20,2026-11-16,499
4409,OFF694409,25,2027-04-08,499
4410,OFF59PLUS4410,40,2026-03-20,1999
4411,SUPER55PLUS4411,10,2026-07-24,1499
4412,GET48PLUS4412,15,2026-09-14,1999
4413,SAVE43PLUS4413,5,2026-06-17,199
4414,SUPER58PLUS4414,10,2026-04-13,199
4415,OFF634415,50,2026-08-24,0
4416,MEGA79NOW4416,30,2026-07-18,1999
4417,GET80NOW4417,10,2026-12-13,199
4418,OFF73PLUS4418,5,2026-01-18,299
4419,FLAT78X4419,40,2026-05-04,499
4420,SUPER854420,10,2027-07-17,999
4421,SAVE83PLUS4421,50,2026-12-17,1999
4422,DEAL834422,40,2026-07-16,0
4423,SAVE694423,30,2027-06-15,0
4424,MEGA46X4424,40,2027-07-05,1999
4425,SAVE72NOW4425,10,2027-03-05,999
4426,SUPER314426,20,2026-06-29,299
4427,FLAT564427,25,2026-05-13,2999
4428,DEAL43NOW4428,25,2026-11-07,0
4429,SUPER29X4429,25,2026-09-11,1999
4430,FLAT86NOW4430,15,2026-04-27,1999
4431,MEGA12X4431,30,2026-07-30,0
4432,OFF40PLUS4432,25,2027-03-12,1499
4433,FLAT61NOW4433,50,2026-08-09,999
4434,OFF27X4434,10,2026-11-19,0
4435,SUPER104435,50,2026-02-05,499
4436,FLAT88NOW4436,30,2026-06-01,1999
4437,MEGA204437,20,2027-03-15,2999
4438,SUPER57NOW4438,30,2027-05-02,999
4439,OFF48X4439,50,2026-04-27,2999
4440,GET53PLUS4440,25,2026-02-01,299
4441,MEGA724441,5,2026-06-16,199
4442,DEAL15PLUS4442,20,2026-10-01,1999
4443,SUPER65PLUS4443,5,2027-07-15,1499
4444,GET564444,30,2026-04-29,499
4445,FLAT44NOW4445,5,2027-05-10,2999
4446,DEAL69X4446,50,2026-08-02,1999
4447,SAVE77NOW4447,50,2026-05-02,199
4448,GET284448,30,2026-10-06,999
4449,GET50NOW4449,15,2026-12-26,1999
4450,SUPER12X4450,25,2026-07-18,1499
4451,OFF29X4451,15,2026-06-16,2999
4452,OFF684452,20,2027-02-10,1499
4453,SAVE46X4453,40,2026-04-22,0
4454,FLAT55PLUS4454,10,2026-08-09,499
4455,SUPER14NOW4455,30,2027-06-19,199
4456,SUPER154456,10,2027-04-13,1499
4457,OFF12NOW4457,30,2026-09-27,499
4458,DEAL33PLUS4458,15,2026-08-20,199
4459,SAVE87NOW4459,30,2026-09-28,0
4460,OFF60NOW4460,5,2027-04-28,2999
4461,DEAL23PLUS4461,40,2026-07-17,1499
4462,OFF43X4462,40,2026-08-25,499
4463,MEGA53NOW4463,25,2026-08-28,499
4464,OFF78NOW4464,30,2026-05-07,499
4465,FLAT45NOW4465,10,2026-01-15,999
4466,SUPER42NOW4466,30,2026-02-09,1999
4467,FLAT67NOW4467,20,2027-07-15,499
4468,FLAT854468,10,2027-02-09,1499
4469,GET37PLUS4469,20,2026-07-28,999
4470,SUPER38PLUS4470,5,2027-02-27,199
4471,GET45PLUS4471,50,2026-03-20,1999
4472,DEAL524472,25,2027-04-23,0
4473,SUPER11NOW4473,20,2026-05-24,499
4474,MEGA10PLUS4474,50,2027-03-10,999
4475,GET194475,20,2026-11-16,299
4476,SUPER77NOW4476,25,2026-09-25,999
4477,SAVE70PLUS4477,5,2027-07-27,299
4478,OFF37X4478,50,2026-02-07,2999
4479,SUPER58PLUS4479,10,2026-12-18,199
4480,DEAL34X4480,15,2026-04-21,1999
4481,FLAT214481,20,2026-05-19,199
4482,DEAL66NOW4482,10,2027-06-05,1499
4483,OFF22NOW4483,15,2027-07-23,999
4484,OFF83PLUS4484,25,2026-01-27,0
4485,DEAL22NOW4485,30,2026-09-15,999
4486,SAVE64NOW4486,10,2027-06-20,999
4487,OFF51PLUS4487,20,2026-04-12,1499
4488,FLAT25NOW4488,30,2027-03-22,0
4489,DEAL64PLUS4489,25,2027-07-09,1999
4490,GET73X4490,10,2026-04-11,0
4491,SUPER62NOW4491,30,2026-05-11,1499
4492,SUPER504492,25,2026-05-06,1499
4493,MEGA70X4493,20,2026-02-01,299
4494,OFF47PLUS4494,15,2026-12-13,999
4495,SUPER77PLUS4495,40,2027-01-02,1999
4496,DEAL33NOW4496,15,2026-10-09,499
4497,DEAL634497,50,2027-02-18,499
4498,OFF40X4498,25,2027-03-26,2999
4499,GET364499,20,2026-06-27,299
4500,OFF534500,5,2026-12-15,1999
4501,FLAT61PLUS4501,20,2026-12-31,999
4502,SUPER15NOW4502,5,2027-04-10,999
4503,OFF55X4503,15,2026-11-04,999
4504,SUPER234504,40,2026-11-22,2999
4505,DEAL844505,25,2027-04-24,2999
4506,OFF11X4506,15,2027-03-23,1499
4507,GET764507,25,2026-12-01,299
4508,FLAT29PLUS4508,15,2027-05-17,2999
4509,MEGA74PLUS4509,50,2026-12-06,299
4510,FLAT89PLUS4510,10,2026-04-11,999
4511,MEGA74NOW4511,5,2027-02-22,199
4512,SAVE534512,50,2026-07-29,999
4513,GET334513,25,2026-04-22,199
4514,SUPER66X4514,15,2027-03-11,2999
4515,DEAL78X4515,30,2026-04-27,999
4516,GET11X4516,30,2027-05-03,499
4517,MEGA51NOW4517,30,2027-04-19,199
4518,SUPER534518,15,2026-01-21,199
4519,SAVE85X4519,20,2027-07-19,1999
4520,SAVE49X4520,15,2026-12-04,0
4521,DEAL56PLUS4521,5,2026-08-10,0
4522,GET69PLUS4522,30,2027-05-06,0
4523,GET34NOW4523,20,2026-07-03,1499
4524,GET58PLUS4524,50,2026-10-13,1499
4525,SAVE49X4525,20,2027-04-13,499
4526,SUPER22PLUS4526,10,2026-08-24,199
4527,FLAT10X4527,25,2026-10-22,2999
4528,SUPER12X4528,30,2026-10-28,499
4529,DEAL244529,20,2026-10-20,2999
4530,MEGA66NOW4530,10,2026-11-27,0
4531,FLAT71NOW4531,40,2027-03-06,299
4532,GET83NOW4532,5,2026-05-10,199
4533,MEGA24X4533,25,2026-01-02,1499
4534,SAVE44X4534,25,2026-05-22,1499
4535,OFF73PLUS4535,50,2026-05-31,1999
4536,SAVE57X4536,20,2027-06-16,199
4537,MEGA78PLUS4537,25,2027-05-31,2999
4538,DEAL424538,30,2026-05-05,1999
4539,DEAL884539,25,2026-06-25,299
4540,FLAT46PLUS4540,50,2027-04-11,999
4541,OFF61PLUS4541,20,2026-10-26,299
4542,GET35X4542,40,2027-03-26,2999
4543,SAVE15X4543,25,2026-09-20,999
4544,GET26PLUS4544,20,2026-05-27,499
4545,SUPER26X4545,30,2026-01-07,0
4546,GET274546,15,2026-02-02,1499
4547,SUPER87NOW4547,5,2026-03-08,299
4548,SAVE60NOW4548,30,2026-04-25,0
4549,SUPER71X4549,25,2026-11-15,299
4550,DEAL56X4550,50,2027-03-31,199
4551,SUPER38PLUS4551,50,2026-09-19,1499
4552,MEGA594552,5,2027-06-04,999
4553,SAVE724553,40,2026-05-14,299
4554,MEGA67NOW4554,50,2027-05-14,0
4555,SUPER21NOW4555,15,2027-05-22,1999
4556,GET85PLUS4556,50,2026-05-22,999
4557,MEGA40NOW4557,20,2027-03-13,299
4558,SUPER35X4558,50,2027-07-29,1999
4559,FLAT65PLUS4559,20,2026-08-05,1999
4560,MEGA28X4560,50,2027-02-08,1499
4561,GET234561,15,2026-08-03,2999
4562,DEAL384562,15,2027-03-17,299
4563,GET41PLUS4563,10,2027-05-01,2999
4564,SAVE66NOW4564,40,2026-10-17,299
4565,GET134565,50,2026-11-27,499
4566,OFF53PLUS4566,10,2026-07-10,999
4567,FLAT224567,5,2026-06-19,199
4568,DEAL324568,25,2026-02-27,2999
4569,SUPER41X4569,15,2026-12-12,499
4570,FLAT19PLUS4570,10,2026-03-28,1999
4571,GET77NOW4571,25,2027-02-03,299
4572,FLAT89PLUS4572,15,2026-05-05,499
4573,OFF43NOW4573,5,2027-07-25,1499
4574,GET74PLUS4574,40,2027-05-23,299
4575,GET514575,10,2027-03-23,0
4576,FLAT66NOW4576,30,2026-02-11,299
4577,SUPER89NOW4577,40,2026-11-27,0
4578,FLAT26NOW4578,15,2026-09-11,1499
4579,MEGA84PLUS4579,50,2027-02-22,1499
4580,DEAL564580,25,2026-06-30,999
4581,GET32NOW4581,15,2026-03-01,299
4582,MEGA78NOW4582,10,2026-08-15,499
4583,SAVE294583,10,2027-02-05,999
4584,MEGA50X4584,25,2026-01-19,1499
4585,MEGA24PLUS4585,40,2027-01-23,2999
4586,DEAL81X4586,5,2026-11-30,299
4587,GET30PLUS4587,5,2026-03-28,1999
4588,FLAT84NOW4588,30,2026-03-25,1999
4589,DEAL80X4589,10,2026-02-20,1499
4590,FLAT674590,40,2026-05-05,2999
4591,GET194591,10,2026-11-09,2999
4592,OFF17NOW4592,50,2026-08-04,0
4593,DEAL44X4593,15,2027-01-29,2999
4594,MEGA564594,25,2026-08-20,0
4595,MEGA14X4595,5,2027-05-02,1999
4596,SUPER10X4596,20,2027-07-05,1999
4597,SAVE79NOW4597,15,2026-08-07,1499
4598,FLAT11PLUS4598,25,2026-02-27,299
4599,OFF89X4599,30,2027-02-20,499
4600,SAVE88NOW4600,25,2026-08-09,499
4601,OFF27PLUS4601,25,2026-06-17,2999
4602,SUPER144602,50,2026-08-12,299
4603,OFF76X4603,5,2027-03-17,0
4604,FLAT76X4604,15,2027-06-30,299
4605,SUPER35NOW4605,40,2027-05-09,1999
4606,GET58NOW4606,50,2027-01-13,499
4607,GET45X4607,50,2027-01-25,299
4608,OFF354608,15,2026-02-09,199
4609,SAVE57NOW4609,40,2027-06-18,299
4610,DEAL76X4610,5,2026-07-26,299
4611,SUPER47NOW4611,25,2027-03-31,2999
4612,MEGA374612,40,2026-05-20,0
4613,OFF16NOW4613,10,2026-08-01,0
4614,GET654614,50,2026-04-03,199
4615,DEAL444615,25,2026-10-17,499
4616,MEGA704616,5,2026-08-21,1999
4617,SUPER42NOW4617,10,2026-07-31,299
4618,GET82X4618,25,2026-05-28,0
4619,OFF864619,30,2026-03-29,999
4620,OFF55PLUS4620,20,2026-04-04,499
4621,DEAL26PLUS4621,5,2027-06-30,0
4622,SAVE52PLUS4622,20,2026-03-20,999
4623,GET64X4623,5,2026-04-21,2999
4624,DEAL38NOW4624,25,2026-06-17,499
4625,FLAT25PLUS4625,5,2027-01-20,1499
4626,SAVE32PLUS4626,15,2027-01-23,199
4627,SAVE59X4627,20,2026-11-29,0
4628,OFF69NOW4628,25,2026-05-18,999
4629,SUPER52NOW4629,15,2026-09-02,1999
4630,SUPER19PLUS4630,20,2026-02-25,299
4631,DEAL81X4631,10,2026-03-05,299
4632,SAVE844632,10,2026-01-05,199
4633,OFF14NOW4633,30,2026-06-14,1499
4634,SAVE32X4634,30,2026-06-25,199
4635,MEGA464635,50,2026-10-27,2999
4636,SUPER364636,10,2027-04-12,1999
4637,DEAL344637,50,2026-03-12,1999
4638,OFF70PLUS4638,5,2027-06-13,2999
4639,OFF51X4639,20,2027-03-19,2999
4640,SUPER69NOW4640,25,2026-02-08,299
4641,MEGA19NOW4641,25,2027-05-01,2999
4642,DEAL32X4642,15,2026-09-12,199
4643,SAVE594643,5,2027-04-08,299
4644,FLAT62PLUS4644,40,2026-12-12,2999
4645,FLAT10PLUS4645,15,2026-03-01,1499
4646,SAVE524646,40,2027-06-19,1499
4647,OFF16X4647,25,2026-06-12,499
4648,SAVE164648,15,2026-08-07,199
4649,OFF90X4649,10,2026-06-11,299
4650,OFF24PLUS4650,40,2027-05-14,999
4651,DEAL75X4651,10,2026-08-04,0
4652,MEGA88NOW4652,5,2027-02-09,1999
4653,MEGA264653,5,2027-01-18,1499
4654,SAVE31NOW4654,5,2027-02-24,1499
4655,SUPER50NOW4655,5,2027-01-26,999
4656,FLAT13X4656,40,2026-10-26,199
4657,MEGA79NOW4657,30,2026-06-26,299
4658,OFF74X4658,15,2026-07-19,999
4659,FLAT65X4659,20,2026-09-09,1999
4660,DEAL66X4660,25,2026-02-16,0
4661,OFF32PLUS4661,50,2026-02-24,999
4662,SAVE41NOW4662,25,2026-09-02,299
4663,OFF46PLUS4663,10,2026-08-10,999
4664,GET30PLUS4664,25,2026-08-09,2999
4665,GET36PLUS4665,40,2027-07-07,999
4666,SAVE284666,25,2027-04-02,1499
4667,SAVE25NOW4667,5,2027-07-23,1499
4668,FLAT834668,50,2026-07-23,199
4669,SAVE64X4669,15,2026-04-10,1999
4670,GET43NOW4670,10,2027-08-04,499
4671,SUPER10PLUS4671,50,2027-07-24,1999
4672,MEGA804672,15,2026-10-22,199
4673,FLAT61NOW4673,5,2027-07-26,499
4674,FLAT34NOW4674,10,2026-10-10,499
4675,OFF53PLUS4675,50,2026-02-13,0
4676,MEGA224676,50,2026-06-20,1999
4677,FLAT904677,30,2026-01-23,1999
4678,MEGA53NOW4678,25,2026-07-18,0
4679,GET72X4679,30,2026-06-29,499
4680,SAVE42NOW4680,25,2027-03-13,1999
4681,SAVE13NOW4681,50,2026-06-09,1999
4682,GET29NOW4682,10,2026-07-03,299
4683,GET39NOW4683,40,2026-05-25,1999
4684,SAVE48PLUS4684,5,2027-07-06,199
4685,SUPER11X4685,25,2026-06-08,299
4686,GET65X4686,50,2026-06-10,199
4687,MEGA654687,15,2026-08-02,0
4688,FLAT69X4688,15,2026-03-20,2999
4689,SAVE67PLUS4689,10,2027-02-07,1999
4690,FLAT764690,25,2026-08-16,1999
4691,SAVE884691,15,2027-07-31,299
4692,SUPER674692,30,2026-12-23,1499
4693,DEAL61NOW4693,25,2027-07-12,299
4694,FLAT24PLUS4694,25,2026-12-02,499
4695,MEGA87PLUS4695,15,2026-05-24,299
4696,OFF79PLUS4696,5,2027-01-15,0
4697,OFF82NOW4697,15,2027-02-12,2999
4698,SUPER51NOW4698,30,2026-11-13,0
4699,GET544699,5,2027-03-26,299
4700,DEAL26NOW4700,50,2027-08-07,999
4701,FLAT53PLUS4701,30,2027-01-16,1999
4702,DEAL704702,20,2027-04-18,999
4703,SAVE124703,30,2026-06-24,999
4704,MEGA86PLUS4704,10,2026-01-09,199
4705,DEAL11X4705,50,2027-04-17,299
4706,SUPER154706,5,2026-09-04,299
4707,GET574707,50,2027-03-14,0
4708,GET314708,20,2027-08-08,2999
4709,GET13X4709,50,2026-09-25,0
4710,FLAT124710,30,2026-10-25,299
4711,MEGA85NOW4711,20,2026-03-02,1499
4712,GET71PLUS4712,30,2026-04-14,1499
4713,FLAT314713,5,2026-06-12,199
4714,SUPER28PLUS4714,30,2026-03-01,1999
4715,SAVE88X4715,20,2027-05-18,1499
4716,SUPER204716,40,2026-01-28,1499
4717,SUPER73X4717,5,2027-02-06,499
4718,MEGA64X4718,50,2027-07-27,2999
4719,FLAT36X4719,5,2026-06-01,0
4720,DEAL25NOW4720,25,2026-02-01,499
4721,DEAL254721,30,2026-04-21,2999
4722,MEGA564722,20,2027-07-11,299
4723,OFF25NOW4723,50,2026-08-06,199
4724,DEAL514724,40,2027-01-22,1999
4725,MEGA764725,30,2026-03-30,499
4726,DEAL64PLUS4726,5,2027-04-23,499
4727,SUPER764727,15,2027-04-23,199
4728,MEGA61PLUS4728,5,2027-06-20,1499
4729,SAVE62PLUS4729,50,2027-03-31,299
4730,SAVE12X4730,30,2026-05-01,2999
4731,GET174731,40,2026-08-28,1499
4732,SAVE71NOW4732,20,2026-04-15,299
4733,DEAL81NOW4733,40,2027-07-04,999
4734,MEGA69PLUS4734,40,2027-02-06,1499
4735,GET54X4735,20,2026-09-12,0
4736,SUPER684736,15,2026-02-09,299
4737,GET614737,20,2026-10-30,499
4738,OFF61X4738,5,2026-02-11,999
4739,MEGA81PLUS4739,50,2027-02-03,199
4740,SAVE504740,40,2026-02-05,199
4741,OFF51X4741,10,2026-06-23,299
4742,OFF34X4742,5,2027-03-25,2999
4743,SUPER53X4743,15,2026-05-31,999
4744,MEGA62NOW4744,25,2026-08-31,499
4745,GET21PLUS4745,20,2027-03-11,1999
4746,DEAL104746,15,2027-03-23,499
4747,OFF734747,30,2027-08-01,199
4748,OFF43PLUS4748,10,2026-06-29,199
4749,MEGA584749,10,2026-06-30,999
4750,SUPER604750,40,2026-04-18,499
4751,DEAL38NOW4751,15,2026-03-18,0
4752,DEAL77X4752,20,2027-07-11,1999
4753,DEAL52NOW4753,30,2027-01-11,1499
4754,DEAL374754,15,2026-12-21,2999
4755,FLAT66NOW4755,20,2026-11-07,999
4756,SUPER274756,30,2026-05-05,2999
4757,SUPER874757,40,2026-12-02,0
4758,GET714758,30,2026-12-30,0
4759,GET19PLUS4759,50,2026-12-17,299
4760,OFF374760,50,2027-07-25,499
4761,SUPER12NOW4761,5,2026-06-04,499
4762,GET124762,10,2026-11-15,499
4763,DEAL46X4763,20,2026-01-15,199
4764,OFF61X4764,30,2027-06-14,0
4765,GET434765,30,2026-10-18,2999
4766,DEAL20X4766,15,2027-02-17,2999
4767,SUPER884767,20,2026-10-10,199
4768,GET15X4768,40,2026-04-04,499
4769,OFF664769,10,2026-01-11,199
4770,FLAT18PLUS4770,40,2026-01-12,499
4771,MEGA23NOW4771,30,2026-02-11,2999
4772,OFF574772,40,2026-03-06,2999
4773,SAVE894773,50,2026-06-19,0
4774,MEGA56X4774,30,2026-01-13,1499
4775,SUPER824775,15,2027-07-25,199
4776,FLAT10X4776,5,2027-02-27,0
4777,SAVE52NOW4777,25,2026-04-09,499
4778,MEGA71X4778,25,2027-01-06,2999
4779,OFF71PLUS4779,50,2026-10-02,999
4780,SUPER33NOW4780,15,2026-06-05,1499
4781,MEGA30NOW4781,40,2026-07-26,199
4782,MEGA21PLUS4782,20,2027-06-18,1999
4783,GET16NOW4783,40,2026-09-16,2999
4784,DEAL39NOW4784,50,2027-04-19,1999
4785,SAVE504785,20,2027-02-13,1999
4786,SUPER59NOW4786,25,2027-06-27,1999
4787,DEAL61NOW4787,30,2026-07-31,2999
4788,FLAT57NOW4788,30,2026-05-20,1499
4789,DEAL45NOW4789,15,2027-01-05,1499
4790,MEGA844790,15,2026-04-14,299
4791,MEGA89NOW4791,30,2026-08-19,999
4792,SAVE12PLUS4792,40,2026-05-01,999
4793,SAVE31NOW4793,15,2026-07-20,1499
4794,MEGA65NOW4794,20,2027-04-15,1499
4795,GET154795,30,2027-06-09,499
4796,MEGA34X4796,50,2026-05-11,0
4797,GET87X4797,10,2027-04-03,299
4798,SAVE73PLUS4798,25,2027-02-20,499
4799,DEAL67PLUS4799,40,2027-06-25,299
4800,OFF49PLUS4800,30,2026-08-09,299
4801,FLAT65NOW4801,5,2026-11-16,499
4802,MEGA82NOW4802,30,2026-11-23,999
4803,SUPER63NOW4803,40,2026-06-05,1999
4804,OFF31X4804,25,2026-07-15,0
4805,GET13X4805,10,2026-09-03,299
4806,OFF32X4806,25,2026-04-05,299
4807,MEGA694807,30,2026-06-04,2999
4808,SAVE78X4808,30,2026-02-07,1999
4809,GET12PLUS4809,40,2026-06-08,1499
4810,SAVE714810,20,2026-12-08,2999
4811,DEAL72X4811,50,2026-09-08,199
4812,GET73X4812,15,2027-05-17,199
4813,MEGA59PLUS4813,30,2026-07-03,1499
4814,GET56NOW4814,25,2027-02-25,199
4815,DEAL714815,10,2026-03-20,1999
4816,MEGA13PLUS4816,5,2026-07-10,1499
4817,DEAL514817,30,2026-10-25,199
4818,SUPER59X4818,25,2026-03-28,199
4819,MEGA54X4819,50,2027-01-20,199
4820,OFF73X4820,40,2027-03-01,299
4821,SAVE30X4821,5,2026-03-04,0
4822,SAVE82PLUS4822,50,2026-11-07,299
4823,SAVE34X4823,30,2026-12-05,999
4824,OFF71X4824,15,2027-07-29,1499
4825,DEAL89NOW4825,15,2026-08-06,1999
4826,DEAL79PLUS4826,5,2026-04-03,0
4827,FLAT60X4827,20,2026-09-09,1499
4828,FLAT874828,20,2027-04-08,1999
4829,SUPER47X4829,25,2027-04-09,299
4830,GET33NOW4830,25,2027-05-07,199
4831,SAVE73X4831,30,2026-11-17,2999
4832,OFF16X4832,30,2026-09-12,999
4833,DEAL61X4833,20,2027-06-09,999
4834,SUPER22X4834,15,2026-02-18,499
4835,OFF614835,5,2027-01-12,199
4836,OFF65X4836,50,2027-01-08,1999
4837,FLAT434837,50,2026-09-02,1999
4838,SUPER724838,50,2026-08-20,2999
4839,OFF474839,15,2027-02-25,1999
4840,SAVE21X4840,40,2026-06-02,1999
4841,DEAL524841,40,2027-03-21,2999
4842,OFF62X4842,25,2026-11-27,199
4843,SAVE80NOW4843,15,2026-12-16,1999
4844,SAVE29PLUS4844,30,2026-10-18,199
4845,MEGA52NOW4845,15,2027-04-20,0
4846,OFF164846,25,2026-05-05,499
4847,DEAL17PLUS4847,25,2027-05-24,2999
4848,FLAT89PLUS4848,25,2026-12-26,0
4849,FLAT18PLUS4849,40,2027-06-08,1999
4850,GET484850,5,2027-03-11,999
4851,FLAT564851,50,2026-01-11,1499
4852,DEAL56NOW4852,50,2026-06-01,499
4853,SUPER57X4853,50,2026-01-27,299
4854,OFF294854,50,2027-04-08,1499
4855,GET25NOW4855,10,2027-01-13,999
4856,SAVE34PLUS4856,30,2026-09-20,0
4857,SUPER52NOW4857,40,2026-07-16,499
4858,GET83PLUS4858,30,2026-11-14,299
4859,MEGA81NOW4859,30,2026-09-17,199
4860,SUPER844860,5,2026-10-14,199
4861,GET13X4861,20,2027-02-28,499
4862,DEAL85X4862,10,2027-04-12,0
4863,SUPER64PLUS4863,20,2026-06-15,999
4864,FLAT164864,30,2026-03-08,2999
4865,MEGA41X4865,5,2026-11-29,2999
4866,DEAL48NOW4866,10,2027-06-01,299
4867,SAVE904867,40,2027-01-08,999
4868,GET37NOW4868,5,2026-06-03,999
4869,DEAL424869,5,2026-09-22,199
4870,DEAL26PLUS4870,30,2027-03-24,1999
4871,SAVE12NOW4871,10,2026-06-26,299
4872,SUPER164872,50,2026-09-13,1499
4873,GET42PLUS4873,5,2026-08-06,1999
4874,GET69PLUS4874,10,2027-01-22,2999
4875,SUPER204875,30,2027-04-09,499
4876,OFF83NOW4876,40,2027-04-03,0
4877,DEAL81NOW4877,40,2026-10-06,1999
4878,FLAT78X4878,40,2026-01-13,999
4879,SUPER68PLUS4879,10,2026-05-13,299
4880,GET34PLUS4880,30,2026-02-27,999
4881,OFF50X4881,5,2026-04-16,2999
4882,OFF76NOW4882,10,2026-06-15,199
4883,MEGA64PLUS4883,50,2026-04-21,499
4884,OFF39NOW4884,50,2027-07-22,2999
4885,SUPER454885,5,2026-09-07,2999
4886,SUPER31PLUS4886,30,2027-06-07,499
4887,GET42X4887,20,2026-12-09,2999
4888,DEAL284888,10,2027-07-16,199
4889,OFF24NOW4889,15,2026-03-31,999
4890,SUPER88X4890,40,2026-11-20,199
4891,SUPER18PLUS4891,25,2027-05-06,999
4892,SUPER73NOW4892,50,2027-05-24,1999
4893,FLAT84NOW4893,50,2026-04-28,1499
4894,GET45NOW4894,10,2027-05-10,1499
4895,GET24NOW4895,15,2027-02-18,2999
4896,DEAL17PLUS4896,5,2026-07-16,999
4897,FLAT77PLUS4897,30,2026-01-10,1999
4898,MEGA59X4898,20,2026-06-22,199
4899,FLAT68PLUS4899,30,2027-06-22,1499
4900,FLAT57NOW4900,20,2027-02-09,1499
4901,SAVE67PLUS4901,15,2027-08-03,1999
4902,GET61X4902,30,2026-10-11,0
4903,FLAT87PLUS4903,40,2026-08-03,1999
4904,FLAT83PLUS4904,30,2027-03-14,299
4905,GET49X4905,40,2026-01-15,299
4906,OFF46PLUS4906,5,2026-04-12,999
4907,MEGA144907,50,2026-06-16,2999
4908,OFF38PLUS4908,25,2027-04-07,1999
4909,SUPER83NOW4909,30,2027-05-03,199
4910,SUPER264910,10,2026-07-19,2999
4911,SAVE53NOW4911,20,2026-11-26,2999
4912,FLAT55NOW4912,40,2027-08-01,0
4913,DEAL424913,10,2027-01-27,299
4914,SAVE20X4914,10,2026-06-19,299
4915,FLAT20X4915,20,2027-06-15,1499
4916,SAVE864916,5,2026-09-20,1499
4917,FLAT77X4917,5,2026-11-11,2999
4918,MEGA10X4918,40,2026-11-21,1499
4919,MEGA68PLUS4919,25,2026-07-22,199
4920,SUPER30NOW4920,40,2027-01-15,499
4921,GET85X4921,5,2026-07-22,0
4922,FLAT20NOW4922,15,2026-07-02,299
4923,GET234923,40,2026-10-19,499
4924,OFF63PLUS4924,50,2026-01-11,1499
4925,SUPER11X4925,25,2026-03-28,299
4926,OFF80X4926,20,2026-01-18,1499
4927,GET63PLUS4927,50,2027-02-03,2999
4928,SUPER204928,20,2026-10-16,299
4929,SUPER33NOW4929,25,2027-01-02,999
4930,GET42PLUS4930,25,2027-06-13,2999
4931,GET57X4931,5,2026-10-21,1999
4932,MEGA77PLUS4932,30,2026-01-29,1499
4933,FLAT66PLUS4933,30,2026-02-11,199
4934,DEAL33X4934,25,2027-02-09,499
4935,DEAL90PLUS4935,25,2027-01-06,499
4936,SUPER65NOW4936,50,2026-08-11,0
4937,OFF204937,20,2027-07-11,0
4938,MEGA65X4938,50,2026-10-13,999
4939,SUPER73PLUS4939,40,2027-01-14,999
4940,OFF42PLUS4940,20,2026-03-28,0
4941,GET67X4941,5,2026-03-09,1999
4942,GET11X4942,10,2026-06-14,999
4943,DEAL20PLUS4943,30,2026-03-24,1999
4944,MEGA56PLUS4944,50,2026-07-02,1499
4945,SUPER664945,30,2027-04-09,0
4946,MEGA61PLUS4946,40,2026-07-25,1499
4947,MEGA804947,30,2026-08-11,299
4948,DEAL854948,10,2027-04-06,299
4949,FLAT124949,50,2026-11-30,2999
4950,SAVE68NOW4950,15,2026-01-09,0
4951,DEAL57X4951,25,2026-10-01,1999
4952,MEGA38PLUS4952,50,2026-06-22,1499
4953,GET564953,40,2027-04-10,2999
4954,MEGA69PLUS4954,5,2026-03-03,499
4955,FLAT834955,20,2026-04-21,1999
4956,MEGA80X4956,5,2027-01-19,999
4957,GET25X4957,10,2026-10-25,0
4958,SAVE52X4958,5,2026-03-15,2999
4959,DEAL17PLUS4959,40,2026-04-08,299
4960,DEAL40PLUS4960,40,2027-06-30,999
4961,DEAL53PLUS4961,40,2027-01-12,0
4962,GET11X4962,30,2026-07-03,0
4963,SUPER20NOW4963,40,2027-05-03,1499
4964,FLAT76X4964,25,2026-04-10,199
4965,DEAL32PLUS4965,10,2026-06-02,1999
4966,GET59PLUS4966,10,2026-10-14,999
4967,SAVE674967,30,2027-06-13,999
4968,GET62PLUS4968,5,2027-04-29,499
4969,MEGA81X4969,15,2026-07-03,1999
4970,SAVE15NOW4970,20,2027-04-18,1999
4971,SUPER32X4971,40,2027-07-25,199
4972,MEGA14NOW4972,10,2026-01-04,1499
4973,GET74PLUS4973,5,2026-09-08,199
4974,GET90NOW4974,50,2026-07-05,199
4975,SAVE49NOW4975,15,2026-08-06,199
4976,GET66X4976,10,2026-03-07,1499
4977,DEAL43NOW4977,40,2026-09-22,499
4978,GET124978,5,2027-02-05,499
4979,GET64NOW4979,5,2026-03-25,1499
4980,SAVE87NOW4980,15,2026-11-25,1999
4981,GET834981,15,2027-04-17,0
4982,OFF644982,5,2027-01-12,499
4983,MEGA42NOW4983,50,2026-10-02,2999
4984,MEGA76X4984,25,2027-03-12,2999
4985,DEAL164985,40,2027-05-12,999
4986,SUPER15PLUS4986,30,2026-10-08,999
4987,MEGA52X4987,10,2027-03-30,199
4988,FLAT63X4988,30,2026-03-16,299
4989,FLAT83PLUS4989,30,2027-03-02,299
4990,SAVE70PLUS4990,10,2026-08-05,2999
4991,GET88X4991,5,2026-07-26,2999
4992,DEAL17PLUS4992,20,2026-09-17,1999
4993,SAVE284993,30,2026-03-27,1499
4994,MEGA46NOW4994,30,2026-11-14,999
4995,FLAT11PLUS4995,25,2026-09-03,199
4996,MEGA65NOW4996,10,2026-01-30,1499
4997,SAVE594997,25,2026-12-30,999
4998,DEAL21PLUS4998,25,2027-07-10,0
4999,GET34NOW4999,20,2027-05-17,2999
5000,MEGA57PLUS5000,40,2027-04-18,199
