AddressID,CustomerID,AddressType,AddressLine,City,State,Pincode
1,3924,Office,"H.No. 433, Chaudry Street",Lucknow,Uttar Pradesh,960013
2,4362,Other,"90/83, Saini Circle",Kolkata,West Bengal,794026
3,786,Other,"H.No. 23, Chaudry Path",Hyderabad,Telangana,615594
4,4504,Office,"78/161, Memon Circle",Mumbai,Maharashtra,931034
5,2541,Office,"164, Patla Chowk",Mumbai,Maharashtra,553419
6,4649,Office,"32/76, Kanda Road",Madurai,Tamil Nadu,030564
7,4228,Other,"953, Randhawa Chowk",Jaipur,Rajasthan,242388
8,3266,Other,"96/965, Devi Ganj",Bengaluru,Karnataka,101226
9,2413,Office,"69, Wadhwa Chowk",Kochi,Kerala,801845
10,4367,Office,"H.No. 62, Aggarwal Chowk",Jaipur,Rajasthan,828148
11,3606,Other,"528, Acharya Circle",Pune,Maharashtra,701543
12,4518,Home,"911, Biswas Chowk",Nagpur,Maharashtra,278248
13,125,Office,"834, Prakash Marg",Madurai,Tamil Nadu,871331
14,975,Office,"H.No. 983, Kannan",Mumbai,Maharashtra,103105
15,4974,Office,"34/73, Deo Circle",Hyderabad,Telangana,376311
16,1480,Home,"H.No. 66, Bhagat Chowk",Kochi,Kerala,065133
17,4222,Home,"72/62, Shere Road",Madurai,Tamil Nadu,178108
18,2626,Office,"H.No. 326, Srivastava Chowk",Chennai,Tamil Nadu,602606
19,986,Other,"46, Sur Circle",Vijayawada,Andhra Pradesh,343098
20,4645,Home,"50/097, Wali Circle",Hyderabad,Telangana,081219
21,1188,Home,"36/193, Baral",Chandigarh,Chandigarh,699854
22,3986,Home,"53/462, Shankar Road",Bengaluru,Karnataka,107991
23,2287,Office,"38/42, Biswas Path",Kochi,Kerala,542784
24,2594,Home,"84/124, Chhabra Zila",Delhi,Delhi,449353
25,748,Office,"74/01, Malhotra Marg",Jaipur,Rajasthan,052427
26,465,Office,"01/12, Banik Circle",Jaipur,Rajasthan,982620
27,3672,Home,"H.No. 05, Krish Ganj",Thiruvananthapuram,Kerala,586923
28,844,Home,"602, Sabharwal Path",Kolkata,West Bengal,421607
29,184,Office,"754, Kapoor Ganj",Hyderabad,Telangana,365414
30,3206,Other,"86/850, Lal Zila",Salem,Tamil Nadu,940196
31,4676,Other,"56/981, Gupta Marg",Bengaluru,Karnataka,060883
32,4192,Office,"15, Murthy",Hyderabad,Telangana,484656
33,2249,Office,"23/66, Mitra Street",Chennai,Tamil Nadu,804436
34,1159,Other,"77, Vaidya Ganj",Thiruvananthapuram,Kerala,214895
35,1845,Office,"433, Bakshi Street",Hyderabad,Telangana,379176
36,1386,Home,"67/632, Chhabra Nagar",Chennai,Tamil Nadu,328708
37,4960,Office,"H.No. 727, Nadig Circle",Jaipur,Rajasthan,986872
38,669,Other,"43, Verma Road",Coimbatore,Tamil Nadu,347143
39,2409,Other,"H.No. 58, Devi Zila",Hyderabad,Telangana,362316
40,3835,Other,"H.No. 87, Bhatia Marg",Surat,Gujarat,669096
41,3329,Office,"H.No. 546, Yohannan Marg",Tiruchirappalli,Tamil Nadu,734670
42,2427,Office,"H.No. 62, Datta Chowk",Hyderabad,Telangana,699016
43,2042,Home,"20, Raghavan Road",Thiruvananthapuram,Kerala,375564
44,1716,Home,"H.No. 17, Zacharia Nagar",Bengaluru,Karnataka,531003
45,1293,Office,"H.No. 923, Solanki Street",Lucknow,Uttar Pradesh,937452
46,1486,Home,"419, Muni Nagar",Madurai,Tamil Nadu,631931
47,3813,Home,"91/905, Sangha Circle",Kolkata,West Bengal,185067
48,2545,Other,"57, Saran Street",Chennai,Tamil Nadu,849877
49,2724,Home,"94/531, Seshadri Road",Lucknow,Uttar Pradesh,799650
50,3556,Home,"H.No. 27, Pant Ganj",Bhopal,Madhya Pradesh,549480
51,4957,Office,"H.No. 367, Khosla Circle",Salem,Tamil Nadu,770143
52,1243,Home,"34/957, Wali Circle",Surat,Gujarat,685574
53,3316,Other,"H.No. 31, Mutti Ganj",Bengaluru,Karnataka,823374
54,3447,Home,"H.No. 343, Gola Path",Nagpur,Maharashtra,082400
55,2285,Office,"27/109, Singh Road",Nagpur,Maharashtra,752047
56,715,Office,"H.No. 671, Bera",Salem,Tamil Nadu,294131
57,3244,Other,"99/38, Seshadri Marg",Kolkata,West Bengal,496499
58,3699,Other,"13/34, Dugar Zila",Indore,Madhya Pradesh,281206
59,4126,Home,"97/403, Mandal Road",Mumbai,Maharashtra,134936
60,3872,Other,"32/42, Bhasin Zila",Bhopal,Madhya Pradesh,499471
61,2712,Other,"46/488, Sarma Chowk",Thiruvananthapuram,Kerala,906594
62,1225,Office,"H.No. 399, Luthra Nagar",Coimbatore,Tamil Nadu,278742
63,2773,Home,"71/756, Nagi Path",Tiruchirappalli,Tamil Nadu,256746
64,2178,Office,"15, Naik Road",Indore,Madhya Pradesh,680876
65,2254,Other,"859, Sathe Chowk",Mysuru,Karnataka,348247
66,1655,Office,"H.No. 093, Mukhopadhyay Street",Bhopal,Madhya Pradesh,861317
67,659,Home,"27/484, Subramanian Marg",Jaipur,Rajasthan,378263
68,496,Office,"H.No. 465, Loke Circle",Delhi,Delhi,449972
69,3423,Other,"75/58, Purohit Circle",Delhi,Delhi,533963
70,920,Office,"H.No. 576, Doshi Marg",Tiruchirappalli,Tamil Nadu,028951
71,4142,Other,"H.No. 870, Rout Street",Bengaluru,Karnataka,174596
72,3345,Office,"H.No. 86, Sura Path",Salem,Tamil Nadu,913431
73,1850,Home,"H.No. 172, Balakrishnan Road",Bengaluru,Karnataka,504556
74,993,Other,"869, Garde Street",Thiruvananthapuram,Kerala,196937
75,1477,Home,"747, Andra Road",Salem,Tamil Nadu,482175
76,2861,Office,"64/743, Subramanian Marg",Nagpur,Maharashtra,369594
77,3724,Office,"H.No. 640, Bawa",Pune,Maharashtra,439533
78,4079,Home,"21/047, Patla Nagar",Jaipur,Rajasthan,145623
79,857,Other,"58/84, Kurian Street",Tiruchirappalli,Tamil Nadu,451712
80,2409,Home,"68/516, Lalla Nagar",Visakhapatnam,Andhra Pradesh,754965
81,3483,Office,"37/098, Kant Path",Indore,Madhya Pradesh,746120
82,3779,Office,"H.No. 71, Keer Zila",Thiruvananthapuram,Kerala,675869
83,3083,Other,"17, Reddy",Chennai,Tamil Nadu,053773
84,887,Office,"H.No. 585, Rao Nagar",Jaipur,Rajasthan,317139
85,3012,Home,"H.No. 532, Jha",Kolkata,West Bengal,839335
86,3059,Other,"04/22, Krishna Circle",Salem,Tamil Nadu,102053
87,3514,Other,"H.No. 240, Sama Street",Bengaluru,Karnataka,177589
88,2138,Home,"83, Bassi",Chandigarh,Chandigarh,700766
89,4582,Home,"71, Nagy Zila",Mumbai,Maharashtra,124998
90,2253,Other,"98, Setty Road",Hyderabad,Telangana,118367
91,4483,Home,"57, Sagar Marg",Mumbai,Maharashtra,565452
92,3586,Other,"H.No. 111, Char Marg",Vellore,Tamil Nadu,280988
93,3463,Home,"16/560, Muni Road",Hyderabad,Telangana,198327
94,2038,Office,"H.No. 585, Mallick Zila",Bhopal,Madhya Pradesh,689980
95,1885,Other,"H.No. 244, Panchal Path",Kolkata,West Bengal,229612
96,1472,Home,"H.No. 836, Setty Marg",Hyderabad,Telangana,254599
97,1826,Home,"H.No. 229, Bumb Nagar",Indore,Madhya Pradesh,767976
98,4564,Other,"815, Choudhry Marg",Vijayawada,Andhra Pradesh,978403
99,4042,Other,"00/34, Devan Ganj",Visakhapatnam,Andhra Pradesh,451076
100,4078,Home,"683, Pandya Circle",Delhi,Delhi,606071
101,2686,Other,"69/66, Contractor Road",Nagpur,Maharashtra,052975
102,4822,Home,"13, Rattan Marg",Kochi,Kerala,645352
103,4726,Home,"18/83, Panchal Path",Visakhapatnam,Andhra Pradesh,312432
104,4897,Office,"12/779, Sen",Ahmedabad,Gujarat,527177
105,2923,Office,"H.No. 90, Tripathi Path",Mysuru,Karnataka,477005
106,4152,Home,"H.No. 199, Rajagopalan Circle",Surat,Gujarat,980793
107,2476,Home,"78/20, Chauhan Chowk",Kolkata,West Bengal,182037
108,1247,Other,"89/25, Mandal Path",Thiruvananthapuram,Kerala,659051
109,358,Home,"H.No. 864, Doctor Road",Chandigarh,Chandigarh,192546
110,4882,Other,"14/86, Datta Path",Kolkata,West Bengal,685054
111,115,Office,"573, Devan Ganj",Surat,Gujarat,141888
112,2993,Office,"59/296, Gaba Street",Madurai,Tamil Nadu,927065
113,3718,Home,"94, Kaur Chowk",Nagpur,Maharashtra,473597
114,890,Home,"H.No. 68, Sahota Circle",Tiruchirappalli,Tamil Nadu,392407
115,2844,Office,"18/14, Dyal Zila",Chandigarh,Chandigarh,782613
116,4117,Office,"H.No. 06, Randhawa Nagar",Nagpur,Maharashtra,361530
117,4640,Office,"H.No. 522, Mangat Nagar",Thiruvananthapuram,Kerala,277901
118,443,Home,"H.No. 32, Wable Circle",Lucknow,Uttar Pradesh,143410
119,3156,Home,"97, Choudhry Zila",Hyderabad,Telangana,980893
120,3533,Home,"H.No. 60, Pandit",Bhopal,Madhya Pradesh,962185
121,3619,Other,"88/88, Ramakrishnan Nagar",Vijayawada,Andhra Pradesh,065405
122,1330,Home,"H.No. 31, Natarajan",Vijayawada,Andhra Pradesh,058527
123,3648,Other,"22/170, Jaggi Road",Ahmedabad,Gujarat,305486
124,154,Other,"H.No. 03, Parikh Road",Kochi,Kerala,541566
125,2665,Office,"52, Tank Chowk",Nagpur,Maharashtra,841616
126,2052,Office,"45/11, Merchant Path",Vijayawada,Andhra Pradesh,796275
127,1131,Office,"H.No. 596, Bhandari Road",Madurai,Tamil Nadu,658202
128,3965,Office,"H.No. 213, Pathak Path",Hyderabad,Telangana,909275
129,4406,Office,"19, Wagle Street",Surat,Gujarat,654310
130,3121,Office,"86, Dalal Circle",Visakhapatnam,Andhra Pradesh,473947
131,2665,Office,"H.No. 217, Saxena Street",Kolkata,West Bengal,551884
132,2306,Other,"258, Dara Ganj",Delhi,Delhi,237058
133,4178,Other,"82, Chadha",Nagpur,Maharashtra,467866
134,3843,Other,"517, Varughese Chowk",Bhopal,Madhya Pradesh,289226
135,1780,Other,"H.No. 824, Edwin Street",Chennai,Tamil Nadu,358414
136,3616,Home,"84/249, Chander Circle",Chennai,Tamil Nadu,992299
137,2304,Office,"00/10, Lanka",Kochi,Kerala,969078
138,3418,Other,"47/364, Bora Chowk",Coimbatore,Tamil Nadu,276773
139,2964,Home,"25/55, De Marg",Bhopal,Madhya Pradesh,881537
140,1093,Office,"H.No. 73, Chatterjee Street",Visakhapatnam,Andhra Pradesh,469632
141,835,Office,"53/27, Sibal Circle",Hyderabad,Telangana,470168
142,3975,Home,"395, Bedi Nagar",Bengaluru,Karnataka,797480
143,178,Home,"24, Rau Path",Jaipur,Rajasthan,060983
144,32,Office,"41/68, Mammen Chowk",Kochi,Kerala,216558
145,213,Other,"398, Tella Marg",Thiruvananthapuram,Kerala,002578
146,523,Other,"982, Nagar Path",Surat,Gujarat,694958
147,650,Office,"94/705, Choudhary Path",Thiruvananthapuram,Kerala,940974
148,114,Office,"09/728, Rai",Kochi,Kerala,309130
149,4609,Office,"H.No. 62, Jani Marg",Pune,Maharashtra,897028
150,2432,Other,"57/86, Ghose Path",Vellore,Tamil Nadu,858549
151,875,Other,"348, Kar Road",Visakhapatnam,Andhra Pradesh,437575
152,190,Other,"H.No. 19, Raghavan Circle",Mumbai,Maharashtra,524041
153,716,Office,"47, Jaggi Ganj",Bengaluru,Karnataka,842199
154,234,Home,"083, Ben Ganj",Nagpur,Maharashtra,657120
155,2575,Other,"77, Mani Ganj",Jaipur,Rajasthan,401938
156,847,Office,"620, Tandon Marg",Kochi,Kerala,400499
157,1590,Home,"H.No. 47, Viswanathan Circle",Vellore,Tamil Nadu,287431
158,1901,Other,"742, Nazareth Nagar",Surat,Gujarat,932966
159,4796,Home,"H.No. 612, Sood Street",Salem,Tamil Nadu,304637
160,2394,Other,"H.No. 49, Apte",Surat,Gujarat,530174
161,1597,Office,"84, Merchant Zila",Jaipur,Rajasthan,933272
162,1944,Office,"95/687, Kamdar Circle",Mumbai,Maharashtra,918785
163,3855,Home,"10/88, Yadav Ganj",Coimbatore,Tamil Nadu,258713
164,3324,Other,"H.No. 870, Deo Chowk",Madurai,Tamil Nadu,790874
165,1807,Other,"40, Bora Ganj",Hyderabad,Telangana,651801
166,4143,Other,"H.No. 462, Salvi Street",Indore,Madhya Pradesh,676618
167,4039,Home,"51/286, Datta Circle",Jaipur,Rajasthan,004786
168,2597,Office,"375, Majumdar Street",Salem,Tamil Nadu,106903
169,4460,Office,"H.No. 190, Bava Chowk",Tiruchirappalli,Tamil Nadu,067383
170,1482,Office,"843, Nagar",Kochi,Kerala,342836
171,2047,Other,"H.No. 08, Gill",Salem,Tamil Nadu,870568
172,4071,Other,"66/246, Yogi Street",Visakhapatnam,Andhra Pradesh,334270
173,4029,Office,"88, Rama Street",Thiruvananthapuram,Kerala,435175
174,1127,Office,"30/46, Baral",Jaipur,Rajasthan,398373
175,1070,Office,"H.No. 03, Dalal Ganj",Bengaluru,Karnataka,393638
176,741,Other,"H.No. 67, Parmer Circle",Chandigarh,Chandigarh,458771
177,976,Other,"H.No. 35, Sachdev Path",Vijayawada,Andhra Pradesh,932048
178,2186,Other,"H.No. 23, Karpe Path",Visakhapatnam,Andhra Pradesh,937854
179,2728,Other,"77/252, Suresh Street",Nagpur,Maharashtra,808010
180,1402,Office,"23, Dora Zila",Thiruvananthapuram,Kerala,387509
181,1785,Office,"70/088, Arora Marg",Chandigarh,Chandigarh,848408
182,4792,Other,"118, Khosla Street",Ahmedabad,Gujarat,984546
183,2565,Home,"H.No. 67, Kohli",Surat,Gujarat,410166
184,2669,Home,"70/02, Tata Zila",Visakhapatnam,Andhra Pradesh,591803
185,3808,Other,"97/401, Bali Road",Lucknow,Uttar Pradesh,503926
186,2217,Other,"H.No. 29, Ramachandran Ganj",Nagpur,Maharashtra,621850
187,450,Other,"31, Ranganathan Path",Kolkata,West Bengal,047735
188,2756,Home,"29, Chada Marg",Visakhapatnam,Andhra Pradesh,311426
189,542,Office,"65/511, Morar Nagar",Visakhapatnam,Andhra Pradesh,541212
190,923,Home,"88, Reddy Circle",Chennai,Tamil Nadu,015819
191,56,Other,"04, Rama Marg",Mysuru,Karnataka,839826
192,4377,Other,"444, Dhingra Chowk",Salem,Tamil Nadu,264647
193,1374,Other,"H.No. 43, Hayre Chowk",Kochi,Kerala,124065
194,142,Other,"H.No. 75, Deshpande Marg",Lucknow,Uttar Pradesh,593752
195,2519,Home,"H.No. 47, Kibe",Salem,Tamil Nadu,646519
196,1642,Home,"82/80, Kadakia Chowk",Tiruchirappalli,Tamil Nadu,416724
197,4849,Office,"H.No. 26, Borah Marg",Hyderabad,Telangana,979688
198,3133,Other,"05/89, Chopra Zila",Vijayawada,Andhra Pradesh,529096
199,3064,Other,"10, Kuruvilla Zila",Chandigarh,Chandigarh,888993
200,4171,Other,"H.No. 67, Tella",Madurai,Tamil Nadu,507146
201,4342,Office,"H.No. 254, Shah Path",Delhi,Delhi,875717
202,35,Other,"H.No. 14, Contractor Nagar",Delhi,Delhi,512382
203,2195,Other,"H.No. 86, Kata Chowk",Tiruchirappalli,Tamil Nadu,226609
204,1813,Home,"96, Agrawal Marg",Visakhapatnam,Andhra Pradesh,341918
205,1519,Other,"H.No. 53, Comar Chowk",Chandigarh,Chandigarh,785969
206,2698,Other,"15/57, Gera",Kolkata,West Bengal,991251
207,4060,Office,"H.No. 12, Dhaliwal Path",Coimbatore,Tamil Nadu,692966
208,2873,Office,"82, Ganesan Circle",Bengaluru,Karnataka,422579
209,4632,Office,"H.No. 07, Hayer Street",Indore,Madhya Pradesh,887676
210,3436,Office,"21, Balasubramanian",Tiruchirappalli,Tamil Nadu,404384
211,492,Home,"97, Vaidya Circle",Coimbatore,Tamil Nadu,914858
212,4367,Office,"78/361, Mishra Ganj",Kochi,Kerala,745171
213,2049,Home,"959, Gandhi Marg",Thiruvananthapuram,Kerala,330958
214,3402,Office,"82/54, Loke Road",Chennai,Tamil Nadu,260422
215,1960,Home,"536, Dhar Chowk",Chandigarh,Chandigarh,667116
216,4783,Office,"57/759, Chander Nagar",Vellore,Tamil Nadu,518636
217,371,Office,"45, Nazareth Road",Kolkata,West Bengal,975001
218,4355,Home,"H.No. 127, Acharya Chowk",Mysuru,Karnataka,324241
219,2773,Office,"H.No. 15, Ben Street",Lucknow,Uttar Pradesh,436110
220,3446,Home,"12, Kara",Bengaluru,Karnataka,005162
221,4429,Home,"H.No. 361, Chauhan Zila",Indore,Madhya Pradesh,542622
222,2438,Other,"90/92, Panchal Chowk",Coimbatore,Tamil Nadu,269731
223,1219,Other,"196, Sanghvi Path",Mysuru,Karnataka,234138
224,3703,Home,"04/389, Gulati Circle",Thiruvananthapuram,Kerala,403761
225,3620,Office,"91, Arora Circle",Indore,Madhya Pradesh,526965
226,310,Office,"10, Bir",Kochi,Kerala,430068
227,4088,Other,"86/661, Yogi Circle",Coimbatore,Tamil Nadu,414183
228,4310,Home,"56/91, Sarkar Road",Salem,Tamil Nadu,031617
229,2089,Other,"H.No. 21, Devan Nagar",Ahmedabad,Gujarat,275884
230,669,Office,"H.No. 24, Balan Zila",Indore,Madhya Pradesh,648149
231,192,Other,"78, Bhakta Path",Tiruchirappalli,Tamil Nadu,925241
232,1564,Home,"800, Konda Nagar",Chennai,Tamil Nadu,756220
233,3927,Office,"536, Madan Path",Visakhapatnam,Andhra Pradesh,951802
234,4366,Other,"06/17, Mukhopadhyay Road",Tiruchirappalli,Tamil Nadu,187053
235,2103,Home,"49/37, Tak Path",Delhi,Delhi,832060
236,87,Home,"50/50, Mohanty Marg",Lucknow,Uttar Pradesh,383670
237,249,Other,"41/038, Pradhan Marg",Coimbatore,Tamil Nadu,191826
238,2186,Home,"90/62, Manne Ganj",Bhopal,Madhya Pradesh,565574
239,3191,Other,"H.No. 329, Dugal Zila",Jaipur,Rajasthan,277561
240,3509,Home,"747, Dar Road",Thiruvananthapuram,Kerala,249035
241,4006,Office,"H.No. 356, Bawa Circle",Jaipur,Rajasthan,420678
242,2827,Other,"H.No. 712, Arora Zila",Kolkata,West Bengal,323651
243,1531,Home,"H.No. 013, Dave Chowk",Mumbai,Maharashtra,510702
244,1737,Home,"67/066, Pandya Street",Vijayawada,Andhra Pradesh,244720
245,3413,Other,"47/687, Chahal Nagar",Chandigarh,Chandigarh,626383
246,4854,Home,"57, Sundaram Circle",Kolkata,West Bengal,985642
247,2439,Home,"H.No. 93, Mand Nagar",Salem,Tamil Nadu,785932
248,4792,Office,"348, Kanda Nagar",Bhopal,Madhya Pradesh,522395
249,4747,Other,"05/99, Guha Street",Visakhapatnam,Andhra Pradesh,842701
250,1793,Home,"930, Sridhar Circle",Mumbai,Maharashtra,593252
251,2704,Other,"H.No. 029, Choudhry Street",Hyderabad,Telangana,156915
252,4740,Other,"H.No. 22, Sur Marg",Lucknow,Uttar Pradesh,289539
253,3248,Other,"44, Goel Street",Madurai,Tamil Nadu,969029
254,3700,Home,"39/17, Narula Street",Indore,Madhya Pradesh,355215
255,4166,Office,"H.No. 433, Palla Zila",Vellore,Tamil Nadu,100676
256,2195,Other,"76, Prashad Path",Mysuru,Karnataka,793271
257,924,Other,"H.No. 05, Cheema Road",Mysuru,Karnataka,526218
258,1135,Office,"H.No. 99, Balasubramanian Chowk",Vijayawada,Andhra Pradesh,296201
259,4946,Other,"368, Lanka Circle",Bhopal,Madhya Pradesh,431069
260,118,Other,"050, Chahal Marg",Bhopal,Madhya Pradesh,973103
261,2054,Other,"41/714, Sinha Marg",Madurai,Tamil Nadu,418625
262,1504,Office,"H.No. 27, Lall Nagar",Lucknow,Uttar Pradesh,743490
263,3963,Office,"11/586, Karan",Hyderabad,Telangana,686879
264,3484,Home,"41, Banerjee Marg",Delhi,Delhi,172233
265,275,Home,"H.No. 616, Divan Ganj",Chandigarh,Chandigarh,511686
266,2479,Other,"H.No. 87, Virk Nagar",Jaipur,Rajasthan,162299
267,2338,Other,"H.No. 914, Padmanabhan Circle",Chennai,Tamil Nadu,467997
268,2255,Home,"462, Ratti",Delhi,Delhi,653074
269,4149,Office,"H.No. 544, Swamy Road",Nagpur,Maharashtra,324754
270,2023,Other,"13/73, Sundaram Marg",Indore,Madhya Pradesh,082148
271,3569,Office,"890, Hans Street",Vijayawada,Andhra Pradesh,030705
272,2427,Other,"H.No. 57, Ranganathan Circle",Tiruchirappalli,Tamil Nadu,035797
273,320,Office,"98, Padmanabhan Path",Jaipur,Rajasthan,414060
274,3874,Other,"33/33, Rout Road",Bengaluru,Karnataka,072290
275,4679,Home,"H.No. 94, Sampath Road",Kochi,Kerala,574374
276,1843,Other,"10/85, Mandal Circle",Chandigarh,Chandigarh,171545
277,380,Other,"H.No. 43, Varughese Street",Vijayawada,Andhra Pradesh,096520
278,2955,Other,"H.No. 46, Rama Marg",Tiruchirappalli,Tamil Nadu,993538
279,418,Home,"58/428, Memon Street",Tiruchirappalli,Tamil Nadu,724825
280,1826,Other,"534, Narula Marg",Chennai,Tamil Nadu,494717
281,4120,Home,"99/917, Tella Ganj",Chennai,Tamil Nadu,684602
282,4166,Other,"569, Dhar Chowk",Tiruchirappalli,Tamil Nadu,217525
283,2623,Office,"H.No. 743, Dutt Street",Mumbai,Maharashtra,129666
284,1093,Office,"60, Walla Nagar",Thiruvananthapuram,Kerala,505830
285,2545,Office,"33/542, Rajagopal Zila",Chennai,Tamil Nadu,210447
286,4621,Home,"25, Parmer Chowk",Jaipur,Rajasthan,260332
287,3040,Home,"09/821, Barad Path",Visakhapatnam,Andhra Pradesh,489090
288,4082,Office,"00/167, Dasgupta Marg",Madurai,Tamil Nadu,723046
289,1022,Other,"84/992, Cheema Marg",Bengaluru,Karnataka,411739
290,4173,Home,"H.No. 83, Rout Path",Hyderabad,Telangana,208737
291,636,Home,"001, Tak Zila",Pune,Maharashtra,181143
292,3636,Home,"H.No. 47, Chaudhry Nagar",Hyderabad,Telangana,045561
293,3076,Home,"H.No. 022, Parmar Path",Thiruvananthapuram,Kerala,941552
294,1673,Other,"67, Rajan Road",Hyderabad,Telangana,621202
295,4461,Home,"97, Sarma",Coimbatore,Tamil Nadu,965902
296,375,Home,"16, Batra Chowk",Chandigarh,Chandigarh,450899
297,4916,Other,"58/891, Kothari Marg",Jaipur,Rajasthan,562890
298,2450,Other,"28/772, Swamy Zila",Chennai,Tamil Nadu,354083
299,3882,Other,"31, Sawhney Chowk",Kolkata,West Bengal,177517
300,2906,Home,"H.No. 660, Acharya Circle",Chennai,Tamil Nadu,994883
301,1667,Office,"H.No. 50, Sha Ganj",Kolkata,West Bengal,899757
302,3636,Office,"H.No. 305, Manne Path",Chennai,Tamil Nadu,102726
303,3758,Home,"H.No. 93, Dara Ganj",Salem,Tamil Nadu,373516
304,3220,Office,"91/779, Desai Circle",Bhopal,Madhya Pradesh,080869
305,923,Home,"29/22, Ram Zila",Ahmedabad,Gujarat,866934
306,1435,Office,"H.No. 47, Devi Street",Mumbai,Maharashtra,984858
307,4949,Office,"394, Deo Path",Lucknow,Uttar Pradesh,885158
308,1439,Home,"96/84, Arya Marg",Thiruvananthapuram,Kerala,062003
309,2226,Office,"442, Merchant Nagar",Vellore,Tamil Nadu,805719
310,3215,Other,"86/384, Raj Nagar",Madurai,Tamil Nadu,658004
311,4567,Home,"73/59, Hegde Circle",Coimbatore,Tamil Nadu,472122
312,4311,Home,"06, Lalla Road",Vellore,Tamil Nadu,294057
313,1782,Other,"H.No. 259, Mitra Nagar",Nagpur,Maharashtra,985158
314,4417,Office,"818, Sagar Street",Chandigarh,Chandigarh,153355
315,1584,Office,"H.No. 39, Soman Circle",Tiruchirappalli,Tamil Nadu,157399
316,1028,Home,"H.No. 561, Kunda Marg",Bengaluru,Karnataka,085887
317,4190,Other,"H.No. 435, Butala Circle",Delhi,Delhi,288013
318,574,Other,"61/386, Dube Zila",Mysuru,Karnataka,750110
319,2813,Other,"H.No. 81, Kari",Madurai,Tamil Nadu,667665
320,3945,Other,"18, Bhatnagar Nagar",Jaipur,Rajasthan,158144
321,1974,Other,"H.No. 76, Balasubramanian Marg",Coimbatore,Tamil Nadu,283268
322,3923,Other,"24/508, Dhaliwal Circle",Mumbai,Maharashtra,009968
323,148,Other,"H.No. 35, Sachar Ganj",Kolkata,West Bengal,223943
324,3320,Home,"908, Bora Chowk",Mysuru,Karnataka,141397
325,4489,Home,"H.No. 23, Mane Zila",Hyderabad,Telangana,357759
326,2304,Home,"92/995, Sangha Path",Madurai,Tamil Nadu,053364
327,4883,Home,"577, Parmer Chowk",Thiruvananthapuram,Kerala,781291
328,2706,Office,"834, Borra Zila",Coimbatore,Tamil Nadu,809969
329,4806,Other,"H.No. 848, Sodhi Circle",Mysuru,Karnataka,563942
330,1946,Home,"81/65, Anne Circle",Mumbai,Maharashtra,928272
331,2094,Other,"92/75, Kanda Nagar",Visakhapatnam,Andhra Pradesh,314530
332,2257,Other,"56/77, Baral Nagar",Lucknow,Uttar Pradesh,184498
333,3438,Other,"65, Brahmbhatt",Indore,Madhya Pradesh,638655
334,3457,Home,"90, Dewan Circle",Delhi,Delhi,231843
335,2536,Other,"259, Karpe Zila",Vijayawada,Andhra Pradesh,517773
336,3997,Home,"60/302, Dyal",Chandigarh,Chandigarh,809202
337,2262,Home,"869, Bahl",Thiruvananthapuram,Kerala,137977
338,799,Home,"692, Gopal",Lucknow,Uttar Pradesh,257991
339,3434,Office,"62, Babu Zila",Visakhapatnam,Andhra Pradesh,886291
340,4783,Office,"99, Wali Nagar",Jaipur,Rajasthan,172980
341,1632,Home,"65/08, Karnik Marg",Surat,Gujarat,659916
342,704,Home,"H.No. 73, Mander Zila",Mysuru,Karnataka,430098
343,885,Home,"06/35, Pathak Marg",Bhopal,Madhya Pradesh,269448
344,2358,Office,"59/46, Sachdev Ganj",Kochi,Kerala,258874
345,4284,Other,"56/21, Sekhon Ganj",Bhopal,Madhya Pradesh,138658
346,388,Other,"601, Sinha Street",Salem,Tamil Nadu,114351
347,4403,Other,"66/984, Bhandari",Surat,Gujarat,770384
348,410,Home,"H.No. 988, Gara Ganj",Tiruchirappalli,Tamil Nadu,530214
349,3805,Home,"H.No. 66, Iyer",Tiruchirappalli,Tamil Nadu,118489
350,180,Other,"H.No. 43, Hayer",Nagpur,Maharashtra,690426
351,1947,Home,"18/45, Varghese Zila",Surat,Gujarat,894769
352,1455,Other,"577, Bala",Mumbai,Maharashtra,141633
353,1192,Other,"58, Andra Circle",Bengaluru,Karnataka,341651
354,53,Home,"55, Luthra Ganj",Hyderabad,Telangana,373334
355,2871,Home,"339, Dugal Path",Hyderabad,Telangana,117908
356,2206,Other,"59, Tailor Path",Bhopal,Madhya Pradesh,728463
357,2497,Office,"H.No. 867, Bali Circle",Bengaluru,Karnataka,627187
358,893,Home,"00/369, Nanda Zila",Nagpur,Maharashtra,942843
359,1026,Office,"95, Gour Path",Mumbai,Maharashtra,636556
360,3668,Office,"29, Karnik Street",Madurai,Tamil Nadu,438663
361,3712,Home,"27/026, Desai Chowk",Surat,Gujarat,744890
362,4219,Home,"H.No. 203, Soni Road",Lucknow,Uttar Pradesh,754558
363,3276,Home,"H.No. 06, Panchal Zila",Ahmedabad,Gujarat,998245
364,4868,Other,"87/716, Mangat",Salem,Tamil Nadu,225699
365,4077,Home,"H.No. 125, Murthy Ganj",Pune,Maharashtra,449647
366,198,Office,"98/762, Bajaj Street",Delhi,Delhi,341326
367,104,Home,"H.No. 178, Bal Nagar",Tiruchirappalli,Tamil Nadu,811492
368,2382,Other,"64/334, Date Chowk",Nagpur,Maharashtra,820055
369,4284,Home,"84, Saxena Circle",Salem,Tamil Nadu,829979
370,1667,Other,"84/57, Karan Circle",Salem,Tamil Nadu,745642
371,2165,Office,"H.No. 082, Mangat Path",Chandigarh,Chandigarh,807740
372,3061,Other,"H.No. 93, Prakash Nagar",Tiruchirappalli,Tamil Nadu,686632
373,3332,Office,"34, Sami Zila",Bhopal,Madhya Pradesh,894484
374,3555,Home,"122, Choudhry Road",Bhopal,Madhya Pradesh,974973
375,972,Office,"H.No. 208, Grewal Nagar",Thiruvananthapuram,Kerala,442703
376,986,Home,"073, Salvi Path",Visakhapatnam,Andhra Pradesh,757051
377,823,Other,"H.No. 461, Singhal Circle",Visakhapatnam,Andhra Pradesh,346013
378,1412,Other,"30, Sharma Ganj",Surat,Gujarat,837645
379,1718,Home,"08/814, Misra Chowk",Mumbai,Maharashtra,503136
380,1864,Office,"H.No. 249, Randhawa Zila",Nagpur,Maharashtra,009792
381,4033,Other,"H.No. 327, Nigam Zila",Chandigarh,Chandigarh,052812
382,4373,Home,"585, Hans Chowk",Coimbatore,Tamil Nadu,652407
383,405,Home,"48/73, Grover",Lucknow,Uttar Pradesh,574982
384,3506,Home,"27/44, Peri Circle",Salem,Tamil Nadu,086209
385,2957,Other,"35/18, Gupta Marg",Kochi,Kerala,829456
386,3314,Office,"H.No. 181, Dayal Nagar",Delhi,Delhi,031731
387,4363,Office,"67/89, Kunda",Visakhapatnam,Andhra Pradesh,539103
388,3526,Other,"H.No. 705, Sagar Circle",Vellore,Tamil Nadu,094801
389,505,Home,"H.No. 381, Kashyap Zila",Madurai,Tamil Nadu,338392
390,4742,Other,"19/576, Ganesan Zila",Indore,Madhya Pradesh,868528
391,4902,Home,"H.No. 58, Prabhu Path",Tiruchirappalli,Tamil Nadu,659398
392,2157,Other,"84, Sethi Path",Mysuru,Karnataka,600490
393,1521,Home,"H.No. 04, Kala Ganj",Surat,Gujarat,048889
394,2271,Home,"H.No. 075, Devi Street",Lucknow,Uttar Pradesh,593344
395,2954,Home,"69/31, Subramanian Path",Tiruchirappalli,Tamil Nadu,791940
396,1047,Office,"H.No. 055, Saha Marg",Thiruvananthapuram,Kerala,390604
397,3248,Home,"H.No. 89, Narain Street",Delhi,Delhi,206799
398,2937,Home,"646, Deo Street",Vijayawada,Andhra Pradesh,179086
399,2922,Other,"H.No. 686, Deshmukh Street",Thiruvananthapuram,Kerala,837693
400,3627,Home,"146, Chakraborty Path",Hyderabad,Telangana,665535
401,1671,Home,"04/25, Sathe",Tiruchirappalli,Tamil Nadu,703352
402,4753,Home,"H.No. 039, Mani Street",Chandigarh,Chandigarh,514770
403,2208,Home,"833, Virk Circle",Ahmedabad,Gujarat,879206
404,4397,Office,"H.No. 20, Iyer Road",Vellore,Tamil Nadu,070164
405,2757,Home,"H.No. 046, Rai Ganj",Mysuru,Karnataka,579812
406,765,Office,"78/00, Wagle Ganj",Bhopal,Madhya Pradesh,576205
407,60,Other,"H.No. 43, Majumdar Circle",Ahmedabad,Gujarat,460843
408,3178,Other,"H.No. 62, Raja Zila",Chandigarh,Chandigarh,639264
409,327,Home,"82, Devi Ganj",Surat,Gujarat,248262
410,1538,Home,"H.No. 18, Dani Circle",Delhi,Delhi,520566
411,4054,Home,"42, Chhabra Ganj",Salem,Tamil Nadu,209949
412,3201,Home,"33/05, Sood Zila",Thiruvananthapuram,Kerala,897526
413,4880,Other,"22, Kara Ganj",Hyderabad,Telangana,604633
414,3742,Home,"H.No. 279, Nair Chowk",Lucknow,Uttar Pradesh,366096
415,2423,Home,"99, Yadav",Lucknow,Uttar Pradesh,817703
416,1201,Other,"08/680, Manne Ganj",Visakhapatnam,Andhra Pradesh,644726
417,1152,Other,"08/27, Chana Chowk",Ahmedabad,Gujarat,298266
418,3039,Other,"02, Jaggi Chowk",Bhopal,Madhya Pradesh,145211
419,4193,Home,"75/186, Dutta Circle",Coimbatore,Tamil Nadu,860259
420,2678,Office,"220, Morar Marg",Salem,Tamil Nadu,742123
421,4770,Other,"40/77, Ahluwalia Chowk",Visakhapatnam,Andhra Pradesh,339776
422,3070,Other,"H.No. 990, Mall Ganj",Vellore,Tamil Nadu,022050
423,1576,Office,"H.No. 994, Chahal Path",Surat,Gujarat,162249
424,1269,Home,"95, Chander Nagar",Lucknow,Uttar Pradesh,556168
425,239,Other,"H.No. 72, Maharaj Zila",Mysuru,Karnataka,868339
426,3449,Office,"H.No. 981, Mani Chowk",Vijayawada,Andhra Pradesh,954899
427,705,Home,"997, Tank Circle",Salem,Tamil Nadu,293430
428,4476,Other,"H.No. 713, Sachdeva",Visakhapatnam,Andhra Pradesh,055830
429,2644,Office,"44/144, Naik Circle",Bhopal,Madhya Pradesh,155699
430,750,Other,"355, Som Chowk",Mysuru,Karnataka,272785
431,3010,Office,"08, Mutti Road",Indore,Madhya Pradesh,395512
432,1887,Office,"H.No. 568, Ramachandran Street",Surat,Gujarat,914504
433,2838,Office,"H.No. 735, Mittal Chowk",Delhi,Delhi,842150
434,2837,Home,"H.No. 780, Tella Chowk",Mumbai,Maharashtra,357845
435,4300,Office,"H.No. 823, Sharaf Nagar",Thiruvananthapuram,Kerala,810409
436,1387,Office,"H.No. 70, Verma Zila",Bengaluru,Karnataka,094353
437,3365,Home,"H.No. 48, Sastry Path",Bengaluru,Karnataka,422410
438,656,Other,"858, Madan Path",Coimbatore,Tamil Nadu,493214
439,3019,Other,"70/20, Bedi Chowk",Lucknow,Uttar Pradesh,601662
440,3788,Other,"54/53, Brar Circle",Thiruvananthapuram,Kerala,921717
441,2304,Home,"77/332, Kuruvilla",Mumbai,Maharashtra,625577
442,2019,Home,"H.No. 715, Shenoy Chowk",Kolkata,West Bengal,459928
443,2015,Office,"15, Bobal Circle",Hyderabad,Telangana,876963
444,1323,Other,"27/61, Joshi Path",Vijayawada,Andhra Pradesh,695832
445,1346,Other,"97/199, Nanda Chowk",Vellore,Tamil Nadu,724619
446,4412,Other,"96/570, Kalla Zila",Surat,Gujarat,902278
447,1740,Office,"99, Hayre Chowk",Kochi,Kerala,549465
448,943,Office,"09/86, Menon Street",Surat,Gujarat,580085
449,3379,Other,"H.No. 03, Ramesh Marg",Jaipur,Rajasthan,666683
450,2271,Other,"23, Rajagopalan Circle",Lucknow,Uttar Pradesh,624220
451,3338,Home,"02/762, Devan Zila",Chennai,Tamil Nadu,796927
452,2862,Office,"76/53, Samra Street",Kochi,Kerala,973846
453,1004,Office,"H.No. 097, Chowdhury Path",Surat,Gujarat,128478
454,1583,Other,"91/37, Zacharia Zila",Nagpur,Maharashtra,905807
455,3083,Home,"79/56, Menon Path",Kolkata,West Bengal,209494
456,3921,Office,"79/290, Bala Road",Chandigarh,Chandigarh,712814
457,2776,Home,"944, Atwal Road",Salem,Tamil Nadu,929275
458,3962,Other,"H.No. 37, Wable Street",Salem,Tamil Nadu,512927
459,2176,Home,"37, Kade Street",Nagpur,Maharashtra,041027
460,1410,Home,"47, Kaur Circle",Chennai,Tamil Nadu,674286
461,1559,Office,"H.No. 76, Wagle Path",Hyderabad,Telangana,185694
462,4197,Office,"H.No. 41, Raman Road",Indore,Madhya Pradesh,393852
463,3083,Office,"00/10, Chaudhari Marg",Delhi,Delhi,753443
464,255,Home,"H.No. 910, Kalla",Mumbai,Maharashtra,119269
465,3376,Other,"H.No. 244, Borra Chowk",Chandigarh,Chandigarh,465421
466,4247,Home,"H.No. 665, Kuruvilla Nagar",Tiruchirappalli,Tamil Nadu,271739
467,4612,Home,"712, Sankar Circle",Madurai,Tamil Nadu,917410
468,3568,Other,"H.No. 947, Tank Nagar",Vijayawada,Andhra Pradesh,006425
469,3792,Office,"08/77, Raval Marg",Bengaluru,Karnataka,830671
470,1780,Home,"H.No. 46, Chana Nagar",Mysuru,Karnataka,851743
471,1761,Office,"06/34, Chhabra Marg",Delhi,Delhi,717320
472,4951,Home,"H.No. 937, Bhatnagar Marg",Tiruchirappalli,Tamil Nadu,787005
473,1751,Home,"H.No. 06, Kakar Zila",Chennai,Tamil Nadu,829310
474,3952,Other,"07, Bath",Madurai,Tamil Nadu,202041
475,2897,Home,"29/11, Tank Zila",Madurai,Tamil Nadu,136565
476,1785,Office,"98/253, Ghose Nagar",Hyderabad,Telangana,114262
477,4799,Home,"27/39, Deol Nagar",Coimbatore,Tamil Nadu,962071
478,4450,Other,"H.No. 219, Saha Road",Tiruchirappalli,Tamil Nadu,232487
479,1561,Home,"290, Gole",Vijayawada,Andhra Pradesh,914560
480,4079,Home,"181, Pathak",Kochi,Kerala,734031
481,3947,Office,"77/220, Patla Nagar",Chandigarh,Chandigarh,364597
482,1317,Other,"H.No. 082, Balakrishnan Street",Coimbatore,Tamil Nadu,811379
483,3277,Home,"35, Choudhary Ganj",Coimbatore,Tamil Nadu,313636
484,1463,Other,"H.No. 797, Sarin Nagar",Bengaluru,Karnataka,397265
485,908,Other,"35, Jain Road",Hyderabad,Telangana,209042
486,2459,Office,"76, Oza Street",Madurai,Tamil Nadu,492929
487,2331,Other,"H.No. 687, Solanki Ganj",Kolkata,West Bengal,406335
488,3736,Office,"39/29, Sahni Nagar",Surat,Gujarat,078068
489,4266,Home,"17, Khosla Chowk",Mysuru,Karnataka,806325
490,2097,Other,"107, Edwin Road",Mysuru,Karnataka,990772
491,1974,Home,"570, Rajan Zila",Hyderabad,Telangana,804649
492,669,Other,"19/508, Behl Path",Salem,Tamil Nadu,657905
493,2134,Other,"818, Devi Ganj",Mysuru,Karnataka,381793
494,2470,Other,"H.No. 54, Sampath Circle",Bhopal,Madhya Pradesh,015577
495,3856,Office,"88, Seth Road",Thiruvananthapuram,Kerala,137116
496,924,Home,"H.No. 11, Majumdar Street",Lucknow,Uttar Pradesh,272380
497,108,Home,"82, Palan Chowk",Chandigarh,Chandigarh,704310
498,790,Office,"56/95, Sunder Path",Ahmedabad,Gujarat,749242
499,3064,Other,"754, Divan Nagar",Ahmedabad,Gujarat,472928
500,4238,Other,"222, Dada Ganj",Thiruvananthapuram,Kerala,592745
501,202,Home,"805, Divan Path",Kochi,Kerala,782841
502,3859,Office,"72, Nagarajan Chowk",Ahmedabad,Gujarat,088547
503,2012,Home,"29/75, Srinivas Zila",Vellore,Tamil Nadu,281406
504,3234,Other,"51, Bhakta Path",Vijayawada,Andhra Pradesh,983430
505,2332,Home,"71/86, Swaminathan Ganj",Tiruchirappalli,Tamil Nadu,998056
506,4210,Office,"65/650, Pai Road",Delhi,Delhi,478137
507,2301,Other,"42, Sachdeva Marg",Surat,Gujarat,991234
508,4339,Office,"51/96, Ahuja Zila",Lucknow,Uttar Pradesh,462879
509,2410,Home,"264, Swaminathan Circle",Salem,Tamil Nadu,494787
510,2905,Home,"H.No. 024, Sodhi Road",Lucknow,Uttar Pradesh,462730
511,3476,Other,"H.No. 71, Pathak",Jaipur,Rajasthan,964715
512,3018,Office,"H.No. 29, Dhingra Nagar",Jaipur,Rajasthan,725204
513,45,Other,"50, Manne Road",Jaipur,Rajasthan,832192
514,1455,Home,"H.No. 44, Char Path",Delhi,Delhi,202845
515,4242,Other,"52, Kamdar Zila",Nagpur,Maharashtra,833898
516,1133,Home,"71, Deep Zila",Jaipur,Rajasthan,754527
517,3438,Other,"401, Dave Ganj",Chandigarh,Chandigarh,342321
518,1004,Other,"11/076, Hegde Nagar",Pune,Maharashtra,089071
519,205,Other,"H.No. 140, Dasgupta Zila",Vijayawada,Andhra Pradesh,932501
520,1849,Other,"49/552, Khurana Circle",Bengaluru,Karnataka,190833
521,1495,Home,"801, Thaman Ganj",Surat,Gujarat,592712
522,4300,Home,"63, Kari Circle",Jaipur,Rajasthan,151718
523,1956,Home,"54, Baria Circle",Kolkata,West Bengal,571647
524,1580,Other,"73/864, Gulati Marg",Jaipur,Rajasthan,752071
525,301,Other,"81, Dhar Zila",Tiruchirappalli,Tamil Nadu,691215
526,371,Office,"H.No. 39, Das Marg",Kochi,Kerala,674994
527,710,Home,"H.No. 79, Sundaram Marg",Lucknow,Uttar Pradesh,271147
528,2615,Office,"201, Bir Nagar",Mumbai,Maharashtra,026952
529,4503,Office,"91/18, Shukla Chowk",Thiruvananthapuram,Kerala,477848
530,1490,Office,"80/06, Rajagopal Zila",Bengaluru,Karnataka,567700
531,317,Other,"42/76, Muni Street",Chennai,Tamil Nadu,719788
532,3844,Other,"82, Bhalla Circle",Chandigarh,Chandigarh,479695
533,555,Other,"H.No. 00, Bath",Delhi,Delhi,559056
534,1432,Other,"55, Panchal Marg",Surat,Gujarat,333491
535,651,Home,"H.No. 15, Bahri Street",Bengaluru,Karnataka,076986
536,925,Other,"H.No. 790, Purohit Path",Chandigarh,Chandigarh,591713
537,1464,Office,"85, Mistry Street",Indore,Madhya Pradesh,637183
538,4963,Other,"H.No. 04, Ratti",Mysuru,Karnataka,919195
539,2490,Office,"H.No. 987, Kadakia Marg",Coimbatore,Tamil Nadu,148468
540,4108,Office,"664, Varma",Hyderabad,Telangana,820829
541,1919,Office,"748, Saraf",Kolkata,West Bengal,835723
542,4934,Other,"46/651, Sachar Ganj",Surat,Gujarat,424936
543,3150,Other,"H.No. 230, Mukherjee Ganj",Lucknow,Uttar Pradesh,786603
544,4496,Other,"H.No. 20, Mall Road",Nagpur,Maharashtra,070015
545,4781,Other,"H.No. 651, Dey Marg",Mumbai,Maharashtra,198189
546,475,Office,"13, Das",Mysuru,Karnataka,596363
547,4295,Office,"H.No. 234, Rege Chowk",Mumbai,Maharashtra,907851
548,2602,Home,"67/34, Patil Street",Jaipur,Rajasthan,540900
549,1544,Home,"H.No. 86, Patil Road",Indore,Madhya Pradesh,837606
550,3535,Home,"H.No. 13, Kade Road",Pune,Maharashtra,756041
551,3966,Home,"65, Chaudhry Marg",Thiruvananthapuram,Kerala,481569
552,1701,Other,"00, Sawhney Street",Lucknow,Uttar Pradesh,063459
553,4812,Office,"H.No. 238, Roy Street",Mysuru,Karnataka,772429
554,3721,Office,"H.No. 31, Pillai Marg",Indore,Madhya Pradesh,669300
555,593,Other,"H.No. 734, Bawa Street",Hyderabad,Telangana,969421
556,1448,Office,"910, Saran Circle",Thiruvananthapuram,Kerala,713334
557,1659,Office,"76/263, Kale",Tiruchirappalli,Tamil Nadu,362620
558,4804,Office,"H.No. 39, Kothari Chowk",Vellore,Tamil Nadu,971072
559,4279,Other,"63/669, Bora Road",Hyderabad,Telangana,800537
560,4505,Other,"90/04, Raj Circle",Hyderabad,Telangana,652809
561,2136,Home,"H.No. 28, Nori Chowk",Madurai,Tamil Nadu,215862
562,2237,Home,"H.No. 502, Mand Chowk",Hyderabad,Telangana,644948
563,3662,Other,"25, Dora Chowk",Madurai,Tamil Nadu,032032
564,321,Other,"42, Sarin Chowk",Madurai,Tamil Nadu,707587
565,2839,Home,"12, Palla Zila",Vijayawada,Andhra Pradesh,342284
566,1818,Home,"08/92, Bose Marg",Nagpur,Maharashtra,715041
567,4285,Home,"H.No. 91, Dube Path",Thiruvananthapuram,Kerala,177749
568,3873,Other,"H.No. 09, Nair Chowk",Lucknow,Uttar Pradesh,304501
569,4077,Other,"H.No. 642, Rastogi Ganj",Kochi,Kerala,032664
570,2277,Other,"H.No. 476, Deep Road",Ahmedabad,Gujarat,158377
571,1673,Home,"49, Sampath",Bhopal,Madhya Pradesh,659266
572,1198,Home,"H.No. 857, Dubey Ganj",Nagpur,Maharashtra,881476
573,1541,Other,"42, Mital Street",Coimbatore,Tamil Nadu,864908
574,4093,Home,"H.No. 818, Sachar Marg",Ahmedabad,Gujarat,794549
575,1565,Other,"01/72, Ramaswamy Street",Hyderabad,Telangana,164597
576,4954,Home,"45/23, Brar Street",Pune,Maharashtra,168006
577,322,Other,"H.No. 277, Sur Marg",Ahmedabad,Gujarat,995641
578,4597,Home,"031, Guha Nagar",Mysuru,Karnataka,372368
579,3436,Office,"H.No. 472, Sami Chowk",Nagpur,Maharashtra,122777
580,2217,Office,"93, Menon Ganj",Coimbatore,Tamil Nadu,050166
581,1652,Home,"99/840, Ratta Chowk",Salem,Tamil Nadu,899730
582,634,Home,"95, Bhatt Circle",Bhopal,Madhya Pradesh,671795
583,3541,Other,"60/243, Padmanabhan Chowk",Vijayawada,Andhra Pradesh,383959
584,963,Office,"466, Sodhi Path",Thiruvananthapuram,Kerala,934172
585,4962,Other,"297, Sagar Zila",Mumbai,Maharashtra,433800
586,4607,Home,"H.No. 52, Thakur Street",Mumbai,Maharashtra,156193
587,2221,Office,"37/45, Batra Path",Nagpur,Maharashtra,289107
588,2012,Home,"H.No. 199, Barman Zila",Vellore,Tamil Nadu,213524
589,3005,Other,"71/25, Devi Path",Kochi,Kerala,376037
590,3614,Office,"H.No. 82, Lata Zila",Bengaluru,Karnataka,653286
591,4921,Home,"666, Varty Chowk",Surat,Gujarat,072081
592,3715,Office,"H.No. 56, Saraf Street",Jaipur,Rajasthan,602908
593,2389,Home,"68, Murthy Road",Madurai,Tamil Nadu,048926
594,1773,Other,"38/997, Ravel Path",Coimbatore,Tamil Nadu,410856
595,887,Other,"84/31, Muni Circle",Lucknow,Uttar Pradesh,200894
596,553,Other,"H.No. 68, Bhasin Zila",Madurai,Tamil Nadu,485101
597,1867,Home,"H.No. 90, Nori Chowk",Chennai,Tamil Nadu,998935
598,658,Other,"H.No. 92, Venkatesh Marg",Coimbatore,Tamil Nadu,158935
599,2727,Other,"H.No. 266, Chanda Zila",Mysuru,Karnataka,627371
600,4812,Other,"86/988, Lalla Marg",Thiruvananthapuram,Kerala,677622
601,921,Office,"72, Wadhwa Circle",Bengaluru,Karnataka,377028
602,2095,Office,"H.No. 961, Pingle Zila",Pune,Maharashtra,082154
603,1125,Other,"H.No. 47, Dhar Nagar",Kolkata,West Bengal,960443
604,2225,Office,"70/185, Basu Zila",Madurai,Tamil Nadu,794975
605,3172,Home,"92, Thaman Street",Bengaluru,Karnataka,772519
606,2960,Office,"36, Zachariah Path",Ahmedabad,Gujarat,741209
607,3087,Other,"18/13, Bera",Delhi,Delhi,780182
608,133,Home,"H.No. 33, Sawhney",Salem,Tamil Nadu,895690
609,4167,Office,"H.No. 562, Bajwa Marg",Salem,Tamil Nadu,641118
610,3568,Other,"H.No. 22, Chakraborty Road",Jaipur,Rajasthan,462095
611,3432,Other,"H.No. 046, Nagarajan Zila",Bengaluru,Karnataka,654610
612,593,Home,"993, Trivedi Chowk",Madurai,Tamil Nadu,140578
613,4971,Other,"H.No. 706, Bahl Ganj",Ahmedabad,Gujarat,891382
614,4726,Office,"67/18, Dhar Ganj",Chennai,Tamil Nadu,823868
615,345,Home,"H.No. 079, Ganesh Road",Madurai,Tamil Nadu,074946
616,3923,Office,"39/840, Walla Street",Hyderabad,Telangana,416128
617,920,Office,"39, Nadkarni Circle",Surat,Gujarat,474355
618,2894,Home,"95, Deol Nagar",Chennai,Tamil Nadu,970026
619,4169,Other,"81, Yohannan Zila",Mysuru,Karnataka,715695
620,3749,Home,"017, Hans Path",Delhi,Delhi,030453
621,4536,Office,"43/37, Bansal Path",Madurai,Tamil Nadu,793036
622,2146,Office,"H.No. 98, Garde Chowk",Lucknow,Uttar Pradesh,999219
623,4395,Office,"12/493, Mahal Circle",Visakhapatnam,Andhra Pradesh,089487
624,3387,Office,"05, Ray Marg",Mumbai,Maharashtra,187758
625,2924,Office,"30/468, Mutti Chowk",Salem,Tamil Nadu,635190
626,3695,Office,"61/332, Mukhopadhyay Path",Bhopal,Madhya Pradesh,107609
627,4531,Home,"H.No. 31, Khare Chowk",Chandigarh,Chandigarh,058319
628,1377,Other,"H.No. 791, Bhat Zila",Madurai,Tamil Nadu,651207
629,4319,Office,"H.No. 96, Chaudry Zila",Thiruvananthapuram,Kerala,804661
630,3710,Home,"990, Rajagopalan Chowk",Delhi,Delhi,699150
631,3637,Office,"59/31, Arora Zila",Hyderabad,Telangana,939284
632,2590,Other,"79, Grewal Chowk",Vijayawada,Andhra Pradesh,200249
633,4314,Office,"54/98, Din Street",Delhi,Delhi,495450
634,1391,Home,"H.No. 388, Sami Nagar",Coimbatore,Tamil Nadu,333153
635,2367,Home,"79/599, Mistry Path",Jaipur,Rajasthan,521707
636,3226,Office,"H.No. 337, Kala",Chandigarh,Chandigarh,756362
637,2921,Home,"H.No. 01, Balan Path",Surat,Gujarat,247395
638,2687,Office,"H.No. 334, Kanda Street",Madurai,Tamil Nadu,258323
639,4438,Other,"410, Raghavan Street",Chandigarh,Chandigarh,534735
640,1195,Home,"28/961, Dhawan Zila",Salem,Tamil Nadu,338655
641,1793,Office,"30/993, Menon Circle",Visakhapatnam,Andhra Pradesh,530428
642,438,Home,"179, Ganesh Zila",Mumbai,Maharashtra,857872
643,2509,Home,"58/777, Rattan Road",Mumbai,Maharashtra,333736
644,3969,Home,"H.No. 66, Dugar",Hyderabad,Telangana,481214
645,4870,Other,"53/90, Vala Chowk",Vellore,Tamil Nadu,677665
646,4279,Home,"H.No. 46, Gola Nagar",Hyderabad,Telangana,341514
647,3626,Home,"H.No. 31, Bora Zila",Hyderabad,Telangana,083535
648,2098,Other,"H.No. 43, Devi",Hyderabad,Telangana,044566
649,1165,Office,"82, Kari Marg",Delhi,Delhi,373898
650,2105,Home,"75/153, Sahni Marg",Thiruvananthapuram,Kerala,778052
651,467,Home,"H.No. 07, Nori Path",Salem,Tamil Nadu,666845
652,1429,Other,"02/25, Raman",Hyderabad,Telangana,361863
653,1954,Home,"H.No. 597, Chander Road",Chennai,Tamil Nadu,182097
654,2772,Other,"316, Jha Road",Delhi,Delhi,481705
655,98,Office,"566, Choudhry Street",Chennai,Tamil Nadu,867163
656,1249,Home,"467, Mukherjee Street",Pune,Maharashtra,874302
657,2333,Other,"H.No. 693, Narasimhan Circle",Mysuru,Karnataka,779014
658,2243,Office,"H.No. 46, Gill",Kolkata,West Bengal,329676
659,2279,Office,"91/603, Mahal Street",Coimbatore,Tamil Nadu,137681
660,832,Other,"H.No. 185, Seshadri Marg",Delhi,Delhi,438070
661,3670,Other,"76/563, Barad Marg",Ahmedabad,Gujarat,412577
662,4457,Office,"H.No. 183, Dey Chowk",Mysuru,Karnataka,422091
663,458,Office,"H.No. 18, Ganguly Marg",Lucknow,Uttar Pradesh,042752
664,2089,Home,"08/370, Chauhan Circle",Vellore,Tamil Nadu,470900
665,373,Office,"353, Chand Ganj",Lucknow,Uttar Pradesh,600531
666,1473,Home,"H.No. 220, Vala Marg",Jaipur,Rajasthan,558393
667,4705,Office,"13, Cherian Ganj",Indore,Madhya Pradesh,520650
668,2510,Home,"731, Pillay Road",Surat,Gujarat,136497
669,432,Other,"89/241, Nair",Nagpur,Maharashtra,252571
670,4667,Other,"H.No. 997, Vaidya Marg",Vellore,Tamil Nadu,890309
671,1326,Home,"H.No. 36, Buch Ganj",Delhi,Delhi,257432
672,1150,Office,"039, Narasimhan Chowk",Madurai,Tamil Nadu,450864
673,1690,Home,"553, Zacharia Ganj",Bhopal,Madhya Pradesh,339685
674,4244,Home,"01, Boase Chowk",Mumbai,Maharashtra,023212
675,1995,Home,"816, Mukhopadhyay Chowk",Hyderabad,Telangana,336293
676,692,Office,"H.No. 97, Magar Ganj",Vellore,Tamil Nadu,156627
677,884,Office,"89, Dugal Marg",Chandigarh,Chandigarh,066149
678,1408,Other,"24/67, Setty Road",Kochi,Kerala,689715
679,2349,Office,"73/230, Tella Nagar",Lucknow,Uttar Pradesh,766656
680,445,Other,"H.No. 91, Barad Marg",Nagpur,Maharashtra,692364
681,349,Other,"75/06, Koshy Marg",Salem,Tamil Nadu,705024
682,3615,Other,"24/399, Arora Street",Hyderabad,Telangana,166918
683,726,Home,"26, Mittal Road",Madurai,Tamil Nadu,946119
684,4540,Office,"436, Ahuja Road",Ahmedabad,Gujarat,701168
685,504,Home,"46/225, Desai Street",Ahmedabad,Gujarat,728179
686,1492,Office,"302, Lad Ganj",Mumbai,Maharashtra,791214
687,2145,Home,"14, Oommen Zila",Surat,Gujarat,937710
688,76,Home,"H.No. 09, Chatterjee Nagar",Bhopal,Madhya Pradesh,806984
689,1877,Other,"59, Nayar Marg",Vellore,Tamil Nadu,553566
690,1342,Other,"H.No. 51, Shan Nagar",Surat,Gujarat,209184
691,3023,Home,"H.No. 79, Varma Chowk",Lucknow,Uttar Pradesh,305050
692,3128,Home,"73/976, Bumb",Indore,Madhya Pradesh,671649
693,653,Other,"28/980, Tank Street",Lucknow,Uttar Pradesh,487271
694,3789,Home,"83/332, Cherian Zila",Indore,Madhya Pradesh,025643
695,3736,Home,"71/287, Natarajan Zila",Coimbatore,Tamil Nadu,991566
696,4554,Other,"341, Chahal Road",Visakhapatnam,Andhra Pradesh,159319
697,2776,Office,"569, Mukhopadhyay Nagar",Salem,Tamil Nadu,983665
698,1053,Office,"28/993, Rana Zila",Indore,Madhya Pradesh,875243
699,32,Home,"72/942, Nagarajan Nagar",Chandigarh,Chandigarh,814973
700,1760,Office,"H.No. 60, Dua Path",Delhi,Delhi,302764
701,221,Home,"H.No. 865, Solanki Marg",Vijayawada,Andhra Pradesh,661844
702,2825,Other,"86/125, Bhagat",Nagpur,Maharashtra,729277
703,4856,Home,"333, Pathak Nagar",Surat,Gujarat,266201
704,3137,Other,"20, Varma Zila",Salem,Tamil Nadu,962630
705,118,Home,"674, Gera",Hyderabad,Telangana,176475
706,831,Office,"H.No. 111, Upadhyay Chowk",Salem,Tamil Nadu,099974
707,369,Home,"26/76, Dass Road",Vellore,Tamil Nadu,518260
708,135,Home,"88/71, Yohannan Circle",Jaipur,Rajasthan,312920
709,2708,Home,"H.No. 10, Jhaveri Street",Hyderabad,Telangana,184011
710,3558,Home,"H.No. 82, Acharya Marg",Mumbai,Maharashtra,408487
711,4723,Office,"75/85, Yohannan",Vijayawada,Andhra Pradesh,103032
712,1082,Home,"298, Parmer Ganj",Mumbai,Maharashtra,296184
713,900,Other,"26, Chacko Chowk",Nagpur,Maharashtra,628314
714,3425,Other,"59/892, Dube Marg",Ahmedabad,Gujarat,660931
715,2224,Home,"H.No. 818, Bhatti Marg",Tiruchirappalli,Tamil Nadu,155423
716,1585,Office,"H.No. 163, Cheema Marg",Pune,Maharashtra,284971
717,695,Home,"94/849, Bava Zila",Vellore,Tamil Nadu,562588
718,1305,Home,"92, Andra Road",Surat,Gujarat,226940
719,3081,Other,"39/672, Pandya Chowk",Chandigarh,Chandigarh,844683
720,3291,Office,"14/651, Bose Zila",Coimbatore,Tamil Nadu,129014
721,1483,Home,"H.No. 682, Tank Chowk",Jaipur,Rajasthan,609306
722,3417,Home,"890, Sen",Thiruvananthapuram,Kerala,832152
723,1690,Other,"H.No. 676, Prakash Street",Bhopal,Madhya Pradesh,538144
724,785,Office,"H.No. 43, Ramesh Nagar",Vellore,Tamil Nadu,480797
725,4211,Other,"H.No. 09, Narasimhan Chowk",Salem,Tamil Nadu,510526
726,3112,Office,"H.No. 167, Chad Ganj",Tiruchirappalli,Tamil Nadu,617024
727,3807,Home,"65, Patla Road",Madurai,Tamil Nadu,284177
728,248,Home,"560, Issac Path",Nagpur,Maharashtra,340266
729,4797,Home,"H.No. 237, Dani Road",Pune,Maharashtra,787256
730,1325,Office,"110, Dugal Street",Chennai,Tamil Nadu,803056
731,3260,Office,"74, Sunder Road",Mumbai,Maharashtra,639282
732,3945,Home,"H.No. 14, Sanghvi Ganj",Delhi,Delhi,718923
733,3163,Office,"126, Mahal Nagar",Surat,Gujarat,260931
734,3522,Other,"68, Kashyap Road",Hyderabad,Telangana,567086
735,2635,Other,"H.No. 14, Mand Path",Nagpur,Maharashtra,635020
736,687,Other,"H.No. 534, Mammen Chowk",Kochi,Kerala,624755
737,568,Other,"H.No. 108, Narula Street",Lucknow,Uttar Pradesh,598953
738,1236,Other,"961, De Zila",Chennai,Tamil Nadu,093371
739,753,Home,"95/47, Walla Ganj",Chennai,Tamil Nadu,023684
740,1929,Office,"H.No. 71, Bir Marg",Vijayawada,Andhra Pradesh,688029
741,3831,Other,"24/090, Rao Ganj",Jaipur,Rajasthan,881278
742,333,Other,"66/94, Gour Ganj",Indore,Madhya Pradesh,293908
743,1482,Home,"84/43, Loyal Road",Tiruchirappalli,Tamil Nadu,230834
744,1801,Office,"24/240, Kade Ganj",Tiruchirappalli,Tamil Nadu,059551
745,4878,Office,"26/945, Anne Nagar",Surat,Gujarat,342408
746,1674,Other,"64/983, Kannan Chowk",Madurai,Tamil Nadu,439627
747,2840,Other,"65/271, Golla Chowk",Vellore,Tamil Nadu,223972
748,1556,Office,"H.No. 422, Guha Marg",Kochi,Kerala,216376
749,3871,Other,"82/091, Rajagopalan Marg",Ahmedabad,Gujarat,100231
750,4236,Other,"900, Nigam Zila",Jaipur,Rajasthan,327972
751,3313,Office,"H.No. 72, Bhalla Ganj",Vellore,Tamil Nadu,810018
752,4431,Other,"H.No. 862, Kapur Nagar",Tiruchirappalli,Tamil Nadu,366254
753,1869,Home,"61/721, Chaudry Ganj",Indore,Madhya Pradesh,519515
754,2993,Office,"H.No. 922, Wali Marg",Tiruchirappalli,Tamil Nadu,926249
755,2541,Home,"H.No. 14, Pillay Chowk",Pune,Maharashtra,102252
756,4403,Other,"71, Sane Zila",Salem,Tamil Nadu,215226
757,1270,Office,"H.No. 76, Sachdev Chowk",Delhi,Delhi,236687
758,843,Office,"83/61, Sama",Chandigarh,Chandigarh,135030
759,1205,Home,"72/10, Patel Path",Nagpur,Maharashtra,472863
760,4728,Other,"021, Purohit Street",Surat,Gujarat,650191
761,893,Other,"20/25, Brar Street",Madurai,Tamil Nadu,109622
762,3452,Other,"28/476, Sawhney Path",Thiruvananthapuram,Kerala,412009
763,3427,Home,"20/66, Kuruvilla Chowk",Mumbai,Maharashtra,362418
764,791,Office,"369, Kanda Nagar",Pune,Maharashtra,289177
765,2984,Office,"66/205, Hayer Marg",Surat,Gujarat,111595
766,2310,Other,"428, Bhattacharyya Zila",Vellore,Tamil Nadu,904383
767,3704,Home,"419, Basu",Thiruvananthapuram,Kerala,005140
768,277,Office,"H.No. 68, Murty Ganj",Kochi,Kerala,521568
769,4971,Other,"20/96, Barad Chowk",Salem,Tamil Nadu,227113
770,1374,Other,"22/889, Om Circle",Delhi,Delhi,254596
771,2306,Other,"63/399, Dua Zila",Hyderabad,Telangana,102481
772,666,Home,"H.No. 752, Edwin Road",Vellore,Tamil Nadu,495511
773,3254,Other,"74/747, Dasgupta Street",Bhopal,Madhya Pradesh,054669
774,2985,Office,"58, Murthy",Bhopal,Madhya Pradesh,168740
775,4760,Home,"38/021, Prashad Road",Chennai,Tamil Nadu,961367
776,610,Home,"H.No. 77, Shroff Circle",Thiruvananthapuram,Kerala,121663
777,1847,Home,"H.No. 15, Sunder Path",Vellore,Tamil Nadu,714708
778,820,Home,"23, Balay Path",Mumbai,Maharashtra,056730
779,4615,Office,"H.No. 644, Chacko Street",Hyderabad,Telangana,146147
780,2375,Other,"34/20, Sangha Zila",Kochi,Kerala,423567
781,1712,Home,"26/59, Anne Marg",Delhi,Delhi,199255
782,1391,Office,"727, Comar Path",Nagpur,Maharashtra,480727
783,1867,Other,"H.No. 336, Ganesan Circle",Nagpur,Maharashtra,353390
784,2793,Other,"H.No. 04, Thakkar Road",Nagpur,Maharashtra,776655
785,1260,Other,"51/27, Prakash Marg",Tiruchirappalli,Tamil Nadu,892866
786,2498,Home,"64/911, Chakraborty Zila",Coimbatore,Tamil Nadu,961798
787,1863,Home,"78/904, Kakar Marg",Surat,Gujarat,786137
788,593,Home,"H.No. 76, Amble Marg",Pune,Maharashtra,384444
789,4320,Other,"30/600, Dube Nagar",Delhi,Delhi,895529
790,346,Other,"863, Ramaswamy",Vijayawada,Andhra Pradesh,962626
791,4356,Home,"26/31, Thaman Street",Kolkata,West Bengal,964825
792,466,Office,"H.No. 106, Dua Nagar",Chandigarh,Chandigarh,981960
793,750,Office,"52, Kapadia Ganj",Jaipur,Rajasthan,383640
794,1678,Home,"H.No. 209, Choudhry Zila",Nagpur,Maharashtra,911244
795,2999,Home,"H.No. 175, Raman Ganj",Bengaluru,Karnataka,706171
796,11,Other,"66/572, Misra Street",Pune,Maharashtra,299015
797,4941,Other,"99, Ahluwalia Circle",Ahmedabad,Gujarat,841390
798,1137,Home,"82/35, Kalla Zila",Thiruvananthapuram,Kerala,523124
799,552,Home,"31, Menon Path",Delhi,Delhi,768634
800,411,Office,"461, Muni",Delhi,Delhi,376769
801,1225,Other,"H.No. 91, Rajagopal",Mumbai,Maharashtra,395517
802,4700,Office,"H.No. 849, Memon Marg",Nagpur,Maharashtra,601256
803,776,Other,"H.No. 31, Prabhu Ganj",Mysuru,Karnataka,251050
804,1339,Home,"795, Bhatti Ganj",Ahmedabad,Gujarat,493831
805,1032,Office,"91/966, Nagarajan Path",Lucknow,Uttar Pradesh,307704
806,2780,Other,"H.No. 172, Narain",Chennai,Tamil Nadu,390409
807,4706,Other,"42, Bansal Marg",Ahmedabad,Gujarat,501716
808,4499,Office,"H.No. 55, Buch Marg",Ahmedabad,Gujarat,790647
809,2408,Office,"15/910, Batta Ganj",Chandigarh,Chandigarh,215632
810,2955,Other,"580, Lad Nagar",Vijayawada,Andhra Pradesh,104145
811,4843,Home,"H.No. 22, Sharma",Visakhapatnam,Andhra Pradesh,252967
812,1754,Office,"83/97, Mand Chowk",Delhi,Delhi,731441
813,2876,Office,"33/11, Bhasin Chowk",Kolkata,West Bengal,037637
814,2009,Other,"H.No. 39, Varkey Circle",Bengaluru,Karnataka,472812
815,2799,Office,"H.No. 67, Varghese",Tiruchirappalli,Tamil Nadu,631462
816,2014,Office,"12/71, Khosla Zila",Ahmedabad,Gujarat,724078
817,4846,Office,"H.No. 41, Chad Circle",Tiruchirappalli,Tamil Nadu,632686
818,3433,Other,"H.No. 745, Bawa Zila",Ahmedabad,Gujarat,634362
819,2015,Office,"97/86, Bedi Zila",Hyderabad,Telangana,131009
820,1667,Home,"181, Kara Road",Delhi,Delhi,661347
821,4784,Other,"354, Mani",Surat,Gujarat,128974
822,3107,Office,"512, Natarajan Street",Coimbatore,Tamil Nadu,207650
823,1970,Home,"H.No. 12, Pandey Nagar",Mumbai,Maharashtra,907371
824,3471,Home,"H.No. 943, Thakur Circle",Bengaluru,Karnataka,211457
825,1260,Office,"58/474, Shanker Path",Bengaluru,Karnataka,545897
826,75,Home,"H.No. 80, Roy Street",Kolkata,West Bengal,257039
827,3882,Office,"H.No. 31, Purohit Ganj",Nagpur,Maharashtra,487824
828,2868,Other,"H.No. 69, Majumdar Marg",Chennai,Tamil Nadu,309859
829,2310,Home,"79, Mani Path",Delhi,Delhi,072728
830,3786,Office,"82/47, Bhattacharyya Road",Hyderabad,Telangana,070349
831,880,Office,"H.No. 740, Pandey Marg",Indore,Madhya Pradesh,042548
832,2520,Home,"H.No. 423, Buch Marg",Nagpur,Maharashtra,307536
833,3616,Home,"14, Mukhopadhyay Road",Mysuru,Karnataka,965923
834,3968,Other,"683, Mody Road",Vijayawada,Andhra Pradesh,497826
835,4457,Office,"H.No. 287, Thakur Path",Bengaluru,Karnataka,756766
836,915,Office,"H.No. 806, Dey Zila",Bhopal,Madhya Pradesh,398529
837,2353,Home,"H.No. 626, Shere Nagar",Hyderabad,Telangana,010415
838,3979,Home,"H.No. 97, Bhat Path",Kolkata,West Bengal,980382
839,3838,Other,"324, Ahuja Road",Jaipur,Rajasthan,931102
840,596,Office,"13/31, Bakshi Chowk",Bhopal,Madhya Pradesh,601467
841,3892,Other,"849, Dasgupta Chowk",Tiruchirappalli,Tamil Nadu,202232
842,2510,Office,"74, Chaudhry Road",Hyderabad,Telangana,546617
843,964,Other,"20, Shankar Road",Coimbatore,Tamil Nadu,960940
844,4581,Office,"H.No. 527, Malhotra Chowk",Madurai,Tamil Nadu,258835
845,2782,Other,"12/25, Nori",Indore,Madhya Pradesh,244617
846,4478,Other,"92, Tripathi",Tiruchirappalli,Tamil Nadu,259959
847,3644,Home,"H.No. 002, Char Ganj",Madurai,Tamil Nadu,775331
848,4680,Office,"66/109, Contractor Road",Kochi,Kerala,175902
849,2129,Office,"H.No. 762, Iyengar",Bhopal,Madhya Pradesh,477433
850,3720,Home,"83, Bajwa Zila",Jaipur,Rajasthan,302056
851,647,Home,"H.No. 28, Gupta Chowk",Kochi,Kerala,978559
852,3829,Office,"H.No. 766, Brar Zila",Surat,Gujarat,841173
853,350,Other,"85/03, Krishnamurthy Road",Vijayawada,Andhra Pradesh,512418
854,3111,Other,"98/46, Bhandari",Nagpur,Maharashtra,974005
855,4882,Office,"H.No. 35, Dewan Nagar",Thiruvananthapuram,Kerala,850371
856,2876,Office,"H.No. 16, Buch",Madurai,Tamil Nadu,240107
857,2341,Home,"56/743, Bhakta Nagar",Coimbatore,Tamil Nadu,389608
858,1239,Other,"H.No. 662, Sane Marg",Mysuru,Karnataka,171955
859,1221,Home,"H.No. 60, Kata Ganj",Vijayawada,Andhra Pradesh,903689
860,2386,Office,"H.No. 301, Date Nagar",Salem,Tamil Nadu,240559
861,1974,Office,"H.No. 29, Srinivas Marg",Vijayawada,Andhra Pradesh,114837
862,3326,Other,"745, Master Circle",Mysuru,Karnataka,845881
863,65,Other,"H.No. 69, Mammen Chowk",Mumbai,Maharashtra,328348
864,2513,Home,"H.No. 520, Sarraf Ganj",Vijayawada,Andhra Pradesh,107044
865,2359,Office,"H.No. 10, Rajagopalan Road",Lucknow,Uttar Pradesh,066703
866,2234,Home,"26, Ben Circle",Lucknow,Uttar Pradesh,085095
867,920,Office,"30/59, Sane Marg",Thiruvananthapuram,Kerala,186487
868,2812,Other,"98/42, Sibal Marg",Jaipur,Rajasthan,204413
869,3015,Home,"H.No. 96, Mahal Nagar",Vellore,Tamil Nadu,449014
870,4689,Other,"H.No. 27, Badal Chowk",Bhopal,Madhya Pradesh,070578
871,1243,Office,"09, Malhotra Zila",Madurai,Tamil Nadu,172444
872,3607,Other,"322, Bawa",Chennai,Tamil Nadu,102879
873,2958,Office,"H.No. 830, Kurian Road",Indore,Madhya Pradesh,580935
874,2512,Home,"H.No. 871, Brahmbhatt Circle",Kochi,Kerala,359561
875,4970,Office,"H.No. 20, Parsa Path",Lucknow,Uttar Pradesh,657490
876,3599,Home,"H.No. 04, Bal Street",Mumbai,Maharashtra,935889
877,28,Office,"690, Raj Street",Vellore,Tamil Nadu,139898
878,2634,Other,"18/09, Vohra Chowk",Kolkata,West Bengal,543943
879,2414,Other,"537, D’Alia Path",Pune,Maharashtra,765158
880,3372,Office,"H.No. 79, Sen Ganj",Chandigarh,Chandigarh,392836
881,2299,Home,"44/55, Bumb Zila",Nagpur,Maharashtra,682973
882,3909,Office,"02, Sahota Zila",Ahmedabad,Gujarat,871206
883,4740,Other,"21/288, Sami Marg",Chennai,Tamil Nadu,268341
884,4562,Office,"H.No. 99, Chokshi",Vellore,Tamil Nadu,157676
885,3520,Other,"22, Upadhyay",Mysuru,Karnataka,209957
886,1665,Other,"H.No. 72, Mammen Circle",Vellore,Tamil Nadu,347509
887,2216,Home,"H.No. 56, Gokhale Path",Nagpur,Maharashtra,036849
888,3515,Office,"H.No. 542, Mani Zila",Nagpur,Maharashtra,773244
889,990,Office,"421, Trivedi Ganj",Thiruvananthapuram,Kerala,090883
890,3585,Office,"05, Manda Ganj",Visakhapatnam,Andhra Pradesh,782741
891,1182,Other,"67, Chadha Road",Mysuru,Karnataka,415131
892,2477,Home,"854, Varghese Chowk",Mysuru,Karnataka,506185
893,3261,Home,"00/32, Puri",Chandigarh,Chandigarh,347272
894,1771,Other,"H.No. 23, Varty Zila",Jaipur,Rajasthan,061789
895,726,Other,"20/649, Keer Marg",Chandigarh,Chandigarh,782434
896,3448,Other,"69, Srivastava Path",Hyderabad,Telangana,131467
897,3315,Office,"612, Nagar Chowk",Kolkata,West Bengal,562779
898,4013,Other,"30/448, Rege Ganj",Mysuru,Karnataka,854566
899,436,Home,"64, Loyal Nagar",Nagpur,Maharashtra,350476
900,3568,Office,"28/31, Narayan",Salem,Tamil Nadu,980061
901,3424,Office,"H.No. 81, Venkataraman Nagar",Bengaluru,Karnataka,583286
902,3743,Home,"H.No. 25, Sachdev Path",Mumbai,Maharashtra,830008
903,195,Home,"67/02, Mitra Road",Mumbai,Maharashtra,330416
904,917,Home,"411, Thaman Zila",Surat,Gujarat,008921
905,4950,Home,"945, Vala Marg",Coimbatore,Tamil Nadu,447314
906,408,Home,"46, Kapadia Zila",Chennai,Tamil Nadu,847488
907,2281,Home,"07, Pradhan Marg",Jaipur,Rajasthan,739063
908,637,Office,"H.No. 79, Mukhopadhyay Zila",Chandigarh,Chandigarh,211823
909,1110,Office,"31/26, Solanki",Ahmedabad,Gujarat,074645
910,2526,Home,"H.No. 599, Ahluwalia Marg",Chennai,Tamil Nadu,387875
911,260,Office,"H.No. 77, Bumb Circle",Pune,Maharashtra,616202
912,1048,Office,"371, Samra Nagar",Hyderabad,Telangana,287286
913,3755,Office,"H.No. 416, Madan Road",Mumbai,Maharashtra,959224
914,1232,Home,"58/94, Shere Chowk",Ahmedabad,Gujarat,522870
915,437,Office,"22, Bhavsar Chowk",Lucknow,Uttar Pradesh,433187
916,4806,Other,"H.No. 097, Dugar",Vijayawada,Andhra Pradesh,583503
917,162,Other,"H.No. 69, Pillai Road",Jaipur,Rajasthan,488319
918,4410,Other,"H.No. 342, Chaudry Road",Coimbatore,Tamil Nadu,896599
919,1168,Home,"97/320, Kalita Ganj",Delhi,Delhi,922270
920,238,Office,"H.No. 028, Sandal Chowk",Kochi,Kerala,548138
921,4656,Home,"67, Muni Path",Surat,Gujarat,819324
922,4118,Office,"87, Krishna Chowk",Ahmedabad,Gujarat,865205
923,1643,Office,"56/398, Raja Ganj",Nagpur,Maharashtra,203758
924,2758,Office,"H.No. 945, Pillay Zila",Jaipur,Rajasthan,809404
925,2075,Home,"04, Bhandari Road",Mumbai,Maharashtra,797727
926,3205,Other,"H.No. 509, Goel Street",Chennai,Tamil Nadu,161070
927,4362,Office,"H.No. 843, Badal",Bengaluru,Karnataka,529580
928,3040,Office,"01, Thaker Ganj",Surat,Gujarat,412704
929,31,Other,"86/204, Panchal Road",Bengaluru,Karnataka,579197
930,755,Home,"H.No. 121, Nadkarni Street",Nagpur,Maharashtra,203571
931,4140,Office,"H.No. 32, Bera Road",Coimbatore,Tamil Nadu,424295
932,3746,Other,"343, Merchant Street",Surat,Gujarat,741759
933,2450,Other,"H.No. 87, Bansal Street",Nagpur,Maharashtra,289365
934,358,Home,"588, Chana Road",Lucknow,Uttar Pradesh,437401
935,3054,Office,"27, Naidu",Vellore,Tamil Nadu,969051
936,4236,Other,"H.No. 267, Nayar Path",Vellore,Tamil Nadu,254278
937,1065,Other,"H.No. 797, Saran",Lucknow,Uttar Pradesh,734595
938,565,Other,"64/038, Sama Zila",Mumbai,Maharashtra,496902
939,470,Other,"H.No. 98, Dewan Ganj",Chandigarh,Chandigarh,501425
940,1529,Home,"27, Divan Nagar",Salem,Tamil Nadu,244123
941,2680,Other,"13, Prasad Street",Chandigarh,Chandigarh,725178
942,1003,Home,"37/673, Ram Zila",Indore,Madhya Pradesh,526546
943,2265,Office,"15/79, Kapadia Nagar",Bengaluru,Karnataka,355580
944,4214,Office,"H.No. 327, Basu Ganj",Nagpur,Maharashtra,461562
945,305,Office,"446, Banerjee Chowk",Chandigarh,Chandigarh,622681
946,2867,Home,"H.No. 516, Dyal Nagar",Salem,Tamil Nadu,298670
947,883,Home,"66/046, D’Alia Road",Pune,Maharashtra,857585
948,4407,Home,"686, Doctor Zila",Jaipur,Rajasthan,594389
949,2695,Home,"07, Baral Road",Lucknow,Uttar Pradesh,775095
950,4623,Office,"54, Loke Nagar",Salem,Tamil Nadu,456075
951,1078,Office,"09/150, Randhawa Circle",Vellore,Tamil Nadu,218122
952,3369,Office,"45, Kohli Chowk",Tiruchirappalli,Tamil Nadu,015502
953,957,Other,"81, Mittal Path",Indore,Madhya Pradesh,602416
954,367,Home,"944, Varkey",Mumbai,Maharashtra,059736
955,1542,Office,"24/809, Golla Marg",Visakhapatnam,Andhra Pradesh,406306
956,4592,Other,"H.No. 47, Nadkarni",Hyderabad,Telangana,330531
957,3657,Other,"97/969, Ramachandran Path",Vellore,Tamil Nadu,805555
958,508,Other,"773, Garde Circle",Mysuru,Karnataka,460917
959,4654,Home,"H.No. 385, Manne Road",Salem,Tamil Nadu,770299
960,4079,Other,"59/66, Mander Nagar",Indore,Madhya Pradesh,368269
961,2534,Home,"H.No. 633, Mann Zila",Tiruchirappalli,Tamil Nadu,268653
962,442,Home,"45/51, Thakkar Path",Jaipur,Rajasthan,367747
963,4863,Other,"640, Natt Circle",Madurai,Tamil Nadu,216966
964,4050,Office,"093, Thakur Street",Salem,Tamil Nadu,996059
965,277,Office,"971, Bajaj Path",Mysuru,Karnataka,883275
966,1885,Home,"735, Memon Street",Surat,Gujarat,039773
967,4075,Other,"278, Narula Zila",Salem,Tamil Nadu,371006
968,3262,Other,"16, Yogi Road",Nagpur,Maharashtra,980770
969,4608,Other,"05, Vaidya Marg",Kolkata,West Bengal,611249
970,1542,Home,"25/652, Subramanian Ganj",Bengaluru,Karnataka,415177
971,1358,Other,"H.No. 54, Narayanan Chowk",Ahmedabad,Gujarat,494902
972,378,Other,"40/35, Patil",Surat,Gujarat,429477
973,4447,Office,"229, Rajagopalan Road",Thiruvananthapuram,Kerala,303942
974,48,Office,"H.No. 58, Ravi Circle",Indore,Madhya Pradesh,925298
975,2012,Office,"56/72, Subramaniam Circle",Kochi,Kerala,760153
976,4344,Other,"324, Dar",Surat,Gujarat,577908
977,2656,Home,"35/061, Tripathi Path",Tiruchirappalli,Tamil Nadu,488810
978,2327,Home,"83/34, Konda Street",Bengaluru,Karnataka,720948
979,4231,Home,"H.No. 312, Mitter Circle",Lucknow,Uttar Pradesh,333997
980,2675,Office,"H.No. 805, Hegde Zila",Vijayawada,Andhra Pradesh,171731
981,1030,Home,"74/90, Sani",Pune,Maharashtra,739970
982,3228,Home,"94, Goda Chowk",Kolkata,West Bengal,878444
983,1002,Office,"H.No. 48, More Circle",Surat,Gujarat,127058
984,1988,Office,"22, Sankaran Zila",Chandigarh,Chandigarh,175823
985,3261,Other,"348, Nagarajan Road",Bhopal,Madhya Pradesh,149392
986,647,Home,"362, Dugar Street",Chandigarh,Chandigarh,879643
987,4465,Office,"45, Mohan Street",Salem,Tamil Nadu,557469
988,4640,Office,"06, Rege Nagar",Vellore,Tamil Nadu,274033
989,198,Other,"H.No. 50, Sane Path",Salem,Tamil Nadu,588339
990,3413,Other,"H.No. 11, Dyal Ganj",Pune,Maharashtra,797067
991,698,Office,"H.No. 99, Bhargava Marg",Mumbai,Maharashtra,054857
992,290,Office,"H.No. 721, Sachdev Path",Jaipur,Rajasthan,294938
993,4797,Office,"35, Lad",Hyderabad,Telangana,021557
994,4516,Other,"573, Pathak Chowk",Hyderabad,Telangana,344902
995,2206,Home,"66/670, Bhasin Circle",Vellore,Tamil Nadu,096085
996,3871,Home,"H.No. 95, Borra Zila",Jaipur,Rajasthan,818281
997,3258,Office,"31/64, Seth Chowk",Coimbatore,Tamil Nadu,512957
998,539,Other,"H.No. 694, Ramakrishnan Nagar",Indore,Madhya Pradesh,035624
999,2346,Other,"58/73, Pant",Coimbatore,Tamil Nadu,323421
1000,1739,Home,"90/28, Biswas Path",Jaipur,Rajasthan,533342
1001,4811,Office,"H.No. 33, Bala Path",Bhopal,Madhya Pradesh,716073
1002,3693,Home,"H.No. 776, Jha Ganj",Pune,Maharashtra,911289
1003,8,Office,"317, Parmar",Surat,Gujarat,633185
1004,2397,Office,"H.No. 81, Babu Chowk",Vijayawada,Andhra Pradesh,666155
1005,1088,Other,"H.No. 643, Ramakrishnan Zila",Kolkata,West Bengal,045023
1006,1901,Other,"02/82, Singhal Street",Ahmedabad,Gujarat,093459
1007,1574,Home,"622, Doshi Circle",Bhopal,Madhya Pradesh,512073
1008,664,Office,"54, Nagi",Ahmedabad,Gujarat,050702
1009,137,Office,"H.No. 869, Gara Circle",Kochi,Kerala,105316
1010,2583,Home,"H.No. 776, Sarraf Circle",Pune,Maharashtra,904774
1011,2454,Other,"H.No. 85, Char",Visakhapatnam,Andhra Pradesh,793238
1012,2686,Other,"311, Mandal Marg",Vijayawada,Andhra Pradesh,334245
1013,1248,Home,"98/894, Narang Street",Kolkata,West Bengal,529060
1014,843,Other,"020, Edwin Ganj",Pune,Maharashtra,509775
1015,2783,Other,"96/737, Lall",Surat,Gujarat,148552
1016,3549,Office,"H.No. 78, Char Chowk",Kolkata,West Bengal,841560
1017,4324,Other,"H.No. 371, Merchant Zila",Ahmedabad,Gujarat,547681
1018,106,Other,"83, Kapadia Street",Visakhapatnam,Andhra Pradesh,358929
1019,2939,Home,"58/38, Prasad Street",Bhopal,Madhya Pradesh,129328
1020,1264,Home,"406, Ramakrishnan Road",Mysuru,Karnataka,775240
1021,2469,Office,"H.No. 84, Bhavsar Ganj",Vellore,Tamil Nadu,622723
1022,2401,Home,"669, Kothari Ganj",Indore,Madhya Pradesh,134261
1023,1165,Office,"724, Apte Path",Pune,Maharashtra,848197
1024,1354,Other,"74/189, Dube Chowk",Indore,Madhya Pradesh,540641
1025,4155,Home,"92, Manne Chowk",Indore,Madhya Pradesh,811995
1026,2567,Other,"76/601, Majumdar Road",Surat,Gujarat,856451
1027,2712,Office,"H.No. 739, Kant Chowk",Indore,Madhya Pradesh,417899
1028,689,Office,"86/09, Chaudhari Zila",Bengaluru,Karnataka,135996
1029,263,Other,"05/779, Barad Circle",Kochi,Kerala,603920
1030,2235,Home,"H.No. 460, Kulkarni Chowk",Chandigarh,Chandigarh,553470
1031,114,Other,"42, Nagy Ganj",Chandigarh,Chandigarh,527155
1032,39,Office,"H.No. 41, Ravi Zila",Kochi,Kerala,972634
1033,4895,Office,"H.No. 57, Dutta Path",Ahmedabad,Gujarat,501394
1034,784,Other,"82/69, Issac Zila",Nagpur,Maharashtra,196425
1035,578,Home,"26, Memon Zila",Hyderabad,Telangana,537038
1036,885,Home,"40/733, Kara Ganj",Madurai,Tamil Nadu,320430
1037,3567,Other,"68, Handa Circle",Bhopal,Madhya Pradesh,289696
1038,1200,Home,"54/655, Nagarajan Ganj",Vellore,Tamil Nadu,125389
1039,385,Office,"H.No. 878, Cheema Path",Thiruvananthapuram,Kerala,583749
1040,3042,Office,"97, Sarin Chowk",Thiruvananthapuram,Kerala,208780
1041,2301,Other,"21, Bhattacharyya Path",Bengaluru,Karnataka,940976
1042,4783,Home,"37, Yohannan Road",Indore,Madhya Pradesh,539862
1043,1897,Other,"H.No. 905, Dar",Nagpur,Maharashtra,918623
1044,3732,Other,"22/07, Narula Zila",Chennai,Tamil Nadu,169666
1045,3921,Home,"521, Pant Road",Thiruvananthapuram,Kerala,647124
1046,2450,Home,"351, Seth Path",Surat,Gujarat,840908
1047,1423,Home,"51/208, Agrawal Nagar",Bengaluru,Karnataka,640995
1048,2693,Home,"397, Wason Street",Vijayawada,Andhra Pradesh,512959
1049,1320,Other,"28, Saxena Street",Bengaluru,Karnataka,908144
1050,4612,Office,"H.No. 29, Ganesh Circle",Nagpur,Maharashtra,739295
1051,2858,Office,"86/718, Nigam Zila",Mumbai,Maharashtra,523736
1052,2054,Other,"H.No. 07, Chaudhary",Tiruchirappalli,Tamil Nadu,589988
1053,500,Other,"34/52, Hora Chowk",Salem,Tamil Nadu,666617
1054,4430,Office,"15, Sule Circle",Delhi,Delhi,474080
1055,4852,Office,"H.No. 499, Ghose Circle",Ahmedabad,Gujarat,080046
1056,3724,Other,"H.No. 80, Trivedi Marg",Hyderabad,Telangana,850317
1057,3052,Home,"513, Jhaveri Chowk",Bengaluru,Karnataka,063140
1058,992,Home,"52/635, Basu Marg",Hyderabad,Telangana,293946
1059,4509,Other,"460, Sachdev Marg",Vijayawada,Andhra Pradesh,437490
1060,2964,Office,"H.No. 723, Contractor Zila",Visakhapatnam,Andhra Pradesh,271285
1061,45,Other,"46/484, Lal Road",Nagpur,Maharashtra,163187
1062,113,Home,"807, Chopra Chowk",Tiruchirappalli,Tamil Nadu,306211
1063,855,Office,"95, Dhar Chowk",Surat,Gujarat,908335
1064,1733,Office,"02/54, Palla Street",Chennai,Tamil Nadu,306624
1065,4446,Office,"235, Bakshi Chowk",Ahmedabad,Gujarat,139848
1066,689,Home,"850, Bhattacharyya Zila",Kochi,Kerala,880925
1067,2273,Home,"H.No. 213, Raj Nagar",Kolkata,West Bengal,906913
1068,2609,Home,"81/07, Raju",Bengaluru,Karnataka,967379
1069,3182,Other,"H.No. 77, Sha Street",Bengaluru,Karnataka,324264
1070,1267,Office,"H.No. 06, Dhawan Road",Thiruvananthapuram,Kerala,768362
1071,272,Office,"666, Sethi Chowk",Delhi,Delhi,675556
1072,214,Home,"83/333, Hayer",Bengaluru,Karnataka,786543
1073,3849,Other,"718, Mital Chowk",Indore,Madhya Pradesh,033582
1074,1486,Home,"62/70, Raju Ganj",Salem,Tamil Nadu,492693
1075,4899,Office,"57, De Ganj",Bengaluru,Karnataka,599801
1076,3490,Home,"H.No. 000, Chana Path",Coimbatore,Tamil Nadu,532341
1077,2054,Home,"59/77, Gill Path",Chennai,Tamil Nadu,418222
1078,3300,Other,"H.No. 896, Singh Street",Pune,Maharashtra,312710
1079,2648,Office,"76, Garde Chowk",Chandigarh,Chandigarh,957992
1080,4497,Office,"H.No. 795, Chada Path",Mysuru,Karnataka,122946
1081,4841,Office,"H.No. 354, Pant Zila",Lucknow,Uttar Pradesh,099625
1082,1299,Other,"848, Suri Nagar",Nagpur,Maharashtra,203447
1083,773,Home,"H.No. 04, Buch Chowk",Coimbatore,Tamil Nadu,802909
1084,3289,Other,"H.No. 63, Rai Chowk",Hyderabad,Telangana,046558
1085,549,Other,"52, Lal Path",Vijayawada,Andhra Pradesh,744171
1086,3524,Home,"10/21, Borde Ganj",Tiruchirappalli,Tamil Nadu,512931
1087,4356,Home,"H.No. 059, Dugal Zila",Delhi,Delhi,519102
1088,1888,Office,"12/110, Kaul Marg",Mysuru,Karnataka,016583
1089,4536,Office,"792, Mani Chowk",Hyderabad,Telangana,728012
1090,56,Home,"H.No. 28, Gulati",Mysuru,Karnataka,132532
1091,2426,Home,"94/968, Kamdar Road",Coimbatore,Tamil Nadu,453804
1092,696,Home,"101, Padmanabhan Chowk",Tiruchirappalli,Tamil Nadu,961701
1093,2537,Office,"59/19, Nagar Road",Salem,Tamil Nadu,575747
1094,2351,Home,"33/92, Pandit Nagar",Coimbatore,Tamil Nadu,775677
1095,2041,Other,"266, Dewan Nagar",Indore,Madhya Pradesh,626506
1096,761,Home,"923, Babu Zila",Kochi,Kerala,724530
1097,3079,Home,"24, Mall Circle",Chennai,Tamil Nadu,379766
1098,1160,Home,"05, Bhavsar Zila",Vijayawada,Andhra Pradesh,794238
1099,1534,Office,"670, Dutt Road",Kolkata,West Bengal,496919
1100,1595,Office,"45/52, Solanki Path",Pune,Maharashtra,075633
1101,2526,Office,"35/748, Narula Path",Nagpur,Maharashtra,259399
1102,3439,Other,"797, Munshi Nagar",Vellore,Tamil Nadu,629518
1103,4668,Other,"94, Sengupta Zila",Vijayawada,Andhra Pradesh,342507
1104,1353,Home,"055, Subramanian",Tiruchirappalli,Tamil Nadu,457598
1105,2083,Home,"39/914, Hayer Nagar",Tiruchirappalli,Tamil Nadu,366044
1106,3633,Office,"400, Brar Marg",Hyderabad,Telangana,727682
1107,3548,Office,"H.No. 14, Majumdar Chowk",Mumbai,Maharashtra,974292
1108,4930,Office,"H.No. 105, Sood Circle",Nagpur,Maharashtra,256806
1109,4790,Other,"25, Banerjee",Vellore,Tamil Nadu,599080
1110,3498,Office,"11, Doshi Street",Vellore,Tamil Nadu,823155
1111,1076,Office,"H.No. 651, Rattan Chowk",Coimbatore,Tamil Nadu,866281
1112,2737,Office,"21, Karan Road",Chennai,Tamil Nadu,080037
1113,3963,Other,"H.No. 332, Tella Street",Hyderabad,Telangana,566084
1114,1077,Office,"H.No. 681, Iyengar Nagar",Pune,Maharashtra,339705
1115,65,Home,"58/26, Doshi Ganj",Vellore,Tamil Nadu,944858
1116,2763,Home,"394, Hayre Path",Mumbai,Maharashtra,461470
1117,1729,Home,"86/32, Barman Zila",Nagpur,Maharashtra,133943
1118,4869,Other,"H.No. 70, Krishnan Ganj",Surat,Gujarat,804032
1119,3425,Other,"765, Raman Chowk",Hyderabad,Telangana,778943
1120,3934,Office,"10/09, Apte Nagar",Visakhapatnam,Andhra Pradesh,047692
1121,253,Other,"H.No. 533, Pradhan Marg",Hyderabad,Telangana,460401
1122,4057,Other,"473, Balasubramanian Zila",Kolkata,West Bengal,201137
1123,4796,Other,"H.No. 09, Bhatnagar Chowk",Chandigarh,Chandigarh,316600
1124,1424,Other,"76, Arya Street",Mysuru,Karnataka,144734
1125,1527,Home,"43/370, Saran Nagar",Pune,Maharashtra,304519
1126,1565,Other,"78, Prakash Street",Madurai,Tamil Nadu,882556
1127,4785,Other,"65/75, Divan Road",Salem,Tamil Nadu,865619
1128,777,Home,"557, Zacharia Chowk",Hyderabad,Telangana,058295
1129,509,Other,"23/61, Choudhury Marg",Vijayawada,Andhra Pradesh,819048
1130,2869,Office,"35/715, Rana Path",Visakhapatnam,Andhra Pradesh,395613
1131,1577,Office,"308, Tandon Zila",Delhi,Delhi,143643
1132,862,Office,"000, Dara Road",Salem,Tamil Nadu,211471
1133,4781,Other,"H.No. 60, Mital",Kochi,Kerala,653469
1134,2418,Other,"99/070, Nagarajan Chowk",Kochi,Kerala,047681
1135,2534,Office,"99/570, Barad Marg",Indore,Madhya Pradesh,174811
1136,4024,Other,"17/653, Singh",Bengaluru,Karnataka,548739
1137,4941,Office,"H.No. 029, Toor Nagar",Ahmedabad,Gujarat,182749
1138,850,Home,"04/91, Swaminathan Circle",Ahmedabad,Gujarat,742049
1139,4998,Home,"12, Issac Zila",Lucknow,Uttar Pradesh,730626
1140,3419,Other,"H.No. 23, Tak Path",Bengaluru,Karnataka,711222
1141,4011,Office,"75, Bail Marg",Mumbai,Maharashtra,816704
1142,37,Home,"61/11, Parmar Road",Jaipur,Rajasthan,683210
1143,4728,Office,"H.No. 923, Prakash Chowk",Kolkata,West Bengal,712961
1144,3689,Other,"324, Raman Street",Hyderabad,Telangana,508018
1145,1585,Home,"80/42, Kohli Path",Madurai,Tamil Nadu,337773
1146,1859,Home,"688, Dhingra Zila",Visakhapatnam,Andhra Pradesh,821781
1147,3076,Office,"653, Ray Road",Bengaluru,Karnataka,605603
1148,1771,Other,"79, Datta Ganj",Ahmedabad,Gujarat,986239
1149,2603,Office,"16, Balasubramanian",Vijayawada,Andhra Pradesh,181205
1150,4362,Office,"47, Mitter Path",Thiruvananthapuram,Kerala,478769
1151,4052,Other,"51, Oommen Chowk",Madurai,Tamil Nadu,444498
1152,767,Home,"H.No. 53, Halder",Jaipur,Rajasthan,435864
1153,4843,Other,"63/92, Gupta Road",Lucknow,Uttar Pradesh,885379
1154,3934,Other,"H.No. 433, Nazareth",Pune,Maharashtra,753674
1155,118,Home,"52/49, Krishnan Zila",Delhi,Delhi,686013
1156,2104,Office,"78, Malhotra",Madurai,Tamil Nadu,340679
1157,94,Office,"66, Dar Path",Ahmedabad,Gujarat,215001
1158,1369,Home,"H.No. 884, Char Street",Nagpur,Maharashtra,309001
1159,3947,Other,"44/63, Kannan Ganj",Coimbatore,Tamil Nadu,853208
1160,2794,Home,"263, Badal Circle",Coimbatore,Tamil Nadu,199471
1161,2277,Office,"633, Gandhi Chowk",Hyderabad,Telangana,341034
1162,2590,Other,"96/73, Chaudhry Ganj",Lucknow,Uttar Pradesh,677269
1163,1394,Home,"H.No. 843, Sarkar Chowk",Kochi,Kerala,507896
1164,3004,Home,"35/21, Purohit",Kolkata,West Bengal,633556
1165,2723,Home,"436, Singh",Tiruchirappalli,Tamil Nadu,931706
1166,673,Other,"H.No. 60, Sarin Chowk",Thiruvananthapuram,Kerala,616453
1167,2035,Home,"H.No. 47, Ganguly Street",Vijayawada,Andhra Pradesh,989830
1168,1397,Other,"H.No. 03, Dutt Zila",Kolkata,West Bengal,980418
1169,1855,Other,"24, Sarin Street",Mysuru,Karnataka,236428
1170,2236,Office,"190, Goda",Visakhapatnam,Andhra Pradesh,876230
1171,3789,Office,"11/14, Walla Street",Madurai,Tamil Nadu,785228
1172,4775,Office,"052, Varghese Road",Vijayawada,Andhra Pradesh,880622
1173,4656,Home,"22, Pillai Ganj",Surat,Gujarat,737213
1174,2389,Other,"90/162, Mani Nagar",Nagpur,Maharashtra,876886
1175,1083,Home,"85/996, Viswanathan Road",Jaipur,Rajasthan,287203
1176,2142,Home,"54/19, Raja Marg",Vijayawada,Andhra Pradesh,450573
1177,3283,Office,"627, Dey",Bengaluru,Karnataka,632037
1178,631,Home,"67, Prabhu Chowk",Delhi,Delhi,726032
1179,4032,Office,"H.No. 50, Shroff Path",Bengaluru,Karnataka,619458
1180,4028,Home,"H.No. 715, Hari Path",Bengaluru,Karnataka,820128
1181,4460,Office,"H.No. 083, Prabhu Circle",Jaipur,Rajasthan,765975
1182,1972,Home,"H.No. 50, Dasgupta Circle",Thiruvananthapuram,Kerala,768089
1183,3436,Home,"657, Dhawan Road",Nagpur,Maharashtra,319646
1184,3341,Other,"H.No. 040, Hayer Street",Bhopal,Madhya Pradesh,936268
1185,3563,Home,"012, Lanka Nagar",Indore,Madhya Pradesh,137271
1186,1596,Home,"75/957, Narayanan Road",Bengaluru,Karnataka,829849
1187,938,Other,"067, Narasimhan Road",Hyderabad,Telangana,760944
1188,4558,Office,"833, Shetty Ganj",Vellore,Tamil Nadu,188566
1189,2086,Other,"54/13, Srivastava Street",Vijayawada,Andhra Pradesh,506662
1190,3105,Home,"05, Dani Path",Vellore,Tamil Nadu,377693
1191,2644,Other,"34, Gala Ganj",Bengaluru,Karnataka,295961
1192,3112,Home,"H.No. 102, Sangha Circle",Madurai,Tamil Nadu,120072
1193,1559,Office,"455, Chahal",Ahmedabad,Gujarat,245109
1194,950,Other,"H.No. 903, Raman Street",Madurai,Tamil Nadu,149498
1195,1117,Home,"42/17, Lad",Kochi,Kerala,817934
1196,1686,Home,"52, Sethi Chowk",Surat,Gujarat,844663
1197,311,Home,"53/372, Bansal Street",Nagpur,Maharashtra,091217
1198,3546,Office,"145, Khare Path",Indore,Madhya Pradesh,661894
1199,4264,Home,"05, Raman Street",Indore,Madhya Pradesh,510046
1200,1244,Home,"76, Sengupta Path",Mysuru,Karnataka,565920
1201,36,Other,"H.No. 61, Natt Chowk",Chennai,Tamil Nadu,023897
1202,2208,Home,"260, Patel Nagar",Kochi,Kerala,955017
1203,2480,Home,"258, Wali Road",Vellore,Tamil Nadu,899936
1204,4534,Other,"98, Yohannan Road",Vijayawada,Andhra Pradesh,045069
1205,2941,Other,"67, Kashyap",Jaipur,Rajasthan,937440
1206,3457,Office,"94/640, Karnik Circle",Madurai,Tamil Nadu,373606
1207,4521,Other,"H.No. 488, Babu Marg",Bhopal,Madhya Pradesh,907938
1208,662,Other,"H.No. 368, Goel Path",Kolkata,West Bengal,061537
1209,4672,Other,"H.No. 242, Kurian Road",Coimbatore,Tamil Nadu,263251
1210,4499,Other,"H.No. 88, Bose Zila",Mysuru,Karnataka,103142
1211,1037,Home,"51, Warrior Circle",Madurai,Tamil Nadu,817941
1212,223,Other,"H.No. 526, Krishna Ganj",Delhi,Delhi,911225
1213,103,Other,"83/75, Oak Nagar",Mysuru,Karnataka,618632
1214,1429,Office,"79/13, Shankar Chowk",Bhopal,Madhya Pradesh,553007
1215,1784,Office,"H.No. 950, Nigam Path",Thiruvananthapuram,Kerala,057121
1216,1641,Office,"27/78, Oak Circle",Indore,Madhya Pradesh,905348
1217,2771,Office,"H.No. 01, Mital Nagar",Vijayawada,Andhra Pradesh,462456
1218,3064,Other,"51/74, Ray Road",Kochi,Kerala,045212
1219,3138,Office,"H.No. 11, Nath Road",Lucknow,Uttar Pradesh,129391
1220,1475,Other,"H.No. 448, Buch Circle",Coimbatore,Tamil Nadu,841604
1221,2680,Home,"H.No. 540, Biswas Street",Mysuru,Karnataka,901707
1222,1335,Other,"81, Dutt Road",Salem,Tamil Nadu,152291
1223,2603,Other,"32, Upadhyay Street",Chennai,Tamil Nadu,608493
1224,2483,Office,"30/63, Rama",Ahmedabad,Gujarat,845269
1225,2631,Office,"44/39, Salvi Zila",Thiruvananthapuram,Kerala,970169
1226,3686,Home,"42/929, Kothari Zila",Coimbatore,Tamil Nadu,033016
1227,3422,Home,"419, Kade Nagar",Chandigarh,Chandigarh,061537
1228,4951,Other,"155, Radhakrishnan Marg",Surat,Gujarat,732365
1229,4124,Other,"37/746, Krishnan Nagar",Visakhapatnam,Andhra Pradesh,672007
1230,2923,Office,"614, Mander Street",Mysuru,Karnataka,260781
1231,591,Office,"H.No. 43, Iyer Chowk",Kochi,Kerala,764273
1232,4288,Other,"037, Kanda Marg",Ahmedabad,Gujarat,145841
1233,516,Office,"84/601, Chhabra",Kolkata,West Bengal,443899
1234,928,Other,"78/020, Saini Path",Kochi,Kerala,073214
1235,3108,Office,"H.No. 49, Ratti Ganj",Chennai,Tamil Nadu,167933
1236,1486,Office,"H.No. 557, Walia Ganj",Lucknow,Uttar Pradesh,736801
1237,1805,Other,"23/60, Sibal Ganj",Indore,Madhya Pradesh,811872
1238,2250,Other,"33/510, Apte Road",Surat,Gujarat,149731
1239,4180,Office,"911, Yadav Road",Chandigarh,Chandigarh,074820
1240,97,Home,"651, Thakur Zila",Delhi,Delhi,940655
1241,4251,Other,"20/19, Maharaj Nagar",Delhi,Delhi,223023
1242,1159,Office,"247, Sengupta Nagar",Kolkata,West Bengal,920135
1243,4758,Home,"62/127, Amble Marg",Thiruvananthapuram,Kerala,508261
1244,69,Home,"312, Chopra Marg",Surat,Gujarat,324888
1245,2605,Office,"29, Kale Circle",Thiruvananthapuram,Kerala,629745
1246,1281,Home,"30/36, Prashad Road",Mumbai,Maharashtra,191203
1247,4580,Home,"76/92, Vasa Nagar",Ahmedabad,Gujarat,832308
1248,1309,Other,"881, Vohra Path",Delhi,Delhi,445822
1249,36,Office,"73, Kannan Street",Tiruchirappalli,Tamil Nadu,829716
1250,4112,Office,"57/245, Bali Nagar",Salem,Tamil Nadu,000152
1251,2879,Office,"H.No. 371, Yohannan Chowk",Delhi,Delhi,090255
1252,58,Home,"18/444, Chada Street",Bengaluru,Karnataka,998747
1253,3809,Office,"248, Basak",Indore,Madhya Pradesh,670867
1254,4664,Home,"H.No. 900, Korpal Road",Indore,Madhya Pradesh,551584
1255,1205,Other,"69, Keer Zila",Thiruvananthapuram,Kerala,248355
1256,3052,Home,"H.No. 42, Prashad",Tiruchirappalli,Tamil Nadu,807063
1257,3072,Office,"99, Sharma Circle",Nagpur,Maharashtra,098221
1258,1336,Home,"H.No. 01, Krishnan Marg",Mysuru,Karnataka,880442
1259,2476,Office,"38, Radhakrishnan Ganj",Kochi,Kerala,816432
1260,3634,Office,"694, Vig Street",Ahmedabad,Gujarat,642036
1261,2417,Home,"H.No. 86, Chawla Ganj",Surat,Gujarat,417064
1262,1101,Home,"554, Grover Nagar",Lucknow,Uttar Pradesh,355824
1263,3085,Other,"01/764, Mammen Marg",Ahmedabad,Gujarat,898803
1264,4189,Office,"H.No. 38, Venkataraman Circle",Tiruchirappalli,Tamil Nadu,452790
1265,1507,Other,"H.No. 404, Jayaraman Ganj",Tiruchirappalli,Tamil Nadu,353849
1266,229,Other,"16/321, Chandra Zila",Madurai,Tamil Nadu,871809
1267,4197,Office,"913, Kalita Chowk",Surat,Gujarat,653060
1268,1285,Other,"H.No. 987, Ramachandran Path",Pune,Maharashtra,786880
1269,4098,Office,"300, Chhabra",Bhopal,Madhya Pradesh,618298
1270,4237,Other,"657, Lalla Chowk",Salem,Tamil Nadu,916093
1271,4224,Office,"H.No. 95, Bhardwaj Street",Coimbatore,Tamil Nadu,491189
1272,3561,Office,"H.No. 843, Ranganathan Ganj",Vijayawada,Andhra Pradesh,509263
1273,2616,Office,"23/998, Borah Street",Hyderabad,Telangana,745561
1274,4230,Office,"H.No. 04, Venkatesh Street",Mysuru,Karnataka,050537
1275,1830,Home,"60, Char Circle",Coimbatore,Tamil Nadu,260030
1276,2322,Other,"H.No. 66, Chakrabarti",Vijayawada,Andhra Pradesh,627153
1277,3504,Office,"345, Ben Path",Visakhapatnam,Andhra Pradesh,882691
1278,1693,Office,"76/829, Vohra Ganj",Chennai,Tamil Nadu,401348
1279,435,Home,"73/54, Sood Ganj",Bhopal,Madhya Pradesh,603359
1280,426,Office,"H.No. 157, Batta Nagar",Surat,Gujarat,991449
1281,1732,Office,"H.No. 749, Rau Street",Kochi,Kerala,996489
1282,3575,Home,"H.No. 842, Pau Circle",Tiruchirappalli,Tamil Nadu,932591
1283,4084,Other,"H.No. 849, Hayer",Mumbai,Maharashtra,312342
1284,1496,Other,"98, Reddy Nagar",Vijayawada,Andhra Pradesh,872617
1285,4032,Home,"H.No. 723, Kari Road",Kochi,Kerala,595382
1286,1122,Other,"H.No. 05, Dalal Marg",Chandigarh,Chandigarh,996508
1287,4437,Office,"95, Din Circle",Kolkata,West Bengal,418696
1288,897,Home,"13, Subramaniam Nagar",Ahmedabad,Gujarat,123859
1289,3014,Other,"H.No. 434, Dixit Marg",Pune,Maharashtra,948400
1290,1895,Home,"30, Varkey Nagar",Vijayawada,Andhra Pradesh,966101
1291,1390,Office,"31/13, Natt",Mysuru,Karnataka,016809
1292,4936,Other,"H.No. 491, Bhagat Path",Chennai,Tamil Nadu,628397
1293,4555,Office,"20/534, Badal Road",Vellore,Tamil Nadu,779462
1294,3932,Office,"72/662, Devan",Jaipur,Rajasthan,081776
1295,4355,Home,"991, Bajaj Road",Tiruchirappalli,Tamil Nadu,884133
1296,3061,Office,"31, Murthy Street",Nagpur,Maharashtra,235617
1297,2385,Home,"03, Chaudry Street",Vijayawada,Andhra Pradesh,920613
1298,2215,Other,"852, Tandon Chowk",Mumbai,Maharashtra,613371
1299,3033,Office,"H.No. 49, Ganguly Nagar",Pune,Maharashtra,026480
1300,3861,Office,"44, Khalsa Nagar",Ahmedabad,Gujarat,341678
1301,1280,Office,"778, Grover Street",Coimbatore,Tamil Nadu,021798
1302,3342,Home,"H.No. 348, Garg Marg",Jaipur,Rajasthan,797363
1303,4016,Office,"H.No. 828, Rege Path",Pune,Maharashtra,539707
1304,4894,Office,"17, Bhat Chowk",Indore,Madhya Pradesh,736820
1305,2650,Home,"H.No. 682, Garg Zila",Lucknow,Uttar Pradesh,355216
1306,4342,Other,"H.No. 587, Lanka Zila",Nagpur,Maharashtra,921821
1307,380,Home,"H.No. 96, Baral Chowk",Chandigarh,Chandigarh,369984
1308,654,Other,"205, Karpe Nagar",Tiruchirappalli,Tamil Nadu,948424
1309,3284,Office,"98/811, Palan Road",Nagpur,Maharashtra,887071
1310,3225,Other,"386, Ramakrishnan Chowk",Vijayawada,Andhra Pradesh,382097
1311,4093,Home,"19, Shenoy Zila",Visakhapatnam,Andhra Pradesh,987682
1312,2628,Other,"72/25, Hayre Circle",Vijayawada,Andhra Pradesh,085806
1313,1634,Other,"35/040, Ramakrishnan Path",Chennai,Tamil Nadu,957900
1314,3593,Office,"482, Prasad Path",Thiruvananthapuram,Kerala,428679
1315,4697,Office,"259, Grewal Road",Hyderabad,Telangana,289463
1316,3686,Office,"91/56, Lad Street",Surat,Gujarat,528572
1317,3836,Office,"29, Raval Street",Indore,Madhya Pradesh,358951
1318,3119,Home,"18/65, Bal Path",Mysuru,Karnataka,846850
1319,278,Home,"44, Amble Ganj",Chandigarh,Chandigarh,491891
1320,1394,Home,"97, Batta Street",Salem,Tamil Nadu,859340
1321,778,Office,"H.No. 36, Chakrabarti Road",Pune,Maharashtra,471553
1322,1130,Office,"259, Saini Ganj",Chandigarh,Chandigarh,813675
1323,2719,Home,"H.No. 942, Mander Zila",Madurai,Tamil Nadu,052769
1324,2656,Other,"98/780, Deep",Jaipur,Rajasthan,045238
1325,2790,Other,"22, Sangha Path",Tiruchirappalli,Tamil Nadu,059867
1326,4739,Office,"H.No. 42, Tailor Street",Hyderabad,Telangana,854859
1327,1069,Office,"H.No. 59, Gokhale Road",Pune,Maharashtra,491165
1328,392,Other,"000, Mohanty Street",Mumbai,Maharashtra,393132
1329,693,Other,"H.No. 51, Ahluwalia Ganj",Bengaluru,Karnataka,570836
1330,496,Office,"14/448, Rajagopal Circle",Kochi,Kerala,997273
1331,1724,Other,"74, Doctor Marg",Vijayawada,Andhra Pradesh,258254
1332,3599,Other,"H.No. 832, Cherian Circle",Salem,Tamil Nadu,312392
1333,4736,Office,"49/106, Chana Nagar",Ahmedabad,Gujarat,647238
1334,3728,Office,"H.No. 08, Sinha Street",Bhopal,Madhya Pradesh,817225
1335,2349,Home,"54, Lata Path",Surat,Gujarat,262905
1336,360,Home,"18/76, Khosla Circle",Lucknow,Uttar Pradesh,608271
1337,1754,Other,"173, Savant Ganj",Bengaluru,Karnataka,992052
1338,1430,Home,"999, Sabharwal Ganj",Tiruchirappalli,Tamil Nadu,165914
1339,3092,Other,"82/32, Patla Path",Nagpur,Maharashtra,983584
1340,1432,Other,"17, Tailor Chowk",Bengaluru,Karnataka,264309
1341,831,Office,"H.No. 49, Dada Chowk",Visakhapatnam,Andhra Pradesh,799702
1342,3927,Other,"12, Narula Nagar",Visakhapatnam,Andhra Pradesh,978713
1343,3793,Home,"52/988, De Ganj",Madurai,Tamil Nadu,012560
1344,4296,Office,"004, Suresh Circle",Kochi,Kerala,888975
1345,4720,Office,"58/523, Ramesh Circle",Chandigarh,Chandigarh,030443
1346,3671,Home,"19/951, Bhavsar Chowk",Surat,Gujarat,239102
1347,4515,Other,"95/014, Sridhar Ganj",Visakhapatnam,Andhra Pradesh,830930
1348,452,Other,"13, Tata",Hyderabad,Telangana,912602
1349,1615,Home,"H.No. 321, Rout Chowk",Nagpur,Maharashtra,201911
1350,3799,Home,"61, Golla Street",Mysuru,Karnataka,190725
1351,3855,Other,"393, Memon Nagar",Vellore,Tamil Nadu,665380
1352,2912,Home,"48, Doctor Zila",Bhopal,Madhya Pradesh,211408
1353,3867,Other,"82/509, Desai Path",Chandigarh,Chandigarh,946209
1354,3550,Home,"55/610, Pai Ganj",Nagpur,Maharashtra,970137
1355,1604,Other,"436, Narain Path",Chennai,Tamil Nadu,642304
1356,207,Office,"20/270, Dasgupta Marg",Ahmedabad,Gujarat,927387
1357,790,Other,"H.No. 299, Savant Nagar",Mumbai,Maharashtra,669063
1358,3620,Other,"481, Nagarajan Path",Surat,Gujarat,203403
1359,4868,Other,"H.No. 095, Taneja Marg",Bengaluru,Karnataka,564915
1360,3394,Office,"55/46, Koshy Street",Thiruvananthapuram,Kerala,712476
1361,762,Home,"H.No. 080, Varkey Zila",Kochi,Kerala,030683
1362,2019,Home,"64, Suresh Zila",Tiruchirappalli,Tamil Nadu,680808
1363,839,Other,"57/129, Chokshi Nagar",Vellore,Tamil Nadu,071380
1364,997,Home,"13, Shere Nagar",Bengaluru,Karnataka,510458
1365,3639,Office,"43, Gill Marg",Delhi,Delhi,300962
1366,2849,Office,"85/76, Kulkarni Marg",Mumbai,Maharashtra,031805
1367,4212,Office,"39/627, Sarkar Road",Kolkata,West Bengal,621591
1368,984,Office,"700, Lata Nagar",Hyderabad,Telangana,661459
1369,519,Office,"H.No. 107, Sunder",Chennai,Tamil Nadu,140049
1370,1792,Other,"81/94, Aggarwal",Bhopal,Madhya Pradesh,315204
1371,4387,Office,"49/76, Wadhwa",Delhi,Delhi,313797
1372,4449,Other,"69, Master Circle",Salem,Tamil Nadu,661237
1373,3805,Other,"H.No. 779, Kothari Road",Mysuru,Karnataka,256238
1374,4982,Office,"91/97, Bhavsar Nagar",Thiruvananthapuram,Kerala,262037
1375,896,Office,"78/21, Roy Zila",Lucknow,Uttar Pradesh,204181
1376,3899,Office,"H.No. 99, Thaman Circle",Nagpur,Maharashtra,211708
1377,4241,Other,"80/186, Modi Road",Chennai,Tamil Nadu,217588
1378,3557,Office,"78/57, Zacharia Nagar",Mysuru,Karnataka,004806
1379,3815,Home,"H.No. 71, Gulati Street",Vijayawada,Andhra Pradesh,914961
1380,2784,Other,"879, Gandhi Road",Visakhapatnam,Andhra Pradesh,882769
1381,4722,Office,"04/095, Dalal Ganj",Nagpur,Maharashtra,196156
1382,3687,Home,"83, Sura Street",Mumbai,Maharashtra,883565
1383,1615,Office,"96, Master Street",Ahmedabad,Gujarat,964966
1384,597,Office,"49/604, Vaidya Chowk",Visakhapatnam,Andhra Pradesh,217028
1385,4191,Home,"H.No. 622, Kibe Path",Nagpur,Maharashtra,488208
1386,4026,Home,"H.No. 86, Thaker Circle",Tiruchirappalli,Tamil Nadu,906246
1387,457,Other,"879, Bir",Bhopal,Madhya Pradesh,091141
1388,1287,Home,"H.No. 935, Gade",Coimbatore,Tamil Nadu,613376
1389,3977,Office,"H.No. 23, Kumar Nagar",Mysuru,Karnataka,881650
1390,2117,Home,"H.No. 44, Dhillon Chowk",Bengaluru,Karnataka,191650
1391,4446,Other,"44/096, Bhatnagar Marg",Surat,Gujarat,718249
1392,2418,Office,"80/67, Dhillon Circle",Salem,Tamil Nadu,417468
1393,3857,Office,"592, Puri Marg",Madurai,Tamil Nadu,869893
1394,4617,Home,"98/748, Muni Marg",Nagpur,Maharashtra,559450
1395,4316,Office,"H.No. 929, Bhardwaj Street",Vellore,Tamil Nadu,536051
1396,4224,Other,"16, Karan Nagar",Kolkata,West Bengal,365362
1397,3986,Office,"94/55, Bhalla",Mysuru,Karnataka,700099
1398,2030,Home,"489, Gola Road",Mysuru,Karnataka,466489
1399,2212,Other,"76, Narain Nagar",Kochi,Kerala,420456
1400,4479,Home,"75, Balakrishnan Circle",Salem,Tamil Nadu,453389
1401,3368,Office,"23, Kuruvilla Path",Mysuru,Karnataka,622654
1402,2872,Home,"H.No. 659, Palan",Madurai,Tamil Nadu,006221
1403,697,Office,"427, Sridhar Marg",Mumbai,Maharashtra,462591
1404,3843,Home,"H.No. 112, Chaudhry Road",Delhi,Delhi,584886
1405,2704,Other,"H.No. 801, Varty Chowk",Hyderabad,Telangana,778231
1406,707,Other,"95/70, Sehgal Road",Lucknow,Uttar Pradesh,642612
1407,7,Home,"038, Karnik Road",Kolkata,West Bengal,536596
1408,3327,Home,"85, Pillay Street",Indore,Madhya Pradesh,824218
1409,1150,Home,"54/54, Balay Nagar",Nagpur,Maharashtra,445475
1410,2671,Home,"112, Dube Ganj",Visakhapatnam,Andhra Pradesh,489791
1411,3169,Other,"63, Memon Ganj",Delhi,Delhi,720388
1412,2350,Home,"21/750, Bhat Circle",Jaipur,Rajasthan,963045
1413,1322,Office,"H.No. 693, Thakur Path",Mysuru,Karnataka,493534
1414,4242,Home,"H.No. 181, Sastry Marg",Nagpur,Maharashtra,848165
1415,1587,Home,"H.No. 44, Lal Path",Chandigarh,Chandigarh,608385
1416,4112,Other,"99, Seshadri Ganj",Surat,Gujarat,053912
1417,679,Office,"84/86, Sandal",Thiruvananthapuram,Kerala,904579
1418,826,Other,"14, Devan Chowk",Bengaluru,Karnataka,630198
1419,2674,Other,"42/423, Kara Circle",Surat,Gujarat,283391
1420,4184,Home,"H.No. 870, Dugar Marg",Salem,Tamil Nadu,288098
1421,2160,Other,"210, Aurora Zila",Vellore,Tamil Nadu,320018
1422,1726,Home,"66, Bath Zila",Ahmedabad,Gujarat,898761
1423,437,Other,"14/35, Chander Marg",Visakhapatnam,Andhra Pradesh,038453
1424,3355,Office,"80/74, Devi Marg",Tiruchirappalli,Tamil Nadu,546951
1425,536,Office,"H.No. 307, Gopal Marg",Kochi,Kerala,545967
1426,945,Home,"H.No. 00, Sant Marg",Hyderabad,Telangana,641106
1427,4861,Other,"H.No. 11, Manda Ganj",Vellore,Tamil Nadu,785169
1428,839,Other,"70/89, Pillai Nagar",Delhi,Delhi,668348
1429,4941,Other,"89, Ravel",Indore,Madhya Pradesh,697083
1430,4087,Office,"88/91, Wadhwa Chowk",Surat,Gujarat,915059
1431,4352,Office,"571, Sha",Mysuru,Karnataka,093201
1432,4194,Other,"57, Grover Circle",Surat,Gujarat,041809
1433,4058,Office,"175, Uppal Path",Mumbai,Maharashtra,177741
1434,1610,Home,"46, Goyal",Tiruchirappalli,Tamil Nadu,188241
1435,2538,Other,"642, Dhaliwal Street",Visakhapatnam,Andhra Pradesh,589170
1436,1735,Other,"54/218, Memon Path",Vijayawada,Andhra Pradesh,705682
1437,3824,Home,"22/57, Badami Nagar",Jaipur,Rajasthan,163564
1438,1661,Other,"23, Mallick Street",Thiruvananthapuram,Kerala,282895
1439,3008,Home,"H.No. 017, Varughese Circle",Vijayawada,Andhra Pradesh,247312
1440,3825,Home,"H.No. 685, Subramaniam Nagar",Bengaluru,Karnataka,058011
1441,4190,Other,"H.No. 927, Chadha Zila",Bhopal,Madhya Pradesh,261053
1442,3631,Home,"H.No. 923, Bali Nagar",Delhi,Delhi,169500
1443,2802,Office,"H.No. 18, Muni",Thiruvananthapuram,Kerala,432987
1444,615,Other,"89/36, Deep Path",Delhi,Delhi,471619
1445,75,Office,"34, Butala Circle",Mysuru,Karnataka,104502
1446,1153,Office,"96/32, Sidhu Zila",Ahmedabad,Gujarat,357483
1447,632,Office,"680, Mahajan Marg",Nagpur,Maharashtra,067398
1448,1875,Home,"44/883, Mitter Circle",Lucknow,Uttar Pradesh,536462
1449,367,Office,"H.No. 50, Sawhney Chowk",Thiruvananthapuram,Kerala,065795
1450,3685,Home,"H.No. 562, Goswami Ganj",Chandigarh,Chandigarh,908551
1451,978,Office,"40, Chaudry",Vellore,Tamil Nadu,111786
1452,871,Other,"02/54, Ramachandran Chowk",Kochi,Kerala,220695
1453,1607,Office,"H.No. 41, Acharya Street",Ahmedabad,Gujarat,227595
1454,3988,Office,"H.No. 260, Nagarajan Zila",Vellore,Tamil Nadu,532594
1455,4206,Other,"95/074, Tailor Nagar",Pune,Maharashtra,732798
1456,4647,Office,"H.No. 95, Kashyap Nagar",Visakhapatnam,Andhra Pradesh,006493
1457,2376,Home,"03/910, Pall Road",Bengaluru,Karnataka,036089
1458,2980,Home,"H.No. 184, Chandra",Pune,Maharashtra,599285
1459,1067,Other,"595, Bath Street",Delhi,Delhi,610067
1460,2131,Other,"06/968, Borah Nagar",Vijayawada,Andhra Pradesh,774037
1461,4905,Other,"23/394, Prasad Road",Mumbai,Maharashtra,006776
1462,4622,Other,"H.No. 50, Dyal Ganj",Tiruchirappalli,Tamil Nadu,017365
1463,1852,Home,"624, Sharaf Zila",Salem,Tamil Nadu,290292
1464,585,Office,"451, Aurora Zila",Hyderabad,Telangana,906053
1465,4015,Home,"88/684, Atwal Ganj",Bengaluru,Karnataka,116673
1466,755,Home,"04/57, Seshadri Path",Coimbatore,Tamil Nadu,921299
1467,4176,Other,"H.No. 26, Kashyap Nagar",Pune,Maharashtra,620275
1468,1763,Home,"21/47, Bakshi Chowk",Pune,Maharashtra,071152
1469,663,Other,"80/236, Chaudhary Street",Mumbai,Maharashtra,158189
1470,3680,Office,"05/916, Choudhury Zila",Surat,Gujarat,385588
1471,2079,Office,"95/977, Chandra Street",Kolkata,West Bengal,880053
1472,1417,Other,"93/18, Dubey Marg",Tiruchirappalli,Tamil Nadu,284540
1473,3508,Other,"22/72, Bhagat Nagar",Bhopal,Madhya Pradesh,839482
1474,3381,Other,"204, Mall Zila",Kochi,Kerala,743281
1475,1503,Office,"59, Hayre",Indore,Madhya Pradesh,202030
1476,1230,Home,"23/227, Parmer Chowk",Vellore,Tamil Nadu,135302
1477,1658,Office,"50, Kulkarni Marg",Tiruchirappalli,Tamil Nadu,300593
1478,3296,Office,"75, Char Marg",Pune,Maharashtra,210291
1479,4189,Other,"17/469, Dutt Nagar",Mysuru,Karnataka,104384
1480,2042,Home,"66/22, Bumb",Madurai,Tamil Nadu,167080
1481,304,Office,"85, Ramaswamy Marg",Vijayawada,Andhra Pradesh,063621
1482,3965,Home,"H.No. 50, Mangat Road",Bengaluru,Karnataka,407663
1483,1669,Office,"33/96, Anand Path",Visakhapatnam,Andhra Pradesh,962732
1484,4357,Other,"26, Chakrabarti Zila",Vijayawada,Andhra Pradesh,243625
1485,4623,Home,"H.No. 21, Varghese Circle",Kolkata,West Bengal,879919
1486,1645,Home,"341, Rai",Mysuru,Karnataka,338532
1487,3510,Other,"25, Patla Nagar",Thiruvananthapuram,Kerala,334303
1488,2147,Office,"H.No. 587, Bala Marg",Bhopal,Madhya Pradesh,457694
1489,2551,Other,"H.No. 76, Loyal",Visakhapatnam,Andhra Pradesh,353659
1490,1240,Home,"H.No. 66, Thakkar",Salem,Tamil Nadu,163421
1491,4889,Office,"H.No. 45, Wason Nagar",Lucknow,Uttar Pradesh,959481
1492,4501,Other,"692, Prabhu Path",Bhopal,Madhya Pradesh,647213
1493,809,Office,"42, Pillai Ganj",Vijayawada,Andhra Pradesh,426140
1494,771,Other,"89/332, Dada Marg",Kolkata,West Bengal,543079
1495,4250,Other,"731, Balan Nagar",Tiruchirappalli,Tamil Nadu,785221
1496,793,Other,"H.No. 87, Mand Zila",Chennai,Tamil Nadu,235426
1497,1334,Other,"H.No. 47, Chowdhury Nagar",Thiruvananthapuram,Kerala,320865
1498,3549,Other,"777, Sani Street",Vellore,Tamil Nadu,563370
1499,1215,Home,"H.No. 00, Dua Path",Surat,Gujarat,810558
1500,2551,Office,"H.No. 027, Dave Street",Indore,Madhya Pradesh,425731
1501,4893,Other,"H.No. 943, Dasgupta",Coimbatore,Tamil Nadu,681720
1502,2196,Home,"H.No. 369, Panchal Path",Tiruchirappalli,Tamil Nadu,862092
1503,883,Other,"525, Pandey",Jaipur,Rajasthan,322273
1504,2818,Home,"99/20, Patla Road",Kochi,Kerala,353236
1505,1154,Office,"H.No. 850, Ranganathan Chowk",Visakhapatnam,Andhra Pradesh,087082
1506,1211,Other,"71/82, Raj Ganj",Lucknow,Uttar Pradesh,107126
1507,4103,Office,"H.No. 83, Goswami Circle",Vellore,Tamil Nadu,764846
1508,4181,Home,"574, Dhillon Street",Hyderabad,Telangana,322280
1509,1166,Office,"44/25, Dube Circle",Bhopal,Madhya Pradesh,256062
1510,488,Home,"506, Srinivas Ganj",Hyderabad,Telangana,118046
1511,4106,Office,"H.No. 13, Sunder Nagar",Bengaluru,Karnataka,384185
1512,182,Office,"H.No. 136, Rattan Street",Bhopal,Madhya Pradesh,846397
1513,387,Other,"15, Soni Road",Surat,Gujarat,554912
1514,3813,Home,"H.No. 16, Bora Road",Pune,Maharashtra,955640
1515,1863,Home,"69/39, Seshadri Path",Delhi,Delhi,520702
1516,1263,Office,"H.No. 26, Aurora Street",Bhopal,Madhya Pradesh,971212
1517,3393,Other,"H.No. 393, Raval Marg",Chandigarh,Chandigarh,897609
1518,4529,Other,"126, Sule Chowk",Chennai,Tamil Nadu,192276
1519,3151,Other,"59, Warrior Circle",Pune,Maharashtra,865339
1520,2083,Other,"191, Narasimhan Marg",Vellore,Tamil Nadu,308952
1521,1940,Office,"H.No. 202, Biswas Zila",Vijayawada,Andhra Pradesh,057644
1522,4719,Office,"H.No. 70, Agarwal Nagar",Ahmedabad,Gujarat,687644
1523,2859,Home,"64, Sem",Tiruchirappalli,Tamil Nadu,416365
1524,657,Other,"04/500, Konda Marg",Visakhapatnam,Andhra Pradesh,537309
1525,3782,Office,"H.No. 96, Grewal",Mumbai,Maharashtra,711952
1526,4176,Home,"530, Shukla Path",Lucknow,Uttar Pradesh,255128
1527,4704,Other,"63, Mistry Marg",Thiruvananthapuram,Kerala,159489
1528,3813,Other,"65/46, Kota Marg",Kolkata,West Bengal,544344
1529,2767,Office,"H.No. 91, Konda Marg",Visakhapatnam,Andhra Pradesh,449743
1530,1740,Office,"40, Garg Circle",Vijayawada,Andhra Pradesh,309586
1531,989,Other,"73/98, Madan Circle",Kolkata,West Bengal,321097
1532,1137,Office,"H.No. 217, Srinivas Nagar",Mysuru,Karnataka,485346
1533,2307,Home,"H.No. 79, Dass Street",Bhopal,Madhya Pradesh,300449
1534,948,Home,"H.No. 61, Kapoor Street",Mysuru,Karnataka,025121
1535,138,Other,"75/658, Ramanathan",Madurai,Tamil Nadu,595708
1536,1354,Home,"H.No. 993, Lal Zila",Nagpur,Maharashtra,843456
1537,396,Other,"113, Prabhakar Circle",Mumbai,Maharashtra,342362
1538,679,Office,"H.No. 334, Master Chowk",Chennai,Tamil Nadu,463104
1539,4653,Other,"79/686, Bala Circle",Vijayawada,Andhra Pradesh,852946
1540,1998,Office,"177, Bhatt Road",Kochi,Kerala,430435
1541,4976,Home,"385, Gade Nagar",Chennai,Tamil Nadu,894665
1542,34,Home,"52, Iyer Ganj",Jaipur,Rajasthan,829302
1543,112,Other,"569, Kale Zila",Surat,Gujarat,030334
1544,1606,Other,"71, Sangha Zila",Mumbai,Maharashtra,507627
1545,4330,Home,"H.No. 30, Mall Street",Mumbai,Maharashtra,301239
1546,1450,Office,"23, Kalita Nagar",Visakhapatnam,Andhra Pradesh,202847
1547,1094,Office,"01/72, Deo Street",Mysuru,Karnataka,050764
1548,2938,Other,"17/754, Cherian Marg",Mumbai,Maharashtra,406583
1549,215,Home,"725, Bhatt Circle",Chandigarh,Chandigarh,259095
1550,4807,Home,"84, Tripathi Road",Vellore,Tamil Nadu,373379
1551,1774,Home,"121, Batta Zila",Jaipur,Rajasthan,878035
1552,4529,Home,"90/170, Manne Chowk",Indore,Madhya Pradesh,392519
1553,2015,Other,"52/951, Chaudry Chowk",Vellore,Tamil Nadu,227643
1554,1117,Other,"72/20, Mann Path",Mysuru,Karnataka,216265
1555,2762,Other,"63/30, Hayre Circle",Jaipur,Rajasthan,444704
1556,3977,Office,"99/50, Shetty Road",Mysuru,Karnataka,205968
1557,3914,Office,"H.No. 953, Taneja Chowk",Surat,Gujarat,926632
1558,1644,Home,"34, Sethi Street",Thiruvananthapuram,Kerala,752259
1559,1307,Office,"H.No. 616, Chacko Path",Pune,Maharashtra,920592
1560,4729,Other,"41/15, Kamdar Marg",Vellore,Tamil Nadu,295596
1561,3255,Home,"37, Rege Street",Chennai,Tamil Nadu,942066
1562,449,Home,"H.No. 49, Bala Circle",Chennai,Tamil Nadu,133138
1563,2295,Office,"H.No. 498, Dugar Ganj",Bhopal,Madhya Pradesh,122121
1564,4228,Office,"48/158, Saran Street",Delhi,Delhi,876401
1565,1180,Office,"54/88, Ramachandran Nagar",Visakhapatnam,Andhra Pradesh,420062
1566,777,Office,"87, Murthy Ganj",Indore,Madhya Pradesh,664641
1567,449,Office,"23/421, Dhaliwal",Salem,Tamil Nadu,221320
1568,2942,Other,"10/429, Wali Road",Mumbai,Maharashtra,147891
1569,1741,Home,"97, Ray Street",Thiruvananthapuram,Kerala,981283
1570,2593,Home,"80/036, Rout Marg",Tiruchirappalli,Tamil Nadu,200053
1571,917,Home,"53/86, Char Ganj",Nagpur,Maharashtra,505243
1572,3433,Home,"05/82, Garg Marg",Jaipur,Rajasthan,076862
1573,4616,Other,"33, Jhaveri Street",Hyderabad,Telangana,337618
1574,4265,Home,"18/626, Cheema Chowk",Bhopal,Madhya Pradesh,684101
1575,3309,Office,"823, Dua Ganj",Visakhapatnam,Andhra Pradesh,883527
1576,805,Home,"75/06, Tailor Chowk",Lucknow,Uttar Pradesh,106592
1577,3672,Home,"88/143, Datta Zila",Coimbatore,Tamil Nadu,976178
1578,1247,Office,"H.No. 96, Walla",Visakhapatnam,Andhra Pradesh,845720
1579,2262,Other,"66/568, Garde Marg",Chennai,Tamil Nadu,912573
1580,937,Other,"89/92, Nanda Path",Hyderabad,Telangana,946074
1581,3480,Office,"90/74, Dhar Chowk",Indore,Madhya Pradesh,694179
1582,3422,Home,"08, Shankar Nagar",Kolkata,West Bengal,748599
1583,2180,Other,"41, Hari Circle",Surat,Gujarat,167347
1584,2596,Office,"698, Chhabra Circle",Ahmedabad,Gujarat,498044
1585,3383,Home,"H.No. 928, Anne Marg",Tiruchirappalli,Tamil Nadu,210262
1586,4789,Home,"H.No. 664, Bhat Circle",Hyderabad,Telangana,824845
1587,2453,Other,"088, Gupta",Salem,Tamil Nadu,574883
1588,1238,Home,"H.No. 18, Sagar Path",Mumbai,Maharashtra,027500
1589,1928,Home,"056, Chaudry Marg",Bhopal,Madhya Pradesh,305641
1590,2837,Other,"37/84, Sen Marg",Mysuru,Karnataka,870187
1591,206,Office,"00, Jani Zila",Tiruchirappalli,Tamil Nadu,510344
1592,788,Home,"H.No. 29, Bassi",Bhopal,Madhya Pradesh,745686
1593,4805,Home,"406, Date Street",Thiruvananthapuram,Kerala,559967
1594,3915,Office,"H.No. 62, Golla Street",Chennai,Tamil Nadu,905334
1595,3070,Home,"H.No. 474, Ramachandran Chowk",Chandigarh,Chandigarh,845593
1596,3149,Home,"H.No. 21, Warrior Ganj",Kochi,Kerala,507124
1597,1203,Other,"53/129, Aggarwal Nagar",Chandigarh,Chandigarh,622117
1598,687,Home,"27/726, Wason Road",Bengaluru,Karnataka,958558
1599,1771,Other,"294, Pal Street",Salem,Tamil Nadu,516185
1600,1251,Home,"H.No. 91, Bhavsar Chowk",Vellore,Tamil Nadu,508054
1601,2174,Other,"H.No. 77, Luthra Road",Visakhapatnam,Andhra Pradesh,353524
1602,390,Home,"41/71, Mital Path",Hyderabad,Telangana,344930
1603,4201,Other,"788, Kapadia Nagar",Delhi,Delhi,183611
1604,2753,Other,"892, Barad Marg",Thiruvananthapuram,Kerala,882815
1605,3805,Office,"87, Andra Ganj",Kolkata,West Bengal,862515
1606,2435,Office,"H.No. 746, Kala Path",Chandigarh,Chandigarh,378018
1607,1007,Home,"H.No. 67, Master Ganj",Indore,Madhya Pradesh,671776
1608,2374,Office,"69/14, Kadakia Ganj",Chennai,Tamil Nadu,299946
1609,2019,Office,"H.No. 50, Balakrishnan",Mysuru,Karnataka,108985
1610,1532,Other,"908, Oak Ganj",Visakhapatnam,Andhra Pradesh,118968
1611,4223,Home,"H.No. 24, Malhotra Marg",Pune,Maharashtra,997957
1612,2860,Other,"57/59, Venkatesh Path",Thiruvananthapuram,Kerala,819022
1613,638,Office,"97, Borah Circle",Madurai,Tamil Nadu,488397
1614,4446,Home,"05, Wadhwa",Indore,Madhya Pradesh,451436
1615,3896,Home,"868, Butala Zila",Thiruvananthapuram,Kerala,303885
1616,1286,Other,"11/93, Swamy",Kolkata,West Bengal,459009
1617,2967,Other,"H.No. 779, Prabhakar Nagar",Mumbai,Maharashtra,286693
1618,3022,Home,"H.No. 15, Yohannan Circle",Nagpur,Maharashtra,705326
1619,1802,Office,"11/939, Anne Zila",Ahmedabad,Gujarat,829742
1620,3447,Other,"H.No. 13, Basak Marg",Pune,Maharashtra,858181
1621,1751,Home,"H.No. 50, Mistry Street",Mumbai,Maharashtra,736158
1622,614,Other,"662, Brar Chowk",Madurai,Tamil Nadu,589693
1623,2078,Home,"H.No. 39, Amble Nagar",Tiruchirappalli,Tamil Nadu,856154
1624,554,Office,"31/566, Sura Ganj",Madurai,Tamil Nadu,551164
1625,1213,Home,"90, Trivedi Street",Bhopal,Madhya Pradesh,772702
1626,4658,Home,"66/053, Goel Road",Kochi,Kerala,644161
1627,698,Other,"H.No. 975, Natt Ganj",Visakhapatnam,Andhra Pradesh,640510
1628,137,Other,"88/027, Anand Ganj",Bhopal,Madhya Pradesh,276362
1629,865,Other,"H.No. 44, D’Alia Chowk",Visakhapatnam,Andhra Pradesh,953096
1630,346,Other,"76, Aggarwal Road",Salem,Tamil Nadu,288498
1631,3560,Home,"H.No. 55, Khalsa Zila",Hyderabad,Telangana,872717
1632,4029,Office,"068, Dar Circle",Vellore,Tamil Nadu,640343
1633,2833,Office,"73/87, Parmer Chowk",Vijayawada,Andhra Pradesh,336477
1634,901,Home,"H.No. 13, Arora Nagar",Mumbai,Maharashtra,538602
1635,377,Office,"25, Ganesan Road",Madurai,Tamil Nadu,412319
1636,4079,Home,"57/720, Mammen Road",Ahmedabad,Gujarat,007941
1637,276,Home,"453, Borra Circle",Hyderabad,Telangana,979412
1638,1047,Office,"H.No. 87, Soman Nagar",Chennai,Tamil Nadu,649632
1639,3308,Home,"H.No. 17, Dhawan Road",Pune,Maharashtra,404326
1640,3583,Home,"H.No. 890, Hans Nagar",Salem,Tamil Nadu,686163
1641,4811,Other,"02, Rastogi Circle",Lucknow,Uttar Pradesh,202009
1642,2357,Home,"662, Patel Zila",Vellore,Tamil Nadu,689005
1643,1261,Other,"95, Bhasin Nagar",Vellore,Tamil Nadu,732590
1644,3077,Other,"39, Chakraborty Chowk",Ahmedabad,Gujarat,072211
1645,3374,Home,"69/08, Borra Chowk",Kolkata,West Bengal,722104
1646,1027,Office,"46/171, Ganesh",Kochi,Kerala,707443
1647,2034,Office,"H.No. 234, Deep Road",Chennai,Tamil Nadu,521602
1648,4834,Other,"394, Dhar Zila",Vijayawada,Andhra Pradesh,944772
1649,1801,Home,"03/26, Mutti Path",Chandigarh,Chandigarh,327617
1650,4297,Home,"80/245, Zachariah Path",Hyderabad,Telangana,160211
1651,1803,Office,"H.No. 89, Garde Zila",Madurai,Tamil Nadu,864986
1652,3869,Home,"86, Sama Circle",Tiruchirappalli,Tamil Nadu,376008
1653,3540,Office,"H.No. 74, Vaidya Nagar",Thiruvananthapuram,Kerala,781919
1654,4837,Home,"49, De",Indore,Madhya Pradesh,640069
1655,1723,Other,"92, Nanda Ganj",Jaipur,Rajasthan,484864
1656,2130,Other,"H.No. 821, Wable Ganj",Kochi,Kerala,546220
1657,712,Other,"H.No. 237, Atwal Street",Tiruchirappalli,Tamil Nadu,503300
1658,2812,Office,"H.No. 886, Manne Ganj",Indore,Madhya Pradesh,739190
1659,3892,Office,"89/91, Krishnan Zila",Surat,Gujarat,600916
1660,4548,Other,"273, Wali Chowk",Tiruchirappalli,Tamil Nadu,906085
1661,4483,Office,"18/67, Rama Road",Coimbatore,Tamil Nadu,000998
1662,3095,Other,"33/611, Sehgal Ganj",Vellore,Tamil Nadu,181519
1663,3096,Home,"45/829, Doctor Road",Kochi,Kerala,340153
1664,4871,Other,"466, Sekhon Nagar",Kochi,Kerala,699944
1665,4543,Office,"67, Bera Street",Thiruvananthapuram,Kerala,082402
1666,212,Office,"82/238, Mani Chowk",Tiruchirappalli,Tamil Nadu,262085
1667,3186,Home,"45, Sibal Street",Vijayawada,Andhra Pradesh,536423
1668,4386,Other,"00, Chahal Road",Kochi,Kerala,918285
1669,1429,Home,"16/12, Pal Path",Pune,Maharashtra,461007
1670,4377,Office,"046, Bajwa Marg",Mysuru,Karnataka,128382
1671,624,Home,"H.No. 012, Datta Ganj",Chandigarh,Chandigarh,151204
1672,590,Other,"H.No. 766, Kapur Path",Salem,Tamil Nadu,460422
1673,2851,Home,"34, Bakshi Marg",Mysuru,Karnataka,915305
1674,2242,Office,"34/724, Palla Ganj",Surat,Gujarat,176822
1675,3402,Office,"H.No. 272, Sethi Marg",Bhopal,Madhya Pradesh,866656
1676,435,Office,"419, Rege Chowk",Delhi,Delhi,849477
1677,3494,Home,"29/035, Bansal Nagar",Visakhapatnam,Andhra Pradesh,184897
1678,1579,Other,"235, Kadakia Road",Bhopal,Madhya Pradesh,046682
1679,205,Office,"156, Parekh Road",Hyderabad,Telangana,549206
1680,2648,Office,"H.No. 11, Tailor Zila",Lucknow,Uttar Pradesh,881827
1681,4521,Office,"H.No. 634, Nazareth Ganj",Madurai,Tamil Nadu,882188
1682,4847,Office,"68/06, Lad Marg",Ahmedabad,Gujarat,511021
1683,1583,Other,"H.No. 43, Butala Road",Hyderabad,Telangana,301604
1684,2829,Office,"H.No. 372, Tiwari Zila",Bengaluru,Karnataka,003203
1685,3359,Office,"78/99, Bawa",Salem,Tamil Nadu,140034
1686,3727,Other,"H.No. 317, Shukla Zila",Coimbatore,Tamil Nadu,016259
1687,1231,Office,"84/194, Viswanathan Chowk",Delhi,Delhi,501137
1688,2981,Other,"582, Bajaj Zila",Kochi,Kerala,288780
1689,882,Home,"790, Sidhu Ganj",Surat,Gujarat,616088
1690,2051,Office,"72/23, Rajagopalan",Mumbai,Maharashtra,771837
1691,2140,Other,"076, Cherian Circle",Indore,Madhya Pradesh,248085
1692,3319,Other,"80, Gara Nagar",Hyderabad,Telangana,432362
1693,2491,Home,"H.No. 690, Raja Marg",Thiruvananthapuram,Kerala,746706
1694,3489,Other,"51/691, Patla Ganj",Visakhapatnam,Andhra Pradesh,150164
1695,4083,Other,"10, Andra Chowk",Kolkata,West Bengal,350842
1696,3785,Other,"198, Devan Ganj",Kolkata,West Bengal,848130
1697,4959,Office,"H.No. 16, Borde",Surat,Gujarat,530215
1698,4501,Other,"75, Rama Circle",Pune,Maharashtra,633953
1699,3155,Office,"11/05, Dani Nagar",Coimbatore,Tamil Nadu,764278
1700,4153,Other,"H.No. 573, Nazareth Circle",Delhi,Delhi,128177
1701,919,Home,"H.No. 239, Tank Path",Vellore,Tamil Nadu,554260
1702,542,Other,"360, Merchant Street",Bengaluru,Karnataka,654677
1703,1000,Other,"H.No. 517, Bala Zila",Ahmedabad,Gujarat,308715
1704,3055,Office,"H.No. 78, Srivastava Ganj",Coimbatore,Tamil Nadu,317543
1705,858,Office,"741, Thakur Road",Mysuru,Karnataka,726029
1706,4743,Office,"H.No. 46, Rau Circle",Nagpur,Maharashtra,728840
1707,2037,Other,"64, Anne Street",Kolkata,West Bengal,632713
1708,2301,Office,"867, Devi Marg",Chennai,Tamil Nadu,923868
1709,305,Other,"06/04, Virk Circle",Thiruvananthapuram,Kerala,932055
1710,4594,Office,"H.No. 05, Vohra Nagar",Mumbai,Maharashtra,739615
1711,3851,Other,"40, Handa Path",Bhopal,Madhya Pradesh,670789
1712,1083,Home,"55, Dutt Road",Indore,Madhya Pradesh,190384
1713,1347,Office,"736, Shah Street",Surat,Gujarat,202227
1714,4361,Home,"H.No. 175, Sandhu Chowk",Delhi,Delhi,716204
1715,4744,Home,"85/14, Raval Road",Surat,Gujarat,052169
1716,3656,Home,"922, Gole Nagar",Nagpur,Maharashtra,980142
1717,1487,Other,"H.No. 71, Sami Nagar",Visakhapatnam,Andhra Pradesh,177031
1718,1656,Other,"705, Bali Nagar",Thiruvananthapuram,Kerala,933267
1719,4793,Other,"H.No. 46, Kapur",Mysuru,Karnataka,729476
1720,511,Other,"08/39, Rao Nagar",Thiruvananthapuram,Kerala,402599
1721,2883,Office,"H.No. 939, Datta Ganj",Chandigarh,Chandigarh,272812
1722,1839,Office,"35, Misra Nagar",Mumbai,Maharashtra,026676
1723,4068,Office,"728, Parekh Road",Bhopal,Madhya Pradesh,974995
1724,3881,Office,"08, Saran Circle",Coimbatore,Tamil Nadu,067560
1725,3051,Home,"H.No. 801, Garg",Bhopal,Madhya Pradesh,221543
1726,1722,Home,"H.No. 48, Banerjee",Salem,Tamil Nadu,225333
1727,4386,Other,"H.No. 235, Baria Zila",Madurai,Tamil Nadu,555019
1728,4880,Home,"H.No. 45, Kara Nagar",Kochi,Kerala,988843
1729,2521,Office,"324, Ramesh Ganj",Visakhapatnam,Andhra Pradesh,962080
1730,3503,Other,"83/12, Madan Road",Vijayawada,Andhra Pradesh,290759
1731,2590,Other,"H.No. 99, Desai",Visakhapatnam,Andhra Pradesh,123763
1732,64,Home,"74, Prabhu",Jaipur,Rajasthan,210629
1733,2192,Other,"19/375, Chaudhari",Chandigarh,Chandigarh,267131
1734,3938,Office,"H.No. 36, Sampath Street",Lucknow,Uttar Pradesh,752864
1735,2061,Office,"H.No. 209, Dara Marg",Ahmedabad,Gujarat,300992
1736,629,Home,"H.No. 24, Halder Nagar",Coimbatore,Tamil Nadu,115355
1737,2922,Other,"H.No. 14, Dewan Ganj",Nagpur,Maharashtra,914308
1738,2060,Office,"97, Lal Street",Jaipur,Rajasthan,925422
1739,2856,Office,"83/45, Choudhary Circle",Kolkata,West Bengal,048770
1740,3399,Home,"69, Joshi Ganj",Hyderabad,Telangana,299865
1741,1435,Office,"H.No. 90, Oak Street",Madurai,Tamil Nadu,846408
1742,4671,Office,"85/883, Garg Circle",Bengaluru,Karnataka,672620
1743,108,Other,"72, Ganguly",Bengaluru,Karnataka,435519
1744,3154,Home,"822, Palla Street",Kolkata,West Bengal,182562
1745,2825,Office,"28, Gulati Marg",Thiruvananthapuram,Kerala,201223
1746,612,Home,"H.No. 499, Apte Street",Vijayawada,Andhra Pradesh,966270
1747,4082,Home,"60, Oommen Road",Chennai,Tamil Nadu,956321
1748,4917,Home,"H.No. 00, Borde Ganj",Tiruchirappalli,Tamil Nadu,193353
1749,4095,Home,"247, Chadha Zila",Hyderabad,Telangana,600608
1750,1096,Office,"70, Ratta Path",Nagpur,Maharashtra,616076
1751,2942,Other,"43, Pandya Circle",Jaipur,Rajasthan,095372
1752,2363,Other,"H.No. 61, Sandal Chowk",Vijayawada,Andhra Pradesh,313361
1753,3847,Office,"94/416, Devan Road",Mumbai,Maharashtra,165441
1754,720,Home,"27, Rama Chowk",Kolkata,West Bengal,760634
1755,2202,Other,"904, Boase Marg",Ahmedabad,Gujarat,551887
1756,1730,Office,"H.No. 799, Gulati",Surat,Gujarat,420248
1757,818,Office,"44, Brahmbhatt Road",Thiruvananthapuram,Kerala,234565
1758,2977,Home,"69/47, Apte",Tiruchirappalli,Tamil Nadu,548536
1759,1770,Other,"89, Mand Nagar",Coimbatore,Tamil Nadu,238641
1760,3225,Other,"H.No. 953, Nazareth Circle",Madurai,Tamil Nadu,742164
1761,1144,Office,"H.No. 99, Bali Nagar",Indore,Madhya Pradesh,781460
1762,4810,Office,"61, Kapadia Road",Ahmedabad,Gujarat,884437
1763,3139,Office,"61, Seth Circle",Lucknow,Uttar Pradesh,646726
1764,760,Other,"81, Mishra Path",Salem,Tamil Nadu,858990
1765,1773,Home,"772, Choudhary",Tiruchirappalli,Tamil Nadu,845078
1766,2042,Home,"H.No. 435, Sangha Marg",Ahmedabad,Gujarat,503374
1767,1907,Home,"83/30, Subramanian Marg",Vellore,Tamil Nadu,306718
1768,1657,Other,"266, Mand Chowk",Mysuru,Karnataka,908788
1769,1267,Office,"H.No. 38, Batra Path",Jaipur,Rajasthan,739634
1770,2796,Office,"89/876, Murty Nagar",Mysuru,Karnataka,049221
1771,3538,Other,"H.No. 486, Ratti Zila",Kochi,Kerala,066320
1772,1624,Other,"29, Som Nagar",Tiruchirappalli,Tamil Nadu,992891
1773,3336,Other,"18, Sahota Street",Visakhapatnam,Andhra Pradesh,337170
1774,1262,Office,"H.No. 94, Ravel Street",Vellore,Tamil Nadu,203983
1775,2241,Home,"35/490, Mandal Zila",Indore,Madhya Pradesh,996706
1776,2579,Office,"H.No. 958, Gupta Chowk",Surat,Gujarat,549824
1777,1627,Home,"84/30, Borra Street",Tiruchirappalli,Tamil Nadu,816780
1778,3031,Other,"64/315, Ben Circle",Nagpur,Maharashtra,649281
1779,960,Home,"H.No. 370, Soni Zila",Mysuru,Karnataka,926407
1780,2866,Home,"088, Vasa Nagar",Vellore,Tamil Nadu,726282
1781,4111,Office,"24/48, Balan Path",Chandigarh,Chandigarh,728895
1782,4825,Other,"74/116, Agate Circle",Bhopal,Madhya Pradesh,919612
1783,4833,Office,"62, Bali Nagar",Kolkata,West Bengal,039170
1784,3490,Office,"34, Luthra Road",Indore,Madhya Pradesh,596245
1785,1325,Home,"H.No. 120, Dhar Road",Tiruchirappalli,Tamil Nadu,253690
1786,4454,Home,"375, Andra Ganj",Salem,Tamil Nadu,849760
1787,2148,Other,"67/02, Kibe Road",Mysuru,Karnataka,524055
1788,3330,Office,"64/818, Pillai Chowk",Delhi,Delhi,036488
1789,4825,Home,"H.No. 597, Kothari Chowk",Hyderabad,Telangana,466232
1790,918,Other,"06, Sheth Marg",Vijayawada,Andhra Pradesh,491259
1791,1861,Office,"72/20, Grewal Road",Pune,Maharashtra,226992
1792,2945,Other,"66, Setty Zila",Bhopal,Madhya Pradesh,235699
1793,1541,Home,"98/33, Sood Path",Kochi,Kerala,887779
1794,2183,Home,"H.No. 60, Dara Road",Delhi,Delhi,482084
1795,3212,Other,"H.No. 539, Gupta Circle",Surat,Gujarat,226000
1796,3039,Office,"H.No. 40, Rastogi Chowk",Delhi,Delhi,914304
1797,3459,Other,"410, Varty Ganj",Vellore,Tamil Nadu,528720
1798,1263,Home,"56/422, Apte Road",Ahmedabad,Gujarat,920823
1799,728,Office,"097, Sangha Marg",Surat,Gujarat,948962
1800,958,Home,"56/820, Som Zila",Mumbai,Maharashtra,307966
1801,4770,Other,"69/57, Mannan Street",Jaipur,Rajasthan,434741
1802,2350,Home,"H.No. 31, Subramaniam Ganj",Salem,Tamil Nadu,610077
1803,1990,Other,"217, Bhatia Path",Kolkata,West Bengal,619202
1804,4514,Other,"99/19, Varty Ganj",Surat,Gujarat,337034
1805,1575,Other,"H.No. 44, Mangat Chowk",Madurai,Tamil Nadu,476078
1806,1518,Other,"351, Singhal Nagar",Kochi,Kerala,519170
1807,2529,Other,"H.No. 732, Palan Circle",Surat,Gujarat,456340
1808,1353,Other,"58/05, Brar Path",Mysuru,Karnataka,574496
1809,4132,Home,"916, Swamy Nagar",Mumbai,Maharashtra,004093
1810,3725,Office,"45/418, Badami Road",Kolkata,West Bengal,982218
1811,2170,Other,"39/662, Khare Nagar",Lucknow,Uttar Pradesh,886407
1812,4164,Office,"652, Nigam",Kochi,Kerala,646933
1813,1767,Home,"H.No. 62, Bhakta Ganj",Nagpur,Maharashtra,974408
1814,796,Home,"70, Subramanian Circle",Bengaluru,Karnataka,920199
1815,899,Office,"43/11, Dhillon Ganj",Nagpur,Maharashtra,611584
1816,550,Office,"05/26, Grewal Ganj",Vellore,Tamil Nadu,196047
1817,1535,Home,"053, Singhal",Thiruvananthapuram,Kerala,774544
1818,490,Home,"08/231, Bhatt Chowk",Madurai,Tamil Nadu,619953
1819,1127,Home,"76, Deo Marg",Surat,Gujarat,235960
1820,3826,Other,"026, Warrior Zila",Bengaluru,Karnataka,025787
1821,1122,Other,"686, Narayanan Nagar",Hyderabad,Telangana,630663
1822,120,Office,"H.No. 502, Chahal Circle",Nagpur,Maharashtra,409891
1823,2162,Other,"909, Gala Zila",Kochi,Kerala,302520
1824,4026,Home,"H.No. 23, Prabhakar Chowk",Lucknow,Uttar Pradesh,953192
1825,3992,Home,"H.No. 098, Bassi Marg",Lucknow,Uttar Pradesh,757454
1826,2201,Home,"92/054, Manda Circle",Kochi,Kerala,538118
1827,1099,Home,"81/896, Palla Path",Bhopal,Madhya Pradesh,445662
1828,2068,Home,"52/17, Talwar",Tiruchirappalli,Tamil Nadu,566036
1829,2296,Home,"24, Sampath Circle",Madurai,Tamil Nadu,704726
1830,3281,Home,"H.No. 235, Pau Zila",Tiruchirappalli,Tamil Nadu,015301
1831,3504,Office,"167, Mutti Zila",Visakhapatnam,Andhra Pradesh,058790
1832,2792,Office,"244, Kadakia Zila",Coimbatore,Tamil Nadu,954794
1833,4089,Home,"64/531, Sibal Path",Vijayawada,Andhra Pradesh,571918
1834,2517,Other,"46, Kala",Kochi,Kerala,561833
1835,901,Office,"97/487, Amble Marg",Bengaluru,Karnataka,702377
1836,3786,Other,"43/01, Grewal",Kochi,Kerala,095673
1837,4680,Other,"297, Deol Ganj",Kochi,Kerala,964402
1838,1727,Home,"H.No. 32, Sharma Marg",Surat,Gujarat,992427
1839,921,Other,"923, Nigam Circle",Chennai,Tamil Nadu,023209
1840,4551,Other,"H.No. 01, Gulati Marg",Chandigarh,Chandigarh,284423
1841,4881,Other,"19, Vohra",Visakhapatnam,Andhra Pradesh,907551
1842,1608,Other,"H.No. 52, Bhandari Marg",Visakhapatnam,Andhra Pradesh,569991
1843,4988,Other,"31/00, Mane Marg",Salem,Tamil Nadu,322622
1844,1568,Office,"77, Jani Ganj",Nagpur,Maharashtra,680664
1845,1263,Home,"H.No. 703, Pathak Circle",Salem,Tamil Nadu,360595
1846,3357,Office,"84/24, Barad Zila",Tiruchirappalli,Tamil Nadu,402740
1847,786,Home,"58, Sangha Street",Delhi,Delhi,625906
1848,2214,Office,"H.No. 036, Trivedi Ganj",Chandigarh,Chandigarh,646149
1849,8,Office,"H.No. 59, Joshi Chowk",Kolkata,West Bengal,839979
1850,2074,Office,"14/98, Banerjee Marg",Thiruvananthapuram,Kerala,504932
1851,1124,Home,"43, Deep Street",Kolkata,West Bengal,946121
1852,4297,Office,"89/811, Mani Path",Pune,Maharashtra,340012
1853,1953,Home,"22, Wali Ganj",Nagpur,Maharashtra,742256
1854,115,Home,"87/188, Dhaliwal Circle",Tiruchirappalli,Tamil Nadu,378870
1855,1717,Other,"84/168, Rajagopalan Nagar",Vijayawada,Andhra Pradesh,349564
1856,2600,Other,"99/846, Nair Nagar",Chandigarh,Chandigarh,794963
1857,4754,Other,"H.No. 972, Rana Ganj",Bengaluru,Karnataka,080926
1858,463,Home,"62, Chaudhary Nagar",Vijayawada,Andhra Pradesh,555786
1859,4305,Office,"H.No. 78, Naidu Marg",Delhi,Delhi,575124
1860,2837,Other,"40, Ben Nagar",Kolkata,West Bengal,875868
1861,3574,Other,"H.No. 05, Sachdeva Zila",Nagpur,Maharashtra,545122
1862,2131,Office,"H.No. 41, Sodhi Circle",Kolkata,West Bengal,023386
1863,923,Office,"H.No. 835, Barman Chowk",Chennai,Tamil Nadu,703630
1864,4943,Other,"H.No. 23, Sabharwal Circle",Visakhapatnam,Andhra Pradesh,205089
1865,1282,Office,"H.No. 941, Luthra Ganj",Pune,Maharashtra,961979
1866,4978,Office,"72/45, Luthra Street",Jaipur,Rajasthan,356948
1867,976,Office,"H.No. 50, Jayaraman Chowk",Coimbatore,Tamil Nadu,674809
1868,1355,Other,"39, Bahl Road",Jaipur,Rajasthan,980260
1869,2088,Other,"94/420, Chana Ganj",Indore,Madhya Pradesh,892584
1870,3045,Home,"34, Baria Street",Salem,Tamil Nadu,197774
1871,1368,Other,"59, Comar Path",Tiruchirappalli,Tamil Nadu,186482
1872,4581,Home,"H.No. 882, Nagarajan",Surat,Gujarat,841962
1873,4842,Home,"32/605, Puri Circle",Hyderabad,Telangana,276748
1874,2523,Office,"H.No. 730, Rau Marg",Salem,Tamil Nadu,931518
1875,1064,Other,"88, Menon Street",Mumbai,Maharashtra,655946
1876,4265,Other,"23, Sharma Street",Nagpur,Maharashtra,371798
1877,1536,Office,"237, Bhalla",Visakhapatnam,Andhra Pradesh,654870
1878,1426,Home,"79, Lad Path",Mysuru,Karnataka,767553
1879,1621,Other,"89/07, Shere Ganj",Bengaluru,Karnataka,591579
1880,359,Other,"94/58, Ramakrishnan",Visakhapatnam,Andhra Pradesh,683848
1881,2361,Home,"38, Dugal Nagar",Vijayawada,Andhra Pradesh,761239
1882,3635,Other,"12/190, Chakrabarti Path",Lucknow,Uttar Pradesh,298861
1883,1458,Office,"H.No. 706, Bansal Marg",Vijayawada,Andhra Pradesh,079237
1884,4664,Home,"82/68, Kashyap",Nagpur,Maharashtra,486497
1885,4209,Other,"506, Narang Chowk",Indore,Madhya Pradesh,896833
1886,3670,Other,"H.No. 70, Sathe Chowk",Indore,Madhya Pradesh,123155
1887,4381,Other,"05/705, Chander Street",Chandigarh,Chandigarh,993844
1888,2624,Other,"H.No. 458, Kadakia Circle",Mysuru,Karnataka,141470
1889,1126,Home,"350, Rattan Ganj",Mysuru,Karnataka,156891
1890,4244,Other,"77/97, Bera Circle",Mysuru,Karnataka,344568
1891,3226,Office,"H.No. 67, Memon",Kochi,Kerala,366401
1892,1229,Home,"295, Kamdar Chowk",Salem,Tamil Nadu,831597
1893,4228,Home,"29, Sarna Street",Jaipur,Rajasthan,186830
1894,4123,Home,"15/85, Gade Road",Visakhapatnam,Andhra Pradesh,324165
1895,2548,Home,"54/83, Sant",Vijayawada,Andhra Pradesh,073446
1896,2848,Other,"46/215, Parikh",Chandigarh,Chandigarh,174916
1897,454,Home,"05, Edwin Nagar",Mysuru,Karnataka,181698
1898,2982,Office,"41/344, Raju Chowk",Indore,Madhya Pradesh,948377
1899,4845,Office,"H.No. 292, Ravel Circle",Madurai,Tamil Nadu,330265
1900,1688,Other,"96/21, Gulati Circle",Pune,Maharashtra,677196
1901,4843,Other,"61, Dewan Nagar",Mumbai,Maharashtra,634202
1902,4478,Other,"349, Baral",Mumbai,Maharashtra,376836
1903,4299,Home,"H.No. 90, Som Zila",Madurai,Tamil Nadu,915244
1904,4321,Home,"H.No. 440, Gala",Kochi,Kerala,351746
1905,2194,Home,"42, Ben Marg",Visakhapatnam,Andhra Pradesh,863726
1906,4356,Other,"H.No. 995, Natt Marg",Chennai,Tamil Nadu,922776
1907,781,Other,"H.No. 490, Kalita Nagar",Madurai,Tamil Nadu,025513
1908,4143,Other,"H.No. 48, Srivastava Marg",Coimbatore,Tamil Nadu,288390
1909,1597,Other,"33, Krishnan Zila",Thiruvananthapuram,Kerala,461574
1910,3221,Home,"511, Shankar Road",Jaipur,Rajasthan,953120
1911,1669,Office,"H.No. 954, Sastry Ganj",Coimbatore,Tamil Nadu,661830
1912,3105,Other,"00/18, Kohli Chowk",Kochi,Kerala,439151
1913,2755,Office,"H.No. 36, Warrior Chowk",Indore,Madhya Pradesh,210781
1914,4066,Home,"H.No. 096, Nagarajan Circle",Jaipur,Rajasthan,425706
1915,4541,Other,"693, Bora Ganj",Kolkata,West Bengal,423060
1916,1086,Other,"302, Sankaran Circle",Delhi,Delhi,505224
1917,697,Other,"H.No. 420, Rege Marg",Ahmedabad,Gujarat,015145
1918,189,Office,"H.No. 166, Jha Ganj",Chennai,Tamil Nadu,222400
1919,3314,Home,"922, Batta Street",Vijayawada,Andhra Pradesh,620190
1920,1131,Office,"H.No. 348, Kadakia Road",Hyderabad,Telangana,913325
1921,4450,Office,"61/32, Kumar Ganj",Bengaluru,Karnataka,645234
1922,39,Home,"64/49, Sangha Chowk",Chandigarh,Chandigarh,249866
1923,1232,Office,"H.No. 20, Parikh",Delhi,Delhi,677349
1924,4034,Other,"973, Ravel Path",Nagpur,Maharashtra,526655
1925,4767,Office,"H.No. 76, Pingle Street",Kolkata,West Bengal,809664
1926,476,Office,"H.No. 75, Krish Ganj",Lucknow,Uttar Pradesh,952474
1927,4832,Home,"53, Joshi Path",Lucknow,Uttar Pradesh,298532
1928,1250,Office,"679, Mishra Street",Hyderabad,Telangana,571276
1929,4697,Other,"83/543, Roy Road",Mysuru,Karnataka,863906
1930,3180,Other,"82, Singhal Road",Salem,Tamil Nadu,998161
1931,2548,Home,"811, Varma Marg",Mumbai,Maharashtra,710307
1932,94,Other,"26, Sinha Nagar",Lucknow,Uttar Pradesh,014896
1933,4139,Other,"08/26, Johal Road",Lucknow,Uttar Pradesh,214639
1934,1381,Office,"62, Mall Path",Tiruchirappalli,Tamil Nadu,926456
1935,2858,Home,"917, Mital Street",Chandigarh,Chandigarh,369481
1936,1902,Other,"664, Sharma",Chennai,Tamil Nadu,967068
1937,4852,Home,"539, Bali Zila",Bhopal,Madhya Pradesh,612590
1938,3973,Home,"39, Magar",Pune,Maharashtra,133344
1939,4631,Home,"67, Mahal Ganj",Tiruchirappalli,Tamil Nadu,409841
1940,4635,Other,"H.No. 679, Barad Ganj",Madurai,Tamil Nadu,481160
1941,2449,Home,"91/00, Edwin Road",Coimbatore,Tamil Nadu,288661
1942,1225,Other,"01/99, Koshy Nagar",Vijayawada,Andhra Pradesh,213485
1943,258,Home,"42/03, Hora Path",Mysuru,Karnataka,607917
1944,2363,Other,"860, Naik Zila",Kochi,Kerala,117132
1945,2024,Office,"40/24, Agrawal Chowk",Jaipur,Rajasthan,881411
1946,142,Other,"74/52, Borde Chowk",Kochi,Kerala,678576
1947,3516,Other,"39, Khare Zila",Vijayawada,Andhra Pradesh,074916
1948,2596,Home,"42/32, Pall Zila",Ahmedabad,Gujarat,013153
1949,3956,Home,"H.No. 696, Rama Street",Nagpur,Maharashtra,684552
1950,1982,Other,"741, Dewan Nagar",Chandigarh,Chandigarh,471798
1951,3781,Office,"85/66, Mandal",Chennai,Tamil Nadu,005195
1952,3850,Home,"56, Pau Ganj",Indore,Madhya Pradesh,842271
1953,988,Home,"662, Ravel Path",Chandigarh,Chandigarh,046070
1954,1359,Other,"H.No. 441, Ahluwalia Ganj",Salem,Tamil Nadu,862408
1955,1367,Office,"H.No. 006, Bhargava Marg",Pune,Maharashtra,172820
1956,3473,Home,"23, Choudhry Circle",Vijayawada,Andhra Pradesh,522328
1957,2671,Other,"282, Arya Road",Salem,Tamil Nadu,752835
1958,1739,Other,"H.No. 041, Loyal Nagar",Mumbai,Maharashtra,913511
1959,557,Other,"H.No. 05, Nagar Ganj",Chandigarh,Chandigarh,228920
1960,3110,Office,"H.No. 15, Baria Chowk",Vellore,Tamil Nadu,830280
1961,2308,Office,"H.No. 419, Narayan Road",Lucknow,Uttar Pradesh,419528
1962,2670,Home,"44/786, Mani Chowk",Jaipur,Rajasthan,802188
1963,429,Home,"H.No. 635, Bakshi Chowk",Chandigarh,Chandigarh,789121
1964,1601,Home,"97/436, Atwal",Delhi,Delhi,585575
1965,17,Office,"08/429, Saini Nagar",Lucknow,Uttar Pradesh,904528
1966,1667,Home,"H.No. 610, Narula Marg",Salem,Tamil Nadu,733745
1967,4726,Home,"H.No. 165, Sawhney Street",Kolkata,West Bengal,136814
1968,1423,Home,"530, Mand Circle",Thiruvananthapuram,Kerala,769929
1969,4028,Home,"H.No. 44, Tara Chowk",Bengaluru,Karnataka,508423
1970,3937,Office,"H.No. 23, Vala Road",Tiruchirappalli,Tamil Nadu,041724
1971,945,Home,"55/369, Narang Zila",Surat,Gujarat,574906
1972,473,Office,"96, Gaba Nagar",Bengaluru,Karnataka,257033
1973,2077,Office,"29/594, Golla Path",Indore,Madhya Pradesh,158286
1974,349,Home,"H.No. 402, Saran",Vellore,Tamil Nadu,299172
1975,4405,Home,"42, Dewan",Hyderabad,Telangana,041678
1976,1379,Home,"H.No. 539, Ravi Street",Salem,Tamil Nadu,937063
1977,3207,Other,"H.No. 03, Kashyap Zila",Lucknow,Uttar Pradesh,804850
1978,3775,Office,"061, Bava",Jaipur,Rajasthan,933359
1979,1417,Home,"97, Bhatia Zila",Surat,Gujarat,002956
1980,1465,Office,"22, Puri Path",Tiruchirappalli,Tamil Nadu,718559
1981,4048,Home,"H.No. 799, Karan Street",Pune,Maharashtra,453231
1982,328,Home,"77/814, Puri Path",Mumbai,Maharashtra,743701
1983,4652,Home,"H.No. 39, Buch Zila",Delhi,Delhi,766650
1984,4515,Other,"761, Bala Street",Ahmedabad,Gujarat,815780
1985,2783,Home,"19/022, Biswas Ganj",Chandigarh,Chandigarh,678706
1986,731,Office,"63/532, Issac Street",Madurai,Tamil Nadu,185921
1987,238,Other,"84, Pillai Circle",Vellore,Tamil Nadu,371142
1988,4252,Other,"000, Setty Ganj",Kochi,Kerala,398923
1989,1057,Home,"246, Thakkar Path",Chandigarh,Chandigarh,693278
1990,3556,Other,"H.No. 783, Sachar Chowk",Ahmedabad,Gujarat,915382
1991,2265,Home,"H.No. 140, Pandit Marg",Chandigarh,Chandigarh,664267
1992,159,Office,"H.No. 12, Goswami Chowk",Hyderabad,Telangana,553375
1993,4283,Other,"H.No. 69, Roy Chowk",Madurai,Tamil Nadu,878496
1994,1809,Office,"494, Dara Path",Mumbai,Maharashtra,462506
1995,1437,Office,"65/68, Choudhary Path",Ahmedabad,Gujarat,062767
1996,4393,Home,"35/09, Kale Chowk",Lucknow,Uttar Pradesh,421291
1997,839,Home,"50, Din Street",Tiruchirappalli,Tamil Nadu,477804
1998,3497,Home,"97, Prakash Street",Mysuru,Karnataka,840703
1999,665,Other,"98/214, Dhawan Chowk",Lucknow,Uttar Pradesh,372094
2000,2726,Office,"H.No. 676, Arora Chowk",Vijayawada,Andhra Pradesh,363286
2001,720,Home,"H.No. 112, Bala Street",Nagpur,Maharashtra,848426
2002,87,Home,"33/36, Raj Chowk",Madurai,Tamil Nadu,828967
2003,2133,Office,"36/054, Mangal",Vellore,Tamil Nadu,920856
2004,2506,Office,"01/32, Pingle Road",Bengaluru,Karnataka,935001
2005,524,Office,"H.No. 46, Soman Zila",Indore,Madhya Pradesh,808038
2006,2350,Home,"H.No. 41, Manda Nagar",Ahmedabad,Gujarat,431566
2007,4801,Home,"H.No. 353, Chauhan Circle",Kochi,Kerala,837475
2008,4382,Home,"03/09, Chauhan Nagar",Nagpur,Maharashtra,856471
2009,4007,Other,"84, Chand Nagar",Visakhapatnam,Andhra Pradesh,271698
2010,1560,Office,"16, Chhabra Zila",Madurai,Tamil Nadu,866861
2011,1270,Office,"97/67, Verma Path",Pune,Maharashtra,326170
2012,4622,Home,"H.No. 583, Gupta Path",Surat,Gujarat,581956
2013,4012,Home,"28, Koshy Path",Thiruvananthapuram,Kerala,339982
2014,3377,Other,"662, Sidhu Zila",Nagpur,Maharashtra,580158
2015,3022,Other,"68, Joshi Chowk",Bengaluru,Karnataka,302853
2016,993,Home,"27, Sani Marg",Delhi,Delhi,451502
2017,119,Other,"854, Chhabra Marg",Jaipur,Rajasthan,087308
2018,2656,Office,"073, Ganesan Circle",Delhi,Delhi,777118
2019,2147,Office,"527, Ramakrishnan Circle",Vellore,Tamil Nadu,090071
2020,4222,Office,"H.No. 024, Hari Street",Coimbatore,Tamil Nadu,473057
2021,4291,Other,"19, Dara Marg",Mumbai,Maharashtra,165965
2022,3780,Other,"76, Baria Road",Kochi,Kerala,833440
2023,2350,Home,"52/24, Raghavan Street",Hyderabad,Telangana,379322
2024,1567,Other,"14/39, Shanker Nagar",Vijayawada,Andhra Pradesh,547360
2025,1683,Home,"H.No. 79, Butala Zila",Nagpur,Maharashtra,010162
2026,4924,Office,"H.No. 080, Rattan Street",Bengaluru,Karnataka,893475
2027,3810,Home,"33/54, Tella Circle",Mumbai,Maharashtra,571921
2028,88,Home,"67/91, Rajagopalan Road",Mysuru,Karnataka,866432
2029,644,Office,"172, Sampath Marg",Hyderabad,Telangana,282468
2030,3734,Office,"H.No. 92, Dave Chowk",Pune,Maharashtra,000208
2031,4383,Home,"01/460, Chadha Path",Mumbai,Maharashtra,854327
2032,373,Office,"30, Keer Ganj",Jaipur,Rajasthan,636930
2033,3764,Other,"H.No. 009, Vora Nagar",Thiruvananthapuram,Kerala,187810
2034,1903,Other,"02/83, Mallick Path",Delhi,Delhi,589290
2035,266,Office,"H.No. 437, Samra Marg",Vijayawada,Andhra Pradesh,366280
2036,2719,Office,"268, Palla Zila",Hyderabad,Telangana,747053
2037,3374,Office,"H.No. 058, Konda Ganj",Thiruvananthapuram,Kerala,967397
2038,150,Other,"189, Morar Zila",Jaipur,Rajasthan,693765
2039,3051,Office,"16/767, Upadhyay Zila",Delhi,Delhi,762883
2040,1590,Home,"688, Bakshi Path",Jaipur,Rajasthan,627629
2041,2970,Office,"666, Varma Chowk",Kochi,Kerala,937616
2042,493,Office,"289, Acharya Circle",Hyderabad,Telangana,499359
2043,3964,Office,"559, Srinivasan Chowk",Madurai,Tamil Nadu,265976
2044,1985,Office,"H.No. 838, Wali Path",Thiruvananthapuram,Kerala,501417
2045,2575,Office,"57, Guha Circle",Jaipur,Rajasthan,295651
2046,2224,Office,"H.No. 148, Baral Marg",Chennai,Tamil Nadu,500924
2047,2087,Other,"28/78, Palla Chowk",Nagpur,Maharashtra,030293
2048,1305,Home,"H.No. 125, Bhatt Nagar",Tiruchirappalli,Tamil Nadu,074290
2049,551,Other,"95/222, Gulati Ganj",Coimbatore,Tamil Nadu,931806
2050,4199,Office,"H.No. 073, Deshpande Nagar",Delhi,Delhi,266249
2051,4637,Other,"H.No. 37, Bakshi Road",Coimbatore,Tamil Nadu,714469
2052,3711,Other,"74, Rai Nagar",Nagpur,Maharashtra,354453
2053,4581,Office,"H.No. 14, Sanghvi Marg",Coimbatore,Tamil Nadu,583483
2054,543,Other,"35/86, Saha Street",Bhopal,Madhya Pradesh,366485
2055,3360,Office,"077, Vohra Path",Lucknow,Uttar Pradesh,089432
2056,3755,Other,"83/44, Sani Ganj",Delhi,Delhi,805045
2057,2981,Other,"H.No. 09, Wali Street",Vijayawada,Andhra Pradesh,672007
2058,2462,Other,"H.No. 29, Bath Ganj",Bhopal,Madhya Pradesh,737295
2059,4482,Other,"50/380, Sama Zila",Coimbatore,Tamil Nadu,585150
2060,200,Other,"04/502, Chandra Circle",Bengaluru,Karnataka,353127
2061,1148,Other,"33/795, Brar Ganj",Jaipur,Rajasthan,123590
2062,1984,Home,"652, Lalla Chowk",Surat,Gujarat,866251
2063,2802,Home,"57/38, Palla Ganj",Delhi,Delhi,451460
2064,902,Other,"35/11, Modi Chowk",Lucknow,Uttar Pradesh,553706
2065,4894,Home,"28, Sagar Zila",Kochi,Kerala,337461
2066,3407,Office,"H.No. 575, Ganesan Marg",Chennai,Tamil Nadu,412608
2067,4,Other,"18/76, Atwal Street",Visakhapatnam,Andhra Pradesh,693196
2068,1062,Office,"H.No. 399, Borah Path",Ahmedabad,Gujarat,704505
2069,698,Home,"673, Ghose Zila",Tiruchirappalli,Tamil Nadu,438880
2070,4854,Other,"51/42, Dhillon Nagar",Ahmedabad,Gujarat,936450
2071,2252,Home,"23/13, Deo Road",Jaipur,Rajasthan,557672
2072,4113,Other,"H.No. 549, Mangal Nagar",Pune,Maharashtra,318343
2073,639,Home,"53/10, Sule Street",Jaipur,Rajasthan,115062
2074,1968,Other,"79/265, Seth Zila",Vellore,Tamil Nadu,281629
2075,3369,Home,"08/739, Dugar Street",Chennai,Tamil Nadu,983691
2076,265,Home,"37, Sule Marg",Lucknow,Uttar Pradesh,052987
2077,4503,Home,"H.No. 745, Buch",Hyderabad,Telangana,304450
2078,3602,Office,"026, Kohli Circle",Bhopal,Madhya Pradesh,890345
2079,1644,Other,"958, Sethi Marg",Kolkata,West Bengal,030409
2080,2663,Other,"H.No. 67, Mishra Path",Vellore,Tamil Nadu,823688
2081,3957,Office,"H.No. 138, Sekhon Street",Lucknow,Uttar Pradesh,105133
2082,3820,Other,"01, Mukherjee Circle",Ahmedabad,Gujarat,201388
2083,2528,Home,"H.No. 32, Hegde Nagar",Indore,Madhya Pradesh,681636
2084,3301,Home,"891, Korpal Chowk",Delhi,Delhi,907894
2085,1476,Other,"72, Basak Nagar",Jaipur,Rajasthan,521410
2086,179,Home,"H.No. 716, Luthra Ganj",Pune,Maharashtra,089512
2087,2370,Office,"08, Buch Path",Kochi,Kerala,919445
2088,3914,Other,"H.No. 69, Dhar Chowk",Vellore,Tamil Nadu,556192
2089,1018,Other,"71, Sarna Ganj",Tiruchirappalli,Tamil Nadu,188626
2090,1842,Home,"56/12, Raj Marg",Visakhapatnam,Andhra Pradesh,830557
2091,1031,Office,"13, Vohra Circle",Kochi,Kerala,402234
2092,3905,Home,"H.No. 446, Goda Marg",Madurai,Tamil Nadu,633041
2093,2423,Other,"61, Ghosh Road",Madurai,Tamil Nadu,524831
2094,3966,Office,"63/64, Bala Chowk",Delhi,Delhi,656896
2095,4053,Office,"H.No. 368, Kashyap Circle",Salem,Tamil Nadu,048379
2096,4222,Home,"31, Golla Path",Ahmedabad,Gujarat,912706
2097,3115,Other,"34/10, Bedi Road",Jaipur,Rajasthan,291187
2098,3782,Other,"824, Dash Chowk",Surat,Gujarat,018179
2099,2536,Office,"07/578, Verma",Pune,Maharashtra,974997
2100,1444,Home,"H.No. 22, Swaminathan Zila",Coimbatore,Tamil Nadu,148656
2101,3913,Other,"18/98, Andra Zila",Bengaluru,Karnataka,173563
2102,924,Office,"31, Shenoy Street",Madurai,Tamil Nadu,572616
2103,1527,Home,"63/78, Bobal Circle",Pune,Maharashtra,938999
2104,4580,Other,"82, Comar Nagar",Madurai,Tamil Nadu,071675
2105,1876,Other,"21/633, Dara Marg",Thiruvananthapuram,Kerala,179854
2106,3690,Office,"H.No. 490, Soni Ganj",Hyderabad,Telangana,954585
2107,494,Other,"H.No. 63, Dasgupta",Thiruvananthapuram,Kerala,743922
2108,1916,Office,"H.No. 17, Boase Road",Thiruvananthapuram,Kerala,581476
2109,3274,Home,"H.No. 236, Dara Nagar",Delhi,Delhi,399454
2110,3712,Other,"845, Chandra Ganj",Vellore,Tamil Nadu,630930
2111,23,Home,"68/59, Sangha Nagar",Mumbai,Maharashtra,598724
2112,3310,Home,"99/21, Sule Chowk",Tiruchirappalli,Tamil Nadu,516681
2113,4848,Home,"397, Sanghvi Ganj",Vijayawada,Andhra Pradesh,072173
2114,3568,Other,"H.No. 242, Garde Street",Nagpur,Maharashtra,198306
2115,3502,Home,"365, Atwal Road",Surat,Gujarat,814442
2116,3614,Office,"42/02, Konda Road",Mysuru,Karnataka,094765
2117,297,Home,"H.No. 861, Saha Path",Chennai,Tamil Nadu,099414
2118,3747,Office,"H.No. 39, Bhattacharyya Circle",Thiruvananthapuram,Kerala,705424
2119,2727,Other,"H.No. 908, Rajan Street",Delhi,Delhi,103565
2120,4350,Home,"992, Ghosh Nagar",Pune,Maharashtra,766696
2121,1243,Other,"953, Yogi Ganj",Madurai,Tamil Nadu,194118
2122,3881,Home,"09/34, Mand Street",Ahmedabad,Gujarat,406628
2123,1262,Home,"H.No. 63, Mital Ganj",Vellore,Tamil Nadu,343751
2124,1999,Office,"94, Tripathi Nagar",Madurai,Tamil Nadu,542438
2125,2196,Home,"92, Narayan Circle",Pune,Maharashtra,074350
2126,1808,Other,"889, Magar Path",Lucknow,Uttar Pradesh,039696
2127,4693,Home,"H.No. 35, Char",Coimbatore,Tamil Nadu,650471
2128,4509,Other,"H.No. 099, Mahal Path",Madurai,Tamil Nadu,887344
2129,602,Home,"68/667, Yohannan",Chennai,Tamil Nadu,706170
2130,1019,Home,"01/49, Butala Chowk",Indore,Madhya Pradesh,038471
2131,2863,Home,"75, Sankaran Marg",Coimbatore,Tamil Nadu,051886
2132,2625,Other,"16/744, Golla",Pune,Maharashtra,435969
2133,576,Other,"H.No. 450, Rege Path",Mumbai,Maharashtra,937540
2134,74,Office,"42/861, Yadav Chowk",Ahmedabad,Gujarat,571402
2135,3415,Other,"H.No. 385, Sangha Chowk",Indore,Madhya Pradesh,648163
2136,3585,Office,"36/80, Hayre Marg",Surat,Gujarat,853010
2137,2689,Home,"789, Nath Marg",Surat,Gujarat,930485
2138,3256,Other,"77/586, Bava Chowk",Visakhapatnam,Andhra Pradesh,656203
2139,3241,Office,"444, Kuruvilla Ganj",Jaipur,Rajasthan,896331
2140,2896,Home,"23/357, Chakrabarti Marg",Jaipur,Rajasthan,073174
2141,553,Other,"H.No. 77, Ghose Marg",Vellore,Tamil Nadu,263678
2142,76,Other,"08/989, Tandon Chowk",Mysuru,Karnataka,759443
2143,2576,Office,"52/95, Sehgal Ganj",Nagpur,Maharashtra,403767
2144,2421,Other,"74/04, Bajaj Street",Kolkata,West Bengal,675149
2145,3556,Office,"H.No. 34, Borra Zila",Pune,Maharashtra,733099
2146,4442,Home,"H.No. 094, Rege Nagar",Tiruchirappalli,Tamil Nadu,658234
2147,4200,Home,"H.No. 38, Sami Path",Pune,Maharashtra,352326
2148,4861,Home,"H.No. 004, Balakrishnan Chowk",Jaipur,Rajasthan,103495
2149,3222,Home,"H.No. 199, Rastogi Circle",Bhopal,Madhya Pradesh,118158
2150,4362,Home,"74/661, Mohan Road",Visakhapatnam,Andhra Pradesh,761868
2151,391,Other,"04/796, Rajagopal Marg",Surat,Gujarat,905256
2152,4105,Office,"95/08, Bir",Ahmedabad,Gujarat,233029
2153,1442,Office,"64, Mutti Nagar",Visakhapatnam,Andhra Pradesh,739862
2154,3396,Other,"H.No. 405, Kalita Zila",Madurai,Tamil Nadu,866047
2155,4435,Other,"33, Chana Circle",Visakhapatnam,Andhra Pradesh,785247
2156,80,Office,"H.No. 20, Narang Ganj",Mumbai,Maharashtra,410238
2157,1270,Office,"35/186, Mukherjee Marg",Tiruchirappalli,Tamil Nadu,741313
2158,1752,Home,"H.No. 830, Pant Street",Kolkata,West Bengal,346581
2159,4307,Home,"988, Ganesh Path",Kolkata,West Bengal,789559
2160,2194,Office,"84/12, Prashad Circle",Delhi,Delhi,581675
2161,158,Other,"831, Kannan",Kolkata,West Bengal,891800
2162,910,Office,"14/63, Datta Road",Chandigarh,Chandigarh,421959
2163,4458,Home,"30/912, Varma Zila",Lucknow,Uttar Pradesh,273411
2164,4912,Office,"61/331, Parekh Path",Bhopal,Madhya Pradesh,301530
2165,4175,Home,"H.No. 440, Sastry Chowk",Delhi,Delhi,109659
2166,4498,Other,"55/766, Mody Ganj",Lucknow,Uttar Pradesh,418299
2167,1388,Other,"699, Om Road",Kolkata,West Bengal,064191
2168,1971,Office,"16, Chander Marg",Kolkata,West Bengal,082242
2169,1825,Home,"82, Thakur Marg",Tiruchirappalli,Tamil Nadu,217562
2170,2617,Office,"96/20, Hari Circle",Chandigarh,Chandigarh,791005
2171,3638,Home,"572, Shah Street",Delhi,Delhi,322007
2172,3584,Other,"59/72, Halder Road",Pune,Maharashtra,129514
2173,3061,Other,"058, Din Nagar",Lucknow,Uttar Pradesh,060480
2174,3126,Other,"406, Mital Path",Madurai,Tamil Nadu,476950
2175,4814,Other,"H.No. 18, Tiwari",Coimbatore,Tamil Nadu,664301
2176,468,Home,"H.No. 56, Kannan Street",Kochi,Kerala,888765
2177,2512,Other,"99/313, Ben Marg",Mumbai,Maharashtra,229011
2178,2807,Office,"60/47, Malhotra",Mysuru,Karnataka,199038
2179,4957,Office,"514, Naidu Circle",Tiruchirappalli,Tamil Nadu,829441
2180,1331,Home,"H.No. 79, Pathak Nagar",Kochi,Kerala,472839
2181,2809,Office,"H.No. 673, Narula Nagar",Indore,Madhya Pradesh,267084
2182,3405,Home,"86/562, Ganesan",Hyderabad,Telangana,822828
2183,4649,Other,"H.No. 832, Prakash Ganj",Tiruchirappalli,Tamil Nadu,068856
2184,1332,Other,"67/678, Rastogi Nagar",Kolkata,West Bengal,583744
2185,4965,Other,"75/21, Parikh Ganj",Madurai,Tamil Nadu,175559
2186,1127,Office,"97/48, Malhotra Chowk",Ahmedabad,Gujarat,148626
2187,2970,Other,"H.No. 11, Tailor",Pune,Maharashtra,453496
2188,3637,Office,"H.No. 15, Mukhopadhyay Marg",Mumbai,Maharashtra,967896
2189,1262,Home,"00/935, Gour Circle",Coimbatore,Tamil Nadu,163015
2190,4991,Other,"22/422, Mand Circle",Mumbai,Maharashtra,492766
2191,4903,Office,"84/60, Toor Zila",Surat,Gujarat,403348
2192,4974,Home,"H.No. 537, Prasad Ganj",Lucknow,Uttar Pradesh,671554
2193,4409,Office,"05, Dube Ganj",Chennai,Tamil Nadu,096746
2194,307,Other,"20, Jhaveri Path",Tiruchirappalli,Tamil Nadu,499119
2195,3754,Other,"85/672, Patla Circle",Madurai,Tamil Nadu,215538
2196,4291,Office,"H.No. 775, Dewan Path",Madurai,Tamil Nadu,262643
2197,4341,Other,"78, Mani Road",Jaipur,Rajasthan,078907
2198,1348,Office,"H.No. 991, Thaman",Hyderabad,Telangana,775512
2199,4814,Home,"H.No. 14, Gandhi",Visakhapatnam,Andhra Pradesh,316498
2200,2963,Home,"38/59, Magar Chowk",Kochi,Kerala,765659
2201,2745,Other,"05, Mitter Path",Lucknow,Uttar Pradesh,343687
2202,765,Office,"H.No. 569, Dhaliwal Street",Vijayawada,Andhra Pradesh,949076
2203,2536,Office,"H.No. 15, Parsa Ganj",Delhi,Delhi,710011
2204,3332,Home,"47/734, Lall",Salem,Tamil Nadu,148722
2205,4021,Other,"H.No. 78, Rattan Path",Pune,Maharashtra,135474
2206,4977,Other,"85, Sibal Path",Delhi,Delhi,952328
2207,4700,Other,"H.No. 58, Padmanabhan Nagar",Bengaluru,Karnataka,947581
2208,752,Home,"02, Lala Circle",Chandigarh,Chandigarh,362334
2209,4192,Home,"H.No. 407, Krishnamurthy Zila",Madurai,Tamil Nadu,971479
2210,160,Other,"34/185, Oak Path",Bengaluru,Karnataka,837456
2211,263,Home,"H.No. 703, Rama",Madurai,Tamil Nadu,017590
2212,4196,Other,"H.No. 706, Madan Chowk",Indore,Madhya Pradesh,786928
2213,334,Other,"H.No. 16, Choudhary Street",Lucknow,Uttar Pradesh,938967
2214,1166,Office,"35/367, Pillai Ganj",Chennai,Tamil Nadu,896070
2215,1587,Office,"288, Madan Ganj",Jaipur,Rajasthan,335139
2216,1131,Office,"H.No. 430, Sidhu",Bhopal,Madhya Pradesh,274936
2217,2028,Office,"35/796, Bhatnagar Chowk",Ahmedabad,Gujarat,803007
2218,258,Other,"H.No. 65, Dube Circle",Kolkata,West Bengal,082526
2219,4399,Home,"79/412, Virk Circle",Nagpur,Maharashtra,691122
2220,1461,Office,"142, Dutt Path",Madurai,Tamil Nadu,119789
2221,3648,Home,"H.No. 94, Nagar Marg",Mumbai,Maharashtra,446532
2222,3746,Office,"54/411, Chatterjee Circle",Ahmedabad,Gujarat,136738
2223,3953,Other,"52/038, Chaudhry Circle",Hyderabad,Telangana,768418
2224,1147,Office,"14, Desai Marg",Tiruchirappalli,Tamil Nadu,014833
2225,2117,Other,"H.No. 40, Choudhry Zila",Pune,Maharashtra,728360
2226,539,Office,"H.No. 876, Sidhu Road",Bengaluru,Karnataka,090676
2227,1479,Other,"37/62, Prakash",Mumbai,Maharashtra,767162
2228,1899,Other,"20, Viswanathan Road",Chandigarh,Chandigarh,804186
2229,3653,Home,"H.No. 326, Narasimhan Road",Jaipur,Rajasthan,496741
2230,4744,Other,"05, Bahri Ganj",Mysuru,Karnataka,490970
2231,1104,Other,"H.No. 25, Seshadri Zila",Indore,Madhya Pradesh,181589
2232,4180,Office,"682, Raman",Chandigarh,Chandigarh,074215
2233,65,Office,"H.No. 936, Om Street",Chandigarh,Chandigarh,602216
2234,4331,Other,"87/54, Anne Circle",Jaipur,Rajasthan,933583
2235,2844,Home,"910, Pathak Marg",Surat,Gujarat,351745
2236,4317,Office,"93, Das Path",Nagpur,Maharashtra,214012
2237,4519,Home,"195, Varghese Path",Tiruchirappalli,Tamil Nadu,990359
2238,3073,Other,"H.No. 771, Bala Chowk",Bengaluru,Karnataka,056870
2239,3546,Office,"H.No. 246, Narayan Nagar",Nagpur,Maharashtra,648389
2240,603,Office,"376, Lad Circle",Thiruvananthapuram,Kerala,876776
2241,4331,Other,"H.No. 643, Nair Road",Salem,Tamil Nadu,317303
2242,4066,Office,"496, Nath Chowk",Lucknow,Uttar Pradesh,451048
2243,971,Other,"09/47, Dada Ganj",Madurai,Tamil Nadu,560542
2244,2413,Office,"H.No. 799, Mistry Path",Thiruvananthapuram,Kerala,611107
2245,3247,Other,"47, Mann Path",Mumbai,Maharashtra,657289
2246,3627,Office,"269, Minhas Ganj",Indore,Madhya Pradesh,403909
2247,4695,Other,"68/560, Raghavan Marg",Kolkata,West Bengal,613826
2248,3671,Other,"H.No. 977, Sarna Chowk",Thiruvananthapuram,Kerala,703996
2249,762,Other,"37, Gour Chowk",Kochi,Kerala,110735
2250,959,Home,"896, Grover Street",Tiruchirappalli,Tamil Nadu,682432
2251,2,Other,"302, Karpe Ganj",Mumbai,Maharashtra,460606
2252,3591,Other,"30/695, Halder Street",Vijayawada,Andhra Pradesh,786529
2253,2013,Home,"H.No. 285, Subramaniam Ganj",Chandigarh,Chandigarh,064488
2254,4835,Home,"H.No. 87, Korpal Path",Coimbatore,Tamil Nadu,198042
2255,2940,Home,"H.No. 42, Ahuja Circle",Tiruchirappalli,Tamil Nadu,376425
2256,84,Office,"H.No. 786, Wagle Circle",Ahmedabad,Gujarat,860203
2257,1213,Home,"131, Banerjee Chowk",Delhi,Delhi,958663
2258,4826,Home,"79/87, Venkataraman Street",Bengaluru,Karnataka,314249
2259,2100,Home,"29, Som Zila",Bhopal,Madhya Pradesh,441603
2260,3990,Office,"888, Sinha Nagar",Jaipur,Rajasthan,051028
2261,2376,Office,"H.No. 51, Bail Street",Vijayawada,Andhra Pradesh,201754
2262,3074,Office,"H.No. 16, Wagle Road",Kochi,Kerala,921046
2263,2459,Home,"750, Parekh Zila",Hyderabad,Telangana,697442
2264,4947,Office,"607, Om Circle",Mysuru,Karnataka,833095
2265,3095,Office,"383, Warrior Marg",Kochi,Kerala,601457
2266,2820,Office,"267, Loyal Zila",Coimbatore,Tamil Nadu,819701
2267,297,Home,"H.No. 196, Subramanian Chowk",Tiruchirappalli,Tamil Nadu,092519
2268,929,Home,"H.No. 182, Pandit Circle",Vellore,Tamil Nadu,332970
2269,2512,Other,"37/95, Edwin Circle",Kolkata,West Bengal,585511
2270,1335,Home,"971, Gala Road",Madurai,Tamil Nadu,757414
2271,1303,Home,"H.No. 87, Sabharwal Ganj",Bhopal,Madhya Pradesh,625918
2272,4823,Home,"12/497, Keer Chowk",Thiruvananthapuram,Kerala,772443
2273,739,Office,"549, Venkataraman Chowk",Kochi,Kerala,296571
2274,2357,Home,"43, Bassi Circle",Ahmedabad,Gujarat,990348
2275,3119,Home,"42/479, Bedi Marg",Visakhapatnam,Andhra Pradesh,094091
2276,1846,Home,"57/376, Mani Street",Jaipur,Rajasthan,662254
2277,4280,Other,"H.No. 369, Bera Ganj",Jaipur,Rajasthan,401527
2278,1044,Home,"H.No. 172, Randhawa Street",Ahmedabad,Gujarat,147569
2279,3530,Office,"H.No. 184, Kapoor Street",Vellore,Tamil Nadu,598474
2280,4547,Other,"983, Sahni Path",Mysuru,Karnataka,771539
2281,1708,Other,"262, Shroff Road",Visakhapatnam,Andhra Pradesh,650032
2282,733,Home,"00/64, Ray Chowk",Bhopal,Madhya Pradesh,442787
2283,2738,Home,"55/404, Kothari Street",Chandigarh,Chandigarh,697920
2284,2077,Home,"54, Kar",Kochi,Kerala,439690
2285,2232,Home,"H.No. 39, Palan Street",Salem,Tamil Nadu,878357
2286,1521,Other,"813, Bahri Ganj",Madurai,Tamil Nadu,345330
2287,3943,Home,"641, Dua Street",Salem,Tamil Nadu,740985
2288,1053,Home,"72/033, Basu Path",Jaipur,Rajasthan,160232
2289,4466,Home,"H.No. 071, Parikh Path",Visakhapatnam,Andhra Pradesh,870940
2290,3498,Other,"245, Mody Marg",Thiruvananthapuram,Kerala,199255
2291,4078,Office,"538, Sunder Nagar",Chandigarh,Chandigarh,913505
2292,4854,Home,"49/419, Choudhary Chowk",Bengaluru,Karnataka,755716
2293,4898,Home,"282, Rout Road",Surat,Gujarat,061621
2294,1086,Other,"63/520, Shanker Nagar",Chennai,Tamil Nadu,150420
2295,4932,Other,"86/85, Sehgal Marg",Kochi,Kerala,143360
2296,2986,Other,"90/101, Sahni Road",Vellore,Tamil Nadu,039278
2297,1326,Office,"93/04, Contractor Marg",Indore,Madhya Pradesh,388168
2298,515,Other,"85/185, Bath Marg",Tiruchirappalli,Tamil Nadu,096568
2299,2308,Home,"72, Banerjee Circle",Surat,Gujarat,727208
2300,2178,Office,"47/237, Pandey Ganj",Lucknow,Uttar Pradesh,407830
2301,4675,Office,"H.No. 697, Prabhu Circle",Mumbai,Maharashtra,454983
2302,1567,Office,"14, Srivastava Marg",Thiruvananthapuram,Kerala,906688
2303,3414,Office,"51, Nazareth Circle",Chennai,Tamil Nadu,116456
2304,4434,Other,"H.No. 95, Johal Marg",Thiruvananthapuram,Kerala,318073
2305,811,Other,"H.No. 025, Pal Circle",Bengaluru,Karnataka,533777
2306,2575,Home,"H.No. 316, Srivastava Chowk",Hyderabad,Telangana,926154
2307,3376,Home,"20/124, Devi Nagar",Bengaluru,Karnataka,455005
2308,4024,Office,"08/09, Joshi",Chandigarh,Chandigarh,673887
2309,2591,Office,"H.No. 61, Kala Marg",Pune,Maharashtra,343830
2310,1500,Office,"H.No. 914, Munshi Ganj",Kolkata,West Bengal,949307
2311,678,Office,"H.No. 799, Murthy Marg",Hyderabad,Telangana,662897
2312,2046,Office,"H.No. 18, Purohit",Visakhapatnam,Andhra Pradesh,252756
2313,4373,Other,"H.No. 223, Dayal Nagar",Lucknow,Uttar Pradesh,405677
2314,3467,Office,"515, Bassi Circle",Bhopal,Madhya Pradesh,182805
2315,1624,Home,"66, Contractor Nagar",Delhi,Delhi,392788
2316,975,Office,"H.No. 79, Raj Nagar",Kolkata,West Bengal,615276
2317,4949,Other,"44/42, Dhillon Nagar",Delhi,Delhi,482488
2318,1164,Other,"137, Shere Ganj",Visakhapatnam,Andhra Pradesh,450311
2319,477,Other,"26/691, Dara Road",Chandigarh,Chandigarh,960610
2320,4059,Home,"18, Dash",Tiruchirappalli,Tamil Nadu,992569
2321,4321,Other,"H.No. 76, Kakar Circle",Delhi,Delhi,103414
2322,2985,Office,"181, Chawla Zila",Indore,Madhya Pradesh,051325
2323,50,Home,"90, Muni Road",Vijayawada,Andhra Pradesh,085609
2324,2644,Office,"H.No. 671, Thakur Road",Bengaluru,Karnataka,831031
2325,238,Other,"H.No. 64, Som Path",Surat,Gujarat,275794
2326,2547,Home,"40, Kala Ganj",Thiruvananthapuram,Kerala,449998
2327,2064,Other,"H.No. 933, Chhabra",Lucknow,Uttar Pradesh,694126
2328,2077,Home,"H.No. 060, Ganesh Ganj",Mysuru,Karnataka,753180
2329,429,Home,"63, Bansal Zila",Thiruvananthapuram,Kerala,089654
2330,4424,Home,"H.No. 253, Barad Marg",Vijayawada,Andhra Pradesh,400474
2331,3468,Other,"94, Radhakrishnan Circle",Jaipur,Rajasthan,848170
2332,3065,Home,"10, Shah Nagar",Madurai,Tamil Nadu,017737
2333,4389,Home,"49/33, Sawhney Nagar",Bengaluru,Karnataka,117196
2334,568,Office,"H.No. 490, Chander Street",Vellore,Tamil Nadu,441559
2335,473,Office,"43, Kaul Ganj",Tiruchirappalli,Tamil Nadu,965523
2336,3322,Home,"03, Parsa Ganj",Tiruchirappalli,Tamil Nadu,004999
2337,4668,Office,"65, Raju Ganj",Coimbatore,Tamil Nadu,977317
2338,4685,Office,"46/24, Tandon Circle",Chennai,Tamil Nadu,385865
2339,4484,Office,"27/68, Chanda Chowk",Mumbai,Maharashtra,134931
2340,1798,Office,"67/06, Pau Nagar",Delhi,Delhi,817357
2341,1024,Home,"H.No. 162, Bakshi Path",Kochi,Kerala,989354
2342,3484,Home,"H.No. 63, Warrior",Thiruvananthapuram,Kerala,014557
2343,511,Office,"934, Soman Street",Mumbai,Maharashtra,866925
2344,4524,Office,"905, Ghose Nagar",Pune,Maharashtra,000110
2345,3133,Home,"H.No. 61, Bobal Marg",Mysuru,Karnataka,384498
2346,2331,Office,"130, Vala Nagar",Coimbatore,Tamil Nadu,384699
2347,1719,Other,"86/723, Borah Ganj",Thiruvananthapuram,Kerala,448177
2348,1897,Other,"65/561, Devi",Ahmedabad,Gujarat,188220
2349,3558,Home,"186, Dara Road",Vijayawada,Andhra Pradesh,613023
2350,882,Office,"H.No. 16, Khare",Tiruchirappalli,Tamil Nadu,835991
2351,2959,Other,"64, Kohli Nagar",Pune,Maharashtra,391932
2352,3620,Office,"826, Chaudry Chowk",Kochi,Kerala,693794
2353,4664,Other,"252, Sachdeva",Vellore,Tamil Nadu,448436
2354,3695,Office,"11/14, Kant Ganj",Indore,Madhya Pradesh,640980
2355,2481,Home,"77/15, Pall Path",Ahmedabad,Gujarat,627879
2356,1891,Other,"591, Babu Street",Madurai,Tamil Nadu,637216
2357,1361,Office,"66/032, Naik Ganj",Jaipur,Rajasthan,180295
2358,4005,Office,"99/977, Shah Ganj",Bhopal,Madhya Pradesh,957955
2359,3118,Other,"24/74, Borah Zila",Chennai,Tamil Nadu,736703
2360,190,Office,"567, Chawla Marg",Chennai,Tamil Nadu,258423
2361,1839,Office,"H.No. 080, Rao Path",Bhopal,Madhya Pradesh,082924
2362,3244,Home,"73/21, Sodhi Nagar",Mumbai,Maharashtra,127365
2363,2325,Office,"52/20, Deol Chowk",Bengaluru,Karnataka,197084
2364,594,Other,"74/16, Suri Street",Surat,Gujarat,365129
2365,862,Home,"H.No. 51, Badami Nagar",Thiruvananthapuram,Kerala,108194
2366,1208,Home,"22/623, Arya Nagar",Jaipur,Rajasthan,607223
2367,4042,Office,"H.No. 283, Gupta Nagar",Mysuru,Karnataka,243753
2368,1541,Home,"92, Balan Circle",Salem,Tamil Nadu,663166
2369,1953,Home,"74/03, Agarwal Ganj",Jaipur,Rajasthan,544106
2370,1495,Home,"64, Shetty",Chandigarh,Chandigarh,084458
2371,3537,Other,"H.No. 517, Mistry Marg",Tiruchirappalli,Tamil Nadu,962809
2372,1256,Other,"H.No. 11, Ahuja Path",Delhi,Delhi,096996
2373,4488,Office,"31/525, Dutta Path",Hyderabad,Telangana,228058
2374,4333,Office,"74, Palla Ganj",Bengaluru,Karnataka,047625
2375,3408,Office,"50/11, Narayan Zila",Surat,Gujarat,558627
2376,4003,Office,"88/826, Kant Nagar",Kochi,Kerala,748903
2377,655,Other,"H.No. 58, Amble Circle",Ahmedabad,Gujarat,186142
2378,4313,Other,"35/54, Golla Path",Pune,Maharashtra,559675
2379,3256,Other,"99, Chhabra Zila",Ahmedabad,Gujarat,798304
2380,4477,Other,"62, Krishna Chowk",Tiruchirappalli,Tamil Nadu,116089
2381,4154,Other,"97/01, Ganesh Path",Bhopal,Madhya Pradesh,133689
2382,3947,Home,"H.No. 083, Shanker Road",Visakhapatnam,Andhra Pradesh,128989
2383,4149,Home,"H.No. 746, Dada Zila",Madurai,Tamil Nadu,997992
2384,4644,Office,"H.No. 560, Kakar Ganj",Kolkata,West Bengal,885285
2385,3013,Office,"18/43, Sibal",Tiruchirappalli,Tamil Nadu,309007
2386,282,Home,"94, Mishra",Indore,Madhya Pradesh,574441
2387,2239,Home,"69, Sandhu Street",Nagpur,Maharashtra,654347
2388,1043,Office,"16/04, Om Ganj",Ahmedabad,Gujarat,985907
2389,4636,Home,"H.No. 85, Tripathi Chowk",Chennai,Tamil Nadu,756816
2390,3003,Other,"43/40, Kade Chowk",Surat,Gujarat,717761
2391,3124,Other,"H.No. 00, Trivedi Chowk",Chandigarh,Chandigarh,692233
2392,717,Office,"H.No. 03, Rege Ganj",Vijayawada,Andhra Pradesh,285023
2393,2478,Home,"653, Shanker Street",Chennai,Tamil Nadu,551497
2394,3990,Other,"H.No. 90, Dey Ganj",Kolkata,West Bengal,347714
2395,4806,Other,"50/93, Murthy Path",Coimbatore,Tamil Nadu,570200
2396,337,Other,"H.No. 741, Sahota Ganj",Bengaluru,Karnataka,459476
2397,1794,Other,"189, Chander Ganj",Chennai,Tamil Nadu,706507
2398,1511,Office,"H.No. 222, Khalsa Circle",Mysuru,Karnataka,564468
2399,4170,Home,"045, Naik Path",Pune,Maharashtra,950263
2400,1319,Home,"07, Sur Chowk",Indore,Madhya Pradesh,332763
2401,3492,Other,"H.No. 60, Venkatesh Nagar",Indore,Madhya Pradesh,369626
2402,3596,Home,"220, Sawhney",Visakhapatnam,Andhra Pradesh,506179
2403,2520,Other,"70, Oak Zila",Vijayawada,Andhra Pradesh,200393
2404,3932,Home,"H.No. 90, Sarin Chowk",Indore,Madhya Pradesh,216218
2405,1574,Home,"33/919, Purohit Street",Chandigarh,Chandigarh,105307
2406,1088,Office,"260, Dass Nagar",Vellore,Tamil Nadu,837742
2407,4889,Other,"H.No. 549, Naik Circle",Madurai,Tamil Nadu,887282
2408,2038,Home,"32, Vasa Street",Thiruvananthapuram,Kerala,126980
2409,1001,Office,"H.No. 66, Thakur Path",Kolkata,West Bengal,247609
2410,2802,Office,"06/472, Oommen Road",Mumbai,Maharashtra,573787
2411,1487,Other,"78, Lal Circle",Visakhapatnam,Andhra Pradesh,709465
2412,2479,Other,"70, Chadha Marg",Pune,Maharashtra,988972
2413,4402,Home,"680, Deshpande",Vijayawada,Andhra Pradesh,616417
2414,1519,Home,"H.No. 537, Varty Zila",Hyderabad,Telangana,056688
2415,582,Home,"166, Sodhi Road",Tiruchirappalli,Tamil Nadu,127983
2416,2862,Office,"428, Khanna Path",Coimbatore,Tamil Nadu,416019
2417,2731,Other,"84/80, Sarraf Circle",Salem,Tamil Nadu,170867
2418,4529,Office,"H.No. 20, Sibal Chowk",Chennai,Tamil Nadu,074043
2419,3956,Other,"89, Savant Path",Nagpur,Maharashtra,724610
2420,4847,Home,"H.No. 109, Behl Nagar",Kolkata,West Bengal,017850
2421,1301,Office,"H.No. 502, Mani Path",Chandigarh,Chandigarh,239201
2422,2188,Other,"29/759, Solanki",Hyderabad,Telangana,753965
2423,4279,Other,"44/252, Kuruvilla Marg",Salem,Tamil Nadu,041641
2424,3704,Office,"37/405, Guha Zila",Coimbatore,Tamil Nadu,793766
2425,1933,Office,"81, Agrawal Marg",Hyderabad,Telangana,571749
2426,4211,Office,"H.No. 84, Raman",Chandigarh,Chandigarh,449908
2427,3396,Other,"586, Mander Street",Salem,Tamil Nadu,574450
2428,498,Office,"245, Nadig Ganj",Bengaluru,Karnataka,791111
2429,4229,Office,"85/184, Samra Marg",Visakhapatnam,Andhra Pradesh,932135
2430,868,Home,"H.No. 830, Issac Chowk",Mysuru,Karnataka,800226
2431,2190,Office,"597, Anand Street",Salem,Tamil Nadu,548298
2432,1129,Home,"19/21, Singhal Road",Hyderabad,Telangana,984746
2433,710,Office,"H.No. 29, Shah Ganj",Kolkata,West Bengal,784721
2434,646,Other,"17, Tata Street",Bengaluru,Karnataka,804529
2435,4715,Home,"76, Thakur",Lucknow,Uttar Pradesh,988775
2436,3351,Office,"H.No. 58, Seth Road",Kochi,Kerala,134019
2437,1537,Home,"93/605, Saran",Delhi,Delhi,751934
2438,3215,Office,"890, Dua Zila",Salem,Tamil Nadu,844793
2439,1794,Other,"56/115, Ratti Marg",Surat,Gujarat,230706
2440,2646,Office,"48/05, Chaudry Ganj",Ahmedabad,Gujarat,022743
2441,3900,Office,"H.No. 372, Bir Chowk",Thiruvananthapuram,Kerala,244756
2442,2909,Other,"H.No. 121, Atwal Ganj",Vijayawada,Andhra Pradesh,828780
2443,1121,Office,"15, Palan Road",Jaipur,Rajasthan,866356
2444,1289,Other,"41/802, Vig Circle",Salem,Tamil Nadu,521288
2445,3969,Other,"90, Mahajan Path",Bengaluru,Karnataka,998428
2446,2737,Office,"84/705, Basu Street",Indore,Madhya Pradesh,132988
2447,638,Other,"H.No. 232, Johal Nagar",Vijayawada,Andhra Pradesh,686427
2448,3825,Home,"62/68, Grewal Path",Tiruchirappalli,Tamil Nadu,287603
2449,131,Other,"H.No. 877, Kara Circle",Madurai,Tamil Nadu,710628
2450,2239,Office,"455, Kibe Chowk",Mysuru,Karnataka,623277
2451,2930,Office,"H.No. 453, Wali Path",Vijayawada,Andhra Pradesh,973027
2452,4229,Home,"22/857, Muni Nagar",Visakhapatnam,Andhra Pradesh,402555
2453,1833,Office,"89, Sengupta Ganj",Lucknow,Uttar Pradesh,041167
2454,3587,Office,"H.No. 96, Ratta Road",Thiruvananthapuram,Kerala,386569
2455,948,Office,"H.No. 48, Sankar Road",Madurai,Tamil Nadu,332291
2456,3413,Home,"H.No. 89, Pandey Path",Ahmedabad,Gujarat,700623
2457,2596,Office,"H.No. 99, Dutta Road",Mysuru,Karnataka,407608
2458,1735,Home,"012, Kar Nagar",Ahmedabad,Gujarat,980138
2459,1330,Home,"H.No. 628, Kota Ganj",Visakhapatnam,Andhra Pradesh,689058
2460,2944,Other,"H.No. 801, Kamdar Path",Delhi,Delhi,743567
2461,3206,Other,"772, Sharma Circle",Bengaluru,Karnataka,565969
2462,4343,Office,"94, Talwar Path",Bengaluru,Karnataka,959955
2463,2019,Office,"H.No. 53, Desai Marg",Bengaluru,Karnataka,714854
2464,1861,Other,"39/52, Deep Path",Coimbatore,Tamil Nadu,207882
2465,287,Home,"51, Goyal Zila",Thiruvananthapuram,Kerala,457445
2466,412,Other,"H.No. 302, Rajan Chowk",Kochi,Kerala,730882
2467,625,Home,"H.No. 353, Chand Street",Mysuru,Karnataka,440293
2468,3506,Home,"409, Chana Road",Surat,Gujarat,180525
2469,1062,Other,"59/90, Mandal Nagar",Kolkata,West Bengal,941232
2470,3771,Other,"H.No. 60, Chahal Zila",Bengaluru,Karnataka,343485
2471,2007,Office,"H.No. 339, Sankaran",Chandigarh,Chandigarh,768612
2472,1760,Other,"421, Dora Zila",Mysuru,Karnataka,291381
2473,4010,Home,"H.No. 149, Banerjee Road",Visakhapatnam,Andhra Pradesh,989088
2474,2051,Home,"66/45, Guha Street",Indore,Madhya Pradesh,919908
2475,261,Office,"H.No. 335, Jhaveri Marg",Hyderabad,Telangana,723667
2476,1981,Office,"H.No. 17, Apte Zila",Hyderabad,Telangana,891918
2477,50,Home,"H.No. 05, Choudhury Nagar",Jaipur,Rajasthan,320344
2478,2179,Home,"07, Kunda Zila",Nagpur,Maharashtra,650775
2479,815,Other,"H.No. 72, Borra Ganj",Pune,Maharashtra,316037
2480,389,Other,"H.No. 057, Guha Nagar",Thiruvananthapuram,Kerala,306670
2481,588,Other,"H.No. 99, Rau Road",Indore,Madhya Pradesh,693233
2482,650,Office,"H.No. 071, Virk Path",Pune,Maharashtra,097140
2483,4685,Other,"323, Kale Road",Salem,Tamil Nadu,658744
2484,1227,Other,"23/75, Ahluwalia",Kolkata,West Bengal,228582
2485,563,Office,"54/55, Kakar Zila",Salem,Tamil Nadu,960348
2486,1497,Other,"678, Jhaveri Circle",Hyderabad,Telangana,369323
2487,3392,Office,"H.No. 436, Sarna Road",Jaipur,Rajasthan,846648
2488,4585,Office,"74/163, Chakrabarti Chowk",Mysuru,Karnataka,063175
2489,927,Home,"977, Barad Marg",Coimbatore,Tamil Nadu,458408
2490,9,Home,"H.No. 441, Sarna Path",Hyderabad,Telangana,814361
2491,933,Other,"86, Chaudry Zila",Pune,Maharashtra,603611
2492,1664,Home,"05, Nori Path",Kolkata,West Bengal,654268
2493,3690,Home,"84, Tata Ganj",Vellore,Tamil Nadu,140344
2494,2166,Office,"H.No. 59, Roy Path",Mumbai,Maharashtra,003011
2495,3253,Home,"22/723, Puri Circle",Pune,Maharashtra,421736
2496,4025,Other,"50/95, Bail Chowk",Jaipur,Rajasthan,409916
2497,1537,Other,"H.No. 811, Sabharwal Ganj",Kolkata,West Bengal,034848
2498,3882,Office,"770, Salvi Nagar",Jaipur,Rajasthan,795951
2499,1962,Other,"954, Ram Road",Jaipur,Rajasthan,954217
2500,2811,Office,"27, Ganguly Path",Surat,Gujarat,016173
2501,4420,Office,"H.No. 79, Nagar Road",Chandigarh,Chandigarh,351638
2502,4767,Office,"648, Sur",Nagpur,Maharashtra,001707
2503,1992,Home,"945, Ravel Chowk",Mumbai,Maharashtra,304948
2504,4274,Office,"H.No. 423, Panchal Path",Vijayawada,Andhra Pradesh,833728
2505,2464,Other,"56/798, Joshi Zila",Mumbai,Maharashtra,265647
2506,3741,Office,"H.No. 158, De Circle",Bhopal,Madhya Pradesh,870894
2507,1275,Office,"07/911, Dar Marg",Hyderabad,Telangana,464461
2508,2547,Other,"83/09, Patil Chowk",Madurai,Tamil Nadu,247388
2509,3633,Home,"23/774, Tandon Circle",Lucknow,Uttar Pradesh,007881
2510,4896,Office,"H.No. 32, Chandran Path",Visakhapatnam,Andhra Pradesh,180822
2511,3954,Office,"99, Rege Nagar",Salem,Tamil Nadu,602865
2512,1799,Home,"39/57, Rout Zila",Vijayawada,Andhra Pradesh,682100
2513,977,Home,"70/907, Korpal Nagar",Chandigarh,Chandigarh,808866
2514,1161,Home,"070, Varma",Tiruchirappalli,Tamil Nadu,484926
2515,2748,Other,"48/762, Rout",Mysuru,Karnataka,074456
2516,517,Office,"26, Rana Chowk",Coimbatore,Tamil Nadu,419828
2517,4852,Home,"94, Sood Chowk",Coimbatore,Tamil Nadu,003452
2518,2404,Office,"H.No. 262, Kara Marg",Tiruchirappalli,Tamil Nadu,326452
2519,3351,Other,"33, Bali Nagar",Tiruchirappalli,Tamil Nadu,406351
2520,46,Office,"52/24, Ratta Chowk",Visakhapatnam,Andhra Pradesh,512583
2521,3963,Home,"99/005, Ratta Ganj",Coimbatore,Tamil Nadu,933276
2522,559,Office,"422, Pant Circle",Kolkata,West Bengal,283723
2523,2125,Office,"22/593, Banik Zila",Chandigarh,Chandigarh,370089
2524,2588,Home,"340, Sehgal Ganj",Coimbatore,Tamil Nadu,433331
2525,2234,Other,"45/61, Parsa Street",Thiruvananthapuram,Kerala,804737
2526,1149,Office,"85/17, Rajan Marg",Delhi,Delhi,645544
2527,3657,Other,"H.No. 578, Sheth Ganj",Chandigarh,Chandigarh,640532
2528,4621,Home,"968, Patil Circle",Pune,Maharashtra,428839
2529,4372,Office,"979, Sidhu",Kolkata,West Bengal,315032
2530,3612,Office,"85/96, Patil Path",Jaipur,Rajasthan,025066
2531,1543,Office,"86/067, Mishra Ganj",Madurai,Tamil Nadu,671499
2532,459,Office,"289, Chakraborty Path",Vijayawada,Andhra Pradesh,385242
2533,4553,Office,"22, Nanda Zila",Delhi,Delhi,963743
2534,3975,Home,"994, Nayar",Vijayawada,Andhra Pradesh,038955
2535,3210,Office,"56, Issac Path",Nagpur,Maharashtra,708730
2536,4260,Other,"102, Jani Chowk",Thiruvananthapuram,Kerala,632567
2537,3729,Other,"22/348, Loyal Chowk",Nagpur,Maharashtra,916601
2538,1032,Other,"H.No. 904, Venkataraman Circle",Chandigarh,Chandigarh,607326
2539,3129,Other,"H.No. 78, Hora",Pune,Maharashtra,859541
2540,419,Home,"09, Hora Nagar",Mysuru,Karnataka,164581
2541,2637,Home,"H.No. 57, Magar Ganj",Chandigarh,Chandigarh,694473
2542,289,Office,"78/05, Thaker Street",Chennai,Tamil Nadu,566518
2543,2178,Home,"84, Savant Chowk",Pune,Maharashtra,988837
2544,3096,Office,"450, Rau",Indore,Madhya Pradesh,938062
2545,61,Home,"H.No. 230, Ramakrishnan Circle",Kolkata,West Bengal,692434
2546,2168,Home,"H.No. 48, Narayan Marg",Nagpur,Maharashtra,121560
2547,1362,Office,"71/08, Bath Circle",Mumbai,Maharashtra,546946
2548,392,Office,"H.No. 490, Sood Ganj",Bhopal,Madhya Pradesh,474769
2549,3563,Office,"16/122, Nigam Zila",Visakhapatnam,Andhra Pradesh,396558
2550,168,Office,"81/900, Das Road",Chandigarh,Chandigarh,893335
2551,2071,Office,"66/01, Varma Ganj",Coimbatore,Tamil Nadu,500295
2552,2162,Home,"801, Biswas Nagar",Kochi,Kerala,457181
2553,3817,Other,"06/19, D’Alia Road",Vellore,Tamil Nadu,650551
2554,3484,Home,"93/968, Bumb Chowk",Vijayawada,Andhra Pradesh,717080
2555,4227,Home,"29/32, Pau Circle",Chennai,Tamil Nadu,719612
2556,1672,Home,"213, Pandit Road",Delhi,Delhi,209400
2557,1581,Office,"17, Patil Chowk",Chandigarh,Chandigarh,627480
2558,3009,Other,"11, Sachdeva Street",Vellore,Tamil Nadu,030695
2559,3745,Home,"57, Ganguly Zila",Vellore,Tamil Nadu,186018
2560,3778,Office,"H.No. 239, Kant",Salem,Tamil Nadu,025598
2561,3642,Other,"20/62, Contractor Ganj",Salem,Tamil Nadu,596889
2562,2884,Home,"H.No. 961, Ravel",Mysuru,Karnataka,450521
2563,902,Other,"036, Venkataraman Nagar",Delhi,Delhi,641804
2564,758,Other,"60/819, Chaudry Chowk",Hyderabad,Telangana,083469
2565,4005,Office,"H.No. 49, Balan Path",Vellore,Tamil Nadu,095806
2566,2752,Other,"74/566, Kannan",Hyderabad,Telangana,907429
2567,3504,Other,"H.No. 429, Mannan Nagar",Kolkata,West Bengal,776253
2568,1781,Other,"66, Chada",Nagpur,Maharashtra,301647
2569,4138,Other,"61/74, Venkataraman Marg",Visakhapatnam,Andhra Pradesh,902629
2570,3344,Other,"11, Ram Marg",Bengaluru,Karnataka,866034
2571,934,Other,"H.No. 68, Sachar",Delhi,Delhi,016562
2572,2929,Office,"74/021, Tank Path",Jaipur,Rajasthan,312524
2573,1885,Home,"525, Bandi Marg",Ahmedabad,Gujarat,858949
2574,2661,Other,"H.No. 721, Bhalla Path",Kolkata,West Bengal,205353
2575,645,Other,"184, Sachdev Path",Kochi,Kerala,599342
2576,1513,Office,"210, Chada",Jaipur,Rajasthan,944314
2577,4533,Other,"H.No. 08, Vala Chowk",Coimbatore,Tamil Nadu,437798
2578,588,Office,"40/211, Wali Marg",Chandigarh,Chandigarh,313799
2579,4138,Other,"10/09, Dora Marg",Kochi,Kerala,265789
2580,3977,Other,"558, Seth Chowk",Tiruchirappalli,Tamil Nadu,526348
2581,1223,Other,"725, Merchant Road",Chandigarh,Chandigarh,253511
2582,4371,Home,"82/80, Batra Path",Salem,Tamil Nadu,455388
2583,3539,Office,"72/04, Ranganathan Chowk",Chennai,Tamil Nadu,666082
2584,864,Home,"H.No. 58, Brar Chowk",Chandigarh,Chandigarh,075313
2585,16,Home,"59/31, Deshpande Path",Bhopal,Madhya Pradesh,210741
2586,2898,Office,"H.No. 30, Aurora Zila",Delhi,Delhi,144529
2587,4606,Other,"H.No. 57, Madan Road",Pune,Maharashtra,319971
2588,2683,Office,"53/334, Seshadri",Hyderabad,Telangana,969701
2589,4110,Home,"H.No. 343, Mitra Road",Coimbatore,Tamil Nadu,585861
2590,215,Office,"86, De Nagar",Nagpur,Maharashtra,599279
2591,1585,Other,"763, Datta Circle",Madurai,Tamil Nadu,490331
2592,338,Home,"239, Lalla Path",Chandigarh,Chandigarh,704731
2593,4693,Other,"83/687, Sharaf Road",Mysuru,Karnataka,740703
2594,3312,Home,"65, Arora Marg",Pune,Maharashtra,762282
2595,634,Office,"821, Kala",Kochi,Kerala,827847
2596,2841,Home,"43, Jha",Surat,Gujarat,045969
2597,3708,Office,"06/660, Pandey Road",Delhi,Delhi,123443
2598,414,Home,"49/81, Verma Zila",Madurai,Tamil Nadu,651242
2599,1717,Home,"H.No. 637, Chakrabarti Circle",Vellore,Tamil Nadu,048364
2600,92,Home,"H.No. 659, Pathak Path",Kochi,Kerala,942193
2601,4893,Other,"31/36, Ramesh Ganj",Jaipur,Rajasthan,972767
2602,3886,Home,"77/75, Kadakia",Delhi,Delhi,861341
2603,1022,Home,"H.No. 91, Pal",Surat,Gujarat,808842
2604,2453,Office,"23, Arya Ganj",Bhopal,Madhya Pradesh,615001
2605,1006,Other,"H.No. 391, Morar Path",Mysuru,Karnataka,442364
2606,1284,Office,"21/49, Arya",Pune,Maharashtra,086164
2607,4365,Home,"90/499, Oommen Zila",Mumbai,Maharashtra,380679
2608,1417,Office,"36, Golla Chowk",Ahmedabad,Gujarat,961023
2609,687,Other,"643, Bhandari Street",Lucknow,Uttar Pradesh,869972
2610,2671,Home,"H.No. 97, Patla Zila",Visakhapatnam,Andhra Pradesh,793277
2611,2612,Office,"H.No. 154, Char",Madurai,Tamil Nadu,732609
2612,1302,Office,"56/88, Salvi Circle",Vellore,Tamil Nadu,085973
2613,2327,Other,"67/94, Hayer Ganj",Mysuru,Karnataka,447026
2614,2907,Other,"767, Panchal Marg",Surat,Gujarat,458766
2615,3606,Home,"47/15, Khare Path",Thiruvananthapuram,Kerala,745024
2616,729,Office,"H.No. 37, Gara Chowk",Surat,Gujarat,848965
2617,4987,Home,"94/503, Palla Chowk",Chennai,Tamil Nadu,807805
2618,961,Other,"33/85, Gulati Marg",Pune,Maharashtra,913696
2619,3467,Office,"80/407, Shanker Ganj",Mysuru,Karnataka,041506
2620,573,Other,"405, Bath Zila",Indore,Madhya Pradesh,658387
2621,845,Other,"346, Mand Chowk",Thiruvananthapuram,Kerala,466033
2622,4450,Other,"39, Som",Pune,Maharashtra,159209
2623,2509,Other,"H.No. 010, Suresh Street",Thiruvananthapuram,Kerala,078195
2624,4094,Office,"48, Shenoy Road",Chandigarh,Chandigarh,973833
2625,1192,Office,"14, Kale Road",Thiruvananthapuram,Kerala,754789
2626,820,Other,"H.No. 05, Rout Street",Hyderabad,Telangana,270687
2627,65,Home,"70, Chada Chowk",Kolkata,West Bengal,292361
2628,2351,Other,"12/37, Kulkarni Chowk",Chennai,Tamil Nadu,998413
2629,1434,Office,"68, Andra Chowk",Tiruchirappalli,Tamil Nadu,807910
2630,3131,Other,"51/064, Tandon Nagar",Bengaluru,Karnataka,783847
2631,4334,Office,"30/34, Panchal Circle",Bengaluru,Karnataka,365404
2632,2549,Home,"27/28, Anne Nagar",Ahmedabad,Gujarat,178836
2633,1691,Office,"167, Nanda Circle",Indore,Madhya Pradesh,440889
2634,1654,Other,"93/032, Shenoy Nagar",Chennai,Tamil Nadu,605269
2635,411,Other,"H.No. 523, De Nagar",Coimbatore,Tamil Nadu,633092
2636,263,Home,"H.No. 65, Aggarwal Road",Kochi,Kerala,079915
2637,4911,Home,"H.No. 273, Bal Street",Thiruvananthapuram,Kerala,295318
2638,1854,Home,"H.No. 042, Brar Ganj",Surat,Gujarat,068204
2639,2125,Home,"09/305, Wali Road",Bengaluru,Karnataka,738577
2640,2304,Office,"982, Narayan Road",Coimbatore,Tamil Nadu,381518
2641,1901,Home,"23, Devi Circle",Delhi,Delhi,429518
2642,2300,Office,"557, Wable Marg",Salem,Tamil Nadu,559030
2643,4071,Home,"69/54, Thaker Road",Delhi,Delhi,615048
2644,405,Other,"15/08, Deshpande",Thiruvananthapuram,Kerala,464035
2645,850,Office,"69, Pal Path",Kochi,Kerala,935588
2646,3136,Other,"H.No. 822, Sarna Chowk",Madurai,Tamil Nadu,477774
2647,612,Other,"25/41, Kalla Street",Jaipur,Rajasthan,249379
2648,2913,Home,"00/70, Narayanan Road",Delhi,Delhi,948496
2649,4254,Office,"H.No. 16, Deo Marg",Surat,Gujarat,956712
2650,3815,Office,"H.No. 93, Balan Path",Kolkata,West Bengal,767490
2651,1993,Other,"H.No. 12, Swaminathan Street",Madurai,Tamil Nadu,765314
2652,4713,Office,"H.No. 341, Bawa Chowk",Ahmedabad,Gujarat,545583
2653,1274,Other,"H.No. 59, Patla Path",Indore,Madhya Pradesh,216833
2654,1633,Office,"76/680, Parekh Circle",Thiruvananthapuram,Kerala,491086
2655,1051,Other,"H.No. 31, Chakrabarti Chowk",Bengaluru,Karnataka,578521
2656,73,Office,"33/68, Batra Marg",Delhi,Delhi,160898
2657,612,Office,"01/055, Hegde Circle",Visakhapatnam,Andhra Pradesh,115320
2658,2744,Home,"40, Gupta Nagar",Kolkata,West Bengal,396379
2659,4164,Office,"038, Sem Circle",Ahmedabad,Gujarat,188938
2660,986,Home,"H.No. 78, Sachar Zila",Indore,Madhya Pradesh,663420
2661,3568,Home,"H.No. 81, Menon Street",Pune,Maharashtra,664742
2662,3426,Home,"H.No. 40, Sheth Road",Mumbai,Maharashtra,279663
2663,3920,Other,"58/18, Sawhney Chowk",Indore,Madhya Pradesh,499246
2664,3416,Office,"14/469, Natt Ganj",Delhi,Delhi,155664
2665,2677,Office,"940, Radhakrishnan Street",Nagpur,Maharashtra,896496
2666,1339,Home,"81, Yogi Zila",Vijayawada,Andhra Pradesh,292324
2667,3036,Other,"72/20, Sibal Ganj",Indore,Madhya Pradesh,378406
2668,1697,Home,"867, Verma Road",Jaipur,Rajasthan,783045
2669,1374,Other,"65/76, Sharma Path",Salem,Tamil Nadu,800551
2670,3753,Other,"76, Kumer Road",Kolkata,West Bengal,363270
2671,307,Office,"14, Pant Marg",Tiruchirappalli,Tamil Nadu,442004
2672,3242,Home,"H.No. 867, Shah Road",Vijayawada,Andhra Pradesh,520351
2673,4639,Office,"85/05, Prasad Marg",Chandigarh,Chandigarh,335850
2674,2616,Office,"43/229, Soni Circle",Ahmedabad,Gujarat,632790
2675,4696,Other,"338, Agarwal Zila",Mumbai,Maharashtra,089170
2676,2608,Office,"H.No. 22, Bumb",Kolkata,West Bengal,574965
2677,4720,Other,"H.No. 27, Gole Nagar",Jaipur,Rajasthan,996114
2678,568,Office,"H.No. 83, Muni Nagar",Salem,Tamil Nadu,775130
2679,2434,Office,"H.No. 092, Chopra Street",Mumbai,Maharashtra,897453
2680,4822,Home,"H.No. 473, Bassi Street",Pune,Maharashtra,319274
2681,3935,Other,"H.No. 266, Panchal Marg",Pune,Maharashtra,023361
2682,2105,Other,"H.No. 58, Sahota Nagar",Mysuru,Karnataka,475552
2683,3886,Home,"20, Ravel Ganj",Vijayawada,Andhra Pradesh,027510
2684,53,Other,"H.No. 68, Barman Chowk",Coimbatore,Tamil Nadu,905711
2685,2589,Office,"H.No. 816, Jain Chowk",Surat,Gujarat,353933
2686,4408,Office,"54/849, Bumb Path",Hyderabad,Telangana,570794
2687,341,Office,"183, Divan Nagar",Chandigarh,Chandigarh,264685
2688,4891,Other,"19/020, Biswas Road",Coimbatore,Tamil Nadu,548805
2689,3760,Home,"H.No. 933, Raman Road",Indore,Madhya Pradesh,336330
2690,1737,Other,"54, Shroff Ganj",Madurai,Tamil Nadu,098416
2691,3781,Other,"770, Char Street",Hyderabad,Telangana,047012
2692,2827,Home,"92/833, Singhal",Vellore,Tamil Nadu,785681
2693,1247,Other,"97, Bansal Path",Chennai,Tamil Nadu,917393
2694,1299,Other,"10/559, Radhakrishnan Zila",Coimbatore,Tamil Nadu,317936
2695,3298,Office,"70/894, Bassi Road",Ahmedabad,Gujarat,545259
2696,190,Home,"H.No. 70, Raja Chowk",Chandigarh,Chandigarh,094620
2697,4320,Other,"56/22, Choudhry Chowk",Vellore,Tamil Nadu,602611
2698,1608,Other,"01/09, Sarin Ganj",Vijayawada,Andhra Pradesh,919490
2699,2955,Other,"70/032, Ravi Chowk",Tiruchirappalli,Tamil Nadu,805877
2700,3364,Other,"01, Shetty Road",Coimbatore,Tamil Nadu,682119
2701,733,Other,"96, Saraf Road",Lucknow,Uttar Pradesh,773595
2702,66,Home,"91/922, Pandya Nagar",Kolkata,West Bengal,356397
2703,1763,Other,"89/250, Tandon Nagar",Chandigarh,Chandigarh,167486
2704,4368,Other,"581, De Circle",Mysuru,Karnataka,774874
2705,683,Other,"93, Nath Path",Indore,Madhya Pradesh,383569
2706,3524,Office,"H.No. 252, Buch Nagar",Nagpur,Maharashtra,064691
2707,3849,Home,"71, Chakraborty",Jaipur,Rajasthan,993353
2708,2441,Office,"138, Kalita Chowk",Ahmedabad,Gujarat,568287
2709,2211,Other,"355, Sampath Street",Indore,Madhya Pradesh,029487
2710,1716,Home,"81, Grewal Zila",Visakhapatnam,Andhra Pradesh,699345
2711,4045,Home,"39, Datta Street",Tiruchirappalli,Tamil Nadu,931778
2712,385,Other,"H.No. 03, Malhotra",Salem,Tamil Nadu,505577
2713,4198,Home,"17/43, Dass Zila",Coimbatore,Tamil Nadu,345353
2714,4466,Other,"H.No. 575, Dhaliwal Nagar",Mumbai,Maharashtra,209480
2715,3763,Home,"95, Pandey Chowk",Thiruvananthapuram,Kerala,294339
2716,4642,Home,"86, Agrawal Chowk",Mysuru,Karnataka,506943
2717,4740,Other,"H.No. 10, Babu Zila",Chandigarh,Chandigarh,279749
2718,4384,Other,"H.No. 49, Contractor Street",Thiruvananthapuram,Kerala,181889
2719,4735,Home,"91/32, Korpal",Jaipur,Rajasthan,753848
2720,3928,Office,"H.No. 157, Gulati Nagar",Salem,Tamil Nadu,756016
2721,3659,Office,"26/245, Mander Path",Visakhapatnam,Andhra Pradesh,202135
2722,1698,Office,"92, Krish Street",Chennai,Tamil Nadu,071734
2723,2781,Home,"H.No. 66, Oak Nagar",Madurai,Tamil Nadu,700603
2724,2970,Other,"H.No. 795, Raman Zila",Mysuru,Karnataka,521412
2725,1777,Other,"241, Nigam Chowk",Tiruchirappalli,Tamil Nadu,168095
2726,2544,Other,"H.No. 18, Madan Path",Surat,Gujarat,333665
2727,3516,Home,"859, Narasimhan Zila",Coimbatore,Tamil Nadu,581791
2728,3072,Home,"78/290, Goel Path",Ahmedabad,Gujarat,922191
2729,2948,Other,"42/999, Thakur Road",Madurai,Tamil Nadu,414013
2730,4203,Other,"69/939, Mane Zila",Vijayawada,Andhra Pradesh,652012
2731,4250,Home,"H.No. 740, Behl Street",Surat,Gujarat,469888
2732,2868,Home,"59, Borah Road",Lucknow,Uttar Pradesh,729136
2733,4028,Other,"59/164, Dasgupta Road",Tiruchirappalli,Tamil Nadu,321801
2734,4422,Home,"085, Kalla Street",Kolkata,West Bengal,568234
2735,4754,Office,"40/22, Rana Road",Nagpur,Maharashtra,671320
2736,179,Other,"H.No. 34, Khurana Street",Thiruvananthapuram,Kerala,707760
2737,832,Home,"939, Tak Circle",Mysuru,Karnataka,674087
2738,2371,Other,"107, Gokhale Path",Surat,Gujarat,003305
2739,4329,Home,"H.No. 972, Shere Road",Bhopal,Madhya Pradesh,542654
2740,2700,Home,"89, Gokhale Ganj",Coimbatore,Tamil Nadu,639852
2741,3477,Office,"18/28, Halder",Chandigarh,Chandigarh,327868
2742,1266,Office,"04, Kata Street",Vellore,Tamil Nadu,731899
2743,4688,Office,"31/16, Grover",Coimbatore,Tamil Nadu,353470
2744,3674,Home,"H.No. 707, Prasad Chowk",Pune,Maharashtra,884949
2745,3668,Office,"576, Saha Circle",Thiruvananthapuram,Kerala,213805
2746,3996,Home,"H.No. 948, Parmer Road",Mysuru,Karnataka,225955
2747,396,Other,"305, Bhavsar",Mysuru,Karnataka,419635
2748,4509,Home,"10/967, Oommen Road",Bengaluru,Karnataka,363659
2749,330,Office,"H.No. 04, Swamy Zila",Lucknow,Uttar Pradesh,722342
2750,2790,Home,"78/703, Kalita Street",Kolkata,West Bengal,281718
2751,163,Home,"H.No. 47, Dewan Path",Chennai,Tamil Nadu,127596
2752,803,Other,"31, Mohan Zila",Vijayawada,Andhra Pradesh,310886
2753,4962,Home,"065, Lad",Kochi,Kerala,038180
2754,631,Other,"64/851, Basu Nagar",Thiruvananthapuram,Kerala,182414
2755,1676,Home,"17/02, Lala Circle",Nagpur,Maharashtra,168787
2756,1613,Home,"149, Sridhar",Mysuru,Karnataka,320434
2757,3294,Home,"H.No. 33, Mody Road",Lucknow,Uttar Pradesh,106510
2758,2123,Other,"H.No. 60, Arora Zila",Hyderabad,Telangana,131355
2759,2058,Home,"79/420, Din Chowk",Delhi,Delhi,395672
2760,4958,Home,"61, Taneja Circle",Kolkata,West Bengal,767751
2761,1252,Other,"77/12, Yadav Ganj",Vellore,Tamil Nadu,893972
2762,2513,Office,"H.No. 87, Barad Ganj",Chennai,Tamil Nadu,519455
2763,2401,Home,"17/34, Yohannan Zila",Jaipur,Rajasthan,796403
2764,1916,Office,"H.No. 75, Narula Circle",Mysuru,Karnataka,918536
2765,2951,Office,"H.No. 544, Halder",Mumbai,Maharashtra,927195
2766,3681,Other,"H.No. 638, Salvi Path",Thiruvananthapuram,Kerala,020715
2767,2146,Other,"84, Bhakta Street",Bengaluru,Karnataka,555354
2768,3803,Office,"H.No. 789, Shah Marg",Delhi,Delhi,888922
2769,3653,Other,"H.No. 072, Malhotra Nagar",Bengaluru,Karnataka,947112
2770,4454,Other,"17, Swamy Path",Mumbai,Maharashtra,410486
2771,3039,Home,"18, Kurian Marg",Delhi,Delhi,262447
2772,1138,Home,"49/867, Contractor Zila",Delhi,Delhi,187703
2773,4999,Home,"570, Memon Road",Lucknow,Uttar Pradesh,073246
2774,1294,Other,"99/74, Bhasin",Bengaluru,Karnataka,043817
2775,2701,Other,"98/99, Lal Street",Kolkata,West Bengal,924704
2776,4351,Other,"H.No. 301, Sandhu Circle",Salem,Tamil Nadu,323145
2777,4973,Home,"H.No. 18, Ganesan Zila",Tiruchirappalli,Tamil Nadu,591700
2778,4297,Office,"H.No. 37, Hora Road",Salem,Tamil Nadu,567405
2779,3157,Office,"25, Dubey Zila",Tiruchirappalli,Tamil Nadu,115411
2780,486,Home,"02/06, Suresh Nagar",Surat,Gujarat,369300
2781,3113,Office,"214, Gade Road",Bengaluru,Karnataka,735384
2782,1774,Office,"H.No. 61, Rout Zila",Jaipur,Rajasthan,599944
2783,2029,Home,"18, Narayan Road",Madurai,Tamil Nadu,375826
2784,4403,Home,"95/081, Mukhopadhyay Road",Hyderabad,Telangana,232358
2785,1496,Home,"35/80, Nath Ganj",Indore,Madhya Pradesh,880507
2786,897,Office,"H.No. 781, Seshadri",Bengaluru,Karnataka,544252
2787,126,Home,"77/774, Mahal Road",Vellore,Tamil Nadu,493046
2788,2419,Other,"H.No. 060, Wali Marg",Bhopal,Madhya Pradesh,648627
2789,4183,Other,"H.No. 37, Kari Chowk",Vijayawada,Andhra Pradesh,460912
2790,736,Home,"H.No. 407, Patel Street",Indore,Madhya Pradesh,539601
2791,2433,Office,"H.No. 993, Krishnan Street",Madurai,Tamil Nadu,079262
2792,1783,Office,"17/431, Bhandari Marg",Lucknow,Uttar Pradesh,250394
2793,2822,Other,"98/844, Sharaf Street",Tiruchirappalli,Tamil Nadu,236179
2794,4298,Home,"64/54, Pandya",Kolkata,West Bengal,781273
2795,2311,Other,"42, Chhabra Chowk",Lucknow,Uttar Pradesh,224023
2796,3744,Office,"27, Chaudry Marg",Ahmedabad,Gujarat,640404
2797,1982,Office,"H.No. 51, Gade Zila",Lucknow,Uttar Pradesh,381105
2798,4593,Other,"289, Barad Street",Salem,Tamil Nadu,459528
2799,2617,Office,"67, Mahajan Chowk",Tiruchirappalli,Tamil Nadu,393543
2800,3927,Home,"73/278, Sahota Ganj",Chandigarh,Chandigarh,151002
2801,3166,Office,"H.No. 772, Kurian Zila",Pune,Maharashtra,486965
2802,2186,Office,"15, Soni Path",Tiruchirappalli,Tamil Nadu,105208
2803,4611,Office,"H.No. 873, Pathak Nagar",Mysuru,Karnataka,793377
2804,1926,Home,"H.No. 297, Maharaj Ganj",Delhi,Delhi,485027
2805,677,Office,"08/26, Badami Circle",Nagpur,Maharashtra,907220
2806,2829,Office,"H.No. 218, Mallick",Salem,Tamil Nadu,239596
2807,2042,Other,"331, Varty Path",Coimbatore,Tamil Nadu,517579
2808,2403,Home,"230, Vora Circle",Jaipur,Rajasthan,609417
2809,3823,Office,"H.No. 241, Bajwa Ganj",Coimbatore,Tamil Nadu,788675
2810,2218,Office,"H.No. 58, Ahluwalia Path",Bhopal,Madhya Pradesh,914504
2811,805,Home,"366, Manne",Delhi,Delhi,272865
2812,2078,Other,"14/20, Kara Road",Delhi,Delhi,504621
2813,3373,Home,"43, Jaggi Road",Nagpur,Maharashtra,166740
2814,3362,Other,"86/98, Walia Path",Madurai,Tamil Nadu,749110
2815,1047,Home,"67/264, Thaman Zila",Vellore,Tamil Nadu,939789
2816,3815,Other,"770, Dutta Zila",Indore,Madhya Pradesh,931645
2817,1901,Office,"H.No. 37, Atwal Circle",Coimbatore,Tamil Nadu,704079
2818,3038,Office,"51, Sekhon Circle",Coimbatore,Tamil Nadu,692692
2819,3616,Office,"273, Taneja Path",Jaipur,Rajasthan,256721
2820,490,Other,"008, Shankar Path",Chandigarh,Chandigarh,915324
2821,3593,Other,"H.No. 66, Amble Nagar",Ahmedabad,Gujarat,578369
2822,1007,Home,"30/341, Ravi Ganj",Kolkata,West Bengal,329856
2823,4057,Office,"97/70, Bassi Chowk",Ahmedabad,Gujarat,007461
2824,254,Other,"370, Mall Nagar",Bengaluru,Karnataka,744368
2825,807,Office,"H.No. 638, Sarkar Chowk",Bhopal,Madhya Pradesh,157740
2826,4916,Other,"H.No. 58, Sanghvi Marg",Lucknow,Uttar Pradesh,824874
2827,2030,Other,"H.No. 27, Pathak Circle",Madurai,Tamil Nadu,141988
2828,3044,Other,"634, Gera",Tiruchirappalli,Tamil Nadu,223399
2829,598,Other,"H.No. 590, Shenoy Nagar",Surat,Gujarat,320448
2830,3635,Home,"H.No. 67, Bobal Chowk",Jaipur,Rajasthan,417660
2831,3289,Office,"H.No. 68, Kashyap",Kolkata,West Bengal,164576
2832,3663,Office,"76/576, Rattan Marg",Mysuru,Karnataka,760852
2833,4483,Office,"52/96, Narayan Road",Nagpur,Maharashtra,217504
2834,2082,Other,"29/88, Dhawan Chowk",Delhi,Delhi,544220
2835,3787,Office,"H.No. 850, Garde Marg",Chandigarh,Chandigarh,386400
2836,1282,Other,"24, Sankaran Marg",Madurai,Tamil Nadu,903214
2837,178,Other,"H.No. 318, Khare Ganj",Vellore,Tamil Nadu,011184
2838,3999,Other,"54, Wali Circle",Kolkata,West Bengal,587552
2839,2909,Other,"H.No. 29, Chawla Marg",Thiruvananthapuram,Kerala,143697
2840,2541,Home,"H.No. 78, Nadig Ganj",Mumbai,Maharashtra,798387
2841,4099,Office,"35/566, Sankaran",Thiruvananthapuram,Kerala,389586
2842,4594,Home,"H.No. 782, Ram Path",Bhopal,Madhya Pradesh,199916
2843,1918,Other,"H.No. 69, Singhal Road",Nagpur,Maharashtra,293684
2844,2736,Other,"85, Sundaram Zila",Bengaluru,Karnataka,367990
2845,104,Office,"H.No. 271, Bhardwaj",Kolkata,West Bengal,203872
2846,3645,Other,"151, Barman",Bengaluru,Karnataka,562446
2847,3545,Office,"016, Sandal Path",Visakhapatnam,Andhra Pradesh,339350
2848,1857,Other,"H.No. 32, Dave Marg",Chennai,Tamil Nadu,381403
2849,2938,Other,"75/598, Bhatti Road",Thiruvananthapuram,Kerala,202484
2850,3166,Office,"H.No. 07, Pillay Road",Mumbai,Maharashtra,933280
2851,1468,Other,"H.No. 244, Mittal Nagar",Pune,Maharashtra,109077
2852,1475,Home,"82/353, Suresh Street",Kolkata,West Bengal,376554
2853,2913,Home,"17, Sawhney Street",Madurai,Tamil Nadu,735548
2854,2322,Home,"H.No. 71, Ramachandran Street",Bhopal,Madhya Pradesh,615393
2855,683,Office,"42/70, Biswas Street",Salem,Tamil Nadu,013433
2856,4968,Other,"27, Zacharia",Bhopal,Madhya Pradesh,824773
2857,3786,Home,"91/299, Kant Nagar",Bengaluru,Karnataka,191275
2858,3548,Home,"55/71, Golla Road",Kolkata,West Bengal,162206
2859,1051,Other,"10/04, Gupta Road",Jaipur,Rajasthan,436444
2860,2202,Other,"969, Krishnan Zila",Bengaluru,Karnataka,200722
2861,4832,Home,"83, Dugar Path",Jaipur,Rajasthan,808785
2862,4281,Other,"H.No. 093, Zachariah Ganj",Bengaluru,Karnataka,300090
2863,3267,Other,"63/258, Soni Marg",Kolkata,West Bengal,546586
2864,3933,Office,"28, Shere Road",Visakhapatnam,Andhra Pradesh,344633
2865,1654,Office,"46/568, Bhattacharyya Road",Surat,Gujarat,463517
2866,4599,Office,"35, Varma Zila",Kochi,Kerala,176965
2867,836,Other,"65/60, Karnik Nagar",Salem,Tamil Nadu,752296
2868,1706,Other,"42/10, Dutta",Mysuru,Karnataka,251455
2869,2904,Other,"53/72, Sundaram Ganj",Chandigarh,Chandigarh,604142
2870,1139,Home,"H.No. 30, Sodhi Street",Lucknow,Uttar Pradesh,813722
2871,3769,Other,"H.No. 093, Dixit Path",Ahmedabad,Gujarat,392295
2872,3712,Office,"H.No. 496, Lad Street",Chennai,Tamil Nadu,769539
2873,3111,Office,"78/34, Rau Chowk",Jaipur,Rajasthan,900782
2874,743,Office,"H.No. 66, Purohit Marg",Indore,Madhya Pradesh,836094
2875,1843,Office,"68/25, Wagle Nagar",Indore,Madhya Pradesh,592562
2876,3750,Other,"669, Kade Street",Indore,Madhya Pradesh,572734
2877,549,Office,"92/70, Sibal Road",Lucknow,Uttar Pradesh,334466
2878,4383,Office,"H.No. 051, Raju Road",Indore,Madhya Pradesh,806862
2879,1461,Other,"88/792, Krishna Road",Nagpur,Maharashtra,039518
2880,1901,Office,"56/13, Mahajan Road",Chennai,Tamil Nadu,883318
2881,38,Other,"01/69, Loyal Ganj",Mysuru,Karnataka,691237
2882,4551,Home,"39/80, Dugar Zila",Chandigarh,Chandigarh,016318
2883,1453,Other,"002, Chaudhary Ganj",Chennai,Tamil Nadu,231336
2884,1554,Home,"14/098, Buch Street",Vellore,Tamil Nadu,702318
2885,4743,Home,"20, Goswami Zila",Vijayawada,Andhra Pradesh,903177
2886,3068,Other,"90, Ahluwalia Nagar",Jaipur,Rajasthan,917653
2887,1899,Office,"H.No. 48, Kurian Ganj",Mumbai,Maharashtra,871515
2888,4119,Other,"74/691, Shroff Zila",Tiruchirappalli,Tamil Nadu,870272
2889,4279,Home,"H.No. 400, Khanna",Tiruchirappalli,Tamil Nadu,834912
2890,1127,Home,"160, Prasad Nagar",Hyderabad,Telangana,241832
2891,1153,Office,"762, Divan Path",Indore,Madhya Pradesh,213116
2892,2096,Office,"54/28, Ganesh Ganj",Vijayawada,Andhra Pradesh,701167
2893,844,Office,"H.No. 678, Deshmukh Marg",Thiruvananthapuram,Kerala,251538
2894,909,Office,"H.No. 26, Kaur Chowk",Bhopal,Madhya Pradesh,220994
2895,3126,Other,"53, Mandal Nagar",Surat,Gujarat,531984
2896,2194,Other,"H.No. 507, Nagarajan Path",Jaipur,Rajasthan,848528
2897,2557,Home,"77, Kaul Nagar",Vellore,Tamil Nadu,846797
2898,241,Office,"08/307, Mahajan Marg",Tiruchirappalli,Tamil Nadu,058355
2899,728,Other,"H.No. 727, Sha Street",Delhi,Delhi,328290
2900,4812,Other,"83/205, Chana Zila",Bengaluru,Karnataka,134063
2901,2418,Office,"01/99, Patla Nagar",Bhopal,Madhya Pradesh,240651
2902,2128,Home,"74/711, Bawa Chowk",Visakhapatnam,Andhra Pradesh,485796
2903,1197,Other,"124, Sem Nagar",Vellore,Tamil Nadu,448138
2904,3864,Home,"01/14, Ray Path",Kolkata,West Bengal,677619
2905,2107,Office,"496, Char Nagar",Tiruchirappalli,Tamil Nadu,092176
2906,1264,Office,"H.No. 17, Baria Chowk",Nagpur,Maharashtra,238045
2907,797,Other,"H.No. 78, Sarraf Street",Madurai,Tamil Nadu,253209
2908,3606,Other,"92/848, Som",Bengaluru,Karnataka,587272
2909,1945,Office,"570, Kumer Street",Surat,Gujarat,939866
2910,358,Home,"98/464, Mangal Circle",Mysuru,Karnataka,273983
2911,4238,Home,"65/239, Saha Zila",Nagpur,Maharashtra,622735
2912,561,Office,"406, Bhalla Street",Vijayawada,Andhra Pradesh,663340
2913,1266,Other,"H.No. 21, Rao Path",Visakhapatnam,Andhra Pradesh,452636
2914,1060,Office,"86/23, Patla Ganj",Visakhapatnam,Andhra Pradesh,044455
2915,595,Office,"43/442, Brahmbhatt Zila",Kochi,Kerala,754944
2916,3323,Home,"42, Wali Zila",Tiruchirappalli,Tamil Nadu,246381
2917,4161,Other,"H.No. 291, Reddy Zila",Bhopal,Madhya Pradesh,792464
2918,3516,Other,"98/72, Sastry Road",Mysuru,Karnataka,539987
2919,98,Office,"91/530, Shetty Nagar",Jaipur,Rajasthan,145183
2920,545,Office,"92, Bava Ganj",Chennai,Tamil Nadu,782453
2921,1351,Office,"H.No. 812, Ravel Road",Bengaluru,Karnataka,378624
2922,2703,Home,"01/460, Salvi Marg",Vijayawada,Andhra Pradesh,106963
2923,3497,Home,"H.No. 91, Bhatt Street",Surat,Gujarat,906506
2924,1692,Other,"H.No. 71, Andra Path",Pune,Maharashtra,125023
2925,1796,Home,"00, Ben Road",Thiruvananthapuram,Kerala,728986
2926,537,Office,"21/208, Buch Marg",Hyderabad,Telangana,984250
2927,3428,Office,"66/99, Tiwari Chowk",Thiruvananthapuram,Kerala,200141
2928,3073,Office,"H.No. 24, Atwal Marg",Tiruchirappalli,Tamil Nadu,372386
2929,1589,Other,"59/528, Mahajan Path",Salem,Tamil Nadu,576379
2930,4402,Other,"30/55, Sridhar Chowk",Mysuru,Karnataka,983676
2931,164,Other,"41, Pillay Nagar",Chennai,Tamil Nadu,948150
2932,4125,Other,"903, Saraf Path",Ahmedabad,Gujarat,285869
2933,1718,Office,"09, Kakar Marg",Vellore,Tamil Nadu,476075
2934,4600,Home,"101, Mannan Circle",Lucknow,Uttar Pradesh,622644
2935,3020,Other,"02/45, Memon",Visakhapatnam,Andhra Pradesh,859356
2936,3094,Other,"524, Singhal Ganj",Surat,Gujarat,950765
2937,844,Home,"37, Pandit Road",Delhi,Delhi,512258
2938,1367,Home,"79, Butala Nagar",Bhopal,Madhya Pradesh,522792
2939,1381,Other,"65/23, Ranganathan",Ahmedabad,Gujarat,499902
2940,2959,Home,"854, Sarma Nagar",Kolkata,West Bengal,084159
2941,1358,Other,"426, Nagarajan",Nagpur,Maharashtra,538513
2942,202,Home,"35, Mane Street",Delhi,Delhi,142620
2943,2737,Office,"H.No. 852, Rao Nagar",Delhi,Delhi,346118
2944,884,Office,"73/72, Gola Circle",Ahmedabad,Gujarat,593380
2945,1823,Other,"H.No. 917, Rajagopalan Zila",Vellore,Tamil Nadu,333085
2946,72,Home,"H.No. 18, Krish Road",Lucknow,Uttar Pradesh,602093
2947,2636,Other,"788, Dutt Nagar",Vellore,Tamil Nadu,093676
2948,2708,Other,"77, Saha Ganj",Chandigarh,Chandigarh,764554
2949,1489,Office,"03/48, Narayanan Zila",Salem,Tamil Nadu,351102
2950,4232,Office,"39/55, Keer Ganj",Pune,Maharashtra,892333
2951,505,Other,"514, Murty Circle",Ahmedabad,Gujarat,070264
2952,3353,Office,"26, Rajan Nagar",Vijayawada,Andhra Pradesh,415144
2953,462,Office,"21, Mangal Marg",Ahmedabad,Gujarat,427973
2954,2015,Home,"940, Narang Marg",Vellore,Tamil Nadu,252023
2955,4343,Home,"93/77, Dyal Zila",Mumbai,Maharashtra,828488
2956,1381,Office,"94/95, Rajagopalan Zila",Vijayawada,Andhra Pradesh,991945
2957,4394,Other,"44/645, Khanna Street",Coimbatore,Tamil Nadu,041524
2958,3104,Home,"86/785, Kumer Path",Kochi,Kerala,018977
2959,673,Home,"H.No. 146, Bassi Chowk",Lucknow,Uttar Pradesh,672502
2960,3983,Office,"H.No. 417, Bali Chowk",Bengaluru,Karnataka,346031
2961,3621,Office,"H.No. 340, Datta Chowk",Vijayawada,Andhra Pradesh,645752
2962,2360,Office,"H.No. 42, Jaggi Circle",Vijayawada,Andhra Pradesh,867851
2963,1384,Home,"06/688, Palan Zila",Visakhapatnam,Andhra Pradesh,715566
2964,1574,Office,"68, Mitra",Jaipur,Rajasthan,936364
2965,3107,Other,"05/955, Sachdev Zila",Coimbatore,Tamil Nadu,133956
2966,2163,Office,"245, Vaidya Zila",Kolkata,West Bengal,569619
2967,4029,Other,"H.No. 269, Muni Chowk",Mysuru,Karnataka,978487
2968,3031,Home,"31/963, Palan Nagar",Lucknow,Uttar Pradesh,704369
2969,410,Office,"591, Krishna Marg",Kolkata,West Bengal,301274
2970,3384,Office,"01/76, Chokshi Ganj",Hyderabad,Telangana,986370
2971,1094,Office,"53/606, Ghose Street",Lucknow,Uttar Pradesh,063567
2972,4327,Office,"57/756, Mann",Surat,Gujarat,984104
2973,3334,Other,"03/273, Kamdar Nagar",Bengaluru,Karnataka,482746
2974,3080,Other,"52/356, D’Alia Zila",Indore,Madhya Pradesh,038069
2975,1199,Office,"62/18, Iyengar Path",Nagpur,Maharashtra,112817
2976,4595,Other,"03/66, Ramaswamy Marg",Surat,Gujarat,694728
2977,4568,Other,"32/659, Mammen Circle",Madurai,Tamil Nadu,033790
2978,1154,Home,"94/037, Kamdar Path",Mysuru,Karnataka,313245
2979,27,Office,"75/671, Oommen",Vellore,Tamil Nadu,305687
2980,879,Other,"12, Narayan Marg",Tiruchirappalli,Tamil Nadu,494891
2981,3252,Other,"983, Thakkar Circle",Bhopal,Madhya Pradesh,015149
2982,1261,Office,"76, Chakraborty Road",Bengaluru,Karnataka,616576
2983,3242,Other,"822, Chopra Marg",Jaipur,Rajasthan,490294
2984,4486,Other,"43/45, Srinivasan Chowk",Kochi,Kerala,613886
2985,167,Home,"50/091, Pal Path",Mumbai,Maharashtra,783239
2986,3477,Office,"36/01, Mane",Pune,Maharashtra,270661
2987,3876,Office,"36/087, Barman Circle",Bengaluru,Karnataka,202033
2988,935,Home,"H.No. 209, Sane",Thiruvananthapuram,Kerala,763720
2989,1916,Home,"73/448, Prashad Ganj",Kochi,Kerala,670719
2990,653,Office,"H.No. 65, Mangat Chowk",Bhopal,Madhya Pradesh,967705
2991,3644,Home,"73, Kohli",Vijayawada,Andhra Pradesh,649095
2992,3176,Home,"88, Khosla Chowk",Chennai,Tamil Nadu,588681
2993,4266,Office,"531, Goda Street",Pune,Maharashtra,625478
2994,3899,Office,"09/580, Atwal Road",Mysuru,Karnataka,461597
2995,1018,Office,"H.No. 019, Banerjee Nagar",Chandigarh,Chandigarh,388546
2996,132,Other,"34/743, Kata Marg",Thiruvananthapuram,Kerala,894131
2997,3945,Home,"67/18, Dhar Ganj",Coimbatore,Tamil Nadu,305428
2998,2128,Home,"25/111, Barman",Lucknow,Uttar Pradesh,594094
2999,3355,Other,"94/125, Sen",Lucknow,Uttar Pradesh,323887
3000,43,Office,"66, Ram Nagar",Ahmedabad,Gujarat,895134
3001,4632,Office,"39/978, Walla Ganj",Jaipur,Rajasthan,443081
3002,2694,Office,"32, Jayaraman",Lucknow,Uttar Pradesh,026638
3003,1468,Other,"H.No. 715, Buch Road",Kochi,Kerala,133117
3004,3581,Office,"H.No. 577, Sethi Marg",Vijayawada,Andhra Pradesh,192889
3005,2086,Home,"H.No. 302, Sawhney Circle",Visakhapatnam,Andhra Pradesh,740589
3006,2686,Office,"036, Radhakrishnan Nagar",Lucknow,Uttar Pradesh,787192
3007,122,Other,"72/65, Shroff Path",Chandigarh,Chandigarh,364967
3008,572,Home,"51/453, Parekh Chowk",Surat,Gujarat,574488
3009,3756,Other,"H.No. 26, Bava",Surat,Gujarat,851115
3010,2290,Other,"33, Padmanabhan Circle",Lucknow,Uttar Pradesh,576467
3011,634,Office,"50/680, Jain",Salem,Tamil Nadu,193465
3012,1715,Other,"758, Behl Marg",Vellore,Tamil Nadu,456333
3013,624,Other,"495, Mallick Street",Chandigarh,Chandigarh,705155
3014,251,Other,"26/38, Amble Circle",Kolkata,West Bengal,242716
3015,364,Other,"86/286, Shere",Chennai,Tamil Nadu,762370
3016,2706,Home,"85/478, Goyal Chowk",Kochi,Kerala,819319
3017,4613,Office,"941, Kapoor Street",Ahmedabad,Gujarat,806253
3018,2717,Home,"18/545, Mall Path",Pune,Maharashtra,892588
3019,1289,Office,"H.No. 400, Palan Ganj",Madurai,Tamil Nadu,303282
3020,4287,Home,"35, Andra Road",Kolkata,West Bengal,798657
3021,2792,Other,"89, Dewan Marg",Madurai,Tamil Nadu,325086
3022,3300,Home,"68/56, Kade Road",Vijayawada,Andhra Pradesh,760882
3023,4001,Other,"H.No. 925, Sarna Circle",Lucknow,Uttar Pradesh,894673
3024,3522,Home,"163, Babu Ganj",Delhi,Delhi,601726
3025,1686,Other,"03/36, Bawa Road",Vijayawada,Andhra Pradesh,749116
3026,2251,Other,"H.No. 30, Chandran Ganj",Delhi,Delhi,166366
3027,4751,Other,"845, Mohan Path",Kochi,Kerala,408579
3028,1517,Other,"295, Chawla Zila",Bengaluru,Karnataka,848610
3029,4967,Office,"60/026, Minhas Nagar",Tiruchirappalli,Tamil Nadu,901749
3030,2153,Home,"891, Desai Marg",Coimbatore,Tamil Nadu,410667
3031,4955,Home,"H.No. 73, Borra Street",Pune,Maharashtra,502423
3032,3831,Home,"H.No. 44, Sharma Nagar",Visakhapatnam,Andhra Pradesh,107298
3033,3616,Other,"H.No. 230, Balasubramanian Path",Visakhapatnam,Andhra Pradesh,671485
3034,3066,Office,"317, Kumar Zila",Madurai,Tamil Nadu,955412
3035,1202,Office,"H.No. 92, Ahluwalia Street",Bengaluru,Karnataka,881520
3036,2695,Office,"176, Aggarwal Circle",Ahmedabad,Gujarat,269625
3037,4271,Office,"H.No. 07, Deshpande Ganj",Madurai,Tamil Nadu,913943
3038,4328,Other,"250, Sur Street",Nagpur,Maharashtra,962383
3039,3290,Office,"H.No. 03, Ramaswamy Chowk",Bhopal,Madhya Pradesh,439994
3040,2865,Home,"85/803, Bal Ganj",Hyderabad,Telangana,414863
3041,4403,Home,"08/50, Bhandari Path",Kochi,Kerala,871590
3042,303,Office,"H.No. 823, Sura Chowk",Salem,Tamil Nadu,109074
3043,3552,Office,"H.No. 79, Chhabra Ganj",Nagpur,Maharashtra,717400
3044,1101,Office,"45/688, Wagle Road",Madurai,Tamil Nadu,573744
3045,246,Other,"60, Deshmukh Chowk",Chennai,Tamil Nadu,660474
3046,427,Other,"081, Agarwal Circle",Bengaluru,Karnataka,689382
3047,4343,Office,"894, Mohan Nagar",Nagpur,Maharashtra,935160
3048,3783,Office,"95, Sastry Chowk",Visakhapatnam,Andhra Pradesh,266848
3049,3689,Office,"163, Singhal Marg",Mysuru,Karnataka,752481
3050,1331,Other,"H.No. 37, Loyal Marg",Madurai,Tamil Nadu,983930
3051,197,Home,"53/95, Ranganathan Street",Vellore,Tamil Nadu,885329
3052,3350,Office,"401, Kumar Zila",Pune,Maharashtra,475473
3053,307,Home,"04, Baral",Mumbai,Maharashtra,781945
3054,4699,Office,"H.No. 97, Kaul Chowk",Thiruvananthapuram,Kerala,103405
3055,1026,Office,"689, Behl Zila",Mysuru,Karnataka,417569
3056,4538,Other,"072, Thakkar Zila",Bhopal,Madhya Pradesh,716991
3057,3508,Office,"H.No. 87, Kata Street",Coimbatore,Tamil Nadu,341104
3058,2244,Other,"86, Choudhry Chowk",Chennai,Tamil Nadu,657281
3059,4932,Other,"12/78, Walla",Bhopal,Madhya Pradesh,249919
3060,4813,Office,"H.No. 841, Natt Path",Tiruchirappalli,Tamil Nadu,373043
3061,3694,Office,"31, Nagi Circle",Coimbatore,Tamil Nadu,967071
3062,957,Office,"44/81, Mody Road",Mysuru,Karnataka,004075
3063,792,Other,"H.No. 231, Sami Nagar",Kochi,Kerala,079729
3064,4109,Office,"22/88, Mody Path",Indore,Madhya Pradesh,734497
3065,1438,Office,"H.No. 19, Hayer Chowk",Coimbatore,Tamil Nadu,654758
3066,1741,Office,"37/10, Guha Path",Indore,Madhya Pradesh,590677
3067,4212,Home,"53/60, Soman Zila",Vellore,Tamil Nadu,304025
3068,2594,Home,"H.No. 041, Chaudhary Ganj",Vellore,Tamil Nadu,677527
3069,2419,Home,"12, Sidhu Chowk",Madurai,Tamil Nadu,763506
3070,4415,Other,"729, Bajwa",Visakhapatnam,Andhra Pradesh,388176
3071,1528,Office,"22, Banerjee Chowk",Kochi,Kerala,543163
3072,1164,Office,"H.No. 84, Mahajan Marg",Thiruvananthapuram,Kerala,256046
3073,3652,Other,"20/36, Bail",Lucknow,Uttar Pradesh,155026
3074,3468,Home,"409, Kara Chowk",Surat,Gujarat,220667
3075,3637,Other,"54, Nair Nagar",Mysuru,Karnataka,242169
3076,1399,Other,"532, Saraf Circle",Delhi,Delhi,780581
3077,2170,Other,"05/73, D’Alia Street",Ahmedabad,Gujarat,678864
3078,4344,Home,"H.No. 52, Choudhary Marg",Bhopal,Madhya Pradesh,107055
3079,2099,Office,"H.No. 529, Banik Path",Vellore,Tamil Nadu,874412
3080,1735,Home,"H.No. 99, Saraf Circle",Kolkata,West Bengal,586926
3081,2581,Home,"H.No. 60, Rajagopal Nagar",Salem,Tamil Nadu,551517
3082,3812,Other,"51/937, Krishna Circle",Surat,Gujarat,312734
3083,4290,Office,"H.No. 80, Tailor Zila",Jaipur,Rajasthan,213461
3084,2801,Home,"H.No. 61, Dixit Path",Thiruvananthapuram,Kerala,532224
3085,4828,Office,"H.No. 810, Madan Zila",Kolkata,West Bengal,297198
3086,1638,Home,"H.No. 894, Sem Ganj",Ahmedabad,Gujarat,812681
3087,521,Home,"30/08, Naik Nagar",Lucknow,Uttar Pradesh,580814
3088,85,Other,"340, Bandi Path",Mysuru,Karnataka,056358
3089,1528,Other,"90/21, Biswas Ganj",Lucknow,Uttar Pradesh,669460
3090,409,Home,"12/467, Kuruvilla Marg",Indore,Madhya Pradesh,812598
3091,4835,Home,"20, Loke Chowk",Mysuru,Karnataka,959126
3092,2713,Office,"20/33, Lad Zila",Madurai,Tamil Nadu,565716
3093,1375,Home,"H.No. 78, Kakar Zila",Mysuru,Karnataka,499504
3094,3232,Other,"96/41, Madan Marg",Salem,Tamil Nadu,086295
3095,1524,Other,"230, Divan Chowk",Thiruvananthapuram,Kerala,876412
3096,3645,Office,"H.No. 395, Suri Path",Surat,Gujarat,586180
3097,3268,Office,"39/34, Vasa Nagar",Chandigarh,Chandigarh,544278
3098,578,Home,"88/19, Aurora Street",Chennai,Tamil Nadu,965693
3099,592,Other,"H.No. 96, Shanker Street",Hyderabad,Telangana,223683
3100,1911,Office,"753, Das Road",Visakhapatnam,Andhra Pradesh,995578
3101,2225,Home,"280, Sha Zila",Surat,Gujarat,106294
3102,508,Office,"H.No. 269, Loke Road",Bhopal,Madhya Pradesh,353414
3103,1913,Home,"10/32, Dasgupta Ganj",Madurai,Tamil Nadu,679066
3104,4171,Other,"47/720, Buch Zila",Delhi,Delhi,408384
3105,3974,Other,"78/260, Sekhon Zila",Chennai,Tamil Nadu,795334
3106,4368,Home,"539, Dayal Ganj",Surat,Gujarat,425777
3107,2775,Office,"74, Sehgal Path",Delhi,Delhi,021885
3108,4042,Other,"H.No. 148, Sankaran Road",Surat,Gujarat,363839
3109,4371,Home,"87/884, Babu Street",Jaipur,Rajasthan,759835
3110,5000,Office,"70, Konda Marg",Kochi,Kerala,853202
3111,1249,Office,"H.No. 61, Som Marg",Mysuru,Karnataka,677818
3112,2541,Office,"613, Nanda",Jaipur,Rajasthan,592118
3113,500,Office,"72/350, Mand Zila",Kochi,Kerala,377962
3114,4003,Office,"38/965, Tak Road",Salem,Tamil Nadu,917822
3115,4433,Office,"H.No. 810, Chatterjee Nagar",Surat,Gujarat,286690
3116,4829,Home,"515, Naik Chowk",Nagpur,Maharashtra,149096
3117,1741,Other,"H.No. 080, Lanka Nagar",Hyderabad,Telangana,872422
3118,1801,Other,"49/665, Mishra Street",Visakhapatnam,Andhra Pradesh,051719
3119,2448,Home,"512, Kunda Ganj",Mysuru,Karnataka,353675
3120,4738,Home,"77/734, Rama Street",Jaipur,Rajasthan,875031
3121,156,Home,"H.No. 97, Chanda",Chennai,Tamil Nadu,077128
3122,3005,Other,"19, Banik",Visakhapatnam,Andhra Pradesh,466697
3123,4659,Other,"21, Dar Chowk",Thiruvananthapuram,Kerala,435668
3124,3177,Home,"03/253, Prabhu Marg",Surat,Gujarat,558767
3125,2895,Home,"H.No. 07, Chander Circle",Kolkata,West Bengal,728394
3126,4807,Other,"46, Goswami Zila",Vellore,Tamil Nadu,149936
3127,1720,Home,"H.No. 962, Nath Chowk",Mumbai,Maharashtra,443909
3128,4913,Other,"H.No. 956, Kalla Marg",Mysuru,Karnataka,063621
3129,4873,Office,"H.No. 16, Bhalla Road",Pune,Maharashtra,870481
3130,2650,Office,"537, Sagar Ganj",Nagpur,Maharashtra,272959
3131,2588,Home,"77, Natt Nagar",Mumbai,Maharashtra,489907
3132,3079,Home,"996, Char",Vijayawada,Andhra Pradesh,482700
3133,3334,Office,"33/13, Raman Street",Visakhapatnam,Andhra Pradesh,746021
3134,1633,Other,"88, Borra Road",Salem,Tamil Nadu,771291
3135,3712,Office,"519, Sachdev Path",Madurai,Tamil Nadu,765589
3136,3735,Other,"355, Naidu Street",Visakhapatnam,Andhra Pradesh,063022
3137,4823,Home,"33/52, Sarna Circle",Nagpur,Maharashtra,153596
3138,4069,Home,"26, Mukherjee Circle",Visakhapatnam,Andhra Pradesh,464550
3139,1598,Office,"28/310, Pandit Zila",Vellore,Tamil Nadu,880875
3140,1150,Home,"45/058, Arora Zila",Kochi,Kerala,801088
3141,1015,Other,"97, Kulkarni Road",Salem,Tamil Nadu,619378
3142,4263,Other,"36, Rama Road",Mumbai,Maharashtra,333477
3143,1693,Other,"96/337, Divan",Bhopal,Madhya Pradesh,628191
3144,613,Office,"H.No. 237, Jhaveri Road",Kolkata,West Bengal,345052
3145,4584,Other,"40/50, Solanki Road",Salem,Tamil Nadu,609796
3146,4963,Office,"14/59, Seshadri Chowk",Ahmedabad,Gujarat,660985
3147,3199,Other,"81/74, Kata Chowk",Surat,Gujarat,653978
3148,1965,Office,"74/89, Pathak Path",Hyderabad,Telangana,131984
3149,3849,Office,"H.No. 96, Saran Zila",Mumbai,Maharashtra,952574
3150,402,Office,"74, Sarna Ganj",Ahmedabad,Gujarat,123848
3151,4999,Other,"56, Bumb Zila",Chennai,Tamil Nadu,557983
3152,1110,Other,"29/000, Arora Path",Lucknow,Uttar Pradesh,451736
3153,1226,Other,"54/05, Bhavsar",Chandigarh,Chandigarh,442462
3154,1038,Home,"H.No. 239, Koshy Ganj",Vellore,Tamil Nadu,653353
3155,1878,Other,"75/98, Randhawa Nagar",Nagpur,Maharashtra,821960
3156,286,Other,"75/78, Dhingra Circle",Nagpur,Maharashtra,376309
3157,4537,Home,"39, Kota Circle",Chandigarh,Chandigarh,660979
3158,1274,Other,"55/00, Mall Road",Jaipur,Rajasthan,072962
3159,1927,Home,"10/793, Divan Street",Lucknow,Uttar Pradesh,527825
3160,2042,Other,"30, Modi Path",Ahmedabad,Gujarat,567117
3161,2336,Other,"H.No. 39, Sathe Circle",Salem,Tamil Nadu,458198
3162,807,Office,"08/840, Narayan Chowk",Hyderabad,Telangana,380536
3163,2473,Office,"72/68, Prabhakar Ganj",Nagpur,Maharashtra,705130
3164,3957,Office,"67/21, Warrior Street",Mysuru,Karnataka,568387
3165,1447,Other,"785, Sengupta Ganj",Vijayawada,Andhra Pradesh,149241
3166,2934,Office,"17, Agate Ganj",Vijayawada,Andhra Pradesh,390858
3167,2990,Home,"H.No. 684, Jayaraman Circle",Thiruvananthapuram,Kerala,816723
3168,2941,Home,"56, Rastogi Nagar",Visakhapatnam,Andhra Pradesh,755957
3169,4249,Home,"54/105, Srivastava Chowk",Kolkata,West Bengal,504025
3170,80,Office,"H.No. 855, Sem Circle",Ahmedabad,Gujarat,357845
3171,1999,Office,"20/802, Comar Road",Indore,Madhya Pradesh,415074
3172,1230,Office,"H.No. 660, Dani Circle",Kolkata,West Bengal,115566
3173,2173,Office,"404, Parekh Chowk",Chandigarh,Chandigarh,004584
3174,1302,Home,"89/227, Ravi Nagar",Mumbai,Maharashtra,649493
3175,1867,Office,"58, Kar Nagar",Surat,Gujarat,383647
3176,4594,Office,"455, Chatterjee Circle",Coimbatore,Tamil Nadu,083351
3177,2039,Home,"24/496, Kota Marg",Thiruvananthapuram,Kerala,004539
3178,840,Other,"H.No. 88, Tandon Marg",Indore,Madhya Pradesh,514096
3179,3067,Home,"70/998, Kade Chowk",Ahmedabad,Gujarat,709816
3180,4019,Home,"81/30, Menon Ganj",Mysuru,Karnataka,912815
3181,3481,Home,"H.No. 645, Rege Road",Indore,Madhya Pradesh,257312
3182,2625,Other,"612, Rau Chowk",Indore,Madhya Pradesh,622957
3183,2461,Other,"45, Bhasin Nagar",Jaipur,Rajasthan,173315
3184,1553,Other,"H.No. 604, Raja Street",Mysuru,Karnataka,447165
3185,2731,Home,"H.No. 41, Goyal Path",Mumbai,Maharashtra,445829
3186,2424,Office,"94/541, Contractor",Surat,Gujarat,780498
3187,3742,Other,"20, Gulati",Visakhapatnam,Andhra Pradesh,739652
3188,2736,Office,"760, Manda Chowk",Tiruchirappalli,Tamil Nadu,464402
3189,4042,Home,"13/534, Nanda Street",Kochi,Kerala,561832
3190,1417,Office,"21/384, Parsa Zila",Chandigarh,Chandigarh,109542
3191,2307,Home,"750, Ratti Path",Coimbatore,Tamil Nadu,848207
3192,879,Office,"12, Guha Marg",Chandigarh,Chandigarh,402937
3193,1590,Home,"32/672, Kota Chowk",Mumbai,Maharashtra,262776
3194,2602,Office,"H.No. 69, Toor Path",Thiruvananthapuram,Kerala,946877
3195,4309,Home,"29/44, Hari",Vellore,Tamil Nadu,367572
3196,1833,Home,"84, Agrawal",Tiruchirappalli,Tamil Nadu,366783
3197,862,Other,"H.No. 316, Jhaveri Zila",Tiruchirappalli,Tamil Nadu,779053
3198,4270,Other,"H.No. 388, Gulati Ganj",Salem,Tamil Nadu,151801
3199,2549,Home,"48, Dugar Nagar",Ahmedabad,Gujarat,628019
3200,2875,Home,"89/53, Choudhary Zila",Thiruvananthapuram,Kerala,439781
3201,3000,Other,"34, Nadkarni Zila",Kochi,Kerala,066086
3202,1132,Office,"650, Ranganathan Road",Mysuru,Karnataka,262247
3203,425,Office,"518, Sandhu Street",Tiruchirappalli,Tamil Nadu,350621
3204,4375,Home,"40/15, Taneja Chowk",Jaipur,Rajasthan,629810
3205,4644,Office,"52/686, Prasad Marg",Vellore,Tamil Nadu,836816
3206,3773,Office,"H.No. 407, Sinha Ganj",Chandigarh,Chandigarh,087143
3207,2734,Home,"909, Bal Street",Ahmedabad,Gujarat,562607
3208,1303,Other,"24/748, Sen Path",Visakhapatnam,Andhra Pradesh,132738
3209,1971,Home,"H.No. 22, Johal",Nagpur,Maharashtra,297254
3210,2535,Other,"H.No. 493, Merchant Circle",Tiruchirappalli,Tamil Nadu,543188
3211,1513,Other,"H.No. 59, Sha Road",Indore,Madhya Pradesh,079246
3212,172,Other,"69, Khurana Circle",Visakhapatnam,Andhra Pradesh,555045
3213,748,Home,"75/00, Shetty Chowk",Salem,Tamil Nadu,990317
3214,4063,Other,"H.No. 135, Tella",Lucknow,Uttar Pradesh,433315
3215,2863,Home,"64/01, Chacko Nagar",Chandigarh,Chandigarh,601933
3216,3072,Other,"062, Rajagopal Street",Vellore,Tamil Nadu,931642
3217,1825,Office,"33, Raghavan Zila",Nagpur,Maharashtra,408231
3218,1414,Other,"H.No. 717, Merchant Zila",Jaipur,Rajasthan,740519
3219,3163,Home,"H.No. 819, Ahluwalia Nagar",Mumbai,Maharashtra,673526
3220,3662,Home,"H.No. 95, Sodhi Zila",Ahmedabad,Gujarat,352413
3221,695,Home,"286, Chaudhari Chowk",Bhopal,Madhya Pradesh,665602
3222,1481,Home,"23/57, Sawhney Chowk",Bengaluru,Karnataka,149057
3223,4643,Home,"53, Dave Street",Jaipur,Rajasthan,997526
3224,893,Office,"H.No. 87, Viswanathan Circle",Kochi,Kerala,683171
3225,1652,Office,"H.No. 114, Lall Street",Salem,Tamil Nadu,248454
3226,4950,Office,"31, Sawhney Ganj",Tiruchirappalli,Tamil Nadu,741906
3227,1445,Other,"54/50, Pandey Circle",Indore,Madhya Pradesh,034011
3228,1402,Home,"17, Ram Nagar",Coimbatore,Tamil Nadu,301127
3229,778,Office,"31/81, Gaba Chowk",Jaipur,Rajasthan,357965
3230,2504,Home,"H.No. 00, Bhatt Zila",Hyderabad,Telangana,426078
3231,4353,Other,"H.No. 11, Mammen Marg",Surat,Gujarat,424114
3232,1920,Office,"H.No. 46, Dhawan Marg",Indore,Madhya Pradesh,822306
3233,3640,Other,"116, Lal Circle",Jaipur,Rajasthan,038951
3234,2221,Office,"23/46, Nagar Marg",Delhi,Delhi,174645
3235,2290,Home,"164, Murty",Chennai,Tamil Nadu,605411
3236,3996,Other,"13, Sandal Road",Indore,Madhya Pradesh,107890
3237,135,Other,"69/57, Bera Marg",Kochi,Kerala,883041
3238,1038,Other,"44/747, Khanna Ganj",Thiruvananthapuram,Kerala,359736
3239,175,Home,"H.No. 168, Dugal Path",Surat,Gujarat,317504
3240,1346,Office,"37/01, Vasa Zila",Salem,Tamil Nadu,968974
3241,826,Other,"95/290, Pandya Path",Lucknow,Uttar Pradesh,957928
3242,2768,Other,"47/26, Tiwari Marg",Thiruvananthapuram,Kerala,639924
3243,2942,Home,"11, Pal",Hyderabad,Telangana,062789
3244,440,Office,"80/68, Chakraborty Ganj",Kolkata,West Bengal,217959
3245,895,Office,"22/33, Goyal Zila",Visakhapatnam,Andhra Pradesh,677250
3246,1322,Office,"56/16, Sharma Street",Ahmedabad,Gujarat,413427
3247,4687,Home,"235, Kaul Chowk",Vijayawada,Andhra Pradesh,421420
3248,3930,Home,"079, Srivastava Ganj",Bengaluru,Karnataka,158719
3249,4750,Other,"505, Deshpande",Nagpur,Maharashtra,309558
3250,3282,Home,"99, Rana Ganj",Kolkata,West Bengal,273795
3251,1374,Other,"381, Bora Marg",Kolkata,West Bengal,921351
3252,2992,Other,"13/301, Soman Nagar",Kochi,Kerala,350246
3253,4397,Home,"41/23, Date Street",Bhopal,Madhya Pradesh,320873
3254,4882,Home,"70/943, Cheema",Madurai,Tamil Nadu,708587
3255,875,Home,"92, Kar Zila",Chandigarh,Chandigarh,682260
3256,4753,Other,"93/71, Chhabra Path",Madurai,Tamil Nadu,178449
3257,3685,Home,"03/74, Kashyap Chowk",Kolkata,West Bengal,133704
3258,3509,Office,"24, Munshi Path",Surat,Gujarat,077005
3259,944,Home,"H.No. 58, De Circle",Madurai,Tamil Nadu,481180
3260,3704,Home,"38/50, Warrior Street",Bhopal,Madhya Pradesh,779825
3261,1703,Other,"53/715, Menon Marg",Kolkata,West Bengal,533070
3262,3469,Home,"67, Ratti Nagar",Kochi,Kerala,311916
3263,1911,Home,"H.No. 955, Bal Ganj",Vellore,Tamil Nadu,731340
3264,4654,Home,"79, Shukla Zila",Chennai,Tamil Nadu,379306
3265,1923,Office,"92/00, Prabhakar Road",Bengaluru,Karnataka,072162
3266,867,Office,"42, Sankar Road",Vellore,Tamil Nadu,732550
3267,737,Home,"H.No. 29, Bajwa",Vellore,Tamil Nadu,367912
3268,1893,Home,"20, Pai",Vijayawada,Andhra Pradesh,890355
3269,609,Other,"19/96, Lall Circle",Pune,Maharashtra,565781
3270,2169,Other,"H.No. 42, Murty Nagar",Salem,Tamil Nadu,051556
3271,1253,Other,"H.No. 09, Bava Street",Bengaluru,Karnataka,675993
3272,353,Other,"H.No. 134, Mitter Zila",Pune,Maharashtra,580670
3273,1190,Other,"H.No. 46, More Path",Thiruvananthapuram,Kerala,000040
3274,4038,Other,"H.No. 64, Krishnamurthy Path",Chandigarh,Chandigarh,683487
3275,927,Home,"560, Dhar Road",Tiruchirappalli,Tamil Nadu,662576
3276,4195,Office,"H.No. 380, Narula Chowk",Jaipur,Rajasthan,181216
3277,273,Other,"508, Pillai Zila",Kochi,Kerala,904315
3278,3860,Office,"17, Bobal Road",Bengaluru,Karnataka,477631
3279,4362,Other,"32/319, Ratti Chowk",Indore,Madhya Pradesh,025461
3280,4295,Office,"44/46, Saini",Madurai,Tamil Nadu,589244
3281,1907,Home,"83/281, Khurana Zila",Mumbai,Maharashtra,244792
3282,836,Other,"59/144, Mohan Circle",Chennai,Tamil Nadu,094658
3283,3841,Home,"39, Mann Street",Bhopal,Madhya Pradesh,807376
3284,2971,Other,"49, Jha Chowk",Lucknow,Uttar Pradesh,805342
3285,1601,Home,"H.No. 918, Das Chowk",Chandigarh,Chandigarh,289747
3286,199,Home,"66, Bhandari Marg",Vijayawada,Andhra Pradesh,919352
3287,697,Other,"H.No. 25, Kade",Mumbai,Maharashtra,769708
3288,4109,Other,"75, Dada",Surat,Gujarat,563967
3289,922,Other,"44/777, Magar Zila",Vijayawada,Andhra Pradesh,577025
3290,2452,Office,"15/544, Manda",Coimbatore,Tamil Nadu,998575
3291,4676,Home,"H.No. 63, Kuruvilla Chowk",Kochi,Kerala,845557
3292,3388,Other,"63/354, Aggarwal Street",Jaipur,Rajasthan,095307
3293,190,Other,"72, Dhar Circle",Mysuru,Karnataka,695887
3294,4104,Other,"89/426, Bajaj Marg",Mumbai,Maharashtra,669802
3295,54,Home,"44, Gera Circle",Delhi,Delhi,350079
3296,946,Office,"H.No. 653, Tandon Chowk",Mysuru,Karnataka,842471
3297,75,Home,"H.No. 91, Choudhury",Surat,Gujarat,369507
3298,4759,Home,"H.No. 92, Banik Path",Indore,Madhya Pradesh,691569
3299,3312,Office,"07/98, Joshi Street",Kochi,Kerala,700813
3300,3552,Other,"49/023, Mistry Chowk",Jaipur,Rajasthan,269249
3301,454,Office,"H.No. 801, Pandey Marg",Mysuru,Karnataka,129464
3302,3314,Office,"118, Shere Street",Hyderabad,Telangana,465951
3303,2683,Office,"20/339, Pillai Nagar",Jaipur,Rajasthan,669423
3304,1611,Home,"837, Mangat Path",Vellore,Tamil Nadu,884637
3305,421,Home,"485, Kohli Nagar",Surat,Gujarat,277217
3306,2189,Other,"H.No. 625, Narayan Nagar",Hyderabad,Telangana,326799
3307,4155,Office,"H.No. 48, Shukla Ganj",Lucknow,Uttar Pradesh,687793
3308,2585,Office,"12/86, Gandhi Chowk",Mysuru,Karnataka,747869
3309,774,Office,"H.No. 407, Gandhi Marg",Pune,Maharashtra,965241
3310,3970,Office,"31, Bedi Circle",Mumbai,Maharashtra,040410
3311,2656,Office,"H.No. 912, Mammen",Kolkata,West Bengal,370265
3312,4297,Office,"14/96, Parmar Ganj",Madurai,Tamil Nadu,019353
3313,1883,Home,"10/158, Pingle Road",Chennai,Tamil Nadu,731370
3314,1579,Other,"17/493, Seshadri Zila",Chandigarh,Chandigarh,607302
3315,2349,Other,"73/733, Srivastava",Lucknow,Uttar Pradesh,101492
3316,4856,Home,"189, Dutta Street",Nagpur,Maharashtra,006138
3317,3975,Office,"H.No. 49, Rau Marg",Kolkata,West Bengal,251435
3318,3463,Other,"H.No. 71, Balasubramanian Zila",Mumbai,Maharashtra,450153
3319,854,Other,"19/596, Dora Nagar",Vijayawada,Andhra Pradesh,693477
3320,3898,Office,"05, Thakkar Road",Mysuru,Karnataka,625750
3321,2904,Office,"246, Bhandari Road",Jaipur,Rajasthan,948617
3322,3422,Office,"H.No. 18, Tara Street",Chennai,Tamil Nadu,114881
3323,4133,Other,"H.No. 580, Tata Zila",Tiruchirappalli,Tamil Nadu,570826
3324,945,Office,"86/504, Mann Road",Salem,Tamil Nadu,442942
3325,1748,Home,"08, Bhat Circle",Surat,Gujarat,015137
3326,1252,Office,"684, Sawhney",Surat,Gujarat,424169
3327,2255,Other,"H.No. 20, Raja Chowk",Coimbatore,Tamil Nadu,700681
3328,1036,Other,"659, Dube Chowk",Bengaluru,Karnataka,976610
3329,2292,Office,"H.No. 17, Naidu Zila",Nagpur,Maharashtra,076017
3330,4380,Other,"H.No. 800, Solanki Chowk",Chandigarh,Chandigarh,284557
3331,305,Office,"H.No. 867, Bath Chowk",Kochi,Kerala,672192
3332,2739,Other,"34/91, Jha Road",Surat,Gujarat,921527
3333,3505,Home,"59/783, Sami Ganj",Pune,Maharashtra,408912
3334,4373,Office,"H.No. 99, Mangat Road",Vellore,Tamil Nadu,698801
3335,939,Other,"25/620, Kalita Circle",Indore,Madhya Pradesh,108802
3336,3875,Other,"01, Ganguly Marg",Surat,Gujarat,637035
3337,4190,Home,"59/15, Raman Zila",Indore,Madhya Pradesh,616629
3338,1563,Home,"H.No. 86, Raju Ganj",Lucknow,Uttar Pradesh,253687
3339,4822,Other,"092, Narain Street",Vijayawada,Andhra Pradesh,508069
3340,162,Office,"H.No. 978, Jayaraman Chowk",Nagpur,Maharashtra,183410
3341,4146,Home,"06/658, Varma Road",Kochi,Kerala,393004
3342,2727,Home,"H.No. 356, Walla Nagar",Bhopal,Madhya Pradesh,064937
3343,2735,Other,"04/47, Behl",Lucknow,Uttar Pradesh,830470
3344,778,Other,"89, Dutta Nagar",Ahmedabad,Gujarat,645130
3345,3742,Other,"H.No. 01, Narang",Nagpur,Maharashtra,547388
3346,853,Home,"42/74, Raja Nagar",Hyderabad,Telangana,828507
3347,3027,Office,"H.No. 53, Arya Street",Bengaluru,Karnataka,285155
3348,3909,Home,"H.No. 352, Sidhu Road",Jaipur,Rajasthan,178875
3349,4193,Other,"51/391, Loke Circle",Coimbatore,Tamil Nadu,805141
3350,948,Other,"H.No. 074, Maharaj Nagar",Lucknow,Uttar Pradesh,156993
3351,4215,Other,"769, Raja Street",Kolkata,West Bengal,738793
3352,508,Home,"25/23, Bava",Chandigarh,Chandigarh,056360
3353,4322,Home,"H.No. 241, Sood Ganj",Nagpur,Maharashtra,949125
3354,499,Home,"36/69, Gupta Road",Kolkata,West Bengal,436531
3355,895,Home,"59/456, Dalal Circle",Chandigarh,Chandigarh,089514
3356,4908,Other,"31/879, Srinivas Circle",Salem,Tamil Nadu,330230
3357,1396,Home,"333, Vohra Circle",Nagpur,Maharashtra,196025
3358,3223,Office,"27/04, Bajwa Nagar",Mumbai,Maharashtra,386668
3359,4586,Home,"07, Ramachandran Street",Ahmedabad,Gujarat,275789
3360,2394,Other,"36, Balakrishnan Circle",Chennai,Tamil Nadu,373808
3361,4754,Home,"309, Balan Chowk",Delhi,Delhi,998247
3362,3604,Home,"H.No. 751, Randhawa Circle",Delhi,Delhi,109863
3363,3139,Other,"82, Bir Circle",Coimbatore,Tamil Nadu,896006
3364,85,Home,"81/27, Batta",Vellore,Tamil Nadu,252846
3365,4388,Home,"06/81, Desai Chowk",Salem,Tamil Nadu,419979
3366,1655,Other,"H.No. 310, Bhatia Circle",Mysuru,Karnataka,480985
3367,3021,Other,"H.No. 87, Basu Circle",Kochi,Kerala,833465
3368,2704,Office,"72/602, Kalita Zila",Kochi,Kerala,806664
3369,3015,Other,"H.No. 99, Mitter Chowk",Ahmedabad,Gujarat,087803
3370,4346,Other,"25/37, Date Zila",Vijayawada,Andhra Pradesh,887041
3371,1132,Home,"H.No. 78, Keer Zila",Coimbatore,Tamil Nadu,314217
3372,3111,Office,"24, Majumdar Chowk",Delhi,Delhi,331782
3373,4967,Other,"059, Rege Chowk",Jaipur,Rajasthan,208407
3374,322,Home,"64/015, Sen Chowk",Chennai,Tamil Nadu,662199
3375,2071,Other,"56/52, Oza Path",Mysuru,Karnataka,245866
3376,4905,Office,"929, Bhakta",Madurai,Tamil Nadu,226794
3377,4571,Other,"01, Lad Path",Lucknow,Uttar Pradesh,382738
3378,2534,Office,"88/339, Jain Street",Madurai,Tamil Nadu,225468
3379,2844,Home,"966, Bhasin Zila",Indore,Madhya Pradesh,565748
3380,675,Other,"43/71, Dyal Road",Vijayawada,Andhra Pradesh,273506
3381,1607,Other,"H.No. 126, Mangal Marg",Surat,Gujarat,096149
3382,1651,Other,"10/09, Sani Zila",Bengaluru,Karnataka,595454
3383,3801,Other,"H.No. 017, Luthra Circle",Pune,Maharashtra,274205
3384,1855,Other,"25/898, Hora Chowk",Coimbatore,Tamil Nadu,732166
3385,4152,Other,"91, Sem Nagar",Kochi,Kerala,861171
3386,1979,Office,"40/250, Ray Nagar",Surat,Gujarat,227643
3387,4040,Other,"46/52, Parekh Marg",Salem,Tamil Nadu,534774
3388,419,Home,"H.No. 602, Prakash Circle",Ahmedabad,Gujarat,388755
3389,2867,Other,"H.No. 92, Lad Nagar",Visakhapatnam,Andhra Pradesh,552823
3390,998,Other,"H.No. 643, Koshy Nagar",Nagpur,Maharashtra,977444
3391,2804,Other,"294, Shan Path",Mumbai,Maharashtra,740477
3392,434,Home,"H.No. 64, Srivastava",Pune,Maharashtra,834190
3393,3418,Office,"10, Sathe Nagar",Surat,Gujarat,429829
3394,3450,Office,"H.No. 642, Dave Zila",Surat,Gujarat,658597
3395,3021,Office,"489, Agarwal Zila",Surat,Gujarat,579991
3396,2500,Home,"43/45, Palla Marg",Indore,Madhya Pradesh,234344
3397,2560,Home,"70/806, Bobal Ganj",Jaipur,Rajasthan,959435
3398,4337,Home,"45/90, Kadakia Chowk",Tiruchirappalli,Tamil Nadu,282111
3399,3238,Home,"42, Vaidya Zila",Lucknow,Uttar Pradesh,544788
3400,3060,Office,"70, Bhardwaj Chowk",Vellore,Tamil Nadu,070950
3401,2326,Office,"632, Ravel Chowk",Pune,Maharashtra,432657
3402,2759,Home,"H.No. 798, Kumer Nagar",Nagpur,Maharashtra,078937
3403,110,Other,"52, Saran Ganj",Hyderabad,Telangana,691845
3404,869,Office,"H.No. 19, Kapur Circle",Pune,Maharashtra,792826
3405,4563,Home,"90/165, Mutti Zila",Hyderabad,Telangana,274787
3406,1417,Office,"H.No. 53, Jayaraman Ganj",Kolkata,West Bengal,793134
3407,1787,Other,"H.No. 61, Sampath",Delhi,Delhi,765021
3408,1949,Other,"H.No. 027, Samra Circle",Mumbai,Maharashtra,995870
3409,477,Other,"H.No. 12, Karan Path",Mumbai,Maharashtra,631905
3410,3829,Home,"69, Garde Ganj",Bhopal,Madhya Pradesh,927462
3411,2650,Other,"89, Nadig Chowk",Pune,Maharashtra,115243
3412,4923,Home,"075, Hans Chowk",Kolkata,West Bengal,444941
3413,866,Home,"45/962, Jain Road",Salem,Tamil Nadu,092771
3414,3607,Office,"36, Narula Circle",Madurai,Tamil Nadu,705182
3415,4458,Office,"H.No. 103, Wali Zila",Ahmedabad,Gujarat,720759
3416,4270,Office,"H.No. 45, Sanghvi Marg",Tiruchirappalli,Tamil Nadu,966760
3417,4509,Other,"50/434, Bumb Nagar",Kochi,Kerala,265576
3418,1450,Office,"56, Patil Marg",Mysuru,Karnataka,329774
3419,3887,Home,"H.No. 506, Nair Circle",Kolkata,West Bengal,233094
3420,1728,Home,"21/470, Chaudhari Marg",Bengaluru,Karnataka,537305
3421,3399,Office,"H.No. 28, Acharya",Kolkata,West Bengal,816293
3422,4387,Office,"61/50, Choudhury Chowk",Nagpur,Maharashtra,661690
3423,554,Office,"70, Bhargava Path",Coimbatore,Tamil Nadu,117977
3424,1539,Office,"31/994, Savant Marg",Thiruvananthapuram,Kerala,996087
3425,174,Office,"61/22, Vaidya",Thiruvananthapuram,Kerala,087884
3426,2327,Home,"98, Thaman Circle",Visakhapatnam,Andhra Pradesh,437596
3427,1947,Other,"62/74, Grover Circle",Nagpur,Maharashtra,009715
3428,4786,Other,"59, Babu Path",Thiruvananthapuram,Kerala,336721
3429,4375,Home,"H.No. 67, Bhatti Circle",Thiruvananthapuram,Kerala,082824
3430,45,Office,"H.No. 91, Sengupta Ganj",Salem,Tamil Nadu,650942
3431,398,Home,"15/963, Yohannan Chowk",Ahmedabad,Gujarat,319151
3432,1826,Office,"36/900, Sarraf Road",Bengaluru,Karnataka,464494
3433,4651,Other,"H.No. 81, Chaudhari Path",Nagpur,Maharashtra,942789
3434,4512,Other,"19/268, Bhagat",Indore,Madhya Pradesh,986068
3435,3893,Office,"H.No. 41, Sandhu Marg",Chennai,Tamil Nadu,117729
3436,3328,Other,"067, Balan Nagar",Hyderabad,Telangana,858240
3437,547,Other,"77/95, Goda Chowk",Jaipur,Rajasthan,003031
3438,2048,Office,"H.No. 861, Palan Chowk",Delhi,Delhi,224947
3439,4133,Other,"H.No. 19, Pal Road",Vellore,Tamil Nadu,251990
3440,1795,Home,"H.No. 263, Lala Ganj",Coimbatore,Tamil Nadu,277708
3441,888,Other,"42/68, Keer Street",Thiruvananthapuram,Kerala,543448
3442,3362,Home,"H.No. 380, Dara Zila",Thiruvananthapuram,Kerala,576941
3443,3385,Home,"H.No. 398, Pillay Path",Kolkata,West Bengal,237508
3444,3149,Other,"73/17, Ganesan Path",Kochi,Kerala,232434
3445,667,Other,"H.No. 395, Sankaran Chowk",Bhopal,Madhya Pradesh,628073
3446,2017,Other,"H.No. 00, Lad Marg",Jaipur,Rajasthan,580482
3447,4004,Office,"H.No. 782, Raghavan Circle",Bhopal,Madhya Pradesh,558729
3448,1957,Home,"70/625, Sheth Circle",Madurai,Tamil Nadu,608055
3449,4653,Office,"26/231, Sharma Marg",Chandigarh,Chandigarh,011532
3450,4826,Other,"03/414, Sood Chowk",Mumbai,Maharashtra,688637
3451,982,Home,"799, Sodhi Circle",Vellore,Tamil Nadu,805382
3452,705,Office,"239, Narayanan Marg",Visakhapatnam,Andhra Pradesh,537644
3453,308,Other,"H.No. 256, Gara Street",Vellore,Tamil Nadu,083464
3454,3818,Office,"996, Kadakia Zila",Ahmedabad,Gujarat,718606
3455,1978,Home,"94/51, Rajagopalan Nagar",Lucknow,Uttar Pradesh,829216
3456,4284,Office,"86/04, Sundaram Street",Thiruvananthapuram,Kerala,710363
3457,4530,Home,"H.No. 69, Sagar Path",Vijayawada,Andhra Pradesh,509694
3458,4253,Other,"352, Wadhwa Circle",Jaipur,Rajasthan,888608
3459,2342,Office,"H.No. 071, Ghosh Road",Chandigarh,Chandigarh,603680
3460,3783,Home,"84/44, Sura Ganj",Visakhapatnam,Andhra Pradesh,132677
3461,3295,Other,"831, Borra",Salem,Tamil Nadu,438430
3462,2825,Home,"75/68, Goda Road",Coimbatore,Tamil Nadu,818018
3463,2627,Other,"H.No. 72, Chand",Lucknow,Uttar Pradesh,112659
3464,4592,Home,"H.No. 60, Bhandari Ganj",Surat,Gujarat,312178
3465,2768,Home,"04, Konda Street",Delhi,Delhi,758881
3466,1331,Office,"59/20, Kamdar Marg",Jaipur,Rajasthan,416527
3467,4061,Other,"18, Chauhan",Lucknow,Uttar Pradesh,953100
3468,3932,Office,"92, Bhatt Path",Bhopal,Madhya Pradesh,622380
3469,4476,Other,"702, Chand Nagar",Bhopal,Madhya Pradesh,014696
3470,3978,Other,"36/077, Swaminathan Street",Kochi,Kerala,045098
3471,3635,Office,"35, Khosla Ganj",Coimbatore,Tamil Nadu,501626
3472,1504,Home,"H.No. 10, Magar Road",Mumbai,Maharashtra,173051
3473,1314,Office,"H.No. 332, Randhawa Nagar",Ahmedabad,Gujarat,309240
3474,2741,Other,"H.No. 13, Saini Path",Bhopal,Madhya Pradesh,533903
3475,445,Other,"857, Iyer Road",Mumbai,Maharashtra,919580
3476,1808,Office,"H.No. 841, Dhar Marg",Visakhapatnam,Andhra Pradesh,750146
3477,278,Home,"14/650, Kar Nagar",Visakhapatnam,Andhra Pradesh,558464
3478,2205,Home,"H.No. 181, Bail",Chennai,Tamil Nadu,320165
3479,2128,Home,"88/90, Babu Marg",Indore,Madhya Pradesh,750751
3480,4162,Other,"77, Bail Path",Tiruchirappalli,Tamil Nadu,616228
3481,4412,Other,"965, Yogi Marg",Tiruchirappalli,Tamil Nadu,202048
3482,2664,Home,"H.No. 036, Karan Path",Nagpur,Maharashtra,764144
3483,4296,Other,"71/974, Kamdar Path",Visakhapatnam,Andhra Pradesh,459550
3484,3197,Office,"H.No. 290, Palla Marg",Mysuru,Karnataka,735642
3485,4043,Other,"29/436, Barad Zila",Chandigarh,Chandigarh,982450
3486,942,Other,"H.No. 64, Barman Chowk",Kolkata,West Bengal,360741
3487,641,Other,"H.No. 602, Patil Street",Vijayawada,Andhra Pradesh,553134
3488,3232,Other,"62, Bala Street",Mysuru,Karnataka,417540
3489,126,Office,"37, Bansal",Madurai,Tamil Nadu,848281
3490,4706,Other,"933, Ravi",Mysuru,Karnataka,082965
3491,2673,Home,"H.No. 206, Raju Road",Bengaluru,Karnataka,676478
3492,578,Home,"25, Lal Nagar",Indore,Madhya Pradesh,014399
3493,4376,Office,"H.No. 70, Garde",Chandigarh,Chandigarh,102855
3494,1221,Other,"H.No. 38, Naidu Street",Lucknow,Uttar Pradesh,203286
3495,1513,Office,"18/19, Banik Circle",Vijayawada,Andhra Pradesh,283905
3496,160,Home,"H.No. 673, Kar Nagar",Jaipur,Rajasthan,388401
3497,3976,Office,"77/692, Das Zila",Surat,Gujarat,507197
3498,4245,Home,"57/44, Mall Path",Nagpur,Maharashtra,691438
3499,569,Home,"73, Mody Circle",Surat,Gujarat,155676
3500,3888,Other,"79/29, Gole Marg",Lucknow,Uttar Pradesh,327324
3501,2935,Home,"03, Brar",Hyderabad,Telangana,566514
3502,2307,Home,"34/307, Vasa Marg",Kochi,Kerala,298768
3503,422,Office,"60/519, Sinha Zila",Surat,Gujarat,242363
3504,2811,Other,"H.No. 37, Walla Ganj",Indore,Madhya Pradesh,131843
3505,837,Office,"H.No. 357, Sarkar Zila",Salem,Tamil Nadu,611147
3506,3347,Office,"073, Shenoy Road",Vijayawada,Andhra Pradesh,354145
3507,309,Office,"47, Bhatt Ganj",Coimbatore,Tamil Nadu,688592
3508,1067,Home,"37, Atwal Nagar",Chennai,Tamil Nadu,383014
3509,1370,Home,"81, Prakash Marg",Visakhapatnam,Andhra Pradesh,088041
3510,2805,Other,"24/462, Vyas Circle",Chandigarh,Chandigarh,617346
3511,3034,Home,"73/63, Lala Zila",Salem,Tamil Nadu,181372
3512,4358,Other,"38/04, Ahuja Path",Mumbai,Maharashtra,083491
3513,2622,Other,"47, Kumer Marg",Indore,Madhya Pradesh,738681
3514,3981,Home,"722, Chauhan Chowk",Bengaluru,Karnataka,553925
3515,944,Office,"H.No. 213, Sur Marg",Jaipur,Rajasthan,603384
3516,4351,Office,"78/760, Vaidya Street",Lucknow,Uttar Pradesh,490726
3517,417,Office,"81/05, Kothari Nagar",Indore,Madhya Pradesh,678128
3518,4323,Other,"93, Zachariah",Kochi,Kerala,930822
3519,432,Other,"81/469, Krish Path",Ahmedabad,Gujarat,369823
3520,4468,Other,"H.No. 724, Sachdeva Circle",Salem,Tamil Nadu,156230
3521,2789,Other,"80, Mammen Zila",Chennai,Tamil Nadu,701412
3522,2382,Other,"H.No. 47, Dutt Zila",Hyderabad,Telangana,836248
3523,888,Other,"H.No. 85, Grewal Marg",Kochi,Kerala,788617
3524,4744,Home,"776, Sagar Nagar",Mumbai,Maharashtra,951368
3525,3736,Office,"57, Borde Road",Tiruchirappalli,Tamil Nadu,984366
3526,3705,Office,"37/561, Magar Circle",Surat,Gujarat,357777
3527,4020,Office,"29/45, Kaur Circle",Madurai,Tamil Nadu,188374
3528,2695,Home,"92/39, Barad Marg",Surat,Gujarat,244502
3529,268,Home,"70, Dara Street",Bhopal,Madhya Pradesh,829598
3530,3131,Other,"10, Sarma Ganj",Bengaluru,Karnataka,329403
3531,3734,Other,"H.No. 37, Chana Road",Tiruchirappalli,Tamil Nadu,698086
3532,4995,Office,"H.No. 10, Sachdev Circle",Kolkata,West Bengal,997078
3533,2091,Home,"31/32, Modi",Lucknow,Uttar Pradesh,275942
3534,3946,Home,"H.No. 165, Patla Chowk",Chandigarh,Chandigarh,574863
3535,1799,Home,"10/70, Ramesh Path",Coimbatore,Tamil Nadu,557384
3536,3200,Other,"H.No. 960, Sankar Nagar",Thiruvananthapuram,Kerala,161531
3537,4180,Home,"60, Memon Street",Tiruchirappalli,Tamil Nadu,569791
3538,2006,Home,"H.No. 33, Seth Marg",Surat,Gujarat,755460
3539,876,Other,"34/26, Pradhan Nagar",Jaipur,Rajasthan,388249
3540,2069,Other,"66/08, Varkey Zila",Delhi,Delhi,588041
3541,358,Home,"03/634, Saxena Circle",Bengaluru,Karnataka,512619
3542,516,Office,"90, Dugar Street",Pune,Maharashtra,094431
3543,4530,Office,"H.No. 345, Sarraf Path",Tiruchirappalli,Tamil Nadu,072566
3544,1479,Office,"306, Saini Ganj",Hyderabad,Telangana,783715
3545,2232,Other,"H.No. 413, Sunder Marg",Chandigarh,Chandigarh,767959
3546,4982,Office,"22/496, Kamdar Chowk",Delhi,Delhi,196755
3547,1189,Other,"12/09, Natt Road",Ahmedabad,Gujarat,028944
3548,960,Home,"82/69, Raval Chowk",Ahmedabad,Gujarat,136674
3549,4828,Office,"99/69, Venkataraman Nagar",Vellore,Tamil Nadu,863914
3550,157,Home,"35/90, Mangal",Bengaluru,Karnataka,444742
3551,2499,Other,"H.No. 725, Mahajan Road",Bhopal,Madhya Pradesh,278610
3552,4265,Office,"H.No. 72, Soman Circle",Chennai,Tamil Nadu,075193
3553,2502,Other,"H.No. 60, Sen Ganj",Kolkata,West Bengal,803568
3554,4099,Home,"08/587, Sharaf Chowk",Coimbatore,Tamil Nadu,750139
3555,1470,Office,"25/67, Sridhar",Salem,Tamil Nadu,631771
3556,1904,Other,"667, Sabharwal Circle",Salem,Tamil Nadu,633863
3557,4120,Home,"032, Dayal Marg",Kochi,Kerala,986409
3558,4529,Other,"65, Sur Road",Chandigarh,Chandigarh,053644
3559,1281,Office,"H.No. 95, Chauhan Road",Chandigarh,Chandigarh,176208
3560,239,Other,"H.No. 289, Kumar Ganj",Indore,Madhya Pradesh,800920
3561,2443,Office,"650, Pant Road",Hyderabad,Telangana,869690
3562,569,Office,"H.No. 923, Chakraborty Ganj",Ahmedabad,Gujarat,240415
3563,1490,Other,"H.No. 84, Shere Street",Nagpur,Maharashtra,861277
3564,4818,Other,"335, Mukhopadhyay Marg",Bhopal,Madhya Pradesh,018445
3565,4781,Office,"61, Gill Marg",Madurai,Tamil Nadu,064103
3566,1539,Home,"41/73, Reddy Street",Chennai,Tamil Nadu,234655
3567,2208,Home,"12, Kannan Nagar",Indore,Madhya Pradesh,672644
3568,3340,Other,"H.No. 989, Uppal Street",Delhi,Delhi,435354
3569,4474,Other,"H.No. 62, Sami Circle",Vijayawada,Andhra Pradesh,781384
3570,4840,Other,"H.No. 13, Bassi Road",Visakhapatnam,Andhra Pradesh,491850
3571,4141,Office,"82/405, Luthra Path",Ahmedabad,Gujarat,512069
3572,2627,Office,"61/195, Sha",Nagpur,Maharashtra,725303
3573,715,Office,"H.No. 84, More Marg",Vellore,Tamil Nadu,944280
3574,2780,Home,"H.No. 00, Gala",Kochi,Kerala,195078
3575,2068,Home,"053, Bala",Chennai,Tamil Nadu,343292
3576,2673,Other,"055, Pal Path",Kolkata,West Bengal,284975
3577,2156,Office,"H.No. 78, Karnik Ganj",Chennai,Tamil Nadu,994310
3578,225,Office,"H.No. 888, Saxena Path",Chennai,Tamil Nadu,828095
3579,1742,Office,"839, Vasa Chowk",Mumbai,Maharashtra,018986
3580,4568,Other,"98/460, Master Chowk",Chandigarh,Chandigarh,625670
3581,3849,Other,"718, Sekhon Circle",Ahmedabad,Gujarat,875098
3582,3275,Office,"20/752, Krishnan Nagar",Surat,Gujarat,907439
3583,562,Home,"64/847, Gupta Chowk",Mumbai,Maharashtra,024440
3584,61,Other,"197, Acharya Zila",Vijayawada,Andhra Pradesh,120367
3585,4333,Office,"16/94, Sant Street",Delhi,Delhi,666471
3586,3811,Home,"93, Goswami Path",Salem,Tamil Nadu,565208
3587,4817,Other,"H.No. 300, Raju Zila",Salem,Tamil Nadu,832152
3588,1725,Office,"H.No. 741, Purohit Marg",Indore,Madhya Pradesh,308604
3589,695,Other,"31/67, Kala Street",Mumbai,Maharashtra,464471
3590,3643,Other,"06, Sani Nagar",Coimbatore,Tamil Nadu,377889
3591,1987,Office,"H.No. 418, Baral Zila",Ahmedabad,Gujarat,729084
3592,3908,Home,"80/11, Bhat Chowk",Delhi,Delhi,647658
3593,3669,Home,"57, Bail",Bengaluru,Karnataka,367594
3594,477,Office,"10/99, Kalla",Mumbai,Maharashtra,848652
3595,1188,Other,"H.No. 804, Kala Path",Bhopal,Madhya Pradesh,430498
3596,3199,Office,"H.No. 700, Dube Nagar",Jaipur,Rajasthan,755475
3597,1793,Office,"96/416, Wadhwa Ganj",Mysuru,Karnataka,511723
3598,1912,Home,"582, Soman Zila",Bhopal,Madhya Pradesh,633080
3599,2435,Office,"08/86, Chhabra Zila",Madurai,Tamil Nadu,580443
3600,1275,Other,"57, Date Chowk",Thiruvananthapuram,Kerala,127168
3601,75,Home,"H.No. 981, Sagar Chowk",Lucknow,Uttar Pradesh,352152
3602,2087,Office,"37, Bora Zila",Thiruvananthapuram,Kerala,706868
3603,2985,Other,"H.No. 64, Mannan Zila",Salem,Tamil Nadu,359468
3604,2239,Office,"742, Gera Path",Kochi,Kerala,776899
3605,3101,Office,"73/951, Raju Marg",Hyderabad,Telangana,323701
3606,844,Home,"09/507, Panchal Zila",Delhi,Delhi,996323
3607,1111,Office,"47/725, Sahota",Visakhapatnam,Andhra Pradesh,159533
3608,389,Home,"H.No. 629, Saraf Nagar",Bengaluru,Karnataka,881566
3609,1498,Office,"30/980, Chacko Path",Kochi,Kerala,434936
3610,2010,Home,"H.No. 68, Vig Nagar",Salem,Tamil Nadu,793472
3611,1853,Office,"41/676, Chandra Street",Nagpur,Maharashtra,430964
3612,4377,Home,"H.No. 29, Dey Ganj",Lucknow,Uttar Pradesh,834870
3613,2033,Office,"51/62, Baria Circle",Salem,Tamil Nadu,548262
3614,1480,Home,"33, Grover Zila",Pune,Maharashtra,812876
3615,2864,Other,"404, Sathe Zila",Lucknow,Uttar Pradesh,476522
3616,2147,Other,"96, Narula Circle",Surat,Gujarat,692175
3617,1512,Other,"13, Dhawan Path",Coimbatore,Tamil Nadu,547050
3618,3114,Other,"H.No. 74, Vyas Path",Salem,Tamil Nadu,766487
3619,2686,Home,"H.No. 383, Gola Zila",Coimbatore,Tamil Nadu,607833
3620,4971,Home,"48/22, Patil Road",Pune,Maharashtra,488160
3621,2488,Home,"H.No. 34, Sur Zila",Ahmedabad,Gujarat,546141
3622,3525,Other,"91/014, Kapadia Chowk",Lucknow,Uttar Pradesh,298358
3623,4609,Office,"H.No. 80, Desai Zila",Bengaluru,Karnataka,712771
3624,1806,Office,"85, Agrawal Ganj",Mumbai,Maharashtra,744794
3625,3452,Other,"03/08, Dutta",Delhi,Delhi,906419
3626,2628,Other,"H.No. 84, Dubey Nagar",Vijayawada,Andhra Pradesh,764526
3627,4228,Home,"72/80, Khanna Street",Lucknow,Uttar Pradesh,562600
3628,2233,Home,"H.No. 98, Dara Nagar",Indore,Madhya Pradesh,030053
3629,1752,Home,"28/68, Dyal Chowk",Tiruchirappalli,Tamil Nadu,030710
3630,2259,Other,"92, Jayaraman Street",Thiruvananthapuram,Kerala,662154
3631,2777,Home,"H.No. 19, Bhargava Circle",Lucknow,Uttar Pradesh,027292
3632,1561,Other,"863, Yogi Path",Bengaluru,Karnataka,492638
3633,1817,Office,"49/559, Bera Zila",Vellore,Tamil Nadu,335588
3634,1813,Office,"28, Lala Ganj",Visakhapatnam,Andhra Pradesh,389161
3635,3119,Home,"H.No. 58, Pau Chowk",Madurai,Tamil Nadu,029614
3636,1593,Other,"94/167, Narang",Lucknow,Uttar Pradesh,027989
3637,4173,Other,"H.No. 54, Buch Circle",Visakhapatnam,Andhra Pradesh,891728
3638,4458,Office,"H.No. 84, Sule Circle",Mysuru,Karnataka,940092
3639,2934,Office,"886, Zachariah Path",Tiruchirappalli,Tamil Nadu,720080
3640,2623,Home,"01, Tank",Chennai,Tamil Nadu,357529
3641,4867,Office,"H.No. 55, Tella Marg",Salem,Tamil Nadu,846900
3642,4465,Other,"H.No. 81, Kakar Street",Chandigarh,Chandigarh,242494
3643,61,Home,"00/251, Baral",Chandigarh,Chandigarh,724460
3644,631,Home,"72, Walia Road",Bengaluru,Karnataka,747630
3645,4396,Other,"H.No. 72, Balan Circle",Bengaluru,Karnataka,006347
3646,2742,Office,"18/042, Dube Nagar",Chennai,Tamil Nadu,305975
3647,1402,Office,"368, Thaker Street",Mysuru,Karnataka,657555
3648,4579,Home,"H.No. 86, Naik Circle",Nagpur,Maharashtra,850664
3649,358,Home,"26/48, Choudhury Chowk",Mysuru,Karnataka,000255
3650,829,Office,"45, Khare Ganj",Chennai,Tamil Nadu,798529
3651,4719,Other,"84/470, Dani Road",Madurai,Tamil Nadu,505633
3652,329,Office,"H.No. 695, Bhatti Zila",Vellore,Tamil Nadu,961387
3653,4046,Other,"95/594, Gokhale Street",Nagpur,Maharashtra,332419
3654,351,Office,"11, Ahluwalia Circle",Mysuru,Karnataka,677436
3655,2435,Office,"H.No. 89, Venkatesh Nagar",Jaipur,Rajasthan,927143
3656,1994,Office,"47/49, Mohan Ganj",Kolkata,West Bengal,688938
3657,1953,Home,"H.No. 618, Sharaf Chowk",Salem,Tamil Nadu,458084
3658,4513,Home,"H.No. 965, Bhavsar Street",Pune,Maharashtra,900531
3659,301,Home,"05, Suri Path",Nagpur,Maharashtra,028459
3660,309,Home,"76/95, Chandra Path",Vijayawada,Andhra Pradesh,681307
3661,1885,Office,"31, Khurana Circle",Mysuru,Karnataka,941234
3662,855,Home,"23/25, Bhalla Circle",Vijayawada,Andhra Pradesh,455711
3663,1266,Home,"743, Chauhan Path",Hyderabad,Telangana,928632
3664,3692,Office,"02/317, Bandi Road",Chandigarh,Chandigarh,810607
3665,1263,Home,"443, Mammen Ganj",Visakhapatnam,Andhra Pradesh,026335
3666,3876,Other,"H.No. 16, Tandon Street",Mysuru,Karnataka,252151
3667,1497,Office,"35/172, Raj Ganj",Visakhapatnam,Andhra Pradesh,044852
3668,3618,Home,"H.No. 235, Singhal Road",Madurai,Tamil Nadu,240553
3669,2915,Home,"11, Badal Ganj",Visakhapatnam,Andhra Pradesh,458927
3670,651,Other,"23/408, Banik Chowk",Visakhapatnam,Andhra Pradesh,683355
3671,4554,Home,"38, Bhatnagar Path",Chandigarh,Chandigarh,843997
3672,1385,Other,"69/80, Pai Nagar",Lucknow,Uttar Pradesh,733807
3673,2590,Home,"60, Mani",Madurai,Tamil Nadu,447501
3674,667,Other,"H.No. 05, Ramanathan Marg",Delhi,Delhi,589906
3675,4472,Home,"69/72, Jaggi Street",Delhi,Delhi,420430
3676,4160,Home,"31, Cheema",Pune,Maharashtra,697136
3677,1591,Office,"H.No. 91, Mitra Zila",Delhi,Delhi,028612
3678,3539,Home,"286, Madan Zila",Hyderabad,Telangana,245422
3679,3350,Home,"92/243, Dixit Nagar",Kolkata,West Bengal,200013
3680,2073,Home,"89, Dyal Street",Chennai,Tamil Nadu,350979
3681,864,Office,"35/329, Rai Path",Tiruchirappalli,Tamil Nadu,762948
3682,1387,Other,"76, Bhalla Road",Lucknow,Uttar Pradesh,795361
3683,817,Other,"H.No. 830, Baral Chowk",Ahmedabad,Gujarat,633602
3684,2146,Home,"156, Gade Chowk",Tiruchirappalli,Tamil Nadu,173629
3685,4499,Home,"H.No. 59, Singhal Circle",Delhi,Delhi,738243
3686,1741,Office,"H.No. 462, Dutta",Kochi,Kerala,228338
3687,329,Office,"852, Kalla Street",Salem,Tamil Nadu,906270
3688,1329,Other,"H.No. 144, Garg Zila",Thiruvananthapuram,Kerala,522924
3689,4240,Other,"70, Kannan Circle",Chennai,Tamil Nadu,504629
3690,4870,Other,"741, Hegde Path",Bhopal,Madhya Pradesh,833878
3691,2839,Home,"19/05, Bali Ganj",Vijayawada,Andhra Pradesh,587595
3692,2798,Office,"25/72, Gopal Ganj",Hyderabad,Telangana,007086
3693,2559,Other,"69/48, Ramesh Road",Chennai,Tamil Nadu,475291
3694,2418,Office,"35/65, Raj Nagar",Tiruchirappalli,Tamil Nadu,270252
3695,892,Home,"41/105, Roy Path",Chennai,Tamil Nadu,412667
3696,1176,Office,"80/940, Ratti Path",Salem,Tamil Nadu,703364
3697,4058,Other,"H.No. 53, Bajwa Street",Mysuru,Karnataka,543261
3698,4392,Other,"403, Bobal Chowk",Vijayawada,Andhra Pradesh,243109
3699,3946,Office,"H.No. 68, Balan Ganj",Bhopal,Madhya Pradesh,312252
3700,4466,Home,"H.No. 97, Sarma Road",Bengaluru,Karnataka,067644
3701,3554,Other,"63/07, Sharma Nagar",Kolkata,West Bengal,010124
3702,407,Office,"05/69, Dave Road",Hyderabad,Telangana,187490
3703,4439,Other,"H.No. 49, Bhagat Zila",Delhi,Delhi,723149
3704,4176,Office,"H.No. 499, Babu Ganj",Nagpur,Maharashtra,404121
3705,3108,Home,"04, Borde Ganj",Jaipur,Rajasthan,550315
3706,3233,Office,"50/66, Sani Nagar",Indore,Madhya Pradesh,514148
3707,3278,Home,"H.No. 15, Bail Marg",Delhi,Delhi,142770
3708,3658,Other,"H.No. 538, Contractor Marg",Mumbai,Maharashtra,511162
3709,4442,Home,"H.No. 435, Hans",Salem,Tamil Nadu,106165
3710,3814,Office,"47/255, Dara Ganj",Chandigarh,Chandigarh,737122
3711,3727,Home,"25, Mohan Nagar",Indore,Madhya Pradesh,240886
3712,873,Home,"96/925, Keer Ganj",Mysuru,Karnataka,010999
3713,878,Home,"H.No. 914, Bal Nagar",Chandigarh,Chandigarh,297192
3714,609,Home,"87/41, Kurian Path",Pune,Maharashtra,543450
3715,4576,Home,"64, Srinivas Street",Kochi,Kerala,869664
3716,3680,Home,"H.No. 051, Deshmukh Street",Nagpur,Maharashtra,243067
3717,3998,Office,"98, Rajan Ganj",Ahmedabad,Gujarat,781070
3718,1130,Home,"H.No. 08, Kapoor",Mumbai,Maharashtra,133157
3719,1109,Office,"H.No. 823, Rajan Marg",Jaipur,Rajasthan,620172
3720,2469,Other,"12/660, Sahota Circle",Kochi,Kerala,110840
3721,2021,Office,"09/27, Sule Marg",Surat,Gujarat,608633
3722,1602,Other,"95/06, Ravel Marg",Chandigarh,Chandigarh,605508
3723,1114,Office,"05/090, Kamdar Circle",Kochi,Kerala,692509
3724,4631,Other,"H.No. 56, Muni Road",Bengaluru,Karnataka,994124
3725,3952,Other,"16, Prabhu Nagar",Kochi,Kerala,299907
3726,3221,Home,"H.No. 918, Mukherjee Zila",Delhi,Delhi,678490
3727,28,Office,"177, Chander Road",Mumbai,Maharashtra,767550
3728,755,Other,"H.No. 37, Issac Path",Jaipur,Rajasthan,575229
3729,4594,Office,"H.No. 838, Banik Marg",Kolkata,West Bengal,903674
3730,4827,Office,"56, Pillai Chowk",Vijayawada,Andhra Pradesh,515347
3731,4816,Other,"927, Vasa Nagar",Kolkata,West Bengal,207800
3732,2551,Home,"81, D’Alia Nagar",Salem,Tamil Nadu,320823
3733,3293,Office,"H.No. 609, Bakshi",Tiruchirappalli,Tamil Nadu,578851
3734,3173,Other,"19, Tara Nagar",Nagpur,Maharashtra,444904
3735,2351,Other,"46/16, Dass Street",Chandigarh,Chandigarh,772610
3736,2971,Office,"H.No. 02, Bahl Marg",Indore,Madhya Pradesh,846559
3737,2509,Other,"H.No. 895, Zachariah Marg",Indore,Madhya Pradesh,499339
3738,2048,Home,"H.No. 53, Bhatnagar",Thiruvananthapuram,Kerala,238487
3739,4867,Other,"H.No. 444, Kapur Ganj",Vellore,Tamil Nadu,360908
3740,4916,Home,"53, Mohan Chowk",Chandigarh,Chandigarh,631834
3741,4508,Office,"90/024, Gandhi",Madurai,Tamil Nadu,852346
3742,2615,Other,"H.No. 12, Sandhu Zila",Coimbatore,Tamil Nadu,608960
3743,3109,Office,"H.No. 665, Sehgal Circle",Thiruvananthapuram,Kerala,425658
3744,484,Home,"38/54, Mital Nagar",Delhi,Delhi,503986
3745,2906,Office,"34/66, Bajaj",Indore,Madhya Pradesh,449860
3746,1341,Office,"65/32, Kapoor Circle",Vijayawada,Andhra Pradesh,530707
3747,390,Office,"04/87, Sandal Circle",Mysuru,Karnataka,150833
3748,4665,Office,"H.No. 12, Wable",Jaipur,Rajasthan,945418
3749,742,Other,"788, Modi Zila",Ahmedabad,Gujarat,425074
3750,3003,Home,"20/39, Bhargava Path",Salem,Tamil Nadu,786775
3751,1302,Home,"H.No. 053, Sule Path",Mysuru,Karnataka,036733
3752,3102,Other,"H.No. 424, Mand Chowk",Coimbatore,Tamil Nadu,516329
3753,2659,Office,"61, Trivedi Road",Surat,Gujarat,436485
3754,375,Home,"82, Pathak Chowk",Jaipur,Rajasthan,730614
3755,3148,Home,"H.No. 174, Purohit Zila",Salem,Tamil Nadu,000925
3756,3412,Office,"83/596, Sehgal Street",Nagpur,Maharashtra,877765
3757,3754,Other,"H.No. 234, Dara Chowk",Mysuru,Karnataka,513740
3758,580,Office,"26/56, Golla Path",Surat,Gujarat,675627
3759,3196,Other,"H.No. 54, Kaur Nagar",Salem,Tamil Nadu,989397
3760,1801,Office,"55/36, Gara Road",Bengaluru,Karnataka,094705
3761,4496,Home,"H.No. 76, Thaman Path",Madurai,Tamil Nadu,901876
3762,2170,Other,"04, Vaidya Ganj",Tiruchirappalli,Tamil Nadu,287158
3763,3056,Home,"H.No. 43, Deep Nagar",Vijayawada,Andhra Pradesh,385442
3764,2657,Home,"H.No. 294, Amble Circle",Bhopal,Madhya Pradesh,688698
3765,1267,Office,"76/34, Sura Street",Coimbatore,Tamil Nadu,477115
3766,2756,Office,"73/78, Om Zila",Madurai,Tamil Nadu,162173
3767,3707,Home,"13, Tandon Circle",Hyderabad,Telangana,140319
3768,1473,Other,"66, Samra Zila",Kolkata,West Bengal,469889
3769,928,Other,"62, Thakkar Zila",Thiruvananthapuram,Kerala,247922
3770,224,Home,"68, Sarraf Marg",Lucknow,Uttar Pradesh,716714
3771,3094,Office,"92, Shan Path",Hyderabad,Telangana,235298
3772,1664,Office,"H.No. 934, Kapoor Zila",Nagpur,Maharashtra,345424
3773,2034,Office,"H.No. 155, Grewal Circle",Mysuru,Karnataka,181951
3774,3525,Home,"H.No. 907, Saran Nagar",Surat,Gujarat,769313
3775,2970,Home,"45, Hegde Ganj",Indore,Madhya Pradesh,642550
3776,3094,Office,"H.No. 33, Chakrabarti Street",Hyderabad,Telangana,125467
3777,3387,Office,"14/99, Parmar",Bhopal,Madhya Pradesh,703170
3778,3030,Other,"82, Hayre Path",Ahmedabad,Gujarat,014354
3779,864,Home,"36, Uppal Chowk",Nagpur,Maharashtra,686364
3780,894,Home,"49/810, Hari Marg",Indore,Madhya Pradesh,673920
3781,3923,Office,"04/294, Dey Street",Coimbatore,Tamil Nadu,192474
3782,4357,Other,"50/697, Gara Circle",Hyderabad,Telangana,993872
3783,860,Office,"H.No. 203, Dora Circle",Bengaluru,Karnataka,990150
3784,3444,Home,"54/76, Saran Zila",Kolkata,West Bengal,680304
3785,4821,Office,"H.No. 546, Badal Circle",Nagpur,Maharashtra,314336
3786,267,Office,"H.No. 74, Grewal Ganj",Kochi,Kerala,115495
3787,2926,Office,"17/91, Raghavan",Hyderabad,Telangana,913641
3788,3805,Other,"65/920, Mittal Path",Visakhapatnam,Andhra Pradesh,609016
3789,2962,Office,"H.No. 153, Badami Marg",Chennai,Tamil Nadu,439453
3790,575,Other,"73/20, Sachdev Nagar",Mumbai,Maharashtra,153530
3791,3654,Home,"256, Morar Street",Bhopal,Madhya Pradesh,497046
3792,2902,Other,"55/51, Kade Marg",Mysuru,Karnataka,405741
3793,4473,Home,"93/539, Agarwal Zila",Tiruchirappalli,Tamil Nadu,891667
3794,1987,Other,"09/521, Natarajan Circle",Hyderabad,Telangana,804394
3795,1425,Office,"00/88, Dhar",Vellore,Tamil Nadu,857839
3796,2897,Home,"703, Sinha Chowk",Kolkata,West Bengal,120588
3797,4229,Home,"48/53, Shan Nagar",Nagpur,Maharashtra,878134
3798,187,Office,"95/140, Bhandari Path",Lucknow,Uttar Pradesh,813617
3799,3839,Home,"H.No. 048, Modi Path",Ahmedabad,Gujarat,234810
3800,4254,Other,"52/553, Rajan",Hyderabad,Telangana,556144
3801,4610,Other,"987, Bhatnagar Nagar",Ahmedabad,Gujarat,932152
3802,1696,Office,"H.No. 761, Char Zila",Coimbatore,Tamil Nadu,832409
3803,306,Office,"52/612, Rama Zila",Kolkata,West Bengal,948100
3804,4425,Other,"H.No. 233, Das Nagar",Delhi,Delhi,796556
3805,536,Home,"238, Rama Ganj",Tiruchirappalli,Tamil Nadu,143446
3806,366,Other,"807, Bhalla Road",Chennai,Tamil Nadu,389059
3807,3223,Office,"H.No. 942, Biswas Circle",Thiruvananthapuram,Kerala,836257
3808,3960,Office,"108, Goyal Chowk",Mysuru,Karnataka,410591
3809,4730,Home,"79/815, Nayar Path",Tiruchirappalli,Tamil Nadu,849552
3810,2289,Office,"H.No. 35, Devi Street",Bengaluru,Karnataka,732842
3811,3880,Home,"72/98, Edwin Nagar",Kolkata,West Bengal,291726
3812,4719,Home,"H.No. 342, Muni Nagar",Kolkata,West Bengal,781314
3813,1211,Office,"25, Bhat Ganj",Madurai,Tamil Nadu,024130
3814,4973,Office,"H.No. 131, Samra Road",Vijayawada,Andhra Pradesh,421437
3815,4400,Other,"05/59, Deol Street",Hyderabad,Telangana,702604
3816,1497,Office,"97, Vasa",Chandigarh,Chandigarh,256964
3817,1736,Other,"H.No. 350, Saraf Chowk",Coimbatore,Tamil Nadu,996727
3818,3957,Other,"396, Bal Circle",Pune,Maharashtra,711947
3819,1963,Home,"H.No. 522, Chandran Nagar",Salem,Tamil Nadu,270422
3820,3966,Office,"33/23, Chada Circle",Delhi,Delhi,331616
3821,4584,Office,"97/446, Sur",Jaipur,Rajasthan,711989
3822,3953,Other,"H.No. 115, Setty Chowk",Jaipur,Rajasthan,390371
3823,2520,Other,"58/602, Mitra Marg",Indore,Madhya Pradesh,362458
3824,4868,Other,"69/371, Shenoy Road",Chennai,Tamil Nadu,508057
3825,462,Other,"H.No. 784, Mallick Road",Visakhapatnam,Andhra Pradesh,027489
3826,4845,Office,"443, Jayaraman Chowk",Tiruchirappalli,Tamil Nadu,660448
3827,4842,Home,"71/188, Ray Zila",Nagpur,Maharashtra,827734
3828,3615,Office,"49, Sarma Marg",Lucknow,Uttar Pradesh,527331
3829,4630,Office,"H.No. 67, Mane Path",Hyderabad,Telangana,354557
3830,470,Other,"07/907, Bhakta Chowk",Visakhapatnam,Andhra Pradesh,553001
3831,3063,Home,"141, Sinha Street",Lucknow,Uttar Pradesh,592129
3832,621,Office,"72, Ben Road",Kochi,Kerala,552517
3833,2852,Office,"H.No. 85, Nagi Marg",Coimbatore,Tamil Nadu,642437
3834,1878,Office,"822, Goyal Nagar",Ahmedabad,Gujarat,041064
3835,4419,Office,"H.No. 726, Dugar Path",Ahmedabad,Gujarat,148760
3836,3571,Home,"37, Prakash Street",Thiruvananthapuram,Kerala,093219
3837,880,Office,"93, Bhargava Street",Salem,Tamil Nadu,065069
3838,731,Home,"15/884, Panchal Road",Vijayawada,Andhra Pradesh,364941
3839,1940,Home,"00/208, Prashad",Coimbatore,Tamil Nadu,604062
3840,2303,Home,"151, Murty Chowk",Vellore,Tamil Nadu,967929
3841,4692,Home,"H.No. 586, Kaur Path",Vellore,Tamil Nadu,434220
3842,1736,Home,"H.No. 431, Shah Nagar",Visakhapatnam,Andhra Pradesh,222874
3843,362,Other,"93/67, Gala Road",Hyderabad,Telangana,017678
3844,4045,Other,"880, Chawla Zila",Hyderabad,Telangana,305292
3845,2928,Office,"35/22, Shroff Ganj",Tiruchirappalli,Tamil Nadu,504480
3846,1356,Office,"32/448, Rastogi",Mumbai,Maharashtra,604126
3847,1451,Office,"55, Dayal Road",Jaipur,Rajasthan,933997
3848,2421,Home,"146, Rajan Zila",Vellore,Tamil Nadu,476102
3849,970,Home,"54/419, Lanka Nagar",Jaipur,Rajasthan,770296
3850,1145,Home,"H.No. 503, Sachdev Path",Nagpur,Maharashtra,372464
3851,307,Home,"04, Parikh Circle",Bengaluru,Karnataka,199065
3852,4003,Office,"32/267, Bobal",Surat,Gujarat,178512
3853,4389,Office,"27/29, Ravi Zila",Chandigarh,Chandigarh,222925
3854,791,Office,"41/87, Sridhar Path",Ahmedabad,Gujarat,176572
3855,493,Other,"45/883, Sant Marg",Thiruvananthapuram,Kerala,798334
3856,2928,Other,"33/78, Ramanathan Ganj",Kolkata,West Bengal,592668
3857,638,Office,"80, Bains Circle",Hyderabad,Telangana,956530
3858,4487,Office,"H.No. 227, Arya Path",Vijayawada,Andhra Pradesh,604709
3859,4591,Other,"03/37, Lanka Zila",Coimbatore,Tamil Nadu,137472
3860,478,Office,"39/22, Thakur Marg",Bengaluru,Karnataka,954276
3861,3274,Home,"33/69, Kala Circle",Pune,Maharashtra,407281
3862,2191,Office,"81/61, Bal Circle",Delhi,Delhi,988040
3863,3783,Other,"627, Luthra Street",Chennai,Tamil Nadu,522759
3864,842,Home,"673, Sule Street",Ahmedabad,Gujarat,221553
3865,4201,Home,"H.No. 01, Guha Marg",Nagpur,Maharashtra,974511
3866,119,Office,"H.No. 16, Rastogi Nagar",Thiruvananthapuram,Kerala,495133
3867,2417,Home,"05, Naik Chowk",Kochi,Kerala,966471
3868,2612,Office,"13/20, Dubey Chowk",Mysuru,Karnataka,919184
3869,1048,Home,"H.No. 50, Kalla Marg",Madurai,Tamil Nadu,985167
3870,428,Office,"55/999, Raghavan Zila",Bengaluru,Karnataka,976022
3871,4928,Other,"44, Palan",Visakhapatnam,Andhra Pradesh,437043
3872,1377,Office,"491, Dugal Marg",Coimbatore,Tamil Nadu,317774
3873,3922,Office,"221, Mitra Street",Coimbatore,Tamil Nadu,197381
3874,4006,Other,"473, Setty Zila",Tiruchirappalli,Tamil Nadu,102958
3875,1210,Office,"85/083, Ganguly Ganj",Surat,Gujarat,104535
3876,3065,Home,"563, Kar Road",Delhi,Delhi,719163
3877,1762,Office,"H.No. 47, Parmer Zila",Indore,Madhya Pradesh,338254
3878,3440,Office,"68, Dhaliwal",Lucknow,Uttar Pradesh,068299
3879,1599,Other,"H.No. 80, Vala Street",Hyderabad,Telangana,571869
3880,2502,Home,"81/62, Memon Path",Kochi,Kerala,145365
3881,996,Other,"386, Kapoor Zila",Hyderabad,Telangana,746161
3882,4201,Other,"H.No. 543, Sethi Ganj",Mysuru,Karnataka,736712
3883,2133,Home,"47/069, Khatri Path",Jaipur,Rajasthan,217894
3884,4836,Other,"69/729, Sekhon Marg",Kochi,Kerala,041862
3885,4768,Home,"H.No. 916, Sethi Chowk",Indore,Madhya Pradesh,864740
3886,1855,Other,"25/53, Sethi Zila",Vellore,Tamil Nadu,504616
3887,2149,Other,"H.No. 38, Bawa Road",Tiruchirappalli,Tamil Nadu,972675
3888,1475,Other,"H.No. 76, Bhandari",Vijayawada,Andhra Pradesh,142509
3889,3924,Office,"36, Kamdar Nagar",Coimbatore,Tamil Nadu,528823
3890,1489,Office,"299, Sunder Marg",Chandigarh,Chandigarh,435859
3891,87,Office,"77/63, Pathak Circle",Mysuru,Karnataka,922543
3892,1977,Other,"63/662, Tank Circle",Delhi,Delhi,171653
3893,1537,Other,"55/39, Pingle Road",Mysuru,Karnataka,698958
3894,686,Office,"48/63, Shenoy Nagar",Visakhapatnam,Andhra Pradesh,855417
3895,4974,Other,"94/314, Dani",Tiruchirappalli,Tamil Nadu,215440
3896,2927,Office,"62, Dhar Road",Coimbatore,Tamil Nadu,740405
3897,4596,Other,"77/035, Shenoy Road",Pune,Maharashtra,630779
3898,4209,Office,"H.No. 10, Bala",Vellore,Tamil Nadu,519407
3899,2828,Other,"461, Barman Path",Lucknow,Uttar Pradesh,117082
3900,4976,Home,"092, Chakrabarti Path",Surat,Gujarat,900295
3901,1681,Office,"H.No. 147, Sehgal Road",Jaipur,Rajasthan,990555
3902,3262,Office,"783, Bala",Visakhapatnam,Andhra Pradesh,975745
3903,2817,Home,"44/26, Hayre Ganj",Hyderabad,Telangana,388465
3904,4257,Office,"03/48, Bera Ganj",Nagpur,Maharashtra,413016
3905,2801,Other,"44, Barman",Pune,Maharashtra,593417
3906,2029,Other,"33/430, Choudhry Chowk",Surat,Gujarat,182160
3907,3312,Other,"39/231, Puri Circle",Mysuru,Karnataka,811080
3908,3476,Home,"883, Srinivasan Marg",Coimbatore,Tamil Nadu,257953
3909,385,Office,"44, Boase Zila",Mumbai,Maharashtra,547286
3910,3262,Other,"96/24, Dugar Nagar",Bhopal,Madhya Pradesh,849203
3911,4862,Home,"59, Lal Zila",Vellore,Tamil Nadu,090903
3912,4819,Office,"28, Khurana Marg",Thiruvananthapuram,Kerala,391067
3913,3470,Other,"382, Rajagopalan Chowk",Thiruvananthapuram,Kerala,348024
3914,4984,Home,"89, Garg",Salem,Tamil Nadu,858552
3915,2321,Other,"H.No. 015, Mitter Road",Vijayawada,Andhra Pradesh,847920
3916,4704,Other,"H.No. 05, Shukla Zila",Mysuru,Karnataka,322177
3917,3234,Home,"90/25, Wagle Road",Indore,Madhya Pradesh,910320
3918,1065,Office,"H.No. 037, Trivedi Street",Salem,Tamil Nadu,029729
3919,2762,Home,"55, Dugal Zila",Kolkata,West Bengal,370079
3920,2690,Office,"33/022, Chauhan Path",Lucknow,Uttar Pradesh,666899
3921,328,Other,"H.No. 274, Dyal Marg",Mysuru,Karnataka,334595
3922,1588,Office,"95/656, Bhatt Street",Chandigarh,Chandigarh,959099
3923,4504,Home,"H.No. 14, Patla Chowk",Kolkata,West Bengal,763782
3924,1704,Home,"48, Sangha Path",Kochi,Kerala,766955
3925,4536,Other,"05, Ray Zila",Surat,Gujarat,067996
3926,2664,Office,"H.No. 11, Ahluwalia Path",Jaipur,Rajasthan,925687
3927,2546,Office,"H.No. 26, Purohit Road",Kolkata,West Bengal,950804
3928,4635,Other,"06, Tripathi Ganj",Hyderabad,Telangana,850416
3929,4902,Home,"50, Bala Street",Tiruchirappalli,Tamil Nadu,252123
3930,4731,Other,"944, Desai Marg",Mumbai,Maharashtra,635148
3931,3307,Other,"H.No. 97, Murty Zila",Vellore,Tamil Nadu,295458
3932,4334,Home,"85/335, Memon Circle",Bengaluru,Karnataka,695359
3933,740,Other,"287, Buch Path",Bengaluru,Karnataka,090181
3934,4422,Other,"49/731, Buch Zila",Jaipur,Rajasthan,963360
3935,4378,Home,"H.No. 504, Ramachandran Path",Jaipur,Rajasthan,974005
3936,1687,Other,"H.No. 83, Mannan Road",Surat,Gujarat,942104
3937,1337,Office,"H.No. 841, Grover Circle",Surat,Gujarat,549078
3938,3590,Other,"550, Mukhopadhyay Path",Bhopal,Madhya Pradesh,519093
3939,3168,Office,"H.No. 77, Savant Nagar",Visakhapatnam,Andhra Pradesh,061694
3940,147,Office,"512, Lala Circle",Surat,Gujarat,695595
3941,1073,Office,"70, Deep Marg",Jaipur,Rajasthan,691569
3942,1743,Other,"06/08, Tank Street",Coimbatore,Tamil Nadu,100235
3943,45,Home,"20/945, Rajagopal",Coimbatore,Tamil Nadu,573494
3944,302,Other,"56/33, Parmer Chowk",Pune,Maharashtra,913878
3945,4481,Home,"H.No. 188, Chahal Zila",Bengaluru,Karnataka,337952
3946,3707,Home,"143, Majumdar Street",Kolkata,West Bengal,707127
3947,1425,Other,"63/38, Baria Chowk",Vijayawada,Andhra Pradesh,322082
3948,393,Other,"H.No. 448, Khare Road",Chennai,Tamil Nadu,197881
3949,734,Home,"H.No. 95, Choudhury Chowk",Coimbatore,Tamil Nadu,425990
3950,604,Other,"28/422, Chatterjee Road",Hyderabad,Telangana,018313
3951,381,Other,"43, Banerjee Road",Salem,Tamil Nadu,057925
3952,1165,Other,"33, Palan Ganj",Surat,Gujarat,368220
3953,5000,Office,"52/979, Pillai Marg",Bhopal,Madhya Pradesh,621167
3954,2305,Office,"06/208, Cherian Street",Chandigarh,Chandigarh,407664
3955,2088,Home,"36/292, Korpal Zila",Kochi,Kerala,011344
3956,1453,Other,"95/09, Butala Street",Kochi,Kerala,899454
3957,3169,Home,"97/254, Din Chowk",Ahmedabad,Gujarat,474421
3958,4083,Home,"H.No. 63, Kurian",Kochi,Kerala,465144
3959,4465,Home,"H.No. 65, More Chowk",Kochi,Kerala,452528
3960,717,Office,"H.No. 65, Karnik Nagar",Vellore,Tamil Nadu,431784
3961,1864,Office,"H.No. 391, Sarkar Ganj",Kolkata,West Bengal,548393
3962,2984,Office,"72, Dara Chowk",Jaipur,Rajasthan,422412
3963,3863,Office,"H.No. 383, Chaudhari Road",Chennai,Tamil Nadu,472237
3964,287,Office,"H.No. 741, Subramanian",Indore,Madhya Pradesh,370063
3965,4098,Office,"998, Suri Circle",Coimbatore,Tamil Nadu,335210
3966,2547,Office,"37/55, Gola Circle",Chennai,Tamil Nadu,321894
3967,924,Other,"H.No. 088, Tripathi Path",Mumbai,Maharashtra,811994
3968,4283,Other,"17/83, Deshmukh Road",Surat,Gujarat,643395
3969,3989,Home,"433, Setty Road",Nagpur,Maharashtra,972040
3970,896,Office,"424, Balay Ganj",Madurai,Tamil Nadu,917316
3971,3493,Home,"243, Varty Nagar",Hyderabad,Telangana,244783
3972,2749,Other,"12, Ganesh Zila",Vellore,Tamil Nadu,798969
3973,3843,Home,"H.No. 241, Thakur",Pune,Maharashtra,724495
3974,2262,Other,"H.No. 769, Bose",Jaipur,Rajasthan,283119
3975,331,Home,"89, Chhabra Path",Bhopal,Madhya Pradesh,650180
3976,2037,Office,"H.No. 44, Dhawan Nagar",Bengaluru,Karnataka,760123
3977,1104,Office,"25, Pillai Chowk",Delhi,Delhi,000366
3978,1387,Other,"43, Soman",Bhopal,Madhya Pradesh,847184
3979,2654,Home,"16/30, Chhabra Street",Delhi,Delhi,918236
3980,1213,Other,"25, Chander Zila",Coimbatore,Tamil Nadu,980310
3981,749,Other,"23, Bakshi Chowk",Mumbai,Maharashtra,067482
3982,4075,Office,"292, Manda Path",Thiruvananthapuram,Kerala,547631
3983,4968,Home,"14/55, Bera",Surat,Gujarat,653542
3984,4869,Other,"24, Samra Marg",Madurai,Tamil Nadu,622676
3985,428,Other,"47, Arora",Chennai,Tamil Nadu,552242
3986,793,Home,"H.No. 96, Din Road",Madurai,Tamil Nadu,497806
3987,4199,Home,"719, Baral Marg",Kolkata,West Bengal,489731
3988,807,Office,"01, Rai Path",Thiruvananthapuram,Kerala,399521
3989,1150,Office,"54/240, Palan Zila",Pune,Maharashtra,437908
3990,2134,Other,"08/83, Vyas Path",Kochi,Kerala,583645
3991,4086,Other,"87/597, Subramanian",Tiruchirappalli,Tamil Nadu,254290
3992,4704,Office,"682, Narain Chowk",Indore,Madhya Pradesh,849785
3993,1342,Office,"78/672, Kaul Path",Chandigarh,Chandigarh,815808
3994,4504,Other,"89, Prakash Road",Chandigarh,Chandigarh,193246
3995,353,Home,"H.No. 999, Shetty Street",Mysuru,Karnataka,237100
3996,3306,Home,"95/963, Borah Path",Vellore,Tamil Nadu,570532
3997,2603,Home,"36/13, Bhattacharyya Nagar",Kolkata,West Bengal,464197
3998,1945,Home,"94/103, Tailor Marg",Mysuru,Karnataka,806932
3999,4771,Other,"H.No. 117, Gupta Zila",Madurai,Tamil Nadu,370971
4000,3413,Other,"79, Shroff Nagar",Surat,Gujarat,373169
4001,4490,Other,"59, Swaminathan Street",Coimbatore,Tamil Nadu,601006
4002,2293,Other,"40, Shere Nagar",Nagpur,Maharashtra,183256
4003,583,Other,"18/061, Vyas Nagar",Surat,Gujarat,370070
4004,549,Home,"H.No. 022, Dada Street",Tiruchirappalli,Tamil Nadu,683905
4005,142,Office,"01/181, Hayre Marg",Bengaluru,Karnataka,910676
4006,4957,Other,"H.No. 014, Mody",Bengaluru,Karnataka,163282
4007,3813,Home,"H.No. 19, Kurian Marg",Salem,Tamil Nadu,958616
4008,3691,Other,"117, Dugal Nagar",Ahmedabad,Gujarat,449655
4009,2221,Other,"421, Dhar Circle",Pune,Maharashtra,480575
4010,2126,Other,"H.No. 242, Devi Road",Tiruchirappalli,Tamil Nadu,335231
4011,4153,Home,"54/877, Hari Zila",Hyderabad,Telangana,020613
4012,3822,Other,"H.No. 318, Sengupta Marg",Bhopal,Madhya Pradesh,744822
4013,1772,Other,"07/39, Bassi Nagar",Mysuru,Karnataka,963096
4014,945,Office,"76, Radhakrishnan Street",Ahmedabad,Gujarat,296499
4015,2999,Office,"04/716, Narang Road",Chennai,Tamil Nadu,584465
4016,3366,Other,"13, Choudhry Chowk",Indore,Madhya Pradesh,342789
4017,2540,Other,"28/732, Sidhu Street",Indore,Madhya Pradesh,654842
4018,1311,Home,"H.No. 94, Mody Marg",Chennai,Tamil Nadu,403002
4019,2292,Office,"H.No. 36, Narain Marg",Kolkata,West Bengal,538823
4020,2496,Home,"453, Palla Ganj",Chandigarh,Chandigarh,682289
4021,4285,Office,"H.No. 75, Dixit Road",Thiruvananthapuram,Kerala,398013
4022,4757,Home,"76/191, Shan Path",Lucknow,Uttar Pradesh,014111
4023,2785,Other,"81/623, Pandya Zila",Mumbai,Maharashtra,942811
4024,4727,Office,"76/50, Bhatt",Mumbai,Maharashtra,397505
4025,1120,Home,"92/151, Chanda Nagar",Visakhapatnam,Andhra Pradesh,094430
4026,4635,Office,"773, Atwal Street",Chennai,Tamil Nadu,569427
4027,1256,Other,"38/082, Hora Marg",Bhopal,Madhya Pradesh,676311
4028,2851,Other,"107, Karnik Path",Mysuru,Karnataka,141426
4029,2391,Home,"930, Kurian Marg",Pune,Maharashtra,143838
4030,4914,Home,"74, Zachariah Street",Nagpur,Maharashtra,405847
4031,1538,Office,"894, Nayar Chowk",Thiruvananthapuram,Kerala,897245
4032,4545,Office,"89/82, Mani Street",Coimbatore,Tamil Nadu,540421
4033,4049,Home,"H.No. 149, Ratta",Hyderabad,Telangana,177854
4034,2256,Home,"905, Rai Chowk",Kolkata,West Bengal,269233
4035,2291,Office,"002, Panchal Path",Chandigarh,Chandigarh,952563
4036,1815,Home,"31, Parmer Street",Delhi,Delhi,458701
4037,3802,Other,"H.No. 117, Dara Path",Vellore,Tamil Nadu,335836
4038,2320,Other,"H.No. 92, Nayar Zila",Jaipur,Rajasthan,569443
4039,1795,Office,"71/71, Naik Ganj",Chennai,Tamil Nadu,589105
4040,68,Other,"25/62, Kala Chowk",Vijayawada,Andhra Pradesh,433161
4041,4819,Office,"H.No. 992, Salvi Circle",Mysuru,Karnataka,842775
4042,3067,Other,"H.No. 36, Devan Chowk",Vellore,Tamil Nadu,975066
4043,2592,Office,"28/568, Maharaj Path",Hyderabad,Telangana,164933
4044,4001,Office,"H.No. 156, Nadkarni Circle",Mumbai,Maharashtra,026218
4045,4875,Office,"03, Krish Marg",Hyderabad,Telangana,351852
4046,4630,Office,"16/56, Iyengar Zila",Vellore,Tamil Nadu,739871
4047,3422,Home,"45/44, Balan Ganj",Kolkata,West Bengal,745777
4048,354,Other,"H.No. 465, Thaker Zila",Chandigarh,Chandigarh,163325
4049,3234,Office,"630, Shan Path",Nagpur,Maharashtra,786607
4050,2100,Other,"507, Sane Marg",Vijayawada,Andhra Pradesh,069508
4051,203,Office,"26/106, Rout Circle",Bengaluru,Karnataka,532647
4052,2412,Other,"H.No. 412, Atwal Road",Kolkata,West Bengal,396848
4053,1121,Home,"H.No. 96, Amble Nagar",Thiruvananthapuram,Kerala,182087
4054,3709,Home,"38, Dara Circle",Chennai,Tamil Nadu,927191
4055,2382,Office,"19/87, Dave",Madurai,Tamil Nadu,650181
4056,2995,Other,"57/601, Balay Circle",Madurai,Tamil Nadu,752262
4057,361,Office,"15/28, Kar",Chandigarh,Chandigarh,816651
4058,905,Office,"31, Chacko Ganj",Salem,Tamil Nadu,493135
4059,2692,Other,"76/255, Koshy",Tiruchirappalli,Tamil Nadu,651182
4060,3092,Other,"65, Rajagopal Zila",Madurai,Tamil Nadu,917271
4061,1251,Office,"H.No. 83, Gera Marg",Pune,Maharashtra,341350
4062,4101,Office,"460, Mukhopadhyay Chowk",Salem,Tamil Nadu,875744
4063,3135,Office,"54/482, Varma Zila",Mumbai,Maharashtra,398212
4064,410,Home,"H.No. 88, Sinha Chowk",Nagpur,Maharashtra,050315
4065,688,Office,"465, Sagar Nagar",Surat,Gujarat,699638
4066,1970,Home,"H.No. 47, Brar Chowk",Chandigarh,Chandigarh,412538
4067,1912,Home,"H.No. 10, Pillay Marg",Kochi,Kerala,299766
4068,3061,Office,"20, Tara Marg",Delhi,Delhi,393367
4069,4296,Home,"44, Bandi Zila",Vijayawada,Andhra Pradesh,397118
4070,302,Home,"00/340, Korpal",Salem,Tamil Nadu,827173
4071,983,Other,"H.No. 310, Ranganathan Marg",Indore,Madhya Pradesh,465184
4072,1727,Other,"87/97, Vala Circle",Chandigarh,Chandigarh,587957
4073,1016,Office,"H.No. 149, Shanker Zila",Bhopal,Madhya Pradesh,619069
4074,4566,Other,"951, Yohannan Nagar",Mysuru,Karnataka,278668
4075,3654,Home,"99/84, Badami Street",Vellore,Tamil Nadu,326503
4076,2007,Other,"H.No. 24, Char Zila",Pune,Maharashtra,207651
4077,1099,Home,"529, Prakash Road",Pune,Maharashtra,603961
4078,3474,Other,"49/29, Bhagat Chowk",Ahmedabad,Gujarat,538687
4079,2756,Office,"H.No. 297, Swaminathan Marg",Mysuru,Karnataka,213545
4080,2092,Other,"H.No. 431, Hora Path",Chandigarh,Chandigarh,489953
4081,638,Home,"008, Basak Path",Tiruchirappalli,Tamil Nadu,002417
4082,2637,Home,"642, Swaminathan Ganj",Mysuru,Karnataka,313424
4083,1763,Office,"H.No. 71, Subramaniam Circle",Coimbatore,Tamil Nadu,217794
4084,772,Office,"92/101, Deshpande Chowk",Thiruvananthapuram,Kerala,482151
4085,3425,Home,"H.No. 07, Sama",Coimbatore,Tamil Nadu,132404
4086,298,Other,"H.No. 965, Randhawa Zila",Surat,Gujarat,271457
4087,2848,Office,"58, Tripathi Marg",Vellore,Tamil Nadu,237857
4088,1376,Office,"H.No. 712, Hayer Zila",Kolkata,West Bengal,767070
4089,517,Home,"279, Dyal Marg",Chandigarh,Chandigarh,452784
4090,651,Home,"H.No. 039, Taneja Circle",Chandigarh,Chandigarh,646594
4091,4692,Other,"86/849, Sur Circle",Tiruchirappalli,Tamil Nadu,932039
4092,1904,Home,"686, Sinha Circle",Chennai,Tamil Nadu,375578
4093,633,Office,"H.No. 57, Nair Marg",Coimbatore,Tamil Nadu,092464
4094,796,Office,"H.No. 813, Doctor Street",Nagpur,Maharashtra,575041
4095,4376,Office,"664, Prakash Ganj",Madurai,Tamil Nadu,945573
4096,3518,Other,"H.No. 92, Sami Marg",Chandigarh,Chandigarh,247760
4097,934,Office,"28/07, Bhat Zila",Chennai,Tamil Nadu,245886
4098,3140,Home,"H.No. 793, Ramachandran",Kolkata,West Bengal,933933
4099,1212,Home,"38/768, Kade Circle",Kochi,Kerala,898258
4100,863,Home,"38, Yohannan Marg",Ahmedabad,Gujarat,652235
4101,2143,Other,"99, Srinivasan Ganj",Pune,Maharashtra,352199
4102,1170,Home,"84, Raval",Indore,Madhya Pradesh,334299
4103,2112,Office,"H.No. 867, Dube Street",Visakhapatnam,Andhra Pradesh,628107
4104,1536,Office,"77, Sachdev Circle",Nagpur,Maharashtra,397181
4105,862,Home,"H.No. 97, Sani Road",Lucknow,Uttar Pradesh,305374
4106,4476,Home,"62/426, Bhakta Zila",Ahmedabad,Gujarat,324877
4107,343,Home,"51, Yadav Circle",Chandigarh,Chandigarh,919866
4108,2554,Other,"294, Ratta Nagar",Chennai,Tamil Nadu,572476
4109,3941,Home,"85/72, Virk Marg",Jaipur,Rajasthan,007284
4110,3236,Other,"58/00, Vaidya",Chennai,Tamil Nadu,692450
4111,3253,Office,"H.No. 490, Thakur Road",Vijayawada,Andhra Pradesh,359754
4112,2207,Home,"H.No. 53, Memon Marg",Thiruvananthapuram,Kerala,107799
4113,1010,Home,"22, Dhaliwal Street",Bengaluru,Karnataka,461533
4114,17,Office,"H.No. 270, Sharma Street",Surat,Gujarat,076976
4115,1958,Office,"05/14, Khosla Path",Salem,Tamil Nadu,901681
4116,2413,Other,"H.No. 750, Bakshi Nagar",Coimbatore,Tamil Nadu,991558
4117,674,Office,"39/22, Kunda Road",Surat,Gujarat,565232
4118,1414,Other,"H.No. 489, Mammen Road",Mumbai,Maharashtra,399951
4119,2934,Home,"99, Joshi Ganj",Hyderabad,Telangana,381569
4120,304,Home,"07/05, Pingle Marg",Ahmedabad,Gujarat,063611
4121,1914,Home,"74/08, Bhatt Zila",Visakhapatnam,Andhra Pradesh,306993
4122,48,Home,"H.No. 452, Sastry Circle",Kochi,Kerala,289302
4123,1899,Office,"H.No. 521, Parmer Circle",Coimbatore,Tamil Nadu,560831
4124,246,Office,"604, Pandya Circle",Kolkata,West Bengal,549818
4125,4444,Office,"H.No. 09, Sangha Ganj",Hyderabad,Telangana,471927
4126,4010,Office,"54/874, Sodhi Circle",Delhi,Delhi,566230
4127,2830,Other,"H.No. 60, More",Salem,Tamil Nadu,615012
4128,1645,Other,"H.No. 06, Prasad Marg",Thiruvananthapuram,Kerala,605059
4129,2322,Other,"55/76, Sundaram Path",Vijayawada,Andhra Pradesh,793919
4130,2592,Other,"43, Doshi Chowk",Hyderabad,Telangana,352196
4131,3545,Other,"10/27, Magar Marg",Tiruchirappalli,Tamil Nadu,142432
4132,2559,Other,"H.No. 190, Sarkar Street",Surat,Gujarat,237738
4133,4526,Home,"309, Kohli Circle",Vellore,Tamil Nadu,452378
4134,2772,Other,"463, Golla Ganj",Thiruvananthapuram,Kerala,425656
4135,740,Other,"80, Baria Path",Surat,Gujarat,058953
4136,1023,Office,"H.No. 75, Chanda Nagar",Salem,Tamil Nadu,438578
4137,2023,Office,"07/79, Chhabra Road",Salem,Tamil Nadu,881514
4138,3323,Office,"61, Om",Chennai,Tamil Nadu,171006
4139,1358,Other,"26, Sangha Marg",Lucknow,Uttar Pradesh,455363
4140,1679,Office,"66, Pandey Path",Chandigarh,Chandigarh,234423
4141,4027,Office,"22, Sanghvi Marg",Mumbai,Maharashtra,849186
4142,2611,Office,"H.No. 62, Varughese Circle",Salem,Tamil Nadu,635805
4143,2167,Office,"151, Brahmbhatt Ganj",Bengaluru,Karnataka,561170
4144,1721,Office,"84, Guha Chowk",Surat,Gujarat,479372
4145,3245,Other,"917, Borra Marg",Coimbatore,Tamil Nadu,822588
4146,3357,Office,"84/313, Tandon Path",Coimbatore,Tamil Nadu,087474
4147,4183,Other,"39, Doshi Chowk",Surat,Gujarat,175657
4148,2081,Other,"90/61, Kibe Circle",Chennai,Tamil Nadu,425118
4149,626,Office,"54/55, Date Zila",Mysuru,Karnataka,152863
4150,721,Other,"40/16, Seth Zila",Ahmedabad,Gujarat,649144
4151,3487,Office,"375, Bahri Street",Mysuru,Karnataka,569146
4152,1594,Other,"41, Som Path",Kochi,Kerala,376840
4153,4968,Office,"417, Biswas Circle",Ahmedabad,Gujarat,907195
4154,3130,Other,"14/514, Parmer",Madurai,Tamil Nadu,495583
4155,4964,Home,"680, Gill Chowk",Bhopal,Madhya Pradesh,618084
4156,1923,Other,"81/68, Wagle Road",Ahmedabad,Gujarat,723099
4157,1620,Home,"04, Majumdar Marg",Visakhapatnam,Andhra Pradesh,503006
4158,3132,Office,"H.No. 51, Batta",Tiruchirappalli,Tamil Nadu,873300
4159,2653,Home,"63, Shan Street",Visakhapatnam,Andhra Pradesh,237369
4160,1707,Other,"H.No. 432, Basu Marg",Chandigarh,Chandigarh,904735
4161,877,Other,"H.No. 22, Pau Marg",Chennai,Tamil Nadu,930539
4162,1635,Other,"451, Palan Ganj",Vellore,Tamil Nadu,426060
4163,4211,Other,"89/72, Kumer Chowk",Mumbai,Maharashtra,514316
4164,2980,Home,"H.No. 199, Iyengar Zila",Kochi,Kerala,564025
4165,3729,Office,"600, Datta Marg",Surat,Gujarat,238435
4166,1867,Office,"93/89, Mital Path",Thiruvananthapuram,Kerala,892251
4167,3976,Other,"H.No. 75, Madan Street",Vellore,Tamil Nadu,756551
4168,4257,Home,"89/56, Wason Ganj",Mysuru,Karnataka,676657
4169,792,Office,"101, Datta Street",Nagpur,Maharashtra,338753
4170,1339,Home,"144, Kala Circle",Mumbai,Maharashtra,457498
4171,780,Home,"68/38, Pathak Street",Kolkata,West Bengal,543093
4172,844,Other,"35/215, Suri Zila",Bengaluru,Karnataka,466068
4173,1455,Home,"47/157, Sagar Path",Jaipur,Rajasthan,080103
4174,2217,Office,"212, Nigam Ganj",Chennai,Tamil Nadu,121698
4175,2139,Other,"328, Lad Path",Kolkata,West Bengal,422632
4176,2405,Office,"21/445, Soman Ganj",Chennai,Tamil Nadu,504519
4177,1063,Home,"87, Tella Chowk",Chandigarh,Chandigarh,115913
4178,598,Home,"84, Hayre Street",Thiruvananthapuram,Kerala,635546
4179,1438,Other,"369, Chadha Ganj",Jaipur,Rajasthan,571973
4180,3100,Office,"815, Oak Road",Kochi,Kerala,278762
4181,4703,Other,"H.No. 235, Mane Marg",Chandigarh,Chandigarh,930999
4182,2892,Home,"91/95, Subramaniam Nagar",Vijayawada,Andhra Pradesh,796999
4183,1015,Other,"81/919, Sharma Road",Delhi,Delhi,612319
4184,1566,Office,"H.No. 241, Nayar Path",Visakhapatnam,Andhra Pradesh,758637
4185,1966,Home,"H.No. 33, Solanki Street",Coimbatore,Tamil Nadu,289966
4186,4769,Office,"68/58, Kala Road",Delhi,Delhi,162106
4187,1776,Other,"H.No. 494, Jhaveri Chowk",Delhi,Delhi,543105
4188,2733,Office,"71, Jayaraman Nagar",Nagpur,Maharashtra,275960
4189,2982,Office,"69/79, Narula Ganj",Tiruchirappalli,Tamil Nadu,342314
4190,4127,Office,"H.No. 21, Pai Street",Surat,Gujarat,062098
4191,4038,Office,"04/09, D’Alia",Visakhapatnam,Andhra Pradesh,141405
4192,834,Office,"50/13, Srinivas Road",Mumbai,Maharashtra,296364
4193,3435,Home,"264, Deshmukh Chowk",Lucknow,Uttar Pradesh,439245
4194,2103,Other,"60/42, Bal Road",Visakhapatnam,Andhra Pradesh,744253
4195,1311,Other,"52/76, Goel Circle",Ahmedabad,Gujarat,918812
4196,886,Home,"H.No. 66, Lad Zila",Chennai,Tamil Nadu,809702
4197,4715,Other,"79/09, Koshy Marg",Vijayawada,Andhra Pradesh,159117
4198,289,Office,"33/170, Palla Street",Chennai,Tamil Nadu,379708
4199,696,Home,"H.No. 437, Pai Chowk",Vellore,Tamil Nadu,253717
4200,1974,Office,"H.No. 153, Karan Ganj",Vijayawada,Andhra Pradesh,032569
4201,1181,Office,"H.No. 74, Halder Zila",Coimbatore,Tamil Nadu,115196
4202,3161,Home,"48/42, Sachar Street",Vijayawada,Andhra Pradesh,315430
4203,58,Home,"491, Borra Ganj",Mumbai,Maharashtra,653667
4204,662,Other,"646, Narasimhan Ganj",Madurai,Tamil Nadu,452282
4205,3695,Office,"534, Nagi Circle",Kolkata,West Bengal,979934
4206,929,Other,"H.No. 77, Khatri Path",Bhopal,Madhya Pradesh,521970
4207,4137,Other,"H.No. 06, Chakrabarti Road",Indore,Madhya Pradesh,315402
4208,4796,Office,"H.No. 78, Anand Ganj",Pune,Maharashtra,501632
4209,3660,Home,"03/491, Chaudry Road",Salem,Tamil Nadu,526963
4210,578,Home,"H.No. 27, Borah Street",Coimbatore,Tamil Nadu,645436
4211,648,Home,"87, Sant",Thiruvananthapuram,Kerala,467269
4212,3326,Home,"30/133, Deo Ganj",Coimbatore,Tamil Nadu,988217
4213,1894,Other,"671, Rajan",Chennai,Tamil Nadu,494918
4214,4352,Other,"H.No. 475, Dasgupta Marg",Jaipur,Rajasthan,038495
4215,3879,Office,"06, Gour Circle",Pune,Maharashtra,879561
4216,360,Home,"H.No. 096, Boase Marg",Kochi,Kerala,929325
4217,1439,Office,"90/88, Bassi Path",Kolkata,West Bengal,903034
4218,3010,Home,"11/202, Kala Chowk",Lucknow,Uttar Pradesh,238595
4219,4747,Home,"29/207, Din Street",Lucknow,Uttar Pradesh,033582
4220,1821,Home,"989, Bir Path",Thiruvananthapuram,Kerala,139977
4221,1329,Home,"79/27, Sidhu Circle",Indore,Madhya Pradesh,782360
4222,3453,Office,"296, Narasimhan Marg",Vijayawada,Andhra Pradesh,444865
4223,351,Other,"H.No. 30, Dubey Marg",Surat,Gujarat,681484
4224,213,Office,"87/20, Varkey Street",Bengaluru,Karnataka,130084
4225,439,Other,"39/141, D’Alia",Indore,Madhya Pradesh,796330
4226,2908,Other,"H.No. 749, Bera Path",Vijayawada,Andhra Pradesh,432719
4227,2418,Other,"80/28, Lalla Road",Surat,Gujarat,616936
4228,304,Office,"H.No. 08, Narayanan Circle",Kolkata,West Bengal,632381
4229,3624,Other,"05, Menon Chowk",Mysuru,Karnataka,037622
4230,2250,Home,"59/415, Parsa Street",Tiruchirappalli,Tamil Nadu,851635
4231,2116,Home,"11/64, Saraf Road",Indore,Madhya Pradesh,847132
4232,2897,Home,"H.No. 029, Nigam Zila",Madurai,Tamil Nadu,118581
4233,110,Office,"H.No. 146, Deep Nagar",Coimbatore,Tamil Nadu,535968
4234,2821,Home,"90/14, Yogi Nagar",Visakhapatnam,Andhra Pradesh,235631
4235,2588,Home,"66, Dhar Nagar",Vellore,Tamil Nadu,168927
4236,4483,Home,"87, Bose Zila",Ahmedabad,Gujarat,834770
4237,3211,Office,"H.No. 047, Agarwal Ganj",Jaipur,Rajasthan,282131
4238,4152,Office,"48/241, Kaur Road",Thiruvananthapuram,Kerala,444697
4239,4493,Office,"596, Mital Ganj",Chandigarh,Chandigarh,019768
4240,3956,Office,"450, Kuruvilla Nagar",Indore,Madhya Pradesh,951130
4241,2169,Home,"H.No. 766, Sood Zila",Chandigarh,Chandigarh,616684
4242,241,Office,"H.No. 82, Vig Nagar",Hyderabad,Telangana,284818
4243,4199,Home,"69/69, Kara Street",Surat,Gujarat,440557
4244,640,Other,"H.No. 77, Butala Street",Salem,Tamil Nadu,963620
4245,2524,Office,"04, Menon",Jaipur,Rajasthan,723190
4246,885,Other,"06, Vyas Marg",Indore,Madhya Pradesh,372185
4247,2721,Home,"H.No. 84, Mody Nagar",Madurai,Tamil Nadu,057126
4248,188,Office,"56, Chaudhuri Road",Lucknow,Uttar Pradesh,566671
4249,308,Other,"11, Dey Zila",Kolkata,West Bengal,701805
4250,1621,Office,"H.No. 96, Grewal Chowk",Chandigarh,Chandigarh,255257
4251,2868,Other,"H.No. 503, Palan Ganj",Indore,Madhya Pradesh,808618
4252,3793,Other,"83/043, Dhillon Road",Vijayawada,Andhra Pradesh,997853
4253,1081,Office,"H.No. 013, Kalla Ganj",Jaipur,Rajasthan,904003
4254,553,Other,"58, Babu Road",Pune,Maharashtra,405650
4255,1385,Office,"H.No. 78, Barad Chowk",Madurai,Tamil Nadu,959027
4256,3508,Office,"H.No. 63, Bir Marg",Coimbatore,Tamil Nadu,838648
4257,3895,Home,"26, Sachdeva",Mysuru,Karnataka,636771
4258,4594,Office,"75/296, Mistry",Thiruvananthapuram,Kerala,691548
4259,1666,Other,"81/41, Kuruvilla Street",Surat,Gujarat,277050
4260,1853,Office,"H.No. 50, Sani Path",Surat,Gujarat,448188
4261,3612,Other,"89, Bakshi Path",Thiruvananthapuram,Kerala,391938
4262,2121,Office,"H.No. 741, Ganguly Road",Salem,Tamil Nadu,134984
4263,2860,Office,"28/14, Master Nagar",Chennai,Tamil Nadu,247863
4264,2439,Office,"23, Gaba Marg",Tiruchirappalli,Tamil Nadu,330890
4265,4062,Office,"H.No. 54, Ranganathan Road",Kolkata,West Bengal,321095
4266,2758,Home,"68/61, Sharma Chowk",Delhi,Delhi,079099
4267,2016,Office,"99/846, Saini Chowk",Vellore,Tamil Nadu,709951
4268,3932,Home,"H.No. 356, Nagar Street",Vellore,Tamil Nadu,621090
4269,1634,Home,"05/79, Prakash Path",Vijayawada,Andhra Pradesh,004441
4270,4053,Other,"63, Prasad Nagar",Thiruvananthapuram,Kerala,275622
4271,4604,Other,"175, Gola Circle",Kolkata,West Bengal,905370
4272,1210,Home,"37/607, Agrawal Street",Indore,Madhya Pradesh,248932
4273,3898,Office,"77/567, Madan Chowk",Bhopal,Madhya Pradesh,685324
4274,326,Other,"H.No. 84, Sahota Street",Jaipur,Rajasthan,775746
4275,741,Other,"57/85, Mistry Marg",Tiruchirappalli,Tamil Nadu,192427
4276,588,Office,"H.No. 68, Patil Street",Salem,Tamil Nadu,652287
4277,3942,Home,"H.No. 11, Sibal Circle",Indore,Madhya Pradesh,863414
4278,1282,Other,"77/74, Reddy Chowk",Hyderabad,Telangana,971031
4279,1582,Home,"779, Bhakta Marg",Vijayawada,Andhra Pradesh,888674
4280,1618,Home,"H.No. 505, Warrior Chowk",Vellore,Tamil Nadu,622163
4281,2528,Home,"51, Ravel Circle",Mumbai,Maharashtra,153121
4282,440,Other,"H.No. 382, Thaker",Hyderabad,Telangana,908686
4283,3956,Home,"H.No. 466, Chaudry Nagar",Bhopal,Madhya Pradesh,059396
4284,2332,Home,"H.No. 155, Gour Street",Thiruvananthapuram,Kerala,412465
4285,1658,Home,"957, Sethi Circle",Vijayawada,Andhra Pradesh,516832
4286,3962,Office,"271, Kala Zila",Indore,Madhya Pradesh,800214
4287,3194,Other,"H.No. 847, Natarajan Path",Hyderabad,Telangana,773432
4288,2831,Home,"913, Bhatti Street",Hyderabad,Telangana,669498
4289,2412,Other,"H.No. 98, Viswanathan Nagar",Hyderabad,Telangana,698732
4290,1817,Office,"H.No. 84, Sane Path",Hyderabad,Telangana,713702
4291,3761,Other,"H.No. 69, Malhotra Circle",Kolkata,West Bengal,989090
4292,2708,Other,"09, Sibal Road",Hyderabad,Telangana,062646
4293,419,Home,"89/98, Goel Chowk",Vellore,Tamil Nadu,446312
4294,3466,Home,"092, Mohan Chowk",Bhopal,Madhya Pradesh,909811
4295,3967,Other,"021, Char Path",Lucknow,Uttar Pradesh,851368
4296,4213,Home,"H.No. 541, Narula Marg",Thiruvananthapuram,Kerala,370087
4297,3654,Other,"51, Bhagat",Chandigarh,Chandigarh,322607
4298,1787,Home,"H.No. 78, Khatri Road",Madurai,Tamil Nadu,674846
4299,3580,Home,"31/032, Kata Ganj",Chennai,Tamil Nadu,437673
4300,1046,Other,"58/582, Sami Zila",Ahmedabad,Gujarat,599682
4301,118,Home,"H.No. 31, Buch Street",Chandigarh,Chandigarh,558898
4302,3498,Home,"92/307, Dar Circle",Coimbatore,Tamil Nadu,125706
4303,3439,Other,"H.No. 779, Mital Street",Chennai,Tamil Nadu,547597
4304,1155,Other,"H.No. 315, Vyas Marg",Tiruchirappalli,Tamil Nadu,310242
4305,911,Other,"H.No. 59, Kashyap Marg",Lucknow,Uttar Pradesh,684583
4306,3639,Office,"H.No. 903, Pai Path",Visakhapatnam,Andhra Pradesh,263275
4307,4295,Other,"719, Ramachandran Street",Kolkata,West Bengal,210238
4308,4601,Office,"880, Krish Chowk",Tiruchirappalli,Tamil Nadu,649706
4309,2908,Home,"90/19, Loke Marg",Indore,Madhya Pradesh,356239
4310,4278,Home,"H.No. 211, Trivedi Zila",Madurai,Tamil Nadu,000082
4311,4782,Home,"053, Ganesan Street",Delhi,Delhi,893956
4312,4945,Home,"98/04, Rajagopal Marg",Indore,Madhya Pradesh,710147
4313,4197,Office,"H.No. 75, Chaudhry",Nagpur,Maharashtra,739066
4314,1855,Office,"H.No. 688, Patla Circle",Lucknow,Uttar Pradesh,602731
4315,1526,Home,"H.No. 350, Mody Street",Pune,Maharashtra,063270
4316,1866,Office,"416, Kurian",Pune,Maharashtra,646866
4317,4235,Office,"46, Dar",Thiruvananthapuram,Kerala,284000
4318,1442,Other,"13/743, Uppal Chowk",Kochi,Kerala,710738
4319,2839,Home,"225, Kapoor Circle",Chennai,Tamil Nadu,762233
4320,4408,Other,"H.No. 01, Majumdar Path",Jaipur,Rajasthan,776578
4321,73,Office,"10, Banik Nagar",Kolkata,West Bengal,591186
4322,4545,Other,"47/939, Jhaveri Ganj",Kochi,Kerala,891402
4323,401,Home,"63/15, Panchal Path",Bengaluru,Karnataka,087575
4324,643,Other,"H.No. 13, Upadhyay Zila",Kochi,Kerala,823708
4325,1684,Other,"H.No. 46, Nagarajan Circle",Hyderabad,Telangana,138138
4326,480,Home,"41/842, Kara",Chennai,Tamil Nadu,645701
4327,2552,Home,"33, Barad Chowk",Bhopal,Madhya Pradesh,065360
4328,854,Other,"H.No. 97, Gour Zila",Surat,Gujarat,931082
4329,4393,Other,"775, Acharya Marg",Indore,Madhya Pradesh,041869
4330,1786,Office,"H.No. 956, Chaudhry Marg",Surat,Gujarat,828921
4331,326,Home,"58, Modi Marg",Tiruchirappalli,Tamil Nadu,583097
4332,1559,Home,"363, Lala Zila",Bengaluru,Karnataka,896918
4333,3014,Other,"H.No. 756, Sankaran Circle",Vijayawada,Andhra Pradesh,454964
4334,3212,Office,"069, Dua",Madurai,Tamil Nadu,583003
4335,1247,Office,"08/75, Korpal Marg",Coimbatore,Tamil Nadu,491088
4336,1039,Office,"488, Chada Ganj",Bengaluru,Karnataka,727783
4337,295,Office,"H.No. 793, Thaker Street",Hyderabad,Telangana,816717
4338,4723,Other,"11/034, Ghosh Nagar",Nagpur,Maharashtra,736174
4339,4244,Other,"41, Bhatti Chowk",Mysuru,Karnataka,800000
4340,2044,Office,"302, Majumdar Zila",Indore,Madhya Pradesh,401139
4341,1032,Office,"H.No. 581, Doctor",Bengaluru,Karnataka,724437
4342,932,Home,"H.No. 56, Vasa Zila",Bhopal,Madhya Pradesh,689158
4343,2626,Home,"659, More Chowk",Hyderabad,Telangana,091487
4344,1616,Home,"29/08, Kapoor Ganj",Bengaluru,Karnataka,656197
4345,4407,Office,"12/66, Dani Marg",Indore,Madhya Pradesh,992770
4346,739,Other,"65/748, Prabhu Marg",Lucknow,Uttar Pradesh,759776
4347,1503,Office,"800, Nadkarni Chowk",Salem,Tamil Nadu,682337
4348,3080,Other,"934, Mandal Chowk",Lucknow,Uttar Pradesh,267886
4349,2943,Home,"07, Pillai Ganj",Nagpur,Maharashtra,605217
4350,2945,Home,"133, Natarajan Nagar",Pune,Maharashtra,892880
4351,2182,Office,"29/557, Kamdar Marg",Mumbai,Maharashtra,888370
4352,2192,Office,"91/90, Datta Marg",Visakhapatnam,Andhra Pradesh,154344
4353,2927,Office,"74/70, Mangal Circle",Nagpur,Maharashtra,711724
4354,3866,Home,"63/43, Prakash Marg",Kochi,Kerala,941626
4355,2460,Home,"408, Raghavan",Nagpur,Maharashtra,870132
4356,4869,Other,"H.No. 66, Bhatia Chowk",Chandigarh,Chandigarh,918717
4357,3452,Home,"H.No. 459, Dutt",Bhopal,Madhya Pradesh,718980
4358,4273,Office,"131, Rao Circle",Salem,Tamil Nadu,503461
4359,1367,Other,"34, Subramanian Zila",Vellore,Tamil Nadu,146554
4360,1474,Home,"H.No. 233, Patla Path",Vellore,Tamil Nadu,649156
4361,3648,Home,"036, Kaul Ganj",Coimbatore,Tamil Nadu,486500
4362,3498,Office,"H.No. 43, Gola Path",Hyderabad,Telangana,019165
4363,2577,Office,"47, Ramaswamy Nagar",Mysuru,Karnataka,967781
4364,1052,Office,"H.No. 14, Doctor Path",Hyderabad,Telangana,486491
4365,1855,Office,"509, Lanka Nagar",Madurai,Tamil Nadu,518406
4366,3672,Home,"29/46, Chaudhari Path",Hyderabad,Telangana,271004
4367,4498,Other,"643, Lanka Circle",Pune,Maharashtra,098192
4368,4544,Other,"H.No. 09, Rajagopal Zila",Vellore,Tamil Nadu,392362
4369,2451,Other,"32/86, Suri Path",Visakhapatnam,Andhra Pradesh,192491
4370,3518,Other,"30/06, Khare Street",Madurai,Tamil Nadu,839245
4371,167,Office,"79, Tak Zila",Vellore,Tamil Nadu,619607
4372,1401,Office,"H.No. 729, Khalsa Street",Mumbai,Maharashtra,591335
4373,2626,Home,"H.No. 535, Ganesh Marg",Surat,Gujarat,245040
4374,4911,Home,"H.No. 477, Sanghvi Zila",Ahmedabad,Gujarat,898218
4375,3406,Other,"H.No. 46, Dyal Circle",Vijayawada,Andhra Pradesh,636297
4376,2108,Office,"864, Kashyap Chowk",Hyderabad,Telangana,232242
4377,260,Office,"783, Vala Marg",Lucknow,Uttar Pradesh,254145
4378,3114,Home,"78/47, Amble Path",Bhopal,Madhya Pradesh,474176
4379,4746,Office,"441, Padmanabhan Nagar",Salem,Tamil Nadu,940652
4380,3043,Home,"293, Loyal Street",Nagpur,Maharashtra,483451
4381,1662,Office,"H.No. 08, Sengupta",Mysuru,Karnataka,547281
4382,947,Other,"70/662, Acharya Path",Nagpur,Maharashtra,622043
4383,3567,Home,"14, Mangal",Mumbai,Maharashtra,248492
4384,4981,Office,"H.No. 528, Ahluwalia Ganj",Vellore,Tamil Nadu,682080
4385,980,Office,"H.No. 780, Thaker",Jaipur,Rajasthan,209252
4386,1550,Other,"H.No. 942, Pai Ganj",Mysuru,Karnataka,791302
4387,2361,Office,"29/90, Murty Street",Chandigarh,Chandigarh,002279
4388,4692,Office,"H.No. 79, Vala",Indore,Madhya Pradesh,594326
4389,2860,Home,"224, Agrawal Nagar",Bhopal,Madhya Pradesh,700378
4390,4279,Office,"15, Raghavan Nagar",Ahmedabad,Gujarat,246088
4391,1792,Office,"20/85, Parmar Zila",Kochi,Kerala,228660
4392,4665,Office,"99/74, Mand",Mumbai,Maharashtra,171590
4393,3526,Home,"48, Kothari Chowk",Vijayawada,Andhra Pradesh,259012
4394,1005,Home,"96/84, Jani Circle",Visakhapatnam,Andhra Pradesh,329786
4395,835,Office,"H.No. 542, Nori",Thiruvananthapuram,Kerala,719477
4396,3164,Home,"H.No. 719, Batta Zila",Chandigarh,Chandigarh,533635
4397,2699,Other,"H.No. 723, Apte Road",Thiruvananthapuram,Kerala,155886
4398,4105,Office,"143, Shukla Circle",Thiruvananthapuram,Kerala,611542
4399,2998,Other,"H.No. 889, Kunda Path",Thiruvananthapuram,Kerala,926595
4400,20,Other,"33, Ramakrishnan Marg",Kolkata,West Bengal,481431
4401,4136,Home,"40, Chander Nagar",Tiruchirappalli,Tamil Nadu,110638
4402,4559,Home,"443, Rajagopalan Street",Salem,Tamil Nadu,495189
4403,4286,Office,"97/855, Sengupta Zila",Indore,Madhya Pradesh,543698
4404,350,Home,"34/594, Jayaraman Circle",Bengaluru,Karnataka,494080
4405,3578,Other,"H.No. 069, Rattan Path",Salem,Tamil Nadu,983331
4406,3212,Other,"92, Rajan Marg",Kolkata,West Bengal,030750
4407,2875,Office,"99/06, Bail Road",Bhopal,Madhya Pradesh,067109
4408,273,Office,"96, Chaudhari Path",Lucknow,Uttar Pradesh,592086
4409,363,Home,"749, Pandya Road",Mumbai,Maharashtra,839318
4410,518,Office,"66/549, Kumer Ganj",Vellore,Tamil Nadu,812688
4411,1691,Other,"H.No. 786, Goda Ganj",Hyderabad,Telangana,197030
4412,2730,Office,"81/762, Gera Ganj",Thiruvananthapuram,Kerala,588119
4413,2679,Other,"776, Patil Zila",Mysuru,Karnataka,807844
4414,511,Other,"H.No. 67, Bahl Marg",Indore,Madhya Pradesh,425976
4415,4992,Office,"12, Kunda Path",Coimbatore,Tamil Nadu,584795
4416,1940,Home,"61/49, Badami",Vellore,Tamil Nadu,409054
4417,2851,Home,"H.No. 96, Prasad Street",Bhopal,Madhya Pradesh,165389
4418,2205,Office,"39/076, Ratti Marg",Vijayawada,Andhra Pradesh,524420
4419,233,Home,"H.No. 579, Tak",Chandigarh,Chandigarh,658112
4420,1243,Other,"H.No. 07, Kaur Chowk",Ahmedabad,Gujarat,350968
4421,196,Home,"H.No. 922, Dar Chowk",Delhi,Delhi,623935
4422,3890,Other,"01, Sem Chowk",Chennai,Tamil Nadu,655813
4423,1852,Other,"13, Lad Path",Coimbatore,Tamil Nadu,701823
4424,4101,Office,"20/025, Bassi Ganj",Bhopal,Madhya Pradesh,674071
4425,2244,Other,"311, Raval Path",Thiruvananthapuram,Kerala,835628
4426,1519,Other,"H.No. 31, Kuruvilla Circle",Pune,Maharashtra,364921
4427,2539,Other,"964, Verma Path",Chandigarh,Chandigarh,166393
4428,4913,Home,"221, Varghese Marg",Vellore,Tamil Nadu,701821
4429,3862,Office,"H.No. 74, Desai Zila",Indore,Madhya Pradesh,121883
4430,1939,Other,"H.No. 01, Bora Chowk",Vellore,Tamil Nadu,455766
4431,2691,Office,"536, Chauhan Chowk",Indore,Madhya Pradesh,712034
4432,410,Other,"74/175, Padmanabhan Marg",Vellore,Tamil Nadu,300224
4433,4020,Other,"371, Rajan Marg",Indore,Madhya Pradesh,333519
4434,1541,Other,"21/115, Edwin Street",Visakhapatnam,Andhra Pradesh,099306
4435,3255,Office,"42, Dada Nagar",Jaipur,Rajasthan,731010
4436,4003,Office,"H.No. 460, Narula Nagar",Salem,Tamil Nadu,049566
4437,3388,Home,"51/038, Parmar",Thiruvananthapuram,Kerala,722783
4438,671,Home,"90/253, Mohanty Street",Bhopal,Madhya Pradesh,888076
4439,269,Office,"H.No. 77, Murty Marg",Mysuru,Karnataka,395928
4440,1548,Other,"H.No. 63, Ganesan Zila",Surat,Gujarat,534749
4441,4776,Home,"H.No. 608, Shroff Road",Coimbatore,Tamil Nadu,822234
4442,3462,Other,"94/474, Modi Circle",Chandigarh,Chandigarh,694451
4443,2033,Other,"157, Chander Street",Lucknow,Uttar Pradesh,260713
4444,4075,Home,"14/38, Sastry Street",Lucknow,Uttar Pradesh,461239
4445,2098,Home,"H.No. 45, Nayak Street",Kochi,Kerala,372067
4446,448,Office,"30/978, Khosla Nagar",Hyderabad,Telangana,468620
4447,1659,Home,"H.No. 39, Chahal Zila",Chennai,Tamil Nadu,828918
4448,2960,Other,"50/739, Mitter Circle",Visakhapatnam,Andhra Pradesh,505068
4449,4223,Office,"H.No. 11, Sachdeva Road",Indore,Madhya Pradesh,785662
4450,325,Other,"62, Goel Chowk",Pune,Maharashtra,381445
4451,2189,Other,"H.No. 14, Sethi",Ahmedabad,Gujarat,301446
4452,4730,Home,"845, Mander Path",Thiruvananthapuram,Kerala,012221
4453,4670,Other,"13/12, Parmar Nagar",Lucknow,Uttar Pradesh,089893
4454,2110,Home,"22/20, More Street",Chennai,Tamil Nadu,766970
4455,3697,Office,"38/28, Radhakrishnan Street",Salem,Tamil Nadu,740009
4456,2937,Home,"35, Rout Road",Chennai,Tamil Nadu,595901
4457,2589,Office,"H.No. 355, Ben Ganj",Kolkata,West Bengal,253436
4458,1027,Home,"69, Shroff Ganj",Jaipur,Rajasthan,675644
4459,434,Other,"148, Goswami Street",Jaipur,Rajasthan,194572
4460,767,Office,"H.No. 55, Gaba Ganj",Delhi,Delhi,685550
4461,3018,Home,"94, Atwal Path",Bengaluru,Karnataka,836072
4462,3393,Office,"84/99, Doctor Ganj",Bhopal,Madhya Pradesh,689801
4463,58,Other,"52, Padmanabhan Circle",Chennai,Tamil Nadu,430523
4464,4892,Home,"H.No. 416, Saxena Ganj",Thiruvananthapuram,Kerala,727420
4465,4554,Office,"50/294, Savant Nagar",Bhopal,Madhya Pradesh,977881
4466,2876,Other,"H.No. 85, Chaudhry",Jaipur,Rajasthan,905424
4467,4485,Office,"40/41, Tata Road",Indore,Madhya Pradesh,408877
4468,4442,Office,"H.No. 569, Dyal",Coimbatore,Tamil Nadu,913790
4469,3326,Office,"88, Atwal Road",Vijayawada,Andhra Pradesh,763309
4470,1611,Office,"91, Chaudry Road",Chennai,Tamil Nadu,928427
4471,3684,Other,"74, Sant Zila",Delhi,Delhi,374667
4472,3977,Home,"37, Purohit Zila",Jaipur,Rajasthan,361116
4473,1219,Other,"52/41, Dalal Chowk",Tiruchirappalli,Tamil Nadu,874782
4474,3600,Home,"34, Ghose Ganj",Indore,Madhya Pradesh,101102
4475,3190,Home,"14/914, Bera Zila",Mumbai,Maharashtra,120174
4476,4504,Other,"H.No. 81, Soman Path",Ahmedabad,Gujarat,194238
4477,581,Office,"124, Yohannan Path",Salem,Tamil Nadu,470807
4478,2107,Office,"27/85, Luthra Chowk",Jaipur,Rajasthan,642542
4479,4323,Other,"70/269, Nagar Zila",Ahmedabad,Gujarat,666920
4480,4819,Home,"29/722, D’Alia Ganj",Bengaluru,Karnataka,086334
4481,3436,Home,"H.No. 39, Parsa Chowk",Kochi,Kerala,829038
4482,3962,Other,"98, Devi Nagar",Pune,Maharashtra,402783
4483,2257,Office,"26/849, Chopra Road",Visakhapatnam,Andhra Pradesh,790447
4484,2388,Home,"H.No. 537, Ganesan",Mumbai,Maharashtra,060823
4485,604,Other,"H.No. 002, Sodhi",Nagpur,Maharashtra,678246
4486,576,Home,"53/092, Golla Street",Ahmedabad,Gujarat,128816
4487,804,Home,"583, Doctor Street",Lucknow,Uttar Pradesh,272344
4488,4676,Home,"H.No. 16, Varty Nagar",Salem,Tamil Nadu,881489
4489,3945,Other,"22/33, Goda Street",Bengaluru,Karnataka,661999
4490,368,Other,"H.No. 081, Ratta Circle",Hyderabad,Telangana,213375
4491,324,Home,"H.No. 455, Kurian Road",Chandigarh,Chandigarh,227004
4492,1778,Other,"H.No. 42, Oza Street",Ahmedabad,Gujarat,303748
4493,1463,Home,"08/374, Dhillon Ganj",Lucknow,Uttar Pradesh,060830
4494,3299,Other,"36, Subramanian Marg",Madurai,Tamil Nadu,859877
4495,1867,Home,"57/333, Kapadia Path",Chennai,Tamil Nadu,790238
4496,4177,Home,"05/694, Raghavan Chowk",Vijayawada,Andhra Pradesh,927812
4497,4495,Other,"96, Mammen Street",Nagpur,Maharashtra,995224
4498,974,Other,"56, Sengupta Zila",Mysuru,Karnataka,720170
4499,4996,Home,"H.No. 755, Raman Path",Surat,Gujarat,747351
4500,1306,Office,"74, Lad Road",Mysuru,Karnataka,716778
4501,350,Office,"024, Deshmukh",Coimbatore,Tamil Nadu,008334
4502,4198,Office,"71/55, Hayre Nagar",Hyderabad,Telangana,038035
4503,4969,Home,"137, Chopra Ganj",Delhi,Delhi,950488
4504,1776,Office,"87/59, Shere",Mumbai,Maharashtra,229278
4505,857,Home,"92/83, Zacharia",Nagpur,Maharashtra,391062
4506,487,Home,"H.No. 67, Sachdeva Circle",Indore,Madhya Pradesh,038169
4507,1453,Office,"48/67, Sibal Nagar",Hyderabad,Telangana,986444
4508,4814,Home,"H.No. 851, Cherian Nagar",Visakhapatnam,Andhra Pradesh,427255
4509,3410,Home,"018, Vora Nagar",Pune,Maharashtra,258423
4510,2131,Home,"272, Pradhan Chowk",Jaipur,Rajasthan,152723
4511,2446,Other,"H.No. 434, Raju Zila",Mumbai,Maharashtra,382677
4512,904,Office,"72/77, Choudhary Chowk",Chennai,Tamil Nadu,605346
4513,3025,Other,"74/096, Kata Circle",Mysuru,Karnataka,869871
4514,4920,Home,"46/292, Chander",Bengaluru,Karnataka,736053
4515,4360,Home,"11/00, Subramaniam Nagar",Pune,Maharashtra,831826
4516,357,Home,"41, Zacharia",Pune,Maharashtra,032250
4517,2924,Office,"33/92, Soman Street",Hyderabad,Telangana,454544
4518,168,Office,"787, Ghosh",Delhi,Delhi,477174
4519,2095,Home,"68, Sengupta Marg",Thiruvananthapuram,Kerala,206137
4520,4382,Office,"82/37, Chada Marg",Indore,Madhya Pradesh,593087
4521,2509,Home,"09/12, Bose Circle",Chandigarh,Chandigarh,126358
4522,2462,Other,"H.No. 67, Bandi Zila",Delhi,Delhi,622519
4523,60,Office,"562, Mani Circle",Tiruchirappalli,Tamil Nadu,372828
4524,2942,Other,"H.No. 125, Bhardwaj Street",Kolkata,West Bengal,432091
4525,295,Other,"12/47, Ranganathan",Jaipur,Rajasthan,678303
4526,2966,Other,"29, Bedi Road",Bhopal,Madhya Pradesh,751376
4527,2608,Office,"14/19, Talwar Marg",Mysuru,Karnataka,845192
4528,2494,Office,"49/65, Varghese Ganj",Kolkata,West Bengal,194056
4529,1179,Office,"59/340, Batta Zila",Kochi,Kerala,528799
4530,3208,Home,"257, Batta Path",Lucknow,Uttar Pradesh,259312
4531,3891,Other,"25, Mangal Road",Mumbai,Maharashtra,503079
4532,1695,Other,"25/46, Sarraf Chowk",Madurai,Tamil Nadu,396778
4533,2046,Home,"07/51, Jaggi Marg",Kolkata,West Bengal,662679
4534,805,Office,"H.No. 990, Joshi Chowk",Indore,Madhya Pradesh,229176
4535,1247,Other,"03/61, Parekh Road",Mysuru,Karnataka,402919
4536,2441,Other,"50, Virk Path",Kolkata,West Bengal,841492
4537,1803,Office,"35/60, Deshmukh Street",Lucknow,Uttar Pradesh,511748
4538,2753,Other,"693, Batra Circle",Pune,Maharashtra,846070
4539,540,Other,"517, Handa Path",Ahmedabad,Gujarat,726108
4540,37,Home,"H.No. 63, Krishna Zila",Vellore,Tamil Nadu,961265
4541,416,Office,"89/97, Nayak Path",Mumbai,Maharashtra,379978
4542,1061,Other,"68, Ravel Nagar",Pune,Maharashtra,119888
4543,1886,Home,"H.No. 47, Golla Ganj",Delhi,Delhi,778545
4544,3346,Other,"H.No. 77, Ranganathan Nagar",Madurai,Tamil Nadu,855883
4545,1995,Home,"56/43, Shukla Street",Chennai,Tamil Nadu,411565
4546,1080,Office,"70, Padmanabhan Zila",Coimbatore,Tamil Nadu,266998
4547,72,Office,"05/27, Doctor",Kochi,Kerala,085463
4548,3651,Other,"46, Ratta Nagar",Delhi,Delhi,493237
4549,2610,Other,"H.No. 83, Verma Circle",Visakhapatnam,Andhra Pradesh,331493
4550,293,Other,"H.No. 48, Gala Path",Chennai,Tamil Nadu,066653
4551,4458,Other,"97, Banerjee Zila",Thiruvananthapuram,Kerala,028100
4552,810,Office,"266, Chana Marg",Thiruvananthapuram,Kerala,808864
4553,2165,Home,"99/162, Sunder Chowk",Ahmedabad,Gujarat,502942
4554,742,Home,"H.No. 122, Dada",Salem,Tamil Nadu,353759
4555,3824,Other,"19, Rana Chowk",Mumbai,Maharashtra,162429
4556,1976,Other,"801, Som Nagar",Chennai,Tamil Nadu,177446
4557,4440,Office,"34/86, Dada Road",Surat,Gujarat,507831
4558,3301,Office,"315, Mahajan Ganj",Kochi,Kerala,621741
4559,1281,Other,"37/514, Raghavan Zila",Surat,Gujarat,866898
4560,596,Other,"973, Saxena Street",Nagpur,Maharashtra,028496
4561,3779,Other,"H.No. 55, Bir Nagar",Vellore,Tamil Nadu,199149
4562,1549,Other,"535, Pau",Lucknow,Uttar Pradesh,019654
4563,2249,Office,"H.No. 594, Patel Road",Delhi,Delhi,452102
4564,762,Office,"38/870, Bora Chowk",Tiruchirappalli,Tamil Nadu,604212
4565,2814,Home,"H.No. 046, Sundaram Circle",Coimbatore,Tamil Nadu,521008
4566,3523,Home,"65/42, Narula Path",Chennai,Tamil Nadu,862229
4567,4915,Other,"54/417, Badami Zila",Madurai,Tamil Nadu,673929
4568,1765,Office,"69/070, Krishnamurthy Marg",Chennai,Tamil Nadu,235838
4569,992,Office,"H.No. 752, Modi Nagar",Hyderabad,Telangana,700483
4570,530,Other,"76/273, Pathak Street",Surat,Gujarat,382743
4571,638,Other,"622, Bhardwaj Path",Coimbatore,Tamil Nadu,348373
4572,4221,Office,"014, Kunda Marg",Chandigarh,Chandigarh,750380
4573,2168,Office,"41/852, Kala Nagar",Vijayawada,Andhra Pradesh,101044
4574,1107,Other,"050, Zacharia",Ahmedabad,Gujarat,993409
4575,4329,Home,"00/876, Manne Circle",Mysuru,Karnataka,558422
4576,3494,Home,"776, Pandey Circle",Lucknow,Uttar Pradesh,556442
4577,1643,Home,"75, Chadha Nagar",Kolkata,West Bengal,252674
4578,476,Home,"221, Rajan Marg",Ahmedabad,Gujarat,952381
4579,3154,Home,"87/14, Bains Street",Pune,Maharashtra,577793
4580,2849,Other,"404, Korpal",Thiruvananthapuram,Kerala,362317
4581,1187,Office,"53/373, Subramanian Road",Nagpur,Maharashtra,630658
4582,3151,Home,"27/65, Rama Road",Nagpur,Maharashtra,589730
4583,117,Office,"78/581, Muni Road",Delhi,Delhi,983687
4584,1309,Other,"H.No. 907, Bajwa Path",Ahmedabad,Gujarat,611555
4585,841,Office,"H.No. 749, Das Circle",Lucknow,Uttar Pradesh,961158
4586,2412,Other,"H.No. 718, Date Chowk",Salem,Tamil Nadu,012683
4587,4708,Other,"H.No. 62, Grewal Road",Jaipur,Rajasthan,605116
4588,582,Other,"90, Lata Path",Visakhapatnam,Andhra Pradesh,526821
4589,2608,Home,"71/902, Ghose Ganj",Visakhapatnam,Andhra Pradesh,107325
4590,941,Home,"H.No. 92, Golla Zila",Mumbai,Maharashtra,034899
4591,4300,Other,"H.No. 64, Bumb Ganj",Delhi,Delhi,210463
4592,4724,Home,"H.No. 867, Bhavsar Nagar",Mumbai,Maharashtra,835054
4593,560,Home,"H.No. 93, Chhabra Zila",Vijayawada,Andhra Pradesh,125470
4594,2192,Home,"413, Bail Path",Tiruchirappalli,Tamil Nadu,407647
4595,969,Office,"86/294, Rege Ganj",Kochi,Kerala,314539
4596,2058,Other,"07/20, Wali Chowk",Bengaluru,Karnataka,584584
4597,1953,Other,"227, Radhakrishnan Chowk",Bhopal,Madhya Pradesh,218066
4598,4218,Home,"527, Handa",Kolkata,West Bengal,445190
4599,1734,Office,"74, Bhattacharyya Street",Indore,Madhya Pradesh,830634
4600,1746,Office,"710, Kunda Circle",Bengaluru,Karnataka,575423
4601,3332,Other,"534, Shan",Indore,Madhya Pradesh,486898
4602,721,Office,"253, Bal Path",Nagpur,Maharashtra,277469
4603,1782,Home,"384, Choudhry Chowk",Chennai,Tamil Nadu,705877
4604,2497,Home,"221, Bath Street",Indore,Madhya Pradesh,402342
4605,771,Home,"387, Mitra Ganj",Bengaluru,Karnataka,350021
4606,2414,Other,"63/836, Sagar Marg",Bhopal,Madhya Pradesh,365869
4607,4116,Other,"19/97, Nagi Circle",Nagpur,Maharashtra,344553
4608,58,Office,"67/73, Murty Chowk",Bhopal,Madhya Pradesh,283188
4609,3374,Other,"H.No. 666, Kohli Ganj",Tiruchirappalli,Tamil Nadu,280911
4610,4493,Other,"H.No. 16, Gera Circle",Jaipur,Rajasthan,977054
4611,3368,Other,"H.No. 406, Madan Path",Kolkata,West Bengal,651267
4612,4961,Office,"07/53, Chaudhuri Path",Coimbatore,Tamil Nadu,834562
4613,3199,Other,"495, Narayanan Marg",Bengaluru,Karnataka,582230
4614,2530,Other,"60, Sane Path",Chandigarh,Chandigarh,656124
4615,429,Home,"441, Raja Road",Kolkata,West Bengal,969389
4616,813,Office,"H.No. 29, Mangat Zila",Madurai,Tamil Nadu,735290
4617,1720,Office,"H.No. 168, Sem Marg",Delhi,Delhi,478687
4618,482,Office,"071, Chadha Circle",Bengaluru,Karnataka,694418
4619,3266,Home,"97, Thaman Zila",Pune,Maharashtra,015398
4620,789,Other,"H.No. 05, Brahmbhatt Road",Pune,Maharashtra,999498
4621,1710,Office,"11/742, Buch Marg",Pune,Maharashtra,227404
4622,1589,Home,"H.No. 228, Thaker Path",Kochi,Kerala,708103
4623,4058,Other,"43, Dada Zila",Nagpur,Maharashtra,049246
4624,2399,Other,"H.No. 285, Shankar Road",Kolkata,West Bengal,631508
4625,4366,Other,"H.No. 866, Bera Chowk",Nagpur,Maharashtra,295790
4626,4121,Office,"H.No. 40, Madan Marg",Delhi,Delhi,823598
4627,4443,Office,"87/69, Yogi Zila",Tiruchirappalli,Tamil Nadu,484121
4628,2201,Office,"496, Palla Nagar",Vellore,Tamil Nadu,706272
4629,1648,Home,"H.No. 26, Kadakia Road",Bengaluru,Karnataka,113887
4630,2196,Home,"57/162, Tripathi",Chandigarh,Chandigarh,754870
4631,4076,Office,"64/61, Prashad Road",Thiruvananthapuram,Kerala,838560
4632,878,Office,"68, Sachdev Path",Bhopal,Madhya Pradesh,789532
4633,2392,Other,"75/39, Barman Ganj",Chandigarh,Chandigarh,619993
4634,4997,Office,"03, Ranganathan Circle",Chandigarh,Chandigarh,574236
4635,197,Office,"80, Seth Ganj",Ahmedabad,Gujarat,718658
4636,2492,Home,"46, Din Zila",Thiruvananthapuram,Kerala,465456
4637,442,Other,"63, Kadakia Marg",Bengaluru,Karnataka,381392
4638,2259,Home,"304, Chatterjee Street",Nagpur,Maharashtra,379982
4639,1636,Office,"H.No. 87, Kale",Pune,Maharashtra,012335
4640,411,Other,"93/775, Amble",Nagpur,Maharashtra,292992
4641,2197,Home,"H.No. 133, Atwal Chowk",Salem,Tamil Nadu,574085
4642,3243,Home,"74/911, Dugal Ganj",Hyderabad,Telangana,369649
4643,3175,Home,"26/83, Khare Zila",Pune,Maharashtra,033833
4644,2771,Office,"73/614, Mander Nagar",Salem,Tamil Nadu,619456
4645,3451,Office,"58/181, Apte Zila",Madurai,Tamil Nadu,994292
4646,3786,Home,"197, Oza Circle",Ahmedabad,Gujarat,201089
4647,2867,Other,"H.No. 723, Dhar Street",Jaipur,Rajasthan,478301
4648,885,Office,"H.No. 10, Wason Circle",Pune,Maharashtra,444253
4649,2111,Home,"H.No. 24, Mital",Surat,Gujarat,785847
4650,135,Office,"H.No. 239, Tripathi Street",Bengaluru,Karnataka,109157
4651,2313,Office,"10/43, Saxena",Thiruvananthapuram,Kerala,341024
4652,1150,Other,"H.No. 05, Ramakrishnan",Nagpur,Maharashtra,106268
4653,3522,Other,"H.No. 18, Sidhu Chowk",Salem,Tamil Nadu,896176
4654,1334,Other,"29/620, Garde Road",Ahmedabad,Gujarat,581014
4655,1941,Other,"H.No. 082, Gola Path",Ahmedabad,Gujarat,065117
4656,4018,Home,"25/15, Tiwari Street",Coimbatore,Tamil Nadu,049605
4657,2536,Home,"90, Bassi Path",Surat,Gujarat,951704
4658,3686,Home,"H.No. 473, Viswanathan Nagar",Nagpur,Maharashtra,887526
4659,413,Other,"284, D’Alia Road",Mumbai,Maharashtra,335802
4660,3083,Office,"H.No. 377, Bala Nagar",Surat,Gujarat,335823
4661,2550,Home,"H.No. 627, Butala Road",Bhopal,Madhya Pradesh,708832
4662,4156,Home,"H.No. 416, Muni Zila",Surat,Gujarat,543491
4663,3198,Other,"H.No. 55, Mangat Chowk",Kochi,Kerala,433304
4664,268,Office,"058, Tella Zila",Kolkata,West Bengal,585350
4665,1966,Office,"925, Bandi Circle",Indore,Madhya Pradesh,919437
4666,2326,Home,"312, Jayaraman",Delhi,Delhi,556850
4667,2111,Other,"080, Gupta Path",Kolkata,West Bengal,792795
4668,3830,Other,"246, Borra Path",Chandigarh,Chandigarh,591461
4669,3521,Other,"H.No. 140, Toor Chowk",Indore,Madhya Pradesh,400771
4670,4082,Other,"01/083, Sastry Zila",Salem,Tamil Nadu,499632
4671,770,Office,"H.No. 53, Shetty Ganj",Jaipur,Rajasthan,317528
4672,3161,Office,"H.No. 224, Batta Nagar",Coimbatore,Tamil Nadu,259375
4673,4000,Home,"35/00, Dhillon Street",Bhopal,Madhya Pradesh,408975
4674,145,Other,"84/235, Barad Zila",Chandigarh,Chandigarh,642149
4675,743,Other,"84/16, Mallick Ganj",Mumbai,Maharashtra,779279
4676,4504,Home,"39/20, Pillay Path",Chennai,Tamil Nadu,570453
4677,1175,Home,"H.No. 434, Magar",Ahmedabad,Gujarat,598826
4678,567,Home,"H.No. 43, Tailor Ganj",Mysuru,Karnataka,140290
4679,299,Other,"H.No. 081, Kapadia Nagar",Chennai,Tamil Nadu,114075
4680,4148,Other,"78/62, Saha Zila",Mumbai,Maharashtra,484430
4681,2989,Home,"447, Pant Path",Visakhapatnam,Andhra Pradesh,823828
4682,1751,Home,"13, Chada Chowk",Ahmedabad,Gujarat,880732
4683,3277,Other,"H.No. 463, Oza Path",Jaipur,Rajasthan,284686
4684,2346,Home,"87/203, Iyengar Street",Salem,Tamil Nadu,227049
4685,1463,Home,"274, Dutta Nagar",Mysuru,Karnataka,558592
4686,3330,Other,"H.No. 80, Keer Street",Mumbai,Maharashtra,108185
4687,1918,Office,"80/514, Varty Ganj",Kochi,Kerala,737490
4688,4655,Office,"47/181, Dhawan Ganj",Thiruvananthapuram,Kerala,062146
4689,3484,Other,"354, Gulati Chowk",Salem,Tamil Nadu,702555
4690,4697,Home,"481, Contractor Road",Tiruchirappalli,Tamil Nadu,771807
4691,2283,Other,"22/39, Sachdeva Marg",Visakhapatnam,Andhra Pradesh,285141
4692,3568,Other,"27/45, Maharaj Chowk",Vellore,Tamil Nadu,659925
4693,3043,Office,"63, Soman Ganj",Salem,Tamil Nadu,643537
4694,4728,Office,"146, Bera Ganj",Ahmedabad,Gujarat,009583
4695,1341,Other,"H.No. 28, Kalla Marg",Vellore,Tamil Nadu,310265
4696,1300,Home,"47, Manne Road",Jaipur,Rajasthan,667352
4697,4467,Home,"08, Misra Ganj",Chandigarh,Chandigarh,289740
4698,1667,Other,"93/496, Soman Road",Indore,Madhya Pradesh,539562
4699,3255,Other,"54/262, Sha Marg",Salem,Tamil Nadu,889267
4700,343,Other,"H.No. 361, Chanda",Bhopal,Madhya Pradesh,673221
4701,1270,Office,"75/941, Lanka Road",Mumbai,Maharashtra,720453
4702,1570,Office,"69, Chaudhuri Chowk",Lucknow,Uttar Pradesh,276243
4703,4414,Other,"06/300, Wali Chowk",Salem,Tamil Nadu,338917
4704,3857,Home,"563, Goyal",Salem,Tamil Nadu,187816
4705,4221,Other,"98, Sarma Chowk",Surat,Gujarat,510597
4706,3636,Office,"H.No. 46, Oza Circle",Hyderabad,Telangana,094794
4707,3373,Home,"92/936, Rama Zila",Nagpur,Maharashtra,290879
4708,3939,Office,"68/63, Suri Marg",Ahmedabad,Gujarat,639663
4709,4420,Office,"736, Badami Nagar",Bhopal,Madhya Pradesh,550408
4710,2011,Other,"H.No. 383, Behl Circle",Nagpur,Maharashtra,175282
4711,4118,Other,"79/077, Thakkar",Kolkata,West Bengal,182561
4712,297,Office,"40, Aggarwal Street",Lucknow,Uttar Pradesh,802224
4713,1721,Home,"61, Nanda Marg",Tiruchirappalli,Tamil Nadu,758666
4714,4127,Other,"57, Misra Nagar",Lucknow,Uttar Pradesh,883392
4715,1772,Home,"84/099, Grover Zila",Nagpur,Maharashtra,917649
4716,605,Office,"74, Sawhney Street",Delhi,Delhi,598407
4717,6,Other,"54/720, Deol",Pune,Maharashtra,465296
4718,3264,Office,"94/718, Brahmbhatt",Coimbatore,Tamil Nadu,680731
4719,1635,Office,"H.No. 179, Singhal Chowk",Indore,Madhya Pradesh,600220
4720,3777,Office,"36/423, Ganesan Circle",Madurai,Tamil Nadu,355220
4721,392,Home,"H.No. 245, Grewal Marg",Kochi,Kerala,202540
4722,1985,Other,"H.No. 139, Nath Marg",Indore,Madhya Pradesh,525517
4723,411,Office,"H.No. 69, Kannan Circle",Chandigarh,Chandigarh,495092
4724,2213,Home,"897, Swaminathan Path",Surat,Gujarat,031430
4725,418,Home,"H.No. 432, Tella Circle",Chandigarh,Chandigarh,899470
4726,4195,Other,"99, Comar Circle",Vellore,Tamil Nadu,371044
4727,9,Home,"11, Sami Ganj",Tiruchirappalli,Tamil Nadu,689068
4728,1564,Home,"58/03, Chaudhry",Mysuru,Karnataka,779053
4729,429,Home,"H.No. 18, Om",Ahmedabad,Gujarat,429703
4730,2383,Other,"73/380, Krishnan Nagar",Tiruchirappalli,Tamil Nadu,432694
4731,2489,Home,"H.No. 042, Dhaliwal Ganj",Thiruvananthapuram,Kerala,086586
4732,3457,Home,"33/487, Bhavsar Circle",Bengaluru,Karnataka,421147
4733,1860,Office,"75, Kanda Chowk",Vijayawada,Andhra Pradesh,514156
4734,1337,Other,"31, Mammen Street",Mysuru,Karnataka,219792
4735,1623,Other,"61, Mahal Chowk",Chandigarh,Chandigarh,353005
4736,1591,Other,"41/72, Kade Chowk",Pune,Maharashtra,069754
4737,2671,Office,"263, Chauhan Nagar",Tiruchirappalli,Tamil Nadu,089229
4738,3673,Office,"H.No. 922, Kapur Zila",Kolkata,West Bengal,704503
4739,3031,Home,"H.No. 729, Hari Road",Mysuru,Karnataka,628734
4740,2886,Other,"H.No. 295, Sathe Zila",Indore,Madhya Pradesh,855867
4741,3713,Home,"H.No. 602, Varghese Chowk",Kolkata,West Bengal,348765
4742,1830,Office,"12/806, Pall",Tiruchirappalli,Tamil Nadu,211095
4743,1493,Office,"H.No. 615, Raman Marg",Chennai,Tamil Nadu,859713
4744,1922,Home,"H.No. 129, Yadav Street",Nagpur,Maharashtra,042385
4745,2294,Home,"H.No. 79, Nagarajan Marg",Jaipur,Rajasthan,450855
4746,131,Other,"85/98, Ram Nagar",Pune,Maharashtra,439878
4747,3030,Other,"84/40, Barad Marg",Bengaluru,Karnataka,690959
4748,2280,Other,"H.No. 521, Vyas",Kochi,Kerala,207773
4749,3873,Office,"81/53, Gaba Nagar",Vellore,Tamil Nadu,336770
4750,927,Other,"979, Pandit Street",Pune,Maharashtra,841279
4751,2870,Home,"253, Dey Ganj",Chennai,Tamil Nadu,888404
4752,4277,Office,"27, Goel Road",Lucknow,Uttar Pradesh,121154
4753,1734,Office,"H.No. 85, Dhingra Nagar",Delhi,Delhi,610168
4754,3222,Other,"H.No. 713, Sundaram Chowk",Lucknow,Uttar Pradesh,309514
4755,590,Other,"H.No. 737, Bhandari Street",Surat,Gujarat,032404
4756,2017,Other,"H.No. 121, Oommen Chowk",Mumbai,Maharashtra,343614
4757,10,Office,"H.No. 01, Babu Street",Surat,Gujarat,312868
4758,3544,Other,"77, Rajagopal Path",Salem,Tamil Nadu,698363
4759,1479,Office,"094, Chandra Circle",Bengaluru,Karnataka,853199
4760,1395,Other,"87/014, Chowdhury Marg",Jaipur,Rajasthan,027392
4761,3521,Office,"78, Chakraborty Ganj",Mysuru,Karnataka,642508
4762,3662,Other,"243, Roy",Mysuru,Karnataka,477323
4763,2110,Office,"492, Gandhi",Delhi,Delhi,332406
4764,3748,Other,"69/46, Parmar Nagar",Jaipur,Rajasthan,927450
4765,2896,Other,"69/582, Chacko Marg",Chennai,Tamil Nadu,913438
4766,401,Other,"580, Nagarajan Street",Vellore,Tamil Nadu,219747
4767,3515,Home,"H.No. 440, Din Road",Madurai,Tamil Nadu,142656
4768,2561,Office,"16, Kunda Nagar",Bhopal,Madhya Pradesh,430072
4769,1241,Other,"66, Parikh Nagar",Vijayawada,Andhra Pradesh,139783
4770,2677,Other,"H.No. 76, Kapur Marg",Hyderabad,Telangana,772424
4771,2101,Other,"84, Goda Zila",Kochi,Kerala,612826
4772,653,Other,"499, Shenoy Circle",Jaipur,Rajasthan,999481
4773,3241,Office,"06/812, Palan Chowk",Jaipur,Rajasthan,104086
4774,1866,Home,"258, Thakur Marg",Nagpur,Maharashtra,810624
4775,171,Home,"H.No. 656, Hari",Lucknow,Uttar Pradesh,512054
4776,21,Office,"H.No. 28, Sule Nagar",Vijayawada,Andhra Pradesh,477016
4777,3413,Other,"023, Rai Ganj",Indore,Madhya Pradesh,706538
4778,4420,Other,"789, Ram Path",Kochi,Kerala,354351
4779,3600,Other,"04/58, Sagar",Pune,Maharashtra,859524
4780,1132,Office,"H.No. 00, Mutti Road",Mumbai,Maharashtra,066605
4781,2730,Other,"59/24, Thakur Ganj",Lucknow,Uttar Pradesh,588322
4782,4626,Other,"02, Chhabra Zila",Surat,Gujarat,866028
4783,4989,Home,"14/98, Ramesh",Delhi,Delhi,691781
4784,866,Other,"H.No. 83, Chadha Marg",Hyderabad,Telangana,538336
4785,2017,Other,"44/934, Manda Chowk",Bengaluru,Karnataka,034267
4786,2914,Home,"H.No. 66, Chopra Zila",Mumbai,Maharashtra,568160
4787,74,Home,"H.No. 05, Vaidya Chowk",Bhopal,Madhya Pradesh,660178
4788,2759,Office,"96/147, Badal Ganj",Madurai,Tamil Nadu,480279
4789,3362,Office,"27/301, Sane",Indore,Madhya Pradesh,652174
4790,1181,Office,"65/898, Lata Circle",Delhi,Delhi,868443
4791,1910,Other,"68/414, Shukla Path",Madurai,Tamil Nadu,573815
4792,2256,Office,"79/972, Buch Circle",Kochi,Kerala,613023
4793,3729,Other,"63, Chana",Ahmedabad,Gujarat,949739
4794,4236,Office,"87, Peri Marg",Madurai,Tamil Nadu,471817
4795,2386,Other,"409, Chokshi Marg",Bhopal,Madhya Pradesh,511756
4796,2491,Home,"H.No. 40, Bedi Marg",Kochi,Kerala,109162
4797,2205,Home,"69/67, Sha Street",Thiruvananthapuram,Kerala,322637
4798,972,Home,"H.No. 968, Modi Street",Ahmedabad,Gujarat,698120
4799,2717,Home,"78, Sen",Vijayawada,Andhra Pradesh,671569
4800,1968,Home,"47/012, Kakar",Kolkata,West Bengal,541646
4801,573,Office,"15, Agarwal Nagar",Kolkata,West Bengal,652853
4802,1490,Other,"H.No. 455, Upadhyay Chowk",Lucknow,Uttar Pradesh,859222
4803,2724,Office,"00/659, Seth Chowk",Chandigarh,Chandigarh,144201
4804,835,Other,"420, Sibal Marg",Hyderabad,Telangana,170466
4805,219,Other,"08/179, Dhar Marg",Bhopal,Madhya Pradesh,167123
4806,2260,Home,"H.No. 65, Kara Circle",Surat,Gujarat,599801
4807,65,Other,"65/813, Reddy Marg",Jaipur,Rajasthan,220861
4808,2618,Office,"130, Bakshi Path",Delhi,Delhi,399478
4809,501,Home,"H.No. 88, Lata Zila",Indore,Madhya Pradesh,082474
4810,4860,Office,"79/434, Mane Road",Ahmedabad,Gujarat,756661
4811,3719,Other,"132, Gole Ganj",Ahmedabad,Gujarat,019761
4812,130,Home,"216, Thakkar Path",Kolkata,West Bengal,872670
4813,724,Office,"11/938, Kala Circle",Ahmedabad,Gujarat,904581
4814,3742,Home,"72/919, Anne Ganj",Lucknow,Uttar Pradesh,201859
4815,1818,Office,"H.No. 27, Choudhry Ganj",Nagpur,Maharashtra,876567
4816,531,Other,"412, Ramachandran Circle",Lucknow,Uttar Pradesh,038410
4817,3728,Office,"95/992, Golla Street",Kolkata,West Bengal,924440
4818,136,Office,"15, Goel",Vijayawada,Andhra Pradesh,209764
4819,4115,Other,"H.No. 838, Pall Street",Chennai,Tamil Nadu,914321
4820,1563,Home,"72/456, Padmanabhan Nagar",Madurai,Tamil Nadu,820808
4821,2103,Other,"H.No. 780, Talwar Circle",Vijayawada,Andhra Pradesh,353847
4822,2929,Other,"420, Shetty Path",Delhi,Delhi,365959
4823,28,Other,"H.No. 70, Grover Chowk",Tiruchirappalli,Tamil Nadu,929046
4824,1262,Home,"H.No. 721, Srinivasan Ganj",Thiruvananthapuram,Kerala,261671
4825,4805,Other,"72/702, Master Street",Chandigarh,Chandigarh,026210
4826,2973,Home,"H.No. 832, Chadha Nagar",Jaipur,Rajasthan,319384
4827,564,Office,"H.No. 31, Varty Zila",Jaipur,Rajasthan,307313
4828,1407,Home,"988, Gola Chowk",Visakhapatnam,Andhra Pradesh,713042
4829,811,Other,"76/80, Amble",Kolkata,West Bengal,779642
4830,4510,Office,"09, Wagle Chowk",Nagpur,Maharashtra,253991
4831,2763,Office,"54/13, Sharma Zila",Lucknow,Uttar Pradesh,485195
4832,4665,Other,"H.No. 23, Lad Ganj",Vijayawada,Andhra Pradesh,025885
4833,2135,Home,"H.No. 088, Doshi",Bengaluru,Karnataka,710874
4834,4539,Other,"159, Sant",Nagpur,Maharashtra,608725
4835,1064,Other,"77, Keer Path",Vellore,Tamil Nadu,768353
4836,4554,Office,"H.No. 78, Choudhury Zila",Salem,Tamil Nadu,162198
4837,3155,Other,"H.No. 46, Jaggi",Nagpur,Maharashtra,681516
4838,4999,Other,"19/07, Madan Nagar",Chennai,Tamil Nadu,519649
4839,2569,Other,"066, Atwal Zila",Chandigarh,Chandigarh,748425
4840,3215,Home,"H.No. 67, Kamdar Zila",Surat,Gujarat,647390
4841,415,Other,"H.No. 35, Jani Circle",Hyderabad,Telangana,435951
4842,1592,Home,"316, Pradhan",Jaipur,Rajasthan,323246
4843,4160,Office,"H.No. 51, Taneja Marg",Salem,Tamil Nadu,777204
4844,3939,Office,"71/88, Mahajan Circle",Chandigarh,Chandigarh,716965
4845,3122,Office,"H.No. 55, Gaba Ganj",Vijayawada,Andhra Pradesh,034769
4846,1776,Home,"H.No. 54, Acharya Road",Indore,Madhya Pradesh,689942
4847,3030,Other,"283, Kata Marg",Indore,Madhya Pradesh,801187
4848,2202,Office,"H.No. 398, Badal Ganj",Bengaluru,Karnataka,005657
4849,817,Office,"38/616, Bose Nagar",Kolkata,West Bengal,191364
4850,3123,Office,"69/580, Borra Path",Mysuru,Karnataka,047735
4851,663,Other,"188, Sharma Road",Surat,Gujarat,163228
4852,4882,Office,"H.No. 63, Sami Ganj",Chennai,Tamil Nadu,023521
4853,3259,Office,"92/118, Warrior Street",Visakhapatnam,Andhra Pradesh,305102
4854,983,Home,"H.No. 905, Chahal Circle",Lucknow,Uttar Pradesh,796056
4855,210,Home,"309, Shanker Road",Chandigarh,Chandigarh,688543
4856,2693,Other,"64/582, Naik",Coimbatore,Tamil Nadu,637333
4857,1808,Office,"H.No. 304, Chaudhary Chowk",Chandigarh,Chandigarh,623425
4858,4309,Home,"01/281, Mani",Vijayawada,Andhra Pradesh,011295
4859,3558,Other,"H.No. 781, Talwar Circle",Tiruchirappalli,Tamil Nadu,146566
4860,2228,Other,"07, Lad Nagar",Ahmedabad,Gujarat,737514
4861,3410,Home,"H.No. 35, Lall Path",Kolkata,West Bengal,222847
4862,1005,Office,"00, Sur",Pune,Maharashtra,909126
4863,4351,Other,"35/81, Chaudhuri Path",Indore,Madhya Pradesh,185940
4864,4835,Other,"H.No. 89, Nayak Marg",Mumbai,Maharashtra,084695
4865,3959,Home,"49/569, Shere Chowk",Bhopal,Madhya Pradesh,561234
4866,179,Office,"H.No. 152, Bal Street",Indore,Madhya Pradesh,015076
4867,4887,Home,"42/01, Chopra Street",Mysuru,Karnataka,220943
4868,709,Home,"208, Mishra Street",Surat,Gujarat,985778
4869,4974,Home,"413, Dixit Chowk",Coimbatore,Tamil Nadu,073571
4870,2336,Home,"18, Shukla Chowk",Jaipur,Rajasthan,978953
4871,3602,Home,"585, Nagar Ganj",Kochi,Kerala,995154
4872,2390,Office,"H.No. 36, Mani Nagar",Mysuru,Karnataka,872430
4873,2217,Other,"60/64, Misra Zila",Kolkata,West Bengal,250969
4874,4846,Home,"757, Bava",Mysuru,Karnataka,550880
4875,2844,Other,"958, Natarajan Road",Nagpur,Maharashtra,505296
4876,2799,Other,"704, Roy Chowk",Bengaluru,Karnataka,985683
4877,3746,Office,"H.No. 518, Malhotra Ganj",Tiruchirappalli,Tamil Nadu,027554
4878,2015,Home,"01/429, Bail Path",Ahmedabad,Gujarat,369368
4879,1163,Other,"H.No. 02, Dasgupta Zila",Madurai,Tamil Nadu,454980
4880,4034,Home,"06, Guha Path",Coimbatore,Tamil Nadu,930966
4881,147,Home,"491, Prashad Marg",Vijayawada,Andhra Pradesh,557739
4882,2193,Home,"H.No. 55, Handa Road",Vellore,Tamil Nadu,233193
4883,1385,Office,"21/081, Baria Zila",Pune,Maharashtra,877380
4884,4197,Home,"78, Varty",Vijayawada,Andhra Pradesh,968706
4885,2172,Office,"88, Iyengar Road",Madurai,Tamil Nadu,165098
4886,1334,Home,"812, Dey Chowk",Bengaluru,Karnataka,901405
4887,4571,Office,"934, Varughese Marg",Thiruvananthapuram,Kerala,738439
4888,3932,Office,"725, Arora Circle",Indore,Madhya Pradesh,535849
4889,777,Office,"003, Kar Street",Indore,Madhya Pradesh,201926
4890,934,Office,"H.No. 173, Pant Circle",Kolkata,West Bengal,555051
4891,4222,Other,"76/142, Saini Marg",Lucknow,Uttar Pradesh,443677
4892,65,Home,"H.No. 11, Thaker Nagar",Salem,Tamil Nadu,026491
4893,2001,Office,"H.No. 97, Vora Road",Mysuru,Karnataka,642527
4894,2732,Other,"31/779, Ahuja Zila",Kochi,Kerala,372565
4895,2304,Other,"373, Handa Road",Lucknow,Uttar Pradesh,889190
4896,3102,Office,"H.No. 024, Bains Street",Madurai,Tamil Nadu,277606
4897,1310,Other,"595, Sodhi Chowk",Kolkata,West Bengal,411284
4898,2247,Home,"172, Kulkarni Chowk",Chandigarh,Chandigarh,194047
4899,4515,Other,"671, Boase Marg",Vellore,Tamil Nadu,849899
4900,1783,Home,"26/382, Morar Chowk",Thiruvananthapuram,Kerala,455097
4901,339,Other,"309, Sood Circle",Indore,Madhya Pradesh,382429
4902,2057,Other,"27/049, Kashyap Chowk",Ahmedabad,Gujarat,446346
4903,4473,Other,"49, Nigam Marg",Madurai,Tamil Nadu,311015
4904,4280,Other,"181, Pant Path",Visakhapatnam,Andhra Pradesh,236886
4905,2610,Home,"H.No. 882, Divan Ganj",Vellore,Tamil Nadu,511395
4906,1162,Other,"549, Pathak Road",Delhi,Delhi,031768
4907,4184,Other,"H.No. 132, Singhal Road",Bhopal,Madhya Pradesh,730814
4908,3210,Home,"H.No. 23, Parmar Chowk",Salem,Tamil Nadu,454517
4909,4862,Other,"30/165, Tripathi Road",Salem,Tamil Nadu,657815
4910,3159,Home,"65, Chander Path",Chennai,Tamil Nadu,286421
4911,4314,Other,"01, Chander Chowk",Vijayawada,Andhra Pradesh,722294
4912,3,Office,"196, Bumb Path",Indore,Madhya Pradesh,441805
4913,4295,Office,"H.No. 085, Vasa Ganj",Coimbatore,Tamil Nadu,942079
4914,4696,Home,"19/909, Sandhu Chowk",Nagpur,Maharashtra,913118
4915,1792,Home,"H.No. 878, Nath Zila",Delhi,Delhi,491671
4916,3125,Home,"H.No. 67, Vora Nagar",Delhi,Delhi,678851
4917,1462,Office,"20/38, Dhingra Path",Bhopal,Madhya Pradesh,794015
4918,846,Other,"15/068, Oak",Chandigarh,Chandigarh,188116
4919,3836,Office,"73/48, Nagi Nagar",Salem,Tamil Nadu,496675
4920,4891,Home,"16/954, Dey Nagar",Vellore,Tamil Nadu,134268
4921,3332,Other,"69/95, Chandran Chowk",Tiruchirappalli,Tamil Nadu,957001
4922,985,Other,"45/12, Madan Street",Pune,Maharashtra,238789
4923,156,Other,"H.No. 381, Shroff Road",Mysuru,Karnataka,040962
4924,2953,Home,"922, Parikh Path",Bhopal,Madhya Pradesh,762109
4925,4264,Office,"272, Deshpande Chowk",Jaipur,Rajasthan,667549
4926,1256,Home,"H.No. 97, Babu Ganj",Kolkata,West Bengal,753745
4927,983,Other,"83/06, Dewan Circle",Hyderabad,Telangana,817049
4928,1415,Home,"29, Deshmukh Road",Tiruchirappalli,Tamil Nadu,919163
4929,712,Office,"98/004, Dhingra Chowk",Lucknow,Uttar Pradesh,288823
4930,1223,Home,"70/87, Barad Chowk",Madurai,Tamil Nadu,524244
4931,2928,Other,"H.No. 029, Kalla",Vellore,Tamil Nadu,103674
4932,3826,Office,"H.No. 925, Din Road",Coimbatore,Tamil Nadu,098318
4933,2650,Home,"03/43, Shan Nagar",Salem,Tamil Nadu,488305
4934,1481,Office,"H.No. 08, Tak Street",Bhopal,Madhya Pradesh,986858
4935,2185,Office,"74/88, Saha Road",Thiruvananthapuram,Kerala,482232
4936,1229,Other,"H.No. 25, Mitter Nagar",Coimbatore,Tamil Nadu,471742
4937,4323,Office,"H.No. 88, Bera Road",Bengaluru,Karnataka,612450
4938,4228,Other,"H.No. 601, Madan Street",Bengaluru,Karnataka,811607
4939,3050,Other,"109, Gaba Marg",Ahmedabad,Gujarat,216847
4940,404,Office,"02/063, Muni Zila",Indore,Madhya Pradesh,092443
4941,94,Other,"54/05, Wali Marg",Coimbatore,Tamil Nadu,429617
4942,4243,Home,"H.No. 72, Joshi Chowk",Jaipur,Rajasthan,889706
4943,3536,Office,"H.No. 46, Badal Street",Vellore,Tamil Nadu,744571
4944,126,Home,"67/342, Kumar Zila",Jaipur,Rajasthan,114078
4945,4686,Office,"664, Deo",Pune,Maharashtra,703839
4946,2091,Home,"713, Dhar Road",Bengaluru,Karnataka,706492
4947,3713,Office,"571, Mannan Marg",Pune,Maharashtra,048952
4948,1227,Other,"H.No. 434, Sanghvi Path",Coimbatore,Tamil Nadu,663971
4949,4176,Home,"H.No. 206, Khosla Ganj",Hyderabad,Telangana,759979
4950,2916,Office,"75/67, Sahota Path",Salem,Tamil Nadu,667667
4951,3191,Other,"13/48, Ramaswamy Zila",Jaipur,Rajasthan,032422
4952,2274,Office,"45, Deshpande Ganj",Indore,Madhya Pradesh,421461
4953,4298,Office,"H.No. 498, Murty Ganj",Coimbatore,Tamil Nadu,058198
4954,1624,Office,"51, Ratta Road",Indore,Madhya Pradesh,591837
4955,2423,Office,"H.No. 39, Bali Chowk",Thiruvananthapuram,Kerala,578341
4956,4201,Home,"07/50, Narula",Coimbatore,Tamil Nadu,354513
4957,1952,Home,"H.No. 02, Misra",Ahmedabad,Gujarat,208595
4958,4004,Home,"121, Nayar Path",Chennai,Tamil Nadu,995924
4959,3368,Office,"71/66, Naidu Path",Indore,Madhya Pradesh,601811
4960,1105,Other,"H.No. 328, Kothari Nagar",Chandigarh,Chandigarh,538361
4961,3517,Home,"H.No. 91, Dugal Chowk",Coimbatore,Tamil Nadu,651481
4962,4121,Home,"H.No. 468, Gokhale Chowk",Mysuru,Karnataka,117370
4963,1925,Home,"H.No. 538, Palla Road",Vellore,Tamil Nadu,355996
4964,2384,Other,"131, Dalal Street",Jaipur,Rajasthan,124346
4965,106,Office,"62/913, Gokhale Marg",Surat,Gujarat,539440
4966,106,Other,"H.No. 146, Deep Zila",Salem,Tamil Nadu,584984
4967,4310,Office,"53, Iyengar",Hyderabad,Telangana,007481
4968,4517,Home,"35/333, Maharaj Marg",Visakhapatnam,Andhra Pradesh,751800
4969,2425,Office,"56/582, Narang Path",Nagpur,Maharashtra,838686
4970,2313,Home,"358, Agate Chowk",Bengaluru,Karnataka,073090
4971,968,Other,"948, Raju Path",Kochi,Kerala,666731
4972,2146,Office,"62/86, Jayaraman Ganj",Nagpur,Maharashtra,547011
4973,2050,Other,"H.No. 435, Halder",Indore,Madhya Pradesh,942728
4974,2299,Other,"81/56, Raja Path",Indore,Madhya Pradesh,402874
4975,4741,Office,"70, Mand Marg",Bhopal,Madhya Pradesh,335782
4976,339,Office,"H.No. 42, Nair Ganj",Surat,Gujarat,688439
4977,2486,Office,"39/60, Dhillon Marg",Nagpur,Maharashtra,382391
4978,2641,Office,"47/87, Pant Road",Kolkata,West Bengal,560318
4979,441,Home,"65/92, Mukhopadhyay Chowk",Coimbatore,Tamil Nadu,296454
4980,4152,Office,"71, Palan",Chennai,Tamil Nadu,199413
4981,1985,Home,"H.No. 47, Dyal Chowk",Lucknow,Uttar Pradesh,188440
4982,755,Other,"H.No. 70, Goel Circle",Jaipur,Rajasthan,196172
4983,1791,Other,"82/84, Garde Road",Kolkata,West Bengal,180455
4984,2327,Other,"899, D’Alia Path",Hyderabad,Telangana,174475
4985,4575,Office,"36/518, Singh Ganj",Madurai,Tamil Nadu,470237
4986,4601,Office,"25/068, Choudhry Street",Nagpur,Maharashtra,035813
4987,4303,Other,"51/96, Lalla Street",Pune,Maharashtra,240558
4988,211,Home,"359, Varghese Zila",Surat,Gujarat,522929
4989,4766,Office,"02, Mander Path",Chennai,Tamil Nadu,855422
4990,936,Home,"H.No. 48, Gokhale Chowk",Salem,Tamil Nadu,298967
4991,1036,Home,"537, Sangha Nagar",Surat,Gujarat,230017
4992,1452,Other,"55/76, Deo Ganj",Thiruvananthapuram,Kerala,166215
4993,4219,Other,"74/863, Mandal Chowk",Coimbatore,Tamil Nadu,030366
4994,940,Home,"60/26, Sha Circle",Pune,Maharashtra,758405
4995,1093,Other,"H.No. 886, Nanda Path",Tiruchirappalli,Tamil Nadu,288761
4996,123,Home,"746, Anne Nagar",Surat,Gujarat,410588
4997,715,Home,"70/35, Sood Zila",Nagpur,Maharashtra,994974
4998,2444,Other,"H.No. 097, Sane Nagar",Vellore,Tamil Nadu,407125
4999,1545,Office,"H.No. 61, Nair Zila",Salem,Tamil Nadu,524027
5000,1672,Office,"H.No. 158, Contractor Zila",Lucknow,Uttar Pradesh,083953
