CustomerID,CustomerName,Email,Phone,Gender,City,SignupDate
1,Sathish Nair,sathishnair@gmail.com,9768040250,Male,Delhi,2026-01-11
2,Dhanalakshmi Chettiar,dhanalakshmichettiar7@gmail.com,9714227133,Female,Lucknow,2024-10-08
3,Sanya Joshi,sanyajoshi997@gmail.com,9902683106,Female,Chandigarh,2021-03-31
4,Sanjay Chopra,sanjaychopra@gmail.com,9633229661,Male,Thiruvananthapuram,2020-09-29
5,Sathish Venkatesan,sathishvenkatesan225@gmail.com,9687203229,Male,Visakhapatnam,2021-07-12
6,Ankit Kulkarni,ankitkulkarni470@gmail.com,9117574539,Male,Hyderabad,2023-09-19
7,Meena Rajan,meenarajan@gmail.com,9165354259,Female,Bhopal,2026-01-31
8,Vinay Mukherjee,vinaymukherjee@gmail.com,9614498251,Male,Bengaluru,2025-01-05
9,Simran Mishra,simranmishra@gmail.com,9319995413,Female,Ahmedabad,2020-09-07
10,Sundar Raj,sundarraj@gmail.com,9407714528,Male,Vijayawada,2020-05-17
11,Ankit Pandey,ankitpandey449@gmail.com,9842005507,Male,Coimbatore,2020-07-26
12,Kunal Gupta,kunalgupta286@gmail.com,9621954781,Male,Bengaluru,2025-05-23
13,Indumathi Sundaram,indumathisundaram56@gmail.com,9690438214,Female,Vijayawada,2020-01-22
14,Shalini Sundaram,shalinisundaram877@gmail.com,9509899814,Female,Delhi,2022-07-01
15,Arun Reddy,arunreddy@gmail.com,9744995712,Male,Coimbatore,2024-06-30
16,Vivek Verma,vivekverma515@gmail.com,9950580084,Male,Nagpur,2020-10-05
17,Yash Pandey,yashpandey536@gmail.com,9326321649,Male,Madurai,2018-02-08
18,Ritu Singh,ritusingh@gmail.com,9229883187,Female,Surat,2025-05-02
19,Harsh Reddy,harshreddy107@gmail.com,9911152672,Male,Indore,2020-12-17
20,Meena Raj,meenaraj850@gmail.com,9207627540,Female,Madurai,2025-10-01
21,Manikandan Natarajan,manikandannatarajan441@gmail.com,9138788221,Male,Chandigarh,2024-04-12
22,Sanya Patel,sanyapatel243@gmail.com,9898807398,Female,Thiruvananthapuram,2020-10-13
23,Anitha Reddy,anithareddy880@gmail.com,9419388263,Female,Kolkata,2018-10-12
24,Jothi Reddy,jothireddy864@gmail.com,9591919214,Female,Thiruvananthapuram,2021-07-08
25,Simran Singh,simransingh@gmail.com,9527095776,Female,Lucknow,2022-11-02
26,Kunal Mishra,kunalmishra@gmail.com,9873344214,Male,Kochi,2025-08-06
27,Pankaj Chopra,pankajchopra1@gmail.com,9327634657,Male,Thiruvananthapuram,2019-11-27
28,Deepak Venkatesan,deepakvenkatesan96@gmail.com,9876210248,Male,Madurai,2023-02-09
29,Ritu Iyer,rituiyer394@gmail.com,9426077141,Female,Visakhapatnam,2023-10-23
30,Malathi Rajan,malathirajan821@gmail.com,9455374884,Female,Mysuru,2023-01-01
31,Naveen Joshi,naveenjoshi@gmail.com,9267562022,Male,Jaipur,2024-01-22
32,Kannan Reddy,kannanreddy724@gmail.com,9243408379,Male,Chennai,2026-08-02
33,Rajeswari Naidu,rajeswarinaidu874@gmail.com,9885778424,Female,Kochi,2021-10-08
34,Komal Joshi,komaljoshi638@gmail.com,9595604812,Female,Jaipur,2020-05-16
35,Poornima Chettiar,poornimachettiar852@gmail.com,9484709209,Female,Coimbatore,2026-06-17
36,Ajay Pillai,ajaypillai@gmail.com,9116526716,Male,Thiruvananthapuram,2026-01-21
37,Sandeep Reddy,sandeepreddy@gmail.com,9036937066,Male,Bengaluru,2025-10-26
38,Payal Menon,payalmenon@gmail.com,9973435388,Female,Bengaluru,2022-11-11
39,Komal Joshi,komaljoshi446@gmail.com,9156697485,Female,Jaipur,2020-10-02
40,Velmurugan Nair,velmurugannair584@gmail.com,9630812738,Male,Visakhapatnam,2021-02-05
41,Elango Raj,elangoraj@gmail.com,9452474024,Male,Pune,2021-06-08
42,Latha Gounder,lathagounder764@gmail.com,9534327379,Female,Visakhapatnam,2020-01-29
43,Ravichandran Chettiar,ravichandranchettiar779@gmail.com,9521121052,Male,Coimbatore,2024-03-16
44,Riya Trivedi,riyatrivedi503@gmail.com,9102439281,Female,Madurai,2022-06-30
45,Meena Pillai,meenapillai@gmail.com,9539176725,Female,Salem,2022-12-19
46,Kavya Reddy,kavyareddy62@gmail.com,9679226110,Female,Chennai,2022-08-01
47,Preeti Reddy,preetireddy@gmail.com,9228022758,Female,Delhi,2022-10-08
48,Nithish Pillai,nithishpillai847@gmail.com,9107589443,Male,Kochi,2021-01-20
49,Iniya Kumar,iniyakumar753@gmail.com,9320985996,Female,Kolkata,2024-06-18
50,Ravi Desai,ravidesai453@gmail.com,9915640336,Male,Mumbai,2021-09-12
51,Meghana Pandey,meghanapandey834@gmail.com,9700217880,Female,Mysuru,2023-03-08
52,Latha Gounder,lathagounder511@gmail.com,9672594619,Female,Surat,2020-09-07
53,Arun Rangan,arunrangan231@gmail.com,9994184752,Male,Tiruchirappalli,2023-04-19
54,Bala Reddy,balareddy@gmail.com,9571078372,Male,Chennai,2021-03-04
55,Ritu Pandey,ritupandey153@gmail.com,9443739892,Female,Kochi,2020-08-14
56,Karpagam Sivaraman,karpagamsivaraman391@gmail.com,9368940558,Female,Salem,2019-02-13
57,Vidya Pandian,vidyapandian994@gmail.com,9149366888,Female,Kochi,2021-07-21
58,Sneha Mishra,snehamishra@gmail.com,9699740684,Female,Visakhapatnam,2021-05-11
59,Suresh Naidu,sureshnaidu@gmail.com,9424611636,Male,Tiruchirappalli,2024-07-16
60,Loganathan Chettiar,loganathanchettiar683@gmail.com,9089614356,Male,Vijayawada,2025-09-28
61,Padma Iyengar,padmaiyengar874@gmail.com,9425592962,Female,Nagpur,2025-09-10
62,Pradeep Pillai,pradeeppillai294@gmail.com,9728212776,Male,Hyderabad,2025-01-17
63,Aditya Reddy,adityareddy35@gmail.com,9570271159,Male,Vellore,2023-08-18
64,Nisha Deshpande,nishadeshpande494@gmail.com,9928840726,Female,Bhopal,2022-06-16
65,Vasanthi Murugan,vasanthimurugan@gmail.com,9137236364,Female,Surat,2024-04-18
66,Swati Trivedi,swatitrivedi@gmail.com,9893419340,Female,Mysuru,2019-07-10
67,Radhika Pandian,radhikapandian745@gmail.com,9140449034,Female,Pune,2022-01-25
68,Abhishek Bansal,abhishekbansal661@gmail.com,9331184665,Male,Chennai,2018-07-27
69,Sangeetha Annamalai,sangeethaannamalai71@gmail.com,9855827752,Female,Hyderabad,2019-06-17
70,Neha Pandey,nehapandey135@gmail.com,9072310757,Female,Tiruchirappalli,2023-01-11
71,Anitha Sundaram,anithasundaram969@gmail.com,9679636098,Female,Vijayawada,2025-09-11
72,Velmurugan Raj,velmuruganraj330@gmail.com,9602653954,Male,Surat,2022-10-29
73,Vikram Shetty,vikramshetty899@gmail.com,9772423440,Male,Vijayawada,2021-07-04
74,Vidya Ramanathan,vidyaramanathan69@gmail.com,9004731095,Female,Bhopal,2019-05-16
75,Kamakshi Thiagarajan,kamakshithiagarajan@gmail.com,9231514835,Female,Bengaluru,2026-07-21
76,Manisha Bhatt,manishabhatt998@gmail.com,9766566602,Female,Chandigarh,2021-06-19
77,Kalpana Pillai,kalpanapillai411@gmail.com,9079053413,Female,Jaipur,2024-05-13
78,Anil Mehta,anilmehta51@gmail.com,9626442714,Male,Ahmedabad,2025-08-09
79,Padma Kumar,padmakumar@gmail.com,9902977214,Female,Vijayawada,2019-12-21
80,Rajkumar Nair,rajkumarnair854@gmail.com,9633744034,Male,Kochi,2025-12-16
81,Vasanthi Murugan,vasanthimurugan176@gmail.com,9868908255,Female,Kochi,2021-06-24
82,Nithya Raj,nithyaraj117@gmail.com,9517396112,Female,Mumbai,2024-10-03
83,Rahul Mehta,rahulmehta644@gmail.com,9477495668,Male,Indore,2021-07-18
84,Ravichandran Sundaram,ravichandransundaram816@gmail.com,9205340808,Male,Madurai,2024-11-24
85,Saranya Annamalai,saranyaannamalai43@gmail.com,9486341018,Female,Jaipur,2026-01-04
86,Saravanan Kumar,saravanankumar@gmail.com,9445132435,Male,Indore,2025-04-05
87,Anitha Rangan,anitharangan291@gmail.com,9289610693,Female,Indore,2025-10-31
88,Divya Naidu,divyanaidu659@gmail.com,9786876564,Female,Lucknow,2018-03-16
89,Uma Mudaliar,umamudaliar498@gmail.com,9191275575,Female,Bhopal,2021-10-11
90,Anil Mehta,anilmehta@gmail.com,9669703796,Male,Chandigarh,2026-05-25
91,Malathi Naidu,malathinaidu804@gmail.com,9483994235,Female,Mumbai,2020-03-28
92,Vivek Trivedi,vivektrivedi381@gmail.com,9518827291,Male,Vijayawada,2019-01-11
93,Siddharth Deshpande,siddharthdeshpande@gmail.com,9052930986,Male,Hyderabad,2019-07-18
94,Ravichandran Sivaraman,ravichandransivaraman778@gmail.com,9740028575,Male,Bengaluru,2021-03-26
95,Suresh Nair,sureshnair813@gmail.com,9608456572,Male,Chennai,2024-11-23
96,Indumathi Iyer,indumathiiyer88@gmail.com,9539575080,Female,Kochi,2022-03-10
97,Shreya Menon,shreyamenon@gmail.com,9261571336,Female,Chandigarh,2025-09-05
98,Preeti Trivedi,preetitrivedi@gmail.com,9179027833,Female,Kochi,2024-02-03
99,Deepa Naidu,deepanaidu@gmail.com,9783138783,Female,Mumbai,2023-07-26
100,Latha Chettiar,lathachettiar745@gmail.com,9449121324,Female,Visakhapatnam,2022-10-12
101,Siddharth Joshi,siddharthjoshi@gmail.com,9839299063,Male,Thiruvananthapuram,2025-08-14
102,Anil Shetty,anilshetty801@gmail.com,9412639014,Male,Lucknow,2022-03-04
103,Ritu Patel,ritupatel408@gmail.com,9329015917,Female,Visakhapatnam,2023-01-02
104,Gaurav Chatterjee,gauravchatterjee503@gmail.com,9210179899,Male,Bhopal,2021-11-24
105,Naveen Naidu,naveennaidu729@gmail.com,9771329724,Male,Lucknow,2024-03-19
106,Saranya Pillai,saranyapillai89@gmail.com,9037444513,Female,Madurai,2023-01-18
107,Shreya Patel,shreyapatel799@gmail.com,9557158853,Female,Mumbai,2021-08-14
108,Baskaran Naidu,baskarannaidu257@gmail.com,9192660655,Male,Mumbai,2025-05-22
109,Ritu Verma,rituverma30@gmail.com,9097225608,Female,Mysuru,2021-04-01
110,Vasanthi Naidu,vasanthinaidu706@gmail.com,9044263778,Female,Kochi,2019-06-20
111,Anitha Mudaliar,anithamudaliar@gmail.com,9141098499,Female,Jaipur,2024-06-24
112,Nithya Krishnan,nithyakrishnan479@gmail.com,9430959230,Female,Tiruchirappalli,2024-09-13
113,Priya Rajan,priyarajan904@gmail.com,9234005323,Female,Salem,2026-07-28
114,Payal Pandey,payalpandey132@gmail.com,9937397155,Female,Coimbatore,2018-06-09
115,Naveen Agarwal,naveenagarwal621@gmail.com,9819336855,Male,Vellore,2023-12-21
116,Meghana Desai,meghanadesai378@gmail.com,9314388652,Female,Indore,2024-06-27
117,Aman Desai,amandesai@gmail.com,9668160910,Male,Jaipur,2022-09-12
118,Muthu Pandian,muthupandian627@gmail.com,9987012365,Male,Jaipur,2019-12-11
119,Aishwarya Bansal,aishwaryabansal@gmail.com,9776661252,Female,Ahmedabad,2021-03-29
120,Pradeep Kapoor,pradeepkapoor574@gmail.com,9972163989,Male,Hyderabad,2021-04-04
121,Rajkumar Raj,rajkumarraj@gmail.com,9424259616,Male,Nagpur,2020-09-07
122,Baskaran Nair,baskarannair54@gmail.com,9134619916,Male,Tiruchirappalli,2023-05-10
123,Gaurav Kapoor,gauravkapoor@gmail.com,9076278094,Male,Mumbai,2018-05-29
124,Isha Deshpande,ishadeshpande894@gmail.com,9980519295,Female,Tiruchirappalli,2019-07-04
125,Revathi Mudaliar,revathimudaliar@gmail.com,9421775718,Female,Kochi,2022-10-18
126,Anitha Iyer,anithaiyer489@gmail.com,9322279370,Female,Indore,2022-01-12
127,Prabhu Sundaram,prabhusundaram@gmail.com,9458731926,Male,Pune,2019-07-02
128,Iniya Gounder,iniyagounder563@gmail.com,9978876575,Female,Vellore,2025-11-22
129,Abirami Rajan,abiramirajan@gmail.com,9555135125,Female,Madurai,2023-09-22
130,Aarti Patel,aartipatel468@gmail.com,9556302020,Female,Vijayawada,2021-11-12
131,Suresh Raj,sureshraj484@gmail.com,9047796493,Male,Kochi,2022-03-19
132,Vinay Patel,vinaypatel357@gmail.com,9193198794,Male,Thiruvananthapuram,2024-02-09
133,Bhuvana Nair,bhuvananair159@gmail.com,9297184780,Female,Delhi,2018-10-03
134,Tarun Mishra,tarunmishra894@gmail.com,9074228052,Male,Thiruvananthapuram,2024-06-17
135,Aditi Pandey,aditipandey243@gmail.com,9316230989,Female,Indore,2025-08-12
136,Sneha Malhotra,snehamalhotra688@gmail.com,9356421522,Female,Visakhapatnam,2019-08-15
137,Tanvi Bhatt,tanvibhatt571@gmail.com,9532304358,Female,Coimbatore,2021-01-04
138,Payal Verma,payalverma193@gmail.com,9856229392,Female,Delhi,2026-04-26
139,Naveen Deshpande,naveendeshpande@gmail.com,9629573532,Male,Vellore,2023-07-30
140,Karpagam Chandrasekar,karpagamchandrasekar937@gmail.com,9230870557,Female,Ahmedabad,2019-09-17
141,Sivakumar Natarajan,sivakumarnatarajan512@gmail.com,9593747747,Male,Lucknow,2019-11-25
142,Pradeep Mehta,pradeepmehta556@gmail.com,9995808001,Male,Indore,2020-08-05
143,Aryan Iyer,aryaniyer383@gmail.com,9069960540,Male,Thiruvananthapuram,2021-01-30
144,Kamakshi Annamalai,kamakshiannamalai184@gmail.com,9101158233,Female,Kochi,2023-02-24
145,Nikhil Reddy,nikhilreddy869@gmail.com,9096043467,Male,Madurai,2023-08-10
146,Aishwarya Saxena,aishwaryasaxena998@gmail.com,9050288400,Female,Kolkata,2024-02-03
147,Kumaresan Murugan,kumaresanmurugan602@gmail.com,9188925586,Male,Mysuru,2021-09-20
148,Riya Menon,riyamenon742@gmail.com,9073020665,Female,Chandigarh,2021-08-29
149,Tarun Desai,tarundesai@gmail.com,9531537220,Male,Kolkata,2019-09-24
150,Bhavya Patel,bhavyapatel325@gmail.com,9309471045,Female,Vellore,2022-07-30
151,Selvam Rangan,selvamrangan@gmail.com,9533230999,Male,Nagpur,2023-11-05
152,Sandeep Patel,sandeeppatel@gmail.com,9211227397,Male,Tiruchirappalli,2024-08-29
153,Dinesh Naidu,dineshnaidu@gmail.com,9383844865,Male,Ahmedabad,2021-08-06
154,Saravanan Reddy,saravananreddy299@gmail.com,9769732739,Male,Delhi,2024-08-22
155,Harsh Sharma,harshsharma473@gmail.com,9927808761,Male,Ahmedabad,2020-09-18
156,Diya Bhatt,diyabhatt76@gmail.com,9455598409,Female,Visakhapatnam,2024-01-09
157,Rajesh Ramanathan,rajeshramanathan171@gmail.com,9609637940,Male,Kolkata,2020-06-28
158,Ganesan Sundaram,ganesansundaram603@gmail.com,9619429087,Male,Lucknow,2021-07-01
159,Uma Subramaniam,umasubramaniam488@gmail.com,9074007031,Female,Mumbai,2026-04-22
160,Palanisamy Iyer,palanisamyiyer@gmail.com,9447616378,Male,Salem,2024-08-22
161,Uma Iyengar,umaiyengar@gmail.com,9775753116,Female,Tiruchirappalli,2023-12-02
162,Payal Chopra,payalchopra357@gmail.com,9341689563,Female,Pune,2021-06-04
163,Karthikeyan Pillai,karthikeyanpillai429@gmail.com,9554459911,Male,Ahmedabad,2019-07-29
164,Velmurugan Balasubramaniam,velmuruganbalasubramaniam@gmail.com,9301895464,Male,Salem,2023-06-25
165,Karthik Annamalai,karthikannamalai300@gmail.com,9022757455,Male,Kolkata,2024-02-03
166,Lakshmi Chandrasekar,lakshmichandrasekar560@gmail.com,9247628028,Female,Madurai,2022-12-04
167,Rajesh Iyer,rajeshiyer603@gmail.com,9686467885,Male,Mysuru,2021-02-25
168,Rajkumar Naidu,rajkumarnaidu@gmail.com,9289609799,Male,Indore,2019-06-04
169,Rajkumar Mudaliar,rajkumarmudaliar780@gmail.com,9831663077,Male,Kochi,2023-10-13
170,Pallavi Malhotra,pallavimalhotra500@gmail.com,9307774630,Female,Mysuru,2022-06-18
171,Deepak Desai,deepakdesai@gmail.com,9835543600,Male,Salem,2018-03-08
172,Sandeep Joshi,sandeepjoshi982@gmail.com,9499838803,Male,Madurai,2022-03-04
173,Loganathan Naidu,loganathannaidu774@gmail.com,9267041260,Male,Visakhapatnam,2021-11-08
174,Rohit Chatterjee,rohitchatterjee@gmail.com,9037138177,Male,Hyderabad,2025-03-12
175,Sundar Murugan,sundarmurugan169@gmail.com,9476146801,Male,Chandigarh,2019-05-20
176,Kamakshi Mudaliar,kamakshimudaliar254@gmail.com,9205667686,Female,Ahmedabad,2020-04-21
177,Gaurav Trivedi,gauravtrivedi@gmail.com,9894145599,Male,Jaipur,2019-06-25
178,Ritu Bhatt,ritubhatt@gmail.com,9679700200,Female,Kochi,2023-09-07
179,Simran Mukherjee,simranmukherjee719@gmail.com,9465100991,Female,Jaipur,2022-05-20
180,Chandran Thiagarajan,chandranthiagarajan245@gmail.com,9004463771,Male,Visakhapatnam,2019-07-17
181,Selvam Subramaniam,selvamsubramaniam843@gmail.com,9711728708,Male,Kolkata,2023-11-16
182,Sundar Venkatesan,sundarvenkatesan@gmail.com,9434532157,Male,Pune,2026-04-23
183,Arun Nair,arunnair@gmail.com,9391908762,Male,Pune,2022-09-01
184,Shalini Natarajan,shalininatarajan@gmail.com,9591899042,Female,Ahmedabad,2021-09-02
185,Aryan Malhotra,aryanmalhotra@gmail.com,9536454719,Male,Chandigarh,2020-10-01
186,Murugan Murugan,muruganmurugan@gmail.com,9388906871,Male,Vellore,2020-09-02
187,Meena Pillai,meenapillai96@gmail.com,9028484755,Female,Indore,2022-06-04
188,Vivek Bhatt,vivekbhatt134@gmail.com,9223877320,Male,Delhi,2019-07-12
189,Vijay Sundaram,vijaysundaram417@gmail.com,9137448083,Male,Visakhapatnam,2025-10-25
190,Kumaresan Pillai,kumaresanpillai@gmail.com,9235629044,Male,Thiruvananthapuram,2024-03-03
191,Senthil Annamalai,senthilannamalai125@gmail.com,9089183665,Male,Kolkata,2018-11-04
192,Ajay Kulkarni,ajaykulkarni829@gmail.com,9198304158,Male,Kochi,2023-07-26
193,Chandran Iyer,chandraniyer@gmail.com,9924166648,Male,Tiruchirappalli,2018-09-07
194,Dinesh Pandian,dineshpandian@gmail.com,9856879735,Male,Tiruchirappalli,2021-11-10
195,Kalpana Murugan,kalpanamurugan@gmail.com,9287095799,Female,Bengaluru,2020-10-12
196,Suresh Chandrasekar,sureshchandrasekar225@gmail.com,9593991237,Male,Lucknow,2024-08-20
197,Siddharth Saxena,siddharthsaxena577@gmail.com,9988951006,Male,Chennai,2023-11-27
198,Keerthana Iyengar,keerthanaiyengar349@gmail.com,9798305978,Female,Lucknow,2018-10-25
199,Ishita Chopra,ishitachopra345@gmail.com,9311979619,Female,Visakhapatnam,2024-11-18
200,Dhanalakshmi Iyer,dhanalakshmiiyer@gmail.com,9721075875,Female,Mumbai,2024-10-03
201,Payal Nair,payalnair107@gmail.com,9917291807,Female,Indore,2026-03-07
202,Geetha Iyengar,geethaiyengar@gmail.com,9021037984,Female,Kochi,2021-12-09
203,Karpagam Annamalai,karpagamannamalai667@gmail.com,9724700213,Female,Kochi,2019-10-22
204,Mohan Mudaliar,mohanmudaliar629@gmail.com,9874664039,Male,Vijayawada,2025-10-26
205,Meghana Nair,meghananair@gmail.com,9354000864,Female,Bengaluru,2018-04-16
206,Naveen Raj,naveenraj119@gmail.com,9334605183,Male,Salem,2018-07-02
207,Geetha Nair,geethanair578@gmail.com,9076035955,Female,Kochi,2023-11-11
208,Ishita Shetty,ishitashetty587@gmail.com,9840975986,Female,Surat,2019-08-27
209,Tarun Mehta,tarunmehta172@gmail.com,9981494968,Male,Kolkata,2021-08-02
210,Palanisamy Reddy,palanisamyreddy878@gmail.com,9248765441,Male,Nagpur,2024-07-14
211,Ishaan Mukherjee,ishaanmukherjee@gmail.com,9253434602,Male,Hyderabad,2024-12-07
212,Sumathi Sivaraman,sumathisivaraman@gmail.com,9798083246,Female,Bengaluru,2020-07-22
213,Velmurugan Chandrasekar,velmuruganchandrasekar276@gmail.com,9760494453,Male,Coimbatore,2023-10-12
214,Rajkumar Subramaniam,rajkumarsubramaniam800@gmail.com,9880188249,Male,Visakhapatnam,2020-03-26
215,Devika Subramaniam,devikasubramaniam@gmail.com,9962449453,Female,Kolkata,2026-05-26
216,Sivakumar Kumar,sivakumarkumar@gmail.com,9598662407,Male,Chandigarh,2025-08-26
217,Dinesh Venkatesan,dineshvenkatesan@gmail.com,9826977288,Male,Salem,2020-10-29
218,Harish Subramaniam,harishsubramaniam407@gmail.com,9509985526,Male,Tiruchirappalli,2018-09-19
219,Bhavya Kapoor,bhavyakapoor268@gmail.com,9696152088,Female,Kochi,2025-05-29
220,Sanya Sharma,sanyasharma303@gmail.com,9243075172,Female,Mysuru,2025-02-27
221,Ishita Malhotra,ishitamalhotra866@gmail.com,9165247759,Female,Bhopal,2021-10-06
222,Kannan Thiagarajan,kannanthiagarajan431@gmail.com,9732284859,Male,Madurai,2023-04-19
223,Harish Reddy,harishreddy424@gmail.com,9081245943,Male,Visakhapatnam,2020-01-09
224,Loganathan Iyer,loganathaniyer@gmail.com,9042751771,Male,Vijayawada,2025-02-07
225,Karpagam Reddy,karpagamreddy@gmail.com,9579875007,Female,Pune,2025-10-11
226,Anitha Reddy,anithareddy314@gmail.com,9182275389,Female,Jaipur,2023-07-01
227,Isha Deshpande,ishadeshpande414@gmail.com,9029205177,Female,Kochi,2025-03-07
228,Payal Verma,payalverma50@gmail.com,9660643541,Female,Visakhapatnam,2025-09-09
229,Deepak Rajan,deepakrajan277@gmail.com,9674856274,Male,Surat,2020-03-29
230,Kritika Malhotra,kritikamalhotra303@gmail.com,9159642001,Female,Nagpur,2025-07-03
231,Divya Chandrasekar,divyachandrasekar741@gmail.com,9796492088,Female,Ahmedabad,2022-01-15
232,Revathi Rajan,revathirajan912@gmail.com,9086134680,Female,Jaipur,2020-01-20
233,Thangaraj Chettiar,thangarajchettiar707@gmail.com,9876716091,Male,Vijayawada,2024-08-16
234,Ishita Joshi,ishitajoshi@gmail.com,9330689191,Female,Vijayawada,2022-12-11
235,Nithish Mudaliar,nithishmudaliar@gmail.com,9857729856,Male,Surat,2019-01-26
236,Swati Desai,swatidesai@gmail.com,9638590618,Female,Tiruchirappalli,2019-11-09
237,Arjun Nair,arjunnair@gmail.com,9255380450,Male,Tiruchirappalli,2023-01-06
238,Amudha Thiagarajan,amudhathiagarajan106@gmail.com,9405879685,Female,Indore,2025-07-13
239,Shreya Pillai,shreyapillai@gmail.com,9245646717,Female,Pune,2018-01-09
240,Vanitha Rangan,vanitharangan719@gmail.com,9184874211,Female,Kochi,2020-06-02
241,Kritika Chatterjee,kritikachatterjee@gmail.com,9706618455,Female,Tiruchirappalli,2018-01-18
242,Rohit Pillai,rohitpillai947@gmail.com,9591571368,Male,Vellore,2022-04-25
243,Namrata Chatterjee,namratachatterjee281@gmail.com,9332816858,Female,Mysuru,2021-07-09
244,Arunachalam Sivaraman,arunachalamsivaraman@gmail.com,9369695631,Male,Lucknow,2024-04-22
245,Ishita Chatterjee,ishitachatterjee766@gmail.com,9858401300,Female,Kolkata,2026-05-31
246,Sunil Patel,sunilpatel708@gmail.com,9725346652,Male,Indore,2024-04-17
247,Vanitha Sivaraman,vanithasivaraman949@gmail.com,9347690728,Female,Salem,2020-07-12
248,Tanvi Bose,tanvibose795@gmail.com,9714909710,Female,Kolkata,2024-03-29
249,Dhanalakshmi Chettiar,dhanalakshmichettiar@gmail.com,9490957683,Female,Nagpur,2024-03-03
250,Selvi Subramaniam,selvisubramaniam@gmail.com,9105450223,Female,Lucknow,2021-04-17
251,Kabir Agarwal,kabiragarwal575@gmail.com,9890649669,Male,Bhopal,2021-08-07
252,Neha Chopra,nehachopra@gmail.com,9705755426,Female,Jaipur,2023-10-06
253,Sandeep Mukherjee,sandeepmukherjee8@gmail.com,9626268288,Male,Thiruvananthapuram,2022-11-18
254,Anil Sharma,anilsharma340@gmail.com,9001208944,Male,Kochi,2022-11-09
255,Revathi Rangan,revathirangan@gmail.com,9707083526,Female,Surat,2018-12-21
256,Aarti Chopra,aartichopra@gmail.com,9645137591,Female,Bhopal,2026-03-07
257,Ananya Bansal,ananyabansal145@gmail.com,9105593793,Female,Vijayawada,2025-03-30
258,Kannan Balasubramaniam,kannanbalasubramaniam199@gmail.com,9165079560,Male,Bhopal,2018-10-03
259,Dhanalakshmi Krishnan,dhanalakshmikrishnan366@gmail.com,9161693463,Female,Nagpur,2019-09-17
260,Kavya Mehta,kavyamehta@gmail.com,9227481784,Female,Lucknow,2021-06-05
261,Isha Trivedi,ishatrivedi862@gmail.com,9288176788,Female,Indore,2018-05-08
262,Kritika Deshpande,kritikadeshpande@gmail.com,9285613858,Female,Hyderabad,2023-03-19
263,Jagadeesh Murugan,jagadeeshmurugan869@gmail.com,9996711558,Male,Hyderabad,2026-04-03
264,Sneha Nair,snehanair238@gmail.com,9030293440,Female,Indore,2021-08-20
265,Sameer Trivedi,sameertrivedi855@gmail.com,9755335802,Male,Pune,2023-10-17
266,Rajeswari Krishnan,rajeswarikrishnan909@gmail.com,9651106213,Female,Visakhapatnam,2019-04-30
267,Anandan Thiagarajan,anandanthiagarajan@gmail.com,9645642151,Male,Vellore,2018-06-10
268,Gopinath Iyer,gopinathiyer416@gmail.com,9550762049,Male,Tiruchirappalli,2019-11-30
269,Dev Patel,devpatel841@gmail.com,9765169503,Male,Hyderabad,2019-03-21
270,Jagadeesh Ramanathan,jagadeeshramanathan154@gmail.com,9619585706,Male,Surat,2024-01-18
271,Rohit Agarwal,rohitagarwal896@gmail.com,9052873577,Male,Visakhapatnam,2024-06-17
272,Gopinath Krishnan,gopinathkrishnan932@gmail.com,9828417751,Male,Chennai,2022-03-17
273,Arjun Bhatt,arjunbhatt@gmail.com,9162843267,Male,Vijayawada,2024-03-11
274,Saranya Rangan,saranyarangan315@gmail.com,9573181279,Female,Bengaluru,2020-05-28
275,Manisha Bansal,manishabansal701@gmail.com,9719001940,Female,Pune,2022-02-27
276,Varun Deshpande,varundeshpande629@gmail.com,9629071408,Male,Vellore,2021-03-17
277,Vetrivel Subramaniam,vetrivelsubramaniam238@gmail.com,9663690236,Male,Kochi,2024-07-28
278,Rajkumar Raj,rajkumarraj563@gmail.com,9289392619,Male,Nagpur,2018-01-20
279,Jothi Rajan,jothirajan516@gmail.com,9298988569,Female,Nagpur,2023-06-04
280,Karan Pandey,karanpandey601@gmail.com,9842372784,Male,Lucknow,2023-10-17
281,Sunil Nair,sunilnair@gmail.com,9373513251,Male,Thiruvananthapuram,2025-08-30
282,Elango Nair,elangonair894@gmail.com,9228837109,Male,Tiruchirappalli,2024-11-19
283,Vinay Verma,vinayverma381@gmail.com,9649884992,Male,Pune,2026-05-31
284,Chandran Krishnan,chandrankrishnan34@gmail.com,9536196460,Male,Delhi,2022-04-04
285,Arunachalam Chettiar,arunachalamchettiar@gmail.com,9229314473,Male,Kochi,2021-02-19
286,Sangeetha Natarajan,sangeethanatarajan834@gmail.com,9022431918,Female,Mumbai,2022-09-23
287,Latha Rangan,latharangan805@gmail.com,9428001228,Female,Bengaluru,2023-01-17
288,Yamuna Rangan,yamunarangan830@gmail.com,9201891561,Female,Chandigarh,2021-03-11
289,Jothi Krishnan,jothikrishnan458@gmail.com,9832611836,Female,Nagpur,2022-07-16
290,Anandan Nair,anandannair@gmail.com,9676387975,Male,Salem,2022-08-23
291,Karthik Pillai,karthikpillai678@gmail.com,9277230940,Male,Chandigarh,2022-06-15
292,Arunachalam Pillai,arunachalampillai@gmail.com,9932741510,Male,Lucknow,2021-08-25
293,Radhika Chettiar,radhikachettiar139@gmail.com,9961566556,Female,Ahmedabad,2021-11-23
294,Divya Sundaram,divyasundaram@gmail.com,9410571256,Female,Tiruchirappalli,2026-06-22
295,Kamakshi Annamalai,kamakshiannamalai@gmail.com,9203453173,Female,Kochi,2020-06-22
296,Malathi Subramaniam,malathisubramaniam932@gmail.com,9662652101,Female,Bengaluru,2025-02-21
297,Nisha Chatterjee,nishachatterjee193@gmail.com,9319092140,Female,Madurai,2019-09-10
298,Anandan Pandian,anandanpandian@gmail.com,9794738907,Male,Madurai,2024-02-03
299,Geetha Reddy,geethareddy125@gmail.com,9973929170,Female,Bhopal,2020-05-03
300,Padma Mudaliar,padmamudaliar@gmail.com,9775142306,Female,Bengaluru,2020-08-24
301,Nithya Annamalai,nithyaannamalai@gmail.com,9170074530,Female,Mumbai,2023-08-10
302,Kunal Deshpande,kunaldeshpande778@gmail.com,9606771297,Male,Chandigarh,2021-11-23
303,Ananya Chatterjee,ananyachatterjee@gmail.com,9720755455,Female,Jaipur,2026-03-19
304,Iniya Rangan,iniyarangan@gmail.com,9548547578,Female,Surat,2022-01-31
305,Ramesh Ramanathan,rameshramanathan839@gmail.com,9354563615,Male,Madurai,2018-06-29
306,Vignesh Iyengar,vigneshiyengar@gmail.com,9106346502,Male,Visakhapatnam,2018-10-18
307,Deepak Trivedi,deepaktrivedi912@gmail.com,9846378870,Male,Surat,2020-12-24
308,Pankaj Gupta,pankajgupta984@gmail.com,9512316595,Male,Mysuru,2022-08-28
309,Ishaan Malhotra,ishaanmalhotra720@gmail.com,9681143194,Male,Lucknow,2021-07-14
310,Kavya Mukherjee,kavyamukherjee846@gmail.com,9765279294,Female,Kochi,2018-01-01
311,Dev Sharma,devsharma912@gmail.com,9332808625,Male,Mysuru,2024-05-26
312,Thangaraj Gounder,thangarajgounder@gmail.com,9282235520,Male,Jaipur,2023-05-31
313,Karthikeyan Sivaraman,karthikeyansivaraman930@gmail.com,9060837938,Male,Vijayawada,2022-09-03
314,Nikhil Bose,nikhilbose617@gmail.com,9966053536,Male,Hyderabad,2018-07-26
315,Aditi Mishra,aditimishra93@gmail.com,9223105030,Female,Vellore,2022-11-15
316,Naveen Bansal,naveenbansal@gmail.com,9355952246,Male,Nagpur,2019-01-02
317,Rohit Malhotra,rohitmalhotra@gmail.com,9350396941,Male,Coimbatore,2020-08-14
318,Anil Mukherjee,anilmukherjee88@gmail.com,9109988061,Male,Salem,2023-04-14
319,Kannappan Iyengar,kannappaniyengar@gmail.com,9524716056,Male,Coimbatore,2020-11-12
320,Elango Annamalai,elangoannamalai278@gmail.com,9060328680,Male,Indore,2022-05-03
321,Vikas Chatterjee,vikaschatterjee@gmail.com,9385154902,Male,Vellore,2021-06-02
322,Nithya Murugan,nithyamurugan@gmail.com,9362958688,Female,Chennai,2024-03-23
323,Sumathi Reddy,sumathireddy90@gmail.com,9756864543,Female,Surat,2021-09-10
324,Uma Venkatesan,umavenkatesan@gmail.com,9588375199,Female,Hyderabad,2025-05-11
325,Palanisamy Rangan,palanisamyrangan122@gmail.com,9181039937,Male,Indore,2026-04-13
326,Deepa Rajan,deeparajan@gmail.com,9096665200,Female,Chandigarh,2023-05-07
327,Vetrivel Krishnan,vetrivelkrishnan383@gmail.com,9134124999,Male,Pune,2026-04-29
328,Rahul Mehta,rahulmehta450@gmail.com,9843424073,Male,Jaipur,2022-06-03
329,Velmurugan Sundaram,velmurugansundaram44@gmail.com,9825903791,Male,Salem,2022-06-19
330,Meghana Joshi,meghanajoshi@gmail.com,9296946051,Female,Nagpur,2025-10-22
331,Kumaresan Sundaram,kumaresansundaram@gmail.com,9488803671,Male,Thiruvananthapuram,2019-05-22
332,Velmurugan Venkatesan,velmuruganvenkatesan@gmail.com,9537593379,Male,Nagpur,2025-05-25
333,Bala Iyer,balaiyer53@gmail.com,9437461126,Male,Kolkata,2018-02-20
334,Amudha Rangan,amudharangan623@gmail.com,9825440625,Female,Surat,2025-01-18
335,Bala Kumar,balakumar38@gmail.com,9105630191,Male,Ahmedabad,2024-11-08
336,Aman Malhotra,amanmalhotra96@gmail.com,9738878041,Male,Kolkata,2021-09-10
337,Uma Balasubramaniam,umabalasubramaniam@gmail.com,9595076774,Female,Jaipur,2020-11-29
338,Payal Saxena,payalsaxena747@gmail.com,9641679006,Female,Bengaluru,2026-04-09
339,Yash Bhatt,yashbhatt@gmail.com,9382662035,Male,Chandigarh,2018-01-26
340,Kunal Chopra,kunalchopra631@gmail.com,9981894401,Male,Hyderabad,2025-01-13
341,Tanvi Kulkarni,tanvikulkarni@gmail.com,9747827352,Female,Bhopal,2021-09-20
342,Vidya Chettiar,vidyachettiar348@gmail.com,9968535877,Female,Jaipur,2025-12-17
343,Mohan Krishnan,mohankrishnan381@gmail.com,9492317794,Male,Chennai,2023-05-31
344,Ravichandran Thiagarajan,ravichandranthiagarajan318@gmail.com,9718896174,Male,Visakhapatnam,2023-11-10
345,Vignesh Ramanathan,vigneshramanathan893@gmail.com,9040563538,Male,Jaipur,2020-04-01
346,Kannappan Mudaliar,kannappanmudaliar688@gmail.com,9112065233,Male,Hyderabad,2025-11-25
347,Isha Gupta,ishagupta@gmail.com,9850090303,Female,Visakhapatnam,2024-09-07
348,Meghana Kapoor,meghanakapoor731@gmail.com,9780975086,Female,Bengaluru,2023-02-10
349,Diya Mukherjee,diyamukherjee238@gmail.com,9918231938,Female,Jaipur,2023-01-31
350,Karpagam Rajan,karpagamrajan@gmail.com,9417611873,Female,Indore,2018-10-18
351,Vasanthi Natarajan,vasanthinatarajan636@gmail.com,9214026495,Female,Jaipur,2024-02-09
352,Deepak Raj,deepakraj729@gmail.com,9545458190,Male,Bengaluru,2025-09-08
353,Meena Raj,meenaraj@gmail.com,9157876426,Female,Salem,2020-03-12
354,Arjun Reddy,arjunreddy936@gmail.com,9699799565,Male,Hyderabad,2021-04-19
355,Palanisamy Kumar,palanisamykumar@gmail.com,9591204567,Male,Kochi,2022-04-12
356,Kalpana Krishnan,kalpanakrishnan@gmail.com,9583428106,Female,Hyderabad,2026-02-02
357,Riya Gupta,riyagupta@gmail.com,9888696448,Female,Kochi,2021-12-26
358,Vetrivel Murugan,vetrivelmurugan868@gmail.com,9772950043,Male,Nagpur,2023-05-27
359,Srinivasan Subramaniam,srinivasansubramaniam769@gmail.com,9740804790,Male,Indore,2024-01-18
360,Pallavi Kapoor,pallavikapoor12@gmail.com,9454749720,Female,Surat,2026-05-28
361,Ritu Rao,riturao@gmail.com,9410986205,Female,Kolkata,2020-10-29
362,Vishal Shetty,vishalshetty@gmail.com,9769763172,Male,Mumbai,2023-12-01
363,Mohan Pillai,mohanpillai842@gmail.com,9149724627,Male,Lucknow,2018-08-11
364,Neha Verma,nehaverma@gmail.com,9337753741,Female,Vijayawada,2018-02-18
365,Aarti Chopra,aartichopra985@gmail.com,9590538662,Female,Kolkata,2020-12-29
366,Yuvaraj Reddy,yuvarajreddy692@gmail.com,9775136156,Male,Madurai,2018-02-18
367,Anitha Ramanathan,anitharamanathan225@gmail.com,9720605825,Female,Bengaluru,2025-12-10
368,Vetrivel Pillai,vetrivelpillai@gmail.com,9768111260,Male,Salem,2021-02-06
369,Ishita Mukherjee,ishitamukherjee264@gmail.com,9107330924,Female,Tiruchirappalli,2020-04-01
370,Amudha Rajan,amudharajan@gmail.com,9726971052,Female,Salem,2018-03-18
371,Priya Kumar,priyakumar273@gmail.com,9133077447,Female,Madurai,2024-01-22
372,Karthikeyan Chandrasekar,karthikeyanchandrasekar581@gmail.com,9593309638,Male,Jaipur,2018-11-26
373,Meghana Trivedi,meghanatrivedi@gmail.com,9596231648,Female,Salem,2026-03-31
374,Elango Murugan,elangomurugan608@gmail.com,9237649890,Male,Jaipur,2018-08-18
375,Sneha Chopra,snehachopra@gmail.com,9864681590,Female,Hyderabad,2023-06-26
376,Arunachalam Kumar,arunachalamkumar@gmail.com,9606980680,Male,Bengaluru,2019-04-13
377,Payal Nair,payalnair@gmail.com,9238741653,Female,Delhi,2026-07-28
378,Kunal Gupta,kunalgupta@gmail.com,9146549008,Male,Surat,2022-03-21
379,Ashok Raj,ashokraj@gmail.com,9106848762,Male,Indore,2021-01-14
380,Kalpana Balasubramaniam,kalpanabalasubramaniam611@gmail.com,9149673021,Female,Vellore,2019-01-27
381,Tanvi Agarwal,tanviagarwal@gmail.com,9762176941,Female,Bhopal,2018-06-26
382,Gaurav Iyer,gauraviyer343@gmail.com,9684105105,Male,Madurai,2020-08-21
383,Aishwarya Bhatt,aishwaryabhatt@gmail.com,9637307832,Female,Tiruchirappalli,2024-07-24
384,Kamakshi Pillai,kamakshipillai@gmail.com,9613413230,Female,Nagpur,2018-09-02
385,Devika Sundaram,devikasundaram779@gmail.com,9386766198,Female,Madurai,2022-08-14
386,Kritika Saxena,kritikasaxena474@gmail.com,9277235851,Female,Nagpur,2018-01-21
387,Sneha Desai,snehadesai517@gmail.com,9054784250,Female,Thiruvananthapuram,2022-07-24
388,Naveen Nair,naveennair93@gmail.com,9061455941,Male,Visakhapatnam,2022-07-19
389,Abhishek Trivedi,abhishektrivedi649@gmail.com,9063652766,Male,Nagpur,2020-04-28
390,Kunal Bose,kunalbose528@gmail.com,9968136315,Male,Madurai,2024-04-15
391,Anandan Nair,anandannair665@gmail.com,9495927232,Male,Bhopal,2022-09-29
392,Yamuna Gounder,yamunagounder514@gmail.com,9517652679,Female,Madurai,2020-02-11
393,Vasanthi Iyer,vasanthiiyer@gmail.com,9912648562,Female,Bhopal,2024-01-27
394,Murugan Sundaram,murugansundaram22@gmail.com,9208296436,Male,Jaipur,2023-06-15
395,Abirami Pillai,abiramipillai314@gmail.com,9124970341,Female,Mumbai,2025-12-25
396,Kalpana Sivaraman,kalpanasivaraman683@gmail.com,9711954327,Female,Bhopal,2021-07-22
397,Shanthi Rangan,shanthirangan547@gmail.com,9394414307,Female,Vellore,2021-09-18
398,Vanitha Chandrasekar,vanithachandrasekar588@gmail.com,9677931406,Female,Bengaluru,2021-06-15
399,Kannan Sundaram,kannansundaram@gmail.com,9361577108,Male,Bhopal,2025-07-13
400,Ankit Iyer,ankitiyer618@gmail.com,9699318332,Male,Lucknow,2021-06-15
401,Pooja Iyer,poojaiyer455@gmail.com,9744178748,Female,Surat,2018-12-19
402,Ravichandran Subramaniam,ravichandransubramaniam68@gmail.com,9953062145,Male,Hyderabad,2020-03-27
403,Gaurav Bansal,gauravbansal843@gmail.com,9883540029,Male,Indore,2023-04-20
404,Gaurav Bhatt,gauravbhatt@gmail.com,9960749534,Male,Vijayawada,2020-11-22
405,Komal Singh,komalsingh@gmail.com,9702514630,Female,Lucknow,2022-09-15
406,Vanitha Subramaniam,vanithasubramaniam79@gmail.com,9571075886,Female,Ahmedabad,2021-01-16
407,Dhanalakshmi Gounder,dhanalakshmigounder14@gmail.com,9127491258,Female,Mysuru,2024-11-17
408,Ramesh Rajan,rameshrajan946@gmail.com,9036149591,Male,Ahmedabad,2018-04-28
409,Karthikeyan Pillai,karthikeyanpillai315@gmail.com,9110670770,Male,Bengaluru,2018-05-15
410,Gopinath Kumar,gopinathkumar@gmail.com,9677929130,Male,Thiruvananthapuram,2021-02-10
411,Jothi Chandrasekar,jothichandrasekar248@gmail.com,9508757917,Female,Chennai,2026-02-19
412,Vikas Shetty,vikasshetty376@gmail.com,9616189454,Male,Chandigarh,2021-07-11
413,Baskaran Pillai,baskaranpillai370@gmail.com,9750312639,Male,Salem,2020-07-14
414,Kamakshi Iyengar,kamakshiiyengar917@gmail.com,9846194146,Female,Madurai,2019-05-04
415,Karthikeyan Natarajan,karthikeyannatarajan760@gmail.com,9990935918,Male,Thiruvananthapuram,2023-08-07
416,Aditi Saxena,aditisaxena775@gmail.com,9764464427,Female,Bengaluru,2019-05-16
417,Bhuvana Venkatesan,bhuvanavenkatesan31@gmail.com,9000693616,Female,Bengaluru,2026-07-11
418,Sameer Mukherjee,sameermukherjee478@gmail.com,9264238590,Male,Vijayawada,2019-05-03
419,Poornima Sundaram,poornimasundaram34@gmail.com,9167814337,Female,Nagpur,2025-07-27
420,Ishita Bansal,ishitabansal488@gmail.com,9510253672,Female,Coimbatore,2018-04-26
421,Manikandan Gounder,manikandangounder598@gmail.com,9083033362,Male,Indore,2021-07-02
422,Rahul Shetty,rahulshetty@gmail.com,9303485926,Male,Nagpur,2018-04-02
423,Poornima Mudaliar,poornimamudaliar828@gmail.com,9462486129,Female,Delhi,2023-07-29
424,Vinay Iyer,vinayiyer@gmail.com,9094270803,Male,Madurai,2024-05-09
425,Rajeswari Annamalai,rajeswariannamalai@gmail.com,9852634256,Female,Mysuru,2020-01-10
426,Sameer Shetty,sameershetty@gmail.com,9468926889,Male,Nagpur,2026-02-24
427,Manikandan Sundaram,manikandansundaram@gmail.com,9163438024,Male,Ahmedabad,2025-03-31
428,Vetrivel Nair,vetrivelnair117@gmail.com,9107349492,Male,Kolkata,2019-07-13
429,Sathish Ramanathan,sathishramanathan660@gmail.com,9894080689,Male,Vijayawada,2022-01-28
430,Srinivasan Pillai,srinivasanpillai@gmail.com,9551657540,Male,Surat,2019-05-16
431,Dhanalakshmi Thiagarajan,dhanalakshmithiagarajan@gmail.com,9724119425,Female,Tiruchirappalli,2023-12-26
432,Neha Kapoor,nehakapoor487@gmail.com,9698937809,Female,Surat,2018-05-23
433,Rajesh Rao,rajeshrao317@gmail.com,9679652409,Male,Kolkata,2021-05-17
434,Rajesh Reddy,rajeshreddy@gmail.com,9896874088,Male,Tiruchirappalli,2023-04-14
435,Aishwarya Chatterjee,aishwaryachatterjee941@gmail.com,9886536874,Female,Chennai,2026-07-19
436,Ravi Trivedi,ravitrivedi657@gmail.com,9146301598,Male,Chandigarh,2019-06-17
437,Aishwarya Joshi,aishwaryajoshi753@gmail.com,9115320333,Female,Nagpur,2020-07-08
438,Harsh Trivedi,harshtrivedi235@gmail.com,9991714420,Male,Lucknow,2019-11-28
439,Baskaran Pandian,baskaranpandian951@gmail.com,9461718724,Male,Hyderabad,2022-11-02
440,Gaurav Bose,gauravbose429@gmail.com,9170924256,Male,Madurai,2018-02-12
441,Selvi Sivaraman,selvisivaraman@gmail.com,9234505094,Female,Lucknow,2024-10-19
442,Jagadeesh Balasubramaniam,jagadeeshbalasubramaniam@gmail.com,9961801143,Male,Salem,2019-06-25
443,Baskaran Pandian,baskaranpandian@gmail.com,9101887928,Male,Surat,2026-07-17
444,Kamakshi Iyer,kamakshiiyer@gmail.com,9971867012,Female,Coimbatore,2023-04-11
445,Devika Pandian,devikapandian@gmail.com,9844954171,Female,Lucknow,2019-01-19
446,Ravi Pillai,ravipillai@gmail.com,9528559554,Male,Madurai,2020-10-05
447,Pallavi Kapoor,pallavikapoor@gmail.com,9663598108,Female,Bhopal,2023-05-20
448,Nisha Mishra,nishamishra338@gmail.com,9969377952,Female,Coimbatore,2025-03-21
449,Meena Thiagarajan,meenathiagarajan@gmail.com,9933198081,Female,Chandigarh,2022-07-07
450,Bhavya Patel,bhavyapatel@gmail.com,9448361685,Female,Tiruchirappalli,2022-12-30
451,Abirami Balasubramaniam,abiramibalasubramaniam775@gmail.com,9431605966,Female,Visakhapatnam,2019-09-28
452,Latha Raj,latharaj@gmail.com,9494119852,Female,Coimbatore,2024-03-06
453,Vikas Singh,vikassingh423@gmail.com,9065220516,Male,Mumbai,2020-01-17
454,Indumathi Sivaraman,indumathisivaraman@gmail.com,9546629811,Female,Thiruvananthapuram,2024-10-10
455,Neha Bhatt,nehabhatt6@gmail.com,9306446773,Female,Surat,2022-01-17
456,Pooja Patel,poojapatel@gmail.com,9186104128,Female,Mysuru,2020-02-21
457,Thangaraj Pillai,thangarajpillai23@gmail.com,9197440422,Male,Kochi,2018-07-28
458,Kamakshi Pandian,kamakshipandian755@gmail.com,9579035799,Female,Tiruchirappalli,2020-08-07
459,Chandran Natarajan,chandrannatarajan@gmail.com,9084449360,Male,Ahmedabad,2026-02-22
460,Velmurugan Nair,velmurugannair602@gmail.com,9936861279,Male,Bhopal,2025-04-26
461,Manisha Shetty,manishashetty@gmail.com,9260411479,Female,Tiruchirappalli,2021-05-28
462,Suresh Murugan,sureshmurugan@gmail.com,9261858312,Male,Mysuru,2020-07-06
463,Sumathi Annamalai,sumathiannamalai@gmail.com,9082165679,Female,Salem,2023-02-16
464,Kabir Mishra,kabirmishra971@gmail.com,9155112377,Male,Chandigarh,2023-09-04
465,Neha Patel,nehapatel343@gmail.com,9812970842,Female,Mumbai,2018-12-16
466,Indumathi Gounder,indumathigounder252@gmail.com,9174284448,Female,Bhopal,2022-01-21
467,Arun Sivaraman,arunsivaraman967@gmail.com,9034743091,Male,Nagpur,2018-08-25
468,Saranya Naidu,saranyanaidu322@gmail.com,9902597425,Female,Surat,2025-04-24
469,Pallavi Menon,pallavimenon415@gmail.com,9780537855,Female,Delhi,2019-01-16
470,Nithya Murugan,nithyamurugan607@gmail.com,9283457825,Female,Bengaluru,2018-07-15
471,Sundar Thiagarajan,sundarthiagarajan@gmail.com,9327579682,Male,Ahmedabad,2021-03-11
472,Sameer Bose,sameerbose@gmail.com,9358307800,Male,Hyderabad,2023-05-05
473,Manikandan Ramanathan,manikandanramanathan603@gmail.com,9578569697,Male,Vijayawada,2019-10-30
474,Ashok Sivaraman,ashoksivaraman992@gmail.com,9781247939,Male,Surat,2022-08-01
475,Sundar Naidu,sundarnaidu@gmail.com,9139347150,Male,Ahmedabad,2021-03-07
476,Ashok Murugan,ashokmurugan@gmail.com,9384559747,Male,Surat,2019-06-28
477,Thangaraj Chandrasekar,thangarajchandrasekar460@gmail.com,9170663930,Male,Bhopal,2022-12-20
478,Vandana Mehta,vandanamehta586@gmail.com,9673660957,Female,Nagpur,2023-11-08
479,Vikas Kulkarni,vikaskulkarni@gmail.com,9659228850,Male,Mysuru,2024-10-21
480,Lakshmi Krishnan,lakshmikrishnan24@gmail.com,9310530952,Female,Mumbai,2020-11-12
481,Murugan Ramanathan,muruganramanathan@gmail.com,9630033433,Male,Bengaluru,2018-08-01
482,Vetrivel Natarajan,vetrivelnatarajan@gmail.com,9559235006,Male,Chennai,2021-01-07
483,Palanisamy Venkatesan,palanisamyvenkatesan312@gmail.com,9548571512,Male,Vijayawada,2024-03-23
484,Devika Balasubramaniam,devikabalasubramaniam@gmail.com,9909458336,Female,Nagpur,2023-09-22
485,Radhika Natarajan,radhikanatarajan@gmail.com,9068798258,Female,Bhopal,2021-11-04
486,Diya Joshi,diyajoshi@gmail.com,9632939196,Female,Chennai,2018-02-09
487,Karthikeyan Sivaraman,karthikeyansivaraman403@gmail.com,9576008663,Male,Kochi,2024-09-28
488,Priya Rajan,priyarajan959@gmail.com,9107767186,Female,Visakhapatnam,2020-06-24
489,Abhishek Verma,abhishekverma@gmail.com,9972183854,Male,Mysuru,2020-03-04
490,Dinesh Thiagarajan,dineshthiagarajan@gmail.com,9252571696,Male,Mysuru,2024-11-21
491,Pallavi Joshi,pallavijoshi@gmail.com,9466838415,Female,Tiruchirappalli,2022-01-20
492,Nikhil Verma,nikhilverma@gmail.com,9440105079,Male,Vijayawada,2018-11-01
493,Anandan Naidu,anandannaidu@gmail.com,9604079824,Male,Jaipur,2018-08-11
494,Malathi Raj,malathiraj635@gmail.com,9404199386,Female,Hyderabad,2018-09-11
495,Keerthana Venkatesan,keerthanavenkatesan105@gmail.com,9652307256,Female,Chennai,2023-02-01
496,Kamakshi Balasubramaniam,kamakshibalasubramaniam348@gmail.com,9660551075,Female,Delhi,2024-06-05
497,Sunil Malhotra,sunilmalhotra743@gmail.com,9611015563,Male,Nagpur,2024-01-26
498,Prakash Balasubramaniam,prakashbalasubramaniam@gmail.com,9305605884,Male,Delhi,2020-03-31
499,Kunal Iyer,kunaliyer712@gmail.com,9646853231,Male,Coimbatore,2023-07-25
500,Nikhil Chatterjee,nikhilchatterjee@gmail.com,9627937219,Male,Lucknow,2018-02-10
501,Palanisamy Rajan,palanisamyrajan@gmail.com,9469391222,Male,Mumbai,2021-10-23
502,Karthik Iyer,karthikiyer933@gmail.com,9181683243,Male,Lucknow,2025-05-31
503,Kabir Kulkarni,kabirkulkarni729@gmail.com,9019713359,Male,Pune,2018-07-09
504,Gaurav Menon,gauravmenon@gmail.com,9262155477,Male,Bhopal,2024-11-23
505,Sivakumar Chandrasekar,sivakumarchandrasekar770@gmail.com,9544336742,Male,Kochi,2025-02-26
506,Elango Sundaram,elangosundaram406@gmail.com,9243182072,Male,Vellore,2021-12-11
507,Karan Agarwal,karanagarwal437@gmail.com,9443420420,Male,Madurai,2021-04-21
508,Nikhil Singh,nikhilsingh@gmail.com,9353627781,Male,Surat,2019-07-19
509,Padma Naidu,padmanaidu802@gmail.com,9998706998,Female,Pune,2020-07-18
510,Baskaran Natarajan,baskarannatarajan776@gmail.com,9483084944,Male,Mysuru,2018-05-04
511,Sangeetha Naidu,sangeethanaidu10@gmail.com,9463247762,Female,Nagpur,2018-04-06
512,Anil Kapoor,anilkapoor819@gmail.com,9668923511,Male,Nagpur,2023-01-24
513,Anitha Ramanathan,anitharamanathan33@gmail.com,9860193225,Female,Salem,2018-08-24
514,Nithya Mudaliar,nithyamudaliar421@gmail.com,9391473928,Female,Ahmedabad,2022-11-06
515,Abirami Naidu,abiraminaidu515@gmail.com,9742948623,Female,Nagpur,2023-07-04
516,Lakshmi Thiagarajan,lakshmithiagarajan@gmail.com,9693873884,Female,Mumbai,2024-12-05
517,Kalpana Sivaraman,kalpanasivaraman403@gmail.com,9608185607,Female,Delhi,2023-07-15
518,Tanvi Singh,tanvisingh79@gmail.com,9757412006,Female,Bhopal,2026-05-29
519,Vasanthi Iyengar,vasanthiiyengar@gmail.com,9019374052,Female,Salem,2019-07-29
520,Komal Mehta,komalmehta@gmail.com,9012530761,Female,Lucknow,2019-12-30
521,Vinay Iyer,vinayiyer49@gmail.com,9886783300,Male,Chandigarh,2022-03-26
522,Abhishek Deshpande,abhishekdeshpande@gmail.com,9049316287,Male,Bhopal,2019-11-19
523,Jagadeesh Rajan,jagadeeshrajan331@gmail.com,9512591231,Male,Kochi,2025-05-02
524,Uma Sundaram,umasundaram@gmail.com,9626084749,Female,Visakhapatnam,2024-01-06
525,Senthil Balasubramaniam,senthilbalasubramaniam@gmail.com,9639711769,Male,Bhopal,2023-05-29
526,Vetrivel Natarajan,vetrivelnatarajan524@gmail.com,9625926837,Male,Chandigarh,2020-09-24
527,Manikandan Krishnan,manikandankrishnan@gmail.com,9120959732,Male,Indore,2026-07-12
528,Murugan Venkatesan,muruganvenkatesan769@gmail.com,9083259626,Male,Thiruvananthapuram,2020-06-30
529,Kalpana Sundaram,kalpanasundaram67@gmail.com,9801612058,Female,Delhi,2020-08-25
530,Thangaraj Naidu,thangarajnaidu@gmail.com,9146359284,Male,Lucknow,2022-06-20
531,Shanthi Pandian,shanthipandian753@gmail.com,9419474093,Female,Mysuru,2019-09-18
532,Thangaraj Naidu,thangarajnaidu385@gmail.com,9543719087,Male,Lucknow,2023-07-06
533,Anjali Bose,anjalibose@gmail.com,9465409351,Female,Vijayawada,2020-11-11
534,Amudha Venkatesan,amudhavenkatesan714@gmail.com,9034249370,Female,Bhopal,2025-03-28
535,Thangaraj Ramanathan,thangarajramanathan@gmail.com,9256110737,Male,Madurai,2023-10-25
536,Sandeep Pillai,sandeeppillai709@gmail.com,9396334870,Male,Indore,2024-06-03
537,Nisha Bose,nishabose@gmail.com,9760140744,Female,Ahmedabad,2026-03-22
538,Yamuna Iyer,yamunaiyer203@gmail.com,9451522781,Female,Vijayawada,2022-12-11
539,Sandeep Gupta,sandeepgupta@gmail.com,9323546107,Male,Chennai,2025-06-18
540,Baskaran Annamalai,baskaranannamalai@gmail.com,9697943438,Male,Jaipur,2020-09-08
541,Anjali Mishra,anjalimishra@gmail.com,9331467816,Female,Vellore,2021-02-18
542,Arunachalam Ramanathan,arunachalamramanathan487@gmail.com,9560693689,Male,Thiruvananthapuram,2021-08-26
543,Amudha Reddy,amudhareddy814@gmail.com,9049998972,Female,Delhi,2025-12-26
544,Ishaan Menon,ishaanmenon517@gmail.com,9040899489,Male,Tiruchirappalli,2025-06-07
545,Vijay Chandrasekar,vijaychandrasekar717@gmail.com,9047199722,Male,Tiruchirappalli,2025-07-09
546,Vinay Trivedi,vinaytrivedi93@gmail.com,9732590397,Male,Thiruvananthapuram,2022-04-13
547,Swati Rao,swatirao@gmail.com,9007971389,Female,Nagpur,2026-04-07
548,Yuvaraj Rangan,yuvarajrangan@gmail.com,9347791651,Male,Chennai,2024-01-14
549,Vanitha Nair,vanithanair467@gmail.com,9127880356,Female,Kolkata,2025-12-03
550,Kritika Desai,kritikadesai@gmail.com,9908178927,Female,Chandigarh,2020-01-04
551,Meghana Pillai,meghanapillai869@gmail.com,9103443307,Female,Ahmedabad,2025-10-23
552,Harsh Chopra,harshchopra@gmail.com,9378093654,Male,Tiruchirappalli,2021-04-07
553,Elango Thiagarajan,elangothiagarajan371@gmail.com,9756919489,Male,Bengaluru,2021-12-27
554,Meena Rajan,meenarajan666@gmail.com,9341721335,Female,Mumbai,2025-04-27
555,Manisha Pandey,manishapandey797@gmail.com,9483640116,Female,Vellore,2020-07-10
556,Ishaan Desai,ishaandesai@gmail.com,9771464500,Male,Mysuru,2020-01-28
557,Ananya Chopra,ananyachopra550@gmail.com,9750858672,Female,Bhopal,2019-04-26
558,Ravi Sharma,ravisharma820@gmail.com,9305602701,Male,Ahmedabad,2022-01-29
559,Deepak Murugan,deepakmurugan@gmail.com,9099251439,Male,Lucknow,2024-10-18
560,Aditya Nair,adityanair@gmail.com,9182155274,Male,Mysuru,2020-11-10
561,Nithya Reddy,nithyareddy968@gmail.com,9246507961,Female,Lucknow,2024-04-27
562,Bala Mudaliar,balamudaliar445@gmail.com,9392256430,Male,Jaipur,2021-01-24
563,Nikhil Rao,nikhilrao@gmail.com,9393191738,Male,Tiruchirappalli,2019-01-27
564,Vandana Reddy,vandanareddy623@gmail.com,9003718675,Female,Kochi,2023-05-08
565,Harish Subramaniam,harishsubramaniam674@gmail.com,9137079726,Male,Visakhapatnam,2023-02-19
566,Selvam Annamalai,selvamannamalai294@gmail.com,9249883894,Male,Jaipur,2019-01-05
567,Rajesh Raj,rajeshraj@gmail.com,9075489457,Male,Tiruchirappalli,2023-08-02
568,Arunachalam Iyengar,arunachalamiyengar764@gmail.com,9045396999,Male,Bhopal,2024-10-31
569,Sandeep Pandey,sandeeppandey783@gmail.com,9520859433,Male,Bengaluru,2021-10-16
570,Vikram Reddy,vikramreddy@gmail.com,9227523968,Male,Coimbatore,2023-03-12
571,Priya Balasubramaniam,priyabalasubramaniam306@gmail.com,9308131405,Female,Hyderabad,2022-08-10
572,Aryan Patel,aryanpatel257@gmail.com,9232418148,Male,Mumbai,2019-07-27
573,Ananya Malhotra,ananyamalhotra727@gmail.com,9110379114,Female,Bhopal,2020-12-24
574,Palanisamy Krishnan,palanisamykrishnan732@gmail.com,9177377819,Male,Chennai,2019-06-01
575,Arun Chandrasekar,arunchandrasekar54@gmail.com,9639742472,Male,Hyderabad,2026-03-07
576,Prabhu Chettiar,prabhuchettiar254@gmail.com,9644717618,Male,Indore,2025-02-11
577,Dinesh Reddy,dineshreddy@gmail.com,9994600436,Male,Pune,2020-06-27
578,Meena Subramaniam,meenasubramaniam53@gmail.com,9322343000,Female,Thiruvananthapuram,2021-08-10
579,Sathish Balasubramaniam,sathishbalasubramaniam@gmail.com,9193300583,Male,Thiruvananthapuram,2022-01-20
580,Suganya Iyengar,suganyaiyengar90@gmail.com,9817159617,Female,Bengaluru,2018-11-03
581,Karpagam Chandrasekar,karpagamchandrasekar@gmail.com,9701528899,Female,Lucknow,2023-01-11
582,Rahul Desai,rahuldesai954@gmail.com,9971292909,Male,Delhi,2026-04-22
583,Radhika Subramaniam,radhikasubramaniam170@gmail.com,9455362055,Female,Chennai,2023-10-02
584,Latha Chettiar,lathachettiar@gmail.com,9275102018,Female,Hyderabad,2021-01-12
585,Rajesh Pillai,rajeshpillai@gmail.com,9166939821,Male,Surat,2021-04-22
586,Bhavya Pillai,bhavyapillai@gmail.com,9372206895,Female,Thiruvananthapuram,2026-05-13
587,Nisha Shetty,nishashetty619@gmail.com,9582258712,Female,Thiruvananthapuram,2022-11-13
588,Karpagam Raj,karpagamraj471@gmail.com,9181476011,Female,Kochi,2025-09-16
589,Ramesh Pandian,rameshpandian@gmail.com,9991578630,Male,Chennai,2026-07-25
590,Mohan Chettiar,mohanchettiar@gmail.com,9609917372,Male,Tiruchirappalli,2026-07-09
591,Meghana Kapoor,meghanakapoor250@gmail.com,9066181258,Female,Hyderabad,2018-01-05
592,Chandran Reddy,chandranreddy@gmail.com,9628388111,Male,Bengaluru,2021-02-28
593,Sumathi Rajan,sumathirajan@gmail.com,9900143148,Female,Bhopal,2021-05-20
594,Anitha Chettiar,anithachettiar678@gmail.com,9329778971,Female,Hyderabad,2022-05-19
595,Manisha Desai,manishadesai116@gmail.com,9592091334,Female,Visakhapatnam,2022-08-23
596,Malathi Reddy,malathireddy510@gmail.com,9545207578,Female,Pune,2025-11-19
597,Arun Iyengar,aruniyengar18@gmail.com,9341193871,Male,Salem,2019-08-14
598,Bhuvana Kumar,bhuvanakumar121@gmail.com,9973093760,Female,Surat,2019-10-10
599,Bala Raj,balaraj@gmail.com,9084741594,Male,Thiruvananthapuram,2021-10-13
600,Diya Sharma,diyasharma@gmail.com,9180750868,Female,Mysuru,2025-12-23
601,Simran Reddy,simranreddy434@gmail.com,9920397403,Female,Thiruvananthapuram,2024-04-09
602,Karan Desai,karandesai@gmail.com,9681861106,Male,Jaipur,2018-04-25
603,Kannappan Rajan,kannappanrajan@gmail.com,9573560295,Male,Nagpur,2023-06-05
604,Mohan Naidu,mohannaidu@gmail.com,9323177970,Male,Vijayawada,2026-04-25
605,Bala Murugan,balamurugan392@gmail.com,9480160692,Male,Delhi,2025-08-23
606,Sandeep Agarwal,sandeepagarwal747@gmail.com,9657412690,Male,Visakhapatnam,2025-08-29
607,Keerthana Balasubramaniam,keerthanabalasubramaniam@gmail.com,9164818597,Female,Madurai,2023-08-06
608,Vijay Naidu,vijaynaidu@gmail.com,9230172428,Male,Indore,2019-07-30
609,Pradeep Verma,pradeepverma@gmail.com,9246645630,Male,Vijayawada,2023-09-04
610,Lakshmi Balasubramaniam,lakshmibalasubramaniam59@gmail.com,9728082130,Female,Kochi,2023-03-09
611,Thangaraj Venkatesan,thangarajvenkatesan838@gmail.com,9407997133,Male,Surat,2023-06-15
612,Naveen Singh,naveensingh@gmail.com,9014630639,Male,Lucknow,2022-10-28
613,Uma Murugan,umamurugan701@gmail.com,9421120844,Female,Delhi,2025-07-05
614,Meena Raj,meenaraj439@gmail.com,9371344616,Female,Lucknow,2025-10-09
615,Tanvi Menon,tanvimenon204@gmail.com,9066399773,Female,Hyderabad,2023-02-22
616,Kumaresan Rajan,kumaresanrajan691@gmail.com,9450481490,Male,Delhi,2026-05-13
617,Kannappan Chandrasekar,kannappanchandrasekar@gmail.com,9339950808,Male,Vellore,2019-05-26
618,Aarti Bhatt,aartibhatt361@gmail.com,9849394351,Female,Vijayawada,2022-04-12
619,Diya Pandey,diyapandey291@gmail.com,9799008009,Female,Bengaluru,2023-07-27
620,Vikas Saxena,vikassaxena684@gmail.com,9242431419,Male,Salem,2022-08-19
621,Yamuna Annamalai,yamunaannamalai@gmail.com,9282874294,Female,Chennai,2018-04-18
622,Sameer Pillai,sameerpillai326@gmail.com,9399291688,Male,Nagpur,2022-10-24
623,Varun Bose,varunbose@gmail.com,9954085678,Male,Indore,2020-12-01
624,Deepak Gupta,deepakgupta@gmail.com,9465079037,Male,Hyderabad,2023-02-02
625,Bhuvana Naidu,bhuvananaidu@gmail.com,9878320010,Female,Nagpur,2019-02-28
626,Vetrivel Rajan,vetrivelrajan@gmail.com,9280438340,Male,Madurai,2023-06-16
627,Murugan Reddy,muruganreddy649@gmail.com,9981015609,Male,Lucknow,2023-06-06
628,Gopinath Rajan,gopinathrajan@gmail.com,9005181232,Male,Thiruvananthapuram,2025-10-03
629,Ravichandran Iyengar,ravichandraniyengar357@gmail.com,9764849921,Male,Visakhapatnam,2021-02-25
630,Dhanalakshmi Naidu,dhanalakshminaidu@gmail.com,9274452313,Female,Delhi,2024-05-12
631,Shalini Sundaram,shalinisundaram@gmail.com,9055286930,Female,Mumbai,2021-08-14
632,Shreya Nair,shreyanair@gmail.com,9637130347,Female,Pune,2024-04-19
633,Vetrivel Iyengar,vetriveliyengar106@gmail.com,9579865664,Male,Jaipur,2020-03-22
634,Ashok Krishnan,ashokkrishnan@gmail.com,9214652007,Male,Nagpur,2018-01-20
635,Vasanthi Kumar,vasanthikumar941@gmail.com,9530484333,Female,Madurai,2024-03-29
636,Meena Reddy,meenareddy@gmail.com,9946989128,Female,Hyderabad,2019-03-07
637,Sanya Bhatt,sanyabhatt@gmail.com,9078850608,Female,Coimbatore,2019-03-30
638,Rahul Rao,rahulrao@gmail.com,9682114187,Male,Vijayawada,2025-02-21
639,Simran Agarwal,simranagarwal@gmail.com,9442740773,Female,Pune,2025-05-25
640,Rahul Desai,rahuldesai@gmail.com,9028112558,Male,Chandigarh,2021-07-01
641,Vandana Agarwal,vandanaagarwal@gmail.com,9193462404,Female,Bhopal,2021-06-12
642,Senthil Thiagarajan,senthilthiagarajan@gmail.com,9042453153,Male,Delhi,2019-09-09
643,Jothi Mudaliar,jothimudaliar@gmail.com,9206742455,Female,Tiruchirappalli,2023-10-26
644,Meena Venkatesan,meenavenkatesan@gmail.com,9118525286,Female,Kochi,2022-05-25
645,Suganya Krishnan,suganyakrishnan@gmail.com,9732570574,Female,Ahmedabad,2025-09-18
646,Harish Raj,harishraj@gmail.com,9349640981,Male,Chandigarh,2018-02-09
647,Ritu Sharma,ritusharma254@gmail.com,9400622577,Female,Bengaluru,2021-06-01
648,Rajeswari Rangan,rajeswarirangan@gmail.com,9430378789,Female,Surat,2023-06-07
649,Baskaran Thiagarajan,baskaranthiagarajan152@gmail.com,9986142793,Male,Thiruvananthapuram,2019-01-01
650,Varun Trivedi,varuntrivedi@gmail.com,9265998193,Male,Jaipur,2022-05-21
651,Nisha Reddy,nishareddy@gmail.com,9578175731,Female,Chennai,2023-08-06
652,Bala Subramaniam,balasubramaniam639@gmail.com,9514024281,Male,Tiruchirappalli,2021-06-06
653,Deepak Murugan,deepakmurugan805@gmail.com,9867102915,Male,Madurai,2021-04-06
654,Selvam Nair,selvamnair653@gmail.com,9339895148,Male,Nagpur,2019-07-25
655,Murugan Rangan,muruganrangan@gmail.com,9329417805,Male,Visakhapatnam,2021-07-07
656,Kamakshi Sundaram,kamakshisundaram421@gmail.com,9490701975,Female,Lucknow,2019-06-06
657,Vasanthi Pillai,vasanthipillai7@gmail.com,9475802915,Female,Ahmedabad,2024-05-05
658,Vandana Verma,vandanaverma@gmail.com,9557755918,Female,Indore,2019-09-26
659,Sanya Deshpande,sanyadeshpande@gmail.com,9461061024,Female,Vellore,2022-12-23
660,Revathi Naidu,revathinaidu189@gmail.com,9885868646,Female,Mumbai,2019-08-04
661,Karthikeyan Rangan,karthikeyanrangan@gmail.com,9421532374,Male,Vijayawada,2019-08-30
662,Prabhu Natarajan,prabhunatarajan@gmail.com,9506649318,Male,Salem,2021-02-08
663,Siddharth Agarwal,siddharthagarwal516@gmail.com,9295511654,Male,Hyderabad,2021-02-14
664,Pooja Deshpande,poojadeshpande496@gmail.com,9346597513,Female,Nagpur,2021-11-26
665,Kavitha Thiagarajan,kavithathiagarajan@gmail.com,9019479872,Female,Mumbai,2026-03-02
666,Kavya Deshpande,kavyadeshpande@gmail.com,9618076893,Female,Visakhapatnam,2023-01-16
667,Abirami Rangan,abiramirangan@gmail.com,9242218815,Female,Indore,2025-07-01
668,Dinesh Murugan,dineshmurugan@gmail.com,9450179648,Male,Nagpur,2023-04-25
669,Saranya Pillai,saranyapillai450@gmail.com,9430072126,Female,Jaipur,2018-04-03
670,Gaurav Deshpande,gauravdeshpande400@gmail.com,9708905895,Male,Kochi,2024-12-08
671,Prabhu Natarajan,prabhunatarajan940@gmail.com,9960428028,Male,Jaipur,2026-06-30
672,Ramesh Annamalai,rameshannamalai927@gmail.com,9688304798,Male,Tiruchirappalli,2019-06-15
673,Neha Verma,nehaverma231@gmail.com,9643890078,Female,Mysuru,2024-10-26
674,Sanya Sharma,sanyasharma54@gmail.com,9331751169,Female,Lucknow,2020-03-04
675,Meena Nair,meenanair@gmail.com,9527875907,Female,Coimbatore,2018-11-10
676,Saravanan Naidu,saravanannaidu@gmail.com,9362264102,Male,Mysuru,2020-04-23
677,Komal Malhotra,komalmalhotra880@gmail.com,9279726526,Female,Vellore,2019-03-04
678,Murugan Sivaraman,murugansivaraman498@gmail.com,9221927238,Male,Hyderabad,2018-05-27
679,Karan Singh,karansingh@gmail.com,9825390830,Male,Kochi,2022-04-25
680,Uma Reddy,umareddy@gmail.com,9403530689,Female,Kolkata,2026-06-13
681,Kunal Bose,kunalbose445@gmail.com,9879785992,Male,Mysuru,2023-03-14
682,Ritu Mukherjee,ritumukherjee167@gmail.com,9949292629,Female,Chandigarh,2024-02-02
683,Vasanthi Kumar,vasanthikumar371@gmail.com,9226703688,Female,Salem,2023-03-11
684,Thangaraj Kumar,thangarajkumar492@gmail.com,9654508594,Male,Kolkata,2026-08-04
685,Amudha Pillai,amudhapillai@gmail.com,9186261543,Female,Mysuru,2026-01-17
686,Rajkumar Chettiar,rajkumarchettiar17@gmail.com,9683763045,Male,Pune,2020-04-15
687,Komal Pillai,komalpillai74@gmail.com,9681373464,Female,Ahmedabad,2024-12-22
688,Vignesh Naidu,vigneshnaidu934@gmail.com,9512377779,Male,Kochi,2024-07-14
689,Anil Chopra,anilchopra665@gmail.com,9009255547,Male,Vellore,2018-07-30
690,Simran Joshi,simranjoshi@gmail.com,9159379239,Female,Visakhapatnam,2020-09-14
691,Pallavi Bhatt,pallavibhatt@gmail.com,9359664458,Female,Hyderabad,2024-01-12
692,Yash Pandey,yashpandey142@gmail.com,9673145148,Male,Delhi,2020-01-07
693,Revathi Pandian,revathipandian@gmail.com,9597104691,Female,Vellore,2022-05-09
694,Vasanthi Sivaraman,vasanthisivaraman730@gmail.com,9238361709,Female,Salem,2022-08-02
695,Kavya Reddy,kavyareddy717@gmail.com,9117990853,Female,Indore,2023-02-01
696,Kalpana Subramaniam,kalpanasubramaniam287@gmail.com,9902358584,Female,Jaipur,2022-04-23
697,Riya Verma,riyaverma753@gmail.com,9874283312,Female,Tiruchirappalli,2022-12-03
698,Gaurav Deshpande,gauravdeshpande@gmail.com,9612205515,Male,Coimbatore,2024-01-21
699,Karthik Gounder,karthikgounder@gmail.com,9957582178,Male,Salem,2022-11-06
700,Sangeetha Chettiar,sangeethachettiar120@gmail.com,9987201347,Female,Bhopal,2018-10-31
701,Sneha Bhatt,snehabhatt@gmail.com,9751586962,Female,Nagpur,2022-03-21
702,Sunil Desai,sunildesai@gmail.com,9872189870,Male,Madurai,2023-07-03
703,Aditya Bhatt,adityabhatt629@gmail.com,9356461322,Male,Tiruchirappalli,2023-07-01
704,Tanvi Desai,tanvidesai@gmail.com,9298744241,Female,Jaipur,2025-05-29
705,Ganesan Sivaraman,ganesansivaraman@gmail.com,9888660228,Male,Vijayawada,2018-09-07
706,Selvi Pandian,selvipandian@gmail.com,9439273834,Female,Nagpur,2019-11-14
707,Vikram Mishra,vikrammishra133@gmail.com,9607807975,Male,Indore,2018-07-21
708,Elango Iyer,elangoiyer406@gmail.com,9828932790,Male,Chennai,2026-06-20
709,Ashok Kumar,ashokkumar@gmail.com,9327221761,Male,Thiruvananthapuram,2021-01-10
710,Jagadeesh Thiagarajan,jagadeeshthiagarajan751@gmail.com,9408617716,Male,Ahmedabad,2021-08-18
711,Kavitha Naidu,kavithanaidu@gmail.com,9226420954,Female,Visakhapatnam,2023-12-25
712,Ashok Thiagarajan,ashokthiagarajan@gmail.com,9351293235,Male,Indore,2021-06-26
713,Divya Rajan,divyarajan213@gmail.com,9842164752,Female,Chandigarh,2023-07-15
714,Sumathi Pillai,sumathipillai@gmail.com,9658225449,Female,Pune,2021-08-11
715,Simran Bansal,simranbansal751@gmail.com,9016371714,Female,Bengaluru,2018-06-09
716,Latha Krishnan,lathakrishnan@gmail.com,9840197823,Female,Lucknow,2024-04-28
717,Baskaran Ramanathan,baskaranramanathan@gmail.com,9675249978,Male,Hyderabad,2019-11-04
718,Indumathi Iyer,indumathiiyer@gmail.com,9093165304,Female,Mumbai,2018-10-01
719,Pallavi Nair,pallavinair@gmail.com,9012947379,Female,Mysuru,2024-01-26
720,Bala Rajan,balarajan287@gmail.com,9151563586,Male,Thiruvananthapuram,2024-11-27
721,Priya Annamalai,priyaannamalai@gmail.com,9296140091,Female,Salem,2022-10-09
722,Jothi Chandrasekar,jothichandrasekar@gmail.com,9533435588,Female,Mumbai,2025-02-08
723,Komal Bhatt,komalbhatt502@gmail.com,9621861887,Female,Lucknow,2026-03-03
724,Saranya Iyengar,saranyaiyengar@gmail.com,9170450303,Female,Kolkata,2023-08-22
725,Aditya Trivedi,adityatrivedi@gmail.com,9406269889,Male,Surat,2025-02-02
726,Karpagam Thiagarajan,karpagamthiagarajan769@gmail.com,9513677180,Female,Bengaluru,2018-08-18
727,Sneha Kapoor,snehakapoor@gmail.com,9591608837,Female,Nagpur,2026-02-05
728,Vasanthi Pandian,vasanthipandian686@gmail.com,9017121066,Female,Vijayawada,2019-12-10
729,Palanisamy Gounder,palanisamygounder@gmail.com,9480909103,Male,Indore,2018-03-24
730,Deepak Trivedi,deepaktrivedi@gmail.com,9072869171,Male,Coimbatore,2022-04-03
731,Sangeetha Natarajan,sangeethanatarajan@gmail.com,9218126245,Female,Lucknow,2025-03-13
732,Ishita Pillai,ishitapillai@gmail.com,9951594662,Female,Jaipur,2025-11-05
733,Uma Chettiar,umachettiar@gmail.com,9295644356,Female,Coimbatore,2021-08-13
734,Aryan Mehta,aryanmehta343@gmail.com,9391315746,Male,Nagpur,2024-06-17
735,Preeti Pillai,preetipillai@gmail.com,9764409299,Female,Bengaluru,2022-09-21
736,Ritu Chopra,rituchopra168@gmail.com,9598991971,Female,Jaipur,2018-08-09
737,Bala Annamalai,balaannamalai@gmail.com,9346213184,Male,Thiruvananthapuram,2020-09-29
738,Abhishek Sharma,abhisheksharma353@gmail.com,9053243429,Male,Kochi,2019-06-11
739,Riya Chopra,riyachopra920@gmail.com,9268553690,Female,Surat,2019-12-31
740,Anandan Subramaniam,anandansubramaniam626@gmail.com,9530240303,Male,Mumbai,2022-10-10
741,Sivakumar Ramanathan,sivakumarramanathan36@gmail.com,9291351837,Male,Indore,2022-07-15
742,Dinesh Natarajan,dineshnatarajan703@gmail.com,9449473266,Male,Salem,2023-08-19
743,Diya Kapoor,diyakapoor996@gmail.com,9379536139,Female,Nagpur,2020-11-22
744,Arunachalam Thiagarajan,arunachalamthiagarajan446@gmail.com,9021438623,Male,Ahmedabad,2026-08-07
745,Saravanan Naidu,saravanannaidu611@gmail.com,9175315114,Male,Kolkata,2021-11-15
746,Swati Deshpande,swatideshpande855@gmail.com,9985030678,Female,Bengaluru,2022-04-14
747,Loganathan Thiagarajan,loganathanthiagarajan@gmail.com,9417770997,Male,Nagpur,2020-12-04
748,Tanvi Shetty,tanvishetty711@gmail.com,9734747726,Female,Surat,2022-06-21
749,Vishal Sharma,vishalsharma20@gmail.com,9762476027,Male,Pune,2018-09-19
750,Payal Pillai,payalpillai431@gmail.com,9633903344,Female,Thiruvananthapuram,2023-08-06
751,Vijay Ramanathan,vijayramanathan@gmail.com,9465049075,Male,Ahmedabad,2021-04-10
752,Devika Murugan,devikamurugan@gmail.com,9565477279,Female,Kochi,2024-01-11
753,Prabhu Rajan,prabhurajan@gmail.com,9212879953,Male,Delhi,2022-09-09
754,Yamuna Venkatesan,yamunavenkatesan@gmail.com,9897353844,Female,Salem,2019-10-05
755,Arun Rangan,arunrangan782@gmail.com,9419369466,Male,Hyderabad,2024-11-02
756,Yash Sharma,yashsharma@gmail.com,9254037865,Male,Delhi,2019-10-24
757,Malathi Iyer,malathiiyer730@gmail.com,9932824269,Female,Mumbai,2023-03-05
758,Kunal Shetty,kunalshetty164@gmail.com,9270764543,Male,Vijayawada,2020-12-01
759,Dev Trivedi,devtrivedi732@gmail.com,9047238737,Male,Vellore,2025-01-21
760,Revathi Rajan,revathirajan@gmail.com,9287114397,Female,Delhi,2020-12-19
761,Karthikeyan Raj,karthikeyanraj727@gmail.com,9422247655,Male,Chandigarh,2019-07-28
762,Karthik Nair,karthiknair578@gmail.com,9329164427,Male,Visakhapatnam,2019-06-11
763,Varun Rao,varunrao29@gmail.com,9851035854,Male,Mumbai,2021-11-10
764,Vikas Kapoor,vikaskapoor388@gmail.com,9841518093,Male,Ahmedabad,2020-04-25
765,Vetrivel Chandrasekar,vetrivelchandrasekar123@gmail.com,9634998875,Male,Pune,2026-04-25
766,Vignesh Reddy,vigneshreddy975@gmail.com,9305578905,Male,Pune,2020-09-29
767,Isha Chatterjee,ishachatterjee879@gmail.com,9264065018,Female,Madurai,2019-06-27
768,Bhuvana Nair,bhuvananair596@gmail.com,9408070444,Female,Bengaluru,2024-01-31
769,Pankaj Saxena,pankajsaxena@gmail.com,9497465679,Male,Kolkata,2026-06-18
770,Preeti Trivedi,preetitrivedi527@gmail.com,9262536561,Female,Chandigarh,2020-01-17
771,Jothi Krishnan,jothikrishnan184@gmail.com,9043946517,Female,Chandigarh,2020-08-07
772,Prakash Mudaliar,prakashmudaliar484@gmail.com,9136511778,Male,Surat,2025-06-06
773,Baskaran Krishnan,baskarankrishnan808@gmail.com,9472298337,Male,Thiruvananthapuram,2021-07-15
774,Abirami Reddy,abiramireddy6@gmail.com,9749389707,Female,Delhi,2025-06-04
775,Yamuna Murugan,yamunamurugan@gmail.com,9735125812,Female,Jaipur,2026-02-08
776,Ritu Desai,ritudesai970@gmail.com,9066942631,Female,Indore,2021-11-04
777,Shanthi Naidu,shanthinaidu@gmail.com,9173741121,Female,Madurai,2022-12-01
778,Kannappan Chandrasekar,kannappanchandrasekar571@gmail.com,9520707738,Male,Chandigarh,2023-01-01
779,Thangaraj Nair,thangarajnair342@gmail.com,9192691648,Male,Coimbatore,2023-12-05
780,Vikas Malhotra,vikasmalhotra@gmail.com,9405774567,Male,Nagpur,2019-01-13
781,Jagadeesh Raj,jagadeeshraj480@gmail.com,9697742487,Male,Indore,2021-09-15
782,Sundar Mudaliar,sundarmudaliar800@gmail.com,9684050802,Male,Vijayawada,2019-09-09
783,Ritu Pandey,ritupandey546@gmail.com,9467538817,Female,Delhi,2021-06-17
784,Kannappan Balasubramaniam,kannappanbalasubramaniam41@gmail.com,9759332234,Male,Kolkata,2020-08-12
785,Rohan Patel,rohanpatel968@gmail.com,9483477343,Male,Delhi,2022-04-08
786,Saravanan Subramaniam,saravanansubramaniam742@gmail.com,9512973942,Male,Madurai,2023-09-08
787,Jothi Rajan,jothirajan17@gmail.com,9084839848,Female,Ahmedabad,2020-07-28
788,Varun Kulkarni,varunkulkarni975@gmail.com,9978081051,Male,Tiruchirappalli,2026-07-20
789,Muthu Thiagarajan,muthuthiagarajan381@gmail.com,9684151863,Male,Bengaluru,2019-10-28
790,Prakash Reddy,prakashreddy931@gmail.com,9860004714,Male,Mysuru,2022-03-25
791,Arun Gounder,arungounder95@gmail.com,9409448488,Male,Chennai,2021-06-29
792,Geetha Pillai,geethapillai@gmail.com,9596048515,Female,Hyderabad,2020-07-12
793,Ankit Reddy,ankitreddy108@gmail.com,9227374559,Male,Kolkata,2026-07-10
794,Manikandan Ramanathan,manikandanramanathan@gmail.com,9787767906,Male,Pune,2019-10-26
795,Abirami Krishnan,abiramikrishnan353@gmail.com,9189494247,Female,Indore,2023-10-09
796,Kalpana Chettiar,kalpanachettiar@gmail.com,9874087274,Female,Chennai,2024-02-04
797,Thangaraj Rajan,thangarajrajan@gmail.com,9713459991,Male,Vellore,2020-03-09
798,Nikhil Mukherjee,nikhilmukherjee@gmail.com,9736185832,Male,Vellore,2019-11-15
799,Nithya Venkatesan,nithyavenkatesan634@gmail.com,9297594209,Female,Kochi,2021-04-29
800,Kavya Kulkarni,kavyakulkarni330@gmail.com,9190253969,Female,Coimbatore,2026-06-21
801,Karpagam Iyer,karpagamiyer827@gmail.com,9993145232,Female,Kolkata,2019-07-30
802,Dhanalakshmi Ramanathan,dhanalakshmiramanathan@gmail.com,9467013164,Female,Bhopal,2022-12-01
803,Tanvi Bose,tanvibose158@gmail.com,9099329381,Female,Salem,2022-10-11
804,Pradeep Mukherjee,pradeepmukherjee@gmail.com,9507982847,Male,Vijayawada,2022-09-24
805,Vishal Pillai,vishalpillai283@gmail.com,9963623074,Male,Nagpur,2023-07-21
806,Vishal Singh,vishalsingh847@gmail.com,9758359365,Male,Indore,2019-02-08
807,Rajesh Gounder,rajeshgounder727@gmail.com,9943737855,Male,Kochi,2025-01-16
808,Ananya Iyer,ananyaiyer25@gmail.com,9632404836,Female,Lucknow,2020-10-15
809,Meena Mudaliar,meenamudaliar651@gmail.com,9272753438,Female,Tiruchirappalli,2018-12-31
810,Radhika Thiagarajan,radhikathiagarajan990@gmail.com,9281763413,Female,Kolkata,2025-12-07
811,Shanthi Gounder,shanthigounder983@gmail.com,9101356251,Female,Surat,2025-10-20
812,Mohan Sivaraman,mohansivaraman898@gmail.com,9681331387,Male,Ahmedabad,2024-11-17
813,Kannan Sundaram,kannansundaram252@gmail.com,9562489226,Male,Delhi,2019-08-19
814,Karthik Balasubramaniam,karthikbalasubramaniam450@gmail.com,9455485689,Male,Thiruvananthapuram,2020-12-07
815,Nisha Bhatt,nishabhatt@gmail.com,9993391892,Female,Mysuru,2024-06-29
816,Jagadeesh Sivaraman,jagadeeshsivaraman322@gmail.com,9182379822,Male,Coimbatore,2023-03-01
817,Kamakshi Raj,kamakshiraj176@gmail.com,9046847039,Female,Kolkata,2024-05-22
818,Sanya Sharma,sanyasharma503@gmail.com,9471363632,Female,Vellore,2022-07-26
819,Aman Kapoor,amankapoor995@gmail.com,9673196577,Male,Pune,2024-09-29
820,Rohan Trivedi,rohantrivedi747@gmail.com,9109593461,Male,Jaipur,2020-01-20
821,Saravanan Sivaraman,saravanansivaraman259@gmail.com,9414296375,Male,Chennai,2024-10-18
822,Vivek Pandey,vivekpandey@gmail.com,9195030958,Male,Mumbai,2020-02-12
823,Uma Gounder,umagounder@gmail.com,9613148758,Female,Salem,2018-05-05
824,Vikram Menon,vikrammenon958@gmail.com,9231594699,Male,Salem,2025-05-21
825,Neha Pandey,nehapandey347@gmail.com,9219470094,Female,Bhopal,2025-12-08
826,Amit Pandey,amitpandey934@gmail.com,9555352341,Male,Indore,2022-10-13
827,Divya Krishnan,divyakrishnan@gmail.com,9156397765,Female,Coimbatore,2020-02-10
828,Yuvaraj Thiagarajan,yuvarajthiagarajan556@gmail.com,9130093358,Male,Bhopal,2022-11-12
829,Harish Sivaraman,harishsivaraman@gmail.com,9241237456,Male,Coimbatore,2022-04-12
830,Vikram Deshpande,vikramdeshpande@gmail.com,9969313294,Male,Hyderabad,2019-08-04
831,Sunil Kulkarni,sunilkulkarni697@gmail.com,9586287264,Male,Vijayawada,2022-03-25
832,Kritika Pillai,kritikapillai260@gmail.com,9663646261,Female,Tiruchirappalli,2018-09-30
833,Vijay Thiagarajan,vijaythiagarajan@gmail.com,9693525118,Male,Delhi,2018-12-21
834,Latha Kumar,lathakumar112@gmail.com,9103060437,Female,Salem,2024-09-11
835,Vikas Mukherjee,vikasmukherjee787@gmail.com,9235939932,Male,Indore,2018-08-20
836,Vanitha Subramaniam,vanithasubramaniam@gmail.com,9116480255,Female,Hyderabad,2024-02-20
837,Shalini Pandian,shalinipandian18@gmail.com,9619311235,Female,Kochi,2024-05-11
838,Aditya Saxena,adityasaxena21@gmail.com,9699626476,Male,Surat,2020-10-21
839,Bhavya Joshi,bhavyajoshi921@gmail.com,9153161998,Female,Lucknow,2026-04-20
840,Prakash Pillai,prakashpillai@gmail.com,9488916248,Male,Salem,2026-03-24
841,Poornima Sundaram,poornimasundaram@gmail.com,9337221186,Female,Surat,2022-01-28
842,Indumathi Gounder,indumathigounder219@gmail.com,9345499841,Female,Jaipur,2024-03-09
843,Sameer Bhatt,sameerbhatt@gmail.com,9463627514,Male,Delhi,2019-09-10
844,Malathi Thiagarajan,malathithiagarajan@gmail.com,9939678670,Female,Chennai,2018-08-05
845,Aishwarya Deshpande,aishwaryadeshpande208@gmail.com,9793063943,Female,Mumbai,2021-04-01
846,Saranya Iyer,saranyaiyer156@gmail.com,9119456628,Female,Pune,2019-04-10
847,Sanjay Mukherjee,sanjaymukherjee@gmail.com,9844759345,Male,Salem,2018-03-23
848,Ritu Malhotra,ritumalhotra88@gmail.com,9801331976,Female,Indore,2021-08-06
849,Manisha Gupta,manishagupta@gmail.com,9946593259,Female,Chennai,2023-06-29
850,Sneha Trivedi,snehatrivedi@gmail.com,9344077405,Female,Hyderabad,2024-12-31
851,Rohan Reddy,rohanreddy@gmail.com,9930663887,Male,Vijayawada,2025-12-07
852,Rajeswari Thiagarajan,rajeswarithiagarajan@gmail.com,9120468988,Female,Chennai,2019-06-11
853,Saravanan Gounder,saravanangounder@gmail.com,9520077390,Male,Nagpur,2025-01-08
854,Aishwarya Menon,aishwaryamenon628@gmail.com,9171700907,Female,Pune,2020-05-11
855,Varun Kapoor,varunkapoor198@gmail.com,9419612680,Male,Mumbai,2023-09-11
856,Elango Chettiar,elangochettiar@gmail.com,9596701391,Male,Indore,2024-08-23
857,Simran Trivedi,simrantrivedi@gmail.com,9487569270,Female,Madurai,2023-07-17
858,Sneha Mishra,snehamishra441@gmail.com,9077070593,Female,Bhopal,2024-10-16
859,Arjun Joshi,arjunjoshi@gmail.com,9833457216,Male,Vijayawada,2023-03-20
860,Vasanthi Sundaram,vasanthisundaram476@gmail.com,9417401396,Female,Kochi,2022-02-06
861,Deepak Iyer,deepakiyer@gmail.com,9920421418,Male,Mysuru,2021-02-11
862,Vetrivel Thiagarajan,vetrivelthiagarajan446@gmail.com,9919090342,Male,Pune,2023-10-26
863,Kavya Desai,kavyadesai@gmail.com,9316641127,Female,Visakhapatnam,2019-06-09
864,Preeti Gupta,preetigupta@gmail.com,9329699694,Female,Kolkata,2024-03-23
865,Aishwarya Chatterjee,aishwaryachatterjee@gmail.com,9136925284,Female,Tiruchirappalli,2018-03-21
866,Anitha Reddy,anithareddy639@gmail.com,9354997031,Female,Chandigarh,2021-02-05
867,Suresh Krishnan,sureshkrishnan@gmail.com,9638412396,Male,Mysuru,2020-03-30
868,Dev Mishra,devmishra@gmail.com,9771727480,Male,Kolkata,2020-04-16
869,Karthik Venkatesan,karthikvenkatesan432@gmail.com,9049165571,Male,Kolkata,2023-02-11
870,Iniya Sundaram,iniyasundaram@gmail.com,9530034183,Female,Chennai,2025-01-19
871,Anjali Mehta,anjalimehta@gmail.com,9802558071,Female,Madurai,2018-10-06
872,Baskaran Iyer,baskaraniyer241@gmail.com,9033030404,Male,Kochi,2025-10-16
873,Mohan Iyengar,mohaniyengar119@gmail.com,9782060664,Male,Coimbatore,2020-06-16
874,Manoj Agarwal,manojagarwal@gmail.com,9363520740,Male,Delhi,2024-08-12
875,Yuvaraj Krishnan,yuvarajkrishnan@gmail.com,9753812597,Male,Ahmedabad,2020-12-24
876,Nithya Iyengar,nithyaiyengar263@gmail.com,9332120665,Female,Kochi,2020-04-18
877,Sivakumar Annamalai,sivakumarannamalai@gmail.com,9927726253,Male,Salem,2018-08-11
878,Sunil Iyer,suniliyer318@gmail.com,9088293396,Male,Mumbai,2023-07-07
879,Meghana Menon,meghanamenon878@gmail.com,9901000020,Female,Salem,2022-04-12
880,Manikandan Iyengar,manikandaniyengar995@gmail.com,9480407832,Male,Delhi,2019-05-08
881,Naveen Mehta,naveenmehta@gmail.com,9028552747,Male,Hyderabad,2020-06-01
882,Sivakumar Murugan,sivakumarmurugan@gmail.com,9441086987,Male,Thiruvananthapuram,2023-05-17
883,Rohan Pandey,rohanpandey@gmail.com,9824068849,Male,Tiruchirappalli,2020-08-06
884,Mohan Balasubramaniam,mohanbalasubramaniam@gmail.com,9853975364,Male,Nagpur,2022-07-04
885,Rajeswari Chandrasekar,rajeswarichandrasekar@gmail.com,9874534683,Female,Lucknow,2025-03-28
886,Radhika Ramanathan,radhikaramanathan@gmail.com,9058655817,Female,Hyderabad,2020-04-23
887,Indumathi Rajan,indumathirajan558@gmail.com,9010961273,Female,Bengaluru,2021-08-26
888,Vasanthi Subramaniam,vasanthisubramaniam403@gmail.com,9234716488,Female,Delhi,2026-01-12
889,Vikas Menon,vikasmenon@gmail.com,9109248508,Male,Chennai,2018-03-08
890,Muthu Iyer,muthuiyer697@gmail.com,9029434633,Male,Delhi,2021-05-29
891,Namrata Desai,namratadesai608@gmail.com,9040307835,Female,Bengaluru,2022-09-28
892,Ishita Desai,ishitadesai390@gmail.com,9049450779,Female,Salem,2022-04-05
893,Karpagam Kumar,karpagamkumar@gmail.com,9574606560,Female,Vellore,2022-12-26
894,Thangaraj Chettiar,thangarajchettiar398@gmail.com,9857215148,Male,Coimbatore,2021-04-04
895,Vidya Raj,vidyaraj@gmail.com,9407897013,Female,Bhopal,2024-07-18
896,Shanthi Annamalai,shanthiannamalai934@gmail.com,9111960474,Female,Visakhapatnam,2023-11-22
897,Neha Bhatt,nehabhatt286@gmail.com,9470086452,Female,Hyderabad,2019-05-11
898,Sundar Iyer,sundariyer457@gmail.com,9655496510,Male,Delhi,2019-08-27
899,Vasanthi Murugan,vasanthimurugan13@gmail.com,9165081988,Female,Delhi,2025-06-12
900,Uma Rajan,umarajan@gmail.com,9568068174,Female,Madurai,2024-05-07
901,Murugan Venkatesan,muruganvenkatesan@gmail.com,9220487069,Male,Kochi,2023-01-17
902,Manoj Desai,manojdesai810@gmail.com,9548625405,Male,Vijayawada,2018-09-29
903,Anil Mukherjee,anilmukherjee379@gmail.com,9226938698,Male,Tiruchirappalli,2023-09-26
904,Dhanalakshmi Sivaraman,dhanalakshmisivaraman699@gmail.com,9665404356,Female,Kolkata,2025-01-20
905,Vandana Reddy,vandanareddy234@gmail.com,9399533854,Female,Kolkata,2024-09-14
906,Kritika Mukherjee,kritikamukherjee806@gmail.com,9172635375,Female,Mumbai,2019-04-26
907,Kritika Mishra,kritikamishra851@gmail.com,9388337943,Female,Kolkata,2024-10-18
908,Sivakumar Rangan,sivakumarrangan4@gmail.com,9082495854,Male,Kolkata,2018-07-28
909,Preeti Mishra,preetimishra@gmail.com,9431179001,Female,Mysuru,2021-01-04
910,Rohit Iyer,rohitiyer@gmail.com,9601972226,Male,Chandigarh,2020-12-28
911,Riya Sharma,riyasharma325@gmail.com,9719350156,Female,Kolkata,2023-06-15
912,Murugan Nair,murugannair@gmail.com,9689206488,Male,Salem,2020-05-24
913,Mohan Pandian,mohanpandian454@gmail.com,9188707264,Male,Vellore,2021-11-03
914,Jothi Balasubramaniam,jothibalasubramaniam@gmail.com,9421086142,Female,Lucknow,2022-07-18
915,Vanitha Nair,vanithanair@gmail.com,9896560705,Female,Lucknow,2022-04-10
916,Srinivasan Sundaram,srinivasansundaram92@gmail.com,9432921255,Male,Vellore,2020-03-12
917,Abhishek Verma,abhishekverma93@gmail.com,9716525211,Male,Vijayawada,2021-02-14
918,Prakash Iyer,prakashiyer238@gmail.com,9865788724,Male,Vijayawada,2019-11-19
919,Elango Balasubramaniam,elangobalasubramaniam69@gmail.com,9727575315,Male,Mumbai,2020-10-03
920,Vijay Chandrasekar,vijaychandrasekar@gmail.com,9858314826,Male,Lucknow,2024-06-08
921,Devika Iyer,devikaiyer731@gmail.com,9267030476,Female,Kochi,2024-03-04
922,Aarti Trivedi,aartitrivedi363@gmail.com,9758429181,Female,Coimbatore,2020-04-27
923,Abhishek Pillai,abhishekpillai@gmail.com,9643331046,Male,Hyderabad,2023-01-17
924,Pankaj Chopra,pankajchopra@gmail.com,9024444844,Male,Coimbatore,2020-10-02
925,Sanjay Reddy,sanjayreddy@gmail.com,9398802850,Male,Tiruchirappalli,2018-10-05
926,Padma Subramaniam,padmasubramaniam@gmail.com,9917202504,Female,Surat,2023-03-01
927,Meghana Malhotra,meghanamalhotra@gmail.com,9514470775,Female,Madurai,2019-09-21
928,Shanthi Thiagarajan,shanthithiagarajan274@gmail.com,9171622001,Female,Vijayawada,2024-05-20
929,Bala Pandian,balapandian262@gmail.com,9929107729,Male,Mumbai,2025-07-18
930,Devika Annamalai,devikaannamalai632@gmail.com,9734955976,Female,Jaipur,2023-11-28
931,Aman Agarwal,amanagarwal826@gmail.com,9582043547,Male,Kochi,2018-07-30
932,Nisha Singh,nishasingh569@gmail.com,9278299654,Female,Kochi,2022-09-14
933,Malathi Iyer,malathiiyer972@gmail.com,9903848140,Female,Lucknow,2019-04-30
934,Amudha Reddy,amudhareddy416@gmail.com,9422835581,Female,Madurai,2026-04-09
935,Chandran Krishnan,chandrankrishnan957@gmail.com,9986901193,Male,Bhopal,2025-11-07
936,Pooja Verma,poojaverma@gmail.com,9309000978,Female,Tiruchirappalli,2019-03-17
937,Payal Pillai,payalpillai852@gmail.com,9614817542,Female,Ahmedabad,2018-05-12
938,Ishita Mehta,ishitamehta830@gmail.com,9493684978,Female,Bhopal,2021-08-30
939,Bala Sivaraman,balasivaraman@gmail.com,9051141076,Male,Nagpur,2020-09-06
940,Revathi Venkatesan,revathivenkatesan688@gmail.com,9559240110,Female,Coimbatore,2020-10-29
941,Amudha Sundaram,amudhasundaram408@gmail.com,9784877697,Female,Visakhapatnam,2020-01-24
942,Sandeep Rao,sandeeprao499@gmail.com,9830154221,Male,Coimbatore,2018-02-07
943,Manisha Mishra,manishamishra@gmail.com,9048523675,Female,Vellore,2022-05-20
944,Srinivasan Annamalai,srinivasanannamalai@gmail.com,9952942059,Male,Madurai,2023-04-28
945,Namrata Kulkarni,namratakulkarni237@gmail.com,9982288865,Female,Kochi,2020-12-22
946,Vignesh Nair,vigneshnair461@gmail.com,9200085890,Male,Thiruvananthapuram,2026-08-07
947,Ishita Verma,ishitaverma595@gmail.com,9262129535,Female,Delhi,2018-02-28
948,Malathi Krishnan,malathikrishnan@gmail.com,9172664921,Female,Bengaluru,2026-07-31
949,Radhika Sivaraman,radhikasivaraman71@gmail.com,9011990772,Female,Mumbai,2019-04-10
950,Jothi Chandrasekar,jothichandrasekar548@gmail.com,9416207331,Female,Kolkata,2026-02-18
951,Kabir Menon,kabirmenon785@gmail.com,9001185496,Male,Chennai,2021-10-25
952,Kavya Singh,kavyasingh795@gmail.com,9821677092,Female,Bhopal,2023-07-18
953,Yamuna Iyengar,yamunaiyengar38@gmail.com,9403996489,Female,Salem,2018-12-16
954,Dev Agarwal,devagarwal120@gmail.com,9545571876,Male,Pune,2021-07-02
955,Anitha Kumar,anithakumar681@gmail.com,9912313405,Female,Madurai,2023-08-03
956,Kavya Sharma,kavyasharma@gmail.com,9210155119,Female,Chandigarh,2021-09-29
957,Isha Saxena,ishasaxena@gmail.com,9822855885,Female,Nagpur,2025-09-29
958,Ishita Reddy,ishitareddy@gmail.com,9493803710,Female,Nagpur,2018-01-17
959,Aditya Desai,adityadesai416@gmail.com,9525570165,Male,Bengaluru,2025-01-27
960,Srinivasan Sivaraman,srinivasansivaraman@gmail.com,9786246857,Male,Delhi,2023-07-11
961,Muthu Balasubramaniam,muthubalasubramaniam198@gmail.com,9821945268,Male,Visakhapatnam,2022-09-18
962,Preeti Sharma,preetisharma416@gmail.com,9576585927,Female,Pune,2020-10-20
963,Ankit Patel,ankitpatel284@gmail.com,9956780121,Male,Thiruvananthapuram,2025-04-08
964,Arjun Bhatt,arjunbhatt282@gmail.com,9426238864,Male,Kolkata,2022-11-27
965,Chandran Sundaram,chandransundaram@gmail.com,9787521221,Male,Chandigarh,2018-02-26
966,Simran Gupta,simrangupta357@gmail.com,9322889244,Female,Hyderabad,2018-03-12
967,Varun Nair,varunnair565@gmail.com,9591756267,Male,Thiruvananthapuram,2022-07-12
968,Senthil Nair,senthilnair259@gmail.com,9876567514,Male,Vellore,2018-01-14
969,Arjun Mukherjee,arjunmukherjee568@gmail.com,9434177462,Male,Delhi,2025-01-19
970,Payal Saxena,payalsaxena99@gmail.com,9368383754,Female,Vijayawada,2024-04-22
971,Sanjay Saxena,sanjaysaxena237@gmail.com,9404571957,Male,Pune,2026-04-11
972,Senthil Kumar,senthilkumar@gmail.com,9949688096,Male,Madurai,2020-10-22
973,Karthikeyan Chettiar,karthikeyanchettiar674@gmail.com,9779497815,Male,Pune,2024-06-15
974,Rajeswari Gounder,rajeswarigounder570@gmail.com,9600602117,Female,Thiruvananthapuram,2020-01-05
975,Ajay Patel,ajaypatel@gmail.com,9046077377,Male,Bhopal,2022-11-04
976,Sandeep Desai,sandeepdesai@gmail.com,9101840104,Male,Vijayawada,2020-07-28
977,Baskaran Sivaraman,baskaransivaraman694@gmail.com,9595953485,Male,Bhopal,2024-05-12
978,Rohit Mehta,rohitmehta814@gmail.com,9436978127,Male,Salem,2019-01-08
979,Manoj Kulkarni,manojkulkarni@gmail.com,9758536780,Male,Mumbai,2024-01-17
980,Rajesh Deshpande,rajeshdeshpande@gmail.com,9850505025,Male,Mumbai,2018-06-30
981,Uma Pillai,umapillai226@gmail.com,9601446074,Female,Bhopal,2021-02-05
982,Priya Chandrasekar,priyachandrasekar@gmail.com,9608037850,Female,Delhi,2023-05-24
983,Kannappan Venkatesan,kannappanvenkatesan@gmail.com,9776793675,Male,Ahmedabad,2026-06-10
984,Divya Rangan,divyarangan615@gmail.com,9652571826,Female,Coimbatore,2021-07-10
985,Jothi Pandian,jothipandian46@gmail.com,9502233355,Female,Kochi,2022-03-28
986,Bala Annamalai,balaannamalai375@gmail.com,9315750442,Male,Surat,2024-11-20
987,Manisha Sharma,manishasharma798@gmail.com,9699102013,Female,Vellore,2019-05-24
988,Srinivasan Chettiar,srinivasanchettiar660@gmail.com,9194953750,Male,Kolkata,2020-09-19
989,Anil Chatterjee,anilchatterjee695@gmail.com,9215674124,Male,Visakhapatnam,2019-06-19
990,Vandana Agarwal,vandanaagarwal107@gmail.com,9370882933,Female,Chandigarh,2022-03-11
991,Sneha Mehta,snehamehta235@gmail.com,9735118764,Female,Ahmedabad,2022-08-12
992,Simran Saxena,simransaxena544@gmail.com,9597735519,Female,Jaipur,2026-02-19
993,Karthikeyan Kumar,karthikeyankumar349@gmail.com,9060829273,Male,Vellore,2020-11-21
994,Neha Chopra,nehachopra827@gmail.com,9110557756,Female,Delhi,2020-09-14
995,Ajay Desai,ajaydesai@gmail.com,9432887996,Male,Vellore,2023-07-28
996,Neha Joshi,nehajoshi879@gmail.com,9458801890,Female,Bengaluru,2021-10-02
997,Sangeetha Balasubramaniam,sangeethabalasubramaniam14@gmail.com,9234722917,Female,Vijayawada,2018-01-13
998,Arunachalam Annamalai,arunachalamannamalai@gmail.com,9806886512,Male,Pune,2022-06-15
999,Kavitha Natarajan,kavithanatarajan@gmail.com,9918126122,Female,Jaipur,2022-09-10
1000,Vignesh Sivaraman,vigneshsivaraman749@gmail.com,9254786734,Male,Kochi,2022-10-22
1001,Sanya Verma,sanyaverma99@gmail.com,9117001952,Female,Kochi,2022-06-18
1002,Rohan Chopra,rohanchopra@gmail.com,9437012838,Male,Vellore,2024-03-03
1003,Senthil Krishnan,senthilkrishnan497@gmail.com,9459698291,Male,Ahmedabad,2024-03-21
1004,Tarun Mukherjee,tarunmukherjee@gmail.com,9246581023,Male,Thiruvananthapuram,2019-05-24
1005,Manikandan Sundaram,manikandansundaram19@gmail.com,9603578210,Male,Salem,2020-11-11
1006,Vetrivel Sivaraman,vetrivelsivaraman966@gmail.com,9675372566,Male,Thiruvananthapuram,2025-07-31
1007,Latha Naidu,lathanaidu@gmail.com,9756515278,Female,Nagpur,2024-12-09
1008,Ajay Singh,ajaysingh@gmail.com,9782194594,Male,Visakhapatnam,2018-04-05
1009,Revathi Sundaram,revathisundaram996@gmail.com,9861259263,Female,Bhopal,2024-10-03
1010,Pallavi Agarwal,pallaviagarwal@gmail.com,9878988981,Female,Hyderabad,2025-10-18
1011,Saranya Annamalai,saranyaannamalai151@gmail.com,9475160553,Female,Indore,2018-10-26
1012,Ravichandran Annamalai,ravichandranannamalai689@gmail.com,9887833918,Male,Chandigarh,2020-12-29
1013,Malathi Natarajan,malathinatarajan319@gmail.com,9828881706,Female,Vellore,2022-11-14
1014,Anjali Gupta,anjaligupta120@gmail.com,9875068398,Female,Coimbatore,2018-09-29
1015,Keerthana Venkatesan,keerthanavenkatesan@gmail.com,9268347858,Female,Salem,2025-03-14
1016,Sneha Bose,snehabose@gmail.com,9628453098,Female,Thiruvananthapuram,2022-07-10
1017,Payal Patel,payalpatel@gmail.com,9508789995,Female,Surat,2018-10-01
1018,Latha Ramanathan,latharamanathan69@gmail.com,9914019392,Female,Kochi,2019-03-22
1019,Divya Sundaram,divyasundaram921@gmail.com,9960132489,Female,Jaipur,2019-06-27
1020,Abirami Gounder,abiramigounder@gmail.com,9148535715,Female,Coimbatore,2019-07-31
1021,Lakshmi Rajan,lakshmirajan292@gmail.com,9922214114,Female,Tiruchirappalli,2025-06-26
1022,Rahul Sharma,rahulsharma655@gmail.com,9048516294,Male,Nagpur,2024-02-15
1023,Preeti Menon,preetimenon622@gmail.com,9478282155,Female,Jaipur,2022-07-31
1024,Sundar Chandrasekar,sundarchandrasekar757@gmail.com,9075746947,Male,Kochi,2023-07-27
1025,Sameer Mukherjee,sameermukherjee881@gmail.com,9730508163,Male,Mumbai,2018-12-20
1026,Ishita Malhotra,ishitamalhotra@gmail.com,9399641069,Female,Madurai,2024-05-26
1027,Ganesan Sundaram,ganesansundaram978@gmail.com,9057246250,Male,Mumbai,2019-06-04
1028,Aditya Mishra,adityamishra236@gmail.com,9659565218,Male,Jaipur,2026-04-01
1029,Gaurav Malhotra,gauravmalhotra559@gmail.com,9597060925,Male,Salem,2022-05-19
1030,Kalpana Murugan,kalpanamurugan463@gmail.com,9279069453,Female,Hyderabad,2024-12-29
1031,Vidya Pillai,vidyapillai@gmail.com,9547756066,Female,Pune,2022-02-19
1032,Rohan Pandey,rohanpandey370@gmail.com,9737340618,Male,Mumbai,2026-05-16
1033,Nisha Rao,nisharao@gmail.com,9543186129,Female,Bhopal,2023-12-22
1034,Komal Shetty,komalshetty@gmail.com,9959514269,Female,Mumbai,2023-12-24
1035,Namrata Desai,namratadesai@gmail.com,9939192636,Female,Bhopal,2022-02-24
1036,Jagadeesh Rajan,jagadeeshrajan401@gmail.com,9306599503,Male,Tiruchirappalli,2025-08-17
1037,Swati Sharma,swatisharma@gmail.com,9616559144,Female,Coimbatore,2020-03-26
1038,Nisha Menon,nishamenon@gmail.com,9823343317,Female,Lucknow,2024-12-11
1039,Naveen Bose,naveenbose538@gmail.com,9074306918,Male,Bengaluru,2021-03-07
1040,Selvam Iyer,selvamiyer631@gmail.com,9596556870,Male,Lucknow,2019-06-16
1041,Sameer Bansal,sameerbansal357@gmail.com,9489597498,Male,Nagpur,2023-09-06
1042,Aarti Bansal,aartibansal306@gmail.com,9817598267,Female,Vijayawada,2022-01-29
1043,Komal Mishra,komalmishra@gmail.com,9536106909,Female,Chennai,2018-06-11
1044,Prakash Gounder,prakashgounder601@gmail.com,9629188878,Male,Madurai,2020-05-03
1045,Ravichandran Kumar,ravichandrankumar649@gmail.com,9651138535,Male,Visakhapatnam,2023-07-03
1046,Karthikeyan Nair,karthikeyannair921@gmail.com,9649610357,Male,Mumbai,2022-02-19
1047,Shalini Subramaniam,shalinisubramaniam@gmail.com,9878118168,Female,Indore,2018-01-30
1048,Sneha Chopra,snehachopra907@gmail.com,9022174014,Female,Vellore,2025-12-02
1049,Ravi Menon,ravimenon@gmail.com,9342952115,Male,Coimbatore,2021-08-25
1050,Vikas Pillai,vikaspillai686@gmail.com,9736210879,Male,Indore,2023-04-05
1051,Harish Iyengar,harishiyengar@gmail.com,9779699931,Male,Nagpur,2024-05-10
1052,Sandeep Singh,sandeepsingh819@gmail.com,9380351833,Male,Pune,2024-06-23
1053,Prakash Chettiar,prakashchettiar501@gmail.com,9747413203,Male,Kolkata,2024-06-23
1054,Sanya Singh,sanyasingh@gmail.com,9488411002,Female,Surat,2023-04-04
1055,Kritika Desai,kritikadesai838@gmail.com,9355921870,Female,Lucknow,2022-06-15
1056,Saravanan Kumar,saravanankumar272@gmail.com,9748645846,Male,Visakhapatnam,2026-04-19
1057,Shreya Mehta,shreyamehta@gmail.com,9597978009,Female,Pune,2022-05-08
1058,Ishaan Kapoor,ishaankapoor@gmail.com,9081278801,Male,Nagpur,2019-11-17
1059,Pooja Reddy,poojareddy@gmail.com,9285089590,Female,Bhopal,2024-08-27
1060,Revathi Pillai,revathipillai@gmail.com,9671189947,Female,Hyderabad,2018-08-08
1061,Amit Singh,amitsingh@gmail.com,9411174769,Male,Chandigarh,2022-11-28
1062,Arunachalam Thiagarajan,arunachalamthiagarajan38@gmail.com,9213201663,Male,Vellore,2019-03-01
1063,Gaurav Mehta,gauravmehta@gmail.com,9276613069,Male,Hyderabad,2024-09-08
1064,Kavitha Natarajan,kavithanatarajan991@gmail.com,9337870975,Female,Lucknow,2019-06-10
1065,Aditi Singh,aditisingh@gmail.com,9411955371,Female,Chennai,2020-11-28
1066,Anil Sharma,anilsharma@gmail.com,9401645216,Male,Salem,2026-01-23
1067,Yuvaraj Murugan,yuvarajmurugan134@gmail.com,9126932886,Male,Indore,2018-02-01
1068,Gaurav Verma,gauravverma@gmail.com,9169449638,Male,Ahmedabad,2024-12-26
1069,Yuvaraj Ramanathan,yuvarajramanathan357@gmail.com,9341241824,Male,Bengaluru,2018-06-30
1070,Vikas Singh,vikassingh@gmail.com,9097513701,Male,Vellore,2018-06-24
1071,Srinivasan Ramanathan,srinivasanramanathan@gmail.com,9158130054,Male,Bengaluru,2020-10-06
1072,Kannan Mudaliar,kannanmudaliar@gmail.com,9083523817,Male,Chennai,2018-03-13
1073,Radhika Subramaniam,radhikasubramaniam458@gmail.com,9442010168,Female,Delhi,2024-10-22
1074,Shanthi Chettiar,shanthichettiar911@gmail.com,9380558640,Female,Kolkata,2022-07-09
1075,Padma Mudaliar,padmamudaliar26@gmail.com,9770561206,Female,Nagpur,2020-08-24
1076,Ishaan Mukherjee,ishaanmukherjee725@gmail.com,9620290706,Male,Vellore,2018-06-05
1077,Payal Pillai,payalpillai935@gmail.com,9369661568,Female,Kochi,2024-10-05
1078,Poornima Rajan,poornimarajan@gmail.com,9494528742,Female,Visakhapatnam,2023-10-13
1079,Namrata Singh,namratasingh457@gmail.com,9808288912,Female,Coimbatore,2023-10-13
1080,Tanvi Shetty,tanvishetty@gmail.com,9001608609,Female,Mysuru,2018-12-09
1081,Karthikeyan Chandrasekar,karthikeyanchandrasekar526@gmail.com,9587411997,Male,Mysuru,2023-08-25
1082,Simran Sharma,simransharma872@gmail.com,9053251198,Female,Vellore,2023-10-03
1083,Tarun Agarwal,tarunagarwal@gmail.com,9950054368,Male,Mumbai,2020-02-13
1084,Meghana Mishra,meghanamishra783@gmail.com,9601865754,Female,Vellore,2019-09-09
1085,Anjali Saxena,anjalisaxena687@gmail.com,9946252190,Female,Nagpur,2022-10-01
1086,Vignesh Krishnan,vigneshkrishnan658@gmail.com,9246852737,Male,Salem,2024-07-07
1087,Lakshmi Balasubramaniam,lakshmibalasubramaniam719@gmail.com,9683579425,Female,Hyderabad,2018-09-23
1088,Saranya Mudaliar,saranyamudaliar@gmail.com,9193784515,Female,Nagpur,2020-06-28
1089,Radhika Sivaraman,radhikasivaraman629@gmail.com,9049319560,Female,Chennai,2024-12-27
1090,Ramesh Iyengar,rameshiyengar116@gmail.com,9577375898,Male,Visakhapatnam,2022-07-27
1091,Ravichandran Thiagarajan,ravichandranthiagarajan1@gmail.com,9390250380,Male,Mumbai,2022-01-15
1092,Preeti Patel,preetipatel@gmail.com,9646862748,Female,Tiruchirappalli,2026-06-22
1093,Namrata Bose,namratabose@gmail.com,9575550590,Female,Kochi,2023-03-07
1094,Mohan Sundaram,mohansundaram@gmail.com,9597869695,Male,Surat,2025-06-09
1095,Aman Chopra,amanchopra563@gmail.com,9493380323,Male,Bhopal,2018-07-21
1096,Dinesh Thiagarajan,dineshthiagarajan185@gmail.com,9064363630,Male,Madurai,2022-09-27
1097,Vetrivel Rangan,vetrivelrangan569@gmail.com,9823471523,Male,Coimbatore,2022-04-02
1098,Kavitha Balasubramaniam,kavithabalasubramaniam587@gmail.com,9315512338,Female,Thiruvananthapuram,2024-03-30
1099,Indumathi Kumar,indumathikumar@gmail.com,9418938445,Female,Chennai,2024-05-28
1100,Meghana Mukherjee,meghanamukherjee@gmail.com,9278018378,Female,Hyderabad,2025-02-07
1101,Kunal Chatterjee,kunalchatterjee@gmail.com,9166390948,Male,Bengaluru,2019-12-18
1102,Velmurugan Pandian,velmuruganpandian490@gmail.com,9644763117,Male,Bengaluru,2019-01-14
1103,Vandana Agarwal,vandanaagarwal258@gmail.com,9553079045,Female,Kochi,2023-05-25
1104,Riya Iyer,riyaiyer178@gmail.com,9583989217,Female,Kolkata,2019-11-04
1105,Revathi Iyer,revathiiyer@gmail.com,9527423537,Female,Coimbatore,2023-03-05
1106,Bhavya Mehta,bhavyamehta@gmail.com,9253157583,Female,Chandigarh,2021-01-04
1107,Chandran Chettiar,chandranchettiar@gmail.com,9363118191,Male,Visakhapatnam,2023-01-07
1108,Payal Mukherjee,payalmukherjee504@gmail.com,9668047722,Female,Indore,2025-08-11
1109,Karthik Iyengar,karthikiyengar569@gmail.com,9568830580,Male,Kochi,2020-10-08
1110,Rajkumar Venkatesan,rajkumarvenkatesan@gmail.com,9399358283,Male,Pune,2021-06-05
1111,Karthikeyan Annamalai,karthikeyanannamalai107@gmail.com,9573429831,Male,Kolkata,2020-11-07
1112,Kamakshi Kumar,kamakshikumar216@gmail.com,9886464716,Female,Indore,2026-06-23
1113,Iniya Rajan,iniyarajan@gmail.com,9456878545,Female,Vellore,2019-09-27
1114,Kumaresan Krishnan,kumaresankrishnan137@gmail.com,9818622889,Male,Mysuru,2026-05-21
1115,Isha Rao,isharao@gmail.com,9252452711,Female,Indore,2025-05-25
1116,Nithya Natarajan,nithyanatarajan@gmail.com,9189752101,Female,Mumbai,2020-07-31
1117,Rohan Gupta,rohangupta396@gmail.com,9430085896,Male,Visakhapatnam,2022-05-02
1118,Mohan Naidu,mohannaidu920@gmail.com,9596605044,Male,Chandigarh,2026-08-06
1119,Prakash Pandian,prakashpandian603@gmail.com,9360079479,Male,Chennai,2022-02-24
1120,Sanya Saxena,sanyasaxena@gmail.com,9839048320,Female,Indore,2022-05-29
1121,Divya Sivaraman,divyasivaraman@gmail.com,9892285169,Female,Nagpur,2021-01-06
1122,Keerthana Murugan,keerthanamurugan@gmail.com,9514253754,Female,Kochi,2024-10-21
1123,Simran Nair,simrannair572@gmail.com,9585496463,Female,Lucknow,2024-08-19
1124,Devika Raj,devikaraj919@gmail.com,9362004794,Female,Indore,2023-11-09
1125,Prakash Raj,prakashraj6@gmail.com,9795997359,Male,Bengaluru,2023-03-02
1126,Divya Ramanathan,divyaramanathan500@gmail.com,9267068526,Female,Nagpur,2022-07-08
1127,Saravanan Iyer,saravananiyer@gmail.com,9935488927,Male,Kolkata,2019-06-25
1128,Siddharth Pandey,siddharthpandey@gmail.com,9483718183,Male,Chennai,2025-12-19
1129,Vivek Gupta,vivekgupta225@gmail.com,9984942184,Male,Mumbai,2023-08-23
1130,Kabir Kapoor,kabirkapoor907@gmail.com,9700598167,Male,Pune,2019-01-05
1131,Rahul Chopra,rahulchopra556@gmail.com,9973403569,Male,Madurai,2019-04-21
1132,Payal Mehta,payalmehta908@gmail.com,9896347039,Female,Salem,2018-08-07
1133,Vignesh Sundaram,vigneshsundaram@gmail.com,9430927905,Male,Ahmedabad,2024-04-20
1134,Swati Menon,swatimenon817@gmail.com,9545584129,Female,Chandigarh,2019-04-19
1135,Pooja Mishra,poojamishra528@gmail.com,9992352770,Female,Jaipur,2018-07-05
1136,Palanisamy Ramanathan,palanisamyramanathan228@gmail.com,9608287327,Male,Pune,2021-10-13
1137,Suresh Reddy,sureshreddy559@gmail.com,9474527225,Male,Delhi,2024-02-20
1138,Aishwarya Menon,aishwaryamenon@gmail.com,9976841034,Female,Salem,2021-02-07
1139,Velmurugan Balasubramaniam,velmuruganbalasubramaniam164@gmail.com,9218553714,Male,Visakhapatnam,2021-06-21
1140,Dev Singh,devsingh103@gmail.com,9994536618,Male,Visakhapatnam,2022-12-29
1141,Kalpana Iyer,kalpanaiyer416@gmail.com,9732896010,Female,Madurai,2025-06-24
1142,Kumaresan Annamalai,kumaresanannamalai580@gmail.com,9390876033,Male,Thiruvananthapuram,2020-01-20
1143,Bhavya Pandey,bhavyapandey266@gmail.com,9483408041,Female,Hyderabad,2023-03-15
1144,Aman Pandey,amanpandey@gmail.com,9027003969,Male,Chandigarh,2026-02-02
1145,Yuvaraj Rajan,yuvarajrajan@gmail.com,9398456705,Male,Indore,2024-11-17
1146,Kunal Kulkarni,kunalkulkarni914@gmail.com,9153796303,Male,Coimbatore,2018-08-31
1147,Ritu Saxena,ritusaxena@gmail.com,9059950342,Female,Chandigarh,2025-10-19
1148,Vikas Rao,vikasrao129@gmail.com,9796525932,Male,Chennai,2022-05-28
1149,Nithya Mudaliar,nithyamudaliar@gmail.com,9268023281,Female,Bengaluru,2023-02-25
1150,Meena Venkatesan,meenavenkatesan720@gmail.com,9722300756,Female,Vijayawada,2025-08-04
1151,Arun Venkatesan,arunvenkatesan554@gmail.com,9542081347,Male,Surat,2018-01-27
1152,Aishwarya Deshpande,aishwaryadeshpande343@gmail.com,9795948805,Female,Nagpur,2022-10-01
1153,Lakshmi Nair,lakshminair247@gmail.com,9481064312,Female,Salem,2018-04-12
1154,Velmurugan Rajan,velmuruganrajan@gmail.com,9317514907,Male,Thiruvananthapuram,2025-05-28
1155,Baskaran Annamalai,baskaranannamalai501@gmail.com,9765475235,Male,Madurai,2026-03-11
1156,Aarti Chatterjee,aartichatterjee172@gmail.com,9705009325,Female,Visakhapatnam,2024-10-09
1157,Sivakumar Balasubramaniam,sivakumarbalasubramaniam521@gmail.com,9941538869,Male,Hyderabad,2019-11-20
1158,Meena Iyer,meenaiyer630@gmail.com,9219919002,Female,Kolkata,2025-05-06
1159,Sameer Bose,sameerbose977@gmail.com,9957767716,Male,Coimbatore,2021-02-08
1160,Dinesh Pillai,dineshpillai510@gmail.com,9396131875,Male,Vijayawada,2021-10-06
1161,Ganesan Iyengar,ganesaniyengar@gmail.com,9907594435,Male,Surat,2024-01-10
1162,Ramesh Ramanathan,rameshramanathan@gmail.com,9154867436,Male,Mumbai,2024-07-12
1163,Karthik Chettiar,karthikchettiar@gmail.com,9952631089,Male,Vijayawada,2023-06-18
1164,Manikandan Reddy,manikandanreddy378@gmail.com,9949398023,Male,Hyderabad,2018-12-11
1165,Meena Naidu,meenanaidu798@gmail.com,9726449661,Female,Pune,2024-05-13
1166,Padma Venkatesan,padmavenkatesan172@gmail.com,9411181212,Female,Vijayawada,2025-06-18
1167,Kunal Trivedi,kunaltrivedi329@gmail.com,9216869549,Male,Bhopal,2024-12-05
1168,Yash Patel,yashpatel742@gmail.com,9380662232,Male,Hyderabad,2026-01-28
1169,Isha Kulkarni,ishakulkarni@gmail.com,9052228820,Female,Lucknow,2025-07-01
1170,Yamuna Thiagarajan,yamunathiagarajan@gmail.com,9873664747,Female,Thiruvananthapuram,2021-01-03
1171,Shreya Nair,shreyanair578@gmail.com,9483955902,Female,Kolkata,2019-06-03
1172,Naveen Gounder,naveengounder@gmail.com,9603869581,Male,Kochi,2024-09-06
1173,Manikandan Natarajan,manikandannatarajan@gmail.com,9341908227,Male,Nagpur,2019-05-02
1174,Revathi Naidu,revathinaidu@gmail.com,9625171417,Female,Ahmedabad,2020-05-24
1175,Murugan Nair,murugannair469@gmail.com,9296056198,Male,Mumbai,2019-08-05
1176,Srinivasan Rangan,srinivasanrangan939@gmail.com,9921392849,Male,Salem,2020-11-29
1177,Bhavya Kulkarni,bhavyakulkarni50@gmail.com,9119896643,Female,Thiruvananthapuram,2019-08-28
1178,Karan Joshi,karanjoshi@gmail.com,9464102089,Male,Indore,2025-11-08
1179,Komal Joshi,komaljoshi65@gmail.com,9093590946,Female,Thiruvananthapuram,2019-06-09
1180,Kumaresan Sundaram,kumaresansundaram969@gmail.com,9146257723,Male,Indore,2025-10-14
1181,Vijay Kumar,vijaykumar@gmail.com,9163171761,Male,Thiruvananthapuram,2025-01-29
1182,Shreya Patel,shreyapatel990@gmail.com,9688691168,Female,Pune,2025-11-04
1183,Dev Mishra,devmishra708@gmail.com,9688722459,Male,Tiruchirappalli,2022-06-15
1184,Harsh Joshi,harshjoshi@gmail.com,9167151830,Male,Tiruchirappalli,2019-05-26
1185,Selvam Venkatesan,selvamvenkatesan844@gmail.com,9929661086,Male,Indore,2022-11-16
1186,Geetha Chandrasekar,geethachandrasekar206@gmail.com,9371292619,Female,Visakhapatnam,2023-09-14
1187,Dev Reddy,devreddy@gmail.com,9156718961,Male,Thiruvananthapuram,2021-12-19
1188,Kalpana Balasubramaniam,kalpanabalasubramaniam346@gmail.com,9269287470,Female,Indore,2019-04-15
1189,Harish Annamalai,harishannamalai108@gmail.com,9806253151,Male,Bhopal,2018-10-21
1190,Ravi Chopra,ravichopra521@gmail.com,9762843077,Male,Coimbatore,2022-01-20
1191,Shalini Annamalai,shaliniannamalai@gmail.com,9600920763,Female,Kolkata,2018-03-11
1192,Varun Saxena,varunsaxena606@gmail.com,9353140124,Male,Mumbai,2025-06-23
1193,Nithish Krishnan,nithishkrishnan@gmail.com,9703957494,Male,Mysuru,2024-05-09
1194,Abirami Subramaniam,abiramisubramaniam76@gmail.com,9144067166,Female,Chennai,2023-03-01
1195,Simran Bansal,simranbansal665@gmail.com,9538996963,Female,Bengaluru,2024-10-04
1196,Varun Kapoor,varunkapoor@gmail.com,9057532115,Male,Lucknow,2018-04-07
1197,Poornima Chettiar,poornimachettiar577@gmail.com,9672001943,Female,Mysuru,2025-06-18
1198,Padma Natarajan,padmanatarajan461@gmail.com,9980833608,Female,Coimbatore,2018-04-05
1199,Selvi Sivaraman,selvisivaraman396@gmail.com,9956941661,Female,Visakhapatnam,2022-04-07
1200,Suresh Sivaraman,sureshsivaraman@gmail.com,9403154642,Male,Madurai,2021-07-10
1201,Payal Shetty,payalshetty584@gmail.com,9763262978,Female,Ahmedabad,2026-05-11
1202,Gopinath Annamalai,gopinathannamalai@gmail.com,9863957278,Male,Kolkata,2024-06-26
1203,Abirami Chettiar,abiramichettiar271@gmail.com,9078612551,Female,Thiruvananthapuram,2023-05-08
1204,Vinay Trivedi,vinaytrivedi535@gmail.com,9590199740,Male,Mumbai,2019-04-17
1205,Preeti Kapoor,preetikapoor@gmail.com,9832743817,Female,Coimbatore,2020-09-28
1206,Sathish Natarajan,sathishnatarajan312@gmail.com,9307200881,Male,Chandigarh,2019-04-16
1207,Karan Kapoor,karankapoor886@gmail.com,9373336409,Male,Madurai,2024-06-07
1208,Sunil Chatterjee,sunilchatterjee@gmail.com,9223302538,Male,Ahmedabad,2020-01-22
1209,Sandeep Deshpande,sandeepdeshpande139@gmail.com,9023222136,Male,Visakhapatnam,2024-07-01
1210,Vasanthi Annamalai,vasanthiannamalai852@gmail.com,9059937183,Female,Nagpur,2018-07-25
1211,Amit Trivedi,amittrivedi499@gmail.com,9424102315,Male,Lucknow,2018-07-12
1212,Palanisamy Balasubramaniam,palanisamybalasubramaniam433@gmail.com,9317777119,Male,Surat,2020-08-15
1213,Dinesh Mudaliar,dineshmudaliar111@gmail.com,9282224066,Male,Vijayawada,2023-02-12
1214,Ananya Joshi,ananyajoshi146@gmail.com,9763827162,Female,Madurai,2019-12-10
1215,Harsh Mukherjee,harshmukherjee@gmail.com,9422791120,Male,Nagpur,2026-04-25
1216,Rajkumar Iyer,rajkumariyer678@gmail.com,9728087928,Male,Salem,2026-03-08
1217,Naveen Trivedi,naveentrivedi508@gmail.com,9321768903,Male,Mysuru,2020-07-20
1218,Karpagam Venkatesan,karpagamvenkatesan@gmail.com,9591309733,Female,Mysuru,2021-02-28
1219,Sanya Bose,sanyabose@gmail.com,9221597009,Female,Bengaluru,2023-12-15
1220,Sneha Nair,snehanair705@gmail.com,9587099088,Female,Tiruchirappalli,2021-04-08
1221,Nikhil Mishra,nikhilmishra@gmail.com,9196613874,Male,Mumbai,2019-12-20
1222,Varun Bose,varunbose168@gmail.com,9081116628,Male,Kochi,2020-02-27
1223,Aryan Chatterjee,aryanchatterjee201@gmail.com,9223883845,Male,Jaipur,2018-02-18
1224,Nithya Murugan,nithyamurugan629@gmail.com,9676073742,Female,Visakhapatnam,2020-01-15
1225,Uma Iyer,umaiyer613@gmail.com,9742443195,Female,Chennai,2022-09-10
1226,Siddharth Bansal,siddharthbansal@gmail.com,9816591209,Male,Chandigarh,2022-08-09
1227,Yuvaraj Mudaliar,yuvarajmudaliar@gmail.com,9652268616,Male,Ahmedabad,2025-06-13
1228,Sivakumar Raj,sivakumarraj@gmail.com,9256502167,Male,Coimbatore,2018-06-28
1229,Vandana Shetty,vandanashetty@gmail.com,9806119107,Female,Vellore,2025-06-07
1230,Vinay Patel,vinaypatel557@gmail.com,9444815525,Male,Kochi,2021-06-20
1231,Komal Pillai,komalpillai44@gmail.com,9719946485,Female,Chandigarh,2026-04-06
1232,Meghana Shetty,meghanashetty@gmail.com,9375726119,Female,Hyderabad,2020-01-04
1233,Karthik Naidu,karthiknaidu47@gmail.com,9265717995,Male,Visakhapatnam,2019-04-04
1234,Arunachalam Sundaram,arunachalamsundaram@gmail.com,9755655651,Male,Thiruvananthapuram,2024-02-29
1235,Chandran Pandian,chandranpandian756@gmail.com,9610097513,Male,Bengaluru,2018-01-16
1236,Aishwarya Menon,aishwaryamenon241@gmail.com,9503698665,Female,Surat,2018-09-13
1237,Kannappan Sivaraman,kannappansivaraman843@gmail.com,9442289286,Male,Kochi,2025-07-20
1238,Ravichandran Pandian,ravichandranpandian86@gmail.com,9568997714,Male,Pune,2022-11-13
1239,Neha Sharma,nehasharma195@gmail.com,9151971687,Female,Pune,2021-12-01
1240,Vetrivel Thiagarajan,vetrivelthiagarajan542@gmail.com,9477909436,Male,Vijayawada,2026-06-22
1241,Isha Sharma,ishasharma957@gmail.com,9516276444,Female,Salem,2023-08-23
1242,Yuvaraj Pandian,yuvarajpandian547@gmail.com,9652616981,Male,Kochi,2022-03-24
1243,Komal Chopra,komalchopra783@gmail.com,9185032658,Female,Mumbai,2021-11-07
1244,Suganya Ramanathan,suganyaramanathan652@gmail.com,9042180247,Female,Vijayawada,2022-09-29
1245,Shanthi Natarajan,shanthinatarajan497@gmail.com,9007464568,Female,Ahmedabad,2022-07-20
1246,Jothi Iyengar,jothiiyengar822@gmail.com,9534285627,Female,Mysuru,2023-12-25
1247,Gaurav Mukherjee,gauravmukherjee29@gmail.com,9237168831,Male,Coimbatore,2019-11-03
1248,Devika Kumar,devikakumar@gmail.com,9260815257,Female,Chennai,2024-03-28
1249,Aditya Kapoor,adityakapoor683@gmail.com,9856728954,Male,Pune,2018-03-01
1250,Tarun Menon,tarunmenon@gmail.com,9000336187,Male,Lucknow,2025-03-27
1251,Selvam Reddy,selvamreddy@gmail.com,9571458945,Male,Vellore,2026-07-15
1252,Namrata Sharma,namratasharma544@gmail.com,9446017481,Female,Pune,2021-01-16
1253,Geetha Pillai,geethapillai961@gmail.com,9046959833,Female,Coimbatore,2022-03-28
1254,Manoj Singh,manojsingh@gmail.com,9358197181,Male,Chennai,2021-09-20
1255,Loganathan Venkatesan,loganathanvenkatesan451@gmail.com,9723932732,Male,Vijayawada,2021-08-29
1256,Kannan Rangan,kannanrangan@gmail.com,9089272188,Male,Coimbatore,2018-01-14
1257,Deepak Iyer,deepakiyer953@gmail.com,9897271944,Male,Kolkata,2024-01-05
1258,Harsh Kapoor,harshkapoor329@gmail.com,9515363734,Male,Vellore,2021-09-04
1259,Divya Sundaram,divyasundaram49@gmail.com,9352422327,Female,Ahmedabad,2022-12-01
1260,Devika Rajan,devikarajan@gmail.com,9385129234,Female,Mysuru,2018-05-05
1261,Baskaran Iyengar,baskaraniyengar895@gmail.com,9762699404,Male,Mysuru,2019-12-19
1262,Saravanan Krishnan,saravanankrishnan202@gmail.com,9084301433,Male,Bhopal,2020-05-21
1263,Preeti Menon,preetimenon525@gmail.com,9058361230,Female,Tiruchirappalli,2022-12-19
1264,Ritu Menon,ritumenon@gmail.com,9992816237,Female,Kolkata,2021-10-30
1265,Ishaan Saxena,ishaansaxena707@gmail.com,9005320986,Male,Jaipur,2019-11-02
1266,Vinay Mishra,vinaymishra535@gmail.com,9226375569,Male,Bhopal,2024-11-24
1267,Aarti Mehta,aartimehta898@gmail.com,9374657151,Female,Nagpur,2018-07-30
1268,Velmurugan Thiagarajan,velmuruganthiagarajan749@gmail.com,9566601516,Male,Salem,2018-12-02
1269,Sumathi Chandrasekar,sumathichandrasekar307@gmail.com,9923029471,Female,Kochi,2023-11-14
1270,Srinivasan Iyengar,srinivasaniyengar215@gmail.com,9534575698,Male,Madurai,2021-01-31
1271,Pallavi Pillai,pallavipillai@gmail.com,9768858845,Female,Lucknow,2021-07-16
1272,Rohit Deshpande,rohitdeshpande213@gmail.com,9270835774,Male,Thiruvananthapuram,2018-02-18
1273,Vasanthi Murugan,vasanthimurugan125@gmail.com,9125095893,Female,Indore,2021-07-14
1274,Kamakshi Kumar,kamakshikumar707@gmail.com,9587870382,Female,Visakhapatnam,2023-03-04
1275,Anandan Sivaraman,anandansivaraman544@gmail.com,9434906555,Male,Delhi,2021-12-17
1276,Vivek Chatterjee,vivekchatterjee@gmail.com,9338790626,Male,Madurai,2025-04-19
1277,Komal Chopra,komalchopra@gmail.com,9413812360,Female,Hyderabad,2023-09-13
1278,Saravanan Sundaram,saravanansundaram@gmail.com,9159643210,Male,Kolkata,2020-11-16
1279,Yash Gupta,yashgupta@gmail.com,9194962589,Male,Vijayawada,2020-12-23
1280,Vikram Verma,vikramverma@gmail.com,9504224218,Male,Bengaluru,2020-12-14
1281,Aarti Singh,aartisingh593@gmail.com,9232047446,Female,Bhopal,2024-10-21
1282,Ravi Agarwal,raviagarwal879@gmail.com,9264239178,Male,Chandigarh,2021-09-08
1283,Amudha Rajan,amudharajan910@gmail.com,9164551138,Female,Kolkata,2026-01-31
1284,Muthu Natarajan,muthunatarajan536@gmail.com,9952463572,Male,Ahmedabad,2026-07-14
1285,Geetha Rajan,geetharajan@gmail.com,9009935640,Female,Mysuru,2019-06-08
1286,Geetha Annamalai,geethaannamalai@gmail.com,9026188673,Female,Salem,2019-07-03
1287,Sathish Raj,sathishraj@gmail.com,9745702292,Male,Mysuru,2025-03-19
1288,Ravichandran Sivaraman,ravichandransivaraman102@gmail.com,9991290751,Male,Kochi,2020-11-13
1289,Kalpana Gounder,kalpanagounder@gmail.com,9421228624,Female,Bengaluru,2023-12-26
1290,Prakash Reddy,prakashreddy102@gmail.com,9624136191,Male,Coimbatore,2018-05-11
1291,Swati Chopra,swatichopra425@gmail.com,9703450343,Female,Coimbatore,2019-01-28
1292,Sumathi Annamalai,sumathiannamalai13@gmail.com,9046070411,Female,Mysuru,2022-04-09
1293,Naveen Kulkarni,naveenkulkarni@gmail.com,9311828724,Male,Bengaluru,2023-07-25
1294,Harsh Menon,harshmenon71@gmail.com,9402209872,Male,Hyderabad,2020-01-23
1295,Vasanthi Murugan,vasanthimurugan277@gmail.com,9717975387,Female,Tiruchirappalli,2020-01-09
1296,Kritika Pandey,kritikapandey@gmail.com,9630940487,Female,Chennai,2025-08-05
1297,Selvam Sivaraman,selvamsivaraman@gmail.com,9510151959,Male,Madurai,2019-12-01
1298,Vasanthi Chandrasekar,vasanthichandrasekar751@gmail.com,9654448961,Female,Salem,2022-04-03
1299,Vikas Agarwal,vikasagarwal@gmail.com,9407469910,Male,Ahmedabad,2024-12-13
1300,Prakash Kumar,prakashkumar@gmail.com,9575889396,Male,Delhi,2021-08-28
1301,Sathish Subramaniam,sathishsubramaniam460@gmail.com,9901294217,Male,Chennai,2019-11-20
1302,Ajay Bose,ajaybose703@gmail.com,9910902200,Male,Vellore,2022-03-24
1303,Ankit Joshi,ankitjoshi@gmail.com,9105579117,Male,Chennai,2024-07-02
1304,Loganathan Pillai,loganathanpillai143@gmail.com,9624869547,Male,Coimbatore,2022-05-10
1305,Srinivasan Mudaliar,srinivasanmudaliar@gmail.com,9999854220,Male,Surat,2024-08-11
1306,Swati Bhatt,swatibhatt@gmail.com,9089008365,Female,Lucknow,2025-10-14
1307,Vidya Chandrasekar,vidyachandrasekar825@gmail.com,9391280332,Female,Vijayawada,2022-08-11
1308,Sivakumar Natarajan,sivakumarnatarajan257@gmail.com,9282447052,Male,Indore,2026-02-01
1309,Vinay Deshpande,vinaydeshpande@gmail.com,9596557918,Male,Hyderabad,2018-05-18
1310,Shalini Krishnan,shalinikrishnan@gmail.com,9312961392,Female,Salem,2018-03-13
1311,Vijay Balasubramaniam,vijaybalasubramaniam@gmail.com,9795356967,Male,Jaipur,2021-11-18
1312,Ganesan Rajan,ganesanrajan63@gmail.com,9410400554,Male,Chennai,2019-01-03
1313,Dinesh Natarajan,dineshnatarajan948@gmail.com,9600099707,Male,Vijayawada,2026-06-05
1314,Geetha Naidu,geethanaidu@gmail.com,9086894263,Female,Chennai,2019-03-15
1315,Arun Gounder,arungounder762@gmail.com,9799382390,Male,Vijayawada,2023-12-31
1316,Kumaresan Chandrasekar,kumaresanchandrasekar@gmail.com,9686140348,Male,Lucknow,2025-11-02
1317,Vandana Patel,vandanapatel@gmail.com,9098845587,Female,Ahmedabad,2023-04-23
1318,Ishita Mehta,ishitamehta655@gmail.com,9204983599,Female,Hyderabad,2020-08-21
1319,Manisha Iyer,manishaiyer@gmail.com,9347311074,Female,Kolkata,2024-10-12
1320,Geetha Natarajan,geethanatarajan18@gmail.com,9962287174,Female,Delhi,2024-02-18
1321,Thangaraj Nair,thangarajnair@gmail.com,9622675887,Male,Vellore,2023-10-18
1322,Kavya Bansal,kavyabansal@gmail.com,9427301008,Female,Lucknow,2021-06-27
1323,Vishal Gupta,vishalgupta191@gmail.com,9207069482,Male,Hyderabad,2019-02-16
1324,Meena Iyengar,meenaiyengar@gmail.com,9925556908,Female,Coimbatore,2018-02-24
1325,Ravichandran Rajan,ravichandranrajan@gmail.com,9740875078,Male,Chandigarh,2022-05-09
1326,Siddharth Pandey,siddharthpandey770@gmail.com,9972529458,Male,Chennai,2025-01-19
1327,Velmurugan Mudaliar,velmuruganmudaliar@gmail.com,9570956850,Male,Hyderabad,2023-04-01
1328,Karan Singh,karansingh109@gmail.com,9455748125,Male,Chandigarh,2024-08-05
1329,Amudha Chandrasekar,amudhachandrasekar@gmail.com,9132448807,Female,Mysuru,2018-03-03
1330,Aarti Shetty,aartishetty33@gmail.com,9066271891,Female,Bengaluru,2022-05-20
1331,Varun Mishra,varunmishra392@gmail.com,9582608634,Male,Visakhapatnam,2019-04-30
1332,Abhishek Chatterjee,abhishekchatterjee899@gmail.com,9900142104,Male,Chennai,2020-06-10
1333,Nithish Subramaniam,nithishsubramaniam915@gmail.com,9722715215,Male,Ahmedabad,2023-08-24
1334,Arun Naidu,arunnaidu757@gmail.com,9480080193,Male,Thiruvananthapuram,2022-02-02
1335,Anjali Chatterjee,anjalichatterjee237@gmail.com,9698250388,Female,Kolkata,2023-08-05
1336,Vidya Krishnan,vidyakrishnan828@gmail.com,9549323791,Female,Mysuru,2018-11-09
1337,Aishwarya Menon,aishwaryamenon519@gmail.com,9031867842,Female,Kochi,2018-03-19
1338,Naveen Pandian,naveenpandian863@gmail.com,9974413402,Male,Vellore,2023-03-15
1339,Gopinath Chandrasekar,gopinathchandrasekar545@gmail.com,9974724320,Male,Mumbai,2022-12-17
1340,Komal Reddy,komalreddy333@gmail.com,9763112764,Female,Hyderabad,2023-01-21
1341,Pankaj Verma,pankajverma439@gmail.com,9206324082,Male,Jaipur,2020-05-02
1342,Sangeetha Gounder,sangeethagounder224@gmail.com,9845408675,Female,Vellore,2022-05-31
1343,Karthikeyan Mudaliar,karthikeyanmudaliar797@gmail.com,9207696124,Male,Madurai,2021-09-02
1344,Geetha Chandrasekar,geethachandrasekar@gmail.com,9163475843,Female,Kolkata,2019-10-13
1345,Ritu Chatterjee,rituchatterjee248@gmail.com,9851124842,Female,Coimbatore,2025-12-02
1346,Nithish Pillai,nithishpillai109@gmail.com,9788646911,Male,Chandigarh,2021-04-21
1347,Vinay Malhotra,vinaymalhotra@gmail.com,9255239890,Male,Nagpur,2020-01-04
1348,Saravanan Thiagarajan,saravananthiagarajan985@gmail.com,9970981340,Male,Vijayawada,2024-02-16
1349,Tarun Joshi,tarunjoshi778@gmail.com,9029418030,Male,Coimbatore,2021-04-07
1350,Murugan Sundaram,murugansundaram@gmail.com,9932181249,Male,Mysuru,2018-01-22
1351,Aditya Bose,adityabose@gmail.com,9921378516,Male,Thiruvananthapuram,2024-10-12
1352,Karthikeyan Iyer,karthikeyaniyer506@gmail.com,9181582627,Male,Vijayawada,2018-09-01
1353,Yash Joshi,yashjoshi@gmail.com,9318539527,Male,Nagpur,2022-03-11
1354,Arun Subramaniam,arunsubramaniam446@gmail.com,9307978000,Male,Visakhapatnam,2019-02-28
1355,Sandeep Mehta,sandeepmehta926@gmail.com,9382862595,Male,Mumbai,2019-10-05
1356,Swati Iyer,swatiiyer@gmail.com,9920136380,Female,Surat,2026-03-07
1357,Gaurav Kapoor,gauravkapoor700@gmail.com,9824555621,Male,Chandigarh,2020-10-02
1358,Gaurav Shetty,gauravshetty@gmail.com,9951805792,Male,Hyderabad,2021-01-08
1359,Dhanalakshmi Kumar,dhanalakshmikumar342@gmail.com,9739669124,Female,Delhi,2018-11-05
1360,Dhanalakshmi Gounder,dhanalakshmigounder@gmail.com,9001720246,Female,Bengaluru,2024-07-28
1361,Velmurugan Raj,velmuruganraj103@gmail.com,9424982365,Male,Kochi,2020-10-28
1362,Vidya Sivaraman,vidyasivaraman@gmail.com,9618205689,Female,Jaipur,2019-07-17
1363,Nithya Sivaraman,nithyasivaraman@gmail.com,9323002716,Female,Ahmedabad,2020-08-31
1364,Velmurugan Krishnan,velmurugankrishnan473@gmail.com,9626162195,Male,Pune,2025-12-10
1365,Ishita Kapoor,ishitakapoor553@gmail.com,9757935446,Female,Nagpur,2020-03-23
1366,Sandeep Saxena,sandeepsaxena572@gmail.com,9408914524,Male,Coimbatore,2023-10-30
1367,Manisha Menon,manishamenon@gmail.com,9517176744,Female,Mumbai,2018-03-15
1368,Sangeetha Ramanathan,sangeetharamanathan173@gmail.com,9398633735,Female,Mumbai,2020-01-22
1369,Anitha Rangan,anitharangan@gmail.com,9766182145,Female,Kolkata,2020-01-09
1370,Vijay Annamalai,vijayannamalai@gmail.com,9905100741,Male,Visakhapatnam,2022-12-22
1371,Ganesan Murugan,ganesanmurugan@gmail.com,9838931086,Male,Chennai,2026-01-16
1372,Vivek Bose,vivekbose589@gmail.com,9232612405,Male,Kochi,2018-01-24
1373,Karthik Subramaniam,karthiksubramaniam@gmail.com,9403497809,Male,Hyderabad,2022-05-21
1374,Latha Sivaraman,lathasivaraman11@gmail.com,9034144412,Female,Bengaluru,2020-04-22
1375,Vikram Sharma,vikramsharma812@gmail.com,9620412038,Male,Ahmedabad,2019-04-22
1376,Thangaraj Krishnan,thangarajkrishnan398@gmail.com,9544908222,Male,Surat,2018-07-04
1377,Manisha Gupta,manishagupta879@gmail.com,9354984612,Female,Mumbai,2018-06-18
1378,Kannan Sundaram,kannansundaram80@gmail.com,9712431854,Male,Chandigarh,2018-02-14
1379,Naveen Chandrasekar,naveenchandrasekar764@gmail.com,9281506157,Male,Kolkata,2018-09-16
1380,Aryan Mishra,aryanmishra@gmail.com,9538491323,Male,Nagpur,2024-10-07
1381,Aditya Saxena,adityasaxena489@gmail.com,9524386724,Male,Vellore,2020-12-08
1382,Meena Reddy,meenareddy85@gmail.com,9546882446,Female,Kochi,2026-06-20
1383,Ramesh Gounder,rameshgounder904@gmail.com,9658759146,Male,Nagpur,2019-03-27
1384,Pankaj Kapoor,pankajkapoor@gmail.com,9485093743,Male,Coimbatore,2020-07-22
1385,Chandran Natarajan,chandrannatarajan217@gmail.com,9044284795,Male,Hyderabad,2020-01-20
1386,Ravichandran Natarajan,ravichandrannatarajan795@gmail.com,9005553535,Male,Coimbatore,2022-05-06
1387,Ritu Bhatt,ritubhatt174@gmail.com,9668543739,Female,Jaipur,2018-03-31
1388,Riya Pillai,riyapillai@gmail.com,9428470864,Female,Vijayawada,2022-05-20
1389,Suresh Chandrasekar,sureshchandrasekar@gmail.com,9759801857,Male,Vellore,2024-11-26
1390,Ishaan Pillai,ishaanpillai164@gmail.com,9454382844,Male,Chennai,2023-12-27
1391,Meghana Mishra,meghanamishra@gmail.com,9420756690,Female,Chandigarh,2020-08-30
1392,Iniya Sivaraman,iniyasivaraman@gmail.com,9276403168,Female,Salem,2020-02-17
1393,Vetrivel Subramaniam,vetrivelsubramaniam@gmail.com,9929727867,Male,Visakhapatnam,2025-08-10
1394,Kannappan Rajan,kannappanrajan515@gmail.com,9806922185,Male,Chandigarh,2026-07-05
1395,Nithish Chettiar,nithishchettiar595@gmail.com,9969600971,Male,Coimbatore,2024-09-19
1396,Prakash Kumar,prakashkumar50@gmail.com,9255589011,Male,Mumbai,2024-09-26
1397,Bhavya Shetty,bhavyashetty853@gmail.com,9257084569,Female,Nagpur,2020-01-24
1398,Pooja Gupta,poojagupta3@gmail.com,9451588143,Female,Chennai,2024-04-02
1399,Karthik Nair,karthiknair468@gmail.com,9071919223,Male,Surat,2022-04-12
1400,Kunal Agarwal,kunalagarwal897@gmail.com,9401726626,Male,Lucknow,2020-05-30
1401,Ritu Gupta,ritugupta160@gmail.com,9942195487,Female,Pune,2024-11-03
1402,Aarti Sharma,aartisharma@gmail.com,9723883327,Female,Kolkata,2023-08-16
1403,Tarun Menon,tarunmenon696@gmail.com,9024788518,Male,Nagpur,2023-01-25
1404,Yamuna Chettiar,yamunachettiar410@gmail.com,9499204479,Female,Vijayawada,2021-03-08
1405,Yuvaraj Naidu,yuvarajnaidu497@gmail.com,9986179151,Male,Vijayawada,2024-04-27
1406,Murugan Reddy,muruganreddy@gmail.com,9495183999,Male,Bhopal,2019-09-25
1407,Palanisamy Thiagarajan,palanisamythiagarajan996@gmail.com,9357419432,Male,Vellore,2019-12-09
1408,Gopinath Balasubramaniam,gopinathbalasubramaniam98@gmail.com,9367951100,Male,Madurai,2021-04-01
1409,Devika Reddy,devikareddy@gmail.com,9670776887,Female,Nagpur,2018-10-17
1410,Karthik Iyengar,karthikiyengar589@gmail.com,9416515568,Male,Kochi,2021-05-02
1411,Manoj Reddy,manojreddy338@gmail.com,9671528099,Male,Vijayawada,2024-10-28
1412,Sunil Bansal,sunilbansal411@gmail.com,9199859868,Male,Kochi,2023-12-28
1413,Amit Desai,amitdesai252@gmail.com,9606494347,Male,Indore,2026-03-20
1414,Ananya Reddy,ananyareddy@gmail.com,9941120163,Female,Kochi,2019-02-02
1415,Ashok Krishnan,ashokkrishnan994@gmail.com,9320569136,Male,Nagpur,2024-09-13
1416,Sameer Desai,sameerdesai@gmail.com,9417883826,Male,Chandigarh,2021-01-14
1417,Shanthi Thiagarajan,shanthithiagarajan426@gmail.com,9873090840,Female,Chandigarh,2024-10-27
1418,Aditya Deshpande,adityadeshpande874@gmail.com,9734268503,Male,Delhi,2020-11-13
1419,Rahul Bansal,rahulbansal522@gmail.com,9037783827,Male,Surat,2022-05-27
1420,Revathi Reddy,revathireddy@gmail.com,9440028038,Female,Bengaluru,2024-01-20
1421,Aditi Nair,aditinair808@gmail.com,9710565319,Female,Thiruvananthapuram,2018-06-13
1422,Kannappan Rangan,kannappanrangan@gmail.com,9966045136,Male,Jaipur,2019-01-06
1423,Kamakshi Sivaraman,kamakshisivaraman888@gmail.com,9227101928,Female,Vellore,2023-09-09
1424,Rohit Desai,rohitdesai@gmail.com,9764950616,Male,Madurai,2024-01-25
1425,Pooja Gupta,poojagupta@gmail.com,9813132301,Female,Kochi,2020-09-14
1426,Vikram Mishra,vikrammishra34@gmail.com,9246913640,Male,Tiruchirappalli,2021-01-21
1427,Meghana Desai,meghanadesai982@gmail.com,9786616140,Female,Kochi,2026-05-14
1428,Ishaan Kapoor,ishaankapoor591@gmail.com,9284348137,Male,Kochi,2018-01-12
1429,Priya Pillai,priyapillai76@gmail.com,9731454234,Female,Jaipur,2018-08-01
1430,Vasanthi Reddy,vasanthireddy@gmail.com,9831566486,Female,Nagpur,2019-05-10
1431,Aman Verma,amanverma169@gmail.com,9076116367,Male,Salem,2026-06-28
1432,Diya Mishra,diyamishra@gmail.com,9858906508,Female,Salem,2021-11-29
1433,Ishita Kapoor,ishitakapoor@gmail.com,9269025669,Female,Pune,2023-10-06
1434,Karthik Venkatesan,karthikvenkatesan736@gmail.com,9536528239,Male,Mumbai,2019-11-19
1435,Amudha Balasubramaniam,amudhabalasubramaniam323@gmail.com,9632814150,Female,Chennai,2021-04-28
1436,Riya Mukherjee,riyamukherjee944@gmail.com,9413933096,Female,Madurai,2022-12-13
1437,Amit Bhatt,amitbhatt97@gmail.com,9305531325,Male,Ahmedabad,2022-12-17
1438,Poornima Chettiar,poornimachettiar375@gmail.com,9263995345,Female,Thiruvananthapuram,2018-11-24
1439,Padma Sivaraman,padmasivaraman220@gmail.com,9431287465,Female,Kochi,2024-02-19
1440,Thangaraj Kumar,thangarajkumar994@gmail.com,9274475206,Male,Nagpur,2020-01-31
1441,Manikandan Pandian,manikandanpandian223@gmail.com,9186647158,Male,Ahmedabad,2020-11-27
1442,Palanisamy Pillai,palanisamypillai@gmail.com,9789846511,Male,Tiruchirappalli,2020-08-27
1443,Kannappan Mudaliar,kannappanmudaliar48@gmail.com,9160060417,Male,Mumbai,2023-10-16
1444,Uma Naidu,umanaidu73@gmail.com,9658063308,Female,Visakhapatnam,2021-11-02
1445,Vivek Deshpande,vivekdeshpande332@gmail.com,9466291087,Male,Pune,2020-05-24
1446,Chandran Venkatesan,chandranvenkatesan155@gmail.com,9944294760,Male,Kochi,2022-07-04
1447,Ananya Deshpande,ananyadeshpande4@gmail.com,9232733671,Female,Ahmedabad,2018-12-14
1448,Pankaj Bose,pankajbose@gmail.com,9826847544,Male,Lucknow,2024-05-20
1449,Rohit Pillai,rohitpillai@gmail.com,9824863884,Male,Kolkata,2022-08-14
1450,Velmurugan Chettiar,velmuruganchettiar@gmail.com,9451996545,Male,Mysuru,2025-12-10
1451,Payal Menon,payalmenon724@gmail.com,9507880276,Female,Hyderabad,2022-09-04
1452,Sangeetha Pillai,sangeethapillai999@gmail.com,9581175956,Female,Bhopal,2019-03-04
1453,Tanvi Deshpande,tanvideshpande@gmail.com,9200646919,Female,Nagpur,2023-12-16
1454,Meghana Mehta,meghanamehta952@gmail.com,9637760551,Female,Hyderabad,2020-04-19
1455,Radhika Venkatesan,radhikavenkatesan338@gmail.com,9692306917,Female,Nagpur,2025-03-16
1456,Devika Thiagarajan,devikathiagarajan614@gmail.com,9582065665,Female,Kochi,2020-02-29
1457,Kabir Shetty,kabirshetty158@gmail.com,9280551040,Male,Vijayawada,2021-08-14
1458,Sanya Joshi,sanyajoshi417@gmail.com,9936533783,Female,Mumbai,2020-11-09
1459,Priya Murugan,priyamurugan@gmail.com,9537451634,Female,Lucknow,2020-11-11
1460,Kalpana Chettiar,kalpanachettiar267@gmail.com,9056908824,Female,Mysuru,2022-10-11
1461,Kannan Mudaliar,kannanmudaliar889@gmail.com,9000218291,Male,Delhi,2023-10-01
1462,Lakshmi Annamalai,lakshmiannamalai749@gmail.com,9065068726,Female,Chennai,2024-07-19
1463,Komal Mishra,komalmishra497@gmail.com,9898812951,Female,Lucknow,2022-05-14
1464,Padma Mudaliar,padmamudaliar476@gmail.com,9273625954,Female,Indore,2020-07-01
1465,Pallavi Kapoor,pallavikapoor644@gmail.com,9706416268,Female,Coimbatore,2020-08-13
1466,Baskaran Balasubramaniam,baskaranbalasubramaniam144@gmail.com,9328013007,Male,Bhopal,2023-02-27
1467,Kamakshi Sundaram,kamakshisundaram@gmail.com,9396087967,Female,Delhi,2018-01-16
1468,Arjun Menon,arjunmenon895@gmail.com,9359142718,Male,Chennai,2026-04-07
1469,Anjali Chatterjee,anjalichatterjee287@gmail.com,9144928463,Female,Mumbai,2024-08-15
1470,Amit Malhotra,amitmalhotra@gmail.com,9897051788,Male,Jaipur,2024-04-25
1471,Saranya Natarajan,saranyanatarajan956@gmail.com,9411724455,Female,Hyderabad,2019-12-03
1472,Sundar Kumar,sundarkumar@gmail.com,9874887646,Male,Mysuru,2021-02-23
1473,Ritu Kapoor,ritukapoor73@gmail.com,9644350885,Female,Bhopal,2018-06-12
1474,Aarti Agarwal,aartiagarwal@gmail.com,9536535673,Female,Kochi,2024-03-02
1475,Palanisamy Subramaniam,palanisamysubramaniam211@gmail.com,9589631561,Male,Indore,2025-06-28
1476,Kunal Bose,kunalbose@gmail.com,9851575367,Male,Vellore,2026-08-08
1477,Rohan Trivedi,rohantrivedi8@gmail.com,9937901414,Male,Hyderabad,2024-08-11
1478,Vetrivel Nair,vetrivelnair@gmail.com,9959439923,Male,Vijayawada,2023-07-04
1479,Keerthana Pandian,keerthanapandian802@gmail.com,9729360421,Female,Mumbai,2025-05-19
1480,Anandan Mudaliar,anandanmudaliar698@gmail.com,9836010468,Male,Pune,2023-10-17
1481,Nisha Rao,nisharao215@gmail.com,9100896779,Female,Indore,2021-08-14
1482,Kannappan Sundaram,kannappansundaram@gmail.com,9639500684,Male,Salem,2024-01-12
1483,Anil Nair,anilnair310@gmail.com,9863529529,Male,Pune,2022-09-30
1484,Komal Sharma,komalsharma@gmail.com,9213246839,Female,Lucknow,2023-01-30
1485,Anil Pandey,anilpandey107@gmail.com,9597205059,Male,Bhopal,2021-05-31
1486,Nikhil Nair,nikhilnair@gmail.com,9087037557,Male,Chennai,2023-03-27
1487,Sivakumar Krishnan,sivakumarkrishnan399@gmail.com,9117556947,Male,Surat,2019-04-16
1488,Priya Mudaliar,priyamudaliar@gmail.com,9115050829,Female,Pune,2026-07-24
1489,Ishita Desai,ishitadesai@gmail.com,9872568271,Female,Thiruvananthapuram,2019-05-29
1490,Malathi Iyengar,malathiiyengar30@gmail.com,9848390757,Female,Mumbai,2019-04-23
1491,Velmurugan Sundaram,velmurugansundaram@gmail.com,9794909792,Male,Coimbatore,2019-07-05
1492,Karthikeyan Nair,karthikeyannair@gmail.com,9508244243,Male,Thiruvananthapuram,2018-03-08
1493,Velmurugan Balasubramaniam,velmuruganbalasubramaniam124@gmail.com,9201280333,Male,Ahmedabad,2019-07-28
1494,Neha Bansal,nehabansal@gmail.com,9412573936,Female,Jaipur,2021-12-29
1495,Pradeep Pandey,pradeeppandey872@gmail.com,9882028783,Male,Mumbai,2026-05-02
1496,Uma Annamalai,umaannamalai799@gmail.com,9268315553,Female,Chandigarh,2020-09-14
1497,Manikandan Chettiar,manikandanchettiar@gmail.com,9706281027,Male,Salem,2023-11-25
1498,Aishwarya Iyer,aishwaryaiyer@gmail.com,9800324401,Female,Visakhapatnam,2023-12-05
1499,Meena Rajan,meenarajan549@gmail.com,9423539245,Female,Mumbai,2025-01-29
1500,Aryan Desai,aryandesai80@gmail.com,9506454178,Male,Vijayawada,2025-03-15
1501,Chandran Natarajan,chandrannatarajan251@gmail.com,9973271401,Male,Mumbai,2023-08-20
1502,Bhavya Chatterjee,bhavyachatterjee932@gmail.com,9669120214,Female,Tiruchirappalli,2018-05-31
1503,Gopinath Mudaliar,gopinathmudaliar580@gmail.com,9108428518,Male,Kolkata,2018-06-03
1504,Nikhil Shetty,nikhilshetty134@gmail.com,9113109778,Male,Bengaluru,2026-07-03
1505,Prakash Iyengar,prakashiyengar@gmail.com,9121139717,Male,Kolkata,2021-10-06
1506,Aishwarya Patel,aishwaryapatel@gmail.com,9137247154,Female,Delhi,2021-01-01
1507,Aman Malhotra,amanmalhotra@gmail.com,9764982563,Male,Surat,2023-04-17
1508,Mohan Mudaliar,mohanmudaliar393@gmail.com,9948504893,Male,Pune,2025-03-04
1509,Yash Bhatt,yashbhatt379@gmail.com,9245324927,Male,Vijayawada,2026-01-26
1510,Aishwarya Iyer,aishwaryaiyer716@gmail.com,9691675322,Female,Visakhapatnam,2026-06-20
1511,Dhanalakshmi Pillai,dhanalakshmipillai@gmail.com,9306864169,Female,Jaipur,2021-01-16
1512,Gaurav Bhatt,gauravbhatt513@gmail.com,9725417155,Male,Pune,2024-11-27
1513,Selvam Nair,selvamnair513@gmail.com,9037660242,Male,Hyderabad,2022-04-04
1514,Vijay Chandrasekar,vijaychandrasekar5@gmail.com,9926899083,Male,Kolkata,2024-06-08
1515,Prabhu Naidu,prabhunaidu@gmail.com,9177416879,Male,Indore,2019-11-05
1516,Meghana Malhotra,meghanamalhotra211@gmail.com,9911198580,Female,Kochi,2024-06-03
1517,Divya Ramanathan,divyaramanathan@gmail.com,9673246464,Female,Mysuru,2020-07-07
1518,Vetrivel Rajan,vetrivelrajan111@gmail.com,9175172670,Male,Chandigarh,2018-11-30
1519,Sathish Chettiar,sathishchettiar@gmail.com,9944892728,Male,Mysuru,2025-10-02
1520,Meena Raj,meenaraj506@gmail.com,9609904957,Female,Bhopal,2025-05-17
1521,Vivek Shetty,vivekshetty@gmail.com,9819158894,Male,Mysuru,2018-05-16
1522,Dev Verma,devverma@gmail.com,9197289321,Male,Coimbatore,2020-05-08
1523,Kamakshi Kumar,kamakshikumar580@gmail.com,9908909307,Female,Bengaluru,2025-11-14
1524,Vikram Iyer,vikramiyer802@gmail.com,9753801960,Male,Vellore,2024-03-25
1525,Prabhu Pillai,prabhupillai471@gmail.com,9821467694,Male,Vellore,2022-02-18
1526,Kamakshi Iyengar,kamakshiiyengar245@gmail.com,9590639637,Female,Ahmedabad,2019-11-25
1527,Vikram Malhotra,vikrammalhotra@gmail.com,9070334691,Male,Madurai,2022-07-24
1528,Aishwarya Mehta,aishwaryamehta180@gmail.com,9743013489,Female,Salem,2024-07-19
1529,Rajeswari Pandian,rajeswaripandian@gmail.com,9259203567,Female,Vijayawada,2023-01-24
1530,Namrata Chopra,namratachopra@gmail.com,9358816014,Female,Chandigarh,2025-04-30
1531,Kavitha Chettiar,kavithachettiar@gmail.com,9000299129,Female,Kochi,2023-09-17
1532,Nisha Verma,nishaverma525@gmail.com,9488068456,Female,Chandigarh,2019-02-15
1533,Vidya Murugan,vidyamurugan173@gmail.com,9171861111,Female,Hyderabad,2021-03-08
1534,Ravichandran Mudaliar,ravichandranmudaliar539@gmail.com,9195200754,Male,Bengaluru,2020-07-23
1535,Neha Chatterjee,nehachatterjee@gmail.com,9268933741,Female,Chandigarh,2025-03-19
1536,Aryan Menon,aryanmenon297@gmail.com,9176950750,Male,Mysuru,2018-03-12
1537,Prakash Rajan,prakashrajan932@gmail.com,9892037759,Male,Indore,2020-12-11
1538,Indumathi Annamalai,indumathiannamalai751@gmail.com,9810055602,Female,Lucknow,2023-08-01
1539,Nikhil Joshi,nikhiljoshi792@gmail.com,9112677292,Male,Thiruvananthapuram,2022-07-07
1540,Anandan Rangan,anandanrangan@gmail.com,9343560718,Male,Chennai,2022-09-13
1541,Sneha Chatterjee,snehachatterjee@gmail.com,9858437342,Female,Salem,2026-06-25
1542,Lakshmi Raj,lakshmiraj@gmail.com,9149452803,Female,Indore,2018-03-25
1543,Vasanthi Balasubramaniam,vasanthibalasubramaniam656@gmail.com,9632488188,Female,Mysuru,2021-03-01
1544,Bala Chettiar,balachettiar@gmail.com,9300073739,Male,Kochi,2024-09-25
1545,Anandan Mudaliar,anandanmudaliar867@gmail.com,9993853114,Male,Pune,2026-07-22
1546,Bala Balasubramaniam,balabalasubramaniam692@gmail.com,9539835852,Male,Kolkata,2018-03-24
1547,Ankit Mehta,ankitmehta707@gmail.com,9601496800,Male,Salem,2024-01-28
1548,Siddharth Pandey,siddharthpandey619@gmail.com,9288398791,Male,Pune,2024-07-29
1549,Prakash Rangan,prakashrangan842@gmail.com,9310051223,Male,Pune,2023-06-28
1550,Meena Murugan,meenamurugan@gmail.com,9076431376,Female,Visakhapatnam,2023-07-10
1551,Manikandan Gounder,manikandangounder317@gmail.com,9049810738,Male,Delhi,2019-07-14
1552,Sivakumar Venkatesan,sivakumarvenkatesan477@gmail.com,9950327847,Male,Bengaluru,2024-11-23
1553,Shreya Iyer,shreyaiyer717@gmail.com,9996944401,Female,Tiruchirappalli,2025-04-08
1554,Kavitha Annamalai,kavithaannamalai568@gmail.com,9073540701,Female,Madurai,2025-07-28
1555,Loganathan Rangan,loganathanrangan453@gmail.com,9064431145,Male,Nagpur,2019-09-29
1556,Varun Pillai,varunpillai738@gmail.com,9254902130,Male,Chennai,2026-05-16
1557,Anandan Chandrasekar,anandanchandrasekar584@gmail.com,9756870145,Male,Indore,2023-08-20
1558,Uma Pillai,umapillai774@gmail.com,9971626458,Female,Jaipur,2020-05-11
1559,Senthil Chandrasekar,senthilchandrasekar@gmail.com,9888142488,Male,Lucknow,2018-09-18
1560,Sathish Mudaliar,sathishmudaliar226@gmail.com,9994863769,Male,Kolkata,2023-12-07
1561,Dhanalakshmi Pandian,dhanalakshmipandian@gmail.com,9282313639,Female,Nagpur,2019-06-15
1562,Radhika Mudaliar,radhikamudaliar147@gmail.com,9804144452,Female,Jaipur,2025-11-16
1563,Aman Mukherjee,amanmukherjee@gmail.com,9621114730,Male,Hyderabad,2020-03-13
1564,Aarti Bansal,aartibansal707@gmail.com,9967099748,Female,Lucknow,2019-04-22
1565,Sneha Joshi,snehajoshi@gmail.com,9261258997,Female,Delhi,2022-12-27
1566,Ishaan Chatterjee,ishaanchatterjee325@gmail.com,9094743421,Male,Vellore,2022-10-13
1567,Ramesh Pillai,rameshpillai846@gmail.com,9188875523,Male,Kolkata,2024-02-03
1568,Muthu Pandian,muthupandian692@gmail.com,9507195476,Male,Visakhapatnam,2020-04-27
1569,Sumathi Venkatesan,sumathivenkatesan622@gmail.com,9988509927,Female,Coimbatore,2019-04-11
1570,Arunachalam Gounder,arunachalamgounder96@gmail.com,9993898082,Male,Bengaluru,2023-05-01
1571,Simran Chatterjee,simranchatterjee726@gmail.com,9650975772,Female,Indore,2018-10-07
1572,Sathish Nair,sathishnair916@gmail.com,9502356264,Male,Salem,2021-08-02
1573,Deepa Kumar,deepakumar13@gmail.com,9149344850,Female,Surat,2018-06-02
1574,Sanjay Chopra,sanjaychopra540@gmail.com,9662741539,Male,Vellore,2022-09-27
1575,Sundar Krishnan,sundarkrishnan395@gmail.com,9457214403,Male,Chennai,2021-09-25
1576,Gopinath Gounder,gopinathgounder69@gmail.com,9544133226,Male,Chandigarh,2026-07-15
1577,Sivakumar Reddy,sivakumarreddy97@gmail.com,9474503894,Male,Tiruchirappalli,2024-10-13
1578,Elango Murugan,elangomurugan@gmail.com,9529443582,Male,Jaipur,2018-10-13
1579,Diya Verma,diyaverma@gmail.com,9159490589,Female,Chennai,2024-01-02
1580,Priya Venkatesan,priyavenkatesan849@gmail.com,9288974991,Female,Chandigarh,2023-08-16
1581,Sangeetha Sivaraman,sangeethasivaraman669@gmail.com,9530609101,Female,Kolkata,2019-07-31
1582,Naveen Krishnan,naveenkrishnan@gmail.com,9607486906,Male,Visakhapatnam,2022-10-16
1583,Aman Trivedi,amantrivedi386@gmail.com,9363374066,Male,Vellore,2020-08-18
1584,Sathish Murugan,sathishmurugan@gmail.com,9719899371,Male,Salem,2024-12-31
1585,Ravi Patel,ravipatel594@gmail.com,9029743264,Male,Chandigarh,2019-04-13
1586,Dhanalakshmi Rajan,dhanalakshmirajan@gmail.com,9907038105,Female,Hyderabad,2022-07-02
1587,Diya Iyer,diyaiyer865@gmail.com,9434582252,Female,Tiruchirappalli,2019-01-01
1588,Sundar Reddy,sundarreddy94@gmail.com,9839799328,Male,Hyderabad,2018-04-04
1589,Ashok Sivaraman,ashoksivaraman@gmail.com,9641535289,Male,Thiruvananthapuram,2023-08-03
1590,Vignesh Annamalai,vigneshannamalai@gmail.com,9861560630,Male,Madurai,2024-08-10
1591,Kunal Rao,kunalrao@gmail.com,9184678612,Male,Vijayawada,2025-05-08
1592,Rajkumar Chandrasekar,rajkumarchandrasekar206@gmail.com,9800755525,Male,Vellore,2019-04-12
1593,Pankaj Shetty,pankajshetty991@gmail.com,9059262386,Male,Mumbai,2025-01-03
1594,Nikhil Verma,nikhilverma724@gmail.com,9244241907,Male,Madurai,2019-07-29
1595,Rohit Agarwal,rohitagarwal@gmail.com,9885789788,Male,Visakhapatnam,2020-06-21
1596,Amit Verma,amitverma698@gmail.com,9527284966,Male,Ahmedabad,2019-07-26
1597,Vikram Bose,vikrambose@gmail.com,9664486718,Male,Vijayawada,2023-05-16
1598,Ravichandran Reddy,ravichandranreddy129@gmail.com,9659425960,Male,Thiruvananthapuram,2025-05-05
1599,Manisha Trivedi,manishatrivedi@gmail.com,9911445606,Female,Delhi,2023-01-08
1600,Vasanthi Mudaliar,vasanthimudaliar@gmail.com,9566790258,Female,Nagpur,2024-01-03
1601,Anandan Balasubramaniam,anandanbalasubramaniam477@gmail.com,9136425159,Male,Mysuru,2018-04-11
1602,Shalini Sivaraman,shalinisivaraman298@gmail.com,9148735108,Female,Nagpur,2021-12-14
1603,Divya Rangan,divyarangan83@gmail.com,9683406706,Female,Kolkata,2021-01-09
1604,Velmurugan Rangan,velmuruganrangan504@gmail.com,9340201117,Male,Hyderabad,2021-10-24
1605,Jagadeesh Reddy,jagadeeshreddy37@gmail.com,9417066112,Male,Delhi,2022-07-30
1606,Harsh Sharma,harshsharma@gmail.com,9809601213,Male,Visakhapatnam,2022-10-01
1607,Sundar Sundaram,sundarsundaram@gmail.com,9476963868,Male,Chandigarh,2021-02-08
1608,Iniya Gounder,iniyagounder695@gmail.com,9740397339,Female,Pune,2020-11-07
1609,Nisha Chopra,nishachopra918@gmail.com,9558381721,Female,Ahmedabad,2024-04-19
1610,Siddharth Trivedi,siddharthtrivedi440@gmail.com,9688298520,Male,Bhopal,2023-03-03
1611,Karpagam Murugan,karpagammurugan923@gmail.com,9627676282,Female,Pune,2026-03-05
1612,Diya Kapoor,diyakapoor33@gmail.com,9377309012,Female,Salem,2019-11-08
1613,Elango Chettiar,elangochettiar618@gmail.com,9756494193,Male,Indore,2021-11-15
1614,Karthik Raj,karthikraj344@gmail.com,9533666236,Male,Mysuru,2019-01-21
1615,Bhuvana Raj,bhuvanaraj@gmail.com,9426622487,Female,Delhi,2018-11-19
1616,Rajesh Ramanathan,rajeshramanathan@gmail.com,9091388146,Male,Mumbai,2025-06-28
1617,Meena Subramaniam,meenasubramaniam@gmail.com,9217329279,Female,Surat,2025-01-07
1618,Arjun Singh,arjunsingh@gmail.com,9693372407,Male,Hyderabad,2023-04-26
1619,Senthil Pandian,senthilpandian254@gmail.com,9439103497,Male,Chandigarh,2026-05-19
1620,Sunil Kulkarni,sunilkulkarni@gmail.com,9702196306,Male,Coimbatore,2022-10-03
1621,Chandran Nair,chandrannair@gmail.com,9895944037,Male,Thiruvananthapuram,2024-11-26
1622,Manoj Deshpande,manojdeshpande741@gmail.com,9428992785,Male,Mysuru,2023-12-14
1623,Selvam Raj,selvamraj666@gmail.com,9116220657,Male,Pune,2019-03-15
1624,Ravichandran Gounder,ravichandrangounder453@gmail.com,9316135761,Male,Madurai,2023-11-06
1625,Rajesh Bhatt,rajeshbhatt382@gmail.com,9278686546,Male,Bengaluru,2021-08-06
1626,Harish Natarajan,harishnatarajan@gmail.com,9641998921,Male,Bengaluru,2022-10-17
1627,Amit Bose,amitbose@gmail.com,9526152503,Male,Delhi,2025-08-14
1628,Karpagam Rajan,karpagamrajan368@gmail.com,9154063567,Female,Lucknow,2020-03-15
1629,Kumaresan Kumar,kumaresankumar@gmail.com,9907382468,Male,Thiruvananthapuram,2021-06-22
1630,Isha Mishra,ishamishra@gmail.com,9370600772,Female,Bhopal,2025-09-26
1631,Meghana Trivedi,meghanatrivedi150@gmail.com,9245088640,Female,Chandigarh,2021-07-08
1632,Sathish Reddy,sathishreddy@gmail.com,9510261717,Male,Thiruvananthapuram,2020-03-17
1633,Varun Agarwal,varunagarwal@gmail.com,9744056667,Male,Pune,2026-04-12
1634,Aarti Bose,aartibose724@gmail.com,9344001277,Female,Tiruchirappalli,2018-02-06
1635,Malathi Chettiar,malathichettiar893@gmail.com,9776831450,Female,Bengaluru,2024-07-20
1636,Pankaj Malhotra,pankajmalhotra@gmail.com,9361338644,Male,Pune,2022-12-04
1637,Manisha Singh,manishasingh692@gmail.com,9541454148,Female,Chandigarh,2022-12-10
1638,Abhishek Malhotra,abhishekmalhotra470@gmail.com,9058429116,Male,Visakhapatnam,2026-07-16
1639,Pooja Reddy,poojareddy210@gmail.com,9709184026,Female,Bengaluru,2022-03-15
1640,Kannan Rajan,kannanrajan545@gmail.com,9729202355,Male,Nagpur,2023-09-23
1641,Kritika Chopra,kritikachopra799@gmail.com,9902269276,Female,Madurai,2026-08-02
1642,Isha Bose,ishabose799@gmail.com,9995619352,Female,Coimbatore,2020-12-18
1643,Harish Pillai,harishpillai84@gmail.com,9515211016,Male,Chandigarh,2022-06-29
1644,Naveen Kapoor,naveenkapoor539@gmail.com,9677684266,Male,Coimbatore,2021-07-17
1645,Manoj Singh,manojsingh114@gmail.com,9287937551,Male,Chennai,2022-11-08
1646,Loganathan Annamalai,loganathanannamalai981@gmail.com,9838048149,Male,Lucknow,2023-01-12
1647,Yash Singh,yashsingh313@gmail.com,9629508287,Male,Indore,2024-07-06
1648,Vijay Sivaraman,vijaysivaraman@gmail.com,9760093761,Male,Pune,2025-10-01
1649,Prabhu Annamalai,prabhuannamalai79@gmail.com,9483570682,Male,Bhopal,2019-11-01
1650,Shreya Agarwal,shreyaagarwal516@gmail.com,9269825571,Female,Tiruchirappalli,2021-02-14
1651,Anil Patel,anilpatel796@gmail.com,9934287158,Male,Indore,2026-04-16
1652,Vandana Bhatt,vandanabhatt927@gmail.com,9989740635,Female,Kolkata,2022-01-06
1653,Uma Thiagarajan,umathiagarajan258@gmail.com,9303760743,Female,Bhopal,2026-04-07
1654,Payal Verma,payalverma439@gmail.com,9638546909,Female,Surat,2024-10-15
1655,Karan Desai,karandesai914@gmail.com,9167040826,Male,Delhi,2022-10-23
1656,Sangeetha Rajan,sangeetharajan232@gmail.com,9797111182,Female,Visakhapatnam,2024-12-01
1657,Vivek Bhatt,vivekbhatt252@gmail.com,9123905632,Male,Ahmedabad,2026-07-14
1658,Kavitha Iyer,kavithaiyer251@gmail.com,9870643806,Female,Vellore,2022-10-11
1659,Yash Rao,yashrao@gmail.com,9823366010,Male,Ahmedabad,2025-02-19
1660,Kumaresan Raj,kumaresanraj639@gmail.com,9091868063,Male,Jaipur,2024-11-30
1661,Abirami Natarajan,abiraminatarajan37@gmail.com,9614746957,Female,Nagpur,2021-11-22
1662,Sivakumar Raj,sivakumarraj96@gmail.com,9865760627,Male,Hyderabad,2021-02-22
1663,Sivakumar Pandian,sivakumarpandian525@gmail.com,9721865222,Male,Lucknow,2019-02-24
1664,Keerthana Chettiar,keerthanachettiar520@gmail.com,9488125361,Female,Jaipur,2021-11-08
1665,Muthu Mudaliar,muthumudaliar23@gmail.com,9539869896,Male,Tiruchirappalli,2025-01-30
1666,Chandran Annamalai,chandranannamalai895@gmail.com,9922684321,Male,Mysuru,2023-11-13
1667,Yuvaraj Annamalai,yuvarajannamalai281@gmail.com,9154997643,Male,Vijayawada,2022-10-27
1668,Payal Saxena,payalsaxena@gmail.com,9074868840,Female,Kolkata,2024-12-19
1669,Pooja Sharma,poojasharma221@gmail.com,9729791384,Female,Thiruvananthapuram,2021-08-27
1670,Rahul Bansal,rahulbansal433@gmail.com,9963628626,Male,Lucknow,2024-11-06
1671,Aishwarya Sharma,aishwaryasharma949@gmail.com,9270348594,Female,Ahmedabad,2018-07-06
1672,Sunil Kulkarni,sunilkulkarni74@gmail.com,9475881983,Male,Bhopal,2020-09-12
1673,Preeti Bhatt,preetibhatt774@gmail.com,9385767265,Female,Chandigarh,2026-05-25
1674,Vandana Verma,vandanaverma201@gmail.com,9330800745,Female,Surat,2021-09-27
1675,Kabir Trivedi,kabirtrivedi@gmail.com,9765399433,Male,Tiruchirappalli,2018-07-19
1676,Murugan Pillai,muruganpillai@gmail.com,9142625473,Male,Thiruvananthapuram,2026-01-22
1677,Kannappan Raj,kannappanraj155@gmail.com,9136077088,Male,Salem,2021-05-19
1678,Aarti Joshi,aartijoshi178@gmail.com,9683943069,Female,Surat,2023-06-24
1679,Amudha Chandrasekar,amudhachandrasekar628@gmail.com,9222253584,Female,Salem,2020-11-05
1680,Rajesh Desai,rajeshdesai@gmail.com,9440808433,Male,Salem,2021-12-07
1681,Ramesh Mudaliar,rameshmudaliar785@gmail.com,9270576087,Male,Vijayawada,2022-03-07
1682,Jothi Pillai,jothipillai@gmail.com,9222986429,Female,Delhi,2025-08-04
1683,Rohit Verma,rohitverma938@gmail.com,9978048500,Male,Pune,2021-06-14
1684,Pooja Gupta,poojagupta784@gmail.com,9557890185,Female,Thiruvananthapuram,2023-01-09
1685,Shalini Naidu,shalininaidu482@gmail.com,9495744077,Female,Vijayawada,2022-06-26
1686,Vidya Sivaraman,vidyasivaraman759@gmail.com,9314950607,Female,Visakhapatnam,2020-08-11
1687,Saravanan Natarajan,saravanannatarajan509@gmail.com,9420242511,Male,Kolkata,2018-08-13
1688,Divya Rangan,divyarangan@gmail.com,9044258275,Female,Mumbai,2020-12-05
1689,Padma Pillai,padmapillai@gmail.com,9321976925,Female,Indore,2020-07-13
1690,Tanvi Deshpande,tanvideshpande717@gmail.com,9743843299,Female,Madurai,2023-09-02
1691,Selvam Subramaniam,selvamsubramaniam@gmail.com,9294383997,Male,Lucknow,2025-02-25
1692,Pradeep Bansal,pradeepbansal352@gmail.com,9880538701,Male,Mysuru,2022-03-17
1693,Latha Rajan,latharajan@gmail.com,9362285375,Female,Mysuru,2026-01-13
1694,Ajay Bansal,ajaybansal@gmail.com,9232791916,Male,Lucknow,2024-06-10
1695,Swati Mukherjee,swatimukherjee861@gmail.com,9591519292,Female,Kochi,2018-12-27
1696,Anandan Venkatesan,anandanvenkatesan@gmail.com,9100218245,Male,Bhopal,2025-12-27
1697,Kabir Kulkarni,kabirkulkarni370@gmail.com,9637348473,Male,Ahmedabad,2019-05-06
1698,Sanjay Patel,sanjaypatel629@gmail.com,9853030671,Male,Vijayawada,2019-03-05
1699,Anjali Chatterjee,anjalichatterjee18@gmail.com,9078751617,Female,Kochi,2024-01-03
1700,Jagadeesh Pillai,jagadeeshpillai@gmail.com,9083617853,Male,Hyderabad,2018-05-05
1701,Pradeep Saxena,pradeepsaxena726@gmail.com,9003266993,Male,Hyderabad,2026-07-11
1702,Karan Verma,karanverma162@gmail.com,9106485672,Male,Delhi,2024-03-29
1703,Riya Mishra,riyamishra@gmail.com,9217065967,Female,Hyderabad,2025-01-31
1704,Poornima Kumar,poornimakumar@gmail.com,9078243344,Female,Kochi,2025-10-07
1705,Dhanalakshmi Murugan,dhanalakshmimurugan@gmail.com,9057549209,Female,Jaipur,2025-01-12
1706,Sangeetha Nair,sangeethanair504@gmail.com,9594836968,Female,Madurai,2020-04-23
1707,Sneha Bhatt,snehabhatt907@gmail.com,9980007139,Female,Tiruchirappalli,2024-08-10
1708,Aarti Kulkarni,aartikulkarni772@gmail.com,9505217295,Female,Chandigarh,2021-08-14
1709,Ishaan Reddy,ishaanreddy@gmail.com,9572879245,Male,Nagpur,2022-01-08
1710,Yash Desai,yashdesai@gmail.com,9057174825,Male,Vellore,2022-07-13
1711,Aishwarya Chopra,aishwaryachopra153@gmail.com,9517951851,Female,Mysuru,2018-01-07
1712,Bala Nair,balanair@gmail.com,9085476844,Male,Tiruchirappalli,2023-08-20
1713,Ankit Rao,ankitrao@gmail.com,9542235303,Male,Delhi,2018-11-29
1714,Rajeswari Ramanathan,rajeswariramanathan338@gmail.com,9515627906,Female,Visakhapatnam,2025-02-18
1715,Anjali Pandey,anjalipandey951@gmail.com,9147867643,Female,Kolkata,2024-11-16
1716,Selvi Raj,selviraj798@gmail.com,9631454908,Female,Nagpur,2020-04-26
1717,Komal Mehta,komalmehta858@gmail.com,9073461212,Female,Mysuru,2026-05-10
1718,Deepak Balasubramaniam,deepakbalasubramaniam@gmail.com,9355526006,Male,Vellore,2018-05-18
1719,Uma Iyengar,umaiyengar567@gmail.com,9083273839,Female,Tiruchirappalli,2019-03-04
1720,Suganya Pandian,suganyapandian354@gmail.com,9213648984,Female,Visakhapatnam,2019-07-19
1721,Sumathi Thiagarajan,sumathithiagarajan@gmail.com,9982516783,Female,Salem,2026-04-15
1722,Abhishek Bose,abhishekbose@gmail.com,9989978665,Male,Chennai,2025-07-21
1723,Selvi Rangan,selvirangan@gmail.com,9934263627,Female,Chennai,2023-01-01
1724,Kunal Gupta,kunalgupta916@gmail.com,9551543056,Male,Ahmedabad,2019-01-29
1725,Isha Kapoor,ishakapoor@gmail.com,9196177566,Female,Tiruchirappalli,2021-01-19
1726,Rajeswari Reddy,rajeswarireddy597@gmail.com,9843366763,Female,Chandigarh,2022-11-05
1727,Neha Kapoor,nehakapoor820@gmail.com,9597826849,Female,Visakhapatnam,2020-09-14
1728,Shreya Iyer,shreyaiyer@gmail.com,9410013242,Female,Ahmedabad,2024-11-22
1729,Shalini Ramanathan,shaliniramanathan@gmail.com,9513393222,Female,Thiruvananthapuram,2025-02-09
1730,Vasanthi Rangan,vasanthirangan@gmail.com,9646321335,Female,Chandigarh,2025-07-24
1731,Iniya Naidu,iniyanaidu371@gmail.com,9904079726,Female,Chandigarh,2020-03-03
1732,Uma Thiagarajan,umathiagarajan806@gmail.com,9930014596,Female,Bengaluru,2020-11-08
1733,Preeti Bose,preetibose841@gmail.com,9691333074,Female,Ahmedabad,2022-03-08
1734,Devika Murugan,devikamurugan104@gmail.com,9046087403,Female,Nagpur,2025-03-31
1735,Preeti Bansal,preetibansal612@gmail.com,9153091738,Female,Pune,2025-06-15
1736,Malathi Gounder,malathigounder810@gmail.com,9493635444,Female,Hyderabad,2023-12-28
1737,Mohan Iyengar,mohaniyengar@gmail.com,9311020481,Male,Indore,2021-06-22
1738,Harish Nair,harishnair@gmail.com,9774789291,Male,Chandigarh,2025-06-27
1739,Karan Pandey,karanpandey824@gmail.com,9368518593,Male,Bhopal,2022-08-28
1740,Naveen Menon,naveenmenon271@gmail.com,9771573918,Male,Bhopal,2019-06-11
1741,Sandeep Gupta,sandeepgupta331@gmail.com,9880146598,Male,Surat,2021-06-07
1742,Aditi Kapoor,aditikapoor271@gmail.com,9629716320,Female,Vellore,2019-02-04
1743,Poornima Sundaram,poornimasundaram704@gmail.com,9305656287,Female,Vellore,2021-05-17
1744,Sathish Krishnan,sathishkrishnan267@gmail.com,9310062220,Male,Bengaluru,2019-04-01
1745,Kannappan Iyengar,kannappaniyengar12@gmail.com,9158329059,Male,Bhopal,2025-06-16
1746,Radhika Nair,radhikanair387@gmail.com,9160448610,Female,Hyderabad,2018-06-21
1747,Latha Reddy,lathareddy673@gmail.com,9258228186,Female,Kochi,2020-11-17
1748,Anitha Natarajan,anithanatarajan411@gmail.com,9076263975,Female,Nagpur,2026-01-25
1749,Swati Reddy,swatireddy@gmail.com,9897561085,Female,Bengaluru,2020-02-09
1750,Riya Saxena,riyasaxena@gmail.com,9941990297,Female,Chandigarh,2021-10-28
1751,Arun Pillai,arunpillai@gmail.com,9477553208,Male,Surat,2020-08-07
1752,Abhishek Bansal,abhishekbansal@gmail.com,9526604483,Male,Madurai,2023-05-21
1753,Geetha Reddy,geethareddy791@gmail.com,9630100809,Female,Pune,2020-02-15
1754,Abhishek Agarwal,abhishekagarwal597@gmail.com,9750288444,Male,Tiruchirappalli,2025-11-04
1755,Selvam Pandian,selvampandian930@gmail.com,9050293392,Male,Pune,2026-07-14
1756,Shanthi Reddy,shanthireddy119@gmail.com,9748484032,Female,Jaipur,2025-05-11
1757,Ishita Pillai,ishitapillai779@gmail.com,9221548737,Female,Tiruchirappalli,2020-12-17
1758,Priya Naidu,priyanaidu919@gmail.com,9503848859,Female,Kochi,2018-03-22
1759,Isha Desai,ishadesai@gmail.com,9588358841,Female,Bengaluru,2018-07-29
1760,Ritu Desai,ritudesai@gmail.com,9836331541,Female,Bhopal,2024-06-19
1761,Anandan Chettiar,anandanchettiar697@gmail.com,9020593870,Male,Vijayawada,2022-04-02
1762,Yash Gupta,yashgupta562@gmail.com,9468884306,Male,Nagpur,2024-05-03
1763,Bhuvana Krishnan,bhuvanakrishnan189@gmail.com,9889070423,Female,Hyderabad,2024-03-18
1764,Lakshmi Pandian,lakshmipandian923@gmail.com,9612267016,Female,Pune,2020-10-30
1765,Vasanthi Sivaraman,vasanthisivaraman855@gmail.com,9895976066,Female,Delhi,2021-10-28
1766,Vasanthi Mudaliar,vasanthimudaliar614@gmail.com,9313480392,Female,Mysuru,2021-10-09
1767,Sumathi Nair,sumathinair@gmail.com,9967501331,Female,Chennai,2021-08-20
1768,Yash Mukherjee,yashmukherjee994@gmail.com,9130594595,Male,Chennai,2025-08-12
1769,Srinivasan Natarajan,srinivasannatarajan173@gmail.com,9189086734,Male,Vijayawada,2020-05-05
1770,Ravichandran Natarajan,ravichandrannatarajan496@gmail.com,9184862133,Male,Vijayawada,2019-12-13
1771,Deepak Natarajan,deepaknatarajan@gmail.com,9342755400,Male,Coimbatore,2020-01-03
1772,Divya Pillai,divyapillai151@gmail.com,9676074290,Female,Kolkata,2023-12-11
1773,Ishita Shetty,ishitashetty57@gmail.com,9824837734,Female,Bhopal,2024-05-28
1774,Nithya Kumar,nithyakumar@gmail.com,9705725910,Female,Lucknow,2023-09-11
1775,Malathi Sivaraman,malathisivaraman408@gmail.com,9564783911,Female,Tiruchirappalli,2018-11-06
1776,Tanvi Kapoor,tanvikapoor103@gmail.com,9640014684,Female,Hyderabad,2018-04-24
1777,Sundar Pillai,sundarpillai@gmail.com,9817327940,Male,Kolkata,2024-06-14
1778,Aman Kapoor,amankapoor608@gmail.com,9939633142,Male,Surat,2025-03-30
1779,Iniya Iyer,iniyaiyer926@gmail.com,9739389992,Female,Salem,2020-09-02
1780,Sangeetha Gounder,sangeethagounder530@gmail.com,9920359744,Female,Chandigarh,2025-03-30
1781,Aarti Desai,aartidesai@gmail.com,9726188644,Female,Surat,2022-03-22
1782,Sumathi Reddy,sumathireddy872@gmail.com,9388686572,Female,Mysuru,2025-04-05
1783,Manoj Reddy,manojreddy885@gmail.com,9400026432,Male,Vijayawada,2019-06-07
1784,Anjali Chopra,anjalichopra993@gmail.com,9613592725,Female,Madurai,2026-01-19
1785,Bhavya Verma,bhavyaverma696@gmail.com,9341771130,Female,Tiruchirappalli,2021-09-06
1786,Manisha Sharma,manishasharma650@gmail.com,9029723574,Female,Ahmedabad,2019-11-02
1787,Rajesh Pillai,rajeshpillai780@gmail.com,9634467703,Male,Surat,2018-03-23
1788,Vijay Thiagarajan,vijaythiagarajan242@gmail.com,9407155764,Male,Salem,2022-07-24
1789,Pankaj Reddy,pankajreddy@gmail.com,9527329726,Male,Bengaluru,2022-06-29
1790,Sanya Chatterjee,sanyachatterjee753@gmail.com,9498256325,Female,Nagpur,2018-03-20
1791,Uma Thiagarajan,umathiagarajan605@gmail.com,9876146318,Female,Vellore,2019-02-08
1792,Ravichandran Nair,ravichandrannair@gmail.com,9286094112,Male,Tiruchirappalli,2020-11-04
1793,Vinay Malhotra,vinaymalhotra162@gmail.com,9020931838,Male,Tiruchirappalli,2025-12-12
1794,Selvam Mudaliar,selvammudaliar511@gmail.com,9059662166,Male,Ahmedabad,2021-10-28
1795,Divya Natarajan,divyanatarajan381@gmail.com,9881280455,Female,Pune,2026-03-21
1796,Shreya Chatterjee,shreyachatterjee747@gmail.com,9662707434,Female,Chandigarh,2021-07-10
1797,Revathi Reddy,revathireddy237@gmail.com,9156940714,Female,Madurai,2025-07-12
1798,Diya Bhatt,diyabhatt@gmail.com,9180400135,Female,Kochi,2023-08-14
1799,Kavya Mishra,kavyamishra899@gmail.com,9012909070,Female,Coimbatore,2018-11-19
1800,Kavya Bose,kavyabose@gmail.com,9021855522,Female,Kochi,2025-05-12
1801,Rajesh Rangan,rajeshrangan418@gmail.com,9945356990,Male,Lucknow,2025-01-15
1802,Varun Kapoor,varunkapoor777@gmail.com,9573104148,Male,Thiruvananthapuram,2025-02-27
1803,Gaurav Joshi,gauravjoshi@gmail.com,9124057705,Male,Coimbatore,2022-06-28
1804,Simran Mukherjee,simranmukherjee644@gmail.com,9936325482,Female,Tiruchirappalli,2020-12-15
1805,Varun Agarwal,varunagarwal428@gmail.com,9405780343,Male,Surat,2022-02-05
1806,Padma Nair,padmanair92@gmail.com,9596290038,Female,Lucknow,2022-10-22
1807,Kritika Nair,kritikanair721@gmail.com,9470236451,Female,Vijayawada,2019-03-18
1808,Karpagam Ramanathan,karpagamramanathan@gmail.com,9816138300,Female,Jaipur,2021-04-26
1809,Srinivasan Kumar,srinivasankumar601@gmail.com,9985462513,Male,Kochi,2020-05-28
1810,Naveen Nair,naveennair791@gmail.com,9605236620,Male,Visakhapatnam,2026-01-03
1811,Abirami Natarajan,abiraminatarajan423@gmail.com,9327166357,Female,Mumbai,2019-08-19
1812,Selvi Venkatesan,selvivenkatesan5@gmail.com,9121823748,Female,Bengaluru,2020-01-26
1813,Yamuna Subramaniam,yamunasubramaniam45@gmail.com,9815675934,Female,Vijayawada,2018-06-27
1814,Deepak Saxena,deepaksaxena@gmail.com,9522605743,Male,Tiruchirappalli,2022-05-21
1815,Manisha Menon,manishamenon289@gmail.com,9311725253,Female,Thiruvananthapuram,2018-10-16
1816,Rajesh Joshi,rajeshjoshi@gmail.com,9320815633,Male,Nagpur,2019-05-14
1817,Payal Mukherjee,payalmukherjee@gmail.com,9500297857,Female,Bengaluru,2024-07-04
1818,Varun Pandey,varunpandey147@gmail.com,9874572920,Male,Madurai,2020-03-22
1819,Prabhu Rangan,prabhurangan320@gmail.com,9099623186,Male,Ahmedabad,2021-07-01
1820,Yamuna Pandian,yamunapandian@gmail.com,9778942842,Female,Chennai,2020-03-21
1821,Selvam Chandrasekar,selvamchandrasekar279@gmail.com,9317464207,Male,Chennai,2020-06-30
1822,Tarun Rao,tarunrao@gmail.com,9669462673,Male,Surat,2021-03-29
1823,Loganathan Reddy,loganathanreddy73@gmail.com,9032483975,Male,Lucknow,2023-06-26
1824,Lakshmi Raj,lakshmiraj416@gmail.com,9627120902,Female,Ahmedabad,2023-11-05
1825,Padma Rangan,padmarangan@gmail.com,9655220064,Female,Bengaluru,2018-04-14
1826,Karan Menon,karanmenon772@gmail.com,9049863958,Male,Coimbatore,2022-12-25
1827,Ramesh Sundaram,rameshsundaram@gmail.com,9740061020,Male,Lucknow,2021-09-30
1828,Bhuvana Nair,bhuvananair@gmail.com,9635473929,Female,Tiruchirappalli,2025-08-16
1829,Nikhil Malhotra,nikhilmalhotra@gmail.com,9090675343,Male,Thiruvananthapuram,2022-04-30
1830,Kabir Desai,kabirdesai468@gmail.com,9292534924,Male,Thiruvananthapuram,2019-09-16
1831,Harsh Pillai,harshpillai@gmail.com,9589268634,Male,Madurai,2020-12-04
1832,Rajesh Rao,rajeshrao811@gmail.com,9179394351,Male,Pune,2021-08-01
1833,Neha Kulkarni,nehakulkarni398@gmail.com,9106569323,Female,Delhi,2024-08-24
1834,Vanitha Ramanathan,vanitharamanathan662@gmail.com,9348272169,Female,Thiruvananthapuram,2024-01-25
1835,Dhanalakshmi Pillai,dhanalakshmipillai665@gmail.com,9009300098,Female,Bhopal,2026-05-30
1836,Kumaresan Pandian,kumaresanpandian@gmail.com,9051227651,Male,Madurai,2020-08-04
1837,Palanisamy Subramaniam,palanisamysubramaniam@gmail.com,9753986768,Male,Visakhapatnam,2024-04-15
1838,Deepa Ramanathan,deeparamanathan76@gmail.com,9065489929,Female,Lucknow,2021-07-22
1839,Sangeetha Pillai,sangeethapillai791@gmail.com,9958020732,Female,Tiruchirappalli,2022-04-24
1840,Nikhil Pillai,nikhilpillai@gmail.com,9121664196,Male,Madurai,2022-08-23
1841,Priya Nair,priyanair@gmail.com,9767769181,Female,Indore,2022-07-06
1842,Isha Chopra,ishachopra247@gmail.com,9428581116,Female,Chandigarh,2020-11-19
1843,Latha Chettiar,lathachettiar255@gmail.com,9874755880,Female,Pune,2020-06-23
1844,Karthik Balasubramaniam,karthikbalasubramaniam26@gmail.com,9340375667,Male,Kochi,2025-11-01
1845,Sameer Desai,sameerdesai54@gmail.com,9130172321,Male,Vijayawada,2020-01-02
1846,Kavitha Iyengar,kavithaiyengar@gmail.com,9325063654,Female,Chandigarh,2020-07-20
1847,Manisha Saxena,manishasaxena@gmail.com,9898335617,Female,Kolkata,2025-08-26
1848,Ravichandran Ramanathan,ravichandranramanathan@gmail.com,9390749368,Male,Bengaluru,2019-02-28
1849,Palanisamy Naidu,palanisamynaidu165@gmail.com,9200032751,Male,Mumbai,2025-01-17
1850,Tanvi Patel,tanvipatel229@gmail.com,9981186521,Female,Salem,2020-07-29
1851,Aditi Deshpande,aditideshpande@gmail.com,9314068514,Female,Bhopal,2018-10-12
1852,Isha Desai,ishadesai441@gmail.com,9723067307,Female,Chennai,2022-01-28
1853,Prabhu Balasubramaniam,prabhubalasubramaniam@gmail.com,9521416049,Male,Hyderabad,2019-06-13
1854,Bala Thiagarajan,balathiagarajan237@gmail.com,9096686148,Male,Nagpur,2019-04-15
1855,Riya Shetty,riyashetty31@gmail.com,9814318768,Female,Tiruchirappalli,2026-02-25
1856,Uma Murugan,umamurugan@gmail.com,9229342405,Female,Ahmedabad,2026-03-28
1857,Neha Kapoor,nehakapoor98@gmail.com,9425465521,Female,Chennai,2021-07-25
1858,Yash Mishra,yashmishra723@gmail.com,9477187366,Male,Hyderabad,2025-05-30
1859,Palanisamy Iyengar,palanisamyiyengar664@gmail.com,9433206744,Male,Jaipur,2026-05-15
1860,Aditya Mukherjee,adityamukherjee@gmail.com,9131354145,Male,Mysuru,2019-12-27
1861,Divya Sundaram,divyasundaram993@gmail.com,9229857074,Female,Mysuru,2022-11-04
1862,Pankaj Pillai,pankajpillai183@gmail.com,9683797638,Male,Coimbatore,2021-08-28
1863,Aarti Kapoor,aartikapoor614@gmail.com,9681145503,Female,Jaipur,2023-03-31
1864,Aarti Shetty,aartishetty@gmail.com,9760359895,Female,Coimbatore,2026-06-26
1865,Sandeep Mehta,sandeepmehta@gmail.com,9235709146,Male,Madurai,2019-06-17
1866,Ashok Chettiar,ashokchettiar@gmail.com,9112866585,Male,Salem,2019-03-07
1867,Namrata Verma,namrataverma877@gmail.com,9826786813,Female,Indore,2024-04-16
1868,Anitha Rangan,anitharangan265@gmail.com,9794609564,Female,Tiruchirappalli,2024-08-02
1869,Payal Shetty,payalshetty746@gmail.com,9622496831,Female,Coimbatore,2023-01-25
1870,Komal Mehta,komalmehta139@gmail.com,9373624356,Female,Chennai,2026-03-24
1871,Dhanalakshmi Venkatesan,dhanalakshmivenkatesan215@gmail.com,9959687467,Female,Vijayawada,2022-01-30
1872,Bhuvana Ramanathan,bhuvanaramanathan427@gmail.com,9670438964,Female,Visakhapatnam,2020-05-12
1873,Sanjay Menon,sanjaymenon478@gmail.com,9438683064,Male,Mysuru,2020-06-11
1874,Riya Iyer,riyaiyer@gmail.com,9730945393,Female,Chandigarh,2018-06-27
1875,Dinesh Ramanathan,dineshramanathan323@gmail.com,9143631615,Male,Coimbatore,2020-02-11
1876,Rajesh Rao,rajeshrao77@gmail.com,9273023369,Male,Coimbatore,2019-09-02
1877,Prabhu Krishnan,prabhukrishnan@gmail.com,9192932437,Male,Bengaluru,2024-03-06
1878,Dev Gupta,devgupta152@gmail.com,9477834491,Male,Hyderabad,2024-01-26
1879,Rohan Malhotra,rohanmalhotra@gmail.com,9253693395,Male,Coimbatore,2019-06-01
1880,Sumathi Pandian,sumathipandian@gmail.com,9476692648,Female,Delhi,2024-06-19
1881,Murugan Kumar,murugankumar@gmail.com,9172579894,Male,Nagpur,2018-03-13
1882,Ravi Patel,ravipatel@gmail.com,9496446494,Male,Thiruvananthapuram,2018-10-02
1883,Isha Verma,ishaverma@gmail.com,9523044111,Female,Madurai,2024-03-07
1884,Nikhil Saxena,nikhilsaxena876@gmail.com,9871976182,Male,Tiruchirappalli,2018-12-15
1885,Murugan Kumar,murugankumar920@gmail.com,9585642402,Male,Mysuru,2021-08-20
1886,Tanvi Kulkarni,tanvikulkarni171@gmail.com,9890116870,Female,Madurai,2019-11-17
1887,Tanvi Verma,tanviverma265@gmail.com,9445372484,Female,Visakhapatnam,2018-03-21
1888,Nisha Joshi,nishajoshi@gmail.com,9699144424,Female,Mysuru,2020-12-04
1889,Karthikeyan Sivaraman,karthikeyansivaraman427@gmail.com,9347041654,Male,Hyderabad,2024-02-14
1890,Latha Kumar,lathakumar140@gmail.com,9598606310,Female,Jaipur,2020-03-13
1891,Latha Pandian,lathapandian@gmail.com,9375026943,Female,Tiruchirappalli,2024-06-22
1892,Riya Joshi,riyajoshi196@gmail.com,9887916236,Female,Madurai,2022-06-22
1893,Vetrivel Raj,vetrivelraj570@gmail.com,9655074676,Male,Tiruchirappalli,2019-02-25
1894,Karpagam Sundaram,karpagamsundaram742@gmail.com,9942229575,Female,Salem,2025-11-04
1895,Gaurav Bhatt,gauravbhatt94@gmail.com,9089048470,Male,Mumbai,2018-02-18
1896,Rajeswari Ramanathan,rajeswariramanathan@gmail.com,9469261091,Female,Tiruchirappalli,2022-02-01
1897,Devika Ramanathan,devikaramanathan680@gmail.com,9832538972,Female,Chandigarh,2019-11-16
1898,Keerthana Chandrasekar,keerthanachandrasekar686@gmail.com,9600237407,Female,Bhopal,2022-02-09
1899,Ajay Nair,ajaynair800@gmail.com,9978773576,Male,Kochi,2023-12-26
1900,Varun Mukherjee,varunmukherjee858@gmail.com,9537845032,Male,Thiruvananthapuram,2022-05-21
1901,Yuvaraj Balasubramaniam,yuvarajbalasubramaniam@gmail.com,9097517642,Male,Chennai,2024-05-02
1902,Geetha Gounder,geethagounder325@gmail.com,9145016073,Female,Visakhapatnam,2018-10-18
1903,Kamakshi Subramaniam,kamakshisubramaniam685@gmail.com,9932128452,Female,Bhopal,2023-02-03
1904,Vinay Sharma,vinaysharma41@gmail.com,9818239490,Male,Jaipur,2021-04-29
1905,Sameer Shetty,sameershetty496@gmail.com,9951698846,Male,Surat,2026-03-05
1906,Poornima Murugan,poornimamurugan@gmail.com,9599452471,Female,Kolkata,2022-10-27
1907,Ashok Mudaliar,ashokmudaliar829@gmail.com,9286848865,Male,Indore,2024-12-09
1908,Tanvi Agarwal,tanviagarwal482@gmail.com,9325879209,Female,Hyderabad,2026-02-05
1909,Arun Sivaraman,arunsivaraman@gmail.com,9614606232,Male,Surat,2018-04-22
1910,Sathish Subramaniam,sathishsubramaniam@gmail.com,9264731894,Male,Kochi,2019-07-12
1911,Rajesh Shetty,rajeshshetty990@gmail.com,9946320323,Male,Hyderabad,2025-12-04
1912,Prakash Nair,prakashnair@gmail.com,9246897904,Male,Indore,2019-10-26
1913,Rajeswari Pandian,rajeswaripandian134@gmail.com,9626485470,Female,Kochi,2022-09-01
1914,Prakash Gounder,prakashgounder523@gmail.com,9342472506,Male,Mysuru,2025-08-19
1915,Ramesh Iyer,rameshiyer536@gmail.com,9735939257,Male,Vellore,2026-07-15
1916,Jothi Iyer,jothiiyer861@gmail.com,9528300268,Female,Mysuru,2024-03-25
1917,Nithya Iyengar,nithyaiyengar940@gmail.com,9089591484,Female,Kochi,2019-07-12
1918,Diya Pandey,diyapandey191@gmail.com,9457971594,Female,Pune,2021-01-05
1919,Sanya Sharma,sanyasharma682@gmail.com,9582687963,Female,Pune,2021-11-02
1920,Sangeetha Annamalai,sangeethaannamalai464@gmail.com,9470225740,Female,Hyderabad,2023-03-09
1921,Manoj Mehta,manojmehta836@gmail.com,9949312793,Male,Jaipur,2021-04-04
1922,Bhuvana Natarajan,bhuvananatarajan914@gmail.com,9940149593,Female,Nagpur,2022-09-22
1923,Devika Nair,devikanair862@gmail.com,9783092687,Female,Vijayawada,2023-08-08
1924,Rajkumar Iyer,rajkumariyer73@gmail.com,9915359408,Male,Mumbai,2020-09-06
1925,Ritu Pillai,ritupillai863@gmail.com,9212405301,Female,Visakhapatnam,2018-07-13
1926,Rajesh Saxena,rajeshsaxena711@gmail.com,9175071235,Male,Coimbatore,2021-08-05
1927,Harish Murugan,harishmurugan375@gmail.com,9822834164,Male,Vellore,2026-08-08
1928,Selvi Reddy,selvireddy@gmail.com,9464962933,Female,Nagpur,2022-02-28
1929,Sumathi Mudaliar,sumathimudaliar246@gmail.com,9635643388,Female,Madurai,2024-04-09
1930,Sandeep Chatterjee,sandeepchatterjee@gmail.com,9763804659,Male,Mumbai,2026-07-08
1931,Kumaresan Rajan,kumaresanrajan625@gmail.com,9612947302,Male,Bhopal,2019-07-10
1932,Aditi Mishra,aditimishra475@gmail.com,9257191762,Female,Thiruvananthapuram,2019-01-11
1933,Gaurav Kulkarni,gauravkulkarni10@gmail.com,9712726702,Male,Mumbai,2026-01-13
1934,Aditya Malhotra,adityamalhotra676@gmail.com,9143572862,Male,Hyderabad,2025-05-08
1935,Arjun Reddy,arjunreddy89@gmail.com,9559723992,Male,Vellore,2025-12-18
1936,Deepa Iyengar,deepaiyengar703@gmail.com,9668441281,Female,Bengaluru,2019-09-10
1937,Kabir Gupta,kabirgupta725@gmail.com,9202053069,Male,Coimbatore,2024-03-27
1938,Yash Reddy,yashreddy162@gmail.com,9181555023,Male,Mysuru,2026-02-26
1939,Bala Nair,balanair903@gmail.com,9830398990,Male,Indore,2020-06-10
1940,Vikas Menon,vikasmenon298@gmail.com,9080221792,Male,Kolkata,2024-08-23
1941,Amudha Raj,amudharaj@gmail.com,9573843738,Female,Salem,2019-09-15
1942,Sivakumar Chandrasekar,sivakumarchandrasekar121@gmail.com,9386950687,Male,Chandigarh,2018-08-13
1943,Diya Mukherjee,diyamukherjee868@gmail.com,9997537034,Female,Chennai,2021-11-15
1944,Iniya Reddy,iniyareddy@gmail.com,9681724016,Female,Vellore,2018-02-06
1945,Rahul Rao,rahulrao573@gmail.com,9422207354,Male,Ahmedabad,2025-10-21
1946,Sandeep Nair,sandeepnair615@gmail.com,9784183566,Male,Mysuru,2021-10-15
1947,Revathi Iyengar,revathiiyengar118@gmail.com,9897995174,Female,Mysuru,2024-04-16
1948,Ashok Iyengar,ashokiyengar@gmail.com,9561202223,Male,Ahmedabad,2022-08-20
1949,Nisha Agarwal,nishaagarwal492@gmail.com,9923400243,Female,Mumbai,2024-06-13
1950,Lakshmi Rajan,lakshmirajan@gmail.com,9501727311,Female,Ahmedabad,2025-12-23
1951,Rahul Gupta,rahulgupta391@gmail.com,9139880517,Male,Chennai,2021-09-25
1952,Suganya Reddy,suganyareddy932@gmail.com,9275252878,Female,Pune,2023-08-10
1953,Suganya Annamalai,suganyaannamalai@gmail.com,9272623567,Female,Chennai,2018-02-06
1954,Amit Gupta,amitgupta424@gmail.com,9614125742,Male,Hyderabad,2025-09-29
1955,Tarun Bose,tarunbose213@gmail.com,9355689364,Male,Nagpur,2020-03-04
1956,Iniya Natarajan,iniyanatarajan@gmail.com,9690118787,Female,Chennai,2020-09-12
1957,Bhavya Rao,bhavyarao194@gmail.com,9898061457,Female,Nagpur,2021-10-05
1958,Saravanan Balasubramaniam,saravananbalasubramaniam262@gmail.com,9274310768,Male,Visakhapatnam,2021-12-19
1959,Sumathi Iyer,sumathiiyer991@gmail.com,9049887092,Female,Ahmedabad,2023-03-04
1960,Aishwarya Saxena,aishwaryasaxena@gmail.com,9314221276,Female,Visakhapatnam,2019-01-09
1961,Velmurugan Murugan,velmuruganmurugan990@gmail.com,9917264972,Male,Kolkata,2024-05-08
1962,Pooja Chatterjee,poojachatterjee296@gmail.com,9176827778,Female,Mysuru,2020-04-07
1963,Harish Rangan,harishrangan731@gmail.com,9344912943,Male,Kolkata,2025-02-23
1964,Preeti Singh,preetisingh350@gmail.com,9517988996,Female,Vellore,2024-09-01
1965,Priya Krishnan,priyakrishnan124@gmail.com,9140923699,Female,Vellore,2020-09-14
1966,Karan Malhotra,karanmalhotra177@gmail.com,9739277556,Male,Jaipur,2025-12-19
1967,Srinivasan Ramanathan,srinivasanramanathan300@gmail.com,9587405863,Male,Mumbai,2021-10-01
1968,Nithish Thiagarajan,nithishthiagarajan849@gmail.com,9097455664,Male,Chennai,2019-08-31
1969,Uma Rangan,umarangan849@gmail.com,9594448597,Female,Chennai,2018-02-26
1970,Naveen Sharma,naveensharma768@gmail.com,9594847557,Male,Visakhapatnam,2025-11-27
1971,Ritu Nair,ritunair@gmail.com,9487098255,Female,Bhopal,2025-10-18
1972,Padma Rangan,padmarangan420@gmail.com,9914042883,Female,Salem,2019-06-30
1973,Yamuna Ramanathan,yamunaramanathan@gmail.com,9755454509,Female,Coimbatore,2020-03-04
1974,Sangeetha Chandrasekar,sangeethachandrasekar@gmail.com,9193922839,Female,Kolkata,2021-11-15
1975,Abhishek Joshi,abhishekjoshi@gmail.com,9097947277,Male,Pune,2021-10-04
1976,Anandan Pillai,anandanpillai279@gmail.com,9473172759,Male,Coimbatore,2026-01-28
1977,Pallavi Iyer,pallaviiyer@gmail.com,9949142915,Female,Lucknow,2025-10-26
1978,Latha Nair,lathanair917@gmail.com,9782617208,Female,Visakhapatnam,2023-04-16
1979,Karthikeyan Natarajan,karthikeyannatarajan@gmail.com,9628242181,Male,Bengaluru,2025-02-02
1980,Manikandan Reddy,manikandanreddy992@gmail.com,9034592215,Male,Visakhapatnam,2025-03-13
1981,Ishita Pandey,ishitapandey@gmail.com,9953096283,Female,Ahmedabad,2026-03-01
1982,Ashok Ramanathan,ashokramanathan811@gmail.com,9261237646,Male,Surat,2022-10-22
1983,Nisha Bose,nishabose539@gmail.com,9928066696,Female,Vellore,2020-06-10
1984,Manikandan Murugan,manikandanmurugan@gmail.com,9057843306,Male,Chennai,2019-06-08
1985,Kamakshi Pandian,kamakshipandian415@gmail.com,9674494488,Female,Nagpur,2025-08-11
1986,Saranya Natarajan,saranyanatarajan@gmail.com,9680511411,Female,Lucknow,2024-05-07
1987,Shanthi Naidu,shanthinaidu425@gmail.com,9266922537,Female,Vijayawada,2022-01-23
1988,Bhavya Malhotra,bhavyamalhotra@gmail.com,9452070679,Female,Delhi,2022-04-07
1989,Nithya Gounder,nithyagounder673@gmail.com,9727192945,Female,Surat,2018-09-25
1990,Ananya Menon,ananyamenon@gmail.com,9163539049,Female,Thiruvananthapuram,2019-09-24
1991,Shanthi Chandrasekar,shanthichandrasekar908@gmail.com,9566566244,Female,Coimbatore,2024-11-29
1992,Pradeep Singh,pradeepsingh300@gmail.com,9976391278,Male,Visakhapatnam,2021-01-18
1993,Abirami Naidu,abiraminaidu@gmail.com,9429245078,Female,Visakhapatnam,2021-08-26
1994,Sundar Murugan,sundarmurugan399@gmail.com,9490158745,Male,Chandigarh,2024-01-20
1995,Vishal Nair,vishalnair364@gmail.com,9085653702,Male,Vellore,2024-05-26
1996,Iniya Venkatesan,iniyavenkatesan@gmail.com,9928355118,Female,Bhopal,2021-12-27
1997,Malathi Subramaniam,malathisubramaniam6@gmail.com,9503363028,Female,Delhi,2023-05-08
1998,Suganya Sundaram,suganyasundaram936@gmail.com,9568411392,Female,Nagpur,2025-08-19
1999,Shreya Bansal,shreyabansal728@gmail.com,9590560815,Female,Pune,2020-05-30
2000,Kannappan Pandian,kannappanpandian678@gmail.com,9412377057,Male,Tiruchirappalli,2020-03-01
2001,Karthik Raj,karthikraj@gmail.com,9234903076,Male,Madurai,2024-09-14
2002,Aditi Saxena,aditisaxena@gmail.com,9967031088,Female,Pune,2024-06-18
2003,Divya Subramaniam,divyasubramaniam677@gmail.com,9445661877,Female,Mysuru,2026-01-09
2004,Anitha Balasubramaniam,anithabalasubramaniam158@gmail.com,9928015115,Female,Chandigarh,2020-12-22
2005,Deepak Desai,deepakdesai75@gmail.com,9943537203,Male,Madurai,2025-09-29
2006,Manoj Bose,manojbose@gmail.com,9203930361,Male,Bengaluru,2024-03-20
2007,Shalini Rangan,shalinirangan@gmail.com,9178778662,Female,Coimbatore,2020-01-16
2008,Jothi Chandrasekar,jothichandrasekar738@gmail.com,9907278346,Female,Vellore,2025-11-11
2009,Aman Chatterjee,amanchatterjee@gmail.com,9178020107,Male,Delhi,2022-09-26
2010,Ganesan Annamalai,ganesanannamalai@gmail.com,9165027405,Male,Madurai,2025-10-04
2011,Nisha Verma,nishaverma566@gmail.com,9825253806,Female,Thiruvananthapuram,2021-09-23
2012,Dinesh Sivaraman,dineshsivaraman269@gmail.com,9345669364,Male,Hyderabad,2024-10-27
2013,Vidya Ramanathan,vidyaramanathan17@gmail.com,9239944317,Female,Mysuru,2021-03-24
2014,Poornima Balasubramaniam,poornimabalasubramaniam@gmail.com,9630382194,Female,Tiruchirappalli,2021-04-17
2015,Aishwarya Saxena,aishwaryasaxena138@gmail.com,9993643131,Female,Thiruvananthapuram,2024-01-22
2016,Deepa Naidu,deepanaidu131@gmail.com,9298567461,Female,Lucknow,2022-03-31
2017,Pradeep Pillai,pradeeppillai46@gmail.com,9188410932,Male,Delhi,2021-10-25
2018,Sivakumar Kumar,sivakumarkumar858@gmail.com,9668419070,Male,Lucknow,2026-03-18
2019,Mohan Iyengar,mohaniyengar528@gmail.com,9290682621,Male,Visakhapatnam,2025-12-22
2020,Mohan Pillai,mohanpillai593@gmail.com,9227772672,Male,Chennai,2024-01-14
2021,Geetha Sivaraman,geethasivaraman879@gmail.com,9184855637,Female,Bengaluru,2019-04-16
2022,Riya Nair,riyanair@gmail.com,9498955698,Female,Nagpur,2022-04-18
2023,Sandeep Bhatt,sandeepbhatt@gmail.com,9477423542,Male,Lucknow,2019-06-07
2024,Padma Subramaniam,padmasubramaniam546@gmail.com,9179813713,Female,Jaipur,2019-04-24
2025,Sameer Pandey,sameerpandey192@gmail.com,9539235554,Male,Chennai,2020-12-09
2026,Kamakshi Reddy,kamakshireddy726@gmail.com,9015436506,Female,Coimbatore,2025-01-07
2027,Shalini Ramanathan,shaliniramanathan221@gmail.com,9733137116,Female,Coimbatore,2023-05-24
2028,Pooja Rao,poojarao270@gmail.com,9261809358,Female,Kochi,2021-06-06
2029,Meghana Rao,meghanarao219@gmail.com,9078018288,Female,Nagpur,2023-01-21
2030,Kabir Joshi,kabirjoshi@gmail.com,9002623537,Male,Visakhapatnam,2021-12-28
2031,Sanya Agarwal,sanyaagarwal95@gmail.com,9844998135,Female,Tiruchirappalli,2024-10-22
2032,Kamakshi Nair,kamakshinair503@gmail.com,9950921183,Female,Mysuru,2018-06-17
2033,Shanthi Iyengar,shanthiiyengar320@gmail.com,9788575348,Female,Kolkata,2018-01-27
2034,Vasanthi Reddy,vasanthireddy781@gmail.com,9306491851,Female,Mumbai,2025-09-16
2035,Muthu Subramaniam,muthusubramaniam982@gmail.com,9547712751,Male,Chennai,2021-05-11
2036,Komal Bhatt,komalbhatt679@gmail.com,9794902321,Female,Kolkata,2025-04-30
2037,Sumathi Subramaniam,sumathisubramaniam284@gmail.com,9590969731,Female,Kolkata,2020-01-13
2038,Sivakumar Thiagarajan,sivakumarthiagarajan@gmail.com,9507057236,Male,Vellore,2019-01-24
2039,Kunal Saxena,kunalsaxena@gmail.com,9395639164,Male,Chandigarh,2020-03-19
2040,Murugan Iyengar,muruganiyengar404@gmail.com,9344454327,Male,Vijayawada,2018-10-22
2041,Pankaj Gupta,pankajgupta610@gmail.com,9037905524,Male,Tiruchirappalli,2019-06-18
2042,Vetrivel Murugan,vetrivelmurugan502@gmail.com,9818002139,Male,Ahmedabad,2021-03-05
2043,Yash Rao,yashrao161@gmail.com,9725007909,Male,Chandigarh,2020-10-21
2044,Ananya Reddy,ananyareddy820@gmail.com,9650945936,Female,Nagpur,2022-04-10
2045,Anjali Joshi,anjalijoshi@gmail.com,9061874421,Female,Lucknow,2023-09-16
2046,Aarti Mehta,aartimehta934@gmail.com,9391863661,Female,Tiruchirappalli,2023-03-28
2047,Harish Mudaliar,harishmudaliar@gmail.com,9684461848,Male,Nagpur,2022-10-03
2048,Saranya Sivaraman,saranyasivaraman657@gmail.com,9640956495,Female,Tiruchirappalli,2024-08-18
2049,Diya Deshpande,diyadeshpande@gmail.com,9828031344,Female,Chandigarh,2021-12-07
2050,Manisha Rao,manisharao531@gmail.com,9473252403,Female,Indore,2026-04-12
2051,Velmurugan Chettiar,velmuruganchettiar664@gmail.com,9062724607,Male,Bhopal,2026-05-22
2052,Bhuvana Venkatesan,bhuvanavenkatesan341@gmail.com,9828359740,Female,Pune,2023-12-20
2053,Kannappan Gounder,kannappangounder595@gmail.com,9171439562,Male,Chandigarh,2018-04-30
2054,Uma Kumar,umakumar897@gmail.com,9237319201,Female,Thiruvananthapuram,2019-08-02
2055,Bhuvana Rangan,bhuvanarangan596@gmail.com,9422324699,Female,Kochi,2022-11-04
2056,Dinesh Krishnan,dineshkrishnan@gmail.com,9762310958,Male,Madurai,2018-08-07
2057,Loganathan Krishnan,loganathankrishnan495@gmail.com,9818339284,Male,Indore,2023-04-07
2058,Rajesh Murugan,rajeshmurugan270@gmail.com,9284629523,Male,Lucknow,2025-07-01
2059,Saravanan Chandrasekar,saravananchandrasekar744@gmail.com,9453700866,Male,Bengaluru,2019-10-18
2060,Srinivasan Reddy,srinivasanreddy884@gmail.com,9211436526,Male,Visakhapatnam,2026-04-05
2061,Rajesh Desai,rajeshdesai513@gmail.com,9436705767,Male,Indore,2022-01-28
2062,Rohit Rao,rohitrao@gmail.com,9042564751,Male,Chennai,2020-07-22
2063,Rajeswari Sundaram,rajeswarisundaram@gmail.com,9932688645,Female,Surat,2018-02-10
2064,Velmurugan Rangan,velmuruganrangan519@gmail.com,9263929473,Male,Surat,2023-08-21
2065,Nisha Kulkarni,nishakulkarni@gmail.com,9553721164,Female,Lucknow,2022-11-20
2066,Kunal Patel,kunalpatel640@gmail.com,9713290196,Male,Kochi,2022-04-10
2067,Vetrivel Iyer,vetriveliyer367@gmail.com,9832024613,Male,Coimbatore,2020-01-08
2068,Nithya Murugan,nithyamurugan644@gmail.com,9625902265,Female,Visakhapatnam,2018-06-09
2069,Riya Menon,riyamenon309@gmail.com,9516590922,Female,Salem,2020-06-09
2070,Amudha Balasubramaniam,amudhabalasubramaniam210@gmail.com,9557276351,Female,Madurai,2024-01-04
2071,Harish Iyengar,harishiyengar892@gmail.com,9198580383,Male,Salem,2025-09-09
2072,Manisha Agarwal,manishaagarwal82@gmail.com,9330055786,Female,Ahmedabad,2020-12-08
2073,Sumathi Murugan,sumathimurugan781@gmail.com,9255173056,Female,Ahmedabad,2022-07-26
2074,Sumathi Murugan,sumathimurugan872@gmail.com,9493367285,Female,Madurai,2018-09-11
2075,Tarun Joshi,tarunjoshi308@gmail.com,9486925127,Male,Hyderabad,2020-06-07
2076,Vanitha Thiagarajan,vanithathiagarajan831@gmail.com,9256002339,Female,Mysuru,2021-06-25
2077,Geetha Thiagarajan,geethathiagarajan109@gmail.com,9416348135,Female,Jaipur,2018-05-03
2078,Rohit Joshi,rohitjoshi@gmail.com,9703799463,Male,Delhi,2018-09-15
2079,Neha Chatterjee,nehachatterjee283@gmail.com,9196039322,Female,Lucknow,2024-12-24
2080,Shreya Deshpande,shreyadeshpande192@gmail.com,9945923966,Female,Chandigarh,2022-08-26
2081,Saranya Annamalai,saranyaannamalai777@gmail.com,9097057024,Female,Lucknow,2021-09-12
2082,Aditi Mehta,aditimehta@gmail.com,9742330962,Female,Madurai,2025-06-30
2083,Abirami Subramaniam,abiramisubramaniam560@gmail.com,9369037101,Female,Delhi,2019-12-11
2084,Naveen Kumar,naveenkumar@gmail.com,9767794409,Male,Bhopal,2025-07-03
2085,Loganathan Sundaram,loganathansundaram967@gmail.com,9695652957,Male,Vijayawada,2023-01-29
2086,Suganya Annamalai,suganyaannamalai95@gmail.com,9117441838,Female,Kolkata,2023-03-12
2087,Sandeep Mukherjee,sandeepmukherjee841@gmail.com,9425656548,Male,Kolkata,2024-11-01
2088,Baskaran Sundaram,baskaransundaram314@gmail.com,9928276303,Male,Vijayawada,2022-07-11
2089,Kritika Mishra,kritikamishra@gmail.com,9967505537,Female,Nagpur,2022-05-11
2090,Latha Raj,latharaj125@gmail.com,9658572768,Female,Hyderabad,2020-12-26
2091,Riya Mehta,riyamehta232@gmail.com,9427703724,Female,Ahmedabad,2025-12-05
2092,Malathi Kumar,malathikumar807@gmail.com,9356937666,Female,Lucknow,2023-03-01
2093,Ananya Verma,ananyaverma346@gmail.com,9079644692,Female,Vijayawada,2020-07-07
2094,Manikandan Pandian,manikandanpandian@gmail.com,9938710195,Male,Salem,2020-10-21
2095,Vandana Malhotra,vandanamalhotra@gmail.com,9205556684,Female,Indore,2019-02-19
2096,Palanisamy Mudaliar,palanisamymudaliar@gmail.com,9021115844,Male,Visakhapatnam,2020-04-18
2097,Aman Chatterjee,amanchatterjee799@gmail.com,9225009860,Male,Tiruchirappalli,2018-06-27
2098,Dinesh Balasubramaniam,dineshbalasubramaniam@gmail.com,9248795735,Male,Jaipur,2019-06-28
2099,Kalpana Gounder,kalpanagounder440@gmail.com,9012398090,Female,Tiruchirappalli,2023-05-17
2100,Lakshmi Pandian,lakshmipandian@gmail.com,9518145282,Female,Salem,2019-03-28
2101,Swati Pillai,swatipillai@gmail.com,9201271438,Female,Mumbai,2020-06-26
2102,Murugan Gounder,murugangounder@gmail.com,9072334986,Male,Kochi,2025-01-20
2103,Riya Joshi,riyajoshi116@gmail.com,9083786444,Female,Chennai,2021-07-31
2104,Aditi Gupta,aditigupta86@gmail.com,9603858937,Female,Nagpur,2020-07-29
2105,Manikandan Chettiar,manikandanchettiar752@gmail.com,9530838851,Male,Bengaluru,2025-12-02
2106,Sathish Iyer,sathishiyer@gmail.com,9277667510,Male,Madurai,2025-04-26
2107,Prakash Rangan,prakashrangan798@gmail.com,9302277247,Male,Chennai,2021-07-17
2108,Shreya Chatterjee,shreyachatterjee@gmail.com,9480881724,Female,Salem,2018-05-16
2109,Thangaraj Murugan,thangarajmurugan765@gmail.com,9208376568,Male,Delhi,2025-01-14
2110,Radhika Gounder,radhikagounder@gmail.com,9134064797,Female,Pune,2018-05-06
2111,Siddharth Bose,siddharthbose@gmail.com,9803717059,Male,Kochi,2021-03-23
2112,Iniya Sivaraman,iniyasivaraman741@gmail.com,9237829317,Female,Nagpur,2020-04-09
2113,Amudha Reddy,amudhareddy7@gmail.com,9538483191,Female,Bengaluru,2024-07-07
2114,Dinesh Venkatesan,dineshvenkatesan807@gmail.com,9791480198,Male,Pune,2022-11-21
2115,Rahul Saxena,rahulsaxena@gmail.com,9580401166,Male,Vellore,2018-04-09
2116,Manisha Pandey,manishapandey537@gmail.com,9488706465,Female,Bengaluru,2019-03-07
2117,Iniya Reddy,iniyareddy208@gmail.com,9693651510,Female,Bengaluru,2020-04-18
2118,Abirami Thiagarajan,abiramithiagarajan817@gmail.com,9256104142,Female,Thiruvananthapuram,2023-11-21
2119,Kritika Malhotra,kritikamalhotra565@gmail.com,9117249463,Female,Surat,2024-12-26
2120,Meghana Iyer,meghanaiyer382@gmail.com,9354137860,Female,Kochi,2020-11-07
2121,Neha Patel,nehapatel@gmail.com,9455952206,Female,Pune,2026-07-30
2122,Sneha Kapoor,snehakapoor544@gmail.com,9177423341,Female,Hyderabad,2024-09-16
2123,Preeti Rao,preetirao127@gmail.com,9154852345,Female,Mumbai,2019-06-07
2124,Amit Joshi,amitjoshi523@gmail.com,9490266848,Male,Indore,2025-04-09
2125,Ravichandran Sivaraman,ravichandransivaraman743@gmail.com,9480301333,Male,Lucknow,2020-10-11
2126,Anandan Krishnan,anandankrishnan@gmail.com,9819165715,Male,Lucknow,2023-01-21
2127,Isha Kulkarni,ishakulkarni202@gmail.com,9115879853,Female,Kochi,2024-06-03
2128,Dhanalakshmi Venkatesan,dhanalakshmivenkatesan273@gmail.com,9807014746,Female,Lucknow,2021-02-14
2129,Arun Rajan,arunrajan819@gmail.com,9056486197,Male,Indore,2024-07-29
2130,Kumaresan Iyengar,kumaresaniyengar816@gmail.com,9561348230,Male,Madurai,2022-08-15
2131,Pallavi Pandey,pallavipandey@gmail.com,9183341998,Female,Jaipur,2025-12-14
2132,Payal Chatterjee,payalchatterjee148@gmail.com,9650804623,Female,Coimbatore,2024-12-31
2133,Nisha Desai,nishadesai739@gmail.com,9647258049,Female,Lucknow,2019-03-20
2134,Sangeetha Raj,sangeetharaj@gmail.com,9701916433,Female,Coimbatore,2024-10-23
2135,Divya Subramaniam,divyasubramaniam930@gmail.com,9312137059,Female,Surat,2018-10-03
2136,Diya Mukherjee,diyamukherjee566@gmail.com,9160341037,Female,Ahmedabad,2024-08-24
2137,Yuvaraj Rajan,yuvarajrajan106@gmail.com,9615652272,Male,Vellore,2022-01-22
2138,Ritu Iyer,rituiyer292@gmail.com,9841988048,Female,Hyderabad,2018-07-31
2139,Kavya Mishra,kavyamishra526@gmail.com,9933205495,Female,Pune,2025-06-04
2140,Selvi Balasubramaniam,selvibalasubramaniam936@gmail.com,9496599111,Female,Indore,2018-04-15
2141,Suresh Subramaniam,sureshsubramaniam@gmail.com,9114878212,Male,Visakhapatnam,2018-02-20
2142,Srinivasan Thiagarajan,srinivasanthiagarajan405@gmail.com,9138691939,Male,Chandigarh,2020-11-02
2143,Chandran Sundaram,chandransundaram834@gmail.com,9433191996,Male,Chandigarh,2024-01-02
2144,Namrata Kulkarni,namratakulkarni405@gmail.com,9939784804,Female,Jaipur,2020-01-02
2145,Sneha Sharma,snehasharma@gmail.com,9207806858,Female,Hyderabad,2021-03-07
2146,Riya Malhotra,riyamalhotra@gmail.com,9420765654,Female,Vijayawada,2026-06-10
2147,Arjun Chatterjee,arjunchatterjee@gmail.com,9515751316,Male,Mumbai,2023-02-25
2148,Karpagam Thiagarajan,karpagamthiagarajan281@gmail.com,9183972565,Female,Madurai,2018-11-27
2149,Ritu Mehta,ritumehta667@gmail.com,9127738990,Female,Tiruchirappalli,2022-03-16
2150,Harsh Deshpande,harshdeshpande305@gmail.com,9566737457,Male,Vijayawada,2019-05-29
2151,Arun Annamalai,arunannamalai@gmail.com,9507223713,Male,Jaipur,2021-10-10
2152,Elango Sivaraman,elangosivaraman@gmail.com,9302526179,Male,Bengaluru,2018-04-17
2153,Sumathi Rajan,sumathirajan882@gmail.com,9844369300,Female,Pune,2023-07-28
2154,Gopinath Pillai,gopinathpillai719@gmail.com,9458899196,Male,Delhi,2025-02-07
2155,Mohan Sundaram,mohansundaram539@gmail.com,9865293467,Male,Hyderabad,2019-05-07
2156,Tarun Bose,tarunbose@gmail.com,9528820692,Male,Bengaluru,2018-03-08
2157,Malathi Kumar,malathikumar750@gmail.com,9775280855,Female,Chennai,2020-09-24
2158,Yamuna Sivaraman,yamunasivaraman@gmail.com,9000102541,Female,Kolkata,2022-09-28
2159,Palanisamy Krishnan,palanisamykrishnan657@gmail.com,9717264906,Male,Chennai,2021-02-21
2160,Pradeep Rao,pradeeprao@gmail.com,9231400080,Male,Chennai,2025-01-20
2161,Revathi Nair,revathinair@gmail.com,9375177961,Female,Pune,2024-09-10
2162,Devika Pillai,devikapillai501@gmail.com,9377857957,Female,Salem,2023-07-05
2163,Shanthi Gounder,shanthigounder223@gmail.com,9540760924,Female,Indore,2019-10-21
2164,Ravichandran Nair,ravichandrannair327@gmail.com,9359807472,Male,Mysuru,2024-03-25
2165,Yuvaraj Ramanathan,yuvarajramanathan320@gmail.com,9706734331,Male,Nagpur,2019-03-11
2166,Vasanthi Thiagarajan,vasanthithiagarajan@gmail.com,9323121052,Female,Vijayawada,2020-07-22
2167,Pallavi Joshi,pallavijoshi757@gmail.com,9467152083,Female,Indore,2021-11-27
2168,Ishita Kapoor,ishitakapoor870@gmail.com,9079764655,Female,Nagpur,2019-11-06
2169,Sanjay Mukherjee,sanjaymukherjee759@gmail.com,9076027649,Male,Bengaluru,2019-12-13
2170,Shanthi Gounder,shanthigounder551@gmail.com,9682906344,Female,Vellore,2022-09-10
2171,Riya Bhatt,riyabhatt@gmail.com,9289025410,Female,Bengaluru,2023-08-19
2172,Priya Nair,priyanair710@gmail.com,9227023345,Female,Surat,2023-06-01
2173,Manisha Pandey,manishapandey@gmail.com,9272951468,Female,Vellore,2024-08-13
2174,Sundar Iyer,sundariyer@gmail.com,9081960572,Male,Hyderabad,2020-10-10
2175,Siddharth Chatterjee,siddharthchatterjee@gmail.com,9351458402,Male,Chandigarh,2023-03-01
2176,Vidya Gounder,vidyagounder826@gmail.com,9629773338,Female,Bhopal,2019-09-27
2177,Anandan Chettiar,anandanchettiar@gmail.com,9059013424,Male,Nagpur,2020-04-15
2178,Abhishek Shetty,abhishekshetty@gmail.com,9062649697,Male,Lucknow,2020-03-30
2179,Aishwarya Mukherjee,aishwaryamukherjee127@gmail.com,9816667374,Female,Visakhapatnam,2018-12-16
2180,Aishwarya Kapoor,aishwaryakapoor@gmail.com,9793941635,Female,Kolkata,2024-11-11
2181,Isha Menon,ishamenon@gmail.com,9155856976,Female,Indore,2019-12-04
2182,Ashok Mudaliar,ashokmudaliar@gmail.com,9460688837,Male,Ahmedabad,2019-06-23
2183,Karpagam Krishnan,karpagamkrishnan260@gmail.com,9295250480,Female,Chennai,2022-05-03
2184,Kannappan Pandian,kannappanpandian@gmail.com,9748845785,Male,Indore,2021-04-03
2185,Anitha Pillai,anithapillai@gmail.com,9824829760,Female,Chandigarh,2022-11-14
2186,Kabir Shetty,kabirshetty228@gmail.com,9162053168,Male,Bengaluru,2025-12-04
2187,Revathi Ramanathan,revathiramanathan@gmail.com,9010879726,Female,Surat,2023-09-14
2188,Riya Joshi,riyajoshi367@gmail.com,9194749573,Female,Ahmedabad,2024-10-12
2189,Shreya Pillai,shreyapillai520@gmail.com,9817748688,Female,Salem,2026-03-07
2190,Dinesh Pillai,dineshpillai287@gmail.com,9915289414,Male,Kolkata,2025-12-20
2191,Vishal Verma,vishalverma@gmail.com,9933052010,Male,Chennai,2019-07-11
2192,Vetrivel Iyer,vetriveliyer@gmail.com,9726519571,Male,Chandigarh,2022-09-17
2193,Suganya Iyer,suganyaiyer@gmail.com,9262789471,Female,Salem,2023-11-01
2194,Aman Mehta,amanmehta@gmail.com,9910347016,Male,Kolkata,2025-10-25
2195,Ritu Pandey,ritupandey995@gmail.com,9782433293,Female,Chennai,2024-04-14
2196,Thangaraj Nair,thangarajnair371@gmail.com,9068489114,Male,Delhi,2021-02-01
2197,Sameer Kapoor,sameerkapoor@gmail.com,9916696865,Male,Vijayawada,2024-02-07
2198,Suresh Krishnan,sureshkrishnan490@gmail.com,9017589329,Male,Visakhapatnam,2021-08-17
2199,Riya Nair,riyanair831@gmail.com,9676791370,Female,Mumbai,2020-03-16
2200,Harsh Agarwal,harshagarwal814@gmail.com,9406940971,Male,Pune,2018-04-09
2201,Loganathan Rangan,loganathanrangan666@gmail.com,9374359037,Male,Ahmedabad,2021-10-05
2202,Velmurugan Iyer,velmuruganiyer401@gmail.com,9423459192,Male,Visakhapatnam,2019-07-05
2203,Kannan Venkatesan,kannanvenkatesan784@gmail.com,9696691436,Male,Ahmedabad,2024-10-13
2204,Gaurav Singh,gauravsingh900@gmail.com,9978494858,Male,Vijayawada,2024-04-27
2205,Shanthi Chettiar,shanthichettiar981@gmail.com,9706941495,Female,Surat,2020-08-25
2206,Selvi Iyengar,selviiyengar54@gmail.com,9015817365,Female,Hyderabad,2020-11-25
2207,Tarun Bansal,tarunbansal@gmail.com,9424530543,Male,Nagpur,2020-01-01
2208,Pallavi Saxena,pallavisaxena@gmail.com,9097969199,Female,Chandigarh,2023-07-26
2209,Sivakumar Krishnan,sivakumarkrishnan75@gmail.com,9120745571,Male,Pune,2019-08-05
2210,Poornima Reddy,poornimareddy@gmail.com,9578834546,Female,Visakhapatnam,2020-04-21
2211,Sathish Raj,sathishraj999@gmail.com,9263153756,Male,Bhopal,2024-10-02
2212,Manisha Joshi,manishajoshi29@gmail.com,9784023872,Female,Salem,2018-05-09
2213,Aman Gupta,amangupta677@gmail.com,9439150789,Male,Pune,2023-08-26
2214,Divya Gounder,divyagounder725@gmail.com,9430398411,Female,Chandigarh,2024-01-18
2215,Suganya Iyer,suganyaiyer371@gmail.com,9862765122,Female,Nagpur,2019-12-06
2216,Manoj Iyer,manojiyer591@gmail.com,9885891504,Male,Bengaluru,2020-05-16
2217,Aryan Reddy,aryanreddy971@gmail.com,9593470861,Male,Salem,2025-04-16
2218,Vanitha Mudaliar,vanithamudaliar604@gmail.com,9858483449,Female,Bhopal,2023-01-18
2219,Komal Desai,komaldesai395@gmail.com,9429030698,Female,Hyderabad,2024-07-28
2220,Selvi Iyer,selviiyer@gmail.com,9326555594,Female,Ahmedabad,2026-04-21
2221,Priya Pandian,priyapandian@gmail.com,9630818466,Female,Vijayawada,2025-09-09
2222,Poornima Annamalai,poornimaannamalai313@gmail.com,9492018200,Female,Visakhapatnam,2020-02-17
2223,Karthik Raj,karthikraj270@gmail.com,9642534363,Male,Nagpur,2022-05-28
2224,Sathish Iyengar,sathishiyengar469@gmail.com,9937539981,Male,Vellore,2023-02-12
2225,Kunal Malhotra,kunalmalhotra979@gmail.com,9469298583,Male,Thiruvananthapuram,2024-01-10
2226,Pooja Joshi,poojajoshi946@gmail.com,9193016518,Female,Thiruvananthapuram,2022-11-06
2227,Chandran Balasubramaniam,chandranbalasubramaniam@gmail.com,9471186515,Male,Lucknow,2019-04-24
2228,Aarti Iyer,aartiiyer579@gmail.com,9769081984,Female,Madurai,2024-10-21
2229,Kabir Kapoor,kabirkapoor759@gmail.com,9610561918,Male,Lucknow,2025-02-21
2230,Vishal Kulkarni,vishalkulkarni@gmail.com,9713926103,Male,Vijayawada,2020-06-08
2231,Siddharth Verma,siddharthverma295@gmail.com,9111259004,Male,Jaipur,2024-09-04
2232,Suganya Iyer,suganyaiyer542@gmail.com,9273437728,Female,Mumbai,2023-10-13
2233,Ishaan Mishra,ishaanmishra26@gmail.com,9123709046,Male,Mumbai,2020-08-23
2234,Swati Deshpande,swatideshpande@gmail.com,9846432344,Female,Tiruchirappalli,2020-07-11
2235,Saranya Rajan,saranyarajan@gmail.com,9913436575,Female,Hyderabad,2024-10-23
2236,Meena Pillai,meenapillai355@gmail.com,9062286544,Female,Thiruvananthapuram,2024-01-20
2237,Vanitha Annamalai,vanithaannamalai194@gmail.com,9285866041,Female,Surat,2019-03-26
2238,Siddharth Mishra,siddharthmishra@gmail.com,9634998074,Male,Bhopal,2020-02-05
2239,Rajkumar Reddy,rajkumarreddy739@gmail.com,9650781222,Male,Kolkata,2020-05-11
2240,Ishaan Menon,ishaanmenon603@gmail.com,9016976419,Male,Salem,2022-06-19
2241,Thangaraj Subramaniam,thangarajsubramaniam@gmail.com,9699934091,Male,Chandigarh,2022-03-05
2242,Vignesh Natarajan,vigneshnatarajan@gmail.com,9046158644,Male,Jaipur,2021-03-07
2243,Indumathi Rajan,indumathirajan567@gmail.com,9696224212,Female,Kochi,2021-12-19
2244,Simran Reddy,simranreddy790@gmail.com,9024213297,Female,Vellore,2022-02-09
2245,Pradeep Chopra,pradeepchopra396@gmail.com,9383534099,Male,Pune,2025-11-29
2246,Kumaresan Pillai,kumaresanpillai755@gmail.com,9221019102,Male,Lucknow,2023-05-20
2247,Kritika Joshi,kritikajoshi236@gmail.com,9442293064,Female,Mysuru,2018-11-14
2248,Anil Mehta,anilmehta147@gmail.com,9162618661,Male,Indore,2022-02-21
2249,Harish Ramanathan,harishramanathan313@gmail.com,9585086681,Male,Coimbatore,2024-02-14
2250,Uma Ramanathan,umaramanathan302@gmail.com,9746094134,Female,Kochi,2022-03-26
2251,Swati Bhatt,swatibhatt840@gmail.com,9096241637,Female,Vellore,2021-09-01
2252,Aishwarya Menon,aishwaryamenon170@gmail.com,9573582914,Female,Mumbai,2023-06-22
2253,Pankaj Chatterjee,pankajchatterjee423@gmail.com,9986197217,Male,Bhopal,2020-09-13
2254,Pallavi Kulkarni,pallavikulkarni427@gmail.com,9301957003,Female,Vellore,2022-06-10
2255,Palanisamy Reddy,palanisamyreddy765@gmail.com,9554992282,Male,Chennai,2026-06-16
2256,Kabir Malhotra,kabirmalhotra@gmail.com,9963822055,Male,Visakhapatnam,2025-05-10
2257,Vinay Nair,vinaynair125@gmail.com,9372401894,Male,Tiruchirappalli,2024-10-03
2258,Kabir Bansal,kabirbansal94@gmail.com,9781702530,Male,Indore,2019-09-20
2259,Abhishek Patel,abhishekpatel@gmail.com,9928666205,Male,Madurai,2019-11-19
2260,Malathi Rajan,malathirajan938@gmail.com,9418130826,Female,Salem,2023-06-14
2261,Abirami Sivaraman,abiramisivaraman8@gmail.com,9666670488,Female,Delhi,2026-07-01
2262,Pankaj Agarwal,pankajagarwal@gmail.com,9975719373,Male,Surat,2019-04-18
2263,Loganathan Kumar,loganathankumar707@gmail.com,9504510202,Male,Thiruvananthapuram,2026-01-23
2264,Vinay Deshpande,vinaydeshpande290@gmail.com,9651813608,Male,Visakhapatnam,2020-05-29
2265,Ramesh Rangan,rameshrangan@gmail.com,9671411880,Male,Bengaluru,2019-02-09
2266,Rajeswari Thiagarajan,rajeswarithiagarajan928@gmail.com,9713617451,Female,Vijayawada,2023-04-03
2267,Payal Sharma,payalsharma@gmail.com,9013214710,Female,Nagpur,2021-05-09
2268,Anandan Iyengar,anandaniyengar24@gmail.com,9263162060,Male,Jaipur,2021-08-02
2269,Jagadeesh Mudaliar,jagadeeshmudaliar@gmail.com,9294242447,Male,Mysuru,2025-05-07
2270,Tarun Chopra,tarunchopra@gmail.com,9209238094,Male,Salem,2025-03-11
2271,Sangeetha Rangan,sangeetharangan@gmail.com,9085201701,Female,Chennai,2022-10-16
2272,Vinay Sharma,vinaysharma@gmail.com,9600340668,Male,Tiruchirappalli,2018-11-15
2273,Deepak Reddy,deepakreddy@gmail.com,9384454161,Male,Kolkata,2018-08-18
2274,Payal Sharma,payalsharma963@gmail.com,9295590788,Female,Jaipur,2025-11-01
2275,Vasanthi Sundaram,vasanthisundaram924@gmail.com,9081570010,Female,Vijayawada,2021-06-09
2276,Karpagam Sundaram,karpagamsundaram42@gmail.com,9112073248,Female,Salem,2023-03-01
2277,Elango Thiagarajan,elangothiagarajan@gmail.com,9635655573,Male,Vellore,2023-08-06
2278,Sandeep Mishra,sandeepmishra973@gmail.com,9163460728,Male,Surat,2020-09-21
2279,Kritika Chatterjee,kritikachatterjee542@gmail.com,9335262537,Female,Bhopal,2021-11-21
2280,Dev Gupta,devgupta567@gmail.com,9441943922,Male,Ahmedabad,2018-01-13
2281,Sneha Shetty,snehashetty@gmail.com,9427161362,Female,Visakhapatnam,2021-11-07
2282,Yash Iyer,yashiyer819@gmail.com,9851230237,Male,Bengaluru,2026-04-20
2283,Vanitha Pillai,vanithapillai@gmail.com,9138293618,Female,Indore,2024-03-20
2284,Padma Reddy,padmareddy@gmail.com,9131194761,Female,Kolkata,2025-05-29
2285,Dhanalakshmi Balasubramaniam,dhanalakshmibalasubramaniam453@gmail.com,9142296836,Female,Bengaluru,2022-01-15
2286,Vivek Joshi,vivekjoshi@gmail.com,9139058459,Male,Pune,2018-07-19
2287,Komal Kulkarni,komalkulkarni267@gmail.com,9310702992,Female,Tiruchirappalli,2024-01-01
2288,Meghana Iyer,meghanaiyer838@gmail.com,9696047373,Female,Surat,2025-01-10
2289,Shanthi Naidu,shanthinaidu903@gmail.com,9877549630,Female,Madurai,2020-12-26
2290,Dhanalakshmi Murugan,dhanalakshmimurugan327@gmail.com,9071402094,Female,Mysuru,2024-12-18
2291,Vandana Agarwal,vandanaagarwal655@gmail.com,9190307623,Female,Salem,2024-12-08
2292,Payal Mishra,payalmishra771@gmail.com,9952000081,Female,Kochi,2018-02-26
2293,Amudha Iyer,amudhaiyer@gmail.com,9890951787,Female,Visakhapatnam,2024-09-22
2294,Selvi Ramanathan,selviramanathan448@gmail.com,9274755034,Female,Tiruchirappalli,2025-05-27
2295,Chandran Murugan,chandranmurugan738@gmail.com,9605675378,Male,Pune,2024-05-22
2296,Kunal Menon,kunalmenon27@gmail.com,9857669406,Male,Delhi,2022-01-03
2297,Namrata Deshpande,namratadeshpande@gmail.com,9930105111,Female,Ahmedabad,2025-05-08
2298,Simran Sharma,simransharma134@gmail.com,9832596242,Female,Mumbai,2021-02-06
2299,Thangaraj Chandrasekar,thangarajchandrasekar605@gmail.com,9387463742,Male,Kolkata,2024-04-13
2300,Sanya Patel,sanyapatel@gmail.com,9199784780,Female,Bhopal,2023-07-08
2301,Vandana Mehta,vandanamehta604@gmail.com,9796579317,Female,Kochi,2023-07-27
2302,Ritu Deshpande,ritudeshpande55@gmail.com,9186300573,Female,Visakhapatnam,2018-12-03
2303,Murugan Natarajan,murugannatarajan482@gmail.com,9826372983,Male,Pune,2021-09-28
2304,Yash Gupta,yashgupta766@gmail.com,9125132240,Male,Surat,2023-08-03
2305,Vidya Subramaniam,vidyasubramaniam@gmail.com,9336866019,Female,Madurai,2023-05-25
2306,Varun Verma,varunverma208@gmail.com,9976082062,Male,Indore,2022-10-27
2307,Rohan Trivedi,rohantrivedi204@gmail.com,9045019024,Male,Thiruvananthapuram,2026-02-10
2308,Devika Annamalai,devikaannamalai246@gmail.com,9839332602,Female,Vellore,2019-03-30
2309,Diya Rao,diyarao@gmail.com,9771032328,Female,Mysuru,2024-12-07
2310,Rajesh Iyengar,rajeshiyengar900@gmail.com,9037095374,Male,Hyderabad,2022-03-23
2311,Sangeetha Annamalai,sangeethaannamalai15@gmail.com,9321618354,Female,Bengaluru,2022-09-17
2312,Swati Bose,swatibose677@gmail.com,9168521243,Female,Tiruchirappalli,2019-11-23
2313,Lakshmi Iyer,lakshmiiyer@gmail.com,9795241312,Female,Chandigarh,2024-04-10
2314,Aman Reddy,amanreddy367@gmail.com,9937607538,Male,Bhopal,2021-04-15
2315,Selvi Pillai,selvipillai@gmail.com,9500331885,Female,Tiruchirappalli,2024-01-15
2316,Amudha Murugan,amudhamurugan515@gmail.com,9575308340,Female,Surat,2025-08-13
2317,Bala Chandrasekar,balachandrasekar352@gmail.com,9979606649,Male,Coimbatore,2025-02-14
2318,Kamakshi Kumar,kamakshikumar109@gmail.com,9422751608,Female,Lucknow,2023-05-26
2319,Preeti Malhotra,preetimalhotra@gmail.com,9159887748,Female,Jaipur,2019-01-05
2320,Kavya Deshpande,kavyadeshpande534@gmail.com,9903463448,Female,Vijayawada,2024-04-11
2321,Ritu Nair,ritunair765@gmail.com,9226383619,Female,Pune,2020-04-28
2322,Deepa Iyer,deepaiyer@gmail.com,9995360196,Female,Vijayawada,2024-05-13
2323,Pallavi Reddy,pallavireddy779@gmail.com,9634347564,Female,Delhi,2018-12-16
2324,Sneha Malhotra,snehamalhotra@gmail.com,9622581787,Female,Vijayawada,2020-10-22
2325,Prabhu Pillai,prabhupillai416@gmail.com,9570421655,Male,Vijayawada,2020-09-25
2326,Bhavya Sharma,bhavyasharma372@gmail.com,9623411434,Female,Indore,2026-04-07
2327,Yamuna Reddy,yamunareddy297@gmail.com,9163078872,Female,Thiruvananthapuram,2019-10-15
2328,Uma Chandrasekar,umachandrasekar@gmail.com,9714892717,Female,Jaipur,2022-08-20
2329,Jagadeesh Sivaraman,jagadeeshsivaraman14@gmail.com,9985648755,Male,Vijayawada,2019-07-23
2330,Ajay Deshpande,ajaydeshpande681@gmail.com,9870950468,Male,Delhi,2025-02-24
2331,Vasanthi Nair,vasanthinair@gmail.com,9764561935,Female,Jaipur,2018-02-11
2332,Harish Krishnan,harishkrishnan735@gmail.com,9162984261,Male,Thiruvananthapuram,2019-03-17
2333,Gopinath Thiagarajan,gopinaththiagarajan@gmail.com,9846485388,Male,Thiruvananthapuram,2020-10-19
2334,Jagadeesh Sundaram,jagadeeshsundaram468@gmail.com,9718318676,Male,Vellore,2021-12-27
2335,Dev Agarwal,devagarwal@gmail.com,9510732442,Male,Madurai,2020-10-04
2336,Kavya Shetty,kavyashetty@gmail.com,9435997838,Female,Indore,2021-09-04
2337,Ritu Pandey,ritupandey911@gmail.com,9813852672,Female,Jaipur,2023-02-20
2338,Kavya Shetty,kavyashetty244@gmail.com,9954607808,Female,Madurai,2025-10-27
2339,Sanya Chopra,sanyachopra528@gmail.com,9195677977,Female,Kochi,2018-03-04
2340,Gaurav Gupta,gauravgupta@gmail.com,9441764740,Male,Salem,2019-07-11
2341,Rohan Kulkarni,rohankulkarni229@gmail.com,9975591754,Male,Tiruchirappalli,2022-10-22
2342,Karthik Iyengar,karthikiyengar229@gmail.com,9222834416,Male,Chennai,2021-11-24
2343,Aishwarya Desai,aishwaryadesai860@gmail.com,9814433460,Female,Kolkata,2026-02-20
2344,Kunal Rao,kunalrao916@gmail.com,9557267555,Male,Coimbatore,2019-10-21
2345,Anitha Pillai,anithapillai821@gmail.com,9184397865,Female,Vellore,2018-07-31
2346,Divya Chandrasekar,divyachandrasekar@gmail.com,9137700969,Female,Coimbatore,2023-01-21
2347,Kumaresan Chettiar,kumaresanchettiar@gmail.com,9976728725,Male,Coimbatore,2024-03-21
2348,Anitha Natarajan,anithanatarajan970@gmail.com,9545120295,Female,Kolkata,2025-05-05
2349,Ramesh Rajan,rameshrajan@gmail.com,9961337515,Male,Madurai,2020-01-14
2350,Payal Mishra,payalmishra604@gmail.com,9067157693,Female,Vijayawada,2018-05-29
2351,Komal Bose,komalbose961@gmail.com,9390293658,Female,Tiruchirappalli,2024-03-03
2352,Naveen Naidu,naveennaidu669@gmail.com,9155417668,Male,Salem,2025-11-30
2353,Sivakumar Nair,sivakumarnair899@gmail.com,9019551280,Male,Tiruchirappalli,2023-09-18
2354,Shanthi Sundaram,shanthisundaram464@gmail.com,9459785678,Female,Coimbatore,2019-10-02
2355,Shanthi Chettiar,shanthichettiar@gmail.com,9571604344,Female,Surat,2025-03-20
2356,Vetrivel Krishnan,vetrivelkrishnan180@gmail.com,9338092842,Male,Lucknow,2019-01-24
2357,Shanthi Gounder,shanthigounder364@gmail.com,9438695181,Female,Vijayawada,2025-05-05
2358,Sameer Malhotra,sameermalhotra781@gmail.com,9983487533,Male,Vijayawada,2021-03-20
2359,Lakshmi Venkatesan,lakshmivenkatesan@gmail.com,9678595520,Female,Nagpur,2020-07-03
2360,Meena Iyer,meenaiyer328@gmail.com,9542678368,Female,Chandigarh,2024-01-23
2361,Arunachalam Gounder,arunachalamgounder@gmail.com,9743383459,Male,Hyderabad,2022-07-07
2362,Arun Venkatesan,arunvenkatesan@gmail.com,9126810156,Male,Chandigarh,2019-10-21
2363,Aarti Bose,aartibose@gmail.com,9489960639,Female,Tiruchirappalli,2024-04-13
2364,Diya Mehta,diyamehta99@gmail.com,9589717907,Female,Mumbai,2025-11-14
2365,Karthikeyan Murugan,karthikeyanmurugan783@gmail.com,9933627933,Male,Kolkata,2018-09-21
2366,Baskaran Nair,baskarannair@gmail.com,9702409114,Male,Jaipur,2025-06-28
2367,Ananya Reddy,ananyareddy594@gmail.com,9853447541,Female,Delhi,2019-08-29
2368,Indumathi Iyer,indumathiiyer418@gmail.com,9932623658,Female,Mysuru,2019-12-18
2369,Vijay Gounder,vijaygounder182@gmail.com,9576396302,Male,Chennai,2024-03-19
2370,Anitha Krishnan,anithakrishnan@gmail.com,9385097465,Female,Ahmedabad,2025-06-27
2371,Divya Venkatesan,divyavenkatesan@gmail.com,9828786207,Female,Visakhapatnam,2019-02-06
2372,Poornima Pandian,poornimapandian@gmail.com,9712832064,Female,Kochi,2019-09-16
2373,Siddharth Gupta,siddharthgupta107@gmail.com,9655039406,Male,Coimbatore,2020-01-19
2374,Meghana Bhatt,meghanabhatt653@gmail.com,9126186978,Female,Hyderabad,2021-07-03
2375,Kavitha Pandian,kavithapandian@gmail.com,9453498103,Female,Mumbai,2025-08-30
2376,Uma Chandrasekar,umachandrasekar200@gmail.com,9378000967,Female,Surat,2023-10-14
2377,Malathi Ramanathan,malathiramanathan355@gmail.com,9678405221,Female,Bengaluru,2023-08-09
2378,Sundar Chandrasekar,sundarchandrasekar@gmail.com,9281986271,Male,Chennai,2020-01-07
2379,Nithish Iyer,nithishiyer@gmail.com,9593143091,Male,Surat,2022-10-28
2380,Vignesh Mudaliar,vigneshmudaliar489@gmail.com,9791762622,Male,Visakhapatnam,2026-06-01
2381,Vijay Krishnan,vijaykrishnan@gmail.com,9319552099,Male,Bhopal,2020-08-08
2382,Shreya Rao,shreyarao@gmail.com,9528535195,Female,Indore,2020-11-09
2383,Murugan Venkatesan,muruganvenkatesan528@gmail.com,9309726863,Male,Chennai,2021-07-14
2384,Deepak Joshi,deepakjoshi108@gmail.com,9002252101,Male,Kolkata,2026-01-04
2385,Rajkumar Chettiar,rajkumarchettiar@gmail.com,9586953974,Male,Chandigarh,2021-02-13
2386,Priya Sundaram,priyasundaram@gmail.com,9377872155,Female,Delhi,2022-11-23
2387,Bala Gounder,balagounder136@gmail.com,9765235710,Male,Kochi,2024-10-25
2388,Shanthi Gounder,shanthigounder@gmail.com,9942506014,Female,Madurai,2023-02-27
2389,Saranya Raj,saranyaraj@gmail.com,9232685722,Female,Surat,2026-07-22
2390,Yamuna Pillai,yamunapillai904@gmail.com,9806916542,Female,Visakhapatnam,2018-05-04
2391,Arunachalam Annamalai,arunachalamannamalai856@gmail.com,9743728442,Male,Nagpur,2024-11-27
2392,Yash Joshi,yashjoshi618@gmail.com,9383859237,Male,Coimbatore,2025-06-09
2393,Sunil Sharma,sunilsharma@gmail.com,9285859572,Male,Bengaluru,2025-11-30
2394,Aishwarya Bhatt,aishwaryabhatt285@gmail.com,9808988574,Female,Salem,2018-10-07
2395,Ritu Saxena,ritusaxena238@gmail.com,9430053994,Female,Bengaluru,2019-08-19
2396,Karpagam Sivaraman,karpagamsivaraman@gmail.com,9851781456,Female,Mysuru,2023-09-16
2397,Isha Rao,isharao690@gmail.com,9564627397,Female,Lucknow,2020-03-02
2398,Sneha Chatterjee,snehachatterjee220@gmail.com,9441359084,Female,Surat,2020-11-12
2399,Anitha Chettiar,anithachettiar3@gmail.com,9072730281,Female,Thiruvananthapuram,2022-09-28
2400,Sneha Joshi,snehajoshi622@gmail.com,9455175873,Female,Salem,2020-04-24
2401,Dhanalakshmi Sivaraman,dhanalakshmisivaraman843@gmail.com,9718189414,Female,Indore,2021-08-10
2402,Yamuna Subramaniam,yamunasubramaniam473@gmail.com,9879926998,Female,Jaipur,2020-02-08
2403,Rajkumar Natarajan,rajkumarnatarajan@gmail.com,9484514712,Male,Pune,2025-11-09
2404,Vijay Gounder,vijaygounder@gmail.com,9701943434,Male,Chennai,2022-11-29
2405,Tarun Saxena,tarunsaxena753@gmail.com,9614734729,Male,Salem,2019-10-07
2406,Deepak Agarwal,deepakagarwal104@gmail.com,9474188413,Male,Pune,2018-10-22
2407,Swati Saxena,swatisaxena@gmail.com,9592430289,Female,Vellore,2019-10-08
2408,Rohit Mishra,rohitmishra@gmail.com,9617708302,Male,Visakhapatnam,2024-12-30
2409,Sangeetha Pillai,sangeethapillai689@gmail.com,9084443637,Female,Mumbai,2021-02-11
2410,Vikram Chatterjee,vikramchatterjee579@gmail.com,9237954050,Male,Mysuru,2018-10-05
2411,Sameer Verma,sameerverma464@gmail.com,9213887952,Male,Jaipur,2022-03-05
2412,Kumaresan Rajan,kumaresanrajan@gmail.com,9076909190,Male,Kochi,2023-12-18
2413,Nisha Reddy,nishareddy352@gmail.com,9958954195,Female,Surat,2019-09-09
2414,Kamakshi Murugan,kamakshimurugan@gmail.com,9633347576,Female,Lucknow,2018-11-06
2415,Baskaran Chettiar,baskaranchettiar224@gmail.com,9094172850,Male,Madurai,2025-01-01
2416,Nithya Rajan,nithyarajan@gmail.com,9273601697,Female,Pune,2019-09-12
2417,Harish Annamalai,harishannamalai@gmail.com,9847590261,Male,Thiruvananthapuram,2022-12-19
2418,Vinay Rao,vinayrao@gmail.com,9869247369,Male,Indore,2026-02-27
2419,Ankit Agarwal,ankitagarwal@gmail.com,9760083558,Male,Jaipur,2025-05-04
2420,Sathish Murugan,sathishmurugan349@gmail.com,9957683973,Male,Indore,2023-10-24
2421,Ritu Saxena,ritusaxena425@gmail.com,9548909899,Female,Vijayawada,2020-11-23
2422,Bala Sivaraman,balasivaraman745@gmail.com,9351708255,Male,Kolkata,2024-07-23
2423,Vandana Mehta,vandanamehta@gmail.com,9812087393,Female,Visakhapatnam,2019-05-07
2424,Amudha Subramaniam,amudhasubramaniam217@gmail.com,9096839572,Female,Bengaluru,2022-06-18
2425,Latha Reddy,lathareddy@gmail.com,9798187809,Female,Kolkata,2026-02-27
2426,Anitha Iyer,anithaiyer915@gmail.com,9283874335,Female,Chennai,2025-09-18
2427,Kritika Saxena,kritikasaxena@gmail.com,9802282165,Female,Lucknow,2024-05-01
2428,Aryan Bhatt,aryanbhatt382@gmail.com,9313941461,Male,Vijayawada,2024-01-17
2429,Saravanan Krishnan,saravanankrishnan@gmail.com,9912779964,Male,Mysuru,2026-05-24
2430,Dinesh Subramaniam,dineshsubramaniam@gmail.com,9846012807,Male,Bhopal,2026-07-04
2431,Bhuvana Chandrasekar,bhuvanachandrasekar@gmail.com,9208666029,Female,Thiruvananthapuram,2025-11-08
2432,Rohit Pillai,rohitpillai438@gmail.com,9986844746,Male,Hyderabad,2026-06-04
2433,Sanjay Gupta,sanjaygupta63@gmail.com,9255245376,Male,Salem,2023-04-05
2434,Aditi Malhotra,aditimalhotra193@gmail.com,9872122611,Female,Chandigarh,2023-07-11
2435,Kalpana Sundaram,kalpanasundaram371@gmail.com,9431185309,Female,Ahmedabad,2023-11-26
2436,Lakshmi Nair,lakshminair195@gmail.com,9553748817,Female,Chandigarh,2026-05-23
2437,Dhanalakshmi Chandrasekar,dhanalakshmichandrasekar378@gmail.com,9673703772,Female,Nagpur,2019-12-29
2438,Meena Pillai,meenapillai957@gmail.com,9348774949,Female,Indore,2023-01-27
2439,Sundar Subramaniam,sundarsubramaniam221@gmail.com,9770256269,Male,Nagpur,2019-07-08
2440,Palanisamy Mudaliar,palanisamymudaliar178@gmail.com,9269064451,Male,Bhopal,2020-03-16
2441,Shreya Reddy,shreyareddy577@gmail.com,9986575687,Female,Chennai,2018-06-30
2442,Karthik Rajan,karthikrajan183@gmail.com,9544010451,Male,Nagpur,2026-08-09
2443,Ankit Joshi,ankitjoshi687@gmail.com,9905029541,Male,Mumbai,2025-05-23
2444,Harish Venkatesan,harishvenkatesan@gmail.com,9969471258,Male,Lucknow,2019-04-16
2445,Devika Pillai,devikapillai66@gmail.com,9129293946,Female,Bhopal,2023-06-06
2446,Geetha Thiagarajan,geethathiagarajan134@gmail.com,9383832026,Female,Salem,2024-09-20
2447,Ravichandran Krishnan,ravichandrankrishnan@gmail.com,9868070650,Male,Kolkata,2022-06-04
2448,Kavya Mishra,kavyamishra853@gmail.com,9647874717,Female,Lucknow,2022-05-17
2449,Malathi Annamalai,malathiannamalai52@gmail.com,9231985783,Female,Salem,2026-02-28
2450,Selvi Thiagarajan,selvithiagarajan@gmail.com,9977616624,Female,Kochi,2021-01-02
2451,Pooja Mehta,poojamehta91@gmail.com,9267249151,Female,Salem,2021-09-29
2452,Nisha Nair,nishanair781@gmail.com,9036839206,Female,Delhi,2022-05-17
2453,Vikram Menon,vikrammenon368@gmail.com,9630589880,Male,Ahmedabad,2023-08-16
2454,Nithish Gounder,nithishgounder914@gmail.com,9786466249,Male,Tiruchirappalli,2025-01-18
2455,Dev Kapoor,devkapoor558@gmail.com,9346325700,Male,Mumbai,2025-10-11
2456,Payal Deshpande,payaldeshpande@gmail.com,9259906526,Female,Bengaluru,2020-05-18
2457,Sundar Iyengar,sundariyengar269@gmail.com,9412782346,Male,Thiruvananthapuram,2024-10-24
2458,Saravanan Sivaraman,saravanansivaraman384@gmail.com,9057746936,Male,Hyderabad,2020-06-20
2459,Sangeetha Sivaraman,sangeethasivaraman570@gmail.com,9409406758,Female,Mumbai,2024-10-27
2460,Siddharth Patel,siddharthpatel450@gmail.com,9543839639,Male,Vijayawada,2023-11-26
2461,Preeti Rao,preetirao693@gmail.com,9306827915,Female,Lucknow,2026-02-21
2462,Suresh Rangan,sureshrangan413@gmail.com,9789773105,Male,Bengaluru,2018-01-07
2463,Amudha Annamalai,amudhaannamalai260@gmail.com,9402575413,Female,Indore,2021-04-26
2464,Swati Deshpande,swatideshpande284@gmail.com,9742958186,Female,Mumbai,2023-08-19
2465,Rahul Malhotra,rahulmalhotra@gmail.com,9225629091,Male,Ahmedabad,2018-02-05
2466,Ananya Rao,ananyarao770@gmail.com,9468645294,Female,Pune,2022-08-06
2467,Radhika Chandrasekar,radhikachandrasekar325@gmail.com,9560747336,Female,Indore,2023-12-06
2468,Padma Subramaniam,padmasubramaniam700@gmail.com,9698427622,Female,Thiruvananthapuram,2024-09-27
2469,Kamakshi Nair,kamakshinair328@gmail.com,9144426022,Female,Salem,2022-12-26
2470,Shalini Annamalai,shaliniannamalai636@gmail.com,9055534859,Female,Hyderabad,2026-03-12
2471,Aditya Trivedi,adityatrivedi941@gmail.com,9053312330,Male,Thiruvananthapuram,2024-05-12
2472,Vishal Reddy,vishalreddy298@gmail.com,9487491299,Male,Chandigarh,2026-07-23
2473,Deepa Gounder,deepagounder200@gmail.com,9839395559,Female,Mumbai,2023-08-26
2474,Vikram Mishra,vikrammishra1@gmail.com,9557346577,Male,Delhi,2023-03-20
2475,Dhanalakshmi Krishnan,dhanalakshmikrishnan595@gmail.com,9652430454,Female,Jaipur,2021-10-04
2476,Vivek Pandey,vivekpandey285@gmail.com,9964139879,Male,Thiruvananthapuram,2018-04-22
2477,Velmurugan Balasubramaniam,velmuruganbalasubramaniam415@gmail.com,9341223303,Male,Tiruchirappalli,2019-05-11
2478,Kumaresan Iyengar,kumaresaniyengar861@gmail.com,9777183087,Male,Mysuru,2023-03-01
2479,Vikas Reddy,vikasreddy@gmail.com,9332501364,Male,Vijayawada,2023-11-07
2480,Abhishek Verma,abhishekverma759@gmail.com,9600106401,Male,Bengaluru,2021-07-24
2481,Saranya Sundaram,saranyasundaram848@gmail.com,9949925871,Female,Thiruvananthapuram,2024-06-07
2482,Kannan Krishnan,kannankrishnan@gmail.com,9284109324,Male,Kolkata,2025-08-31
2483,Rohit Mukherjee,rohitmukherjee529@gmail.com,9941546034,Male,Lucknow,2024-04-29
2484,Malathi Thiagarajan,malathithiagarajan810@gmail.com,9310976491,Female,Chennai,2021-04-17
2485,Karthikeyan Annamalai,karthikeyanannamalai667@gmail.com,9650698513,Male,Vellore,2021-04-10
2486,Bhavya Patel,bhavyapatel88@gmail.com,9377932406,Female,Vijayawada,2026-08-06
2487,Loganathan Gounder,loganathangounder993@gmail.com,9422746008,Male,Jaipur,2024-03-10
2488,Saranya Natarajan,saranyanatarajan24@gmail.com,9486063763,Female,Indore,2021-11-27
2489,Nikhil Menon,nikhilmenon217@gmail.com,9544833574,Male,Vellore,2026-03-08
2490,Ramesh Annamalai,rameshannamalai304@gmail.com,9862686847,Male,Bhopal,2024-10-24
2491,Aditya Rao,adityarao@gmail.com,9595299577,Male,Vijayawada,2023-07-24
2492,Sanjay Reddy,sanjayreddy113@gmail.com,9705924059,Male,Kochi,2022-07-23
2493,Karthik Nair,karthiknair559@gmail.com,9266531224,Male,Hyderabad,2022-02-23
2494,Vidya Gounder,vidyagounder@gmail.com,9145418795,Female,Tiruchirappalli,2026-05-13
2495,Yamuna Kumar,yamunakumar647@gmail.com,9557196034,Female,Vijayawada,2018-05-31
2496,Divya Chettiar,divyachettiar789@gmail.com,9204027342,Female,Lucknow,2025-08-26
2497,Yash Bose,yashbose746@gmail.com,9926871274,Male,Coimbatore,2020-11-07
2498,Riya Sharma,riyasharma831@gmail.com,9512331886,Female,Chennai,2025-11-27
2499,Revathi Naidu,revathinaidu866@gmail.com,9727413233,Female,Madurai,2024-03-31
2500,Chandran Thiagarajan,chandranthiagarajan@gmail.com,9059830062,Male,Hyderabad,2025-01-18
2501,Vandana Desai,vandanadesai@gmail.com,9395096510,Female,Mumbai,2023-04-13
2502,Elango Iyengar,elangoiyengar@gmail.com,9616497241,Male,Pune,2020-09-25
2503,Manoj Joshi,manojjoshi739@gmail.com,9428355162,Male,Kochi,2024-01-11
2504,Aarti Mukherjee,aartimukherjee@gmail.com,9692610438,Female,Mumbai,2026-02-28
2505,Geetha Sivaraman,geethasivaraman988@gmail.com,9893444570,Female,Madurai,2022-06-14
2506,Deepak Shetty,deepakshetty@gmail.com,9402026216,Male,Bhopal,2026-03-02
2507,Senthil Reddy,senthilreddy554@gmail.com,9814588256,Male,Surat,2025-03-24
2508,Pooja Singh,poojasingh@gmail.com,9762493288,Female,Nagpur,2018-12-12
2509,Rohit Sharma,rohitsharma867@gmail.com,9173201968,Male,Ahmedabad,2023-07-19
2510,Anandan Rajan,anandanrajan564@gmail.com,9919469739,Male,Hyderabad,2018-09-24
2511,Vignesh Raj,vigneshraj@gmail.com,9465901650,Male,Surat,2023-05-11
2512,Kamakshi Subramaniam,kamakshisubramaniam@gmail.com,9905403961,Female,Ahmedabad,2018-06-21
2513,Preeti Iyer,preetiiyer@gmail.com,9649751081,Female,Coimbatore,2021-10-29
2514,Lakshmi Krishnan,lakshmikrishnan@gmail.com,9162288455,Female,Vellore,2024-11-28
2515,Vijay Sundaram,vijaysundaram@gmail.com,9131581561,Male,Chandigarh,2021-09-05
2516,Vanitha Natarajan,vanithanatarajan693@gmail.com,9268273205,Female,Ahmedabad,2022-01-18
2517,Meena Kumar,meenakumar645@gmail.com,9857243982,Female,Lucknow,2022-01-12
2518,Nisha Pillai,nishapillai558@gmail.com,9240844057,Female,Bengaluru,2022-12-23
2519,Ramesh Annamalai,rameshannamalai@gmail.com,9355221765,Male,Kolkata,2018-03-17
2520,Prakash Reddy,prakashreddy@gmail.com,9869930911,Male,Kochi,2018-08-12
2521,Sivakumar Thiagarajan,sivakumarthiagarajan409@gmail.com,9821005110,Male,Madurai,2025-10-01
2522,Dhanalakshmi Naidu,dhanalakshminaidu257@gmail.com,9076635570,Female,Chandigarh,2021-09-24
2523,Manisha Menon,manishamenon232@gmail.com,9334432291,Female,Mumbai,2023-11-30
2524,Anitha Kumar,anithakumar@gmail.com,9341593440,Female,Ahmedabad,2024-07-03
2525,Mohan Krishnan,mohankrishnan@gmail.com,9178668663,Male,Kochi,2019-05-15
2526,Latha Balasubramaniam,lathabalasubramaniam865@gmail.com,9957478093,Female,Bengaluru,2019-01-19
2527,Srinivasan Chettiar,srinivasanchettiar@gmail.com,9283334299,Male,Salem,2018-11-01
2528,Pallavi Chatterjee,pallavichatterjee@gmail.com,9596439303,Female,Thiruvananthapuram,2018-01-21
2529,Prabhu Venkatesan,prabhuvenkatesan93@gmail.com,9949432816,Male,Salem,2020-05-23
2530,Sameer Trivedi,sameertrivedi90@gmail.com,9402353820,Male,Nagpur,2018-09-19
2531,Sangeetha Chandrasekar,sangeethachandrasekar449@gmail.com,9598042263,Female,Bhopal,2025-12-07
2532,Sunil Kulkarni,sunilkulkarni325@gmail.com,9869195190,Male,Vijayawada,2021-04-18
2533,Amit Bhatt,amitbhatt268@gmail.com,9428980762,Male,Visakhapatnam,2022-09-27
2534,Shalini Chandrasekar,shalinichandrasekar435@gmail.com,9219048534,Female,Chandigarh,2021-08-18
2535,Uma Krishnan,umakrishnan951@gmail.com,9696248216,Female,Tiruchirappalli,2024-02-04
2536,Vinay Bhatt,vinaybhatt701@gmail.com,9743185926,Male,Jaipur,2025-02-09
2537,Preeti Reddy,preetireddy247@gmail.com,9273666274,Female,Bengaluru,2025-06-16
2538,Yamuna Pillai,yamunapillai372@gmail.com,9808773205,Female,Tiruchirappalli,2018-03-17
2539,Vikram Agarwal,vikramagarwal@gmail.com,9354673537,Male,Lucknow,2018-05-14
2540,Abirami Pillai,abiramipillai544@gmail.com,9273532868,Female,Ahmedabad,2018-11-12
2541,Neha Gupta,nehagupta883@gmail.com,9287969375,Female,Surat,2018-04-17
2542,Elango Raj,elangoraj154@gmail.com,9984568181,Male,Pune,2018-11-30
2543,Ashok Krishnan,ashokkrishnan854@gmail.com,9289811419,Male,Madurai,2020-02-16
2544,Preeti Trivedi,preetitrivedi194@gmail.com,9134681763,Female,Hyderabad,2018-02-18
2545,Shanthi Balasubramaniam,shanthibalasubramaniam@gmail.com,9416466108,Female,Jaipur,2024-05-09
2546,Kunal Nair,kunalnair926@gmail.com,9698538646,Male,Visakhapatnam,2024-10-21
2547,Deepak Annamalai,deepakannamalai@gmail.com,9254270970,Male,Nagpur,2019-09-01
2548,Senthil Rajan,senthilrajan652@gmail.com,9060033708,Male,Kochi,2024-06-20
2549,Komal Mukherjee,komalmukherjee729@gmail.com,9712812104,Female,Pune,2023-11-16
2550,Vandana Menon,vandanamenon964@gmail.com,9775281499,Female,Mysuru,2022-12-06
2551,Vijay Rajan,vijayrajan@gmail.com,9949516568,Male,Delhi,2023-01-03
2552,Arunachalam Nair,arunachalamnair@gmail.com,9452557204,Male,Kolkata,2025-04-16
2553,Manisha Nair,manishanair99@gmail.com,9220221830,Female,Tiruchirappalli,2018-03-04
2554,Kannan Gounder,kannangounder@gmail.com,9958951156,Male,Mumbai,2024-05-01
2555,Kumaresan Kumar,kumaresankumar140@gmail.com,9754551343,Male,Salem,2018-10-15
2556,Vanitha Rajan,vanitharajan@gmail.com,9892073480,Female,Bhopal,2025-10-30
2557,Bhuvana Raj,bhuvanaraj71@gmail.com,9769953254,Female,Thiruvananthapuram,2019-04-13
2558,Suresh Nair,sureshnair638@gmail.com,9047256005,Male,Hyderabad,2018-07-28
2559,Manikandan Subramaniam,manikandansubramaniam@gmail.com,9483846142,Male,Tiruchirappalli,2020-09-25
2560,Kumaresan Kumar,kumaresankumar968@gmail.com,9316072896,Male,Bengaluru,2019-06-14
2561,Sandeep Deshpande,sandeepdeshpande746@gmail.com,9035668393,Male,Mysuru,2019-02-09
2562,Geetha Chettiar,geethachettiar@gmail.com,9379777842,Female,Mumbai,2018-05-18
2563,Yamuna Raj,yamunaraj944@gmail.com,9363490707,Female,Indore,2023-08-04
2564,Payal Pandey,payalpandey@gmail.com,9902263075,Female,Kochi,2025-01-24
2565,Shalini Chettiar,shalinichettiar279@gmail.com,9935000207,Female,Kolkata,2022-01-09
2566,Anjali Agarwal,anjaliagarwal303@gmail.com,9754142851,Female,Ahmedabad,2022-06-12
2567,Shanthi Pandian,shanthipandian@gmail.com,9956670518,Female,Kochi,2021-12-16
2568,Abhishek Verma,abhishekverma121@gmail.com,9330230890,Male,Tiruchirappalli,2020-11-17
2569,Vishal Desai,vishaldesai496@gmail.com,9896888109,Male,Pune,2019-10-03
2570,Thangaraj Reddy,thangarajreddy167@gmail.com,9390592527,Male,Indore,2023-08-31
2571,Prakash Raj,prakashraj556@gmail.com,9257887862,Male,Thiruvananthapuram,2025-08-28
2572,Namrata Chatterjee,namratachatterjee728@gmail.com,9157357289,Female,Nagpur,2021-06-06
2573,Ishaan Pandey,ishaanpandey@gmail.com,9375829562,Male,Thiruvananthapuram,2023-08-23
2574,Bhavya Desai,bhavyadesai490@gmail.com,9368425940,Female,Pune,2021-01-28
2575,Sundar Rajan,sundarrajan466@gmail.com,9115448464,Male,Coimbatore,2025-10-05
2576,Dev Iyer,deviyer168@gmail.com,9323661458,Male,Chennai,2023-12-15
2577,Shanthi Mudaliar,shanthimudaliar27@gmail.com,9684777684,Female,Coimbatore,2025-06-02
2578,Manisha Joshi,manishajoshi493@gmail.com,9992348909,Female,Thiruvananthapuram,2018-03-16
2579,Naveen Chettiar,naveenchettiar37@gmail.com,9676838136,Male,Tiruchirappalli,2020-11-24
2580,Tanvi Rao,tanvirao@gmail.com,9776387423,Female,Kolkata,2020-01-23
2581,Kunal Sharma,kunalsharma921@gmail.com,9320447166,Male,Hyderabad,2023-04-29
2582,Ishita Agarwal,ishitaagarwal510@gmail.com,9075291898,Female,Chennai,2020-08-19
2583,Manisha Mishra,manishamishra807@gmail.com,9674821968,Female,Ahmedabad,2020-03-16
2584,Karpagam Balasubramaniam,karpagambalasubramaniam822@gmail.com,9134845144,Female,Ahmedabad,2024-04-30
2585,Varun Iyer,varuniyer439@gmail.com,9508416306,Male,Lucknow,2022-10-16
2586,Karpagam Balasubramaniam,karpagambalasubramaniam214@gmail.com,9060028370,Female,Delhi,2023-05-22
2587,Kamakshi Natarajan,kamakshinatarajan180@gmail.com,9722503536,Female,Bengaluru,2019-04-29
2588,Pankaj Bhatt,pankajbhatt41@gmail.com,9295599295,Male,Bengaluru,2018-12-03
2589,Elango Nair,elangonair928@gmail.com,9703996622,Male,Ahmedabad,2020-02-13
2590,Siddharth Kulkarni,siddharthkulkarni764@gmail.com,9821534435,Male,Chandigarh,2021-08-22
2591,Aryan Pillai,aryanpillai184@gmail.com,9841795843,Male,Jaipur,2021-12-14
2592,Velmurugan Balasubramaniam,velmuruganbalasubramaniam285@gmail.com,9863756197,Male,Chandigarh,2025-12-07
2593,Swati Bose,swatibose682@gmail.com,9588015414,Female,Kolkata,2023-08-02
2594,Pooja Verma,poojaverma722@gmail.com,9875893171,Female,Jaipur,2023-06-14
2595,Jagadeesh Kumar,jagadeeshkumar@gmail.com,9227085172,Male,Visakhapatnam,2020-10-14
2596,Kalpana Pandian,kalpanapandian@gmail.com,9506230539,Female,Bhopal,2018-11-22
2597,Arjun Agarwal,arjunagarwal@gmail.com,9389020060,Male,Bhopal,2025-10-09
2598,Deepa Raj,deeparaj462@gmail.com,9398909779,Female,Salem,2020-05-22
2599,Iniya Krishnan,iniyakrishnan675@gmail.com,9088082118,Female,Mysuru,2024-11-30
2600,Sandeep Bose,sandeepbose268@gmail.com,9000538590,Male,Indore,2021-07-06
2601,Vishal Nair,vishalnair@gmail.com,9788087079,Male,Jaipur,2018-08-04
2602,Rajesh Deshpande,rajeshdeshpande626@gmail.com,9989609461,Male,Visakhapatnam,2021-01-27
2603,Payal Bhatt,payalbhatt868@gmail.com,9398314021,Female,Kochi,2020-12-04
2604,Gopinath Ramanathan,gopinathramanathan513@gmail.com,9417488717,Male,Bengaluru,2019-04-20
2605,Komal Menon,komalmenon@gmail.com,9090047390,Female,Mumbai,2022-07-03
2606,Anjali Shetty,anjalishetty909@gmail.com,9022992192,Female,Hyderabad,2026-05-25
2607,Kavitha Subramaniam,kavithasubramaniam717@gmail.com,9303145471,Female,Vellore,2020-10-29
2608,Vidya Chettiar,vidyachettiar@gmail.com,9761190960,Female,Indore,2018-02-13
2609,Ramesh Chettiar,rameshchettiar@gmail.com,9346277376,Male,Jaipur,2020-10-27
2610,Amit Kapoor,amitkapoor@gmail.com,9740847178,Male,Chennai,2023-01-13
2611,Isha Agarwal,ishaagarwal@gmail.com,9341694041,Female,Madurai,2024-10-10
2612,Ravi Bansal,ravibansal307@gmail.com,9512951341,Male,Lucknow,2024-12-23
2613,Deepa Pandian,deepapandian475@gmail.com,9926861605,Female,Kolkata,2021-03-19
2614,Aditi Chopra,aditichopra868@gmail.com,9580173415,Female,Vijayawada,2019-01-29
2615,Vinay Verma,vinayverma@gmail.com,9467881067,Male,Salem,2018-09-13
2616,Kunal Mishra,kunalmishra109@gmail.com,9338744948,Male,Lucknow,2024-01-28
2617,Sanya Iyer,sanyaiyer@gmail.com,9913934986,Female,Mumbai,2021-08-29
2618,Saranya Murugan,saranyamurugan@gmail.com,9265988984,Female,Bengaluru,2024-01-04
2619,Gaurav Kulkarni,gauravkulkarni@gmail.com,9000355992,Male,Visakhapatnam,2026-06-21
2620,Aryan Rao,aryanrao231@gmail.com,9736476868,Male,Kochi,2021-02-04
2621,Arunachalam Annamalai,arunachalamannamalai53@gmail.com,9697804165,Male,Mumbai,2023-02-09
2622,Revathi Iyengar,revathiiyengar@gmail.com,9909781693,Female,Tiruchirappalli,2021-09-07
2623,Radhika Subramaniam,radhikasubramaniam555@gmail.com,9240113013,Female,Mumbai,2018-02-23
2624,Tanvi Malhotra,tanvimalhotra@gmail.com,9881320854,Female,Chandigarh,2021-11-16
2625,Vikram Iyer,vikramiyer638@gmail.com,9715253021,Male,Visakhapatnam,2018-01-14
2626,Lakshmi Chettiar,lakshmichettiar383@gmail.com,9046827471,Female,Chandigarh,2022-04-17
2627,Jothi Sundaram,jothisundaram208@gmail.com,9096120931,Female,Coimbatore,2022-12-03
2628,Prabhu Iyengar,prabhuiyengar625@gmail.com,9861390245,Male,Delhi,2022-10-31
2629,Kamakshi Gounder,kamakshigounder200@gmail.com,9037399295,Female,Bengaluru,2022-02-16
2630,Aman Kapoor,amankapoor939@gmail.com,9277914544,Male,Pune,2020-09-09
2631,Arun Chettiar,arunchettiar@gmail.com,9822562637,Male,Jaipur,2018-04-21
2632,Gopinath Murugan,gopinathmurugan@gmail.com,9375435486,Male,Kochi,2018-06-25
2633,Ravichandran Thiagarajan,ravichandranthiagarajan429@gmail.com,9925394587,Male,Hyderabad,2020-04-04
2634,Aditya Saxena,adityasaxena96@gmail.com,9695246406,Male,Kochi,2019-07-22
2635,Jagadeesh Ramanathan,jagadeeshramanathan816@gmail.com,9698459160,Male,Vijayawada,2024-02-09
2636,Poornima Chandrasekar,poornimachandrasekar409@gmail.com,9859094071,Female,Mumbai,2024-02-08
2637,Jothi Murugan,jothimurugan795@gmail.com,9041616794,Female,Delhi,2019-05-21
2638,Sameer Iyer,sameeriyer@gmail.com,9769372545,Male,Kolkata,2023-12-28
2639,Murugan Annamalai,muruganannamalai@gmail.com,9369631265,Male,Chennai,2022-09-26
2640,Kavya Reddy,kavyareddy@gmail.com,9965636570,Female,Visakhapatnam,2020-05-16
2641,Sumathi Sivaraman,sumathisivaraman247@gmail.com,9417850907,Female,Jaipur,2023-06-17
2642,Srinivasan Sundaram,srinivasansundaram@gmail.com,9089143925,Male,Kolkata,2026-02-07
2643,Revathi Krishnan,revathikrishnan163@gmail.com,9470664158,Female,Salem,2023-11-04
2644,Anjali Rao,anjalirao783@gmail.com,9142915653,Female,Vijayawada,2021-11-05
2645,Anandan Ramanathan,anandanramanathan154@gmail.com,9254465041,Male,Visakhapatnam,2022-09-17
2646,Sneha Bhatt,snehabhatt102@gmail.com,9371549245,Female,Delhi,2020-08-27
2647,Vinay Pandey,vinaypandey538@gmail.com,9316267144,Male,Madurai,2018-09-05
2648,Manikandan Krishnan,manikandankrishnan573@gmail.com,9926037112,Male,Lucknow,2018-01-17
2649,Shalini Pillai,shalinipillai423@gmail.com,9886070609,Female,Madurai,2018-01-27
2650,Rohit Chopra,rohitchopra@gmail.com,9683992045,Male,Kolkata,2022-06-27
2651,Pradeep Bose,pradeepbose@gmail.com,9768061736,Male,Nagpur,2023-09-06
2652,Komal Iyer,komaliyer@gmail.com,9711937380,Female,Salem,2018-08-31
2653,Pooja Shetty,poojashetty@gmail.com,9429010021,Female,Salem,2022-09-19
2654,Abirami Venkatesan,abiramivenkatesan@gmail.com,9639690314,Female,Tiruchirappalli,2025-07-15
2655,Indumathi Murugan,indumathimurugan@gmail.com,9353799543,Female,Indore,2024-04-16
2656,Ritu Deshpande,ritudeshpande61@gmail.com,9203399781,Female,Pune,2018-07-23
2657,Sathish Thiagarajan,sathishthiagarajan@gmail.com,9929194262,Male,Pune,2026-01-18
2658,Pankaj Malhotra,pankajmalhotra538@gmail.com,9494627284,Male,Salem,2019-06-15
2659,Aditi Chopra,aditichopra936@gmail.com,9618756250,Female,Salem,2025-01-15
2660,Vetrivel Natarajan,vetrivelnatarajan299@gmail.com,9215523215,Male,Vijayawada,2021-12-27
2661,Preeti Mukherjee,preetimukherjee@gmail.com,9972506450,Female,Chandigarh,2023-12-06
2662,Rajeswari Reddy,rajeswarireddy@gmail.com,9117292740,Female,Chandigarh,2018-03-24
2663,Kritika Gupta,kritikagupta246@gmail.com,9562347623,Female,Chennai,2026-04-29
2664,Revathi Pillai,revathipillai76@gmail.com,9671319532,Female,Tiruchirappalli,2024-03-17
2665,Karan Verma,karanverma379@gmail.com,9846976932,Male,Salem,2022-07-16
2666,Ajay Patel,ajaypatel464@gmail.com,9194524467,Male,Indore,2020-09-16
2667,Simran Desai,simrandesai337@gmail.com,9191548388,Female,Ahmedabad,2022-01-22
2668,Dhanalakshmi Rangan,dhanalakshmirangan520@gmail.com,9947553161,Female,Lucknow,2019-03-05
2669,Ritu Kapoor,ritukapoor@gmail.com,9948899332,Female,Delhi,2018-10-17
2670,Aditi Nair,aditinair@gmail.com,9668330878,Female,Kochi,2022-01-17
2671,Karthik Annamalai,karthikannamalai@gmail.com,9044673859,Male,Salem,2018-08-20
2672,Loganathan Pillai,loganathanpillai233@gmail.com,9568716098,Male,Kochi,2024-09-15
2673,Palanisamy Sundaram,palanisamysundaram929@gmail.com,9818928313,Male,Vellore,2025-08-02
2674,Divya Raj,divyaraj357@gmail.com,9127516441,Female,Bengaluru,2021-06-25
2675,Iniya Chettiar,iniyachettiar819@gmail.com,9173295973,Female,Indore,2020-12-12
2676,Aryan Saxena,aryansaxena734@gmail.com,9874684964,Male,Jaipur,2018-01-23
2677,Revathi Rangan,revathirangan810@gmail.com,9016410312,Female,Thiruvananthapuram,2022-03-09
2678,Shalini Balasubramaniam,shalinibalasubramaniam413@gmail.com,9767970220,Female,Madurai,2018-01-05
2679,Manikandan Mudaliar,manikandanmudaliar712@gmail.com,9338883787,Male,Nagpur,2025-03-18
2680,Padma Raj,padmaraj346@gmail.com,9056781262,Female,Vijayawada,2026-07-14
2681,Karthikeyan Krishnan,karthikeyankrishnan885@gmail.com,9403828487,Male,Jaipur,2020-04-14
2682,Iniya Murugan,iniyamurugan727@gmail.com,9568129833,Female,Coimbatore,2023-05-16
2683,Vivek Bhatt,vivekbhatt@gmail.com,9304805216,Male,Nagpur,2025-03-05
2684,Kamakshi Ramanathan,kamakshiramanathan@gmail.com,9594093046,Female,Madurai,2019-09-02
2685,Vikas Nair,vikasnair@gmail.com,9645745552,Male,Delhi,2023-02-08
2686,Simran Bose,simranbose@gmail.com,9694259289,Female,Nagpur,2025-12-30
2687,Selvi Chettiar,selvichettiar341@gmail.com,9531988241,Female,Bhopal,2018-12-26
2688,Varun Joshi,varunjoshi535@gmail.com,9925912836,Male,Bengaluru,2025-03-09
2689,Murugan Annamalai,muruganannamalai687@gmail.com,9667635645,Male,Pune,2019-04-29
2690,Jagadeesh Thiagarajan,jagadeeshthiagarajan@gmail.com,9288095372,Male,Kolkata,2018-09-03
2691,Tanvi Gupta,tanvigupta@gmail.com,9622158979,Female,Surat,2025-09-09
2692,Kannappan Balasubramaniam,kannappanbalasubramaniam@gmail.com,9684668588,Male,Ahmedabad,2018-11-27
2693,Kavya Shetty,kavyashetty99@gmail.com,9176829480,Female,Chennai,2021-11-03
2694,Nisha Pandey,nishapandey@gmail.com,9647577190,Female,Coimbatore,2020-03-19
2695,Baskaran Pandian,baskaranpandian446@gmail.com,9113394612,Male,Lucknow,2023-09-04
2696,Manikandan Raj,manikandanraj39@gmail.com,9018429894,Male,Chandigarh,2023-06-15
2697,Selvi Natarajan,selvinatarajan@gmail.com,9641677262,Female,Mumbai,2019-01-10
2698,Arun Rajan,arunrajan@gmail.com,9634209816,Male,Chandigarh,2022-01-24
2699,Swati Mehta,swatimehta210@gmail.com,9407624881,Female,Visakhapatnam,2020-06-21
2700,Gopinath Sivaraman,gopinathsivaraman@gmail.com,9757454910,Male,Delhi,2020-07-01
2701,Indumathi Sivaraman,indumathisivaraman790@gmail.com,9359356246,Female,Mumbai,2023-10-29
2702,Rajeswari Subramaniam,rajeswarisubramaniam185@gmail.com,9587047635,Female,Salem,2026-02-13
2703,Baskaran Kumar,baskarankumar@gmail.com,9581127044,Male,Chennai,2018-09-18
2704,Dinesh Venkatesan,dineshvenkatesan766@gmail.com,9078788949,Male,Chandigarh,2022-04-05
2705,Amudha Raj,amudharaj605@gmail.com,9545868219,Female,Mysuru,2026-04-14
2706,Anil Trivedi,aniltrivedi229@gmail.com,9983847874,Male,Chandigarh,2022-05-13
2707,Aishwarya Singh,aishwaryasingh@gmail.com,9339158224,Female,Kolkata,2025-08-03
2708,Riya Saxena,riyasaxena752@gmail.com,9320069075,Female,Indore,2020-04-09
2709,Lakshmi Reddy,lakshmireddy542@gmail.com,9176015933,Female,Mumbai,2023-06-09
2710,Manisha Menon,manishamenon196@gmail.com,9635664166,Female,Kochi,2024-11-17
2711,Uma Mudaliar,umamudaliar@gmail.com,9566869875,Female,Kochi,2026-07-21
2712,Mohan Murugan,mohanmurugan290@gmail.com,9519707406,Male,Mysuru,2025-06-05
2713,Suganya Iyengar,suganyaiyengar500@gmail.com,9111477982,Female,Mysuru,2020-07-05
2714,Rahul Pandey,rahulpandey57@gmail.com,9828605493,Male,Chandigarh,2022-03-20
2715,Saranya Rajan,saranyarajan984@gmail.com,9088445762,Female,Bengaluru,2019-10-16
2716,Shanthi Naidu,shanthinaidu117@gmail.com,9473784350,Female,Madurai,2023-12-24
2717,Isha Sharma,ishasharma25@gmail.com,9813813550,Female,Lucknow,2020-07-11
2718,Rohan Kulkarni,rohankulkarni471@gmail.com,9687036150,Male,Delhi,2025-06-06
2719,Isha Sharma,ishasharma669@gmail.com,9880508733,Female,Visakhapatnam,2020-08-25
2720,Devika Krishnan,devikakrishnan@gmail.com,9407365548,Female,Delhi,2025-09-26
2721,Uma Gounder,umagounder728@gmail.com,9119085312,Female,Lucknow,2025-06-19
2722,Kunal Singh,kunalsingh@gmail.com,9603289881,Male,Chennai,2023-05-11
2723,Deepa Mudaliar,deepamudaliar697@gmail.com,9432072993,Female,Kolkata,2020-04-01
2724,Aman Kapoor,amankapoor20@gmail.com,9705113303,Male,Vellore,2020-09-14
2725,Manikandan Murugan,manikandanmurugan801@gmail.com,9057938567,Male,Ahmedabad,2022-05-11
2726,Sneha Singh,snehasingh782@gmail.com,9651109159,Female,Chennai,2022-07-21
2727,Vikram Shetty,vikramshetty358@gmail.com,9091951846,Male,Chennai,2021-02-23
2728,Vasanthi Venkatesan,vasanthivenkatesan@gmail.com,9165997635,Female,Thiruvananthapuram,2025-02-19
2729,Isha Sharma,ishasharma@gmail.com,9089900273,Female,Ahmedabad,2023-06-22
2730,Pooja Rao,poojarao@gmail.com,9198465422,Female,Ahmedabad,2022-01-28
2731,Saranya Kumar,saranyakumar@gmail.com,9689734949,Female,Hyderabad,2023-01-14
2732,Deepak Bhatt,deepakbhatt39@gmail.com,9965920524,Male,Ahmedabad,2022-12-16
2733,Elango Pandian,elangopandian@gmail.com,9247011396,Male,Madurai,2020-02-10
2734,Aarti Bhatt,aartibhatt@gmail.com,9105203602,Female,Salem,2024-11-20
2735,Palanisamy Chettiar,palanisamychettiar567@gmail.com,9112764617,Male,Chandigarh,2024-02-03
2736,Rohit Trivedi,rohittrivedi363@gmail.com,9418792249,Male,Tiruchirappalli,2022-03-21
2737,Rajeswari Reddy,rajeswarireddy569@gmail.com,9237088378,Female,Nagpur,2024-07-05
2738,Arun Natarajan,arunnatarajan175@gmail.com,9511338258,Male,Jaipur,2025-08-31
2739,Malathi Iyer,malathiiyer689@gmail.com,9854817187,Female,Vellore,2018-05-25
2740,Uma Annamalai,umaannamalai903@gmail.com,9081948758,Female,Pune,2024-04-21
2741,Kamakshi Venkatesan,kamakshivenkatesan811@gmail.com,9416081004,Female,Bengaluru,2024-06-28
2742,Rajeswari Krishnan,rajeswarikrishnan@gmail.com,9939285913,Female,Vellore,2023-02-06
2743,Saranya Venkatesan,saranyavenkatesan@gmail.com,9166734654,Female,Mumbai,2024-04-25
2744,Indumathi Nair,indumathinair@gmail.com,9412271865,Female,Coimbatore,2021-08-30
2745,Selvi Ramanathan,selviramanathan112@gmail.com,9926304581,Female,Nagpur,2023-09-08
2746,Saranya Raj,saranyaraj767@gmail.com,9498654061,Female,Pune,2022-10-19
2747,Srinivasan Ramanathan,srinivasanramanathan198@gmail.com,9218414540,Male,Thiruvananthapuram,2021-03-21
2748,Nithya Murugan,nithyamurugan262@gmail.com,9447231833,Female,Vijayawada,2021-06-04
2749,Kritika Gupta,kritikagupta798@gmail.com,9355426056,Female,Surat,2021-01-04
2750,Vignesh Rajan,vigneshrajan@gmail.com,9647849050,Male,Bhopal,2020-12-19
2751,Arunachalam Kumar,arunachalamkumar688@gmail.com,9124757442,Male,Kochi,2018-05-20
2752,Kamakshi Iyengar,kamakshiiyengar@gmail.com,9565197527,Female,Chennai,2021-06-05
2753,Bhuvana Murugan,bhuvanamurugan658@gmail.com,9572102457,Female,Delhi,2024-04-16
2754,Neha Iyer,nehaiyer949@gmail.com,9768146553,Female,Delhi,2025-05-23
2755,Jagadeesh Rangan,jagadeeshrangan@gmail.com,9903002507,Male,Chandigarh,2023-11-05
2756,Vidya Subramaniam,vidyasubramaniam613@gmail.com,9944625062,Female,Madurai,2022-09-06
2757,Kalpana Subramaniam,kalpanasubramaniam250@gmail.com,9466595997,Female,Hyderabad,2020-01-23
2758,Simran Singh,simransingh256@gmail.com,9527572914,Female,Indore,2021-05-15
2759,Divya Mudaliar,divyamudaliar911@gmail.com,9677206406,Female,Kolkata,2022-04-29
2760,Divya Chettiar,divyachettiar80@gmail.com,9859249819,Female,Delhi,2026-06-29
2761,Saranya Sundaram,saranyasundaram@gmail.com,9318594098,Female,Hyderabad,2023-01-26
2762,Ananya Chatterjee,ananyachatterjee777@gmail.com,9186674554,Female,Chandigarh,2023-04-28
2763,Indumathi Natarajan,indumathinatarajan660@gmail.com,9284764837,Female,Vellore,2021-01-20
2764,Karpagam Sundaram,karpagamsundaram508@gmail.com,9831695456,Female,Vellore,2025-10-29
2765,Prakash Rangan,prakashrangan926@gmail.com,9178322318,Male,Kochi,2023-07-27
2766,Ravichandran Annamalai,ravichandranannamalai633@gmail.com,9395997794,Male,Vijayawada,2020-05-03
2767,Aryan Nair,aryannair521@gmail.com,9970226485,Male,Chennai,2023-10-01
2768,Revathi Murugan,revathimurugan796@gmail.com,9865904756,Female,Delhi,2025-08-10
2769,Arunachalam Naidu,arunachalamnaidu@gmail.com,9675190933,Male,Jaipur,2023-04-29
2770,Uma Venkatesan,umavenkatesan508@gmail.com,9677383327,Female,Chandigarh,2021-03-08
2771,Ganesan Murugan,ganesanmurugan765@gmail.com,9431888610,Male,Kochi,2022-07-21
2772,Sandeep Reddy,sandeepreddy720@gmail.com,9552268364,Male,Salem,2021-09-23
2773,Kavitha Reddy,kavithareddy275@gmail.com,9710185837,Female,Vijayawada,2024-08-07
2774,Meena Rangan,meenarangan876@gmail.com,9981435220,Female,Vijayawada,2020-07-02
2775,Geetha Mudaliar,geethamudaliar@gmail.com,9839886817,Female,Surat,2020-05-03
2776,Gaurav Reddy,gauravreddy@gmail.com,9960197346,Male,Chennai,2018-06-17
2777,Vasanthi Reddy,vasanthireddy874@gmail.com,9749069389,Female,Salem,2025-10-29
2778,Abhishek Singh,abhisheksingh54@gmail.com,9224434356,Male,Delhi,2026-05-03
2779,Manoj Rao,manojrao393@gmail.com,9445434980,Male,Surat,2021-06-06
2780,Kavitha Iyer,kavithaiyer640@gmail.com,9822571845,Female,Bengaluru,2020-08-22
2781,Suganya Chandrasekar,suganyachandrasekar437@gmail.com,9865607529,Female,Ahmedabad,2019-05-16
2782,Vignesh Thiagarajan,vigneshthiagarajan639@gmail.com,9202241013,Male,Jaipur,2026-02-23
2783,Murugan Raj,muruganraj@gmail.com,9346520306,Male,Surat,2019-05-23
2784,Priya Nair,priyanair173@gmail.com,9990355660,Female,Indore,2025-04-03
2785,Karpagam Sundaram,karpagamsundaram@gmail.com,9731562869,Female,Kochi,2023-01-25
2786,Meghana Mukherjee,meghanamukherjee404@gmail.com,9809704477,Female,Vellore,2022-08-12
2787,Kannan Annamalai,kannanannamalai@gmail.com,9525291716,Male,Surat,2023-10-14
2788,Keerthana Chettiar,keerthanachettiar376@gmail.com,9824033292,Female,Kolkata,2024-04-25
2789,Sangeetha Rajan,sangeetharajan390@gmail.com,9196878689,Female,Mumbai,2023-12-22
2790,Aman Mehta,amanmehta364@gmail.com,9230634409,Male,Surat,2019-11-25
2791,Kumaresan Pillai,kumaresanpillai15@gmail.com,9981345284,Male,Vellore,2022-09-06
2792,Ravi Desai,ravidesai940@gmail.com,9787122396,Male,Hyderabad,2018-03-23
2793,Sunil Menon,sunilmenon@gmail.com,9334861587,Male,Lucknow,2018-08-06
2794,Priya Iyengar,priyaiyengar@gmail.com,9369986631,Female,Kolkata,2025-02-12
2795,Yamuna Naidu,yamunanaidu66@gmail.com,9160757464,Female,Ahmedabad,2025-07-27
2796,Vetrivel Chandrasekar,vetrivelchandrasekar178@gmail.com,9756868938,Male,Kolkata,2020-01-08
2797,Komal Bhatt,komalbhatt@gmail.com,9964706582,Female,Vellore,2021-03-08
2798,Vandana Gupta,vandanagupta@gmail.com,9774208338,Female,Hyderabad,2025-07-06
2799,Rajeswari Ramanathan,rajeswariramanathan788@gmail.com,9270066616,Female,Thiruvananthapuram,2021-11-29
2800,Shanthi Pillai,shanthipillai@gmail.com,9723239528,Female,Chandigarh,2019-06-08
2801,Sunil Pandey,sunilpandey@gmail.com,9519713995,Male,Pune,2018-03-03
2802,Ritu Sharma,ritusharma246@gmail.com,9767216818,Female,Bhopal,2022-02-01
2803,Namrata Bose,namratabose839@gmail.com,9156377468,Female,Pune,2024-08-31
2804,Gaurav Iyer,gauraviyer@gmail.com,9539534497,Male,Vellore,2018-03-03
2805,Jothi Nair,jothinair531@gmail.com,9160643686,Female,Ahmedabad,2022-07-14
2806,Gaurav Kapoor,gauravkapoor162@gmail.com,9663489498,Male,Vellore,2023-01-06
2807,Sumathi Kumar,sumathikumar566@gmail.com,9860399048,Female,Coimbatore,2023-03-11
2808,Kavitha Venkatesan,kavithavenkatesan@gmail.com,9254460278,Female,Chandigarh,2021-01-06
2809,Rajesh Trivedi,rajeshtrivedi@gmail.com,9496700013,Male,Mumbai,2024-11-05
2810,Kabir Menon,kabirmenon951@gmail.com,9149736200,Male,Visakhapatnam,2024-06-05
2811,Velmurugan Mudaliar,velmuruganmudaliar139@gmail.com,9975168700,Male,Thiruvananthapuram,2022-05-02
2812,Sameer Nair,sameernair@gmail.com,9399092833,Male,Visakhapatnam,2021-01-01
2813,Harsh Chopra,harshchopra680@gmail.com,9231193794,Male,Coimbatore,2022-04-09
2814,Vivek Bhatt,vivekbhatt660@gmail.com,9295812504,Male,Surat,2018-04-15
2815,Radhika Thiagarajan,radhikathiagarajan@gmail.com,9100334843,Female,Indore,2022-02-26
2816,Aarti Saxena,aartisaxena@gmail.com,9273476797,Female,Surat,2018-12-07
2817,Kabir Chatterjee,kabirchatterjee859@gmail.com,9679558320,Male,Chennai,2021-03-29
2818,Kritika Rao,kritikarao26@gmail.com,9281780194,Female,Jaipur,2020-12-08
2819,Keerthana Pandian,keerthanapandian809@gmail.com,9792104886,Female,Coimbatore,2020-02-28
2820,Divya Krishnan,divyakrishnan180@gmail.com,9996859772,Female,Indore,2025-02-25
2821,Karthikeyan Subramaniam,karthikeyansubramaniam902@gmail.com,9617537233,Male,Chandigarh,2023-03-18
2822,Anitha Pillai,anithapillai720@gmail.com,9415898899,Female,Pune,2022-02-14
2823,Bala Pandian,balapandian848@gmail.com,9610795544,Male,Thiruvananthapuram,2021-06-12
2824,Rajesh Gounder,rajeshgounder861@gmail.com,9353621149,Male,Mysuru,2024-07-15
2825,Manisha Mukherjee,manishamukherjee@gmail.com,9833907966,Female,Thiruvananthapuram,2018-05-04
2826,Srinivasan Murugan,srinivasanmurugan362@gmail.com,9796783906,Male,Kochi,2026-03-03
2827,Suresh Venkatesan,sureshvenkatesan@gmail.com,9917473967,Male,Bhopal,2025-09-05
2828,Jagadeesh Chandrasekar,jagadeeshchandrasekar@gmail.com,9399869745,Male,Chandigarh,2023-09-16
2829,Karthikeyan Thiagarajan,karthikeyanthiagarajan55@gmail.com,9671950962,Male,Delhi,2021-01-27
2830,Kumaresan Pandian,kumaresanpandian710@gmail.com,9954679219,Male,Kolkata,2019-01-21
2831,Vidya Rajan,vidyarajan503@gmail.com,9726236232,Female,Ahmedabad,2023-11-11
2832,Kalpana Natarajan,kalpananatarajan107@gmail.com,9417032734,Female,Delhi,2020-07-03
2833,Ravi Kapoor,ravikapoor134@gmail.com,9695492076,Male,Thiruvananthapuram,2020-10-30
2834,Aarti Bhatt,aartibhatt311@gmail.com,9465374140,Female,Bengaluru,2020-10-10
2835,Riya Trivedi,riyatrivedi336@gmail.com,9247800846,Female,Visakhapatnam,2023-11-27
2836,Murugan Naidu,murugannaidu531@gmail.com,9226140523,Male,Ahmedabad,2024-01-24
2837,Manoj Deshpande,manojdeshpande@gmail.com,9188518688,Male,Ahmedabad,2019-03-18
2838,Rajeswari Naidu,rajeswarinaidu827@gmail.com,9217600642,Female,Indore,2025-05-29
2839,Ishaan Agarwal,ishaanagarwal241@gmail.com,9932580040,Male,Salem,2023-06-30
2840,Varun Trivedi,varuntrivedi347@gmail.com,9180562492,Male,Vellore,2018-01-09
2841,Kannappan Balasubramaniam,kannappanbalasubramaniam171@gmail.com,9504867370,Male,Visakhapatnam,2024-05-03
2842,Gopinath Mudaliar,gopinathmudaliar@gmail.com,9434101534,Male,Vijayawada,2018-06-29
2843,Abhishek Saxena,abhisheksaxena686@gmail.com,9887502094,Male,Hyderabad,2024-02-16
2844,Sanya Desai,sanyadesai805@gmail.com,9781990095,Female,Chandigarh,2022-10-04
2845,Deepak Shetty,deepakshetty479@gmail.com,9361308699,Male,Coimbatore,2022-12-30
2846,Manoj Joshi,manojjoshi635@gmail.com,9686381525,Male,Pune,2021-06-08
2847,Varun Iyer,varuniyer790@gmail.com,9884663067,Male,Thiruvananthapuram,2020-07-29
2848,Baskaran Subramaniam,baskaransubramaniam@gmail.com,9815242568,Male,Madurai,2025-06-07
2849,Palanisamy Krishnan,palanisamykrishnan@gmail.com,9065076798,Male,Surat,2021-05-04
2850,Sundar Mudaliar,sundarmudaliar161@gmail.com,9615967032,Male,Mysuru,2018-11-28
2851,Kabir Singh,kabirsingh166@gmail.com,9535545008,Male,Vijayawada,2020-01-24
2852,Radhika Murugan,radhikamurugan506@gmail.com,9698563809,Female,Ahmedabad,2020-05-11
2853,Vidya Ramanathan,vidyaramanathan132@gmail.com,9399784062,Female,Surat,2026-03-05
2854,Anandan Sivaraman,anandansivaraman114@gmail.com,9128216924,Male,Coimbatore,2018-01-20
2855,Siddharth Singh,siddharthsingh41@gmail.com,9369324639,Male,Visakhapatnam,2023-06-08
2856,Vinay Desai,vinaydesai470@gmail.com,9399953150,Male,Surat,2019-01-23
2857,Karthikeyan Pandian,karthikeyanpandian@gmail.com,9637002701,Male,Delhi,2018-03-05
2858,Ritu Desai,ritudesai468@gmail.com,9298977983,Female,Salem,2022-01-14
2859,Sumathi Subramaniam,sumathisubramaniam332@gmail.com,9983743955,Female,Bhopal,2022-06-30
2860,Simran Desai,simrandesai@gmail.com,9003263226,Female,Lucknow,2019-07-13
2861,Simran Reddy,simranreddy@gmail.com,9086306374,Female,Vijayawada,2024-10-07
2862,Vandana Gupta,vandanagupta605@gmail.com,9315486351,Female,Nagpur,2023-11-19
2863,Rajesh Kulkarni,rajeshkulkarni156@gmail.com,9266887001,Male,Visakhapatnam,2022-03-26
2864,Aarti Reddy,aartireddy199@gmail.com,9385985649,Female,Pune,2025-09-04
2865,Nisha Desai,nishadesai@gmail.com,9693465574,Female,Kochi,2025-02-01
2866,Sameer Pandey,sameerpandey471@gmail.com,9393651743,Male,Thiruvananthapuram,2018-10-03
2867,Sanya Verma,sanyaverma29@gmail.com,9810903821,Female,Indore,2023-12-18
2868,Payal Malhotra,payalmalhotra992@gmail.com,9943586400,Female,Vellore,2020-09-17
2869,Neha Menon,nehamenon707@gmail.com,9253127251,Female,Mumbai,2022-02-23
2870,Ravi Reddy,ravireddy@gmail.com,9801316221,Male,Ahmedabad,2024-09-11
2871,Murugan Iyengar,muruganiyengar@gmail.com,9710290509,Male,Chennai,2025-01-29
2872,Vanitha Chettiar,vanithachettiar@gmail.com,9241983923,Female,Kolkata,2018-10-30
2873,Ritu Menon,ritumenon966@gmail.com,9483078267,Female,Lucknow,2019-01-26
2874,Deepa Ramanathan,deeparamanathan@gmail.com,9507733367,Female,Thiruvananthapuram,2020-10-03
2875,Karpagam Pillai,karpagampillai263@gmail.com,9037382789,Female,Pune,2024-11-15
2876,Manikandan Venkatesan,manikandanvenkatesan619@gmail.com,9136104747,Male,Bhopal,2020-07-12
2877,Selvam Reddy,selvamreddy539@gmail.com,9758672750,Male,Lucknow,2026-01-14
2878,Uma Iyengar,umaiyengar4@gmail.com,9499435234,Female,Lucknow,2018-04-18
2879,Kumaresan Murugan,kumaresanmurugan@gmail.com,9637576763,Male,Kochi,2024-08-16
2880,Sanya Chatterjee,sanyachatterjee168@gmail.com,9220202010,Female,Vijayawada,2024-04-27
2881,Neha Bose,nehabose391@gmail.com,9730688910,Female,Hyderabad,2024-02-21
2882,Vidya Iyengar,vidyaiyengar@gmail.com,9489107692,Female,Hyderabad,2020-12-06
2883,Rajesh Murugan,rajeshmurugan@gmail.com,9670014916,Male,Mumbai,2020-12-20
2884,Nithish Natarajan,nithishnatarajan581@gmail.com,9093769199,Male,Mumbai,2024-08-07
2885,Diya Agarwal,diyaagarwal@gmail.com,9772859884,Female,Lucknow,2020-06-01
2886,Suganya Murugan,suganyamurugan1@gmail.com,9600293199,Female,Thiruvananthapuram,2021-10-01
2887,Nithya Pandian,nithyapandian@gmail.com,9791113554,Female,Salem,2023-02-07
2888,Saravanan Sivaraman,saravanansivaraman@gmail.com,9912111152,Male,Vellore,2026-01-31
2889,Kumaresan Iyer,kumaresaniyer223@gmail.com,9393405798,Male,Coimbatore,2026-01-24
2890,Pankaj Gupta,pankajgupta@gmail.com,9315183658,Male,Nagpur,2020-06-22
2891,Siddharth Verma,siddharthverma@gmail.com,9966164198,Male,Mysuru,2026-02-27
2892,Baskaran Sundaram,baskaransundaram966@gmail.com,9570990206,Male,Kolkata,2021-10-25
2893,Rajeswari Kumar,rajeswarikumar190@gmail.com,9391161004,Female,Madurai,2024-04-02
2894,Meghana Agarwal,meghanaagarwal404@gmail.com,9627716223,Female,Indore,2022-04-09
2895,Poornima Natarajan,poornimanatarajan@gmail.com,9849901863,Female,Indore,2025-06-29
2896,Neha Menon,nehamenon@gmail.com,9688346916,Female,Salem,2022-09-20
2897,Ishaan Pillai,ishaanpillai@gmail.com,9034424288,Male,Jaipur,2026-07-09
2898,Anil Sharma,anilsharma278@gmail.com,9871409206,Male,Chandigarh,2020-04-30
2899,Vidya Sivaraman,vidyasivaraman45@gmail.com,9638429683,Female,Thiruvananthapuram,2018-11-16
2900,Manikandan Iyer,manikandaniyer790@gmail.com,9452504632,Male,Vellore,2022-08-22
2901,Deepak Thiagarajan,deepakthiagarajan@gmail.com,9577712827,Male,Lucknow,2022-05-24
2902,Neha Singh,nehasingh494@gmail.com,9350258670,Female,Mumbai,2025-11-01
2903,Gaurav Deshpande,gauravdeshpande32@gmail.com,9260928004,Male,Bhopal,2021-01-29
2904,Selvam Gounder,selvamgounder223@gmail.com,9075504748,Male,Indore,2019-04-20
2905,Latha Nair,lathanair@gmail.com,9045179460,Female,Chandigarh,2020-08-01
2906,Sumathi Rajan,sumathirajan445@gmail.com,9178276201,Female,Vijayawada,2021-08-26
2907,Pradeep Mehta,pradeepmehta357@gmail.com,9280281017,Male,Mysuru,2025-04-08
2908,Kalpana Naidu,kalpananaidu562@gmail.com,9570661722,Female,Coimbatore,2019-02-11
2909,Aman Bose,amanbose589@gmail.com,9208997208,Male,Surat,2025-08-29
2910,Srinivasan Balasubramaniam,srinivasanbalasubramaniam725@gmail.com,9171771583,Male,Madurai,2021-10-05
2911,Manisha Malhotra,manishamalhotra@gmail.com,9178146457,Female,Indore,2024-09-04
2912,Pallavi Rao,pallavirao900@gmail.com,9039161812,Female,Chennai,2026-04-03
2913,Amudha Balasubramaniam,amudhabalasubramaniam680@gmail.com,9340458206,Female,Pune,2025-02-05
2914,Bhuvana Iyengar,bhuvanaiyengar100@gmail.com,9941567383,Female,Mumbai,2018-03-08
2915,Bala Natarajan,balanatarajan334@gmail.com,9763848589,Male,Vijayawada,2019-03-29
2916,Rohan Bansal,rohanbansal@gmail.com,9667169482,Male,Vijayawada,2018-03-26
2917,Uma Iyengar,umaiyengar610@gmail.com,9633764073,Female,Vellore,2025-03-29
2918,Kunal Pillai,kunalpillai696@gmail.com,9650610778,Male,Lucknow,2022-02-27
2919,Meghana Menon,meghanamenon@gmail.com,9520120001,Female,Indore,2026-06-06
2920,Mohan Natarajan,mohannatarajan@gmail.com,9618382420,Male,Hyderabad,2019-01-19
2921,Abirami Sivaraman,abiramisivaraman@gmail.com,9144399728,Female,Jaipur,2025-03-13
2922,Sanjay Kapoor,sanjaykapoor363@gmail.com,9661137250,Male,Delhi,2024-07-16
2923,Ashok Naidu,ashoknaidu453@gmail.com,9884327982,Male,Bhopal,2025-11-01
2924,Iniya Pillai,iniyapillai531@gmail.com,9105772581,Female,Pune,2025-02-09
2925,Aryan Agarwal,aryanagarwal@gmail.com,9298456537,Male,Mysuru,2021-12-19
2926,Ankit Gupta,ankitgupta511@gmail.com,9822527268,Male,Kochi,2026-01-17
2927,Nithish Pillai,nithishpillai@gmail.com,9148440268,Male,Coimbatore,2019-11-25
2928,Kalpana Subramaniam,kalpanasubramaniam872@gmail.com,9733105358,Female,Kolkata,2025-01-03
2929,Aman Joshi,amanjoshi361@gmail.com,9160022406,Male,Ahmedabad,2020-11-10
2930,Nikhil Pandey,nikhilpandey452@gmail.com,9936090337,Male,Salem,2024-10-05
2931,Uma Rajan,umarajan224@gmail.com,9615025657,Female,Mumbai,2020-04-10
2932,Divya Mudaliar,divyamudaliar@gmail.com,9991847894,Female,Madurai,2018-03-22
2933,Kavya Shetty,kavyashetty457@gmail.com,9513783155,Female,Jaipur,2020-10-23
2934,Pankaj Bose,pankajbose903@gmail.com,9535973937,Male,Vellore,2019-05-06
2935,Latha Reddy,lathareddy141@gmail.com,9643267206,Female,Delhi,2018-04-01
2936,Iniya Annamalai,iniyaannamalai633@gmail.com,9025440357,Female,Pune,2020-09-04
2937,Pooja Mehta,poojamehta153@gmail.com,9662202751,Female,Indore,2023-07-06
2938,Rajeswari Murugan,rajeswarimurugan937@gmail.com,9351858070,Female,Vellore,2022-10-19
2939,Sumathi Mudaliar,sumathimudaliar@gmail.com,9717496830,Female,Pune,2022-05-27
2940,Poornima Raj,poornimaraj@gmail.com,9940388713,Female,Vijayawada,2025-12-13
2941,Vikas Kulkarni,vikaskulkarni815@gmail.com,9692233414,Male,Lucknow,2026-05-08
2942,Meena Chandrasekar,meenachandrasekar@gmail.com,9290420307,Female,Coimbatore,2026-03-03
2943,Harish Subramaniam,harishsubramaniam927@gmail.com,9836984285,Male,Tiruchirappalli,2023-05-15
2944,Priya Pillai,priyapillai@gmail.com,9941384601,Female,Indore,2019-11-01
2945,Manisha Pillai,manishapillai442@gmail.com,9912643473,Female,Kolkata,2018-02-26
2946,Aman Trivedi,amantrivedi775@gmail.com,9956332661,Male,Bhopal,2018-07-21
2947,Sumathi Chettiar,sumathichettiar507@gmail.com,9838669790,Female,Mysuru,2026-03-04
2948,Iniya Iyer,iniyaiyer64@gmail.com,9225918483,Female,Visakhapatnam,2023-10-22
2949,Nithish Chandrasekar,nithishchandrasekar@gmail.com,9086682328,Male,Kolkata,2018-09-06
2950,Sunil Pillai,sunilpillai784@gmail.com,9065376756,Male,Mysuru,2025-12-27
2951,Geetha Ramanathan,geetharamanathan@gmail.com,9144144490,Female,Vijayawada,2019-05-18
2952,Amudha Iyengar,amudhaiyengar@gmail.com,9407712699,Female,Nagpur,2025-09-30
2953,Murugan Chandrasekar,muruganchandrasekar435@gmail.com,9176657648,Male,Kochi,2019-12-07
2954,Saravanan Naidu,saravanannaidu998@gmail.com,9612499406,Male,Bengaluru,2022-05-27
2955,Suganya Subramaniam,suganyasubramaniam368@gmail.com,9414319950,Female,Chennai,2024-12-15
2956,Ramesh Nair,rameshnair245@gmail.com,9229487933,Male,Mumbai,2020-01-11
2957,Ishaan Kapoor,ishaankapoor2@gmail.com,9404696810,Male,Kochi,2021-05-04
2958,Deepa Iyengar,deepaiyengar304@gmail.com,9130232979,Female,Thiruvananthapuram,2018-12-29
2959,Anandan Naidu,anandannaidu462@gmail.com,9380563584,Male,Coimbatore,2020-08-10
2960,Naveen Sharma,naveensharma@gmail.com,9573108823,Male,Kochi,2020-03-01
2961,Payal Agarwal,payalagarwal823@gmail.com,9925268933,Female,Nagpur,2023-09-11
2962,Ganesan Iyengar,ganesaniyengar803@gmail.com,9441108728,Male,Nagpur,2021-04-21
2963,Manoj Mukherjee,manojmukherjee@gmail.com,9614967346,Male,Mysuru,2019-11-26
2964,Deepak Agarwal,deepakagarwal896@gmail.com,9110576179,Male,Coimbatore,2019-03-06
2965,Aditi Pandey,aditipandey694@gmail.com,9969444906,Female,Kochi,2023-10-02
2966,Aditya Reddy,adityareddy876@gmail.com,9083924087,Male,Bengaluru,2021-01-28
2967,Yash Sharma,yashsharma506@gmail.com,9217193567,Male,Indore,2024-12-28
2968,Naveen Mishra,naveenmishra111@gmail.com,9589666030,Male,Indore,2022-09-02
2969,Ritu Patel,ritupatel@gmail.com,9835523998,Female,Madurai,2022-09-19
2970,Mohan Mudaliar,mohanmudaliar844@gmail.com,9694626381,Male,Kolkata,2024-10-25
2971,Meena Murugan,meenamurugan424@gmail.com,9011269027,Female,Lucknow,2022-11-05
2972,Harsh Bansal,harshbansal576@gmail.com,9669079422,Male,Visakhapatnam,2021-09-15
2973,Anitha Ramanathan,anitharamanathan750@gmail.com,9270378767,Female,Bengaluru,2018-11-26
2974,Sundar Rajan,sundarrajan241@gmail.com,9570374666,Male,Lucknow,2019-09-28
2975,Kunal Pandey,kunalpandey388@gmail.com,9572961095,Male,Bhopal,2023-12-16
2976,Kannappan Venkatesan,kannappanvenkatesan205@gmail.com,9685104200,Male,Mysuru,2024-03-23
2977,Diya Reddy,diyareddy211@gmail.com,9645901973,Female,Indore,2019-04-27
2978,Meena Thiagarajan,meenathiagarajan727@gmail.com,9340028367,Female,Chandigarh,2026-04-24
2979,Sunil Agarwal,sunilagarwal9@gmail.com,9856132518,Male,Vijayawada,2018-11-17
2980,Vidya Ramanathan,vidyaramanathan782@gmail.com,9675408661,Female,Hyderabad,2024-08-08
2981,Kamakshi Rajan,kamakshirajan@gmail.com,9839170437,Female,Bhopal,2022-08-12
2982,Sivakumar Annamalai,sivakumarannamalai732@gmail.com,9559800129,Male,Chennai,2019-05-18
2983,Poornima Mudaliar,poornimamudaliar641@gmail.com,9969156915,Female,Bengaluru,2021-04-16
2984,Ganesan Iyer,ganesaniyer@gmail.com,9572609597,Male,Chandigarh,2025-03-09
2985,Arunachalam Gounder,arunachalamgounder943@gmail.com,9725053341,Male,Chennai,2025-11-07
2986,Vanitha Rajan,vanitharajan853@gmail.com,9959979577,Female,Madurai,2022-03-09
2987,Saranya Naidu,saranyanaidu736@gmail.com,9936261015,Female,Hyderabad,2020-12-19
2988,Ishita Mehta,ishitamehta62@gmail.com,9601099376,Female,Pune,2026-01-23
2989,Padma Venkatesan,padmavenkatesan@gmail.com,9479229813,Female,Coimbatore,2020-06-14
2990,Vishal Shetty,vishalshetty515@gmail.com,9669366789,Male,Chennai,2025-05-29
2991,Prakash Natarajan,prakashnatarajan638@gmail.com,9945996364,Male,Chandigarh,2021-06-06
2992,Selvam Murugan,selvammurugan708@gmail.com,9426477155,Male,Coimbatore,2022-12-20
2993,Kabir Shetty,kabirshetty@gmail.com,9367610188,Male,Chennai,2026-03-19
2994,Yamuna Natarajan,yamunanatarajan242@gmail.com,9692582189,Female,Vijayawada,2022-07-22
2995,Padma Pandian,padmapandian41@gmail.com,9419858714,Female,Salem,2019-06-10
2996,Ajay Desai,ajaydesai959@gmail.com,9941328737,Male,Mysuru,2026-02-02
2997,Sanya Saxena,sanyasaxena457@gmail.com,9026485064,Female,Madurai,2018-10-04
2998,Padma Chettiar,padmachettiar@gmail.com,9142522948,Female,Kochi,2022-05-16
2999,Meghana Reddy,meghanareddy407@gmail.com,9771500144,Female,Pune,2021-04-26
3000,Dhanalakshmi Pandian,dhanalakshmipandian531@gmail.com,9731862615,Female,Vellore,2019-03-05
3001,Selvi Naidu,selvinaidu@gmail.com,9236836560,Female,Salem,2024-09-28
3002,Velmurugan Venkatesan,velmuruganvenkatesan346@gmail.com,9900419149,Male,Nagpur,2019-12-20
3003,Ishaan Trivedi,ishaantrivedi392@gmail.com,9410379181,Male,Tiruchirappalli,2021-03-28
3004,Vidya Venkatesan,vidyavenkatesan935@gmail.com,9182417701,Female,Kolkata,2018-10-26
3005,Sundar Reddy,sundarreddy@gmail.com,9137981240,Male,Vijayawada,2023-01-23
3006,Manikandan Kumar,manikandankumar@gmail.com,9211538670,Male,Thiruvananthapuram,2018-01-05
3007,Sneha Chopra,snehachopra398@gmail.com,9917995232,Female,Kolkata,2024-07-05
3008,Kavitha Annamalai,kavithaannamalai@gmail.com,9815340071,Female,Mumbai,2019-01-31
3009,Devika Mudaliar,devikamudaliar@gmail.com,9351505302,Female,Delhi,2021-01-12
3010,Ashok Kumar,ashokkumar223@gmail.com,9069415295,Male,Jaipur,2023-09-07
3011,Pradeep Deshpande,pradeepdeshpande@gmail.com,9530796484,Male,Delhi,2023-08-21
3012,Ramesh Annamalai,rameshannamalai177@gmail.com,9659539143,Male,Kolkata,2021-03-19
3013,Rajesh Venkatesan,rajeshvenkatesan@gmail.com,9263208974,Male,Kochi,2026-02-13
3014,Padma Pillai,padmapillai254@gmail.com,9154182376,Female,Thiruvananthapuram,2026-07-02
3015,Deepak Reddy,deepakreddy438@gmail.com,9669207724,Male,Coimbatore,2019-11-15
3016,Lakshmi Mudaliar,lakshmimudaliar@gmail.com,9378241732,Female,Jaipur,2022-06-16
3017,Selvam Raj,selvamraj@gmail.com,9593328640,Male,Bengaluru,2018-11-12
3018,Revathi Iyer,revathiiyer698@gmail.com,9475421186,Female,Lucknow,2020-10-07
3019,Shanthi Mudaliar,shanthimudaliar490@gmail.com,9934341293,Female,Vellore,2023-11-02
3020,Arun Krishnan,arunkrishnan222@gmail.com,9260281536,Male,Lucknow,2025-02-11
3021,Yash Agarwal,yashagarwal660@gmail.com,9550542011,Male,Lucknow,2018-02-25
3022,Rohan Rao,rohanrao6@gmail.com,9652282624,Male,Salem,2019-12-25
3023,Swati Saxena,swatisaxena742@gmail.com,9768318712,Female,Thiruvananthapuram,2026-07-14
3024,Ishaan Shetty,ishaanshetty220@gmail.com,9136190986,Male,Bengaluru,2025-01-27
3025,Ishita Agarwal,ishitaagarwal@gmail.com,9780572627,Female,Salem,2019-08-24
3026,Aishwarya Pillai,aishwaryapillai@gmail.com,9461476741,Female,Hyderabad,2019-02-22
3027,Swati Patel,swatipatel@gmail.com,9738185920,Female,Visakhapatnam,2025-06-17
3028,Shalini Pandian,shalinipandian@gmail.com,9372531148,Female,Chennai,2026-04-01
3029,Aishwarya Shetty,aishwaryashetty@gmail.com,9533906528,Female,Bhopal,2018-01-16
3030,Abirami Rajan,abiramirajan90@gmail.com,9593304256,Female,Vellore,2021-10-25
3031,Karan Kulkarni,karankulkarni431@gmail.com,9636959594,Male,Salem,2022-07-21
3032,Manoj Iyer,manojiyer@gmail.com,9955768267,Male,Delhi,2025-08-16
3033,Meghana Mishra,meghanamishra441@gmail.com,9144291186,Female,Hyderabad,2025-03-29
3034,Aman Pillai,amanpillai997@gmail.com,9568602413,Male,Coimbatore,2025-06-03
3035,Abhishek Bansal,abhishekbansal16@gmail.com,9521122902,Male,Indore,2022-10-13
3036,Gaurav Nair,gauravnair@gmail.com,9406609287,Male,Kolkata,2023-01-02
3037,Sunil Shetty,sunilshetty249@gmail.com,9969134451,Male,Bhopal,2019-08-26
3038,Kannappan Pillai,kannappanpillai661@gmail.com,9573509931,Male,Mysuru,2022-09-07
3039,Vikas Gupta,vikasgupta181@gmail.com,9326132402,Male,Vellore,2022-11-12
3040,Yash Joshi,yashjoshi870@gmail.com,9344022646,Male,Visakhapatnam,2020-08-28
3041,Sangeetha Krishnan,sangeethakrishnan496@gmail.com,9069320178,Female,Surat,2021-05-24
3042,Varun Mishra,varunmishra144@gmail.com,9949825116,Male,Bengaluru,2025-03-26
3043,Tanvi Deshpande,tanvideshpande464@gmail.com,9365642886,Female,Hyderabad,2025-02-27
3044,Revathi Sundaram,revathisundaram335@gmail.com,9728422892,Female,Pune,2024-10-05
3045,Poornima Krishnan,poornimakrishnan@gmail.com,9345022360,Female,Lucknow,2022-05-26
3046,Srinivasan Kumar,srinivasankumar@gmail.com,9335519164,Male,Vellore,2020-06-04
3047,Rajeswari Rangan,rajeswarirangan688@gmail.com,9358474553,Female,Bhopal,2024-06-15
3048,Rajkumar Venkatesan,rajkumarvenkatesan277@gmail.com,9261450418,Male,Lucknow,2020-05-19
3049,Aishwarya Malhotra,aishwaryamalhotra621@gmail.com,9230653712,Female,Vijayawada,2020-08-22
3050,Karan Chatterjee,karanchatterjee@gmail.com,9362428690,Male,Nagpur,2025-11-26
3051,Ramesh Gounder,rameshgounder@gmail.com,9790481959,Male,Tiruchirappalli,2020-12-07
3052,Manikandan Iyer,manikandaniyer709@gmail.com,9469722438,Male,Pune,2018-07-24
3053,Ishita Kulkarni,ishitakulkarni832@gmail.com,9636007389,Female,Surat,2021-03-04
3054,Kannan Chettiar,kannanchettiar418@gmail.com,9172700110,Male,Hyderabad,2021-07-25
3055,Deepak Mishra,deepakmishra@gmail.com,9160704984,Male,Surat,2024-06-01
3056,Abhishek Kapoor,abhishekkapoor@gmail.com,9416294473,Male,Mysuru,2021-03-05
3057,Poornima Nair,poornimanair@gmail.com,9828653740,Female,Coimbatore,2020-04-28
3058,Manisha Verma,manishaverma302@gmail.com,9004067678,Female,Coimbatore,2020-04-04
3059,Ritu Nair,ritunair298@gmail.com,9914489276,Female,Chandigarh,2025-12-12
3060,Karan Singh,karansingh838@gmail.com,9196503041,Male,Mumbai,2020-06-19
3061,Sivakumar Sundaram,sivakumarsundaram682@gmail.com,9566859092,Male,Mysuru,2024-03-31
3062,Ishaan Pandey,ishaanpandey7@gmail.com,9718748233,Male,Bhopal,2018-09-19
3063,Ajay Malhotra,ajaymalhotra@gmail.com,9765297186,Male,Pune,2023-08-20
3064,Riya Verma,riyaverma@gmail.com,9430366016,Female,Chandigarh,2023-05-18
3065,Sivakumar Balasubramaniam,sivakumarbalasubramaniam@gmail.com,9356980842,Male,Vellore,2020-01-25
3066,Selvi Iyengar,selviiyengar303@gmail.com,9501235519,Female,Lucknow,2024-02-22
3067,Sanya Mehta,sanyamehta@gmail.com,9099699663,Female,Ahmedabad,2024-03-05
3068,Vidya Murugan,vidyamurugan59@gmail.com,9378590111,Female,Indore,2023-01-26
3069,Keerthana Kumar,keerthanakumar@gmail.com,9776955091,Female,Visakhapatnam,2021-01-28
3070,Nikhil Trivedi,nikhiltrivedi521@gmail.com,9701751383,Male,Lucknow,2019-04-14
3071,Thangaraj Kumar,thangarajkumar506@gmail.com,9749627711,Male,Kochi,2022-10-25
3072,Payal Mishra,payalmishra@gmail.com,9944023575,Female,Indore,2024-12-25
3073,Namrata Malhotra,namratamalhotra@gmail.com,9095780858,Female,Madurai,2026-06-02
3074,Uma Chandrasekar,umachandrasekar867@gmail.com,9145783425,Female,Mysuru,2022-10-21
3075,Kavya Bhatt,kavyabhatt921@gmail.com,9664014383,Female,Surat,2026-03-08
3076,Vandana Kapoor,vandanakapoor@gmail.com,9363193508,Female,Vijayawada,2020-12-10
3077,Preeti Mishra,preetimishra559@gmail.com,9076409357,Female,Mumbai,2023-08-29
3078,Vanitha Rajan,vanitharajan782@gmail.com,9407606111,Female,Chandigarh,2020-07-07
3079,Harish Thiagarajan,harishthiagarajan@gmail.com,9639883378,Male,Ahmedabad,2023-09-27
3080,Karpagam Venkatesan,karpagamvenkatesan135@gmail.com,9692752938,Female,Pune,2021-09-19
3081,Bhavya Pillai,bhavyapillai629@gmail.com,9805237671,Female,Mysuru,2026-01-09
3082,Aishwarya Gupta,aishwaryagupta@gmail.com,9060067471,Female,Ahmedabad,2024-10-23
3083,Kamakshi Murugan,kamakshimurugan625@gmail.com,9790629376,Female,Bengaluru,2024-12-08
3084,Nisha Verma,nishaverma@gmail.com,9763526262,Female,Madurai,2018-03-09
3085,Jothi Naidu,jothinaidu898@gmail.com,9559420443,Female,Coimbatore,2025-12-02
3086,Sumathi Rajan,sumathirajan588@gmail.com,9234408479,Female,Bhopal,2018-05-02
3087,Kamakshi Natarajan,kamakshinatarajan@gmail.com,9231828283,Female,Chandigarh,2022-01-14
3088,Nithya Krishnan,nithyakrishnan64@gmail.com,9658848135,Female,Bhopal,2020-10-28
3089,Karthik Subramaniam,karthiksubramaniam510@gmail.com,9401286068,Male,Lucknow,2024-07-29
3090,Aishwarya Mukherjee,aishwaryamukherjee721@gmail.com,9221364238,Female,Visakhapatnam,2026-02-01
3091,Pooja Nair,poojanair754@gmail.com,9474050767,Female,Madurai,2019-05-07
3092,Ravichandran Balasubramaniam,ravichandranbalasubramaniam@gmail.com,9612210904,Male,Chandigarh,2026-07-19
3093,Jagadeesh Krishnan,jagadeeshkrishnan427@gmail.com,9274868719,Male,Mumbai,2026-04-05
3094,Anil Mehta,anilmehta313@gmail.com,9228236585,Male,Vijayawada,2020-11-12
3095,Lakshmi Annamalai,lakshmiannamalai@gmail.com,9189507651,Female,Kolkata,2026-07-30
3096,Rajkumar Rajan,rajkumarrajan800@gmail.com,9692604620,Male,Coimbatore,2021-10-30
3097,Aishwarya Chatterjee,aishwaryachatterjee94@gmail.com,9429525706,Female,Jaipur,2019-10-01
3098,Tanvi Malhotra,tanvimalhotra414@gmail.com,9109001598,Female,Kolkata,2018-02-10
3099,Ishita Chopra,ishitachopra737@gmail.com,9638381727,Female,Coimbatore,2025-02-05
3100,Sathish Chettiar,sathishchettiar387@gmail.com,9569835808,Male,Ahmedabad,2023-09-15
3101,Dhanalakshmi Chettiar,dhanalakshmichettiar450@gmail.com,9128672289,Female,Bhopal,2019-03-18
3102,Kavya Nair,kavyanair601@gmail.com,9023122484,Female,Vellore,2018-10-07
3103,Isha Kapoor,ishakapoor775@gmail.com,9563388682,Female,Madurai,2023-05-03
3104,Malathi Balasubramaniam,malathibalasubramaniam@gmail.com,9776422248,Female,Hyderabad,2026-05-24
3105,Shreya Rao,shreyarao168@gmail.com,9213777862,Female,Bengaluru,2020-02-02
3106,Kalpana Nair,kalpananair877@gmail.com,9414953806,Female,Vijayawada,2020-08-25
3107,Vetrivel Rangan,vetrivelrangan961@gmail.com,9423003594,Male,Lucknow,2025-08-27
3108,Nikhil Mehta,nikhilmehta541@gmail.com,9687310575,Male,Visakhapatnam,2024-06-27
3109,Senthil Annamalai,senthilannamalai636@gmail.com,9254852702,Male,Delhi,2025-05-19
3110,Padma Iyengar,padmaiyengar@gmail.com,9540510095,Female,Delhi,2020-01-29
3111,Deepa Venkatesan,deepavenkatesan857@gmail.com,9886077232,Female,Ahmedabad,2025-04-07
3112,Baskaran Venkatesan,baskaranvenkatesan510@gmail.com,9712587911,Male,Mumbai,2022-02-07
3113,Tanvi Saxena,tanvisaxena615@gmail.com,9903198641,Female,Kolkata,2021-04-06
3114,Lakshmi Sundaram,lakshmisundaram@gmail.com,9583850954,Female,Nagpur,2022-01-01
3115,Selvam Kumar,selvamkumar901@gmail.com,9502974318,Male,Pune,2019-02-03
3116,Karpagam Gounder,karpagamgounder@gmail.com,9903454359,Female,Tiruchirappalli,2025-03-18
3117,Velmurugan Venkatesan,velmuruganvenkatesan94@gmail.com,9758303891,Male,Nagpur,2018-11-15
3118,Elango Krishnan,elangokrishnan339@gmail.com,9805508970,Male,Kochi,2019-09-19
3119,Manikandan Kumar,manikandankumar302@gmail.com,9596195388,Male,Jaipur,2026-06-22
3120,Bhuvana Annamalai,bhuvanaannamalai@gmail.com,9623582337,Female,Ahmedabad,2019-10-12
3121,Gopinath Pandian,gopinathpandian888@gmail.com,9381940340,Male,Lucknow,2026-06-06
3122,Aditi Patel,aditipatel@gmail.com,9763729365,Female,Kochi,2021-01-18
3123,Arunachalam Venkatesan,arunachalamvenkatesan41@gmail.com,9618869210,Male,Lucknow,2022-04-06
3124,Abirami Balasubramaniam,abiramibalasubramaniam@gmail.com,9907762103,Female,Bhopal,2026-04-25
3125,Devika Balasubramaniam,devikabalasubramaniam63@gmail.com,9745553733,Female,Vellore,2025-03-26
3126,Kumaresan Chettiar,kumaresanchettiar460@gmail.com,9365772321,Male,Nagpur,2025-04-08
3127,Pankaj Iyer,pankajiyer@gmail.com,9144298506,Male,Salem,2023-11-11
3128,Preeti Deshpande,preetideshpande@gmail.com,9305308957,Female,Surat,2020-12-07
3129,Iniya Nair,iniyanair877@gmail.com,9124666132,Female,Bengaluru,2018-03-25
3130,Kabir Menon,kabirmenon@gmail.com,9633854438,Male,Coimbatore,2024-04-23
3131,Kannan Ramanathan,kannanramanathan67@gmail.com,9282964786,Male,Madurai,2025-05-18
3132,Ashok Mudaliar,ashokmudaliar15@gmail.com,9372777820,Male,Madurai,2023-02-12
3133,Aditya Mukherjee,adityamukherjee29@gmail.com,9612855464,Male,Indore,2019-03-09
3134,Manisha Patel,manishapatel625@gmail.com,9139003664,Female,Ahmedabad,2018-07-31
3135,Karan Verma,karanverma@gmail.com,9236738530,Male,Jaipur,2020-09-25
3136,Amudha Kumar,amudhakumar103@gmail.com,9011713889,Female,Coimbatore,2021-07-29
3137,Aditya Singh,adityasingh853@gmail.com,9095031250,Male,Kochi,2023-03-13
3138,Pallavi Desai,pallavidesai41@gmail.com,9816079921,Female,Hyderabad,2026-05-05
3139,Sundar Reddy,sundarreddy605@gmail.com,9953410807,Male,Jaipur,2020-11-03
3140,Payal Chopra,payalchopra@gmail.com,9012790591,Female,Jaipur,2020-12-14
3141,Thangaraj Gounder,thangarajgounder995@gmail.com,9391127423,Male,Pune,2019-04-18
3142,Meghana Agarwal,meghanaagarwal966@gmail.com,9161000281,Female,Pune,2019-03-10
3143,Devika Chettiar,devikachettiar@gmail.com,9817541098,Female,Surat,2022-11-07
3144,Yuvaraj Reddy,yuvarajreddy888@gmail.com,9481369789,Male,Ahmedabad,2024-11-03
3145,Aditya Rao,adityarao505@gmail.com,9148589968,Male,Thiruvananthapuram,2021-06-01
3146,Devika Sivaraman,devikasivaraman252@gmail.com,9694324728,Female,Vellore,2023-03-17
3147,Saravanan Annamalai,saravananannamalai387@gmail.com,9437524357,Male,Vijayawada,2025-09-21
3148,Suganya Venkatesan,suganyavenkatesan@gmail.com,9800682478,Female,Nagpur,2021-04-18
3149,Kritika Bansal,kritikabansal177@gmail.com,9929397235,Female,Mumbai,2019-06-27
3150,Aditi Desai,aditidesai311@gmail.com,9666998602,Female,Indore,2023-03-27
3151,Keerthana Raj,keerthanaraj689@gmail.com,9490309371,Female,Kochi,2019-09-22
3152,Rajesh Balasubramaniam,rajeshbalasubramaniam@gmail.com,9515893502,Male,Surat,2023-01-12
3153,Shanthi Thiagarajan,shanthithiagarajan805@gmail.com,9718066806,Female,Kolkata,2021-04-22
3154,Dinesh Sundaram,dineshsundaram142@gmail.com,9763516658,Male,Vellore,2019-12-11
3155,Namrata Mehta,namratamehta830@gmail.com,9476130038,Female,Vellore,2023-05-03
3156,Sathish Iyer,sathishiyer917@gmail.com,9250392319,Male,Vellore,2026-03-25
3157,Vikas Shetty,vikasshetty423@gmail.com,9471553305,Male,Bhopal,2023-04-28
3158,Dhanalakshmi Naidu,dhanalakshminaidu345@gmail.com,9155813845,Female,Nagpur,2024-02-03
3159,Naveen Mudaliar,naveenmudaliar@gmail.com,9279101661,Male,Chandigarh,2023-04-23
3160,Suganya Gounder,suganyagounder@gmail.com,9767463994,Female,Mumbai,2020-05-30
3161,Rajesh Deshpande,rajeshdeshpande856@gmail.com,9076133136,Male,Indore,2022-02-21
3162,Aarti Pillai,aartipillai685@gmail.com,9718137402,Female,Bengaluru,2026-04-12
3163,Selvam Rajan,selvamrajan684@gmail.com,9254886104,Male,Ahmedabad,2021-06-29
3164,Harsh Desai,harshdesai@gmail.com,9929828660,Male,Coimbatore,2021-12-03
3165,Kalpana Mudaliar,kalpanamudaliar739@gmail.com,9924262101,Female,Indore,2024-09-21
3166,Yash Pandey,yashpandey740@gmail.com,9751641267,Male,Coimbatore,2025-10-09
3167,Sanya Malhotra,sanyamalhotra@gmail.com,9361917383,Female,Jaipur,2024-05-04
3168,Indumathi Naidu,indumathinaidu243@gmail.com,9270377391,Female,Thiruvananthapuram,2019-05-28
3169,Ganesan Sivaraman,ganesansivaraman804@gmail.com,9029223131,Male,Surat,2025-05-23
3170,Selvam Reddy,selvamreddy64@gmail.com,9872690656,Male,Kolkata,2021-06-15
3171,Thangaraj Venkatesan,thangarajvenkatesan@gmail.com,9368449188,Male,Thiruvananthapuram,2021-11-19
3172,Senthil Reddy,senthilreddy@gmail.com,9782787137,Male,Salem,2025-09-17
3173,Meena Sundaram,meenasundaram192@gmail.com,9880734956,Female,Chennai,2023-10-13
3174,Kavya Gupta,kavyagupta431@gmail.com,9543823948,Female,Indore,2025-12-14
3175,Suganya Murugan,suganyamurugan858@gmail.com,9255525700,Female,Madurai,2024-03-11
3176,Jagadeesh Krishnan,jagadeeshkrishnan@gmail.com,9655575645,Male,Vellore,2024-08-23
3177,Sanjay Mishra,sanjaymishra897@gmail.com,9603050747,Male,Bengaluru,2023-09-26
3178,Rohit Chatterjee,rohitchatterjee863@gmail.com,9314373661,Male,Bengaluru,2022-07-12
3179,Divya Krishnan,divyakrishnan206@gmail.com,9006895137,Female,Thiruvananthapuram,2023-06-26
3180,Manisha Menon,manishamenon976@gmail.com,9460883747,Female,Bengaluru,2022-04-20
3181,Karan Mehta,karanmehta786@gmail.com,9351107922,Male,Jaipur,2018-04-07
3182,Ganesan Murugan,ganesanmurugan319@gmail.com,9946533743,Male,Visakhapatnam,2020-11-02
3183,Ashok Iyengar,ashokiyengar572@gmail.com,9611335448,Male,Chandigarh,2021-12-10
3184,Ramesh Mudaliar,rameshmudaliar@gmail.com,9363563454,Male,Thiruvananthapuram,2020-06-16
3185,Meghana Desai,meghanadesai81@gmail.com,9203288972,Female,Madurai,2018-04-15
3186,Devika Pillai,devikapillai743@gmail.com,9964837978,Female,Tiruchirappalli,2025-01-31
3187,Dev Nair,devnair@gmail.com,9384280795,Male,Delhi,2024-07-25
3188,Sanya Mukherjee,sanyamukherjee533@gmail.com,9179292627,Female,Vellore,2020-01-21
3189,Neha Deshpande,nehadeshpande203@gmail.com,9698926439,Female,Visakhapatnam,2022-01-13
3190,Vikas Deshpande,vikasdeshpande@gmail.com,9557645935,Male,Visakhapatnam,2026-02-18
3191,Pallavi Malhotra,pallavimalhotra595@gmail.com,9408096208,Female,Coimbatore,2022-03-19
3192,Ishaan Menon,ishaanmenon@gmail.com,9089772145,Male,Kochi,2022-05-27
3193,Iniya Natarajan,iniyanatarajan150@gmail.com,9029936989,Female,Kolkata,2019-01-20
3194,Vijay Kumar,vijaykumar417@gmail.com,9308215640,Male,Visakhapatnam,2025-01-26
3195,Pooja Sharma,poojasharma806@gmail.com,9965750729,Female,Mysuru,2022-12-25
3196,Abirami Sundaram,abiramisundaram386@gmail.com,9199133797,Female,Bengaluru,2021-11-11
3197,Vikas Trivedi,vikastrivedi@gmail.com,9858558291,Male,Coimbatore,2018-05-11
3198,Sneha Reddy,snehareddy@gmail.com,9782942712,Female,Tiruchirappalli,2026-02-08
3199,Muthu Naidu,muthunaidu153@gmail.com,9326158838,Male,Chandigarh,2023-05-22
3200,Namrata Pandey,namratapandey745@gmail.com,9979610118,Female,Mysuru,2026-08-08
3201,Anandan Raj,anandanraj786@gmail.com,9309640166,Male,Thiruvananthapuram,2021-01-29
3202,Payal Kulkarni,payalkulkarni660@gmail.com,9936342493,Female,Visakhapatnam,2023-12-17
3203,Kavya Mehta,kavyamehta946@gmail.com,9843746910,Female,Nagpur,2024-05-26
3204,Dev Menon,devmenon@gmail.com,9370896014,Male,Vijayawada,2019-10-21
3205,Kalpana Sundaram,kalpanasundaram869@gmail.com,9216064609,Female,Ahmedabad,2022-10-02
3206,Meghana Bose,meghanabose675@gmail.com,9755786566,Female,Delhi,2025-11-02
3207,Srinivasan Natarajan,srinivasannatarajan@gmail.com,9384462397,Male,Tiruchirappalli,2023-12-17
3208,Meghana Kapoor,meghanakapoor711@gmail.com,9882529205,Female,Pune,2019-06-13
3209,Thangaraj Gounder,thangarajgounder709@gmail.com,9770293762,Male,Ahmedabad,2024-05-24
3210,Rohit Bhatt,rohitbhatt@gmail.com,9824091654,Male,Madurai,2018-09-07
3211,Kumaresan Subramaniam,kumaresansubramaniam734@gmail.com,9572662634,Male,Pune,2025-05-19
3212,Kabir Mukherjee,kabirmukherjee@gmail.com,9575852735,Male,Vellore,2019-09-05
3213,Shanthi Iyengar,shanthiiyengar738@gmail.com,9459311348,Female,Surat,2025-12-21
3214,Ashok Nair,ashoknair369@gmail.com,9155359501,Male,Delhi,2021-03-31
3215,Kabir Bose,kabirbose@gmail.com,9549164584,Male,Salem,2023-02-15
3216,Tanvi Shetty,tanvishetty454@gmail.com,9626099064,Female,Vijayawada,2023-08-16
3217,Manikandan Iyengar,manikandaniyengar288@gmail.com,9049117225,Male,Tiruchirappalli,2023-08-03
3218,Senthil Subramaniam,senthilsubramaniam799@gmail.com,9668701349,Male,Tiruchirappalli,2020-01-18
3219,Uma Balasubramaniam,umabalasubramaniam488@gmail.com,9786504562,Female,Pune,2023-09-13
3220,Priya Murugan,priyamurugan832@gmail.com,9554671627,Female,Jaipur,2025-09-27
3221,Rahul Shetty,rahulshetty479@gmail.com,9736322723,Male,Ahmedabad,2024-12-08
3222,Meena Krishnan,meenakrishnan941@gmail.com,9564114836,Female,Chandigarh,2021-08-19
3223,Vignesh Murugan,vigneshmurugan@gmail.com,9043088896,Male,Chandigarh,2025-10-09
3224,Swati Shetty,swatishetty40@gmail.com,9813835095,Female,Madurai,2019-09-27
3225,Arun Kumar,arunkumar@gmail.com,9676035992,Male,Nagpur,2025-06-03
3226,Sunil Rao,sunilrao@gmail.com,9932139937,Male,Delhi,2024-12-22
3227,Namrata Joshi,namratajoshi615@gmail.com,9192043943,Female,Bhopal,2025-07-22
3228,Diya Gupta,diyagupta@gmail.com,9484178540,Female,Vellore,2025-04-08
3229,Elango Murugan,elangomurugan592@gmail.com,9725035885,Male,Chandigarh,2024-07-05
3230,Abirami Nair,abiraminair@gmail.com,9650150309,Female,Thiruvananthapuram,2019-03-14
3231,Murugan Kumar,murugankumar363@gmail.com,9754290920,Male,Pune,2024-02-05
3232,Padma Sundaram,padmasundaram@gmail.com,9796963534,Female,Jaipur,2022-06-23
3233,Kavitha Annamalai,kavithaannamalai49@gmail.com,9830636838,Female,Hyderabad,2025-07-18
3234,Vivek Bhatt,vivekbhatt867@gmail.com,9939688664,Male,Tiruchirappalli,2024-01-12
3235,Naveen Saxena,naveensaxena255@gmail.com,9593248801,Male,Hyderabad,2018-12-05
3236,Ananya Saxena,ananyasaxena@gmail.com,9147497326,Female,Mumbai,2018-11-27
3237,Loganathan Natarajan,loganathannatarajan@gmail.com,9446249912,Male,Pune,2018-01-31
3238,Gopinath Gounder,gopinathgounder256@gmail.com,9497238714,Male,Indore,2019-09-21
3239,Vasanthi Rangan,vasanthirangan35@gmail.com,9799003569,Female,Visakhapatnam,2026-06-15
3240,Kumaresan Krishnan,kumaresankrishnan886@gmail.com,9898269794,Male,Bengaluru,2024-04-12
3241,Karan Mishra,karanmishra730@gmail.com,9867125583,Male,Chandigarh,2025-02-12
3242,Vishal Bhatt,vishalbhatt910@gmail.com,9552408438,Male,Kochi,2022-05-21
3243,Yamuna Naidu,yamunanaidu322@gmail.com,9628629446,Female,Lucknow,2024-12-07
3244,Kannan Chettiar,kannanchettiar@gmail.com,9718581395,Male,Ahmedabad,2024-11-19
3245,Ganesan Rajan,ganesanrajan@gmail.com,9852239672,Male,Bhopal,2022-01-17
3246,Rahul Pandey,rahulpandey354@gmail.com,9489815424,Male,Nagpur,2020-02-24
3247,Kalpana Nair,kalpananair911@gmail.com,9817068583,Female,Mysuru,2021-10-29
3248,Neha Iyer,nehaiyer770@gmail.com,9364044046,Female,Hyderabad,2024-06-11
3249,Amudha Gounder,amudhagounder450@gmail.com,9458352211,Female,Vellore,2018-06-03
3250,Selvi Raj,selviraj972@gmail.com,9623192509,Female,Chandigarh,2018-12-23
3251,Poornima Chettiar,poornimachettiar121@gmail.com,9339498083,Female,Bengaluru,2021-02-04
3252,Neha Chopra,nehachopra306@gmail.com,9934149270,Female,Kolkata,2018-10-21
3253,Priya Balasubramaniam,priyabalasubramaniam@gmail.com,9136623332,Female,Visakhapatnam,2025-04-22
3254,Deepa Rangan,deeparangan218@gmail.com,9308137855,Female,Pune,2023-11-02
3255,Kannappan Naidu,kannappannaidu879@gmail.com,9411886403,Male,Kochi,2021-02-02
3256,Malathi Murugan,malathimurugan387@gmail.com,9627160052,Female,Coimbatore,2018-04-27
3257,Sivakumar Nair,sivakumarnair143@gmail.com,9841724808,Male,Hyderabad,2025-04-12
3258,Aishwarya Saxena,aishwaryasaxena366@gmail.com,9281763507,Female,Chandigarh,2021-11-09
3259,Ishaan Joshi,ishaanjoshi788@gmail.com,9331685246,Male,Coimbatore,2026-01-07
3260,Kabir Chatterjee,kabirchatterjee479@gmail.com,9203261827,Male,Surat,2024-11-23
3261,Rohit Malhotra,rohitmalhotra735@gmail.com,9067698104,Male,Mysuru,2026-06-10
3262,Baskaran Chettiar,baskaranchettiar@gmail.com,9866559385,Male,Mumbai,2019-09-30
3263,Karpagam Chettiar,karpagamchettiar330@gmail.com,9124331575,Female,Surat,2025-07-12
3264,Kritika Bansal,kritikabansal@gmail.com,9447000162,Female,Indore,2026-07-11
3265,Uma Venkatesan,umavenkatesan805@gmail.com,9202583677,Female,Salem,2021-03-27
3266,Sameer Iyer,sameeriyer131@gmail.com,9332089693,Male,Madurai,2021-12-12
3267,Harish Naidu,harishnaidu431@gmail.com,9907976871,Male,Thiruvananthapuram,2020-11-13
3268,Rajeswari Krishnan,rajeswarikrishnan426@gmail.com,9800902011,Female,Hyderabad,2020-05-08
3269,Neha Mehta,nehamehta@gmail.com,9852159099,Female,Vijayawada,2020-08-02
3270,Dinesh Rajan,dineshrajan@gmail.com,9391621648,Male,Tiruchirappalli,2024-03-04
3271,Amit Pandey,amitpandey@gmail.com,9362421161,Male,Lucknow,2021-01-05
3272,Sneha Iyer,snehaiyer@gmail.com,9377088452,Female,Delhi,2025-11-20
3273,Anandan Mudaliar,anandanmudaliar@gmail.com,9997476012,Male,Vijayawada,2021-03-10
3274,Aman Nair,amannair@gmail.com,9664607064,Male,Nagpur,2022-05-25
3275,Sanjay Saxena,sanjaysaxena127@gmail.com,9862994319,Male,Madurai,2024-09-17
3276,Naveen Raj,naveenraj@gmail.com,9183798922,Male,Mumbai,2023-04-24
3277,Yuvaraj Balasubramaniam,yuvarajbalasubramaniam986@gmail.com,9448588203,Male,Madurai,2018-09-01
3278,Divya Naidu,divyanaidu260@gmail.com,9826437703,Female,Salem,2023-07-22
3279,Deepak Pandey,deepakpandey@gmail.com,9613456975,Male,Surat,2023-01-23
3280,Sameer Reddy,sameerreddy@gmail.com,9912237179,Male,Mysuru,2022-11-10
3281,Nithish Chandrasekar,nithishchandrasekar525@gmail.com,9102687761,Male,Bengaluru,2021-05-21
3282,Selvam Annamalai,selvamannamalai@gmail.com,9367642164,Male,Pune,2022-08-26
3283,Kalpana Iyer,kalpanaiyer311@gmail.com,9432258229,Female,Kochi,2018-02-23
3284,Kavitha Rangan,kavitharangan465@gmail.com,9261696884,Female,Indore,2021-10-14
3285,Chandran Subramaniam,chandransubramaniam20@gmail.com,9555139312,Male,Mumbai,2026-08-08
3286,Pradeep Sharma,pradeepsharma@gmail.com,9685042818,Male,Jaipur,2024-12-25
3287,Anandan Venkatesan,anandanvenkatesan359@gmail.com,9825033644,Male,Lucknow,2024-03-04
3288,Yamuna Iyengar,yamunaiyengar505@gmail.com,9163201833,Female,Vijayawada,2021-01-17
3289,Namrata Kulkarni,namratakulkarni@gmail.com,9929355697,Female,Visakhapatnam,2021-05-18
3290,Nithish Pandian,nithishpandian@gmail.com,9380869663,Male,Nagpur,2019-04-27
3291,Sivakumar Venkatesan,sivakumarvenkatesan@gmail.com,9874044910,Male,Ahmedabad,2021-08-23
3292,Loganathan Pillai,loganathanpillai@gmail.com,9868531746,Male,Delhi,2025-12-26
3293,Kavya Malhotra,kavyamalhotra468@gmail.com,9326316062,Female,Vijayawada,2021-03-27
3294,Karthikeyan Annamalai,karthikeyanannamalai79@gmail.com,9303950980,Male,Kochi,2020-03-17
3295,Karthik Iyengar,karthikiyengar585@gmail.com,9110336384,Male,Ahmedabad,2019-11-16
3296,Sanya Gupta,sanyagupta@gmail.com,9892323467,Female,Surat,2022-11-11
3297,Anjali Desai,anjalidesai950@gmail.com,9154180224,Female,Chandigarh,2024-04-16
3298,Tarun Sharma,tarunsharma@gmail.com,9964632668,Male,Lucknow,2019-05-05
3299,Shreya Bhatt,shreyabhatt999@gmail.com,9402299104,Female,Mumbai,2019-10-08
3300,Diya Chopra,diyachopra@gmail.com,9775309661,Female,Thiruvananthapuram,2021-10-13
3301,Lakshmi Rangan,lakshmirangan816@gmail.com,9840077274,Female,Thiruvananthapuram,2026-07-16
3302,Suresh Pillai,sureshpillai26@gmail.com,9869869687,Male,Bengaluru,2025-10-14
3303,Anil Verma,anilverma151@gmail.com,9172712560,Male,Visakhapatnam,2019-05-07
3304,Kabir Saxena,kabirsaxena760@gmail.com,9475664934,Male,Mysuru,2019-10-03
3305,Loganathan Rangan,loganathanrangan187@gmail.com,9178783367,Male,Kochi,2021-10-19
3306,Kavitha Reddy,kavithareddy@gmail.com,9053686861,Female,Vellore,2025-11-19
3307,Kalpana Natarajan,kalpananatarajan65@gmail.com,9275265985,Female,Mysuru,2019-04-21
3308,Tarun Saxena,tarunsaxena915@gmail.com,9169972902,Male,Pune,2019-12-01
3309,Dhanalakshmi Iyer,dhanalakshmiiyer909@gmail.com,9607292974,Female,Bhopal,2022-03-28
3310,Yash Menon,yashmenon@gmail.com,9855389641,Male,Vellore,2019-03-02
3311,Kumaresan Krishnan,kumaresankrishnan302@gmail.com,9024147613,Male,Lucknow,2023-12-28
3312,Mohan Annamalai,mohanannamalai323@gmail.com,9407472482,Male,Tiruchirappalli,2019-03-12
3313,Arunachalam Kumar,arunachalamkumar103@gmail.com,9788695888,Male,Bhopal,2019-05-10
3314,Sameer Gupta,sameergupta847@gmail.com,9903173865,Male,Kochi,2023-09-18
3315,Arun Rajan,arunrajan985@gmail.com,9011248383,Male,Hyderabad,2023-01-30
3316,Yuvaraj Iyer,yuvarajiyer918@gmail.com,9658564006,Male,Mysuru,2020-07-29
3317,Shanthi Thiagarajan,shanthithiagarajan@gmail.com,9908722060,Female,Vellore,2019-11-06
3318,Rajkumar Raj,rajkumarraj859@gmail.com,9538077073,Male,Nagpur,2023-03-18
3319,Selvi Natarajan,selvinatarajan308@gmail.com,9580004572,Female,Kolkata,2022-01-13
3320,Senthil Balasubramaniam,senthilbalasubramaniam203@gmail.com,9624334393,Male,Thiruvananthapuram,2022-07-05
3321,Meghana Menon,meghanamenon691@gmail.com,9979951358,Female,Madurai,2023-09-28
3322,Sundar Reddy,sundarreddy232@gmail.com,9722348371,Male,Pune,2024-05-26
3323,Bhavya Chopra,bhavyachopra@gmail.com,9754995994,Female,Visakhapatnam,2019-10-08
3324,Arunachalam Murugan,arunachalammurugan@gmail.com,9084892405,Male,Lucknow,2024-03-22
3325,Vikas Rao,vikasrao945@gmail.com,9708479608,Male,Mumbai,2022-09-03
3326,Rajeswari Reddy,rajeswarireddy710@gmail.com,9263343799,Female,Bengaluru,2019-07-29
3327,Rohan Singh,rohansingh673@gmail.com,9035575451,Male,Vijayawada,2020-01-18
3328,Aishwarya Patel,aishwaryapatel358@gmail.com,9078818666,Female,Mysuru,2018-07-13
3329,Kamakshi Ramanathan,kamakshiramanathan708@gmail.com,9671022158,Female,Tiruchirappalli,2024-01-22
3330,Revathi Sivaraman,revathisivaraman67@gmail.com,9725525204,Female,Vijayawada,2021-11-12
3331,Namrata Kulkarni,namratakulkarni678@gmail.com,9813847135,Female,Coimbatore,2025-07-17
3332,Kabir Verma,kabirverma@gmail.com,9975216055,Male,Bengaluru,2023-10-16
3333,Yash Kulkarni,yashkulkarni@gmail.com,9711590734,Male,Tiruchirappalli,2018-09-30
3334,Aarti Kapoor,aartikapoor@gmail.com,9495261308,Female,Visakhapatnam,2024-01-22
3335,Tanvi Bose,tanvibose@gmail.com,9601314800,Female,Mysuru,2023-04-20
3336,Sneha Kapoor,snehakapoor272@gmail.com,9280777756,Female,Kochi,2022-12-16
3337,Neha Nair,nehanair116@gmail.com,9924427211,Female,Kolkata,2024-12-28
3338,Kalpana Rangan,kalpanarangan952@gmail.com,9080335613,Female,Salem,2026-06-10
3339,Deepak Iyer,deepakiyer233@gmail.com,9255232358,Male,Pune,2026-07-16
3340,Aditya Shetty,adityashetty330@gmail.com,9265147174,Male,Chennai,2024-06-04
3341,Ishaan Mishra,ishaanmishra995@gmail.com,9678888344,Male,Surat,2024-06-10
3342,Lakshmi Iyengar,lakshmiiyengar360@gmail.com,9493610960,Female,Vellore,2018-04-16
3343,Dhanalakshmi Sivaraman,dhanalakshmisivaraman@gmail.com,9087204876,Female,Coimbatore,2022-03-14
3344,Preeti Malhotra,preetimalhotra822@gmail.com,9880135855,Female,Chennai,2021-08-05
3345,Prabhu Thiagarajan,prabhuthiagarajan@gmail.com,9437961628,Male,Kolkata,2023-10-29
3346,Anil Nair,anilnair913@gmail.com,9994499352,Male,Mumbai,2021-02-09
3347,Gaurav Agarwal,gauravagarwal@gmail.com,9496978446,Male,Ahmedabad,2022-11-26
3348,Shanthi Rangan,shanthirangan@gmail.com,9837524236,Female,Indore,2024-12-01
3349,Rajeswari Pillai,rajeswaripillai@gmail.com,9592154326,Female,Kolkata,2021-03-11
3350,Aarti Reddy,aartireddy418@gmail.com,9756090058,Female,Mumbai,2023-07-30
3351,Kavya Verma,kavyaverma684@gmail.com,9576472993,Female,Visakhapatnam,2018-05-05
3352,Vanitha Reddy,vanithareddy@gmail.com,9842407873,Female,Madurai,2019-06-28
3353,Ramesh Ramanathan,rameshramanathan730@gmail.com,9565865845,Male,Jaipur,2019-03-19
3354,Indumathi Annamalai,indumathiannamalai@gmail.com,9747756418,Female,Visakhapatnam,2021-10-03
3355,Isha Mehta,ishamehta@gmail.com,9019931673,Female,Tiruchirappalli,2024-04-17
3356,Namrata Iyer,namrataiyer118@gmail.com,9320818706,Female,Vellore,2018-07-25
3357,Sathish Balasubramaniam,sathishbalasubramaniam33@gmail.com,9792938362,Male,Bhopal,2025-03-27
3358,Saravanan Nair,saravanannair70@gmail.com,9197076457,Male,Kolkata,2024-12-29
3359,Jagadeesh Venkatesan,jagadeeshvenkatesan@gmail.com,9268419432,Male,Jaipur,2022-10-15
3360,Nithish Iyengar,nithishiyengar641@gmail.com,9193625976,Male,Kochi,2022-06-24
3361,Karan Agarwal,karanagarwal@gmail.com,9049449555,Male,Mysuru,2023-08-09
3362,Vishal Mukherjee,vishalmukherjee@gmail.com,9990767609,Male,Salem,2021-06-06
3363,Aditya Saxena,adityasaxena702@gmail.com,9011730163,Male,Delhi,2022-04-19
3364,Vanitha Rajan,vanitharajan686@gmail.com,9394059436,Female,Chandigarh,2018-07-09
3365,Srinivasan Pandian,srinivasanpandian@gmail.com,9274724983,Male,Kolkata,2025-02-17
3366,Suresh Annamalai,sureshannamalai144@gmail.com,9229882794,Male,Coimbatore,2026-05-18
3367,Radhika Iyer,radhikaiyer@gmail.com,9477665129,Female,Bhopal,2025-06-18
3368,Manikandan Subramaniam,manikandansubramaniam533@gmail.com,9166052173,Male,Chennai,2025-06-08
3369,Meena Sundaram,meenasundaram635@gmail.com,9777818273,Female,Thiruvananthapuram,2023-04-05
3370,Aarti Gupta,aartigupta@gmail.com,9837988261,Female,Mumbai,2022-05-05
3371,Kamakshi Nair,kamakshinair287@gmail.com,9953200513,Female,Bhopal,2021-11-13
3372,Deepa Ramanathan,deeparamanathan359@gmail.com,9016631715,Female,Salem,2019-10-28
3373,Chandran Pandian,chandranpandian913@gmail.com,9765436370,Male,Thiruvananthapuram,2025-08-30
3374,Ankit Pandey,ankitpandey274@gmail.com,9267315718,Male,Bengaluru,2023-09-15
3375,Lakshmi Murugan,lakshmimurugan@gmail.com,9819311527,Female,Kochi,2026-08-05
3376,Baskaran Murugan,baskaranmurugan@gmail.com,9381882818,Male,Lucknow,2024-05-04
3377,Pradeep Iyer,pradeepiyer810@gmail.com,9337565440,Male,Salem,2020-03-17
3378,Rajesh Gounder,rajeshgounder@gmail.com,9683391779,Male,Visakhapatnam,2025-10-17
3379,Suganya Raj,suganyaraj967@gmail.com,9487638344,Female,Chandigarh,2025-02-15
3380,Revathi Chettiar,revathichettiar@gmail.com,9500906294,Female,Delhi,2023-01-07
3381,Anitha Murugan,anithamurugan247@gmail.com,9519189662,Female,Vijayawada,2019-11-05
3382,Deepak Bose,deepakbose@gmail.com,9312444994,Male,Coimbatore,2025-10-31
3383,Selvam Balasubramaniam,selvambalasubramaniam@gmail.com,9953626229,Male,Ahmedabad,2023-09-13
3384,Dinesh Reddy,dineshreddy658@gmail.com,9698036660,Male,Chennai,2023-08-24
3385,Sumathi Sundaram,sumathisundaram@gmail.com,9925775946,Female,Mysuru,2021-02-24
3386,Radhika Venkatesan,radhikavenkatesan@gmail.com,9115239685,Female,Ahmedabad,2019-12-26
3387,Ganesan Thiagarajan,ganesanthiagarajan@gmail.com,9304894286,Male,Madurai,2018-07-13
3388,Vasanthi Kumar,vasanthikumar@gmail.com,9784150013,Female,Indore,2025-04-08
3389,Indumathi Chandrasekar,indumathichandrasekar613@gmail.com,9660635636,Female,Lucknow,2022-04-23
3390,Neha Gupta,nehagupta881@gmail.com,9551004533,Female,Pune,2018-04-02
3391,Deepa Sivaraman,deepasivaraman@gmail.com,9128955906,Female,Bengaluru,2025-05-24
3392,Vasanthi Rangan,vasanthirangan257@gmail.com,9967996108,Female,Chandigarh,2024-05-14
3393,Anandan Subramaniam,anandansubramaniam56@gmail.com,9073075449,Male,Pune,2020-11-06
3394,Sanya Shetty,sanyashetty520@gmail.com,9582559889,Female,Salem,2026-02-16
3395,Tarun Agarwal,tarunagarwal296@gmail.com,9056819053,Male,Tiruchirappalli,2018-12-19
3396,Anitha Rajan,anitharajan@gmail.com,9219420349,Female,Bengaluru,2023-04-25
3397,Loganathan Subramaniam,loganathansubramaniam@gmail.com,9700820867,Male,Kolkata,2024-02-21
3398,Arun Raj,arunraj@gmail.com,9827613688,Male,Nagpur,2019-09-07
3399,Riya Rao,riyarao@gmail.com,9679307794,Female,Nagpur,2019-02-09
3400,Bhavya Bansal,bhavyabansal201@gmail.com,9233738965,Female,Ahmedabad,2023-10-12
3401,Diya Singh,diyasingh715@gmail.com,9678725173,Female,Bengaluru,2024-05-09
3402,Dhanalakshmi Reddy,dhanalakshmireddy73@gmail.com,9146538887,Female,Salem,2023-01-30
3403,Vikas Menon,vikasmenon713@gmail.com,9739797354,Male,Jaipur,2024-09-25
3404,Karpagam Iyengar,karpagamiyengar812@gmail.com,9850408517,Female,Chandigarh,2023-04-30
3405,Nikhil Saxena,nikhilsaxena@gmail.com,9420614584,Male,Salem,2020-10-04
3406,Vasanthi Murugan,vasanthimurugan774@gmail.com,9304820265,Female,Salem,2025-08-19
3407,Vikas Agarwal,vikasagarwal169@gmail.com,9979583783,Male,Chandigarh,2020-06-11
3408,Kannappan Iyengar,kannappaniyengar701@gmail.com,9055066741,Male,Bhopal,2025-04-13
3409,Naveen Nair,naveennair301@gmail.com,9654846927,Male,Tiruchirappalli,2019-05-24
3410,Sandeep Reddy,sandeepreddy647@gmail.com,9352237706,Male,Bengaluru,2022-09-07
3411,Ankit Joshi,ankitjoshi168@gmail.com,9540711834,Male,Madurai,2025-08-04
3412,Prabhu Sundaram,prabhusundaram822@gmail.com,9570898560,Male,Mumbai,2018-11-19
3413,Palanisamy Natarajan,palanisamynatarajan34@gmail.com,9313190209,Male,Visakhapatnam,2020-11-17
3414,Selvam Gounder,selvamgounder@gmail.com,9099893549,Male,Ahmedabad,2026-05-14
3415,Murugan Reddy,muruganreddy392@gmail.com,9157530923,Male,Jaipur,2025-04-22
3416,Sundar Raj,sundarraj237@gmail.com,9348668664,Male,Indore,2019-02-10
3417,Prakash Annamalai,prakashannamalai@gmail.com,9285470829,Male,Nagpur,2018-03-12
3418,Rajeswari Thiagarajan,rajeswarithiagarajan854@gmail.com,9508956273,Female,Chandigarh,2020-04-17
3419,Amit Verma,amitverma@gmail.com,9658499279,Male,Kolkata,2026-06-25
3420,Sanya Mishra,sanyamishra590@gmail.com,9863903257,Female,Hyderabad,2025-05-22
3421,Ankit Patel,ankitpatel@gmail.com,9915371986,Male,Visakhapatnam,2021-04-15
3422,Muthu Murugan,muthumurugan438@gmail.com,9125599621,Male,Tiruchirappalli,2024-05-25
3423,Ganesan Rajan,ganesanrajan587@gmail.com,9448019829,Male,Visakhapatnam,2021-08-29
3424,Muthu Gounder,muthugounder@gmail.com,9924754133,Male,Indore,2018-04-01
3425,Namrata Chatterjee,namratachatterjee@gmail.com,9224474165,Female,Madurai,2024-01-06
3426,Sivakumar Rangan,sivakumarrangan@gmail.com,9943505828,Male,Bhopal,2025-03-02
3427,Riya Chatterjee,riyachatterjee@gmail.com,9992819525,Female,Madurai,2019-10-12
3428,Vanitha Mudaliar,vanithamudaliar957@gmail.com,9548230220,Female,Vijayawada,2021-07-02
3429,Ramesh Murugan,rameshmurugan@gmail.com,9560613121,Male,Ahmedabad,2021-01-05
3430,Manikandan Rajan,manikandanrajan602@gmail.com,9397664921,Male,Mysuru,2019-05-11
3431,Ananya Deshpande,ananyadeshpande183@gmail.com,9371410184,Female,Bengaluru,2020-11-27
3432,Karpagam Iyer,karpagamiyer@gmail.com,9294398660,Female,Chandigarh,2022-10-07
3433,Harsh Shetty,harshshetty@gmail.com,9176855195,Male,Hyderabad,2021-12-30
3434,Aryan Trivedi,aryantrivedi608@gmail.com,9216640018,Male,Nagpur,2019-06-20
3435,Mohan Murugan,mohanmurugan@gmail.com,9614578857,Male,Vellore,2023-11-23
3436,Arunachalam Sivaraman,arunachalamsivaraman684@gmail.com,9224011006,Male,Tiruchirappalli,2025-03-13
3437,Ravichandran Chandrasekar,ravichandranchandrasekar503@gmail.com,9138513585,Male,Nagpur,2022-02-21
3438,Vivek Bansal,vivekbansal@gmail.com,9901659905,Male,Surat,2026-01-22
3439,Meghana Saxena,meghanasaxena@gmail.com,9171982297,Female,Pune,2023-04-15
3440,Kabir Pandey,kabirpandey796@gmail.com,9013555276,Male,Nagpur,2025-09-07
3441,Kamakshi Venkatesan,kamakshivenkatesan344@gmail.com,9396188686,Female,Surat,2026-07-06
3442,Pooja Menon,poojamenon450@gmail.com,9660408779,Female,Pune,2022-02-10
3443,Kannan Gounder,kannangounder118@gmail.com,9642036357,Male,Mysuru,2025-03-29
3444,Revathi Ramanathan,revathiramanathan683@gmail.com,9243038918,Female,Vellore,2026-07-10
3445,Payal Chatterjee,payalchatterjee639@gmail.com,9173512333,Female,Bengaluru,2021-02-15
3446,Velmurugan Chettiar,velmuruganchettiar1@gmail.com,9650118212,Male,Kolkata,2020-08-21
3447,Gopinath Natarajan,gopinathnatarajan322@gmail.com,9056564633,Male,Salem,2024-09-15
3448,Rajesh Reddy,rajeshreddy925@gmail.com,9788262929,Male,Ahmedabad,2024-12-02
3449,Lakshmi Balasubramaniam,lakshmibalasubramaniam35@gmail.com,9943605299,Female,Delhi,2018-12-18
3450,Nithya Reddy,nithyareddy295@gmail.com,9096740550,Female,Vijayawada,2021-02-13
3451,Suresh Reddy,sureshreddy59@gmail.com,9543089680,Male,Kochi,2021-09-06
3452,Gaurav Saxena,gauravsaxena@gmail.com,9671158737,Male,Kolkata,2024-05-02
3453,Thangaraj Subramaniam,thangarajsubramaniam530@gmail.com,9570677897,Male,Bhopal,2020-09-03
3454,Vetrivel Sundaram,vetrivelsundaram@gmail.com,9806544273,Male,Vellore,2024-02-08
3455,Rajkumar Balasubramaniam,rajkumarbalasubramaniam170@gmail.com,9740300983,Male,Kolkata,2022-05-13
3456,Kavitha Kumar,kavithakumar@gmail.com,9619683032,Female,Lucknow,2024-02-11
3457,Aarti Saxena,aartisaxena818@gmail.com,9350590896,Female,Kolkata,2018-04-25
3458,Nithish Naidu,nithishnaidu@gmail.com,9517384296,Male,Chandigarh,2026-04-21
3459,Vivek Joshi,vivekjoshi400@gmail.com,9747861928,Male,Chandigarh,2021-08-06
3460,Preeti Sharma,preetisharma924@gmail.com,9351130454,Female,Jaipur,2018-06-24
3461,Sneha Shetty,snehashetty426@gmail.com,9186214099,Female,Mumbai,2022-09-03
3462,Shalini Iyengar,shaliniiyengar@gmail.com,9903798980,Female,Mysuru,2019-06-09
3463,Dinesh Venkatesan,dineshvenkatesan59@gmail.com,9039229743,Male,Chandigarh,2023-01-31
3464,Rajkumar Annamalai,rajkumarannamalai@gmail.com,9273253499,Male,Mysuru,2023-03-03
3465,Anitha Chandrasekar,anithachandrasekar556@gmail.com,9982213885,Female,Kolkata,2022-01-30
3466,Anjali Chopra,anjalichopra@gmail.com,9672107570,Female,Chennai,2019-01-27
3467,Amit Pillai,amitpillai920@gmail.com,9834980183,Male,Mumbai,2019-03-02
3468,Ajay Reddy,ajayreddy@gmail.com,9647539768,Male,Vijayawada,2026-04-07
3469,Aditi Chatterjee,aditichatterjee@gmail.com,9348111296,Female,Tiruchirappalli,2025-10-05
3470,Shanthi Mudaliar,shanthimudaliar@gmail.com,9987190121,Female,Pune,2023-01-18
3471,Sivakumar Naidu,sivakumarnaidu@gmail.com,9277869864,Male,Thiruvananthapuram,2019-10-17
3472,Kumaresan Pillai,kumaresanpillai629@gmail.com,9170766208,Male,Vijayawada,2025-01-26
3473,Revathi Thiagarajan,revathithiagarajan511@gmail.com,9988200806,Female,Kolkata,2022-05-27
3474,Anandan Iyer,anandaniyer48@gmail.com,9333487028,Male,Lucknow,2020-05-12
3475,Isha Patel,ishapatel723@gmail.com,9725161712,Female,Mysuru,2024-02-08
3476,Murugan Balasubramaniam,muruganbalasubramaniam728@gmail.com,9447323515,Male,Kolkata,2022-10-02
3477,Sandeep Shetty,sandeepshetty303@gmail.com,9324568000,Male,Vellore,2020-12-22
3478,Revathi Rangan,revathirangan273@gmail.com,9667276333,Female,Bhopal,2022-06-07
3479,Sumathi Raj,sumathiraj182@gmail.com,9131701742,Female,Nagpur,2018-12-16
3480,Radhika Pillai,radhikapillai805@gmail.com,9239173279,Female,Hyderabad,2021-10-04
3481,Tarun Mehta,tarunmehta11@gmail.com,9874829940,Male,Surat,2024-11-11
3482,Palanisamy Reddy,palanisamyreddy@gmail.com,9739215775,Male,Delhi,2024-02-27
3483,Harish Natarajan,harishnatarajan523@gmail.com,9829346363,Male,Chennai,2022-01-27
3484,Prabhu Gounder,prabhugounder@gmail.com,9044539409,Male,Visakhapatnam,2026-06-14
3485,Ishita Joshi,ishitajoshi182@gmail.com,9388938483,Female,Visakhapatnam,2021-01-04
3486,Lakshmi Raj,lakshmiraj330@gmail.com,9330110665,Female,Vellore,2021-05-01
3487,Dinesh Kumar,dineshkumar898@gmail.com,9605629761,Male,Visakhapatnam,2018-06-12
3488,Pankaj Kulkarni,pankajkulkarni@gmail.com,9447489682,Male,Mysuru,2019-10-13
3489,Murugan Sundaram,murugansundaram19@gmail.com,9659426261,Male,Bhopal,2024-09-14
3490,Sanya Singh,sanyasingh443@gmail.com,9735446920,Female,Indore,2018-12-20
3491,Kalpana Rajan,kalpanarajan@gmail.com,9793961833,Female,Pune,2019-10-29
3492,Nithish Chandrasekar,nithishchandrasekar565@gmail.com,9883039233,Male,Vellore,2020-05-04
3493,Nithya Pillai,nithyapillai515@gmail.com,9251917597,Female,Visakhapatnam,2022-07-23
3494,Latha Murugan,lathamurugan@gmail.com,9369875231,Female,Jaipur,2019-12-17
3495,Rohit Singh,rohitsingh889@gmail.com,9908924419,Male,Visakhapatnam,2019-07-25
3496,Deepak Venkatesan,deepakvenkatesan55@gmail.com,9168095964,Male,Thiruvananthapuram,2024-04-16
3497,Gopinath Subramaniam,gopinathsubramaniam@gmail.com,9135781854,Male,Ahmedabad,2025-02-05
3498,Prakash Krishnan,prakashkrishnan267@gmail.com,9057748780,Male,Visakhapatnam,2022-06-29
3499,Prabhu Venkatesan,prabhuvenkatesan@gmail.com,9656356344,Male,Pune,2020-07-30
3500,Aman Reddy,amanreddy657@gmail.com,9539681951,Male,Kochi,2023-07-02
3501,Kamakshi Mudaliar,kamakshimudaliar@gmail.com,9497743461,Female,Ahmedabad,2020-08-26
3502,Revathi Rajan,revathirajan825@gmail.com,9553839153,Female,Mysuru,2019-11-03
3503,Malathi Chettiar,malathichettiar209@gmail.com,9101019956,Female,Kolkata,2024-05-30
3504,Suresh Raj,sureshraj@gmail.com,9186847034,Male,Vijayawada,2019-01-31
3505,Kritika Mukherjee,kritikamukherjee191@gmail.com,9713618409,Female,Thiruvananthapuram,2023-08-03
3506,Karan Agarwal,karanagarwal372@gmail.com,9474231349,Male,Kochi,2025-01-02
3507,Gaurav Chopra,gauravchopra622@gmail.com,9690714172,Male,Bengaluru,2026-01-28
3508,Simran Kulkarni,simrankulkarni709@gmail.com,9283735980,Female,Mumbai,2024-05-21
3509,Vikas Bose,vikasbose399@gmail.com,9750130942,Male,Visakhapatnam,2019-06-25
3510,Namrata Chatterjee,namratachatterjee633@gmail.com,9818884023,Female,Lucknow,2020-08-18
3511,Isha Chopra,ishachopra19@gmail.com,9848782506,Female,Chennai,2025-08-25
3512,Vinay Sharma,vinaysharma494@gmail.com,9756462619,Male,Bengaluru,2019-06-08
3513,Karthik Iyengar,karthikiyengar328@gmail.com,9887971113,Male,Hyderabad,2021-01-02
3514,Ankit Shetty,ankitshetty@gmail.com,9256075556,Male,Bhopal,2019-11-04
3515,Ajay Patel,ajaypatel309@gmail.com,9483650505,Male,Delhi,2019-08-24
3516,Kannan Sundaram,kannansundaram710@gmail.com,9398026821,Male,Tiruchirappalli,2018-04-25
3517,Sameer Deshpande,sameerdeshpande698@gmail.com,9698711364,Male,Coimbatore,2020-06-13
3518,Yamuna Venkatesan,yamunavenkatesan860@gmail.com,9227789406,Female,Mysuru,2020-10-06
3519,Karan Desai,karandesai681@gmail.com,9379359979,Male,Jaipur,2023-04-01
3520,Anandan Nair,anandannair511@gmail.com,9750279597,Male,Coimbatore,2021-08-30
3521,Meghana Pandey,meghanapandey389@gmail.com,9791981794,Female,Indore,2022-06-30
3522,Vignesh Natarajan,vigneshnatarajan362@gmail.com,9121448784,Male,Coimbatore,2018-11-20
3523,Diya Pillai,diyapillai66@gmail.com,9133648430,Female,Vijayawada,2023-01-31
3524,Nisha Chatterjee,nishachatterjee621@gmail.com,9750797448,Female,Thiruvananthapuram,2025-12-25
3525,Vijay Naidu,vijaynaidu590@gmail.com,9826095215,Male,Bengaluru,2021-08-04
3526,Ananya Menon,ananyamenon57@gmail.com,9729913282,Female,Thiruvananthapuram,2020-06-20
3527,Rajkumar Natarajan,rajkumarnatarajan814@gmail.com,9755895757,Male,Nagpur,2024-05-07
3528,Kalpana Venkatesan,kalpanavenkatesan896@gmail.com,9856158755,Female,Delhi,2024-06-25
3529,Yash Mehta,yashmehta@gmail.com,9985997585,Male,Nagpur,2026-06-18
3530,Karpagam Kumar,karpagamkumar389@gmail.com,9697882205,Female,Madurai,2018-06-23
3531,Deepak Iyer,deepakiyer996@gmail.com,9134015043,Male,Ahmedabad,2019-12-20
3532,Vijay Venkatesan,vijayvenkatesan950@gmail.com,9984931394,Male,Thiruvananthapuram,2025-06-24
3533,Prabhu Sivaraman,prabhusivaraman@gmail.com,9273854435,Male,Hyderabad,2023-03-21
3534,Abirami Subramaniam,abiramisubramaniam418@gmail.com,9019993927,Female,Coimbatore,2024-11-18
3535,Swati Rao,swatirao547@gmail.com,9975442976,Female,Nagpur,2019-01-18
3536,Deepa Reddy,deepareddy334@gmail.com,9280950704,Female,Visakhapatnam,2023-04-13
3537,Vikram Pillai,vikrampillai161@gmail.com,9726056091,Male,Coimbatore,2026-03-22
3538,Nikhil Mishra,nikhilmishra165@gmail.com,9486826722,Male,Tiruchirappalli,2019-10-19
3539,Amudha Sivaraman,amudhasivaraman179@gmail.com,9278748409,Female,Mysuru,2022-05-07
3540,Ritu Bose,ritubose@gmail.com,9863249813,Female,Mysuru,2019-06-21
3541,Payal Shetty,payalshetty975@gmail.com,9204840050,Female,Madurai,2019-10-23
3542,Saranya Rajan,saranyarajan35@gmail.com,9191777614,Female,Chandigarh,2023-09-10
3543,Amudha Ramanathan,amudharamanathan@gmail.com,9585088360,Female,Kolkata,2020-10-02
3544,Ramesh Rangan,rameshrangan121@gmail.com,9146647421,Male,Bengaluru,2023-07-01
3545,Vishal Verma,vishalverma222@gmail.com,9840486921,Male,Thiruvananthapuram,2025-04-28
3546,Varun Desai,varundesai879@gmail.com,9902360726,Male,Vijayawada,2021-12-05
3547,Kunal Gupta,kunalgupta269@gmail.com,9095738522,Male,Bengaluru,2018-07-12
3548,Kalpana Rangan,kalpanarangan834@gmail.com,9961884770,Female,Mumbai,2021-10-09
3549,Vikram Pandey,vikrampandey@gmail.com,9791227896,Male,Pune,2025-08-21
3550,Kumaresan Rangan,kumaresanrangan@gmail.com,9249164410,Male,Salem,2021-08-01
3551,Kannappan Murugan,kannappanmurugan186@gmail.com,9449068944,Male,Hyderabad,2019-11-27
3552,Sathish Rangan,sathishrangan@gmail.com,9326326109,Male,Lucknow,2022-04-16
3553,Selvi Thiagarajan,selvithiagarajan574@gmail.com,9392112347,Female,Hyderabad,2024-08-27
3554,Rahul Gupta,rahulgupta792@gmail.com,9395442505,Male,Kochi,2018-05-17
3555,Geetha Nair,geethanair@gmail.com,9646019095,Female,Kolkata,2021-08-30
3556,Shalini Chandrasekar,shalinichandrasekar458@gmail.com,9691135763,Female,Jaipur,2023-09-03
3557,Karpagam Natarajan,karpagamnatarajan489@gmail.com,9998446631,Female,Mysuru,2026-06-03
3558,Padma Sivaraman,padmasivaraman811@gmail.com,9144533246,Female,Chennai,2022-06-14
3559,Loganathan Annamalai,loganathanannamalai@gmail.com,9376378292,Male,Mumbai,2023-03-26
3560,Shalini Thiagarajan,shalinithiagarajan437@gmail.com,9340068914,Female,Chandigarh,2024-12-30
3561,Manikandan Pillai,manikandanpillai828@gmail.com,9505221779,Male,Vijayawada,2018-06-10
3562,Anjali Trivedi,anjalitrivedi@gmail.com,9782365528,Female,Pune,2025-05-02
3563,Rajesh Venkatesan,rajeshvenkatesan524@gmail.com,9351891093,Male,Vijayawada,2021-08-11
3564,Arunachalam Sundaram,arunachalamsundaram788@gmail.com,9050890087,Male,Kochi,2022-08-04
3565,Arun Subramaniam,arunsubramaniam845@gmail.com,9426950914,Male,Tiruchirappalli,2022-08-23
3566,Iniya Chandrasekar,iniyachandrasekar@gmail.com,9737185322,Female,Jaipur,2024-07-26
3567,Rahul Saxena,rahulsaxena405@gmail.com,9793267208,Male,Coimbatore,2026-07-26
3568,Sneha Singh,snehasingh773@gmail.com,9923525354,Female,Jaipur,2018-02-09
3569,Deepa Rajan,deeparajan984@gmail.com,9213624182,Female,Indore,2018-05-03
3570,Senthil Naidu,senthilnaidu@gmail.com,9274365917,Male,Bhopal,2020-02-29
3571,Ganesan Kumar,ganesankumar@gmail.com,9569748336,Male,Chennai,2018-10-06
3572,Vetrivel Ramanathan,vetrivelramanathan829@gmail.com,9095511952,Male,Chennai,2018-12-10
3573,Abirami Thiagarajan,abiramithiagarajan345@gmail.com,9762265137,Female,Madurai,2018-01-19
3574,Muthu Subramaniam,muthusubramaniam488@gmail.com,9042748909,Male,Bengaluru,2018-01-26
3575,Kannappan Krishnan,kannappankrishnan363@gmail.com,9100242397,Male,Visakhapatnam,2023-10-20
3576,Isha Mehta,ishamehta976@gmail.com,9732840932,Female,Thiruvananthapuram,2019-08-12
3577,Yash Mukherjee,yashmukherjee34@gmail.com,9403661279,Male,Chandigarh,2026-07-03
3578,Ishaan Pandey,ishaanpandey907@gmail.com,9343134056,Male,Bhopal,2023-01-04
3579,Malathi Iyer,malathiiyer@gmail.com,9218351871,Female,Hyderabad,2021-10-13
3580,Muthu Naidu,muthunaidu467@gmail.com,9277820292,Male,Tiruchirappalli,2022-01-28
3581,Suresh Annamalai,sureshannamalai335@gmail.com,9780312488,Male,Bengaluru,2025-10-06
3582,Sathish Iyengar,sathishiyengar@gmail.com,9305858805,Male,Vijayawada,2025-10-25
3583,Baskaran Krishnan,baskarankrishnan414@gmail.com,9563361384,Male,Vellore,2021-12-11
3584,Kamakshi Chandrasekar,kamakshichandrasekar320@gmail.com,9954302814,Female,Salem,2021-07-02
3585,Kalpana Chandrasekar,kalpanachandrasekar93@gmail.com,9409317964,Female,Visakhapatnam,2021-03-24
3586,Nikhil Pandey,nikhilpandey@gmail.com,9842105572,Male,Hyderabad,2026-06-18
3587,Pradeep Kapoor,pradeepkapoor209@gmail.com,9246996287,Male,Vijayawada,2021-08-04
3588,Devika Annamalai,devikaannamalai365@gmail.com,9387895068,Female,Nagpur,2023-06-28
3589,Rajesh Chatterjee,rajeshchatterjee523@gmail.com,9999966838,Male,Nagpur,2023-11-17
3590,Thangaraj Pandian,thangarajpandian@gmail.com,9033093730,Male,Tiruchirappalli,2021-05-09
3591,Ankit Menon,ankitmenon894@gmail.com,9313504741,Male,Salem,2018-02-02
3592,Yash Agarwal,yashagarwal@gmail.com,9171813380,Male,Bengaluru,2022-07-12
3593,Priya Mudaliar,priyamudaliar565@gmail.com,9777687076,Female,Bhopal,2020-10-09
3594,Senthil Kumar,senthilkumar714@gmail.com,9423461920,Male,Delhi,2021-05-10
3595,Rajkumar Chettiar,rajkumarchettiar210@gmail.com,9984700683,Male,Chandigarh,2018-10-01
3596,Sivakumar Chandrasekar,sivakumarchandrasekar466@gmail.com,9865492039,Male,Lucknow,2024-12-12
3597,Senthil Nair,senthilnair153@gmail.com,9390951826,Male,Chennai,2021-11-01
3598,Aarti Kulkarni,aartikulkarni261@gmail.com,9746831515,Female,Bengaluru,2020-02-16
3599,Anandan Nair,anandannair289@gmail.com,9504108787,Male,Lucknow,2025-06-22
3600,Padma Kumar,padmakumar388@gmail.com,9615078115,Female,Chandigarh,2026-02-24
3601,Suganya Gounder,suganyagounder126@gmail.com,9754460889,Female,Delhi,2018-03-02
3602,Suganya Naidu,suganyanaidu@gmail.com,9716514732,Female,Pune,2023-02-28
3603,Karthikeyan Chettiar,karthikeyanchettiar468@gmail.com,9135598679,Male,Mumbai,2019-10-23
3604,Vandana Mukherjee,vandanamukherjee@gmail.com,9091923515,Female,Tiruchirappalli,2019-03-30
3605,Aryan Kapoor,aryankapoor506@gmail.com,9877110661,Male,Thiruvananthapuram,2018-07-04
3606,Aryan Trivedi,aryantrivedi@gmail.com,9629916565,Male,Lucknow,2020-05-10
3607,Manisha Verma,manishaverma@gmail.com,9372135618,Female,Vellore,2022-03-18
3608,Payal Saxena,payalsaxena712@gmail.com,9881263872,Female,Mumbai,2024-09-09
3609,Deepa Krishnan,deepakrishnan596@gmail.com,9385065334,Female,Pune,2020-09-25
3610,Jothi Annamalai,jothiannamalai@gmail.com,9037316403,Female,Kolkata,2025-06-24
3611,Harish Ramanathan,harishramanathan@gmail.com,9083243994,Male,Bhopal,2025-03-08
3612,Pallavi Sharma,pallavisharma823@gmail.com,9215231526,Female,Jaipur,2022-09-25
3613,Radhika Pillai,radhikapillai@gmail.com,9920824344,Female,Thiruvananthapuram,2022-01-31
3614,Suganya Natarajan,suganyanatarajan700@gmail.com,9272037857,Female,Delhi,2023-09-17
3615,Vijay Balasubramaniam,vijaybalasubramaniam948@gmail.com,9423610907,Male,Visakhapatnam,2022-05-20
3616,Geetha Chettiar,geethachettiar459@gmail.com,9545414594,Female,Kolkata,2020-10-25
3617,Anil Chopra,anilchopra511@gmail.com,9965767375,Male,Salem,2021-01-03
3618,Sathish Raj,sathishraj597@gmail.com,9875765378,Male,Tiruchirappalli,2021-03-28
3619,Prakash Pillai,prakashpillai30@gmail.com,9201168856,Male,Delhi,2025-04-15
3620,Revathi Kumar,revathikumar354@gmail.com,9429590389,Female,Kolkata,2022-07-05
3621,Vikram Kulkarni,vikramkulkarni155@gmail.com,9536579417,Male,Pune,2019-02-15
3622,Shalini Murugan,shalinimurugan448@gmail.com,9409773659,Female,Jaipur,2021-02-15
3623,Varun Rao,varunrao@gmail.com,9618558549,Male,Bhopal,2018-11-19
3624,Latha Sivaraman,lathasivaraman78@gmail.com,9902506670,Female,Kochi,2019-08-22
3625,Sumathi Pillai,sumathipillai810@gmail.com,9202958474,Female,Vijayawada,2019-10-25
3626,Yamuna Naidu,yamunanaidu988@gmail.com,9085213659,Female,Vellore,2025-01-25
3627,Lakshmi Rajan,lakshmirajan433@gmail.com,9557475373,Female,Salem,2026-08-05
3628,Payal Iyer,payaliyer@gmail.com,9698523079,Female,Visakhapatnam,2026-04-19
3629,Bhavya Malhotra,bhavyamalhotra901@gmail.com,9699887854,Female,Vellore,2018-02-05
3630,Thangaraj Raj,thangarajraj330@gmail.com,9554976083,Male,Jaipur,2022-03-28
3631,Bhuvana Sivaraman,bhuvanasivaraman@gmail.com,9739572678,Female,Mumbai,2020-05-13
3632,Ravi Singh,ravisingh@gmail.com,9479510649,Male,Thiruvananthapuram,2020-05-30
3633,Namrata Mukherjee,namratamukherjee@gmail.com,9234787767,Female,Lucknow,2024-09-11
3634,Vetrivel Pillai,vetrivelpillai697@gmail.com,9668020288,Male,Visakhapatnam,2018-01-29
3635,Karpagam Sivaraman,karpagamsivaraman948@gmail.com,9996519576,Female,Mysuru,2019-08-29
3636,Pooja Nair,poojanair705@gmail.com,9069589778,Female,Delhi,2025-11-19
3637,Meena Naidu,meenanaidu424@gmail.com,9023906311,Female,Madurai,2018-02-17
3638,Payal Mishra,payalmishra818@gmail.com,9971906759,Female,Jaipur,2026-01-02
3639,Anil Verma,anilverma@gmail.com,9795769427,Male,Hyderabad,2025-05-02
3640,Shanthi Subramaniam,shanthisubramaniam@gmail.com,9067209272,Female,Hyderabad,2021-10-21
3641,Dinesh Chettiar,dineshchettiar308@gmail.com,9043270216,Male,Delhi,2018-12-01
3642,Abhishek Joshi,abhishekjoshi612@gmail.com,9806745892,Male,Ahmedabad,2019-01-07
3643,Anil Shetty,anilshetty@gmail.com,9336203182,Male,Madurai,2024-02-24
3644,Aarti Menon,aartimenon690@gmail.com,9960445754,Female,Thiruvananthapuram,2018-03-23
3645,Dhanalakshmi Krishnan,dhanalakshmikrishnan@gmail.com,9760093007,Female,Hyderabad,2021-11-10
3646,Sivakumar Gounder,sivakumargounder@gmail.com,9458318885,Male,Coimbatore,2021-06-23
3647,Komal Malhotra,komalmalhotra@gmail.com,9530367607,Female,Chennai,2020-11-27
3648,Gaurav Desai,gauravdesai@gmail.com,9054549318,Male,Vellore,2020-11-07
3649,Bhuvana Ramanathan,bhuvanaramanathan@gmail.com,9501904402,Female,Delhi,2021-07-25
3650,Karthik Pandian,karthikpandian@gmail.com,9308740588,Male,Delhi,2019-11-17
3651,Nisha Singh,nishasingh@gmail.com,9332839765,Female,Hyderabad,2021-06-13
3652,Aarti Bose,aartibose303@gmail.com,9712209069,Female,Jaipur,2024-02-21
3653,Manikandan Ramanathan,manikandanramanathan359@gmail.com,9208119507,Male,Surat,2021-02-04
3654,Sunil Mukherjee,sunilmukherjee@gmail.com,9920888638,Male,Lucknow,2021-10-09
3655,Aishwarya Shetty,aishwaryashetty877@gmail.com,9116017796,Female,Nagpur,2025-10-21
3656,Manikandan Raj,manikandanraj@gmail.com,9172356852,Male,Bengaluru,2025-01-22
3657,Srinivasan Chettiar,srinivasanchettiar927@gmail.com,9520440640,Male,Thiruvananthapuram,2018-05-08
3658,Tarun Menon,tarunmenon744@gmail.com,9520362649,Male,Delhi,2019-02-21
3659,Riya Pillai,riyapillai845@gmail.com,9511620860,Female,Jaipur,2024-06-08
3660,Rajkumar Mudaliar,rajkumarmudaliar86@gmail.com,9536159295,Male,Tiruchirappalli,2022-03-04
3661,Simran Bose,simranbose690@gmail.com,9088313155,Female,Madurai,2022-05-07
3662,Vishal Kulkarni,vishalkulkarni606@gmail.com,9946687168,Male,Chennai,2021-11-17
3663,Komal Menon,komalmenon6@gmail.com,9788170265,Female,Lucknow,2024-05-11
3664,Sameer Desai,sameerdesai929@gmail.com,9912910901,Male,Bhopal,2018-01-31
3665,Rahul Singh,rahulsingh13@gmail.com,9435540425,Male,Thiruvananthapuram,2026-04-04
3666,Meena Mudaliar,meenamudaliar@gmail.com,9996433712,Female,Hyderabad,2023-12-04
3667,Amit Nair,amitnair669@gmail.com,9086574789,Male,Bengaluru,2021-06-13
3668,Sumathi Naidu,sumathinaidu@gmail.com,9388297751,Female,Delhi,2019-11-15
3669,Bala Chandrasekar,balachandrasekar@gmail.com,9062846033,Male,Jaipur,2024-12-02
3670,Palanisamy Kumar,palanisamykumar254@gmail.com,9155677877,Male,Kolkata,2020-08-23
3671,Ashok Venkatesan,ashokvenkatesan273@gmail.com,9905640897,Male,Madurai,2026-02-05
3672,Anil Reddy,anilreddy417@gmail.com,9102423472,Male,Coimbatore,2019-11-23
3673,Vasanthi Iyengar,vasanthiiyengar924@gmail.com,9286441579,Female,Nagpur,2019-07-08
3674,Ajay Mishra,ajaymishra425@gmail.com,9353125581,Male,Salem,2021-02-13
3675,Nisha Malhotra,nishamalhotra878@gmail.com,9866904128,Female,Pune,2022-08-29
3676,Kritika Malhotra,kritikamalhotra237@gmail.com,9412246095,Female,Chennai,2020-11-19
3677,Vinay Deshpande,vinaydeshpande223@gmail.com,9101339222,Male,Delhi,2022-06-10
3678,Selvi Pillai,selvipillai520@gmail.com,9587676296,Female,Visakhapatnam,2022-05-22
3679,Iniya Iyengar,iniyaiyengar@gmail.com,9683387274,Female,Vijayawada,2023-02-05
3680,Vinay Mishra,vinaymishra914@gmail.com,9144045441,Male,Hyderabad,2019-05-08
3681,Namrata Joshi,namratajoshi604@gmail.com,9202417389,Female,Salem,2026-03-15
3682,Aarti Mishra,aartimishra@gmail.com,9441824972,Female,Coimbatore,2023-03-23
3683,Muthu Venkatesan,muthuvenkatesan745@gmail.com,9584426821,Male,Bengaluru,2023-08-25
3684,Aditi Singh,aditisingh146@gmail.com,9395427108,Female,Indore,2025-01-02
3685,Padma Chandrasekar,padmachandrasekar536@gmail.com,9390262775,Female,Nagpur,2020-08-16
3686,Namrata Shetty,namratashetty398@gmail.com,9889760481,Female,Kochi,2024-01-20
3687,Kamakshi Thiagarajan,kamakshithiagarajan464@gmail.com,9823234408,Female,Lucknow,2022-02-15
3688,Nithish Rangan,nithishrangan@gmail.com,9792500315,Male,Hyderabad,2018-01-19
3689,Preeti Desai,preetidesai943@gmail.com,9557615374,Female,Kolkata,2018-06-14
3690,Aryan Patel,aryanpatel575@gmail.com,9019623063,Male,Tiruchirappalli,2025-11-02
3691,Anjali Bhatt,anjalibhatt870@gmail.com,9498228271,Female,Bhopal,2026-03-10
3692,Abirami Sivaraman,abiramisivaraman912@gmail.com,9547534812,Female,Jaipur,2024-05-15
3693,Ishita Pandey,ishitapandey900@gmail.com,9479217128,Female,Visakhapatnam,2021-09-02
3694,Yash Joshi,yashjoshi843@gmail.com,9245804548,Male,Bengaluru,2026-02-22
3695,Mohan Sundaram,mohansundaram482@gmail.com,9490106273,Male,Hyderabad,2020-06-08
3696,Anandan Mudaliar,anandanmudaliar191@gmail.com,9617812885,Male,Bengaluru,2018-11-23
3697,Ankit Kapoor,ankitkapoor@gmail.com,9160737548,Male,Jaipur,2018-04-17
3698,Jagadeesh Balasubramaniam,jagadeeshbalasubramaniam380@gmail.com,9640777068,Male,Kochi,2019-02-19
3699,Kalpana Subramaniam,kalpanasubramaniam375@gmail.com,9952068057,Female,Mysuru,2019-04-11
3700,Ravichandran Raj,ravichandranraj@gmail.com,9300162568,Male,Kochi,2025-12-19
3701,Radhika Murugan,radhikamurugan@gmail.com,9164860167,Female,Jaipur,2018-11-07
3702,Geetha Iyer,geethaiyer592@gmail.com,9492747425,Female,Chennai,2020-11-01
3703,Elango Iyer,elangoiyer923@gmail.com,9746986102,Male,Hyderabad,2020-04-20
3704,Aditya Kulkarni,adityakulkarni892@gmail.com,9693366924,Male,Madurai,2024-11-26
3705,Vijay Raj,vijayraj@gmail.com,9263382706,Male,Bengaluru,2021-09-27
3706,Deepa Raj,deeparaj@gmail.com,9215519879,Female,Salem,2021-01-26
3707,Loganathan Sivaraman,loganathansivaraman@gmail.com,9079528120,Male,Nagpur,2023-07-02
3708,Bhuvana Chandrasekar,bhuvanachandrasekar935@gmail.com,9861730997,Female,Hyderabad,2019-06-23
3709,Bala Pillai,balapillai@gmail.com,9280670659,Male,Tiruchirappalli,2019-11-05
3710,Indumathi Pillai,indumathipillai193@gmail.com,9731314617,Female,Jaipur,2024-02-02
3711,Malathi Rajan,malathirajan@gmail.com,9861517298,Female,Chandigarh,2022-01-21
3712,Sanya Singh,sanyasingh957@gmail.com,9483378165,Female,Jaipur,2020-05-18
3713,Prabhu Mudaliar,prabhumudaliar@gmail.com,9376672098,Male,Surat,2019-08-27
3714,Vijay Iyengar,vijayiyengar687@gmail.com,9314463905,Male,Jaipur,2020-12-05
3715,Vandana Pillai,vandanapillai967@gmail.com,9660535555,Female,Surat,2024-06-27
3716,Komal Bansal,komalbansal312@gmail.com,9783137065,Female,Coimbatore,2021-11-15
3717,Sundar Subramaniam,sundarsubramaniam19@gmail.com,9107415883,Male,Chennai,2019-10-29
3718,Sivakumar Annamalai,sivakumarannamalai460@gmail.com,9014123718,Male,Salem,2024-08-05
3719,Anil Malhotra,anilmalhotra@gmail.com,9275577763,Male,Madurai,2022-09-27
3720,Saravanan Pillai,saravananpillai@gmail.com,9617793265,Male,Lucknow,2018-03-05
3721,Yash Chatterjee,yashchatterjee@gmail.com,9608001845,Male,Thiruvananthapuram,2023-06-29
3722,Arunachalam Venkatesan,arunachalamvenkatesan963@gmail.com,9039348132,Male,Mumbai,2025-07-27
3723,Padma Murugan,padmamurugan@gmail.com,9059998263,Female,Kochi,2018-10-12
3724,Lakshmi Raj,lakshmiraj542@gmail.com,9954432898,Female,Chandigarh,2025-07-09
3725,Muthu Chandrasekar,muthuchandrasekar36@gmail.com,9550530555,Male,Visakhapatnam,2023-11-21
3726,Komal Verma,komalverma@gmail.com,9315806162,Female,Surat,2019-06-15
3727,Aarti Bansal,aartibansal92@gmail.com,9363175511,Female,Kolkata,2025-02-03
3728,Ishaan Bhatt,ishaanbhatt740@gmail.com,9374821428,Male,Visakhapatnam,2026-01-09
3729,Amit Nair,amitnair@gmail.com,9303566435,Male,Hyderabad,2023-01-09
3730,Ananya Deshpande,ananyadeshpande@gmail.com,9766108451,Female,Pune,2025-01-18
3731,Anandan Rangan,anandanrangan190@gmail.com,9330440701,Male,Bengaluru,2021-03-28
3732,Yash Kapoor,yashkapoor@gmail.com,9480428014,Male,Kochi,2022-05-05
3733,Siddharth Mukherjee,siddharthmukherjee74@gmail.com,9864544377,Male,Tiruchirappalli,2023-04-19
3734,Isha Reddy,ishareddy181@gmail.com,9815708667,Female,Bengaluru,2019-07-02
3735,Senthil Iyer,senthiliyer@gmail.com,9768466298,Male,Madurai,2024-07-15
3736,Sneha Bhatt,snehabhatt125@gmail.com,9144009549,Female,Hyderabad,2021-08-18
3737,Suganya Subramaniam,suganyasubramaniam@gmail.com,9314939667,Female,Mysuru,2026-04-16
3738,Pooja Deshpande,poojadeshpande@gmail.com,9317575827,Female,Chennai,2019-04-11
3739,Anjali Patel,anjalipatel907@gmail.com,9761194760,Female,Tiruchirappalli,2024-01-22
3740,Diya Patel,diyapatel336@gmail.com,9226050378,Female,Pune,2025-12-09
3741,Namrata Malhotra,namratamalhotra50@gmail.com,9302307033,Female,Vijayawada,2018-02-21
3742,Sneha Saxena,snehasaxena@gmail.com,9125953551,Female,Lucknow,2023-06-27
3743,Senthil Pandian,senthilpandian400@gmail.com,9460869180,Male,Surat,2023-09-04
3744,Pallavi Bhatt,pallavibhatt604@gmail.com,9607599996,Female,Mysuru,2025-11-01
3745,Amit Bose,amitbose324@gmail.com,9229367214,Male,Ahmedabad,2020-07-25
3746,Nithish Pillai,nithishpillai966@gmail.com,9472337813,Male,Lucknow,2022-06-23
3747,Aryan Mishra,aryanmishra315@gmail.com,9635847709,Male,Mumbai,2025-08-01
3748,Vandana Shetty,vandanashetty233@gmail.com,9025044719,Female,Tiruchirappalli,2020-04-08
3749,Yuvaraj Balasubramaniam,yuvarajbalasubramaniam809@gmail.com,9838781233,Male,Mysuru,2024-07-11
3750,Saranya Pandian,saranyapandian847@gmail.com,9325682838,Female,Lucknow,2021-11-23
3751,Shalini Mudaliar,shalinimudaliar735@gmail.com,9499653410,Female,Indore,2020-07-17
3752,Ankit Iyer,ankitiyer93@gmail.com,9366749845,Male,Bhopal,2025-10-15
3753,Indumathi Naidu,indumathinaidu512@gmail.com,9170932049,Female,Nagpur,2025-03-01
3754,Komal Malhotra,komalmalhotra324@gmail.com,9428800158,Female,Mumbai,2022-11-10
3755,Kavya Deshpande,kavyadeshpande791@gmail.com,9775892819,Female,Tiruchirappalli,2020-03-27
3756,Sameer Mehta,sameermehta@gmail.com,9450104561,Male,Salem,2019-05-09
3757,Ritu Gupta,ritugupta742@gmail.com,9780185977,Female,Kolkata,2025-09-09
3758,Poornima Chettiar,poornimachettiar@gmail.com,9410463959,Female,Coimbatore,2018-05-10
3759,Karpagam Sivaraman,karpagamsivaraman906@gmail.com,9483111707,Female,Lucknow,2026-02-01
3760,Meghana Trivedi,meghanatrivedi85@gmail.com,9592217994,Female,Mumbai,2018-10-05
3761,Kamakshi Pandian,kamakshipandian484@gmail.com,9606761431,Female,Vijayawada,2023-06-04
3762,Vignesh Chettiar,vigneshchettiar@gmail.com,9328865767,Male,Vijayawada,2025-07-07
3763,Anitha Nair,anithanair418@gmail.com,9719980300,Female,Bengaluru,2020-08-31
3764,Abhishek Sharma,abhisheksharma949@gmail.com,9325412563,Male,Chandigarh,2025-07-16
3765,Velmurugan Naidu,velmurugannaidu@gmail.com,9758932198,Male,Kochi,2022-10-25
3766,Iniya Reddy,iniyareddy242@gmail.com,9513168430,Female,Delhi,2019-07-06
3767,Jagadeesh Sivaraman,jagadeeshsivaraman@gmail.com,9516683012,Male,Vellore,2024-01-02
3768,Vivek Mishra,vivekmishra@gmail.com,9353886090,Male,Hyderabad,2018-05-16
3769,Abhishek Saxena,abhisheksaxena@gmail.com,9341743841,Male,Kolkata,2019-03-17
3770,Anandan Thiagarajan,anandanthiagarajan320@gmail.com,9106389611,Male,Nagpur,2019-12-31
3771,Geetha Murugan,geethamurugan410@gmail.com,9490366184,Female,Kochi,2025-11-11
3772,Anjali Gupta,anjaligupta767@gmail.com,9918352101,Female,Tiruchirappalli,2019-11-30
3773,Meena Chandrasekar,meenachandrasekar57@gmail.com,9504845591,Female,Pune,2023-10-24
3774,Deepa Pillai,deepapillai159@gmail.com,9986302375,Female,Jaipur,2023-05-13
3775,Saravanan Annamalai,saravananannamalai863@gmail.com,9656677967,Male,Madurai,2018-10-12
3776,Divya Venkatesan,divyavenkatesan492@gmail.com,9077309480,Female,Hyderabad,2026-03-12
3777,Nithya Pandian,nithyapandian855@gmail.com,9179532155,Female,Kolkata,2018-09-30
3778,Swati Gupta,swatigupta724@gmail.com,9852422455,Female,Mumbai,2023-12-08
3779,Pooja Iyer,poojaiyer997@gmail.com,9738565050,Female,Tiruchirappalli,2025-07-23
3780,Meghana Mehta,meghanamehta898@gmail.com,9408533876,Female,Madurai,2020-02-10
3781,Pooja Nair,poojanair@gmail.com,9762568152,Female,Mumbai,2025-07-11
3782,Gopinath Kumar,gopinathkumar669@gmail.com,9533056610,Male,Chennai,2023-11-14
3783,Selvi Nair,selvinair@gmail.com,9667746307,Female,Bhopal,2019-07-06
3784,Amudha Krishnan,amudhakrishnan@gmail.com,9975775314,Female,Madurai,2026-01-13
3785,Deepak Rajan,deepakrajan155@gmail.com,9165729472,Male,Vijayawada,2024-04-11
3786,Siddharth Pandey,siddharthpandey398@gmail.com,9216469353,Male,Nagpur,2020-01-11
3787,Varun Chatterjee,varunchatterjee67@gmail.com,9890425991,Male,Jaipur,2019-10-24
3788,Komal Deshpande,komaldeshpande123@gmail.com,9507988415,Female,Chandigarh,2023-12-07
3789,Sumathi Rangan,sumathirangan574@gmail.com,9279368839,Female,Bengaluru,2020-08-23
3790,Rajkumar Pandian,rajkumarpandian382@gmail.com,9912253165,Male,Delhi,2025-05-14
3791,Preeti Desai,preetidesai779@gmail.com,9025415618,Female,Thiruvananthapuram,2022-03-20
3792,Vanitha Gounder,vanithagounder@gmail.com,9259502245,Female,Ahmedabad,2026-04-24
3793,Namrata Pillai,namratapillai@gmail.com,9455712532,Female,Indore,2024-03-16
3794,Nithish Ramanathan,nithishramanathan502@gmail.com,9165779003,Male,Vijayawada,2025-01-12
3795,Nithya Ramanathan,nithyaramanathan@gmail.com,9417080189,Female,Chandigarh,2026-03-03
3796,Sneha Chatterjee,snehachatterjee341@gmail.com,9909708069,Female,Pune,2021-12-21
3797,Prabhu Subramaniam,prabhusubramaniam310@gmail.com,9580215389,Male,Pune,2022-09-27
3798,Pallavi Pandey,pallavipandey189@gmail.com,9218745181,Female,Mysuru,2019-12-16
3799,Karthikeyan Mudaliar,karthikeyanmudaliar@gmail.com,9100952964,Male,Coimbatore,2025-12-10
3800,Malathi Iyengar,malathiiyengar@gmail.com,9259945322,Female,Indore,2022-04-28
3801,Vidya Balasubramaniam,vidyabalasubramaniam@gmail.com,9428429072,Female,Bengaluru,2022-04-11
3802,Riya Nair,riyanair375@gmail.com,9260115602,Female,Chandigarh,2018-01-16
3803,Yuvaraj Gounder,yuvarajgounder@gmail.com,9471460344,Male,Pune,2023-01-20
3804,Loganathan Chettiar,loganathanchettiar242@gmail.com,9647432323,Male,Thiruvananthapuram,2020-12-12
3805,Riya Patel,riyapatel906@gmail.com,9749304795,Female,Nagpur,2019-01-09
3806,Vetrivel Nair,vetrivelnair380@gmail.com,9690356445,Male,Kochi,2024-04-25
3807,Suganya Balasubramaniam,suganyabalasubramaniam928@gmail.com,9375443971,Female,Ahmedabad,2018-03-12
3808,Arjun Patel,arjunpatel@gmail.com,9026341720,Male,Hyderabad,2026-05-12
3809,Saravanan Kumar,saravanankumar228@gmail.com,9215199653,Male,Salem,2026-02-27
3810,Revathi Ramanathan,revathiramanathan984@gmail.com,9427430275,Female,Salem,2020-11-06
3811,Dhanalakshmi Gounder,dhanalakshmigounder700@gmail.com,9393323663,Female,Jaipur,2021-01-11
3812,Rajesh Bhatt,rajeshbhatt296@gmail.com,9248295540,Male,Kolkata,2025-04-17
3813,Pankaj Reddy,pankajreddy372@gmail.com,9780831734,Male,Bhopal,2018-07-19
3814,Selvam Murugan,selvammurugan2@gmail.com,9823220376,Male,Surat,2022-05-13
3815,Lakshmi Chettiar,lakshmichettiar743@gmail.com,9505932338,Female,Pune,2021-02-06
3816,Isha Joshi,ishajoshi@gmail.com,9240919322,Female,Nagpur,2020-09-29
3817,Padma Kumar,padmakumar533@gmail.com,9069633135,Female,Chennai,2024-12-15
3818,Kamakshi Iyengar,kamakshiiyengar505@gmail.com,9417036198,Female,Delhi,2018-11-27
3819,Bala Ramanathan,balaramanathan@gmail.com,9016924179,Male,Mysuru,2018-04-17
3820,Pradeep Menon,pradeepmenon616@gmail.com,9758659964,Male,Kochi,2022-10-27
3821,Komal Iyer,komaliyer444@gmail.com,9352801127,Female,Bengaluru,2021-01-08
3822,Elango Balasubramaniam,elangobalasubramaniam@gmail.com,9366265258,Male,Tiruchirappalli,2019-12-30
3823,Ananya Gupta,ananyagupta345@gmail.com,9763248012,Female,Mumbai,2018-02-14
3824,Dev Patel,devpatel@gmail.com,9593845333,Male,Lucknow,2019-01-25
3825,Karan Shetty,karanshetty386@gmail.com,9901713447,Male,Kolkata,2025-01-22
3826,Jagadeesh Kumar,jagadeeshkumar660@gmail.com,9886235295,Male,Lucknow,2022-07-16
3827,Vidya Krishnan,vidyakrishnan@gmail.com,9247907494,Female,Kochi,2020-07-06
3828,Gopinath Iyengar,gopinathiyengar560@gmail.com,9500780020,Male,Madurai,2019-06-27
3829,Kavitha Reddy,kavithareddy902@gmail.com,9163752115,Female,Vellore,2021-03-21
3830,Saravanan Annamalai,saravananannamalai788@gmail.com,9960726894,Male,Thiruvananthapuram,2024-04-26
3831,Ravichandran Rajan,ravichandranrajan646@gmail.com,9497657566,Male,Kochi,2020-08-22
3832,Vetrivel Naidu,vetrivelnaidu@gmail.com,9393527109,Male,Tiruchirappalli,2018-07-10
3833,Vikas Mehta,vikasmehta862@gmail.com,9153106623,Male,Ahmedabad,2022-05-16
3834,Gaurav Chopra,gauravchopra@gmail.com,9243100938,Male,Thiruvananthapuram,2018-10-31
3835,Yuvaraj Gounder,yuvarajgounder546@gmail.com,9017753551,Male,Hyderabad,2020-08-29
3836,Malathi Ramanathan,malathiramanathan728@gmail.com,9132624245,Female,Bengaluru,2018-08-18
3837,Deepak Pillai,deepakpillai@gmail.com,9481522944,Male,Kolkata,2025-12-12
3838,Komal Mukherjee,komalmukherjee@gmail.com,9694971039,Female,Vellore,2023-02-09
3839,Latha Raj,latharaj381@gmail.com,9703983697,Female,Hyderabad,2024-04-03
3840,Shalini Chandrasekar,shalinichandrasekar@gmail.com,9018348816,Female,Surat,2025-10-01
3841,Anitha Natarajan,anithanatarajan826@gmail.com,9337806720,Female,Vellore,2021-08-24
3842,Arun Ramanathan,arunramanathan280@gmail.com,9709466658,Male,Surat,2023-03-12
3843,Abirami Sivaraman,abiramisivaraman512@gmail.com,9089473969,Female,Bengaluru,2022-09-26
3844,Selvi Pandian,selvipandian692@gmail.com,9584853750,Female,Mysuru,2022-02-14
3845,Abhishek Joshi,abhishekjoshi828@gmail.com,9083990305,Male,Nagpur,2024-04-02
3846,Radhika Rangan,radhikarangan83@gmail.com,9378951507,Female,Bengaluru,2025-10-28
3847,Anjali Shetty,anjalishetty384@gmail.com,9419521072,Female,Thiruvananthapuram,2021-03-22
3848,Harsh Iyer,harshiyer798@gmail.com,9653028684,Male,Coimbatore,2019-03-12
3849,Vanitha Gounder,vanithagounder906@gmail.com,9602785612,Female,Bengaluru,2021-04-25
3850,Meena Chettiar,meenachettiar@gmail.com,9361915139,Female,Visakhapatnam,2022-01-02
3851,Vijay Rajan,vijayrajan742@gmail.com,9581718703,Male,Lucknow,2021-01-28
3852,Sundar Krishnan,sundarkrishnan@gmail.com,9046429889,Male,Chandigarh,2025-11-20
3853,Ganesan Rangan,ganesanrangan578@gmail.com,9214825412,Male,Salem,2026-01-28
3854,Rahul Bhatt,rahulbhatt892@gmail.com,9946702911,Male,Thiruvananthapuram,2023-12-14
3855,Aman Joshi,amanjoshi886@gmail.com,9705848317,Male,Bhopal,2019-12-10
3856,Divya Kumar,divyakumar130@gmail.com,9621024620,Female,Nagpur,2020-01-26
3857,Ishita Bose,ishitabose@gmail.com,9475188907,Female,Delhi,2018-05-01
3858,Radhika Annamalai,radhikaannamalai223@gmail.com,9897308596,Female,Bhopal,2024-09-19
3859,Saranya Rajan,saranyarajan506@gmail.com,9257262811,Female,Mysuru,2022-06-21
3860,Sumathi Murugan,sumathimurugan@gmail.com,9249977238,Female,Mysuru,2024-02-10
3861,Kavya Bhatt,kavyabhatt935@gmail.com,9130401828,Female,Bengaluru,2024-03-21
3862,Murugan Kumar,murugankumar183@gmail.com,9709367413,Male,Kolkata,2023-04-05
3863,Sandeep Verma,sandeepverma@gmail.com,9038912139,Male,Ahmedabad,2018-01-18
3864,Vandana Agarwal,vandanaagarwal293@gmail.com,9153191294,Female,Hyderabad,2023-07-09
3865,Palanisamy Natarajan,palanisamynatarajan445@gmail.com,9933049745,Male,Madurai,2025-06-25
3866,Kritika Reddy,kritikareddy874@gmail.com,9629006789,Female,Bhopal,2022-04-08
3867,Komal Saxena,komalsaxena@gmail.com,9052511771,Female,Tiruchirappalli,2018-08-21
3868,Meghana Pandey,meghanapandey137@gmail.com,9116774800,Female,Vellore,2025-12-01
3869,Nisha Singh,nishasingh806@gmail.com,9876443605,Female,Madurai,2019-07-26
3870,Rajesh Gounder,rajeshgounder506@gmail.com,9357653432,Male,Bhopal,2022-09-25
3871,Shanthi Annamalai,shanthiannamalai@gmail.com,9503535972,Female,Chennai,2020-05-20
3872,Bala Iyer,balaiyer@gmail.com,9923782961,Male,Ahmedabad,2022-06-23
3873,Naveen Natarajan,naveennatarajan323@gmail.com,9900816540,Male,Ahmedabad,2022-06-28
3874,Deepak Raj,deepakraj233@gmail.com,9436503922,Male,Chennai,2024-02-02
3875,Vignesh Natarajan,vigneshnatarajan981@gmail.com,9239324216,Male,Ahmedabad,2019-12-19
3876,Aditya Pandey,adityapandey341@gmail.com,9501717839,Male,Lucknow,2024-06-11
3877,Isha Deshpande,ishadeshpande@gmail.com,9644392810,Female,Indore,2023-04-11
3878,Palanisamy Kumar,palanisamykumar155@gmail.com,9621029664,Male,Hyderabad,2018-10-17
3879,Padma Rangan,padmarangan881@gmail.com,9295931201,Female,Delhi,2024-02-11
3880,Uma Gounder,umagounder407@gmail.com,9921118807,Female,Mumbai,2021-06-25
3881,Deepak Reddy,deepakreddy114@gmail.com,9998902280,Male,Kochi,2018-01-10
3882,Gaurav Bhatt,gauravbhatt713@gmail.com,9139252422,Male,Coimbatore,2018-04-25
3883,Anitha Iyengar,anithaiyengar194@gmail.com,9326992835,Female,Bhopal,2018-01-14
3884,Anjali Malhotra,anjalimalhotra345@gmail.com,9927559980,Female,Delhi,2025-08-16
3885,Preeti Mishra,preetimishra211@gmail.com,9070859639,Female,Pune,2022-05-04
3886,Deepa Rajan,deeparajan219@gmail.com,9777632534,Female,Bengaluru,2025-07-01
3887,Naveen Iyengar,naveeniyengar368@gmail.com,9671651418,Male,Chandigarh,2019-09-03
3888,Yash Malhotra,yashmalhotra778@gmail.com,9800543402,Male,Madurai,2020-04-22
3889,Baskaran Iyer,baskaraniyer604@gmail.com,9727923053,Male,Chandigarh,2024-08-21
3890,Nikhil Pandey,nikhilpandey959@gmail.com,9733145165,Male,Nagpur,2021-04-26
3891,Sanya Agarwal,sanyaagarwal483@gmail.com,9278468866,Female,Mysuru,2022-08-13
3892,Kalpana Krishnan,kalpanakrishnan612@gmail.com,9891664395,Female,Hyderabad,2023-03-02
3893,Rajeswari Balasubramaniam,rajeswaribalasubramaniam@gmail.com,9665173341,Female,Bengaluru,2019-05-04
3894,Sneha Bose,snehabose817@gmail.com,9270116716,Female,Lucknow,2023-09-29
3895,Sameer Rao,sameerrao938@gmail.com,9799650360,Male,Mumbai,2024-02-01
3896,Anitha Venkatesan,anithavenkatesan489@gmail.com,9976343472,Female,Jaipur,2019-05-24
3897,Naveen Sharma,naveensharma782@gmail.com,9163351909,Male,Lucknow,2023-10-08
3898,Kabir Trivedi,kabirtrivedi635@gmail.com,9607964121,Male,Coimbatore,2022-02-08
3899,Devika Iyer,devikaiyer@gmail.com,9757565539,Female,Mumbai,2019-11-26
3900,Naveen Menon,naveenmenon@gmail.com,9355389818,Male,Jaipur,2021-04-20
3901,Komal Menon,komalmenon592@gmail.com,9166854238,Female,Pune,2023-02-11
3902,Rohit Bose,rohitbose@gmail.com,9200097938,Male,Vijayawada,2020-02-13
3903,Abhishek Trivedi,abhishektrivedi403@gmail.com,9818668253,Male,Tiruchirappalli,2021-03-03
3904,Kavitha Iyengar,kavithaiyengar250@gmail.com,9956035863,Female,Vellore,2020-11-22
3905,Ramesh Rangan,rameshrangan417@gmail.com,9331547448,Male,Coimbatore,2018-02-12
3906,Amit Sharma,amitsharma887@gmail.com,9571502005,Male,Bhopal,2026-05-27
3907,Priya Murugan,priyamurugan51@gmail.com,9499094966,Female,Pune,2021-03-25
3908,Selvi Mudaliar,selvimudaliar187@gmail.com,9820148703,Female,Madurai,2019-04-15
3909,Vikas Trivedi,vikastrivedi609@gmail.com,9317636831,Male,Chandigarh,2020-04-20
3910,Meena Rangan,meenarangan30@gmail.com,9697984938,Female,Chennai,2025-05-16
3911,Arun Pandian,arunpandian@gmail.com,9387230252,Male,Visakhapatnam,2026-05-11
3912,Vishal Verma,vishalverma21@gmail.com,9299883111,Male,Ahmedabad,2022-11-10
3913,Deepak Gounder,deepakgounder@gmail.com,9270908814,Male,Mysuru,2024-05-08
3914,Varun Malhotra,varunmalhotra225@gmail.com,9364587945,Male,Jaipur,2022-07-29
3915,Yash Deshpande,yashdeshpande275@gmail.com,9346206203,Male,Nagpur,2025-06-20
3916,Anitha Iyer,anithaiyer250@gmail.com,9522869224,Female,Visakhapatnam,2024-03-15
3917,Jothi Chettiar,jothichettiar@gmail.com,9608824819,Female,Ahmedabad,2025-05-09
3918,Namrata Pandey,namratapandey@gmail.com,9995000246,Female,Madurai,2018-05-10
3919,Vinay Chatterjee,vinaychatterjee100@gmail.com,9674012062,Male,Visakhapatnam,2020-11-02
3920,Bhuvana Chandrasekar,bhuvanachandrasekar690@gmail.com,9141990639,Female,Madurai,2018-02-01
3921,Sangeetha Reddy,sangeethareddy@gmail.com,9761433468,Female,Chennai,2018-01-29
3922,Meghana Bose,meghanabose316@gmail.com,9281139457,Female,Delhi,2018-11-17
3923,Shreya Reddy,shreyareddy74@gmail.com,9774149706,Female,Surat,2026-02-06
3924,Ravichandran Sundaram,ravichandransundaram@gmail.com,9078387939,Male,Pune,2020-05-03
3925,Aishwarya Singh,aishwaryasingh356@gmail.com,9665002884,Female,Pune,2024-08-03
3926,Komal Pillai,komalpillai535@gmail.com,9505509748,Female,Chandigarh,2025-08-24
3927,Sundar Gounder,sundargounder549@gmail.com,9664723694,Male,Visakhapatnam,2022-07-23
3928,Riya Pillai,riyapillai498@gmail.com,9716274153,Female,Bengaluru,2019-10-01
3929,Chandran Iyer,chandraniyer689@gmail.com,9857121508,Male,Mumbai,2022-06-15
3930,Meghana Reddy,meghanareddy@gmail.com,9067695356,Female,Pune,2019-08-20
3931,Nikhil Iyer,nikhiliyer944@gmail.com,9214329532,Male,Lucknow,2026-05-23
3932,Murugan Iyer,muruganiyer@gmail.com,9837928424,Male,Bhopal,2026-01-12
3933,Meghana Pillai,meghanapillai@gmail.com,9002528471,Female,Thiruvananthapuram,2018-06-10
3934,Ishita Chopra,ishitachopra@gmail.com,9870874977,Female,Bhopal,2024-07-09
3935,Vivek Agarwal,vivekagarwal515@gmail.com,9082942956,Male,Salem,2019-08-21
3936,Vetrivel Pandian,vetrivelpandian940@gmail.com,9342386790,Male,Jaipur,2026-01-05
3937,Manikandan Annamalai,manikandanannamalai778@gmail.com,9202308759,Male,Hyderabad,2022-12-12
3938,Arjun Patel,arjunpatel495@gmail.com,9140558781,Male,Chennai,2018-10-05
3939,Selvi Chettiar,selvichettiar253@gmail.com,9265772500,Female,Coimbatore,2021-05-28
3940,Anil Malhotra,anilmalhotra401@gmail.com,9562778237,Male,Madurai,2024-01-17
3941,Isha Deshpande,ishadeshpande95@gmail.com,9004690350,Female,Kochi,2019-01-11
3942,Ishaan Chatterjee,ishaanchatterjee333@gmail.com,9143136555,Male,Coimbatore,2020-07-19
3943,Deepa Reddy,deepareddy182@gmail.com,9327678999,Female,Bhopal,2018-11-22
3944,Kumaresan Sivaraman,kumaresansivaraman@gmail.com,9177672406,Male,Coimbatore,2020-08-20
3945,Vikas Saxena,vikassaxena802@gmail.com,9934493979,Male,Ahmedabad,2025-03-20
3946,Yuvaraj Naidu,yuvarajnaidu@gmail.com,9017620422,Male,Madurai,2020-03-02
3947,Aman Agarwal,amanagarwal999@gmail.com,9231983962,Male,Hyderabad,2019-11-24
3948,Namrata Gupta,namratagupta@gmail.com,9877185412,Female,Delhi,2025-04-26
3949,Chandran Rajan,chandranrajan644@gmail.com,9911621298,Male,Tiruchirappalli,2026-01-15
3950,Prabhu Iyengar,prabhuiyengar380@gmail.com,9719011595,Male,Bhopal,2026-03-13
3951,Yuvaraj Natarajan,yuvarajnatarajan@gmail.com,9206056065,Male,Vijayawada,2018-03-28
3952,Jagadeesh Pillai,jagadeeshpillai417@gmail.com,9665112796,Male,Vellore,2022-09-24
3953,Rajesh Kulkarni,rajeshkulkarni518@gmail.com,9709574955,Male,Salem,2022-07-29
3954,Isha Rao,isharao740@gmail.com,9972269564,Female,Hyderabad,2024-06-20
3955,Abhishek Rao,abhishekrao816@gmail.com,9818250335,Male,Chandigarh,2020-04-28
3956,Iniya Chandrasekar,iniyachandrasekar402@gmail.com,9354592785,Female,Kolkata,2021-10-26
3957,Indumathi Sundaram,indumathisundaram905@gmail.com,9861423450,Female,Tiruchirappalli,2022-01-11
3958,Divya Sivaraman,divyasivaraman399@gmail.com,9369068740,Female,Coimbatore,2022-04-23
3959,Arun Iyer,aruniyer@gmail.com,9268943333,Male,Mumbai,2026-07-12
3960,Padma Naidu,padmanaidu@gmail.com,9075826737,Female,Mysuru,2019-03-24
3961,Shanthi Thiagarajan,shanthithiagarajan976@gmail.com,9167566954,Female,Pune,2025-04-09
3962,Selvam Balasubramaniam,selvambalasubramaniam782@gmail.com,9044821956,Male,Coimbatore,2021-08-05
3963,Kavitha Rajan,kavitharajan689@gmail.com,9828928207,Female,Thiruvananthapuram,2019-07-04
3964,Payal Bhatt,payalbhatt99@gmail.com,9552273161,Female,Thiruvananthapuram,2023-11-03
3965,Riya Chopra,riyachopra@gmail.com,9190778634,Female,Visakhapatnam,2024-02-23
3966,Lakshmi Gounder,lakshmigounder138@gmail.com,9060481123,Female,Madurai,2023-09-18
3967,Velmurugan Annamalai,velmuruganannamalai741@gmail.com,9250584697,Male,Bengaluru,2020-03-03
3968,Sameer Mehta,sameermehta574@gmail.com,9746272241,Male,Visakhapatnam,2023-12-06
3969,Aditi Iyer,aditiiyer@gmail.com,9298243671,Female,Kolkata,2025-07-24
3970,Kritika Singh,kritikasingh667@gmail.com,9854114111,Female,Lucknow,2021-01-12
3971,Tarun Nair,tarunnair606@gmail.com,9469218395,Male,Vijayawada,2018-12-10
3972,Elango Pillai,elangopillai@gmail.com,9589315479,Male,Thiruvananthapuram,2023-08-15
3973,Priya Naidu,priyanaidu@gmail.com,9897546547,Female,Madurai,2025-08-12
3974,Namrata Pandey,namratapandey704@gmail.com,9425745937,Female,Chandigarh,2025-11-23
3975,Payal Verma,payalverma581@gmail.com,9465510675,Female,Pune,2025-11-05
3976,Arun Rajan,arunrajan194@gmail.com,9410703677,Male,Kolkata,2022-06-07
3977,Geetha Mudaliar,geethamudaliar907@gmail.com,9171993364,Female,Vellore,2023-11-03
3978,Saranya Murugan,saranyamurugan917@gmail.com,9334105513,Female,Pune,2025-06-03
3979,Neha Reddy,nehareddy872@gmail.com,9715572781,Female,Kolkata,2024-10-24
3980,Naveen Kumar,naveenkumar814@gmail.com,9564458248,Male,Bengaluru,2019-12-22
3981,Dinesh Raj,dineshraj326@gmail.com,9766031126,Male,Pune,2019-11-23
3982,Srinivasan Iyengar,srinivasaniyengar898@gmail.com,9805062952,Male,Lucknow,2021-08-30
3983,Dhanalakshmi Iyengar,dhanalakshmiiyengar@gmail.com,9970756826,Female,Visakhapatnam,2024-08-23
3984,Loganathan Reddy,loganathanreddy1@gmail.com,9538011288,Male,Kolkata,2019-02-08
3985,Pallavi Singh,pallavisingh187@gmail.com,9116875002,Female,Delhi,2026-04-17
3986,Vikram Iyer,vikramiyer653@gmail.com,9695988212,Male,Coimbatore,2019-12-06
3987,Sathish Annamalai,sathishannamalai633@gmail.com,9080758369,Male,Chennai,2021-09-08
3988,Padma Ramanathan,padmaramanathan833@gmail.com,9895798687,Female,Surat,2025-04-06
3989,Neha Mishra,nehamishra480@gmail.com,9978426568,Female,Chandigarh,2019-02-25
3990,Muthu Thiagarajan,muthuthiagarajan@gmail.com,9440619996,Male,Mysuru,2023-11-08
3991,Yash Rao,yashrao390@gmail.com,9960056717,Male,Hyderabad,2025-04-08
3992,Manoj Malhotra,manojmalhotra748@gmail.com,9709336478,Male,Vijayawada,2022-12-27
3993,Anil Joshi,aniljoshi977@gmail.com,9832023517,Male,Pune,2025-04-10
3994,Loganathan Natarajan,loganathannatarajan45@gmail.com,9413454541,Male,Mumbai,2018-09-06
3995,Anil Bansal,anilbansal296@gmail.com,9004087526,Male,Bengaluru,2021-07-31
3996,Riya Mehta,riyamehta@gmail.com,9556003661,Female,Salem,2024-02-28
3997,Ravichandran Kumar,ravichandrankumar@gmail.com,9737681145,Male,Jaipur,2020-09-25
3998,Selvam Nair,selvamnair@gmail.com,9226165620,Male,Visakhapatnam,2019-12-24
3999,Karthikeyan Pillai,karthikeyanpillai@gmail.com,9326012384,Male,Thiruvananthapuram,2024-11-28
4000,Karpagam Thiagarajan,karpagamthiagarajan@gmail.com,9263092766,Female,Visakhapatnam,2025-11-06
4001,Rohan Saxena,rohansaxena@gmail.com,9326150046,Male,Ahmedabad,2024-07-18
4002,Namrata Patel,namratapatel@gmail.com,9516354819,Female,Surat,2022-08-08
4003,Sathish Balasubramaniam,sathishbalasubramaniam844@gmail.com,9609895670,Male,Vijayawada,2020-03-18
4004,Ramesh Murugan,rameshmurugan345@gmail.com,9751118572,Male,Mumbai,2020-09-29
4005,Rohit Kulkarni,rohitkulkarni@gmail.com,9883842068,Male,Delhi,2020-04-09
4006,Vandana Verma,vandanaverma918@gmail.com,9687758237,Female,Salem,2020-05-12
4007,Riya Chatterjee,riyachatterjee740@gmail.com,9668344761,Female,Vijayawada,2022-01-30
4008,Aditi Kapoor,aditikapoor412@gmail.com,9332351105,Female,Vijayawada,2023-02-26
4009,Payal Kulkarni,payalkulkarni288@gmail.com,9869224953,Female,Lucknow,2022-08-30
4010,Deepak Desai,deepakdesai292@gmail.com,9460722700,Male,Tiruchirappalli,2024-01-12
4011,Lakshmi Gounder,lakshmigounder@gmail.com,9732987068,Female,Bhopal,2022-01-24
4012,Pallavi Bansal,pallavibansal653@gmail.com,9061835839,Female,Bhopal,2022-02-28
4013,Meghana Bhatt,meghanabhatt27@gmail.com,9238681741,Female,Bengaluru,2024-12-21
4014,Kannan Pandian,kannanpandian@gmail.com,9994263689,Male,Mumbai,2023-08-02
4015,Namrata Menon,namratamenon424@gmail.com,9340264679,Female,Indore,2019-04-30
4016,Nithya Iyer,nithyaiyer@gmail.com,9969829783,Female,Salem,2019-12-15
4017,Payal Gupta,payalgupta278@gmail.com,9594350593,Female,Indore,2023-05-14
4018,Rajesh Iyer,rajeshiyer780@gmail.com,9092213443,Male,Pune,2025-04-05
4019,Anandan Raj,anandanraj205@gmail.com,9533419564,Male,Nagpur,2018-12-21
4020,Elango Murugan,elangomurugan852@gmail.com,9943356028,Male,Chandigarh,2021-01-02
4021,Rahul Chopra,rahulchopra658@gmail.com,9907335190,Male,Chandigarh,2018-02-22
4022,Manisha Sharma,manishasharma940@gmail.com,9084285745,Female,Kolkata,2026-01-31
4023,Yuvaraj Nair,yuvarajnair69@gmail.com,9855152678,Male,Bhopal,2021-01-05
4024,Tanvi Kulkarni,tanvikulkarni797@gmail.com,9637920173,Female,Kochi,2018-11-03
4025,Manisha Pandey,manishapandey531@gmail.com,9127422319,Female,Vijayawada,2020-03-11
4026,Kavya Nair,kavyanair997@gmail.com,9419953525,Female,Indore,2021-09-27
4027,Meena Annamalai,meenaannamalai@gmail.com,9682294623,Female,Mumbai,2019-05-22
4028,Elango Nair,elangonair@gmail.com,9471833106,Male,Vijayawada,2018-01-11
4029,Latha Balasubramaniam,lathabalasubramaniam137@gmail.com,9764124737,Female,Bengaluru,2025-07-30
4030,Loganathan Natarajan,loganathannatarajan490@gmail.com,9076354329,Male,Nagpur,2020-07-14
4031,Amudha Raj,amudharaj690@gmail.com,9188642060,Female,Chandigarh,2025-10-23
4032,Sandeep Iyer,sandeepiyer@gmail.com,9123154900,Male,Surat,2018-06-23
4033,Muthu Thiagarajan,muthuthiagarajan993@gmail.com,9145677229,Male,Jaipur,2019-02-13
4034,Sameer Bose,sameerbose229@gmail.com,9500323552,Male,Thiruvananthapuram,2025-08-22
4035,Karpagam Pandian,karpagampandian409@gmail.com,9560044254,Female,Tiruchirappalli,2021-04-05
4036,Nisha Nair,nishanair350@gmail.com,9051602733,Female,Mumbai,2024-04-04
4037,Jagadeesh Rangan,jagadeeshrangan644@gmail.com,9205253278,Male,Nagpur,2025-04-10
4038,Ritu Agarwal,rituagarwal@gmail.com,9858890737,Female,Pune,2024-06-07
4039,Aman Bansal,amanbansal785@gmail.com,9379798710,Male,Vellore,2020-09-08
4040,Aishwarya Reddy,aishwaryareddy877@gmail.com,9568217759,Female,Thiruvananthapuram,2022-02-12
4041,Yash Nair,yashnair@gmail.com,9769640779,Male,Indore,2025-06-17
4042,Harish Annamalai,harishannamalai257@gmail.com,9311595204,Male,Jaipur,2024-05-31
4043,Jagadeesh Natarajan,jagadeeshnatarajan@gmail.com,9705473623,Male,Mysuru,2021-02-19
4044,Srinivasan Krishnan,srinivasankrishnan@gmail.com,9145439613,Male,Vijayawada,2020-03-05
4045,Saravanan Chettiar,saravananchettiar955@gmail.com,9917976473,Male,Pune,2021-10-05
4046,Kavya Chopra,kavyachopra219@gmail.com,9472106725,Female,Madurai,2022-01-06
4047,Abirami Subramaniam,abiramisubramaniam306@gmail.com,9861605564,Female,Vijayawada,2019-08-02
4048,Kannan Krishnan,kannankrishnan998@gmail.com,9126049149,Male,Hyderabad,2021-01-21
4049,Pradeep Deshpande,pradeepdeshpande731@gmail.com,9711596799,Male,Vellore,2022-02-17
4050,Deepak Sundaram,deepaksundaram855@gmail.com,9126610717,Male,Salem,2023-09-26
4051,Neha Gupta,nehagupta588@gmail.com,9012779601,Female,Indore,2026-01-01
4052,Nikhil Kapoor,nikhilkapoor920@gmail.com,9774626097,Male,Jaipur,2024-02-26
4053,Priya Naidu,priyanaidu372@gmail.com,9691496437,Female,Vijayawada,2022-08-03
4054,Anandan Venkatesan,anandanvenkatesan134@gmail.com,9689918411,Male,Kochi,2025-05-22
4055,Simran Singh,simransingh307@gmail.com,9359715143,Female,Nagpur,2019-03-24
4056,Ravichandran Ramanathan,ravichandranramanathan837@gmail.com,9977819017,Male,Jaipur,2019-08-31
4057,Revathi Natarajan,revathinatarajan@gmail.com,9129390611,Female,Kochi,2019-09-22
4058,Devika Pandian,devikapandian859@gmail.com,9619043346,Female,Indore,2022-09-19
4059,Deepa Sundaram,deepasundaram451@gmail.com,9085993737,Female,Lucknow,2020-08-14
4060,Tarun Bansal,tarunbansal74@gmail.com,9869396667,Male,Tiruchirappalli,2024-02-17
4061,Ashok Annamalai,ashokannamalai@gmail.com,9773516422,Male,Vellore,2020-12-30
4062,Thangaraj Raj,thangarajraj489@gmail.com,9089870009,Male,Visakhapatnam,2018-10-14
4063,Sumathi Pandian,sumathipandian823@gmail.com,9581405490,Female,Ahmedabad,2022-09-29
4064,Vivek Patel,vivekpatel471@gmail.com,9614919491,Male,Kolkata,2023-04-17
4065,Anil Chopra,anilchopra766@gmail.com,9347916458,Male,Kochi,2019-07-03
4066,Nikhil Reddy,nikhilreddy@gmail.com,9178407599,Male,Bengaluru,2018-11-29
4067,Yuvaraj Reddy,yuvarajreddy557@gmail.com,9330791448,Male,Ahmedabad,2023-01-04
4068,Harish Balasubramaniam,harishbalasubramaniam623@gmail.com,9557214115,Male,Indore,2026-07-20
4069,Karan Kapoor,karankapoor@gmail.com,9784338096,Male,Tiruchirappalli,2021-08-15
4070,Vanitha Rajan,vanitharajan432@gmail.com,9968087261,Female,Bhopal,2019-03-07
4071,Sanjay Desai,sanjaydesai471@gmail.com,9547769089,Male,Chandigarh,2021-05-29
4072,Vanitha Pillai,vanithapillai379@gmail.com,9222986821,Female,Ahmedabad,2021-01-27
4073,Neha Mehta,nehamehta387@gmail.com,9930662590,Female,Nagpur,2019-01-30
4074,Vikas Malhotra,vikasmalhotra138@gmail.com,9695529749,Male,Bhopal,2020-11-30
4075,Ashok Chettiar,ashokchettiar402@gmail.com,9851893130,Male,Thiruvananthapuram,2024-05-29
4076,Karthik Naidu,karthiknaidu796@gmail.com,9420076732,Male,Chennai,2022-08-03
4077,Anandan Pandian,anandanpandian166@gmail.com,9403030708,Male,Surat,2025-01-19
4078,Vidya Rangan,vidyarangan473@gmail.com,9470654460,Female,Bhopal,2026-01-25
4079,Naveen Mudaliar,naveenmudaliar766@gmail.com,9027651537,Male,Salem,2018-01-07
4080,Sunil Shetty,sunilshetty@gmail.com,9855158943,Male,Bengaluru,2024-08-03
4081,Bhavya Mukherjee,bhavyamukherjee54@gmail.com,9639884638,Female,Kolkata,2019-02-15
4082,Aditya Bose,adityabose210@gmail.com,9914406465,Male,Vijayawada,2018-12-14
4083,Sanya Shetty,sanyashetty@gmail.com,9876147504,Female,Chandigarh,2024-09-08
4084,Harsh Verma,harshverma@gmail.com,9361737074,Male,Nagpur,2025-03-28
4085,Baskaran Iyengar,baskaraniyengar426@gmail.com,9510613406,Male,Mysuru,2025-03-01
4086,Rajesh Deshpande,rajeshdeshpande845@gmail.com,9969010217,Male,Bhopal,2022-08-29
4087,Komal Singh,komalsingh280@gmail.com,9390305506,Female,Salem,2019-04-24
4088,Jothi Annamalai,jothiannamalai65@gmail.com,9888071873,Female,Madurai,2019-04-11
4089,Karan Mukherjee,karanmukherjee340@gmail.com,9053810454,Male,Nagpur,2019-01-23
4090,Swati Desai,swatidesai996@gmail.com,9102113571,Female,Tiruchirappalli,2021-07-26
4091,Abirami Gounder,abiramigounder813@gmail.com,9952901324,Female,Mumbai,2021-05-18
4092,Payal Bose,payalbose@gmail.com,9121774078,Female,Madurai,2023-06-06
4093,Murugan Iyengar,muruganiyengar387@gmail.com,9920663950,Male,Mysuru,2022-03-01
4094,Divya Krishnan,divyakrishnan454@gmail.com,9834899408,Female,Kochi,2019-02-28
4095,Vignesh Nair,vigneshnair@gmail.com,9273558069,Male,Mysuru,2018-03-28
4096,Harsh Chopra,harshchopra942@gmail.com,9860527304,Male,Vellore,2019-02-12
4097,Padma Nair,padmanair269@gmail.com,9271342809,Female,Vellore,2019-03-17
4098,Kannan Iyengar,kannaniyengar@gmail.com,9763099586,Male,Salem,2023-03-04
4099,Aarti Gupta,aartigupta620@gmail.com,9961800129,Female,Bhopal,2025-01-06
4100,Shalini Annamalai,shaliniannamalai483@gmail.com,9676581800,Female,Chandigarh,2023-01-21
4101,Selvi Rangan,selvirangan54@gmail.com,9604135743,Female,Kochi,2018-01-16
4102,Vandana Sharma,vandanasharma581@gmail.com,9081331575,Female,Delhi,2023-02-28
4103,Priya Chettiar,priyachettiar596@gmail.com,9098469491,Female,Tiruchirappalli,2024-05-24
4104,Sneha Saxena,snehasaxena337@gmail.com,9981061189,Female,Ahmedabad,2023-01-10
4105,Manikandan Thiagarajan,manikandanthiagarajan47@gmail.com,9107977781,Male,Lucknow,2022-03-30
4106,Karpagam Rajan,karpagamrajan930@gmail.com,9045254101,Female,Hyderabad,2026-01-17
4107,Anil Chopra,anilchopra178@gmail.com,9066443834,Male,Thiruvananthapuram,2026-06-26
4108,Manisha Joshi,manishajoshi@gmail.com,9008449586,Female,Nagpur,2020-12-04
4109,Deepak Singh,deepaksingh111@gmail.com,9189585028,Male,Madurai,2024-12-09
4110,Ajay Chatterjee,ajaychatterjee436@gmail.com,9744555572,Male,Salem,2022-03-28
4111,Nithish Sivaraman,nithishsivaraman136@gmail.com,9930455684,Male,Mysuru,2019-10-16
4112,Meena Annamalai,meenaannamalai202@gmail.com,9263215393,Female,Surat,2018-12-14
4113,Velmurugan Rajan,velmuruganrajan850@gmail.com,9472401704,Male,Vellore,2020-04-06
4114,Thangaraj Thiagarajan,thangarajthiagarajan@gmail.com,9738201985,Male,Vellore,2024-10-31
4115,Riya Rao,riyarao456@gmail.com,9497284630,Female,Bengaluru,2018-04-02
4116,Yamuna Iyengar,yamunaiyengar@gmail.com,9134513181,Female,Chennai,2022-07-07
4117,Kamakshi Gounder,kamakshigounder375@gmail.com,9501790082,Female,Salem,2020-03-03
4118,Indumathi Krishnan,indumathikrishnan164@gmail.com,9872584803,Female,Thiruvananthapuram,2025-07-03
4119,Rajesh Raj,rajeshraj637@gmail.com,9053988817,Male,Mumbai,2024-06-20
4120,Kalpana Iyer,kalpanaiyer508@gmail.com,9809090624,Female,Vellore,2026-06-05
4121,Meghana Mishra,meghanamishra437@gmail.com,9424124953,Female,Lucknow,2021-01-16
4122,Karpagam Iyer,karpagamiyer704@gmail.com,9429154109,Female,Nagpur,2021-03-20
4123,Saranya Iyengar,saranyaiyengar219@gmail.com,9914935633,Female,Thiruvananthapuram,2025-12-18
4124,Preeti Singh,preetisingh@gmail.com,9029300711,Female,Surat,2025-02-11
4125,Anjali Chatterjee,anjalichatterjee328@gmail.com,9195555735,Female,Lucknow,2023-08-19
4126,Ritu Mukherjee,ritumukherjee733@gmail.com,9314297050,Female,Pune,2026-02-19
4127,Lakshmi Sivaraman,lakshmisivaraman@gmail.com,9142745062,Female,Chennai,2025-09-05
4128,Saranya Gounder,saranyagounder@gmail.com,9133333699,Female,Surat,2018-03-25
4129,Vijay Naidu,vijaynaidu74@gmail.com,9432635214,Male,Tiruchirappalli,2018-04-08
4130,Abhishek Nair,abhisheknair@gmail.com,9849625598,Male,Vellore,2025-07-15
4131,Amit Trivedi,amittrivedi503@gmail.com,9260727357,Male,Kolkata,2020-05-18
4132,Pradeep Chopra,pradeepchopra@gmail.com,9783412924,Male,Hyderabad,2019-10-07
4133,Karpagam Pillai,karpagampillai254@gmail.com,9627137961,Female,Hyderabad,2025-05-21
4134,Anitha Krishnan,anithakrishnan947@gmail.com,9932660408,Female,Vellore,2025-10-19
4135,Vikas Mukherjee,vikasmukherjee@gmail.com,9779296281,Male,Vijayawada,2020-07-16
4136,Preeti Malhotra,preetimalhotra521@gmail.com,9206576007,Female,Mumbai,2024-11-07
4137,Velmurugan Rangan,velmuruganrangan@gmail.com,9093752719,Male,Indore,2023-03-13
4138,Chandran Rangan,chandranrangan@gmail.com,9728526366,Male,Pune,2023-07-11
4139,Iniya Iyengar,iniyaiyengar79@gmail.com,9193219296,Female,Surat,2022-03-30
4140,Komal Joshi,komaljoshi@gmail.com,9484366229,Female,Pune,2022-02-08
4141,Yamuna Mudaliar,yamunamudaliar@gmail.com,9273707708,Female,Salem,2020-02-28
4142,Deepak Venkatesan,deepakvenkatesan136@gmail.com,9094951149,Male,Kochi,2024-01-17
4143,Vandana Bansal,vandanabansal659@gmail.com,9427064294,Female,Pune,2024-09-02
4144,Kamakshi Rangan,kamakshirangan590@gmail.com,9153709193,Female,Indore,2020-04-30
4145,Sundar Nair,sundarnair@gmail.com,9416325386,Male,Coimbatore,2025-10-25
4146,Aryan Shetty,aryanshetty@gmail.com,9311699900,Male,Mysuru,2022-03-26
4147,Revathi Raj,revathiraj@gmail.com,9938789761,Female,Surat,2022-08-29
4148,Payal Desai,payaldesai443@gmail.com,9500201478,Female,Vellore,2023-12-17
4149,Ishita Iyer,ishitaiyer83@gmail.com,9296288925,Female,Indore,2025-05-26
4150,Vijay Balasubramaniam,vijaybalasubramaniam319@gmail.com,9871882447,Male,Chennai,2025-06-11
4151,Saranya Balasubramaniam,saranyabalasubramaniam212@gmail.com,9711760970,Female,Vijayawada,2018-07-12
4152,Meghana Saxena,meghanasaxena27@gmail.com,9261048468,Female,Vijayawada,2025-07-10
4153,Vignesh Kumar,vigneshkumar318@gmail.com,9307772123,Male,Pune,2019-11-05
4154,Karpagam Chandrasekar,karpagamchandrasekar660@gmail.com,9609818949,Female,Coimbatore,2024-07-10
4155,Komal Kulkarni,komalkulkarni527@gmail.com,9249762589,Female,Chennai,2018-10-29
4156,Jothi Krishnan,jothikrishnan803@gmail.com,9837921864,Female,Mysuru,2020-12-06
4157,Vetrivel Rajan,vetrivelrajan34@gmail.com,9125511345,Male,Mumbai,2025-07-17
4158,Nikhil Pandey,nikhilpandey892@gmail.com,9895128622,Male,Chandigarh,2019-06-22
4159,Ramesh Murugan,rameshmurugan976@gmail.com,9810333447,Male,Kochi,2019-03-19
4160,Prabhu Krishnan,prabhukrishnan241@gmail.com,9955519074,Male,Vijayawada,2020-12-06
4161,Latha Murugan,lathamurugan154@gmail.com,9838525164,Female,Vijayawada,2025-06-10
4162,Suganya Krishnan,suganyakrishnan817@gmail.com,9699364475,Female,Vijayawada,2022-02-14
4163,Vijay Krishnan,vijaykrishnan466@gmail.com,9649271784,Male,Pune,2021-04-21
4164,Ishita Bansal,ishitabansal42@gmail.com,9016539176,Female,Madurai,2020-08-18
4165,Geetha Iyer,geethaiyer48@gmail.com,9943930403,Female,Tiruchirappalli,2019-07-05
4166,Aarti Saxena,aartisaxena909@gmail.com,9081712294,Female,Nagpur,2018-03-14
4167,Manoj Deshpande,manojdeshpande64@gmail.com,9863088450,Male,Delhi,2018-10-18
4168,Radhika Kumar,radhikakumar461@gmail.com,9837467969,Female,Visakhapatnam,2022-09-24
4169,Rajeswari Raj,rajeswariraj@gmail.com,9482410167,Female,Bengaluru,2022-01-28
4170,Velmurugan Sundaram,velmurugansundaram769@gmail.com,9577052345,Male,Jaipur,2025-01-06
4171,Uma Subramaniam,umasubramaniam120@gmail.com,9188999649,Female,Hyderabad,2018-01-24
4172,Murugan Kumar,murugankumar646@gmail.com,9444945246,Male,Salem,2022-11-19
4173,Vetrivel Murugan,vetrivelmurugan@gmail.com,9340377529,Male,Kolkata,2021-01-03
4174,Varun Gupta,varungupta@gmail.com,9074684193,Male,Jaipur,2022-12-30
4175,Neha Mishra,nehamishra737@gmail.com,9368590322,Female,Chennai,2024-07-12
4176,Varun Kulkarni,varunkulkarni933@gmail.com,9422813271,Male,Chennai,2021-01-05
4177,Sivakumar Chettiar,sivakumarchettiar@gmail.com,9870394031,Male,Vellore,2022-08-07
4178,Arunachalam Rajan,arunachalamrajan@gmail.com,9460482068,Male,Visakhapatnam,2018-04-30
4179,Radhika Rajan,radhikarajan@gmail.com,9400651195,Female,Visakhapatnam,2022-11-29
4180,Suresh Pandian,sureshpandian624@gmail.com,9339876115,Male,Salem,2024-12-16
4181,Aditi Chatterjee,aditichatterjee816@gmail.com,9603560303,Female,Vijayawada,2019-07-05
4182,Dhanalakshmi Gounder,dhanalakshmigounder69@gmail.com,9481703188,Female,Mumbai,2019-09-16
4183,Poornima Natarajan,poornimanatarajan353@gmail.com,9829027027,Female,Pune,2021-10-10
4184,Manoj Deshpande,manojdeshpande978@gmail.com,9864211109,Male,Vellore,2023-08-19
4185,Deepa Reddy,deepareddy739@gmail.com,9938602654,Female,Salem,2023-09-29
4186,Sandeep Mishra,sandeepmishra@gmail.com,9819653192,Male,Madurai,2021-06-28
4187,Amit Gupta,amitgupta@gmail.com,9948668087,Male,Bhopal,2024-05-29
4188,Rajkumar Iyer,rajkumariyer@gmail.com,9632372792,Male,Indore,2018-11-10
4189,Ishaan Iyer,ishaaniyer713@gmail.com,9552028294,Male,Kolkata,2020-01-02
4190,Priya Natarajan,priyanatarajan@gmail.com,9815484875,Female,Hyderabad,2026-06-03
4191,Vivek Gupta,vivekgupta@gmail.com,9150750821,Male,Vellore,2019-03-05
4192,Bhavya Trivedi,bhavyatrivedi33@gmail.com,9415860486,Female,Bhopal,2021-10-01
4193,Yamuna Nair,yamunanair@gmail.com,9807480014,Female,Jaipur,2020-08-16
4194,Uma Ramanathan,umaramanathan@gmail.com,9660045879,Female,Indore,2019-04-19
4195,Ritu Deshpande,ritudeshpande@gmail.com,9986219275,Female,Salem,2022-07-01
4196,Murugan Chandrasekar,muruganchandrasekar@gmail.com,9547005084,Male,Salem,2024-03-09
4197,Rajeswari Ramanathan,rajeswariramanathan485@gmail.com,9869310265,Female,Jaipur,2018-10-22
4198,Amudha Ramanathan,amudharamanathan675@gmail.com,9996247187,Female,Chennai,2022-06-20
4199,Karthikeyan Nair,karthikeyannair715@gmail.com,9360691651,Male,Thiruvananthapuram,2021-01-24
4200,Divya Rajan,divyarajan@gmail.com,9890460519,Female,Kolkata,2026-01-19
4201,Ritu Nair,ritunair623@gmail.com,9393532785,Female,Bengaluru,2024-12-14
4202,Deepa Thiagarajan,deepathiagarajan10@gmail.com,9143489398,Female,Vellore,2018-10-13
4203,Radhika Sivaraman,radhikasivaraman@gmail.com,9748524106,Female,Visakhapatnam,2021-05-25
4204,Rajeswari Gounder,rajeswarigounder914@gmail.com,9200144573,Female,Mumbai,2023-04-28
4205,Shalini Chettiar,shalinichettiar986@gmail.com,9093663785,Female,Kolkata,2023-01-24
4206,Sumathi Rangan,sumathirangan839@gmail.com,9958984128,Female,Mumbai,2023-12-10
4207,Anil Rao,anilrao@gmail.com,9819797187,Male,Ahmedabad,2020-03-07
4208,Selvi Kumar,selvikumar@gmail.com,9182231608,Female,Ahmedabad,2018-06-15
4209,Ravichandran Thiagarajan,ravichandranthiagarajan@gmail.com,9601515815,Male,Vijayawada,2025-11-07
4210,Kalpana Naidu,kalpananaidu76@gmail.com,9756776741,Female,Tiruchirappalli,2021-01-22
4211,Uma Murugan,umamurugan473@gmail.com,9197450561,Female,Surat,2018-04-25
4212,Jagadeesh Venkatesan,jagadeeshvenkatesan298@gmail.com,9142343638,Male,Salem,2020-03-01
4213,Muthu Gounder,muthugounder322@gmail.com,9543793229,Male,Bengaluru,2026-05-12
4214,Pooja Iyer,poojaiyer191@gmail.com,9226177905,Female,Ahmedabad,2022-05-01
4215,Sneha Desai,snehadesai@gmail.com,9858075661,Female,Tiruchirappalli,2024-10-13
4216,Gopinath Rangan,gopinathrangan@gmail.com,9994607130,Male,Indore,2026-03-21
4217,Rohit Gupta,rohitgupta847@gmail.com,9200832113,Male,Indore,2023-09-06
4218,Aman Menon,amanmenon577@gmail.com,9687724937,Male,Chandigarh,2024-09-21
4219,Revathi Natarajan,revathinatarajan979@gmail.com,9975534470,Female,Mysuru,2019-12-13
4220,Shreya Saxena,shreyasaxena56@gmail.com,9499991071,Female,Lucknow,2019-05-21
4221,Ananya Mishra,ananyamishra773@gmail.com,9127489652,Female,Vijayawada,2023-06-23
4222,Komal Joshi,komaljoshi287@gmail.com,9033910175,Female,Tiruchirappalli,2020-10-16
4223,Suganya Chettiar,suganyachettiar872@gmail.com,9954965868,Female,Chandigarh,2023-07-11
4224,Anil Pandey,anilpandey@gmail.com,9529604754,Male,Vijayawada,2020-12-25
4225,Ramesh Raj,rameshraj137@gmail.com,9739501743,Male,Bhopal,2021-12-10
4226,Harsh Chatterjee,harshchatterjee@gmail.com,9476284839,Male,Vijayawada,2025-05-29
4227,Aarti Iyer,aartiiyer@gmail.com,9212646229,Female,Salem,2018-10-24
4228,Amudha Reddy,amudhareddy493@gmail.com,9583463910,Female,Chennai,2022-06-30
4229,Lakshmi Thiagarajan,lakshmithiagarajan508@gmail.com,9131934606,Female,Vellore,2018-02-28
4230,Sneha Kulkarni,snehakulkarni347@gmail.com,9883023274,Female,Pune,2023-04-29
4231,Vanitha Iyengar,vanithaiyengar@gmail.com,9149423718,Female,Kochi,2025-09-20
4232,Kunal Mishra,kunalmishra266@gmail.com,9758017470,Male,Jaipur,2022-03-24
4233,Kavitha Pandian,kavithapandian313@gmail.com,9154317642,Female,Bengaluru,2021-07-18
4234,Ananya Joshi,ananyajoshi@gmail.com,9925685051,Female,Kochi,2021-06-26
4235,Vivek Shetty,vivekshetty82@gmail.com,9509401149,Male,Jaipur,2025-12-25
4236,Iniya Balasubramaniam,iniyabalasubramaniam@gmail.com,9338970456,Female,Ahmedabad,2023-11-12
4237,Rajkumar Reddy,rajkumarreddy@gmail.com,9793266996,Male,Nagpur,2020-06-29
4238,Yamuna Krishnan,yamunakrishnan@gmail.com,9097446298,Female,Mysuru,2022-05-05
4239,Swati Kulkarni,swatikulkarni261@gmail.com,9009177737,Female,Indore,2023-05-27
4240,Thangaraj Kumar,thangarajkumar947@gmail.com,9001717539,Male,Delhi,2025-01-19
4241,Gaurav Singh,gauravsingh@gmail.com,9441648379,Male,Coimbatore,2026-06-10
4242,Vikas Bansal,vikasbansal@gmail.com,9300110078,Male,Jaipur,2022-02-22
4243,Aarti Deshpande,aartideshpande687@gmail.com,9860091542,Female,Vijayawada,2023-09-08
4244,Kabir Sharma,kabirsharma259@gmail.com,9961071753,Male,Ahmedabad,2026-03-25
4245,Anitha Iyengar,anithaiyengar835@gmail.com,9711235424,Female,Coimbatore,2019-12-19
4246,Radhika Mudaliar,radhikamudaliar986@gmail.com,9589653814,Female,Chandigarh,2023-06-27
4247,Siddharth Bhatt,siddharthbhatt@gmail.com,9629876095,Male,Visakhapatnam,2019-01-17
4248,Iniya Pandian,iniyapandian@gmail.com,9653774107,Female,Chennai,2018-01-30
4249,Loganathan Venkatesan,loganathanvenkatesan703@gmail.com,9179699706,Male,Tiruchirappalli,2023-03-27
4250,Divya Gounder,divyagounder@gmail.com,9839164349,Female,Surat,2018-09-15
4251,Aarti Agarwal,aartiagarwal635@gmail.com,9886036585,Female,Surat,2024-12-10
4252,Karthik Iyengar,karthikiyengar400@gmail.com,9887167008,Male,Chennai,2023-09-17
4253,Swati Nair,swatinair@gmail.com,9924467558,Female,Thiruvananthapuram,2018-01-22
4254,Pooja Verma,poojaverma638@gmail.com,9604157417,Female,Vellore,2021-10-19
4255,Shanthi Kumar,shanthikumar265@gmail.com,9225486069,Female,Tiruchirappalli,2025-01-07
4256,Kannappan Nair,kannappannair988@gmail.com,9978924402,Male,Mysuru,2021-10-12
4257,Ravi Agarwal,raviagarwal@gmail.com,9296929003,Male,Lucknow,2022-09-11
4258,Bhavya Chopra,bhavyachopra304@gmail.com,9229307532,Female,Hyderabad,2022-04-27
4259,Anandan Pandian,anandanpandian864@gmail.com,9260568180,Male,Tiruchirappalli,2023-04-25
4260,Rajkumar Iyengar,rajkumariyengar503@gmail.com,9277971177,Male,Nagpur,2025-01-08
4261,Dev Kulkarni,devkulkarni@gmail.com,9050163107,Male,Indore,2024-05-17
4262,Simran Mukherjee,simranmukherjee341@gmail.com,9512643732,Female,Thiruvananthapuram,2023-06-28
4263,Sunil Patel,sunilpatel@gmail.com,9453491060,Male,Kolkata,2019-06-27
4264,Mohan Naidu,mohannaidu279@gmail.com,9122131106,Male,Indore,2018-02-08
4265,Divya Ramanathan,divyaramanathan395@gmail.com,9187511521,Female,Bengaluru,2026-07-01
4266,Vikram Kulkarni,vikramkulkarni445@gmail.com,9886888055,Male,Pune,2026-03-29
4267,Shanthi Kumar,shanthikumar@gmail.com,9196527947,Female,Kolkata,2018-06-20
4268,Gopinath Ramanathan,gopinathramanathan658@gmail.com,9091182924,Male,Ahmedabad,2025-02-11
4269,Bhavya Pandey,bhavyapandey@gmail.com,9095834263,Female,Visakhapatnam,2020-02-08
4270,Ajay Bose,ajaybose662@gmail.com,9216702271,Male,Lucknow,2021-03-19
4271,Lakshmi Mudaliar,lakshmimudaliar372@gmail.com,9835957857,Female,Coimbatore,2020-06-19
4272,Geetha Chettiar,geethachettiar592@gmail.com,9385267177,Female,Madurai,2020-07-02
4273,Deepak Patel,deepakpatel942@gmail.com,9018719798,Male,Vijayawada,2019-07-25
4274,Aditi Menon,aditimenon212@gmail.com,9800765820,Female,Vijayawada,2021-08-27
4275,Sanjay Sharma,sanjaysharma925@gmail.com,9487656483,Male,Vellore,2021-04-09
4276,Rajesh Annamalai,rajeshannamalai55@gmail.com,9094390869,Male,Kochi,2019-09-30
4277,Rajesh Mukherjee,rajeshmukherjee@gmail.com,9622435396,Male,Nagpur,2019-08-11
4278,Baskaran Rangan,baskaranrangan53@gmail.com,9423646604,Male,Tiruchirappalli,2019-11-10
4279,Shreya Mehta,shreyamehta667@gmail.com,9419830010,Female,Mysuru,2021-03-10
4280,Baskaran Subramaniam,baskaransubramaniam904@gmail.com,9053489203,Male,Mysuru,2022-06-10
4281,Anjali Joshi,anjalijoshi13@gmail.com,9688848985,Female,Coimbatore,2020-04-11
4282,Revathi Sivaraman,revathisivaraman948@gmail.com,9524301941,Female,Mumbai,2020-03-17
4283,Payal Bose,payalbose38@gmail.com,9920113230,Female,Mysuru,2023-04-25
4284,Vanitha Mudaliar,vanithamudaliar580@gmail.com,9252575895,Female,Visakhapatnam,2026-05-24
4285,Ajay Mehta,ajaymehta@gmail.com,9527708931,Male,Jaipur,2025-12-16
4286,Rahul Trivedi,rahultrivedi@gmail.com,9931397156,Male,Salem,2020-03-31
4287,Sneha Pandey,snehapandey@gmail.com,9949928168,Female,Vellore,2020-05-07
4288,Deepa Sivaraman,deepasivaraman129@gmail.com,9537492605,Female,Surat,2023-12-15
4289,Dinesh Thiagarajan,dineshthiagarajan665@gmail.com,9197348629,Male,Madurai,2023-12-29
4290,Varun Pandey,varunpandey706@gmail.com,9382582542,Male,Chennai,2023-01-04
4291,Saranya Thiagarajan,saranyathiagarajan@gmail.com,9292809460,Female,Salem,2023-02-15
4292,Preeti Bhatt,preetibhatt@gmail.com,9898518074,Female,Ahmedabad,2025-01-03
4293,Nithish Rajan,nithishrajan780@gmail.com,9841228614,Male,Nagpur,2018-07-12
4294,Dinesh Ramanathan,dineshramanathan@gmail.com,9406616300,Male,Ahmedabad,2021-09-02
4295,Iniya Kumar,iniyakumar203@gmail.com,9386996881,Female,Bhopal,2019-06-23
4296,Srinivasan Murugan,srinivasanmurugan211@gmail.com,9057606716,Male,Chandigarh,2026-03-11
4297,Rajeswari Venkatesan,rajeswarivenkatesan625@gmail.com,9861617140,Female,Delhi,2018-07-30
4298,Abhishek Chopra,abhishekchopra@gmail.com,9692010205,Male,Chennai,2021-03-04
4299,Murugan Raj,muruganraj501@gmail.com,9518952292,Male,Bhopal,2019-08-21
4300,Amit Bose,amitbose512@gmail.com,9591121463,Male,Chennai,2023-05-11
4301,Geetha Rajan,geetharajan886@gmail.com,9360193188,Female,Coimbatore,2026-05-21
4302,Aishwarya Kapoor,aishwaryakapoor191@gmail.com,9062012339,Female,Ahmedabad,2022-07-28
4303,Devika Murugan,devikamurugan224@gmail.com,9766529617,Female,Pune,2025-12-25
4304,Aarti Pillai,aartipillai@gmail.com,9582216001,Female,Visakhapatnam,2021-07-21
4305,Vikram Malhotra,vikrammalhotra359@gmail.com,9925207427,Male,Kochi,2019-01-11
4306,Ramesh Rajan,rameshrajan186@gmail.com,9801156060,Male,Hyderabad,2026-02-19
4307,Indumathi Sivaraman,indumathisivaraman450@gmail.com,9515142528,Female,Mysuru,2020-08-22
4308,Padma Natarajan,padmanatarajan@gmail.com,9328043456,Female,Kolkata,2020-08-23
4309,Gopinath Chandrasekar,gopinathchandrasekar@gmail.com,9315635606,Male,Visakhapatnam,2025-03-28
4310,Gopinath Iyengar,gopinathiyengar@gmail.com,9118521914,Male,Delhi,2024-01-20
4311,Deepak Subramaniam,deepaksubramaniam999@gmail.com,9476170639,Male,Nagpur,2024-11-26
4312,Pallavi Pillai,pallavipillai181@gmail.com,9815738247,Female,Ahmedabad,2020-07-26
4313,Harsh Malhotra,harshmalhotra718@gmail.com,9239788446,Male,Surat,2023-04-25
4314,Anandan Sivaraman,anandansivaraman294@gmail.com,9981646983,Male,Salem,2025-04-22
4315,Suresh Thiagarajan,sureshthiagarajan@gmail.com,9278755429,Male,Chandigarh,2020-10-04
4316,Kannappan Krishnan,kannappankrishnan463@gmail.com,9617262002,Male,Chennai,2024-11-26
4317,Ashok Thiagarajan,ashokthiagarajan917@gmail.com,9319488428,Male,Salem,2018-02-18
4318,Yamuna Murugan,yamunamurugan443@gmail.com,9158343836,Female,Jaipur,2022-12-24
4319,Simran Singh,simransingh857@gmail.com,9084339060,Female,Thiruvananthapuram,2021-02-13
4320,Dev Iyer,deviyer162@gmail.com,9840637268,Male,Ahmedabad,2019-11-16
4321,Sunil Bansal,sunilbansal133@gmail.com,9215040250,Male,Bengaluru,2024-02-13
4322,Dhanalakshmi Annamalai,dhanalakshmiannamalai@gmail.com,9268771694,Female,Visakhapatnam,2018-11-15
4323,Gaurav Verma,gauravverma777@gmail.com,9578557269,Male,Madurai,2024-05-13
4324,Harsh Trivedi,harshtrivedi133@gmail.com,9211904183,Male,Chennai,2025-07-28
4325,Sanya Bose,sanyabose766@gmail.com,9769562926,Female,Tiruchirappalli,2020-04-17
4326,Baskaran Kumar,baskarankumar166@gmail.com,9685565525,Male,Chennai,2021-08-17
4327,Sumathi Pandian,sumathipandian414@gmail.com,9388404342,Female,Vellore,2023-05-16
4328,Dinesh Subramaniam,dineshsubramaniam46@gmail.com,9995911264,Male,Delhi,2020-03-12
4329,Iniya Natarajan,iniyanatarajan523@gmail.com,9024020940,Female,Kolkata,2024-08-22
4330,Sanjay Bose,sanjaybose579@gmail.com,9474862001,Male,Thiruvananthapuram,2018-10-13
4331,Sandeep Pillai,sandeeppillai929@gmail.com,9342901118,Male,Vellore,2023-09-13
4332,Namrata Bose,namratabose886@gmail.com,9046365947,Female,Madurai,2022-08-11
4333,Ishita Trivedi,ishitatrivedi@gmail.com,9623990091,Female,Ahmedabad,2018-02-08
4334,Amudha Naidu,amudhanaidu919@gmail.com,9889057469,Female,Pune,2021-01-12
4335,Shalini Nair,shalininair28@gmail.com,9891436322,Female,Kochi,2019-06-24
4336,Ritu Saxena,ritusaxena863@gmail.com,9071011287,Female,Thiruvananthapuram,2019-07-25
4337,Latha Pandian,lathapandian113@gmail.com,9307515750,Female,Lucknow,2019-09-21
4338,Aishwarya Sharma,aishwaryasharma@gmail.com,9462301729,Female,Chandigarh,2025-01-25
4339,Vasanthi Raj,vasanthiraj@gmail.com,9203545281,Female,Tiruchirappalli,2025-12-21
4340,Harish Sundaram,harishsundaram@gmail.com,9394721904,Male,Thiruvananthapuram,2022-07-18
4341,Kritika Mehta,kritikamehta@gmail.com,9102129019,Female,Ahmedabad,2023-08-15
4342,Shalini Iyengar,shaliniiyengar142@gmail.com,9206100375,Female,Salem,2021-08-16
4343,Sundar Nair,sundarnair284@gmail.com,9630118154,Male,Jaipur,2023-10-30
4344,Pradeep Singh,pradeepsingh939@gmail.com,9945407154,Male,Delhi,2020-10-24
4345,Gopinath Subramaniam,gopinathsubramaniam640@gmail.com,9040434320,Male,Vijayawada,2025-02-04
4346,Elango Pandian,elangopandian744@gmail.com,9097510208,Male,Indore,2019-05-15
4347,Ishita Reddy,ishitareddy347@gmail.com,9938205581,Female,Tiruchirappalli,2019-10-28
4348,Ishaan Iyer,ishaaniyer@gmail.com,9850655472,Male,Mumbai,2018-08-17
4349,Saranya Naidu,saranyanaidu@gmail.com,9133721674,Female,Vellore,2019-08-08
4350,Malathi Subramaniam,malathisubramaniam@gmail.com,9749776334,Female,Jaipur,2020-09-01
4351,Chandran Gounder,chandrangounder259@gmail.com,9078948825,Male,Nagpur,2019-06-26
4352,Dinesh Iyer,dineshiyer@gmail.com,9164661865,Male,Mysuru,2024-10-24
4353,Ishita Mehta,ishitamehta755@gmail.com,9403081751,Female,Chennai,2022-04-30
4354,Devika Mudaliar,devikamudaliar197@gmail.com,9642421578,Female,Bhopal,2023-04-15
4355,Vikas Bose,vikasbose20@gmail.com,9826309287,Male,Mysuru,2018-08-06
4356,Pooja Saxena,poojasaxena536@gmail.com,9081437776,Female,Tiruchirappalli,2018-02-09
4357,Prabhu Kumar,prabhukumar@gmail.com,9287520364,Male,Indore,2018-07-22
4358,Dev Nair,devnair73@gmail.com,9696965843,Male,Madurai,2022-10-01
4359,Bhuvana Raj,bhuvanaraj78@gmail.com,9003307724,Female,Chennai,2020-06-22
4360,Pradeep Singh,pradeepsingh275@gmail.com,9469776252,Male,Tiruchirappalli,2020-10-14
4361,Kavitha Sivaraman,kavithasivaraman@gmail.com,9419674349,Female,Pune,2019-05-16
4362,Aditi Kapoor,aditikapoor@gmail.com,9715123359,Female,Mysuru,2023-07-09
4363,Geetha Iyengar,geethaiyengar600@gmail.com,9088717512,Female,Ahmedabad,2020-11-09
4364,Ananya Rao,ananyarao@gmail.com,9033695302,Female,Salem,2023-07-02
4365,Pradeep Kapoor,pradeepkapoor445@gmail.com,9450436741,Male,Salem,2019-03-05
4366,Indumathi Gounder,indumathigounder@gmail.com,9044108670,Female,Chennai,2023-01-01
4367,Amudha Natarajan,amudhanatarajan405@gmail.com,9730222294,Female,Thiruvananthapuram,2022-04-07
4368,Rajkumar Sivaraman,rajkumarsivaraman418@gmail.com,9649419899,Male,Tiruchirappalli,2023-07-29
4369,Geetha Kumar,geethakumar@gmail.com,9383961876,Female,Bhopal,2019-05-25
4370,Manikandan Pandian,manikandanpandian985@gmail.com,9184564257,Male,Kolkata,2022-11-11
4371,Iniya Nair,iniyanair570@gmail.com,9237195996,Female,Kochi,2020-04-06
4372,Mohan Nair,mohannair@gmail.com,9918493200,Male,Madurai,2018-10-31
4373,Ashok Nair,ashoknair558@gmail.com,9364799413,Male,Mysuru,2026-03-27
4374,Ishita Mukherjee,ishitamukherjee196@gmail.com,9530183110,Female,Tiruchirappalli,2022-09-30
4375,Poornima Sivaraman,poornimasivaraman629@gmail.com,9573321218,Female,Indore,2021-05-20
4376,Deepa Raj,deeparaj196@gmail.com,9625223173,Female,Nagpur,2024-01-05
4377,Dinesh Kumar,dineshkumar868@gmail.com,9639006483,Male,Thiruvananthapuram,2022-06-28
4378,Sneha Sharma,snehasharma45@gmail.com,9801705029,Female,Bengaluru,2022-05-25
4379,Ramesh Kumar,rameshkumar@gmail.com,9503396845,Male,Coimbatore,2026-02-25
4380,Lakshmi Subramaniam,lakshmisubramaniam198@gmail.com,9798091588,Female,Kolkata,2020-12-12
4381,Keerthana Murugan,keerthanamurugan508@gmail.com,9526055478,Female,Lucknow,2020-03-15
4382,Sivakumar Pillai,sivakumarpillai116@gmail.com,9609525515,Male,Surat,2024-04-09
4383,Karpagam Thiagarajan,karpagamthiagarajan394@gmail.com,9842676350,Female,Vellore,2021-08-13
4384,Vidya Rajan,vidyarajan875@gmail.com,9896349328,Female,Vellore,2018-04-08
4385,Prabhu Venkatesan,prabhuvenkatesan678@gmail.com,9733718053,Male,Jaipur,2025-02-17
4386,Simran Sharma,simransharma229@gmail.com,9331929913,Female,Chennai,2022-11-23
4387,Vidya Gounder,vidyagounder953@gmail.com,9684614067,Female,Visakhapatnam,2018-09-08
4388,Diya Verma,diyaverma664@gmail.com,9521114933,Female,Kolkata,2026-02-02
4389,Sundar Thiagarajan,sundarthiagarajan123@gmail.com,9070781120,Male,Ahmedabad,2025-07-02
4390,Nikhil Bansal,nikhilbansal677@gmail.com,9422863334,Male,Mumbai,2020-10-19
4391,Chandran Pillai,chandranpillai@gmail.com,9558483208,Male,Kolkata,2019-06-24
4392,Uma Subramaniam,umasubramaniam640@gmail.com,9018012468,Female,Bhopal,2026-03-08
4393,Deepa Raj,deeparaj252@gmail.com,9621225529,Female,Kolkata,2025-06-28
4394,Divya Sivaraman,divyasivaraman900@gmail.com,9325351078,Female,Salem,2025-12-24
4395,Dinesh Ramanathan,dineshramanathan462@gmail.com,9879581332,Male,Pune,2024-10-08
4396,Kunal Pandey,kunalpandey227@gmail.com,9532911638,Male,Chennai,2019-04-29
4397,Rahul Agarwal,rahulagarwal@gmail.com,9766268280,Male,Coimbatore,2022-05-07
4398,Manisha Saxena,manishasaxena669@gmail.com,9824737331,Female,Bhopal,2023-07-13
4399,Indumathi Krishnan,indumathikrishnan@gmail.com,9304574489,Female,Indore,2020-03-23
4400,Iniya Sivaraman,iniyasivaraman57@gmail.com,9927615975,Female,Bhopal,2020-04-16
4401,Vetrivel Subramaniam,vetrivelsubramaniam802@gmail.com,9149539369,Male,Jaipur,2022-08-10
4402,Devika Nair,devikanair832@gmail.com,9833386977,Female,Chennai,2022-03-13
4403,Aditya Menon,adityamenon@gmail.com,9188699830,Male,Chennai,2019-02-03
4404,Keerthana Annamalai,keerthanaannamalai764@gmail.com,9438119310,Female,Nagpur,2020-09-29
4405,Pooja Malhotra,poojamalhotra749@gmail.com,9152242650,Female,Nagpur,2025-12-09
4406,Pallavi Desai,pallavidesai439@gmail.com,9905483913,Female,Delhi,2020-01-27
4407,Ritu Desai,ritudesai981@gmail.com,9618442715,Female,Vellore,2018-02-12
4408,Sanjay Reddy,sanjayreddy733@gmail.com,9093067565,Male,Chennai,2021-04-02
4409,Ishaan Chatterjee,ishaanchatterjee556@gmail.com,9413240546,Male,Thiruvananthapuram,2021-09-10
4410,Rahul Chopra,rahulchopra@gmail.com,9111957557,Male,Madurai,2022-11-15
4411,Ganesan Balasubramaniam,ganesanbalasubramaniam275@gmail.com,9718889582,Male,Ahmedabad,2022-06-26
4412,Sundar Thiagarajan,sundarthiagarajan325@gmail.com,9379409072,Male,Kolkata,2025-03-21
4413,Pooja Malhotra,poojamalhotra396@gmail.com,9928669570,Female,Pune,2019-09-12
4414,Sameer Singh,sameersingh823@gmail.com,9408138004,Male,Vijayawada,2018-09-11
4415,Simran Pandey,simranpandey73@gmail.com,9499808290,Female,Mysuru,2026-07-29
4416,Shreya Singh,shreyasingh138@gmail.com,9514967860,Female,Vijayawada,2022-11-07
4417,Payal Desai,payaldesai@gmail.com,9277364631,Female,Pune,2020-04-24
4418,Dhanalakshmi Chandrasekar,dhanalakshmichandrasekar@gmail.com,9271950432,Female,Thiruvananthapuram,2022-12-04
4419,Keerthana Ramanathan,keerthanaramanathan769@gmail.com,9683740145,Female,Lucknow,2025-02-03
4420,Kumaresan Thiagarajan,kumaresanthiagarajan@gmail.com,9144124012,Male,Visakhapatnam,2024-08-14
4421,Aarti Trivedi,aartitrivedi807@gmail.com,9433455740,Female,Surat,2021-03-14
4422,Nikhil Chopra,nikhilchopra889@gmail.com,9258993219,Male,Thiruvananthapuram,2024-06-24
4423,Shalini Natarajan,shalininatarajan337@gmail.com,9696006843,Female,Vellore,2021-02-27
4424,Anil Deshpande,anildeshpande@gmail.com,9838915814,Male,Nagpur,2025-11-07
4425,Meena Mudaliar,meenamudaliar185@gmail.com,9143961486,Female,Salem,2020-11-21
4426,Kabir Rao,kabirrao@gmail.com,9149750324,Male,Coimbatore,2025-12-08
4427,Komal Mukherjee,komalmukherjee497@gmail.com,9980156034,Female,Pune,2020-08-10
4428,Sneha Mukherjee,snehamukherjee418@gmail.com,9151067517,Female,Chandigarh,2022-08-08
4429,Srinivasan Natarajan,srinivasannatarajan560@gmail.com,9419247299,Male,Thiruvananthapuram,2026-06-18
4430,Yash Shetty,yashshetty954@gmail.com,9028094144,Male,Bhopal,2019-11-21
4431,Geetha Iyengar,geethaiyengar698@gmail.com,9511372630,Female,Jaipur,2024-02-15
4432,Ishaan Trivedi,ishaantrivedi@gmail.com,9184382784,Male,Delhi,2025-11-14
4433,Uma Iyer,umaiyer304@gmail.com,9385518564,Female,Coimbatore,2024-02-26
4434,Kannappan Rajan,kannappanrajan58@gmail.com,9226496723,Male,Chandigarh,2024-02-01
4435,Palanisamy Naidu,palanisamynaidu@gmail.com,9564652687,Male,Visakhapatnam,2025-09-27
4436,Sanjay Mishra,sanjaymishra732@gmail.com,9476467983,Male,Kochi,2020-10-05
4437,Sandeep Mehta,sandeepmehta409@gmail.com,9985442531,Male,Vellore,2021-07-06
4438,Velmurugan Kumar,velmurugankumar218@gmail.com,9400687327,Male,Madurai,2021-11-11
4439,Sangeetha Raj,sangeetharaj880@gmail.com,9876564415,Female,Thiruvananthapuram,2019-05-10
4440,Riya Trivedi,riyatrivedi749@gmail.com,9661395806,Female,Madurai,2021-08-20
4441,Karthikeyan Thiagarajan,karthikeyanthiagarajan14@gmail.com,9541919582,Male,Pune,2021-08-22
4442,Ananya Mukherjee,ananyamukherjee56@gmail.com,9444104333,Female,Delhi,2020-01-17
4443,Meghana Bose,meghanabose@gmail.com,9343413685,Female,Chandigarh,2022-02-02
4444,Rajkumar Krishnan,rajkumarkrishnan@gmail.com,9849526741,Male,Ahmedabad,2021-01-19
4445,Shanthi Iyengar,shanthiiyengar@gmail.com,9204767466,Female,Chennai,2019-02-12
4446,Kamakshi Reddy,kamakshireddy843@gmail.com,9715091990,Female,Kolkata,2025-07-11
4447,Vidya Murugan,vidyamurugan356@gmail.com,9312451675,Female,Madurai,2025-01-19
4448,Swati Joshi,swatijoshi@gmail.com,9973535780,Female,Salem,2021-07-15
4449,Sundar Sundaram,sundarsundaram149@gmail.com,9105448805,Male,Delhi,2018-02-16
4450,Karthikeyan Ramanathan,karthikeyanramanathan825@gmail.com,9859184922,Male,Madurai,2024-02-19
4451,Arjun Kapoor,arjunkapoor916@gmail.com,9744458177,Male,Kolkata,2025-07-24
4452,Karan Chopra,karanchopra@gmail.com,9720370820,Male,Vijayawada,2023-03-09
4453,Indumathi Chandrasekar,indumathichandrasekar@gmail.com,9524265059,Female,Vijayawada,2020-03-30
4454,Karthik Thiagarajan,karthikthiagarajan622@gmail.com,9480907470,Male,Nagpur,2022-11-13
4455,Tanvi Bose,tanvibose397@gmail.com,9404289926,Female,Thiruvananthapuram,2019-12-10
4456,Iniya Raj,iniyaraj@gmail.com,9929683256,Female,Delhi,2022-03-20
4457,Gaurav Bhatt,gauravbhatt854@gmail.com,9410955578,Male,Coimbatore,2020-09-13
4458,Sandeep Reddy,sandeepreddy627@gmail.com,9033123649,Male,Thiruvananthapuram,2020-10-09
4459,Divya Natarajan,divyanatarajan509@gmail.com,9358794338,Female,Surat,2020-02-01
4460,Suresh Raj,sureshraj155@gmail.com,9233386249,Male,Visakhapatnam,2018-10-20
4461,Thangaraj Murugan,thangarajmurugan467@gmail.com,9940810893,Male,Delhi,2021-09-02
4462,Palanisamy Rajan,palanisamyrajan906@gmail.com,9227532684,Male,Kolkata,2021-01-19
4463,Deepa Annamalai,deepaannamalai643@gmail.com,9565760859,Female,Surat,2019-11-19
4464,Kabir Pillai,kabirpillai376@gmail.com,9676346041,Male,Madurai,2022-07-05
4465,Vasanthi Gounder,vasanthigounder@gmail.com,9392358509,Female,Bhopal,2026-06-01
4466,Nithish Murugan,nithishmurugan@gmail.com,9894611905,Male,Kolkata,2026-03-23
4467,Karthik Thiagarajan,karthikthiagarajan252@gmail.com,9762578471,Male,Surat,2025-08-14
4468,Aarti Mehta,aartimehta67@gmail.com,9581066134,Female,Coimbatore,2018-05-08
4469,Isha Singh,ishasingh@gmail.com,9380634098,Female,Chennai,2018-08-04
4470,Ishita Malhotra,ishitamalhotra768@gmail.com,9595903162,Female,Pune,2019-06-21
4471,Geetha Annamalai,geethaannamalai703@gmail.com,9717961036,Female,Delhi,2020-10-05
4472,Loganathan Raj,loganathanraj@gmail.com,9144588646,Male,Ahmedabad,2023-07-27
4473,Loganathan Thiagarajan,loganathanthiagarajan124@gmail.com,9884658848,Male,Tiruchirappalli,2023-12-02
4474,Deepa Naidu,deepanaidu196@gmail.com,9737520007,Female,Bhopal,2018-07-07
4475,Ganesan Raj,ganesanraj@gmail.com,9273432990,Male,Bengaluru,2022-06-07
4476,Naveen Bansal,naveenbansal860@gmail.com,9286494838,Male,Chennai,2020-09-30
4477,Riya Menon,riyamenon888@gmail.com,9042946181,Female,Vellore,2023-03-16
4478,Vetrivel Naidu,vetrivelnaidu17@gmail.com,9540801267,Male,Chennai,2024-06-12
4479,Devika Rangan,devikarangan367@gmail.com,9627665080,Female,Coimbatore,2020-06-29
4480,Anil Menon,anilmenon306@gmail.com,9112221782,Male,Coimbatore,2018-09-09
4481,Vijay Balasubramaniam,vijaybalasubramaniam658@gmail.com,9117308135,Male,Madurai,2023-09-26
4482,Nithya Nair,nithyanair808@gmail.com,9124342396,Female,Hyderabad,2023-06-22
4483,Lakshmi Thiagarajan,lakshmithiagarajan983@gmail.com,9479634243,Female,Chandigarh,2020-11-25
4484,Yuvaraj Rajan,yuvarajrajan237@gmail.com,9933903021,Male,Nagpur,2023-12-04
4485,Meghana Mehta,meghanamehta377@gmail.com,9277455875,Female,Ahmedabad,2018-02-18
4486,Bhuvana Subramaniam,bhuvanasubramaniam@gmail.com,9671108649,Female,Visakhapatnam,2022-01-13
4487,Abhishek Malhotra,abhishekmalhotra416@gmail.com,9298189506,Male,Thiruvananthapuram,2018-06-17
4488,Bhuvana Ramanathan,bhuvanaramanathan633@gmail.com,9218450403,Female,Kochi,2020-04-15
4489,Riya Rao,riyarao444@gmail.com,9793434488,Female,Jaipur,2025-05-24
4490,Preeti Patel,preetipatel974@gmail.com,9629648528,Female,Kolkata,2022-03-28
4491,Kumaresan Nair,kumaresannair430@gmail.com,9722707407,Male,Bhopal,2019-10-05
4492,Jothi Sundaram,jothisundaram56@gmail.com,9094009581,Female,Delhi,2019-08-17
4493,Simran Chopra,simranchopra826@gmail.com,9650758055,Female,Surat,2021-06-27
4494,Komal Kapoor,komalkapoor@gmail.com,9619114946,Female,Pune,2024-03-28
4495,Vikram Desai,vikramdesai760@gmail.com,9731044828,Male,Nagpur,2022-07-24
4496,Devika Pandian,devikapandian599@gmail.com,9283446537,Female,Bengaluru,2018-11-26
4497,Meghana Chatterjee,meghanachatterjee117@gmail.com,9549145491,Female,Vijayawada,2022-12-19
4498,Sivakumar Thiagarajan,sivakumarthiagarajan240@gmail.com,9436630616,Male,Indore,2019-12-23
4499,Rohan Desai,rohandesai@gmail.com,9993618027,Male,Kolkata,2021-11-08
4500,Rajesh Pandey,rajeshpandey293@gmail.com,9601853893,Male,Chandigarh,2025-09-07
4501,Prakash Iyengar,prakashiyengar152@gmail.com,9309368593,Male,Coimbatore,2020-03-02
4502,Pooja Malhotra,poojamalhotra770@gmail.com,9976191512,Female,Hyderabad,2022-12-18
4503,Velmurugan Krishnan,velmurugankrishnan665@gmail.com,9064229186,Male,Pune,2019-06-24
4504,Bhuvana Naidu,bhuvananaidu670@gmail.com,9499160640,Female,Mumbai,2021-03-24
4505,Anjali Sharma,anjalisharma97@gmail.com,9141106204,Female,Coimbatore,2025-03-18
4506,Divya Gounder,divyagounder836@gmail.com,9781987364,Female,Madurai,2022-02-16
4507,Saranya Rangan,saranyarangan280@gmail.com,9936623507,Female,Mumbai,2023-10-22
4508,Amudha Naidu,amudhanaidu573@gmail.com,9609998069,Female,Vijayawada,2020-08-14
4509,Kritika Singh,kritikasingh@gmail.com,9901974734,Female,Vellore,2020-04-18
4510,Yuvaraj Krishnan,yuvarajkrishnan92@gmail.com,9002851057,Male,Mumbai,2024-11-28
4511,Meena Chandrasekar,meenachandrasekar290@gmail.com,9857734862,Female,Chennai,2022-04-19
4512,Vignesh Gounder,vigneshgounder@gmail.com,9529285613,Male,Ahmedabad,2021-04-03
4513,Baskaran Rangan,baskaranrangan324@gmail.com,9512633427,Male,Kochi,2026-07-28
4514,Arunachalam Balasubramaniam,arunachalambalasubramaniam46@gmail.com,9275003135,Male,Thiruvananthapuram,2026-08-07
4515,Vasanthi Rajan,vasanthirajan@gmail.com,9655165479,Female,Pune,2024-03-28
4516,Vivek Mishra,vivekmishra617@gmail.com,9165859982,Male,Surat,2020-03-01
4517,Sunil Kulkarni,sunilkulkarni650@gmail.com,9160851718,Male,Mysuru,2025-01-28
4518,Manikandan Iyengar,manikandaniyengar334@gmail.com,9694067369,Male,Indore,2024-01-02
4519,Indumathi Balasubramaniam,indumathibalasubramaniam887@gmail.com,9774478574,Female,Delhi,2018-02-10
4520,Simran Iyer,simraniyer135@gmail.com,9007264593,Female,Ahmedabad,2023-08-16
4521,Loganathan Murugan,loganathanmurugan68@gmail.com,9584305886,Male,Kolkata,2020-04-19
4522,Muthu Raj,muthuraj@gmail.com,9903531638,Male,Ahmedabad,2020-01-24
4523,Shalini Chettiar,shalinichettiar935@gmail.com,9079388407,Female,Thiruvananthapuram,2020-03-22
4524,Naveen Pandey,naveenpandey993@gmail.com,9175676327,Male,Chandigarh,2024-08-26
4525,Rohit Verma,rohitverma@gmail.com,9739076709,Male,Nagpur,2021-07-05
4526,Vikas Bose,vikasbose@gmail.com,9729837831,Male,Nagpur,2021-12-24
4527,Bala Rangan,balarangan597@gmail.com,9357878510,Male,Hyderabad,2024-01-16
4528,Shreya Patel,shreyapatel@gmail.com,9072501838,Female,Chennai,2025-03-31
4529,Divya Annamalai,divyaannamalai@gmail.com,9122913353,Female,Jaipur,2022-12-23
4530,Nikhil Mishra,nikhilmishra173@gmail.com,9635316187,Male,Nagpur,2024-11-10
4531,Harish Chandrasekar,harishchandrasekar863@gmail.com,9725353619,Male,Chennai,2023-04-15
4532,Karthikeyan Krishnan,karthikeyankrishnan842@gmail.com,9752128081,Male,Tiruchirappalli,2020-04-02
4533,Radhika Annamalai,radhikaannamalai126@gmail.com,9524501182,Female,Nagpur,2018-04-03
4534,Sandeep Kapoor,sandeepkapoor952@gmail.com,9553499018,Male,Pune,2023-01-29
4535,Siddharth Reddy,siddharthreddy@gmail.com,9762670949,Male,Bhopal,2023-02-28
4536,Komal Chatterjee,komalchatterjee33@gmail.com,9671053901,Female,Visakhapatnam,2026-05-12
4537,Gaurav Chopra,gauravchopra108@gmail.com,9572919739,Male,Lucknow,2019-11-30
4538,Pooja Mishra,poojamishra449@gmail.com,9497509470,Female,Kochi,2020-01-22
4539,Vignesh Raj,vigneshraj834@gmail.com,9464255991,Male,Nagpur,2020-06-24
4540,Diya Reddy,diyareddy497@gmail.com,9097047433,Female,Tiruchirappalli,2020-04-22
4541,Sanjay Mehta,sanjaymehta334@gmail.com,9581855404,Male,Hyderabad,2025-08-31
4542,Nisha Malhotra,nishamalhotra@gmail.com,9642028665,Female,Pune,2019-05-15
4543,Manisha Shetty,manishashetty467@gmail.com,9622688173,Female,Jaipur,2024-08-20
4544,Ananya Bhatt,ananyabhatt@gmail.com,9531765634,Female,Lucknow,2018-09-06
4545,Deepak Sivaraman,deepaksivaraman@gmail.com,9918711379,Male,Ahmedabad,2021-10-11
4546,Deepak Rao,deepakrao527@gmail.com,9389889139,Male,Delhi,2024-03-02
4547,Baskaran Pandian,baskaranpandian814@gmail.com,9763800566,Male,Mumbai,2024-10-30
4548,Indumathi Naidu,indumathinaidu511@gmail.com,9700230318,Female,Hyderabad,2019-03-27
4549,Neha Saxena,nehasaxena777@gmail.com,9487367225,Female,Vijayawada,2021-08-12
4550,Preeti Agarwal,preetiagarwal151@gmail.com,9636534081,Female,Vellore,2022-12-24
4551,Tarun Rao,tarunrao780@gmail.com,9580008913,Male,Salem,2023-03-07
4552,Indumathi Iyengar,indumathiiyengar@gmail.com,9812293949,Female,Ahmedabad,2023-02-13
4553,Abhishek Mishra,abhishekmishra@gmail.com,9549966819,Male,Vellore,2018-03-28
4554,Riya Mehta,riyamehta481@gmail.com,9770139116,Female,Chandigarh,2021-03-26
4555,Aditya Rao,adityarao500@gmail.com,9573518054,Male,Chennai,2024-10-20
4556,Anandan Rajan,anandanrajan612@gmail.com,9029921308,Male,Visakhapatnam,2023-04-23
4557,Vivek Pandey,vivekpandey91@gmail.com,9087484128,Male,Lucknow,2023-12-19
4558,Karthik Annamalai,karthikannamalai221@gmail.com,9587236272,Male,Tiruchirappalli,2022-01-05
4559,Vasanthi Balasubramaniam,vasanthibalasubramaniam960@gmail.com,9165750566,Female,Madurai,2024-04-27
4560,Karthikeyan Murugan,karthikeyanmurugan@gmail.com,9858491545,Male,Indore,2024-04-16
4561,Kavya Singh,kavyasingh@gmail.com,9747273334,Female,Delhi,2023-05-26
4562,Vandana Mishra,vandanamishra301@gmail.com,9901595001,Female,Bhopal,2022-02-08
4563,Suganya Mudaliar,suganyamudaliar194@gmail.com,9330469890,Female,Bengaluru,2018-06-20
4564,Yamuna Pillai,yamunapillai57@gmail.com,9924370105,Female,Mumbai,2022-09-26
4565,Dhanalakshmi Chettiar,dhanalakshmichettiar587@gmail.com,9542499030,Female,Bhopal,2024-10-20
4566,Ravi Pillai,ravipillai974@gmail.com,9905730958,Male,Visakhapatnam,2021-04-27
4567,Prabhu Rangan,prabhurangan@gmail.com,9206263028,Male,Surat,2022-12-18
4568,Vinay Gupta,vinaygupta@gmail.com,9539179287,Male,Mysuru,2023-03-18
4569,Srinivasan Rangan,srinivasanrangan322@gmail.com,9142856751,Male,Hyderabad,2022-07-08
4570,Deepak Chandrasekar,deepakchandrasekar@gmail.com,9588172606,Male,Pune,2024-12-14
4571,Vignesh Pillai,vigneshpillai111@gmail.com,9994328568,Male,Pune,2023-05-04
4572,Yamuna Pillai,yamunapillai@gmail.com,9671428700,Female,Bhopal,2020-07-20
4573,Yuvaraj Mudaliar,yuvarajmudaliar67@gmail.com,9984139489,Male,Madurai,2025-09-11
4574,Meena Reddy,meenareddy697@gmail.com,9875263620,Female,Kolkata,2026-03-23
4575,Rajeswari Nair,rajeswarinair573@gmail.com,9973131849,Female,Pune,2019-03-21
4576,Selvi Chettiar,selvichettiar@gmail.com,9452103514,Female,Lucknow,2018-04-08
4577,Selvi Subramaniam,selvisubramaniam427@gmail.com,9759026397,Female,Mysuru,2020-01-22
4578,Swati Reddy,swatireddy544@gmail.com,9860010219,Female,Mumbai,2021-09-03
4579,Kalpana Rajan,kalpanarajan280@gmail.com,9974116311,Female,Chandigarh,2026-03-07
4580,Preeti Malhotra,preetimalhotra197@gmail.com,9279008674,Female,Surat,2021-11-15
4581,Naveen Mukherjee,naveenmukherjee@gmail.com,9851728135,Male,Kolkata,2025-08-23
4582,Swati Menon,swatimenon994@gmail.com,9653450768,Female,Jaipur,2021-08-31
4583,Deepa Annamalai,deepaannamalai771@gmail.com,9673691622,Female,Hyderabad,2021-08-05
4584,Latha Natarajan,lathanatarajan205@gmail.com,9274447358,Female,Kolkata,2024-08-14
4585,Suganya Thiagarajan,suganyathiagarajan996@gmail.com,9164561970,Female,Chennai,2018-04-10
4586,Namrata Rao,namratarao@gmail.com,9459219543,Female,Kolkata,2022-01-28
4587,Varun Reddy,varunreddy665@gmail.com,9090701663,Male,Indore,2024-04-20
4588,Divya Venkatesan,divyavenkatesan711@gmail.com,9387221945,Female,Mysuru,2020-10-30
4589,Murugan Natarajan,murugannatarajan104@gmail.com,9403663210,Male,Bengaluru,2024-09-21
4590,Vetrivel Chandrasekar,vetrivelchandrasekar536@gmail.com,9867986922,Male,Mumbai,2024-05-17
4591,Ritu Verma,rituverma@gmail.com,9715714137,Female,Kolkata,2018-02-16
4592,Kavya Menon,kavyamenon@gmail.com,9927432075,Female,Visakhapatnam,2020-11-07
4593,Naveen Menon,naveenmenon529@gmail.com,9332763352,Male,Mysuru,2023-08-26
4594,Meghana Bhatt,meghanabhatt6@gmail.com,9196423078,Female,Lucknow,2025-09-18
4595,Riya Pandey,riyapandey485@gmail.com,9282918528,Female,Pune,2025-02-21
4596,Devika Mudaliar,devikamudaliar829@gmail.com,9433906163,Female,Surat,2020-08-02
4597,Ganesan Reddy,ganesanreddy91@gmail.com,9325574711,Male,Jaipur,2023-05-24
4598,Rajeswari Annamalai,rajeswariannamalai653@gmail.com,9325603203,Female,Surat,2025-01-12
4599,Ankit Verma,ankitverma@gmail.com,9452727004,Male,Mumbai,2020-04-19
4600,Selvam Raj,selvamraj348@gmail.com,9957501120,Male,Pune,2025-08-12
4601,Arjun Mishra,arjunmishra644@gmail.com,9973916400,Male,Surat,2021-03-28
4602,Rajesh Joshi,rajeshjoshi889@gmail.com,9213492884,Male,Pune,2020-12-18
4603,Mohan Iyengar,mohaniyengar211@gmail.com,9191121441,Male,Nagpur,2022-08-28
4604,Kunal Reddy,kunalreddy96@gmail.com,9286238104,Male,Hyderabad,2020-06-08
4605,Ashok Naidu,ashoknaidu973@gmail.com,9994590372,Male,Coimbatore,2020-05-04
4606,Sanya Saxena,sanyasaxena868@gmail.com,9585704624,Female,Vijayawada,2023-04-15
4607,Deepak Bhatt,deepakbhatt585@gmail.com,9375681123,Male,Bengaluru,2018-09-11
4608,Anitha Rajan,anitharajan266@gmail.com,9950887592,Female,Delhi,2023-11-15
4609,Vanitha Natarajan,vanithanatarajan@gmail.com,9766121719,Female,Bengaluru,2023-03-19
4610,Saranya Mudaliar,saranyamudaliar913@gmail.com,9910698020,Female,Kolkata,2018-04-15
4611,Karan Mukherjee,karanmukherjee410@gmail.com,9119062850,Male,Ahmedabad,2025-04-03
4612,Sundar Annamalai,sundarannamalai@gmail.com,9019903064,Male,Vijayawada,2026-03-16
4613,Pooja Kapoor,poojakapoor19@gmail.com,9634835062,Female,Madurai,2021-10-17
4614,Dev Nair,devnair266@gmail.com,9568511364,Male,Kolkata,2025-12-22
4615,Isha Mukherjee,ishamukherjee171@gmail.com,9781575481,Female,Bhopal,2022-12-17
4616,Ravichandran Sivaraman,ravichandransivaraman@gmail.com,9203590663,Male,Bhopal,2021-03-22
4617,Sathish Thiagarajan,sathishthiagarajan978@gmail.com,9664301793,Male,Pune,2019-10-06
4618,Deepak Trivedi,deepaktrivedi446@gmail.com,9215008625,Male,Kolkata,2018-02-21
4619,Vijay Pillai,vijaypillai520@gmail.com,9233934078,Male,Coimbatore,2022-04-01
4620,Tanvi Verma,tanviverma294@gmail.com,9729983433,Female,Bengaluru,2023-06-12
4621,Vivek Sharma,viveksharma539@gmail.com,9592915837,Male,Coimbatore,2023-05-01
4622,Komal Mehta,komalmehta695@gmail.com,9580796290,Female,Chennai,2021-09-09
4623,Abirami Krishnan,abiramikrishnan52@gmail.com,9294293391,Female,Bengaluru,2022-07-08
4624,Simran Mishra,simranmishra712@gmail.com,9555482283,Female,Vijayawada,2020-02-08
4625,Sangeetha Annamalai,sangeethaannamalai205@gmail.com,9737606420,Female,Salem,2021-07-30
4626,Aditya Gupta,adityagupta315@gmail.com,9331944555,Male,Coimbatore,2025-11-23
4627,Arun Annamalai,arunannamalai173@gmail.com,9858745530,Male,Vellore,2026-02-13
4628,Manoj Malhotra,manojmalhotra613@gmail.com,9777321121,Male,Coimbatore,2019-01-05
4629,Meghana Patel,meghanapatel@gmail.com,9975919680,Female,Kolkata,2019-09-03
4630,Elango Venkatesan,elangovenkatesan776@gmail.com,9870574715,Male,Tiruchirappalli,2020-03-17
4631,Rajkumar Iyengar,rajkumariyengar607@gmail.com,9854424257,Male,Surat,2019-09-23
4632,Velmurugan Kumar,velmurugankumar@gmail.com,9212989428,Male,Tiruchirappalli,2021-01-03
4633,Kannappan Subramaniam,kannappansubramaniam@gmail.com,9736687930,Male,Coimbatore,2019-08-06
4634,Gopinath Mudaliar,gopinathmudaliar143@gmail.com,9033472456,Male,Mysuru,2021-12-04
4635,Bhavya Menon,bhavyamenon@gmail.com,9013336351,Female,Chandigarh,2025-12-03
4636,Ananya Sharma,ananyasharma726@gmail.com,9721688586,Female,Vijayawada,2023-03-15
4637,Mohan Kumar,mohankumar@gmail.com,9897028219,Male,Mumbai,2020-10-20
4638,Swati Iyer,swatiiyer739@gmail.com,9938730143,Female,Bengaluru,2019-12-07
4639,Nikhil Agarwal,nikhilagarwal@gmail.com,9399199616,Male,Mysuru,2020-12-11
4640,Vivek Mishra,vivekmishra390@gmail.com,9675503067,Male,Madurai,2025-01-14
4641,Sameer Pillai,sameerpillai@gmail.com,9782856367,Male,Indore,2020-04-03
4642,Arunachalam Iyer,arunachalamiyer670@gmail.com,9326637397,Male,Bhopal,2023-12-21
4643,Murugan Chettiar,muruganchettiar944@gmail.com,9493675962,Male,Visakhapatnam,2024-12-22
4644,Payal Shetty,payalshetty@gmail.com,9552565517,Female,Kochi,2024-05-24
4645,Aditya Kapoor,adityakapoor@gmail.com,9497763715,Male,Vellore,2020-02-25
4646,Mohan Iyer,mohaniyer@gmail.com,9775458141,Male,Pune,2022-11-12
4647,Rohit Sharma,rohitsharma@gmail.com,9140307209,Male,Chennai,2026-05-29
4648,Senthil Krishnan,senthilkrishnan681@gmail.com,9642446522,Male,Chennai,2021-01-17
4649,Kannappan Pandian,kannappanpandian739@gmail.com,9274352067,Male,Hyderabad,2022-05-07
4650,Malathi Ramanathan,malathiramanathan@gmail.com,9814966768,Female,Hyderabad,2018-09-25
4651,Sanya Malhotra,sanyamalhotra887@gmail.com,9282788820,Female,Indore,2023-08-02
4652,Simran Nair,simrannair@gmail.com,9012737529,Female,Chennai,2019-07-29
4653,Deepak Patel,deepakpatel@gmail.com,9402975997,Male,Vellore,2026-06-14
4654,Muthu Venkatesan,muthuvenkatesan809@gmail.com,9306542163,Male,Pune,2018-02-04
4655,Kavitha Annamalai,kavithaannamalai961@gmail.com,9380491836,Female,Salem,2023-02-25
4656,Rajeswari Balasubramaniam,rajeswaribalasubramaniam264@gmail.com,9659399291,Female,Mumbai,2025-03-26
4657,Sanya Nair,sanyanair202@gmail.com,9830552325,Female,Chennai,2019-10-20
4658,Preeti Bose,preetibose@gmail.com,9945832336,Female,Vijayawada,2023-06-01
4659,Nithya Reddy,nithyareddy513@gmail.com,9331700520,Female,Pune,2026-02-15
4660,Selvi Mudaliar,selvimudaliar@gmail.com,9433681294,Female,Ahmedabad,2021-07-14
4661,Vikram Nair,vikramnair569@gmail.com,9187070011,Male,Chennai,2021-11-11
4662,Pankaj Bose,pankajbose430@gmail.com,9336965077,Male,Jaipur,2021-12-31
4663,Anil Chopra,anilchopra@gmail.com,9734814568,Male,Mysuru,2020-11-03
4664,Riya Patel,riyapatel@gmail.com,9063015644,Female,Tiruchirappalli,2022-11-09
4665,Vivek Patel,vivekpatel478@gmail.com,9443864871,Male,Bhopal,2024-09-09
4666,Varun Joshi,varunjoshi94@gmail.com,9482198951,Male,Nagpur,2025-04-17
4667,Loganathan Natarajan,loganathannatarajan657@gmail.com,9646266492,Male,Chandigarh,2021-09-01
4668,Kavitha Krishnan,kavithakrishnan@gmail.com,9259446360,Female,Nagpur,2020-12-01
4669,Uma Chettiar,umachettiar843@gmail.com,9418333670,Female,Chandigarh,2020-12-24
4670,Sumathi Gounder,sumathigounder230@gmail.com,9408703724,Female,Salem,2025-06-29
4671,Manoj Nair,manojnair763@gmail.com,9142485414,Male,Delhi,2026-06-29
4672,Gaurav Desai,gauravdesai821@gmail.com,9274422536,Male,Jaipur,2019-02-27
4673,Saranya Murugan,saranyamurugan373@gmail.com,9723910647,Female,Thiruvananthapuram,2023-01-03
4674,Geetha Chandrasekar,geethachandrasekar228@gmail.com,9066623471,Female,Madurai,2019-08-03
4675,Suresh Balasubramaniam,sureshbalasubramaniam247@gmail.com,9751509831,Male,Ahmedabad,2019-03-14
4676,Rohan Sharma,rohansharma993@gmail.com,9967265056,Male,Kolkata,2019-06-20
4677,Naveen Rangan,naveenrangan515@gmail.com,9160153173,Male,Jaipur,2019-09-04
4678,Elango Annamalai,elangoannamalai867@gmail.com,9521337380,Male,Jaipur,2026-01-06
4679,Vidya Iyengar,vidyaiyengar780@gmail.com,9623564805,Female,Delhi,2025-05-01
4680,Kamakshi Nair,kamakshinair@gmail.com,9935575787,Female,Thiruvananthapuram,2023-02-20
4681,Kamakshi Natarajan,kamakshinatarajan724@gmail.com,9625344917,Female,Tiruchirappalli,2022-05-25
4682,Gopinath Iyengar,gopinathiyengar738@gmail.com,9948132593,Male,Bengaluru,2024-02-01
4683,Ishaan Sharma,ishaansharma11@gmail.com,9903850686,Male,Chennai,2023-01-10
4684,Vishal Bansal,vishalbansal254@gmail.com,9386406889,Male,Salem,2019-12-22
4685,Geetha Mudaliar,geethamudaliar784@gmail.com,9676123728,Female,Delhi,2024-11-17
4686,Vidya Mudaliar,vidyamudaliar608@gmail.com,9950812218,Female,Pune,2019-11-22
4687,Vignesh Raj,vigneshraj224@gmail.com,9539513924,Male,Madurai,2024-09-12
4688,Anitha Naidu,anithanaidu336@gmail.com,9355139205,Female,Indore,2026-01-08
4689,Padma Sivaraman,padmasivaraman615@gmail.com,9052394846,Female,Coimbatore,2019-03-12
4690,Meena Rangan,meenarangan609@gmail.com,9323901430,Female,Chandigarh,2018-05-19
4691,Geetha Pillai,geethapillai326@gmail.com,9337045788,Female,Indore,2023-07-05
4692,Kabir Singh,kabirsingh@gmail.com,9884536996,Male,Indore,2024-09-19
4693,Ravi Agarwal,raviagarwal693@gmail.com,9174998792,Male,Mysuru,2020-08-23
4694,Latha Pandian,lathapandian739@gmail.com,9336043298,Female,Thiruvananthapuram,2026-06-26
4695,Pradeep Bansal,pradeepbansal71@gmail.com,9909264036,Male,Chennai,2018-05-20
4696,Elango Krishnan,elangokrishnan689@gmail.com,9421636240,Male,Mysuru,2024-06-09
4697,Vinay Bose,vinaybose@gmail.com,9650375005,Male,Lucknow,2023-06-03
4698,Devika Raj,devikaraj@gmail.com,9801183649,Female,Bengaluru,2026-03-12
4699,Vikram Joshi,vikramjoshi@gmail.com,9084014306,Male,Bhopal,2022-02-09
4700,Pooja Sharma,poojasharma@gmail.com,9821016251,Female,Tiruchirappalli,2021-06-23
4701,Chandran Gounder,chandrangounder514@gmail.com,9037495018,Male,Salem,2025-06-20
4702,Shanthi Balasubramaniam,shanthibalasubramaniam400@gmail.com,9863520869,Female,Surat,2023-07-12
4703,Mohan Ramanathan,mohanramanathan@gmail.com,9510226079,Male,Bengaluru,2025-10-07
4704,Vijay Natarajan,vijaynatarajan@gmail.com,9384639920,Male,Jaipur,2024-08-10
4705,Pallavi Reddy,pallavireddy@gmail.com,9927710496,Female,Chennai,2021-09-15
4706,Aman Bansal,amanbansal612@gmail.com,9770574919,Male,Delhi,2022-07-05
4707,Vignesh Sundaram,vigneshsundaram296@gmail.com,9634723806,Male,Vijayawada,2019-01-27
4708,Selvi Pandian,selvipandian782@gmail.com,9059708032,Female,Nagpur,2022-09-09
4709,Nithish Natarajan,nithishnatarajan169@gmail.com,9319291735,Male,Salem,2022-07-24
4710,Kritika Joshi,kritikajoshi514@gmail.com,9345063317,Female,Chennai,2020-09-23
4711,Arjun Trivedi,arjuntrivedi108@gmail.com,9110011122,Male,Bengaluru,2025-01-24
4712,Namrata Deshpande,namratadeshpande143@gmail.com,9010900587,Female,Mysuru,2024-05-05
4713,Anjali Bhatt,anjalibhatt616@gmail.com,9783878073,Female,Lucknow,2019-06-13
4714,Radhika Natarajan,radhikanatarajan269@gmail.com,9404671292,Female,Surat,2025-04-05
4715,Bhuvana Natarajan,bhuvananatarajan@gmail.com,9045046470,Female,Hyderabad,2024-12-16
4716,Indumathi Nair,indumathinair345@gmail.com,9269894930,Female,Ahmedabad,2021-07-09
4717,Rajeswari Venkatesan,rajeswarivenkatesan960@gmail.com,9960982137,Female,Delhi,2021-07-29
4718,Siddharth Gupta,siddharthgupta131@gmail.com,9925611763,Male,Chennai,2021-10-23
4719,Ananya Kapoor,ananyakapoor578@gmail.com,9571904233,Female,Indore,2023-12-15
4720,Vetrivel Kumar,vetrivelkumar@gmail.com,9560647705,Male,Bengaluru,2018-03-30
4721,Vinay Desai,vinaydesai34@gmail.com,9155837069,Male,Pune,2018-09-21
4722,Thangaraj Rangan,thangarajrangan570@gmail.com,9158156384,Male,Ahmedabad,2023-11-13
4723,Rajeswari Chandrasekar,rajeswarichandrasekar238@gmail.com,9450863564,Female,Salem,2020-09-22
4724,Abhishek Malhotra,abhishekmalhotra505@gmail.com,9754528518,Male,Vellore,2022-09-04
4725,Sameer Patel,sameerpatel419@gmail.com,9783457664,Male,Hyderabad,2023-11-14
4726,Pankaj Singh,pankajsingh972@gmail.com,9796585015,Male,Vellore,2025-08-25
4727,Sundar Subramaniam,sundarsubramaniam@gmail.com,9412939644,Male,Mumbai,2022-07-14
4728,Kalpana Annamalai,kalpanaannamalai580@gmail.com,9147389296,Female,Vellore,2020-07-28
4729,Suresh Balasubramaniam,sureshbalasubramaniam991@gmail.com,9315828992,Male,Jaipur,2025-06-15
4730,Shreya Rao,shreyarao833@gmail.com,9250464195,Female,Bhopal,2022-10-12
4731,Ishita Bhatt,ishitabhatt@gmail.com,9948768186,Female,Surat,2023-02-15
4732,Anitha Annamalai,anithaannamalai@gmail.com,9985246580,Female,Coimbatore,2021-05-01
4733,Tanvi Shetty,tanvishetty440@gmail.com,9004775238,Female,Vellore,2022-06-25
4734,Chandran Mudaliar,chandranmudaliar986@gmail.com,9491892392,Male,Visakhapatnam,2020-12-19
4735,Ravichandran Murugan,ravichandranmurugan482@gmail.com,9081082113,Male,Coimbatore,2022-11-03
4736,Sameer Mehta,sameermehta745@gmail.com,9068293098,Male,Ahmedabad,2019-11-23
4737,Nithish Kumar,nithishkumar904@gmail.com,9005196191,Male,Surat,2018-02-02
4738,Tanvi Desai,tanvidesai768@gmail.com,9700329782,Female,Kolkata,2021-12-01
4739,Lakshmi Venkatesan,lakshmivenkatesan793@gmail.com,9046868100,Female,Pune,2025-01-03
4740,Ananya Desai,ananyadesai924@gmail.com,9262514167,Female,Delhi,2025-09-21
4741,Sumathi Sundaram,sumathisundaram492@gmail.com,9304812353,Female,Indore,2023-10-20
4742,Divya Pandian,divyapandian663@gmail.com,9529063966,Female,Mysuru,2026-08-06
4743,Sunil Pandey,sunilpandey941@gmail.com,9028020096,Male,Salem,2021-09-30
4744,Vijay Subramaniam,vijaysubramaniam717@gmail.com,9018563040,Male,Madurai,2025-05-30
4745,Meghana Mehta,meghanamehta@gmail.com,9278203073,Female,Nagpur,2024-07-30
4746,Nisha Rao,nisharao749@gmail.com,9536658678,Female,Nagpur,2025-03-22
4747,Priya Subramaniam,priyasubramaniam@gmail.com,9644639925,Female,Indore,2024-08-13
4748,Dhanalakshmi Raj,dhanalakshmiraj183@gmail.com,9825453264,Female,Salem,2021-10-21
4749,Deepa Rangan,deeparangan175@gmail.com,9162547959,Female,Tiruchirappalli,2021-06-04
4750,Anil Bhatt,anilbhatt154@gmail.com,9545545057,Male,Coimbatore,2021-12-29
4751,Sanjay Reddy,sanjayreddy833@gmail.com,9182957234,Male,Pune,2022-04-25
4752,Anil Agarwal,anilagarwal@gmail.com,9726508233,Male,Thiruvananthapuram,2023-02-24
4753,Yash Bansal,yashbansal376@gmail.com,9043114054,Male,Madurai,2018-03-18
4754,Elango Murugan,elangomurugan252@gmail.com,9316306522,Male,Ahmedabad,2024-03-05
4755,Diya Agarwal,diyaagarwal918@gmail.com,9299701576,Female,Indore,2022-01-09
4756,Rahul Reddy,rahulreddy645@gmail.com,9187840525,Male,Chandigarh,2019-05-28
4757,Dinesh Ramanathan,dineshramanathan413@gmail.com,9064557755,Male,Surat,2020-09-19
4758,Elango Pillai,elangopillai180@gmail.com,9270982353,Male,Nagpur,2020-05-16
4759,Ashok Thiagarajan,ashokthiagarajan272@gmail.com,9929280802,Male,Nagpur,2018-01-22
4760,Uma Sivaraman,umasivaraman718@gmail.com,9208420183,Female,Chandigarh,2024-05-16
4761,Harish Thiagarajan,harishthiagarajan166@gmail.com,9440809681,Male,Bhopal,2023-09-09
4762,Vidya Raj,vidyaraj440@gmail.com,9706511267,Female,Visakhapatnam,2021-02-21
4763,Nithya Pillai,nithyapillai667@gmail.com,9608454994,Female,Ahmedabad,2025-04-10
4764,Karan Verma,karanverma106@gmail.com,9266679055,Male,Jaipur,2019-04-24
4765,Chandran Thiagarajan,chandranthiagarajan894@gmail.com,9021011934,Male,Vellore,2024-09-07
4766,Amudha Naidu,amudhanaidu@gmail.com,9304652121,Female,Jaipur,2025-06-18
4767,Abhishek Bose,abhishekbose65@gmail.com,9035268886,Male,Vijayawada,2022-02-28
4768,Vijay Mudaliar,vijaymudaliar@gmail.com,9115021056,Male,Visakhapatnam,2026-05-15
4769,Ananya Pillai,ananyapillai@gmail.com,9568561230,Female,Vellore,2024-03-05
4770,Divya Raj,divyaraj@gmail.com,9844208848,Female,Thiruvananthapuram,2025-03-24
4771,Saranya Raj,saranyaraj869@gmail.com,9558961405,Female,Mysuru,2024-01-04
4772,Harsh Chatterjee,harshchatterjee354@gmail.com,9130658440,Male,Mysuru,2018-01-27
4773,Priya Subramaniam,priyasubramaniam790@gmail.com,9986407049,Female,Vijayawada,2020-08-22
4774,Rahul Sharma,rahulsharma940@gmail.com,9553761678,Male,Vellore,2019-02-20
4775,Senthil Annamalai,senthilannamalai@gmail.com,9453548602,Male,Mumbai,2024-06-09
4776,Neha Joshi,nehajoshi757@gmail.com,9019981880,Female,Nagpur,2020-02-22
4777,Yash Chatterjee,yashchatterjee108@gmail.com,9927664841,Male,Bengaluru,2022-10-23
4778,Sneha Kulkarni,snehakulkarni827@gmail.com,9315122645,Female,Thiruvananthapuram,2025-08-01
4779,Vetrivel Chandrasekar,vetrivelchandrasekar507@gmail.com,9159435958,Male,Bhopal,2021-07-17
4780,Palanisamy Rajan,palanisamyrajan48@gmail.com,9910632494,Male,Madurai,2026-04-26
4781,Dinesh Krishnan,dineshkrishnan511@gmail.com,9831345611,Male,Bhopal,2018-02-14
4782,Poornima Natarajan,poornimanatarajan222@gmail.com,9391452597,Female,Kochi,2022-06-26
4783,Pooja Reddy,poojareddy232@gmail.com,9111698512,Female,Mumbai,2023-06-25
4784,Sumathi Subramaniam,sumathisubramaniam369@gmail.com,9732858941,Female,Kolkata,2019-04-14
4785,Dhanalakshmi Iyengar,dhanalakshmiiyengar274@gmail.com,9118925033,Female,Chennai,2023-11-23
4786,Riya Rao,riyarao573@gmail.com,9286061251,Female,Surat,2019-12-31
4787,Vidya Sivaraman,vidyasivaraman694@gmail.com,9401488421,Female,Tiruchirappalli,2021-09-08
4788,Nikhil Mishra,nikhilmishra789@gmail.com,9352188275,Male,Mumbai,2024-07-23
4789,Yash Saxena,yashsaxena@gmail.com,9315906033,Male,Madurai,2021-08-10
4790,Amudha Naidu,amudhanaidu673@gmail.com,9849526179,Female,Indore,2020-09-26
4791,Manoj Deshpande,manojdeshpande335@gmail.com,9726195240,Male,Thiruvananthapuram,2022-03-27
4792,Ravichandran Natarajan,ravichandrannatarajan@gmail.com,9200051851,Male,Bengaluru,2018-09-18
4793,Saravanan Rangan,saravananrangan835@gmail.com,9737037674,Male,Nagpur,2022-08-30
4794,Kamakshi Venkatesan,kamakshivenkatesan@gmail.com,9718845716,Female,Thiruvananthapuram,2020-05-06
4795,Kalpana Natarajan,kalpananatarajan@gmail.com,9042852566,Female,Lucknow,2025-06-28
4796,Sumathi Kumar,sumathikumar180@gmail.com,9188266201,Female,Nagpur,2025-07-18
4797,Vishal Agarwal,vishalagarwal181@gmail.com,9289624148,Male,Madurai,2025-03-28
4798,Rajkumar Krishnan,rajkumarkrishnan479@gmail.com,9180536663,Male,Madurai,2023-03-15
4799,Manisha Saxena,manishasaxena136@gmail.com,9195429252,Female,Chandigarh,2022-03-06
4800,Yuvaraj Subramaniam,yuvarajsubramaniam188@gmail.com,9990186037,Male,Lucknow,2019-03-09
4801,Geetha Krishnan,geethakrishnan774@gmail.com,9722946266,Female,Bhopal,2021-04-07
4802,Manisha Trivedi,manishatrivedi49@gmail.com,9783174080,Female,Coimbatore,2023-02-05
4803,Simran Kapoor,simrankapoor682@gmail.com,9729669818,Female,Nagpur,2025-01-03
4804,Kunal Chatterjee,kunalchatterjee386@gmail.com,9292254149,Male,Vijayawada,2019-04-27
4805,Tarun Chatterjee,tarunchatterjee749@gmail.com,9493688796,Male,Mysuru,2023-03-23
4806,Sivakumar Venkatesan,sivakumarvenkatesan584@gmail.com,9920393711,Male,Salem,2021-01-26
4807,Loganathan Venkatesan,loganathanvenkatesan838@gmail.com,9952614618,Male,Kochi,2021-06-05
4808,Sanya Mukherjee,sanyamukherjee@gmail.com,9849523939,Female,Chennai,2023-08-13
4809,Ananya Verma,ananyaverma378@gmail.com,9159583132,Female,Kolkata,2021-04-08
4810,Vikram Sharma,vikramsharma@gmail.com,9021465198,Male,Surat,2020-02-14
4811,Iniya Thiagarajan,iniyathiagarajan499@gmail.com,9992119608,Female,Hyderabad,2020-04-14
4812,Kumaresan Iyer,kumaresaniyer@gmail.com,9208109740,Male,Kolkata,2024-08-21
4813,Karthikeyan Pandian,karthikeyanpandian652@gmail.com,9810745607,Male,Kolkata,2021-07-15
4814,Harsh Mehta,harshmehta@gmail.com,9619486416,Male,Tiruchirappalli,2019-10-23
4815,Latha Iyengar,lathaiyengar502@gmail.com,9222015709,Female,Mysuru,2021-11-10
4816,Vidya Venkatesan,vidyavenkatesan@gmail.com,9736919575,Female,Mumbai,2023-01-15
4817,Kumaresan Chandrasekar,kumaresanchandrasekar312@gmail.com,9326722823,Male,Madurai,2022-09-04
4818,Ravi Nair,ravinair@gmail.com,9685546172,Male,Ahmedabad,2021-09-26
4819,Sunil Malhotra,sunilmalhotra287@gmail.com,9193445760,Male,Salem,2022-03-31
4820,Loganathan Sivaraman,loganathansivaraman487@gmail.com,9727837091,Male,Hyderabad,2018-02-05
4821,Rohit Mukherjee,rohitmukherjee571@gmail.com,9751490301,Male,Delhi,2025-02-05
4822,Nikhil Agarwal,nikhilagarwal929@gmail.com,9000581509,Male,Mysuru,2019-11-21
4823,Aryan Iyer,aryaniyer557@gmail.com,9855381584,Male,Ahmedabad,2018-08-15
4824,Ankit Mehta,ankitmehta887@gmail.com,9136395045,Male,Jaipur,2025-06-08
4825,Kalpana Sivaraman,kalpanasivaraman53@gmail.com,9369720354,Female,Ahmedabad,2020-11-08
4826,Geetha Pillai,geethapillai946@gmail.com,9943122106,Female,Chennai,2019-03-13
4827,Anitha Kumar,anithakumar445@gmail.com,9667740702,Female,Surat,2020-06-01
4828,Priya Gounder,priyagounder@gmail.com,9123239791,Female,Pune,2020-10-22
4829,Vikas Singh,vikassingh453@gmail.com,9727534975,Male,Bengaluru,2026-01-20
4830,Aishwarya Pillai,aishwaryapillai566@gmail.com,9733851153,Female,Visakhapatnam,2020-03-25
4831,Bhuvana Venkatesan,bhuvanavenkatesan@gmail.com,9109617325,Female,Ahmedabad,2020-12-26
4832,Kumaresan Chettiar,kumaresanchettiar396@gmail.com,9215407779,Male,Thiruvananthapuram,2019-07-24
4833,Kavya Singh,kavyasingh572@gmail.com,9972496968,Female,Vellore,2024-04-24
4834,Isha Agarwal,ishaagarwal963@gmail.com,9228697853,Female,Chandigarh,2019-09-29
4835,Tanvi Agarwal,tanviagarwal408@gmail.com,9633780213,Female,Surat,2026-05-17
4836,Pooja Bose,poojabose@gmail.com,9280734342,Female,Madurai,2024-10-20
4837,Yash Patel,yashpatel@gmail.com,9546224431,Male,Vellore,2025-05-19
4838,Ananya Pillai,ananyapillai948@gmail.com,9798145846,Female,Mumbai,2021-12-23
4839,Tanvi Deshpande,tanvideshpande661@gmail.com,9979905308,Female,Chandigarh,2024-01-12
4840,Ajay Sharma,ajaysharma119@gmail.com,9340359061,Male,Chandigarh,2019-03-31
4841,Aman Reddy,amanreddy931@gmail.com,9960043494,Male,Hyderabad,2024-03-25
4842,Tanvi Gupta,tanvigupta599@gmail.com,9283973633,Female,Visakhapatnam,2024-08-21
4843,Sathish Iyer,sathishiyer322@gmail.com,9661811683,Male,Kolkata,2020-06-25
4844,Kannan Murugan,kannanmurugan860@gmail.com,9206719513,Male,Surat,2022-04-01
4845,Naveen Natarajan,naveennatarajan706@gmail.com,9545920718,Male,Madurai,2023-06-02
4846,Bala Venkatesan,balavenkatesan@gmail.com,9551771078,Male,Bhopal,2024-05-26
4847,Prabhu Mudaliar,prabhumudaliar572@gmail.com,9110589066,Male,Hyderabad,2025-11-18
4848,Karthikeyan Pillai,karthikeyanpillai918@gmail.com,9111121857,Male,Jaipur,2021-09-15
4849,Deepa Chettiar,deepachettiar@gmail.com,9357952007,Female,Lucknow,2022-06-13
4850,Karthik Thiagarajan,karthikthiagarajan40@gmail.com,9263389302,Male,Mysuru,2019-06-19
4851,Sathish Chettiar,sathishchettiar356@gmail.com,9086372879,Male,Indore,2026-03-14
4852,Baskaran Chettiar,baskaranchettiar819@gmail.com,9405887674,Male,Lucknow,2019-01-02
4853,Bala Krishnan,balakrishnan@gmail.com,9603682512,Male,Kolkata,2021-06-22
4854,Kritika Verma,kritikaverma289@gmail.com,9995616976,Female,Vellore,2018-11-01
4855,Jagadeesh Subramaniam,jagadeeshsubramaniam856@gmail.com,9980146396,Male,Vijayawada,2019-11-27
4856,Kavitha Gounder,kavithagounder@gmail.com,9024348753,Female,Delhi,2020-06-14
4857,Saranya Chandrasekar,saranyachandrasekar@gmail.com,9140982278,Female,Hyderabad,2019-05-07
4858,Geetha Thiagarajan,geethathiagarajan756@gmail.com,9545503751,Female,Vijayawada,2019-10-03
4859,Diya Shetty,diyashetty@gmail.com,9460618896,Female,Nagpur,2025-10-18
4860,Shreya Nair,shreyanair659@gmail.com,9848397839,Female,Tiruchirappalli,2018-01-07
4861,Gaurav Verma,gauravverma251@gmail.com,9292977082,Male,Delhi,2019-01-02
4862,Komal Nair,komalnair537@gmail.com,9658668373,Female,Nagpur,2018-10-02
4863,Prabhu Subramaniam,prabhusubramaniam910@gmail.com,9467596160,Male,Tiruchirappalli,2025-10-04
4864,Baskaran Reddy,baskaranreddy@gmail.com,9607427069,Male,Visakhapatnam,2022-06-09
4865,Vanitha Chandrasekar,vanithachandrasekar957@gmail.com,9690709175,Female,Nagpur,2022-12-26
4866,Ritu Kulkarni,ritukulkarni93@gmail.com,9211475233,Female,Kolkata,2025-07-14
4867,Aarti Pandey,aartipandey900@gmail.com,9515522316,Female,Thiruvananthapuram,2021-02-15
4868,Rohan Malhotra,rohanmalhotra339@gmail.com,9238292097,Male,Lucknow,2019-04-14
4869,Vasanthi Ramanathan,vasanthiramanathan987@gmail.com,9705844852,Female,Mumbai,2022-04-05
4870,Karthik Nair,karthiknair553@gmail.com,9364583315,Male,Chandigarh,2020-03-10
4871,Kritika Deshpande,kritikadeshpande549@gmail.com,9061394029,Female,Ahmedabad,2020-11-23
4872,Kannappan Ramanathan,kannappanramanathan@gmail.com,9787165655,Male,Surat,2021-02-13
4873,Vikram Chatterjee,vikramchatterjee839@gmail.com,9583199757,Male,Visakhapatnam,2025-03-31
4874,Meena Subramaniam,meenasubramaniam377@gmail.com,9470175794,Female,Pune,2021-05-07
4875,Manikandan Iyengar,manikandaniyengar@gmail.com,9405644687,Male,Chandigarh,2024-11-04
4876,Siddharth Mehta,siddharthmehta@gmail.com,9836224232,Male,Vijayawada,2020-03-14
4877,Prakash Sivaraman,prakashsivaraman@gmail.com,9010102591,Male,Coimbatore,2022-12-23
4878,Shalini Mudaliar,shalinimudaliar@gmail.com,9403140145,Female,Salem,2022-03-04
4879,Ishaan Chopra,ishaanchopra526@gmail.com,9225990542,Male,Delhi,2023-12-09
4880,Naveen Agarwal,naveenagarwal654@gmail.com,9766919995,Male,Mysuru,2019-03-11
4881,Neha Iyer,nehaiyer795@gmail.com,9650702778,Female,Chennai,2021-01-06
4882,Naveen Gounder,naveengounder712@gmail.com,9345952594,Male,Thiruvananthapuram,2019-04-16
4883,Kumaresan Chettiar,kumaresanchettiar559@gmail.com,9817054887,Male,Mysuru,2024-05-22
4884,Anil Agarwal,anilagarwal101@gmail.com,9252070829,Male,Chandigarh,2020-04-06
4885,Kabir Bhatt,kabirbhatt57@gmail.com,9080304149,Male,Mysuru,2022-09-14
4886,Deepa Kumar,deepakumar@gmail.com,9410671743,Female,Pune,2023-04-09
4887,Anjali Mishra,anjalimishra564@gmail.com,9186765734,Female,Indore,2022-03-10
4888,Kannan Mudaliar,kannanmudaliar455@gmail.com,9301530596,Male,Chandigarh,2018-11-26
4889,Sameer Trivedi,sameertrivedi636@gmail.com,9910448816,Male,Coimbatore,2025-07-20
4890,Kabir Reddy,kabirreddy856@gmail.com,9946210405,Male,Kochi,2020-03-31
4891,Divya Murugan,divyamurugan21@gmail.com,9141886747,Female,Vijayawada,2018-12-08
4892,Padma Chandrasekar,padmachandrasekar@gmail.com,9379133511,Female,Vellore,2019-09-19
4893,Arun Annamalai,arunannamalai459@gmail.com,9396215412,Male,Thiruvananthapuram,2021-10-20
4894,Kannappan Ramanathan,kannappanramanathan938@gmail.com,9898719546,Male,Indore,2018-07-31
4895,Muthu Gounder,muthugounder970@gmail.com,9415851732,Male,Thiruvananthapuram,2019-12-06
4896,Ravi Joshi,ravijoshi@gmail.com,9926696904,Male,Kolkata,2018-11-02
4897,Rohit Verma,rohitverma645@gmail.com,9089187397,Male,Tiruchirappalli,2026-08-09
4898,Thangaraj Annamalai,thangarajannamalai@gmail.com,9825626557,Male,Mumbai,2021-10-08
4899,Deepak Malhotra,deepakmalhotra751@gmail.com,9467261830,Male,Chandigarh,2023-04-11
4900,Abhishek Patel,abhishekpatel63@gmail.com,9740651102,Male,Ahmedabad,2026-03-05
4901,Kavya Pandey,kavyapandey834@gmail.com,9185223087,Female,Vijayawada,2023-08-12
4902,Pankaj Shetty,pankajshetty942@gmail.com,9643261376,Male,Hyderabad,2024-07-14
4903,Rajeswari Gounder,rajeswarigounder288@gmail.com,9004830851,Female,Bhopal,2025-07-17
4904,Ganesan Iyer,ganesaniyer164@gmail.com,9395377544,Male,Ahmedabad,2023-10-29
4905,Komal Kapoor,komalkapoor50@gmail.com,9160741967,Female,Mumbai,2024-01-29
4906,Abirami Subramaniam,abiramisubramaniam@gmail.com,9562406922,Female,Chennai,2019-09-13
4907,Rohan Singh,rohansingh201@gmail.com,9010192542,Male,Vijayawada,2022-10-12
4908,Karpagam Iyengar,karpagamiyengar283@gmail.com,9713258019,Female,Surat,2018-02-28
4909,Vasanthi Kumar,vasanthikumar430@gmail.com,9522776278,Female,Kochi,2026-06-11
4910,Shalini Sivaraman,shalinisivaraman@gmail.com,9406036017,Female,Indore,2019-01-03
4911,Saranya Sundaram,saranyasundaram313@gmail.com,9247982551,Female,Ahmedabad,2018-06-07
4912,Sunil Bose,sunilbose880@gmail.com,9956934630,Male,Kolkata,2019-03-25
4913,Jothi Balasubramaniam,jothibalasubramaniam928@gmail.com,9890065991,Female,Delhi,2024-11-05
4914,Aryan Kapoor,aryankapoor725@gmail.com,9477979677,Male,Salem,2024-11-20
4915,Loganathan Nair,loganathannair901@gmail.com,9254767120,Male,Bengaluru,2019-07-11
4916,Arunachalam Natarajan,arunachalamnatarajan291@gmail.com,9580020801,Male,Kochi,2024-05-12
4917,Vinay Mukherjee,vinaymukherjee977@gmail.com,9340409839,Male,Mumbai,2021-08-21
4918,Naveen Menon,naveenmenon977@gmail.com,9736784707,Male,Thiruvananthapuram,2019-06-12
4919,Saranya Annamalai,saranyaannamalai240@gmail.com,9059364344,Female,Bhopal,2018-01-12
4920,Meghana Deshpande,meghanadeshpande933@gmail.com,9069509206,Female,Jaipur,2019-08-16
4921,Iniya Chandrasekar,iniyachandrasekar678@gmail.com,9975844780,Female,Salem,2024-04-03
4922,Prabhu Reddy,prabhureddy13@gmail.com,9274862099,Male,Tiruchirappalli,2018-06-24
4923,Pankaj Singh,pankajsingh@gmail.com,9013464029,Male,Bhopal,2023-04-19
4924,Ananya Agarwal,ananyaagarwal@gmail.com,9230869909,Female,Coimbatore,2019-09-11
4925,Loganathan Nair,loganathannair278@gmail.com,9030872946,Male,Mysuru,2018-10-28
4926,Dev Chopra,devchopra729@gmail.com,9898723062,Male,Nagpur,2022-04-06
4927,Rohit Verma,rohitverma446@gmail.com,9441274852,Male,Jaipur,2021-04-27
4928,Sumathi Krishnan,sumathikrishnan857@gmail.com,9035164209,Female,Pune,2026-04-24
4929,Vetrivel Subramaniam,vetrivelsubramaniam839@gmail.com,9776649872,Male,Mysuru,2021-09-23
4930,Swati Kulkarni,swatikulkarni@gmail.com,9146693062,Female,Hyderabad,2026-07-31
4931,Bala Balasubramaniam,balabalasubramaniam389@gmail.com,9752289301,Male,Coimbatore,2026-02-06
4932,Vidya Mudaliar,vidyamudaliar@gmail.com,9846785055,Female,Coimbatore,2024-11-15
4933,Vandana Deshpande,vandanadeshpande80@gmail.com,9575040784,Female,Lucknow,2020-11-07
4934,Sanya Sharma,sanyasharma974@gmail.com,9615099401,Female,Madurai,2022-09-22
4935,Ganesan Balasubramaniam,ganesanbalasubramaniam@gmail.com,9461635351,Male,Bengaluru,2026-01-22
4936,Vetrivel Subramaniam,vetrivelsubramaniam836@gmail.com,9212095184,Male,Pune,2022-06-25
4937,Arjun Kulkarni,arjunkulkarni110@gmail.com,9309225220,Male,Coimbatore,2019-12-01
4938,Meghana Joshi,meghanajoshi493@gmail.com,9401250999,Female,Nagpur,2025-10-15
4939,Jagadeesh Naidu,jagadeeshnaidu88@gmail.com,9119113654,Male,Delhi,2020-09-07
4940,Chandran Gounder,chandrangounder@gmail.com,9697703116,Male,Hyderabad,2019-06-13
4941,Neha Pandey,nehapandey974@gmail.com,9608557830,Female,Mumbai,2025-04-17
4942,Iniya Rangan,iniyarangan118@gmail.com,9054233667,Female,Chennai,2026-04-26
4943,Sumathi Reddy,sumathireddy@gmail.com,9216053053,Female,Bhopal,2020-01-02
4944,Ananya Mukherjee,ananyamukherjee720@gmail.com,9261698102,Female,Kochi,2021-08-02
4945,Elango Mudaliar,elangomudaliar532@gmail.com,9610252971,Male,Chandigarh,2018-07-01
4946,Isha Reddy,ishareddy@gmail.com,9765110266,Female,Mumbai,2025-12-21
4947,Jagadeesh Kumar,jagadeeshkumar887@gmail.com,9776862802,Male,Vellore,2021-11-07
4948,Payal Verma,payalverma@gmail.com,9104818848,Female,Salem,2020-08-28
4949,Ramesh Kumar,rameshkumar142@gmail.com,9747877697,Male,Tiruchirappalli,2020-08-20
4950,Karthik Gounder,karthikgounder770@gmail.com,9900105373,Male,Bhopal,2020-06-14
4951,Vandana Mehta,vandanamehta654@gmail.com,9199969673,Female,Salem,2020-11-13
4952,Namrata Shetty,namratashetty@gmail.com,9231111889,Female,Chennai,2020-01-29
4953,Sangeetha Annamalai,sangeethaannamalai@gmail.com,9326032281,Female,Mumbai,2023-08-10
4954,Ashok Pillai,ashokpillai283@gmail.com,9714108572,Male,Tiruchirappalli,2022-04-20
4955,Anil Kapoor,anilkapoor585@gmail.com,9672174535,Male,Tiruchirappalli,2022-11-12
4956,Swati Deshpande,swatideshpande783@gmail.com,9680427632,Female,Bengaluru,2023-08-31
4957,Sunil Bose,sunilbose926@gmail.com,9273238836,Male,Jaipur,2022-07-05
4958,Kavitha Krishnan,kavithakrishnan145@gmail.com,9270975174,Female,Pune,2021-04-13
4959,Manisha Mishra,manishamishra317@gmail.com,9927224653,Female,Salem,2018-06-14
4960,Rajeswari Chettiar,rajeswarichettiar85@gmail.com,9342161150,Female,Mysuru,2026-04-15
4961,Tanvi Mishra,tanvimishra386@gmail.com,9507386630,Female,Vellore,2022-12-13
4962,Neha Menon,nehamenon31@gmail.com,9076475507,Female,Kochi,2023-08-02
4963,Sundar Murugan,sundarmurugan617@gmail.com,9721826923,Male,Mumbai,2023-08-28
4964,Ramesh Mudaliar,rameshmudaliar855@gmail.com,9662453996,Male,Visakhapatnam,2019-07-10
4965,Vignesh Rajan,vigneshrajan296@gmail.com,9142835747,Male,Nagpur,2023-09-06
4966,Latha Gounder,lathagounder971@gmail.com,9340097458,Female,Tiruchirappalli,2022-01-16
4967,Sandeep Pillai,sandeeppillai85@gmail.com,9579660292,Male,Thiruvananthapuram,2022-01-06
4968,Amit Chatterjee,amitchatterjee600@gmail.com,9930514818,Male,Jaipur,2020-10-25
4969,Bala Chandrasekar,balachandrasekar234@gmail.com,9756142849,Male,Thiruvananthapuram,2021-06-17
4970,Kavitha Raj,kavitharaj@gmail.com,9711330360,Female,Tiruchirappalli,2026-02-03
4971,Rohit Patel,rohitpatel@gmail.com,9800682139,Male,Vellore,2022-08-11
4972,Nithish Reddy,nithishreddy@gmail.com,9636901531,Male,Madurai,2023-06-30
4973,Karthikeyan Pillai,karthikeyanpillai131@gmail.com,9791575892,Male,Mumbai,2023-01-22
4974,Karthikeyan Iyengar,karthikeyaniyengar812@gmail.com,9106253328,Male,Thiruvananthapuram,2026-04-07
4975,Prabhu Chandrasekar,prabhuchandrasekar568@gmail.com,9576233854,Male,Bhopal,2024-08-17
4976,Anjali Chatterjee,anjalichatterjee747@gmail.com,9504774633,Female,Indore,2020-06-06
4977,Kannan Ramanathan,kannanramanathan83@gmail.com,9519567361,Male,Lucknow,2023-10-30
4978,Selvi Raj,selviraj@gmail.com,9894372521,Female,Chennai,2021-11-18
4979,Kavya Bansal,kavyabansal183@gmail.com,9173125810,Female,Jaipur,2021-09-22
4980,Nithya Krishnan,nithyakrishnan931@gmail.com,9997210835,Female,Mumbai,2018-05-01
4981,Ananya Trivedi,ananyatrivedi@gmail.com,9198462641,Female,Indore,2023-11-07
4982,Radhika Mudaliar,radhikamudaliar150@gmail.com,9635269029,Female,Thiruvananthapuram,2023-05-31
4983,Yamuna Chandrasekar,yamunachandrasekar415@gmail.com,9317447805,Female,Coimbatore,2021-08-04
4984,Rajesh Verma,rajeshverma@gmail.com,9814810586,Male,Surat,2018-08-13
4985,Deepa Chettiar,deepachettiar137@gmail.com,9301053266,Female,Vellore,2021-01-20
4986,Bala Balasubramaniam,balabalasubramaniam@gmail.com,9315890618,Male,Chandigarh,2023-06-04
4987,Saravanan Balasubramaniam,saravananbalasubramaniam@gmail.com,9744041139,Male,Indore,2024-10-26
4988,Pallavi Reddy,pallavireddy700@gmail.com,9095959421,Female,Visakhapatnam,2022-11-09
4989,Prabhu Pandian,prabhupandian@gmail.com,9664590276,Male,Kolkata,2019-02-02
4990,Harsh Bhatt,harshbhatt@gmail.com,9624503179,Male,Tiruchirappalli,2025-02-18
4991,Pradeep Joshi,pradeepjoshi177@gmail.com,9088745687,Male,Mysuru,2023-02-03
4992,Kunal Sharma,kunalsharma@gmail.com,9601285724,Male,Jaipur,2020-07-19
4993,Saranya Iyengar,saranyaiyengar798@gmail.com,9230033197,Female,Indore,2020-08-16
4994,Rajkumar Ramanathan,rajkumarramanathan985@gmail.com,9065904741,Male,Vellore,2019-02-19
4995,Aman Singh,amansingh517@gmail.com,9486300586,Male,Bengaluru,2026-05-07
4996,Vignesh Nair,vigneshnair30@gmail.com,9145401501,Male,Thiruvananthapuram,2023-08-20
4997,Dev Nair,devnair858@gmail.com,9286661107,Male,Salem,2024-07-08
4998,Ganesan Murugan,ganesanmurugan913@gmail.com,9062136604,Male,Delhi,2025-06-26
4999,Ishaan Mukherjee,ishaanmukherjee543@gmail.com,9837192010,Male,Vijayawada,2023-06-17
5000,Sanjay Patel,sanjaypatel59@gmail.com,9423362874,Male,Bhopal,2020-05-11
