OrderItemID,OrderID,ProductID,Quantity,Price
1,1352,3353,3,299
2,4365,4421,3,1999
3,1531,2597,4,2999
4,849,1097,3,249
5,2848,4814,3,249
6,4979,3099,4,3999
7,646,1574,2,599
8,2801,2660,2,1499
9,2378,1672,1,3999
10,969,4694,3,699
11,2209,3942,2,999
12,3485,1716,1,6999
13,2323,725,5,199
14,2716,2435,5,3999
15,851,1745,2,1199
16,144,3853,3,2999
17,1538,592,2,249
18,378,2893,1,199
19,1599,4915,4,699
20,2130,54,5,199
21,1348,2500,3,699
22,3902,2229,5,249
23,1830,3908,1,2999
24,4182,2826,2,399
25,913,416,2,699
26,2092,1369,5,1499
27,3020,824,5,199
28,2961,1769,1,4999
29,3229,4594,4,1999
30,492,2550,4,2499
31,4492,4735,2,1999
32,3510,1206,5,2999
33,2151,4313,5,399
34,961,3558,5,999
35,3183,43,5,6999
36,339,4996,5,249
37,2080,3569,2,3999
38,4716,4714,5,1199
39,1889,4679,2,599
40,4815,2261,4,1499
41,4123,2876,1,999
42,1026,96,3,249
43,3387,1826,4,2499
44,345,3997,1,499
45,3586,4507,1,599
46,4090,202,2,2499
47,365,3008,3,799
48,3396,1720,3,1999
49,3416,1876,2,6999
50,2756,3342,1,2499
51,2980,1537,4,9999
52,1371,1574,1,9999
53,541,1915,1,199
54,4453,237,2,249
55,3072,4300,1,999
56,2944,3461,3,1499
57,3145,705,3,1999
58,3988,297,4,999
59,2932,36,4,4999
60,3387,1103,2,6999
61,3808,52,1,349
62,2738,2871,3,499
63,3710,176,5,699
64,3612,3897,5,9999
65,1232,3242,2,599
66,1674,2976,3,3999
67,403,3418,1,199
68,1365,393,3,1199
69,1343,3237,4,4999
70,731,4313,2,799
71,1696,3226,5,9999
72,3928,4575,1,349
73,289,4559,2,799
74,2102,3825,2,2499
75,3910,3366,3,699
76,3548,4819,5,1199
77,2410,3750,4,9999
78,4784,2348,5,249
79,3494,583,4,1199
80,1631,2218,4,399
81,2392,4715,4,299
82,254,3106,5,4999
83,3154,2820,5,2999
84,4611,2403,2,499
85,4032,168,1,1499
86,3945,3126,4,1199
87,3301,3359,1,199
88,4736,1878,2,1199
89,1707,2862,3,3999
90,1958,29,3,6999
91,432,1737,1,1999
92,3590,1994,5,1199
93,3955,855,1,199
94,2207,2520,2,349
95,572,676,2,799
96,4407,367,3,2999
97,823,608,5,1199
98,2139,1856,4,2499
99,4303,3118,3,2499
100,2249,1981,5,6999
101,622,1200,2,4999
102,1509,264,2,1999
103,2554,2302,2,199
104,4423,327,3,2999
105,3921,1777,2,249
106,2672,3162,1,999
107,2137,3700,3,999
108,498,4329,5,9999
109,3599,1453,1,999
110,3921,2399,4,2499
111,1239,4934,1,499
112,1303,3823,5,349
113,4230,2016,1,349
114,982,3420,5,249
115,632,3509,1,1199
116,3036,2422,3,2999
117,2660,3786,1,249
118,269,1903,5,249
119,1921,3419,3,2499
120,3964,55,5,1999
121,2264,739,2,599
122,607,4293,4,1199
123,1191,2207,2,2999
124,2517,3478,1,199
125,32,2147,3,249
126,4946,28,3,799
127,916,139,1,2499
128,4286,4456,2,249
129,3070,4162,3,6999
130,2644,4135,5,999
131,941,2453,1,1499
132,4748,2303,4,399
133,4476,2010,5,249
134,2063,1642,4,499
135,3514,1826,1,1499
136,786,2712,2,999
137,2103,1088,4,799
138,1783,4752,3,399
139,4158,969,1,799
140,3015,2438,2,199
141,4607,96,4,299
142,1152,4746,5,6999
143,2774,3572,3,9999
144,3136,2807,5,349
145,3490,2900,1,349
146,2482,2698,1,349
147,4629,3458,2,599
148,1061,842,4,2999
149,4749,2348,5,699
150,3481,3663,4,6999
151,3494,772,2,299
152,1173,3029,1,4999
153,3347,2400,2,6999
154,1477,97,5,1499
155,1026,3215,3,699
156,2961,3462,2,199
157,887,3778,5,2499
158,1320,2458,3,299
159,2387,4047,4,2999
160,2672,2393,3,599
161,729,4652,4,6999
162,4041,1123,5,9999
163,4114,603,5,499
164,4330,3546,3,699
165,119,456,4,599
166,1097,4938,2,799
167,1184,2863,5,299
168,1618,3342,4,1499
169,1423,753,2,999
170,710,84,1,199
171,118,1504,1,399
172,3215,2895,2,249
173,3985,4567,5,199
174,3843,1748,1,2499
175,870,461,2,3999
176,116,1611,4,9999
177,2000,2723,2,2999
178,624,1083,5,199
179,228,4843,2,199
180,3647,3909,5,399
181,2751,1802,3,2499
182,2765,213,5,349
183,256,1637,4,6999
184,4415,37,5,4999
185,1481,2622,5,1499
186,831,3103,1,4999
187,1755,1430,2,249
188,452,2162,1,199
189,1555,1033,2,199
190,3439,1060,2,3999
191,1074,2281,1,4999
192,3269,4579,5,249
193,4011,3086,4,999
194,3646,2810,3,399
195,4112,2038,5,6999
196,1168,1537,1,199
197,1151,1175,3,499
198,2804,4461,2,499
199,3834,4157,3,2999
200,2364,4688,5,349
201,124,4890,4,349
202,4547,2225,4,349
203,470,4905,5,999
204,572,1191,2,999
205,1235,1083,3,1199
206,2283,4342,2,399
207,2777,970,3,499
208,1209,4697,4,799
209,3839,2238,3,399
210,3484,862,3,2999
211,2984,3575,5,499
212,1034,1843,5,2499
213,4210,229,3,299
214,3514,583,5,799
215,4185,2048,5,1999
216,2897,285,5,6999
217,898,3417,2,299
218,4195,306,3,9999
219,2921,3213,3,2999
220,969,4188,3,2999
221,1695,2537,3,249
222,2501,153,1,249
223,4660,3715,1,6999
224,96,130,2,1199
225,4240,87,5,1999
226,3582,4556,3,999
227,4687,3748,5,4999
228,3688,4831,5,1199
229,4228,569,3,199
230,2317,2682,5,9999
231,1604,569,4,499
232,3415,4720,2,1499
233,1350,355,1,299
234,4900,2830,3,699
235,12,2568,4,299
236,4048,2509,3,9999
237,2478,1593,3,499
238,3790,3260,5,799
239,4248,590,4,249
240,2854,4982,1,4999
241,1952,4980,2,399
242,3703,4213,5,349
243,570,1024,5,1999
244,4717,3931,3,699
245,506,2414,2,199
246,1587,4661,2,4999
247,2892,3961,2,299
248,2569,3605,4,9999
249,1877,4232,3,699
250,717,1042,1,3999
251,44,1614,3,1199
252,3782,4260,2,249
253,728,4003,3,249
254,2929,2746,5,999
255,1812,93,4,999
256,2337,4621,3,1499
257,77,3962,5,3999
258,1906,861,5,599
259,1667,3204,3,799
260,646,4441,2,6999
261,4445,3042,5,199
262,3743,489,5,399
263,3102,4009,1,3999
264,176,3520,1,9999
265,4352,3986,2,799
266,1323,3357,1,2499
267,871,2880,3,3999
268,1070,4459,1,349
269,3597,1395,3,4999
270,314,3798,5,4999
271,3767,4689,2,6999
272,322,4131,2,799
273,3254,2390,1,599
274,876,4330,3,349
275,1702,1338,1,2999
276,3359,3684,2,999
277,1046,199,4,4999
278,2591,2241,5,349
279,1044,1288,4,599
280,4408,4932,3,249
281,4486,489,4,499
282,4615,3191,5,1199
283,1925,4291,2,199
284,3964,4165,1,1199
285,4351,1149,5,4999
286,4315,4858,1,999
287,967,715,2,699
288,3301,1406,3,699
289,2904,350,1,249
290,3857,2071,5,4999
291,375,1761,3,199
292,1648,1652,1,3999
293,3680,135,3,399
294,170,1349,5,2499
295,4593,3671,2,1499
296,4270,2625,3,799
297,1158,4542,3,499
298,2820,457,2,699
299,3678,3354,3,499
300,2232,4770,5,1499
301,1599,2458,1,599
302,2155,593,5,6999
303,407,4692,1,2999
304,969,4417,5,799
305,1213,4341,2,699
306,3870,2921,2,2499
307,2213,3843,1,349
308,3773,4067,4,249
309,3450,3886,5,2999
310,3042,1808,1,299
311,138,835,2,1999
312,898,1945,2,699
313,639,256,5,499
314,2408,272,2,199
315,4076,1933,5,249
316,3188,3409,1,299
317,199,1564,2,249
318,590,3789,2,999
319,3134,4760,1,799
320,2109,2672,1,6999
321,2773,1512,4,599
322,868,3678,3,299
323,3499,188,4,1999
324,3449,2104,5,2499
325,4701,3181,1,799
326,1954,1445,2,399
327,1551,3686,2,299
328,3806,3737,4,999
329,1667,3876,4,1999
330,955,363,2,999
331,3259,2030,3,2499
332,3520,765,2,1499
333,4441,110,2,3999
334,4075,2662,2,699
335,4957,700,4,199
336,1741,4578,4,299
337,3199,4019,5,299
338,3639,3353,4,799
339,3839,852,3,3999
340,572,2120,5,699
341,912,1535,5,1199
342,4272,1015,2,399
343,4870,1281,2,299
344,619,373,5,399
345,3485,2973,3,3999
346,4971,348,2,3999
347,3441,3815,5,399
348,1825,2410,4,2499
349,1910,105,3,299
350,1074,1761,2,1199
351,3773,32,5,499
352,1773,1424,2,1999
353,1924,2799,4,999
354,4578,3627,4,1499
355,4555,1460,5,4999
356,3005,4940,4,599
357,420,2369,4,499
358,1405,3884,4,2499
359,4403,2309,1,699
360,1259,3298,1,399
361,2907,2970,2,2499
362,3347,583,1,249
363,4311,2877,3,699
364,194,3513,2,2999
365,262,1839,2,1499
366,4409,3401,4,1999
367,270,3582,3,1999
368,2038,229,2,1499
369,2669,623,1,599
370,3125,4302,5,9999
371,1013,3523,2,249
372,996,1493,5,499
373,2653,1683,1,1499
374,3876,1617,4,299
375,413,4976,1,299
376,4934,179,1,599
377,543,4203,4,1499
378,2377,4625,3,1999
379,565,2375,1,599
380,4291,4711,3,349
381,2971,941,1,999
382,4671,257,2,999
383,3140,1804,5,1499
384,1641,2106,5,3999
385,2369,4215,3,9999
386,1453,2209,2,2499
387,2250,1934,1,199
388,4562,1180,2,2999
389,636,3216,4,1199
390,2672,1174,4,999
391,868,1971,4,1499
392,139,1730,4,349
393,4714,2982,2,6999
394,4927,2443,2,499
395,508,2189,5,199
396,2396,3609,1,2499
397,70,3005,5,3999
398,2019,2051,5,3999
399,2884,2355,1,699
400,1599,210,5,1499
401,157,3748,1,9999
402,3820,4639,2,6999
403,394,4951,1,2999
404,4397,4133,5,9999
405,417,2258,2,399
406,3962,561,4,999
407,121,4086,3,299
408,3374,82,1,1199
409,947,3786,5,499
410,4972,3510,4,1999
411,4400,3570,2,499
412,826,4428,5,799
413,3562,2585,2,249
414,2608,3966,5,2499
415,2144,835,5,3999
416,361,531,1,6999
417,1939,2246,1,6999
418,1374,3972,4,499
419,868,3137,4,2499
420,2293,2642,5,349
421,647,131,5,2999
422,897,1723,2,599
423,816,2388,2,249
424,3633,4956,4,2999
425,4969,2689,3,6999
426,515,64,2,799
427,1624,4744,1,499
428,958,3448,3,1999
429,1325,4834,4,999
430,1491,2941,4,1499
431,1435,4737,5,2499
432,294,73,3,799
433,837,3999,4,6999
434,12,2355,2,199
435,1608,1248,3,399
436,1875,2920,5,599
437,40,1103,3,199
438,4404,4310,5,349
439,2754,1124,2,699
440,4840,438,5,249
441,1039,1747,2,4999
442,183,4014,3,1199
443,3123,1857,3,249
444,4738,4963,2,1499
445,1569,4690,2,599
446,2826,1032,1,299
447,1005,559,4,349
448,3032,3151,2,1999
449,1998,1511,2,499
450,4481,1713,2,9999
451,3582,4237,2,299
452,4685,645,3,9999
453,4203,3997,2,999
454,3236,1433,3,399
455,2271,83,4,3999
456,4405,1652,3,4999
457,2067,3870,1,4999
458,1337,1259,4,499
459,3094,1796,1,799
460,628,2073,3,9999
461,1998,4373,5,3999
462,2657,3681,3,999
463,3543,4471,2,3999
464,1513,70,1,399
465,2955,2442,2,349
466,3524,4918,2,999
467,2266,4342,5,349
468,4874,1517,5,299
469,3835,3647,3,799
470,2491,2984,4,9999
471,2283,2485,5,999
472,74,843,4,2999
473,1524,1109,2,9999
474,1468,2012,5,199
475,746,3333,2,3999
476,4951,2589,5,399
477,2174,504,5,9999
478,3628,2858,4,699
479,4525,4382,3,299
480,2013,773,1,799
481,3243,3438,2,799
482,2160,3034,3,199
483,4214,2825,5,999
484,2992,1259,2,6999
485,4502,4514,3,249
486,3675,2788,2,349
487,1496,1640,3,399
488,4462,1223,4,249
489,2505,2577,1,199
490,3834,696,5,1199
491,1289,534,5,199
492,3303,1107,1,299
493,3192,3900,3,699
494,541,4748,2,249
495,2625,706,3,4999
496,1620,770,5,6999
497,3151,831,3,999
498,1455,35,4,199
499,3414,3542,4,4999
500,4426,373,4,499
501,4833,1314,2,499
502,1611,3766,5,9999
503,2345,4219,1,349
504,882,1512,3,4999
505,3708,598,3,1199
506,3125,1993,5,199
507,664,2611,1,2499
508,3310,4005,2,349
509,3456,4315,2,349
510,824,2466,1,499
511,4189,719,5,599
512,4870,4985,4,199
513,135,2405,3,2999
514,1064,803,1,199
515,3993,1519,3,2999
516,76,3487,2,349
517,411,2354,3,599
518,3270,1698,5,1199
519,1280,2381,4,6999
520,3952,3220,3,799
521,2835,1940,1,3999
522,228,3666,3,999
523,4992,4700,2,399
524,2752,992,4,349
525,3512,2113,2,2499
526,3125,60,2,249
527,2418,570,3,1199
528,42,450,5,699
529,744,4059,4,4999
530,2264,3233,4,2999
531,1085,3784,3,799
532,263,1554,5,499
533,2998,1795,2,2499
534,4536,4520,4,1199
535,4204,278,3,799
536,2781,4512,1,499
537,3530,2490,2,999
538,4556,1337,3,699
539,929,389,3,299
540,4766,352,4,9999
541,1355,3195,3,799
542,3947,4463,4,9999
543,794,1376,2,4999
544,4767,1554,1,6999
545,2343,2896,5,599
546,881,4818,3,1999
547,1759,1710,1,249
548,3281,2894,1,999
549,2526,4347,4,299
550,4584,4079,5,799
551,902,318,4,2999
552,2213,3446,2,349
553,223,4514,1,699
554,3515,3825,3,1199
555,4211,3987,5,299
556,2900,3012,4,1199
557,3853,3727,5,599
558,641,540,4,199
559,2374,548,5,2999
560,3062,2567,2,2999
561,4990,1101,3,9999
562,299,4144,5,1999
563,3936,4975,1,249
564,2531,3631,5,6999
565,1535,373,1,999
566,2095,1853,3,2999
567,4914,2559,4,699
568,835,31,5,599
569,2667,780,4,799
570,4141,3124,3,1999
571,1309,3491,4,599
572,1735,2370,5,1199
573,1894,2982,2,599
574,1131,3370,1,1999
575,3852,68,2,349
576,801,1956,1,349
577,434,2946,1,599
578,48,1262,1,2999
579,1665,1519,3,1199
580,811,2525,5,399
581,1974,4729,2,2499
582,3819,2477,5,2499
583,4600,765,1,349
584,320,3564,5,2499
585,356,2703,1,2499
586,1008,1055,2,1499
587,2575,4502,3,799
588,2992,976,5,3999
589,1413,2510,5,1499
590,4976,419,2,4999
591,2537,1941,3,699
592,3850,4106,3,1199
593,4803,877,4,499
594,3987,2324,1,3999
595,435,3420,5,2499
596,3045,344,1,249
597,795,3946,1,3999
598,2618,2396,5,3999
599,4637,1628,5,199
600,3254,2851,3,1499
601,1389,3427,1,3999
602,4602,1493,3,249
603,834,818,5,6999
604,4462,4303,5,999
605,1454,4645,3,2499
606,389,544,4,599
607,694,4612,2,6999
608,1560,2177,1,2499
609,1206,965,2,399
610,854,266,3,499
611,655,3108,2,799
612,165,2351,5,399
613,3360,1782,1,2999
614,2285,3612,4,999
615,3164,2559,1,1999
616,3288,1489,2,4999
617,4617,4546,3,599
618,3108,1774,5,2499
619,1524,3047,3,9999
620,1840,4591,3,3999
621,3238,4320,3,1999
622,1723,2826,3,1499
623,1105,2008,5,1499
624,3866,4829,1,6999
625,3092,4354,2,1999
626,1515,4475,2,249
627,3444,667,4,499
628,429,3652,2,249
629,1838,2853,4,249
630,2339,3130,2,799
631,2177,845,2,599
632,3859,2362,1,599
633,199,3289,3,1199
634,3151,2591,3,9999
635,1673,2234,3,299
636,3861,1686,1,1499
637,3449,773,1,399
638,1256,1924,3,399
639,544,1141,2,199
640,2341,4165,4,199
641,2334,1124,3,9999
642,1156,1335,3,1499
643,2413,3991,4,299
644,3629,2385,5,799
645,523,1345,4,999
646,1542,1605,5,499
647,1843,2265,5,6999
648,4187,3129,1,3999
649,2341,1197,2,2499
650,4334,2129,3,3999
651,1333,4983,5,2999
652,3930,971,1,1499
653,2187,198,1,799
654,2989,3106,5,399
655,4388,921,4,2999
656,4726,4430,3,1999
657,1924,3487,4,1499
658,1072,1046,3,1199
659,989,1645,1,599
660,1975,1037,2,1999
661,266,2425,2,399
662,2502,4102,5,799
663,4293,1581,4,599
664,1697,2581,5,2999
665,444,4785,4,349
666,3136,4726,5,399
667,2650,181,4,599
668,1614,3636,4,299
669,1927,4105,4,999
670,3091,2869,5,999
671,2451,2970,4,4999
672,759,3330,3,499
673,217,3387,3,1199
674,1461,1358,5,3999
675,967,1345,3,799
676,1492,1880,5,3999
677,4845,4547,4,699
678,4572,2065,4,6999
679,2602,3196,5,799
680,4627,540,5,1199
681,227,2603,4,599
682,4806,1913,5,2999
683,3452,729,2,249
684,3914,188,4,1199
685,2630,4811,2,1199
686,1162,3086,4,249
687,2284,4870,3,699
688,4440,4533,1,999
689,3145,772,4,999
690,573,3851,2,3999
691,1196,311,2,199
692,3901,5000,2,249
693,4909,2076,2,199
694,1250,4661,5,3999
695,991,3244,5,599
696,367,2290,2,249
697,4623,1542,2,3999
698,4728,2174,3,1199
699,2800,4369,4,249
700,574,2274,5,349
701,3381,2289,1,1499
702,3514,2253,4,249
703,3384,3137,2,499
704,2986,907,4,1999
705,3801,3127,5,399
706,4156,185,2,6999
707,3322,4798,3,399
708,1557,3208,5,1499
709,1850,4436,2,6999
710,931,3770,3,399
711,1238,990,2,499
712,1196,9,5,2499
713,2250,171,3,1999
714,1274,4499,3,299
715,427,1001,2,349
716,2756,1096,2,499
717,94,1712,3,199
718,3085,794,2,9999
719,2948,4414,5,499
720,2662,3678,1,499
721,4367,4956,5,2499
722,2037,146,3,249
723,2810,587,5,999
724,4021,4248,4,1999
725,2160,1353,3,9999
726,2738,308,5,4999
727,3515,4995,5,699
728,1557,1753,4,9999
729,213,2667,4,2999
730,4404,2414,5,599
731,3917,1513,1,9999
732,1063,2903,5,299
733,2868,3225,2,1499
734,4550,1534,1,799
735,4209,2806,1,349
736,3718,2178,4,199
737,3045,1376,1,2499
738,1600,3436,2,299
739,4115,4427,1,199
740,1375,1669,4,999
741,3841,4305,5,1999
742,229,1489,3,299
743,3218,3322,5,4999
744,162,2724,2,2999
745,4045,1125,5,199
746,2719,1297,1,9999
747,2542,4103,5,1499
748,1384,1921,2,9999
749,4278,3711,5,799
750,4851,149,4,1999
751,4924,1225,5,6999
752,2822,2553,2,199
753,2746,2670,3,599
754,2523,80,4,2999
755,2988,2084,4,9999
756,4592,3454,5,399
757,1653,627,5,199
758,694,2520,2,349
759,3572,777,1,399
760,3278,3841,1,4999
761,3193,2343,3,249
762,765,3904,2,6999
763,4955,2523,2,499
764,3037,2373,3,399
765,1516,2854,1,249
766,4561,3199,3,699
767,2589,4398,2,6999
768,1502,1816,4,299
769,1219,32,4,999
770,1395,3034,4,1499
771,3361,3273,2,4999
772,1501,3645,5,399
773,966,1478,2,249
774,1725,4421,4,999
775,4835,959,3,1999
776,2833,256,5,699
777,4796,2877,2,199
778,67,1945,2,999
779,2430,3401,5,9999
780,422,1976,3,2499
781,800,4463,5,999
782,2301,4905,3,299
783,4542,57,2,9999
784,3235,1941,2,249
785,2067,11,3,1999
786,1778,2980,4,399
787,760,4478,2,3999
788,4705,2126,4,249
789,4819,221,1,799
790,1630,4379,4,499
791,1097,373,1,1999
792,3068,4203,1,2999
793,1400,2584,5,2499
794,417,4052,2,4999
795,1490,1454,4,199
796,3513,3273,5,1499
797,1365,935,5,299
798,136,2217,5,3999
799,1180,4454,5,4999
800,4759,1861,4,2999
801,1917,4522,3,3999
802,4679,2063,2,1199
803,2951,4606,4,599
804,3045,3388,2,1499
805,537,3900,1,1999
806,354,962,4,1499
807,1187,4581,3,399
808,4980,2321,1,6999
809,1005,3013,4,6999
810,73,2596,1,799
811,42,3728,3,9999
812,4100,4334,4,249
813,4350,590,1,349
814,4599,2300,1,1499
815,4990,1156,3,2499
816,4995,762,4,199
817,4642,1468,1,349
818,3854,3995,4,699
819,4286,1433,2,699
820,2879,17,4,999
821,135,4122,4,799
822,4627,1178,2,999
823,4715,1649,1,249
824,3461,3606,3,2999
825,4353,3156,5,9999
826,420,1957,2,1999
827,1434,4153,4,249
828,2114,1180,2,2499
829,1505,2798,1,499
830,3335,4823,4,4999
831,1979,2381,4,6999
832,2630,280,1,2999
833,4122,955,1,199
834,1498,3327,4,1199
835,4708,2378,5,299
836,1949,4822,4,3999
837,3673,1583,5,499
838,2523,3493,1,6999
839,841,2239,3,9999
840,3151,4395,1,9999
841,4752,932,4,1199
842,602,1042,5,999
843,1045,120,1,199
844,1263,2966,3,1499
845,1379,1192,1,299
846,699,1287,3,1199
847,2081,1806,5,399
848,4996,3647,4,9999
849,974,625,3,9999
850,3366,3878,1,399
851,537,1241,2,399
852,2575,3269,2,249
853,4946,4195,4,9999
854,3902,385,1,6999
855,3786,1082,1,999
856,3185,1978,1,2499
857,4194,1144,4,499
858,3715,1547,2,599
859,2342,964,1,599
860,1853,1107,2,3999
861,4082,1963,2,299
862,2597,2596,5,3999
863,590,4599,4,399
864,2550,1984,2,4999
865,3942,4868,1,9999
866,3316,500,3,499
867,4558,4769,1,4999
868,4554,4017,1,199
869,1883,3078,1,349
870,1729,2995,2,249
871,2728,3747,5,999
872,50,3520,2,249
873,842,362,1,1499
874,1276,2477,3,1499
875,1858,1952,3,399
876,2310,3952,3,1499
877,3202,3868,3,799
878,548,3247,2,249
879,4742,1135,3,199
880,162,1260,3,2999
881,1018,2546,2,499
882,1655,2571,4,2499
883,4630,4776,3,9999
884,14,3522,5,199
885,3558,853,5,399
886,4226,3821,2,3999
887,1742,2313,1,1999
888,2055,2665,2,499
889,970,1186,4,1499
890,2009,4171,1,2499
891,4688,1525,5,6999
892,965,2786,1,4999
893,2938,3193,2,999
894,2970,2997,3,2499
895,3099,387,3,349
896,4657,2262,4,499
897,4980,691,3,199
898,4522,3752,1,2999
899,4672,3381,3,499
900,95,3516,1,2999
901,3001,2997,1,799
902,3907,3163,2,9999
903,3507,2023,1,4999
904,3083,1433,2,799
905,2819,4884,4,599
906,3598,4559,2,199
907,3091,3200,4,3999
908,1329,2768,3,299
909,4993,1511,1,299
910,4618,1141,1,249
911,290,262,5,799
912,79,1898,1,1199
913,798,2457,4,1999
914,976,4408,5,249
915,4428,2505,3,1499
916,2749,1627,1,3999
917,4115,847,4,999
918,2792,2802,2,499
919,2253,568,5,6999
920,3976,51,3,2999
921,4951,2618,1,799
922,3194,1798,1,699
923,776,2764,1,999
924,4736,1826,3,1499
925,17,3426,3,199
926,1157,2123,5,399
927,4432,2147,2,4999
928,3151,3430,3,249
929,1390,4494,4,999
930,2633,4039,1,599
931,3133,3325,3,599
932,961,3771,1,2999
933,1940,989,5,2999
934,4626,4737,2,1499
935,30,2621,4,199
936,392,3268,5,599
937,2681,1578,2,499
938,462,1666,5,599
939,3185,328,4,199
940,4388,1189,2,1499
941,403,1362,5,1499
942,5,3380,3,6999
943,3097,3766,4,4999
944,1683,4478,5,4999
945,2983,496,5,799
946,1088,2861,5,799
947,3778,1634,3,299
948,4552,1644,5,9999
949,1144,4100,1,199
950,4053,4208,1,1999
951,2506,1747,4,249
952,1723,2298,2,499
953,4119,3265,3,349
954,3048,1129,3,399
955,1295,1132,2,249
956,1966,2588,1,499
957,2338,37,1,1499
958,2272,967,3,999
959,3486,3239,2,2999
960,1956,2147,1,6999
961,2210,190,2,399
962,1082,2815,1,1499
963,1626,4737,3,1199
964,3108,1559,1,9999
965,2064,2369,3,299
966,576,2129,1,199
967,4209,3305,1,4999
968,4812,80,2,699
969,3091,4457,4,2499
970,2507,2516,4,199
971,3502,4184,1,4999
972,1764,3477,3,299
973,1512,4874,4,6999
974,3180,463,4,599
975,3909,1651,4,1199
976,413,4829,1,249
977,1428,2765,2,249
978,1952,2056,5,399
979,4386,1868,1,249
980,3902,3261,1,799
981,2951,4039,4,699
982,1081,184,3,199
983,3644,2071,5,199
984,1774,4873,3,499
985,1224,4986,4,4999
986,3005,2810,3,699
987,4516,3313,3,3999
988,4896,2699,3,2499
989,1183,1331,3,2999
990,1650,4631,4,399
991,3443,1585,4,2999
992,2847,3479,3,1499
993,4969,116,4,199
994,3439,3354,4,799
995,4411,3649,1,599
996,1733,4022,3,1499
997,2842,4346,3,9999
998,4518,2087,3,999
999,4642,4586,4,299
1000,645,2040,4,3999
1001,2628,1286,3,1199
1002,873,4496,1,4999
1003,696,2693,3,399
1004,3879,4921,3,1999
1005,1705,103,5,999
1006,3584,1047,4,499
1007,4077,4613,3,249
1008,1665,3613,4,299
1009,1288,393,2,499
1010,4333,1910,5,299
1011,3324,2783,1,249
1012,1773,1758,1,999
1013,301,2677,5,1499
1014,1784,781,3,3999
1015,549,2323,3,299
1016,2901,982,1,1499
1017,110,682,5,6999
1018,313,3639,5,2999
1019,3331,2746,5,1199
1020,3035,4405,5,1999
1021,4914,723,2,699
1022,4054,27,5,399
1023,901,4483,5,399
1024,3841,674,1,799
1025,932,4521,5,299
1026,4388,4909,3,1199
1027,1155,3457,2,4999
1028,2033,1874,2,2499
1029,3989,1072,3,699
1030,210,3534,1,349
1031,86,454,2,799
1032,3681,768,1,2999
1033,4749,3976,1,349
1034,791,1643,4,2999
1035,1688,4154,5,699
1036,3533,217,2,2999
1037,894,3816,3,1499
1038,1122,2963,5,1199
1039,808,552,1,1999
1040,2649,4757,5,199
1041,3253,683,1,399
1042,2318,3303,4,199
1043,2196,1752,3,9999
1044,4785,3946,5,3999
1045,1075,1768,1,1199
1046,48,4495,4,399
1047,1943,848,2,299
1048,2790,2567,3,349
1049,2214,4267,4,799
1050,2383,2032,5,2999
1051,3219,5,3,999
1052,3226,2857,3,349
1053,2123,4213,1,2499
1054,1570,4260,4,3999
1055,1945,3222,5,3999
1056,4297,3032,3,349
1057,2814,4639,4,6999
1058,920,520,2,199
1059,4090,4724,2,4999
1060,4847,4224,3,6999
1061,1788,2155,2,999
1062,2578,3976,3,2499
1063,1732,268,5,1999
1064,3667,615,1,399
1065,130,4463,4,1999
1066,2764,4906,2,1499
1067,2078,27,4,299
1068,3635,2079,2,6999
1069,2433,1246,5,349
1070,2685,2281,3,699
1071,573,3470,5,249
1072,1944,1343,5,3999
1073,3847,1585,1,799
1074,300,1844,1,399
1075,3245,3369,4,3999
1076,2292,1990,3,249
1077,272,2932,4,199
1078,489,3125,4,1999
1079,4966,1023,2,799
1080,1981,2049,3,2999
1081,4216,4668,3,1199
1082,1934,3602,5,299
1083,4456,3692,1,2499
1084,2556,3522,1,2499
1085,3701,4009,5,4999
1086,4367,4212,5,9999
1087,1515,4686,1,1199
1088,4694,3734,5,999
1089,3311,735,2,399
1090,192,717,1,1999
1091,1192,1810,1,1999
1092,4254,4320,1,199
1093,434,4471,3,3999
1094,4446,3768,5,2499
1095,874,1503,4,6999
1096,1974,188,3,199
1097,3093,3990,5,3999
1098,2485,1114,3,249
1099,493,921,5,599
1100,507,2327,5,249
1101,1805,1443,3,1499
1102,4590,2291,1,349
1103,3719,4786,2,199
1104,3199,4777,3,1499
1105,626,4617,3,1499
1106,3172,3703,3,1199
1107,3989,2685,3,4999
1108,2344,3646,1,1199
1109,166,3939,5,699
1110,1662,4750,5,9999
1111,3210,1762,4,999
1112,4580,2111,3,4999
1113,4714,1117,1,599
1114,101,3534,3,2499
1115,32,2121,4,999
1116,4416,1290,5,299
1117,2390,316,1,599
1118,554,1570,1,699
1119,691,2762,2,399
1120,3485,920,2,4999
1121,1144,3638,4,399
1122,4450,3310,4,2499
1123,1969,2249,2,3999
1124,2909,1319,2,9999
1125,4972,1723,5,349
1126,3194,4168,5,2499
1127,4960,1191,1,249
1128,2285,1639,5,499
1129,1820,4292,5,2499
1130,3493,1742,5,4999
1131,801,2174,1,199
1132,3923,132,3,1199
1133,4110,2309,3,499
1134,953,4130,3,599
1135,4347,2517,3,999
1136,4338,4650,1,299
1137,2951,2294,5,999
1138,255,3539,4,799
1139,579,1031,3,2499
1140,503,539,4,4999
1141,3322,185,1,399
1142,4307,2877,1,799
1143,4857,1507,2,599
1144,2009,1807,5,6999
1145,4944,2930,3,399
1146,2144,626,1,199
1147,381,2675,3,9999
1148,3545,2219,1,499
1149,4532,3833,3,249
1150,1473,2667,5,249
1151,3866,2880,3,1199
1152,3326,1506,3,249
1153,1303,2349,2,199
1154,1277,3211,3,599
1155,557,4612,3,199
1156,2183,2462,2,1499
1157,1817,73,4,1999
1158,4425,3143,2,349
1159,576,1443,5,1199
1160,1666,4141,4,249
1161,4536,3117,5,4999
1162,3674,1517,2,1999
1163,1266,2910,4,399
1164,449,2219,1,399
1165,284,2081,2,3999
1166,3032,1958,1,1199
1167,695,2559,4,249
1168,1378,950,2,2999
1169,3970,10,1,2499
1170,4572,2514,4,3999
1171,738,496,4,199
1172,3218,2069,3,349
1173,1294,3087,4,999
1174,590,501,1,599
1175,1318,1589,5,2999
1176,64,1589,3,799
1177,1636,4400,5,2499
1178,2050,2848,4,4999
1179,457,946,1,349
1180,2129,1431,3,9999
1181,1664,3120,5,4999
1182,445,4071,2,3999
1183,4513,3390,2,199
1184,3173,3301,4,2999
1185,1512,170,3,799
1186,1371,428,4,249
1187,1578,852,3,1999
1188,2367,2148,5,399
1189,1519,3449,5,799
1190,4327,901,4,299
1191,4249,1378,3,249
1192,544,4331,1,399
1193,1148,4985,5,599
1194,4853,845,1,349
1195,3333,1192,3,9999
1196,3749,4957,3,399
1197,2334,1715,1,799
1198,1586,91,2,6999
1199,458,4467,1,1499
1200,553,1475,1,1999
1201,1757,2766,2,699
1202,2248,1433,4,349
1203,3139,4514,4,299
1204,1930,548,5,2499
1205,986,4752,3,249
1206,1145,1855,3,999
1207,636,908,3,599
1208,3307,134,4,599
1209,1763,303,1,1499
1210,3409,448,4,1999
1211,1442,3873,1,1999
1212,131,4947,3,199
1213,4656,1066,2,249
1214,4376,4391,2,2999
1215,4716,1794,3,249
1216,215,3800,1,699
1217,4058,584,2,2499
1218,4853,3542,4,249
1219,1017,4264,2,349
1220,3107,3209,3,1999
1221,325,2546,2,599
1222,3415,525,1,399
1223,4071,2531,1,349
1224,4904,4557,4,1999
1225,2235,2278,5,9999
1226,2455,1602,3,249
1227,4121,2449,1,4999
1228,1778,2416,5,199
1229,3600,2075,5,249
1230,1330,3355,2,999
1231,407,3260,2,499
1232,4427,1868,2,1199
1233,654,2087,5,9999
1234,4087,2390,4,999
1235,1508,1014,5,499
1236,4833,2071,5,2999
1237,1176,1385,2,699
1238,2323,1965,4,1199
1239,2680,2000,3,599
1240,1787,3340,1,249
1241,1885,1064,2,6999
1242,1491,1268,2,799
1243,1988,2970,2,999
1244,259,4732,4,999
1245,3566,2559,4,3999
1246,660,2052,4,9999
1247,2624,2515,2,1499
1248,3714,547,4,1499
1249,3939,1171,4,199
1250,460,2805,4,699
1251,296,4010,1,1999
1252,4156,373,2,499
1253,2364,63,5,1499
1254,838,1376,1,1199
1255,4285,3624,4,199
1256,1198,626,5,499
1257,4348,1824,3,349
1258,4794,4557,5,599
1259,4499,1767,3,699
1260,3808,2475,5,2999
1261,497,3545,5,399
1262,2306,4206,2,399
1263,1605,130,5,299
1264,2750,1593,5,1999
1265,2209,4297,1,249
1266,2211,4209,3,199
1267,1270,4348,1,699
1268,2501,268,1,6999
1269,1075,2308,5,1999
1270,4791,2782,5,3999
1271,4164,2275,4,349
1272,677,94,2,1199
1273,4966,2842,4,6999
1274,1305,3334,3,999
1275,151,156,2,699
1276,792,906,1,1199
1277,4336,1224,5,999
1278,2788,2263,4,6999
1279,3755,901,3,599
1280,4842,4196,3,9999
1281,623,3606,3,1999
1282,1773,3916,2,3999
1283,999,2834,3,4999
1284,1675,3992,3,699
1285,4287,1798,3,1999
1286,4802,935,5,2499
1287,1537,4009,3,699
1288,2328,596,3,499
1289,4224,4335,3,9999
1290,4474,2489,2,499
1291,4310,2943,4,599
1292,2271,4874,4,399
1293,3241,4376,3,399
1294,3896,842,4,2999
1295,1725,4788,1,2499
1296,3187,2624,1,249
1297,4217,2135,5,1999
1298,3106,3287,1,249
1299,2240,2204,5,1499
1300,1639,3242,2,599
1301,4459,3716,1,3999
1302,2183,4470,1,349
1303,3443,3741,5,9999
1304,2943,2952,3,599
1305,65,4425,5,599
1306,1967,4447,1,799
1307,237,3909,4,499
1308,4322,64,3,2499
1309,1581,969,5,699
1310,3690,1872,5,1199
1311,2778,2656,4,9999
1312,3584,2219,5,599
1313,4669,2900,5,999
1314,4251,1775,1,199
1315,2253,155,2,3999
1316,483,4638,5,1999
1317,4524,4561,1,6999
1318,3045,848,5,3999
1319,929,2967,2,999
1320,3572,4006,3,399
1321,3935,1802,4,499
1322,4333,1187,2,3999
1323,4317,308,1,9999
1324,3912,3895,2,349
1325,4216,3249,1,1199
1326,2672,1234,5,2999
1327,465,1917,3,499
1328,2730,2289,4,349
1329,1042,657,5,9999
1330,1005,1283,4,499
1331,3235,754,2,199
1332,3285,1496,1,499
1333,4205,475,1,499
1334,2242,4943,4,2999
1335,4560,898,5,2499
1336,1647,432,2,4999
1337,1097,3908,4,249
1338,3577,3932,3,6999
1339,4385,1712,2,1999
1340,631,2409,3,399
1341,738,4451,5,349
1342,4672,3791,2,6999
1343,3227,402,2,699
1344,3311,1770,4,2499
1345,2721,3483,2,699
1346,1924,288,3,799
1347,4097,91,1,799
1348,2198,2090,3,799
1349,1567,847,2,299
1350,2579,2556,2,9999
1351,1817,3409,5,1999
1352,4262,640,4,3999
1353,2583,2163,5,399
1354,3668,731,4,6999
1355,760,2044,5,699
1356,2536,3090,3,1199
1357,3664,2561,2,799
1358,1311,4009,3,6999
1359,3403,1603,3,699
1360,2636,279,5,6999
1361,3986,2572,4,4999
1362,3495,3545,2,599
1363,1924,1579,3,499
1364,2706,2741,5,3999
1365,2956,793,5,499
1366,804,4891,5,3999
1367,1460,2165,5,249
1368,2682,4656,4,199
1369,1339,4266,1,6999
1370,3395,3914,3,199
1371,221,955,3,3999
1372,2701,84,3,399
1373,1487,2286,3,3999
1374,2773,2345,5,1199
1375,1319,3623,3,2499
1376,3833,2360,1,199
1377,2086,1346,3,299
1378,2478,1472,5,2999
1379,3770,416,2,799
1380,858,978,3,2499
1381,1920,1107,3,199
1382,4417,2872,1,199
1383,466,2345,4,299
1384,2979,3551,4,699
1385,1340,4138,5,4999
1386,1059,4384,4,6999
1387,2534,1726,5,799
1388,3495,440,5,6999
1389,1367,584,5,999
1390,1875,4923,3,4999
1391,3075,244,5,3999
1392,2974,4601,5,3999
1393,1284,2611,1,599
1394,453,4153,3,249
1395,1684,2806,2,9999
1396,2235,536,3,349
1397,269,2159,4,9999
1398,3388,998,1,399
1399,2931,1728,5,2999
1400,2162,1000,3,999
1401,2340,4479,3,499
1402,189,3281,5,1199
1403,286,215,2,349
1404,347,4374,5,399
1405,2106,4694,3,199
1406,3625,3321,2,499
1407,1966,2599,5,3999
1408,2119,1593,4,349
1409,2593,2740,1,999
1410,1522,1332,3,299
1411,1708,2907,2,6999
1412,2452,3162,1,1499
1413,2567,3900,5,399
1414,4984,923,4,299
1415,584,3873,5,3999
1416,3516,4658,2,2499
1417,1162,4830,4,4999
1418,3834,2089,1,2499
1419,4060,521,5,999
1420,4534,3509,2,1499
1421,4658,1532,5,499
1422,2138,3658,2,799
1423,1353,27,1,2499
1424,4919,684,1,4999
1425,4834,1865,3,1199
1426,4923,3718,5,3999
1427,4140,3128,2,399
1428,2672,4144,4,1199
1429,3078,150,5,2499
1430,316,4700,3,249
1431,1705,3245,1,199
1432,2692,882,2,1999
1433,3694,1306,2,3999
1434,4426,913,1,599
1435,4470,450,4,1199
1436,3843,1730,2,2999
1437,985,1987,3,199
1438,2729,1257,5,799
1439,3608,3203,3,4999
1440,1817,694,2,199
1441,3346,3178,1,2999
1442,2797,69,3,799
1443,3676,241,5,1999
1444,894,4614,3,6999
1445,1351,2060,5,3999
1446,2707,1262,5,6999
1447,4065,24,1,249
1448,4716,4614,1,1499
1449,1197,1603,2,4999
1450,3937,3161,5,599
1451,968,2419,4,999
1452,4749,1039,4,1499
1453,639,2336,2,499
1454,17,4246,1,2999
1455,1971,3774,4,2499
1456,4237,2320,4,3999
1457,3105,763,1,249
1458,308,1974,1,3999
1459,4723,914,2,1499
1460,3355,4239,3,199
1461,1671,1370,1,499
1462,825,1647,3,9999
1463,1454,920,5,1499
1464,2033,2485,4,799
1465,3392,3461,2,249
1466,797,2447,1,599
1467,2555,110,3,3999
1468,2423,418,3,1199
1469,2453,3175,3,199
1470,3683,3168,1,4999
1471,4356,743,5,9999
1472,2929,3839,1,3999
1473,1293,1826,2,1999
1474,3128,808,3,599
1475,4535,4973,1,2999
1476,4329,2719,4,4999
1477,2941,403,1,1199
1478,637,2437,1,399
1479,4846,3460,1,399
1480,4058,3043,3,799
1481,4461,4774,4,599
1482,2962,3906,4,9999
1483,807,4782,2,6999
1484,1516,4374,1,1499
1485,4956,301,3,2999
1486,1548,3628,3,299
1487,1821,4831,2,199
1488,4428,4462,4,1999
1489,1241,3550,5,4999
1490,3173,270,5,6999
1491,4376,4634,5,4999
1492,4461,4306,3,999
1493,3351,2190,4,9999
1494,1869,2547,2,299
1495,4046,2448,4,799
1496,3230,3074,5,999
1497,4214,2265,2,299
1498,444,2769,5,4999
1499,3013,2995,3,2499
1500,585,4017,1,249
1501,4331,2937,1,799
1502,275,2211,5,699
1503,969,16,1,249
1504,3287,1232,2,1499
1505,4954,2103,5,4999
1506,4815,2479,3,2499
1507,758,386,2,249
1508,1994,3982,1,1999
1509,1727,1038,4,2499
1510,733,3027,1,3999
1511,1561,4724,2,1999
1512,4522,3054,3,249
1513,1909,2677,4,599
1514,2736,4160,4,399
1515,1165,4121,1,1999
1516,2798,21,5,2499
1517,1702,795,2,249
1518,42,4087,4,699
1519,1893,1958,4,349
1520,817,4386,4,1499
1521,3748,3726,5,599
1522,1294,946,4,4999
1523,761,3491,3,2499
1524,1140,3504,3,799
1525,3419,2895,5,4999
1526,4915,4026,2,2999
1527,420,1365,4,9999
1528,1928,1977,5,599
1529,1567,1214,5,6999
1530,4503,3436,4,9999
1531,478,3061,4,1999
1532,4292,1042,4,1199
1533,108,2752,2,299
1534,2276,646,4,799
1535,2121,1348,4,2499
1536,2802,1589,4,3999
1537,1165,3258,3,299
1538,293,4756,4,6999
1539,4289,393,2,6999
1540,3872,3061,1,299
1541,1575,1123,4,999
1542,4647,4572,3,2999
1543,2727,1676,5,799
1544,1567,1770,2,799
1545,738,3241,1,499
1546,2906,1022,5,1499
1547,710,388,3,9999
1548,1342,3942,5,299
1549,1332,1334,4,4999
1550,3332,1012,5,2499
1551,2410,3721,1,9999
1552,1100,1748,5,9999
1553,1456,4237,3,4999
1554,3690,1301,3,1499
1555,874,3041,3,1499
1556,3390,1437,2,699
1557,4999,2668,2,2999
1558,1346,538,4,2999
1559,3799,1112,4,199
1560,2725,4134,1,799
1561,2525,3329,1,499
1562,4697,1126,1,199
1563,1374,1778,1,799
1564,334,2415,5,6999
1565,1511,143,1,699
1566,2305,2247,1,699
1567,1531,2275,4,799
1568,1416,36,5,2499
1569,534,3156,4,699
1570,1810,1066,3,9999
1571,1570,3586,3,599
1572,3275,450,3,2999
1573,4057,4747,2,3999
1574,3516,1894,2,249
1575,812,2715,3,3999
1576,3362,295,3,9999
1577,913,3631,2,499
1578,2745,2404,2,499
1579,266,2902,5,799
1580,2899,3346,4,249
1581,12,4071,5,1999
1582,1381,1016,1,1999
1583,1079,1361,1,349
1584,857,2821,1,1199
1585,560,4296,4,599
1586,1355,2510,2,4999
1587,1349,712,2,1199
1588,327,459,1,4999
1589,4789,1862,1,3999
1590,906,3592,1,349
1591,751,1513,1,6999
1592,2637,4549,5,1499
1593,3070,3310,2,3999
1594,4939,3153,3,299
1595,3433,1185,2,499
1596,2381,397,3,1999
1597,648,263,3,699
1598,1830,904,4,999
1599,1689,2238,2,349
1600,1165,4197,4,199
1601,65,1105,2,2499
1602,4860,4316,5,399
1603,3521,4622,2,199
1604,1607,3505,2,349
1605,2044,1260,5,2499
1606,3669,104,5,2499
1607,3935,1633,4,299
1608,4717,168,1,249
1609,3330,2326,2,6999
1610,3982,2154,5,199
1611,4442,2095,1,1499
1612,1638,3655,5,999
1613,929,3274,4,599
1614,2833,4406,5,3999
1615,3847,1990,2,3999
1616,4053,1196,3,799
1617,1497,3777,2,349
1618,4104,1169,1,399
1619,822,2019,1,2999
1620,2954,4852,5,1499
1621,1909,981,4,799
1622,1613,2051,5,249
1623,3048,3673,3,599
1624,1363,4374,3,1999
1625,695,2540,2,349
1626,4445,4014,5,3999
1627,4670,2320,3,1999
1628,4866,3299,5,2499
1629,548,4721,3,2999
1630,409,1399,3,2999
1631,4612,1670,4,6999
1632,3490,3008,2,2999
1633,2175,4559,4,999
1634,2144,4821,3,349
1635,3026,1161,1,999
1636,4134,861,3,9999
1637,370,2257,4,9999
1638,433,361,4,799
1639,1502,4,4,699
1640,2682,4687,2,4999
1641,3256,3808,4,3999
1642,298,4805,4,6999
1643,3268,1267,5,6999
1644,3976,3134,4,2499
1645,1469,2819,1,1199
1646,4545,2913,1,399
1647,4643,1252,2,9999
1648,4991,3939,2,9999
1649,1428,2120,5,1199
1650,3390,1119,1,4999
1651,3579,3135,1,999
1652,989,1495,5,799
1653,4155,3097,3,1199
1654,4294,750,1,1199
1655,1079,59,2,3999
1656,2137,284,4,1999
1657,4082,4156,4,1199
1658,1084,1529,4,699
1659,1540,2731,2,9999
1660,2193,4390,3,249
1661,4682,2284,1,399
1662,1689,4881,5,2999
1663,1037,393,2,1199
1664,572,1241,2,799
1665,1294,375,5,599
1666,1303,258,2,349
1667,3929,1635,4,349
1668,4534,4574,4,499
1669,3139,3244,1,249
1670,2960,682,3,1999
1671,4000,3483,4,3999
1672,4159,2381,4,499
1673,1603,4906,1,299
1674,1334,967,5,199
1675,2902,979,1,2999
1676,2407,2898,5,9999
1677,714,1742,4,1999
1678,1475,4035,4,699
1679,1607,4806,5,1999
1680,1542,853,3,3999
1681,3837,1136,5,349
1682,1689,4820,2,1499
1683,2291,2069,5,349
1684,4681,2166,3,399
1685,2585,906,2,249
1686,1505,4660,5,599
1687,2501,575,2,499
1688,3993,2553,4,699
1689,1915,2662,4,199
1690,1151,3766,2,599
1691,4325,2209,1,349
1692,908,1165,5,399
1693,2590,1833,1,399
1694,953,1858,3,1199
1695,4115,1515,3,999
1696,4245,56,3,3999
1697,4827,4584,1,2999
1698,1588,2493,1,499
1699,1684,852,5,799
1700,4681,2912,5,399
1701,2549,3607,3,399
1702,253,1053,3,199
1703,2336,3603,1,399
1704,2879,4578,4,249
1705,570,703,4,599
1706,2741,3292,5,6999
1707,4422,1057,5,249
1708,1076,4867,4,3999
1709,3744,2670,4,1999
1710,948,893,4,999
1711,478,2876,5,299
1712,2355,1653,2,799
1713,885,46,1,499
1714,3612,4338,1,1999
1715,2726,1028,1,1199
1716,1256,1146,5,4999
1717,4920,623,1,699
1718,601,4054,5,2999
1719,4572,694,5,299
1720,2056,1968,4,249
1721,3266,1903,3,249
1722,787,776,4,299
1723,4085,648,2,299
1724,4528,3659,4,3999
1725,1584,2828,3,1199
1726,2389,4075,4,599
1727,1593,1600,5,249
1728,2401,3610,5,499
1729,880,1746,2,6999
1730,152,3099,4,199
1731,4360,1906,2,3999
1732,6,2359,1,3999
1733,1946,267,5,349
1734,3869,950,4,6999
1735,1983,1247,1,249
1736,2880,3674,5,199
1737,1259,2762,5,399
1738,1703,3497,5,1999
1739,1966,4626,5,699
1740,4093,2525,4,199
1741,3821,3574,4,599
1742,1508,2605,1,199
1743,4535,53,4,349
1744,3316,4472,3,599
1745,2310,1103,4,1499
1746,1498,1219,3,1199
1747,4271,1918,4,699
1748,1319,1595,3,6999
1749,2583,3424,1,4999
1750,4224,140,2,999
1751,2219,3071,2,2499
1752,194,2035,5,299
1753,3400,702,4,399
1754,1047,4518,2,599
1755,1528,2114,4,299
1756,3680,2484,2,599
1757,2858,4628,5,2999
1758,1767,769,4,499
1759,3584,120,1,3999
1760,3240,3584,1,2999
1761,1211,2099,1,1199
1762,1301,1286,1,2999
1763,3677,4371,5,3999
1764,4716,3438,1,349
1765,4486,887,5,4999
1766,845,233,5,699
1767,2411,177,1,699
1768,4318,1624,3,2499
1769,759,75,3,199
1770,288,919,2,699
1771,2340,3729,3,1499
1772,4496,4682,3,6999
1773,498,4893,3,1999
1774,4366,1118,5,1499
1775,642,4093,1,2499
1776,1426,742,5,399
1777,4226,976,2,799
1778,642,3204,4,249
1779,2986,1857,3,349
1780,79,3124,1,9999
1781,1507,818,5,2999
1782,4708,4021,3,699
1783,3793,1223,3,499
1784,2127,3126,3,9999
1785,2171,3305,3,249
1786,4011,299,2,199
1787,3955,2452,3,3999
1788,1687,4327,2,349
1789,4540,1682,5,399
1790,3644,232,5,599
1791,3497,53,4,699
1792,805,1394,5,349
1793,3689,3456,5,9999
1794,4307,2698,3,399
1795,609,2704,1,349
1796,1719,4866,1,999
1797,3111,856,2,2999
1798,2235,2133,3,199
1799,2236,965,2,6999
1800,1742,952,3,249
1801,2833,3681,3,2999
1802,7,1154,3,599
1803,596,2459,2,2499
1804,4812,4768,2,2999
1805,1812,3344,4,6999
1806,3403,1936,1,1199
1807,4169,3960,1,199
1808,2706,582,1,599
1809,1590,1877,2,699
1810,771,4169,4,299
1811,4747,3716,3,199
1812,3980,3834,5,3999
1813,1745,1963,3,2999
1814,2070,35,1,499
1815,2502,4042,1,399
1816,4921,3731,5,3999
1817,7,2103,3,3999
1818,2914,514,4,999
1819,3217,3615,1,499
1820,3057,4185,2,1199
1821,942,4528,1,249
1822,731,1168,4,399
1823,2011,3208,2,699
1824,1837,1384,1,1499
1825,864,1233,3,699
1826,2211,2242,3,499
1827,4508,4373,5,499
1828,1906,219,3,199
1829,4572,497,4,699
1830,3066,1838,4,6999
1831,2435,1976,3,2999
1832,4313,2596,2,1999
1833,4124,1514,2,599
1834,598,1484,5,1499
1835,297,1019,5,999
1836,2164,787,5,499
1837,2201,4035,3,349
1838,4814,4407,2,3999
1839,2843,4861,5,1999
1840,758,1878,1,699
1841,1124,1485,3,4999
1842,175,1469,2,1499
1843,3179,2872,2,799
1844,1670,4961,4,199
1845,4,2775,1,499
1846,3690,651,1,1499
1847,3736,3276,4,599
1848,4271,629,2,9999
1849,2466,1890,1,1499
1850,2863,3776,5,499
1851,4935,1940,1,1199
1852,2442,3031,3,999
1853,1031,3673,4,2499
1854,3976,3261,2,9999
1855,3490,4458,4,299
1856,3371,4843,2,4999
1857,3308,1003,3,1199
1858,4308,400,1,2499
1859,1353,1733,5,399
1860,4157,3342,4,999
1861,3343,1932,1,799
1862,2915,4776,4,499
1863,2471,4184,4,699
1864,1783,4827,1,599
1865,101,4112,5,299
1866,3347,2628,3,6999
1867,2996,2866,4,1199
1868,2185,344,2,6999
1869,893,3441,3,599
1870,85,310,5,9999
1871,1936,1948,3,399
1872,3183,2894,3,9999
1873,1529,419,3,2499
1874,1959,891,2,599
1875,3789,2468,3,399
1876,3673,643,4,299
1877,1193,716,5,999
1878,2742,152,2,1999
1879,909,268,5,499
1880,1996,2412,1,999
1881,169,1863,2,4999
1882,3433,896,2,1999
1883,3984,2666,4,4999
1884,3197,3777,2,2499
1885,3063,2189,4,3999
1886,661,1527,1,699
1887,4541,4907,5,599
1888,67,1356,5,799
1889,1695,4811,2,599
1890,2595,1938,5,6999
1891,1378,4970,4,3999
1892,2964,336,5,699
1893,4627,3995,5,6999
1894,449,3951,3,999
1895,2699,4123,3,6999
1896,513,3564,4,349
1897,4523,1987,3,249
1898,3118,1165,3,6999
1899,873,4015,1,9999
1900,4912,4738,4,499
1901,4966,479,4,999
1902,1204,2346,3,299
1903,21,2878,3,1999
1904,60,4834,1,399
1905,390,4939,2,699
1906,1849,1592,1,249
1907,2755,3328,2,1199
1908,4444,558,2,499
1909,2940,4395,5,3999
1910,4234,4915,5,699
1911,1933,1949,2,199
1912,4736,2863,1,3999
1913,463,4680,3,2999
1914,3163,2379,4,799
1915,4561,3369,2,4999
1916,3082,4889,5,2999
1917,4641,4997,2,4999
1918,149,3087,2,699
1919,4491,4726,3,399
1920,2913,4663,2,1999
1921,1303,640,5,4999
1922,1208,1675,4,2499
1923,1489,2886,2,399
1924,803,243,2,1499
1925,3584,3534,1,1999
1926,3441,2670,5,799
1927,3942,1225,1,249
1928,240,3921,2,2499
1929,1030,74,5,6999
1930,3418,563,5,399
1931,425,3351,5,799
1932,2414,3474,1,199
1933,1915,4987,3,1499
1934,1186,2123,1,3999
1935,2921,4431,2,599
1936,2901,1295,4,2999
1937,1105,3854,5,299
1938,2268,33,4,599
1939,1204,2004,4,1199
1940,1641,4356,5,499
1941,3556,1171,5,599
1942,1189,3620,3,699
1943,4486,3001,2,249
1944,1919,3851,2,599
1945,768,214,4,499
1946,2581,3664,3,3999
1947,204,284,2,349
1948,4594,4257,5,999
1949,4601,426,3,599
1950,2481,3659,1,499
1951,1268,2247,3,3999
1952,4103,1678,4,499
1953,1738,4399,2,4999
1954,2735,366,1,499
1955,2716,1734,2,299
1956,1555,1551,1,2499
1957,810,416,5,3999
1958,3822,1173,1,999
1959,1017,3312,1,1199
1960,190,4595,3,399
1961,3715,4736,3,1999
1962,4124,4360,2,1199
1963,3676,2916,2,399
1964,1595,4138,4,1199
1965,3154,4236,5,699
1966,3483,2146,2,599
1967,1828,213,4,499
1968,3419,1434,5,399
1969,1447,4106,4,1199
1970,4085,1015,5,1499
1971,4819,1062,5,249
1972,55,3966,4,299
1973,3803,3593,2,499
1974,1372,32,1,199
1975,1833,4516,5,1999
1976,3673,2784,5,799
1977,937,1830,2,399
1978,840,1597,1,4999
1979,742,1478,1,599
1980,3957,1837,3,1499
1981,4874,2269,5,399
1982,2615,895,5,349
1983,1698,2146,3,299
1984,452,3962,5,1999
1985,4480,1250,4,1499
1986,3220,3978,2,599
1987,1324,393,5,1499
1988,840,1163,5,399
1989,4904,3703,3,599
1990,1030,4602,3,249
1991,4763,2928,5,199
1992,2782,4819,4,199
1993,999,1639,4,249
1994,1176,2488,4,6999
1995,591,342,2,1499
1996,4052,4234,5,799
1997,1312,1595,5,199
1998,4441,1488,3,1199
1999,3969,1215,4,2499
2000,4734,4654,1,4999
2001,1107,3626,2,799
2002,1447,1326,5,1199
2003,2201,3505,1,799
2004,4725,4931,3,399
2005,887,2901,1,399
2006,1728,4419,5,199
2007,3136,535,2,399
2008,1423,1342,1,1199
2009,2230,318,4,199
2010,737,2393,1,349
2011,779,993,3,399
2012,1499,4494,4,349
2013,1245,2309,2,3999
2014,272,3090,4,299
2015,2224,4701,2,2499
2016,150,3977,3,299
2017,3321,933,5,799
2018,624,4056,5,3999
2019,4558,2914,3,1999
2020,4069,795,3,1199
2021,997,3531,4,599
2022,723,56,3,799
2023,1500,1021,3,1199
2024,3096,1525,3,399
2025,3245,4916,4,999
2026,4788,3109,4,999
2027,4457,624,4,199
2028,1785,959,1,999
2029,4049,4464,5,699
2030,2464,2304,3,9999
2031,669,4530,3,499
2032,4441,2930,1,2999
2033,624,4723,3,399
2034,3219,1937,2,4999
2035,2397,2240,2,6999
2036,3587,3381,1,1999
2037,782,2624,1,299
2038,4742,2192,1,1499
2039,829,2747,2,699
2040,2982,191,4,199
2041,4139,4997,4,249
2042,2193,3856,2,9999
2043,604,1299,5,1199
2044,17,1782,3,599
2045,4465,4559,2,299
2046,4066,30,4,1499
2047,384,2843,1,1999
2048,1581,1711,4,699
2049,2575,2974,1,249
2050,2284,3832,1,999
2051,113,236,3,1999
2052,2446,5000,3,1199
2053,1016,3312,1,599
2054,3763,4064,2,399
2055,4272,3195,5,599
2056,737,3441,1,799
2057,2810,849,5,349
2058,4455,3004,1,999
2059,4544,4702,2,199
2060,408,4006,1,2499
2061,1141,2223,5,799
2062,1408,2517,2,299
2063,4731,4151,4,699
2064,1601,833,5,1499
2065,4715,113,5,6999
2066,2108,3164,2,2499
2067,2269,2680,3,9999
2068,3781,4290,4,399
2069,4503,1712,3,299
2070,4787,3875,4,399
2071,144,2310,4,3999
2072,1453,3088,1,199
2073,3660,1357,2,299
2074,1700,4363,2,9999
2075,1232,2745,3,199
2076,3538,395,4,999
2077,146,2086,3,799
2078,4700,2492,5,4999
2079,3544,935,1,9999
2080,2525,2074,4,199
2081,408,1282,5,6999
2082,4658,4847,4,9999
2083,4566,3024,2,499
2084,4512,1406,1,2499
2085,1404,1632,3,1999
2086,1417,2327,5,1199
2087,3326,4490,4,1499
2088,3160,3414,2,599
2089,1154,245,3,2999
2090,1231,1184,4,399
2091,1134,3559,2,4999
2092,3662,3205,2,2499
2093,3796,391,1,249
2094,1073,586,2,6999
2095,735,408,2,1499
2096,229,2078,1,499
2097,1254,4109,3,1499
2098,1963,1662,4,2499
2099,2676,1575,2,1999
2100,3911,1283,3,9999
2101,2632,4316,1,4999
2102,4082,3699,2,3999
2103,3986,1235,4,349
2104,958,3249,1,1199
2105,3990,1094,3,1199
2106,2254,1141,5,1499
2107,3680,1952,3,799
2108,841,817,2,249
2109,1734,867,3,399
2110,1087,657,4,699
2111,1101,1453,3,1199
2112,484,1874,5,499
2113,3159,2773,5,349
2114,3544,312,5,799
2115,4940,4875,2,299
2116,2150,1691,1,999
2117,4114,266,2,1199
2118,917,1169,3,3999
2119,2761,2749,1,499
2120,3221,1936,1,9999
2121,4970,4629,2,4999
2122,1717,4056,3,1199
2123,1310,2100,3,699
2124,2986,3656,1,1999
2125,3617,201,1,9999
2126,1141,232,1,799
2127,2877,3724,1,349
2128,3494,2407,4,249
2129,201,1513,4,699
2130,700,2066,2,199
2131,1869,1659,2,999
2132,1574,223,2,599
2133,2774,2161,1,1999
2134,4622,3734,2,199
2135,3401,1680,4,999
2136,4623,1248,2,499
2137,481,3008,1,3999
2138,3492,1896,4,4999
2139,298,2563,4,2999
2140,3044,2974,4,799
2141,4447,1561,4,999
2142,36,2660,5,999
2143,4967,958,3,499
2144,1215,4733,1,499
2145,1248,2963,5,599
2146,3993,2730,2,399
2147,3865,3284,4,9999
2148,482,4853,5,6999
2149,2314,650,2,399
2150,667,810,2,1499
2151,1239,881,1,1999
2152,2185,1951,1,2999
2153,575,4072,5,2499
2154,3227,2974,1,249
2155,3277,74,4,4999
2156,2187,2052,1,6999
2157,4066,611,3,4999
2158,3987,3668,1,1199
2159,4936,3057,5,1999
2160,4572,352,5,349
2161,3538,2197,3,6999
2162,3541,3600,5,2999
2163,32,4618,3,1199
2164,4958,4496,4,299
2165,3747,246,3,2499
2166,4277,3548,4,1999
2167,4394,4261,2,699
2168,3848,2667,5,399
2169,4084,1604,1,349
2170,4263,174,5,299
2171,3877,902,4,2499
2172,723,3991,1,1499
2173,547,789,4,1199
2174,3307,4904,3,399
2175,2146,1843,5,6999
2176,831,3233,4,399
2177,1875,4020,1,2999
2178,2949,3537,5,349
2179,3337,1096,5,699
2180,3837,4690,2,999
2181,4765,147,5,2999
2182,2586,402,2,699
2183,1295,4473,3,2999
2184,1877,2492,5,599
2185,1998,3062,5,1499
2186,2832,748,1,599
2187,3047,2647,1,1499
2188,609,1284,5,249
2189,3373,3328,1,199
2190,4429,2671,1,349
2191,975,1545,2,499
2192,4632,2490,1,4999
2193,3244,2808,4,499
2194,201,2892,1,399
2195,454,183,5,1499
2196,1434,2164,1,999
2197,4816,1189,1,999
2198,392,3089,4,1199
2199,4861,178,4,299
2200,3713,386,3,249
2201,776,4289,5,349
2202,3045,4791,3,499
2203,808,2848,1,399
2204,2271,4474,4,1499
2205,3395,2763,3,1199
2206,1268,992,2,1999
2207,4646,3933,2,2999
2208,2650,4278,1,599
2209,1225,391,2,9999
2210,3445,4740,1,1499
2211,4900,743,1,2499
2212,318,1275,3,249
2213,318,399,5,249
2214,997,1583,5,1199
2215,3886,2165,1,199
2216,3480,3365,2,1499
2217,2555,1453,1,2499
2218,209,526,4,3999
2219,3957,1803,4,1499
2220,1475,4831,1,399
2221,3338,1891,4,699
2222,271,3475,3,1999
2223,3412,1144,1,2999
2224,510,2255,4,3999
2225,2916,4481,1,2999
2226,1724,3972,2,3999
2227,2162,1813,3,799
2228,4842,3595,1,499
2229,350,948,1,1999
2230,4321,2303,3,299
2231,2472,3692,4,2499
2232,119,2981,4,299
2233,1234,4563,1,2499
2234,3290,3837,2,799
2235,3318,4944,1,2499
2236,1100,4384,5,3999
2237,2717,4561,2,2499
2238,2116,4038,4,1199
2239,2800,247,3,6999
2240,3911,563,2,599
2241,846,4470,5,299
2242,2690,1492,3,3999
2243,717,2694,4,399
2244,3547,2084,2,9999
2245,1799,3897,3,249
2246,875,2698,4,299
2247,658,1035,4,2499
2248,2415,1581,4,2499
2249,1166,2971,2,399
2250,946,830,2,9999
2251,1026,3853,2,299
2252,3196,1294,5,9999
2253,4539,2948,1,2999
2254,266,2561,5,4999
2255,1039,431,2,9999
2256,891,2708,1,199
2257,1968,691,5,1999
2258,1804,4088,3,1199
2259,1523,2280,1,6999
2260,3516,632,1,1199
2261,3797,1425,3,4999
2262,4847,457,1,199
2263,2271,2117,5,599
2264,4891,1766,4,6999
2265,4199,589,2,499
2266,1716,2049,5,399
2267,229,3277,5,599
2268,2286,3202,3,799
2269,4807,683,4,199
2270,539,621,3,699
2271,2767,2090,4,1499
2272,4341,4803,4,349
2273,1054,2455,3,699
2274,3845,1659,2,249
2275,537,4945,3,799
2276,2174,1665,3,799
2277,2128,3376,1,2499
2278,1105,1698,3,2499
2279,3266,3881,4,199
2280,2749,4171,5,399
2281,3220,4287,3,6999
2282,4107,3240,5,399
2283,3898,1068,2,6999
2284,727,2887,2,2999
2285,3005,4387,5,3999
2286,747,1554,1,6999
2287,1324,1480,2,399
2288,1697,1351,5,2499
2289,1881,2797,2,1499
2290,1347,3103,3,2999
2291,902,2070,4,1199
2292,4331,3885,1,599
2293,3843,3125,4,999
2294,1021,1148,3,349
2295,209,1612,1,1999
2296,2258,251,1,299
2297,367,4724,4,699
2298,543,1097,5,999
2299,1811,4891,1,2499
2300,2033,3280,2,249
2301,3256,3379,3,199
2302,3073,3168,4,1199
2303,1758,3333,5,699
2304,4052,123,1,299
2305,4871,1805,3,9999
2306,4759,4965,2,2999
2307,3231,716,4,499
2308,1218,2268,1,1999
2309,4808,1794,4,799
2310,3440,3066,4,4999
2311,4452,1973,5,2499
2312,2597,2313,1,6999
2313,2222,405,2,349
2314,3288,491,1,599
2315,294,4283,4,299
2316,4600,1303,1,4999
2317,848,487,5,1199
2318,529,2020,5,3999
2319,3276,3373,5,1999
2320,2621,1225,4,349
2321,3303,671,2,299
2322,3807,3359,3,399
2323,382,2420,3,249
2324,1712,4474,1,1199
2325,4671,3803,2,349
2326,908,2638,5,349
2327,2897,4248,3,1999
2328,1345,4229,3,6999
2329,2882,4477,3,249
2330,4027,194,5,6999
2331,3891,1282,5,999
2332,4145,4187,5,2499
2333,104,1691,3,6999
2334,4405,1780,4,1999
2335,1166,2449,5,199
2336,926,160,1,199
2337,4514,2484,3,199
2338,2615,4672,1,2999
2339,1363,810,5,1999
2340,428,3513,3,6999
2341,456,3706,3,399
2342,2421,4376,5,249
2343,293,915,2,999
2344,3243,4723,2,999
2345,126,2466,1,799
2346,2310,1777,1,999
2347,2676,2279,4,799
2348,1210,2287,2,399
2349,4377,3583,3,1499
2350,1095,359,5,499
2351,733,4880,2,699
2352,1189,1699,2,1999
2353,4931,2543,2,3999
2354,1603,2081,2,399
2355,2731,2180,1,799
2356,2901,657,1,9999
2357,1402,3820,3,1199
2358,3260,1761,4,1999
2359,2073,123,2,1999
2360,147,4110,5,1999
2361,4804,1223,1,699
2362,1336,911,5,1999
2363,2857,2604,5,1199
2364,2003,3990,2,699
2365,1968,1160,4,699
2366,2740,306,5,199
2367,2057,3203,3,499
2368,418,1127,3,799
2369,3022,3888,1,1199
2370,980,1377,5,6999
2371,1899,4002,1,499
2372,520,241,4,699
2373,4878,351,4,399
2374,305,315,1,199
2375,2336,3490,3,2999
2376,950,2639,5,9999
2377,4340,1561,4,2999
2378,1855,2845,3,2999
2379,878,4465,1,599
2380,1412,793,1,6999
2381,199,3006,3,349
2382,201,229,3,999
2383,1818,3481,1,1199
2384,175,2890,2,1499
2385,4422,1100,5,9999
2386,2966,4718,3,3999
2387,4937,4499,1,399
2388,1637,4996,1,9999
2389,3217,1558,3,199
2390,2573,70,5,599
2391,857,1094,2,699
2392,1833,149,3,2499
2393,3036,3778,2,499
2394,477,3868,3,249
2395,2478,1243,2,1199
2396,2841,4694,1,299
2397,3974,1458,2,399
2398,4921,238,5,2999
2399,1026,2938,3,4999
2400,3565,3241,2,499
2401,4953,1398,5,2999
2402,4667,897,3,6999
2403,967,1219,3,249
2404,742,2624,5,499
2405,725,1599,2,249
2406,3832,2348,5,599
2407,3678,4248,3,9999
2408,4675,3586,2,2499
2409,4745,3474,1,9999
2410,1243,2651,2,1499
2411,2919,2892,2,599
2412,4105,4279,3,9999
2413,4846,4742,5,799
2414,551,4514,4,699
2415,1569,3642,3,199
2416,1376,370,3,3999
2417,1867,4332,3,249
2418,3162,4857,3,499
2419,1332,3362,5,999
2420,2016,3571,1,1199
2421,2766,1821,4,4999
2422,2077,1709,3,9999
2423,2436,2653,4,399
2424,2564,103,1,199
2425,4355,3141,1,1199
2426,4557,460,5,6999
2427,902,3022,5,1499
2428,4804,2018,3,199
2429,1852,853,4,9999
2430,2448,3415,2,9999
2431,138,1053,1,6999
2432,1496,4128,3,349
2433,14,1543,1,1999
2434,1741,3593,5,399
2435,3861,4590,5,349
2436,929,2679,1,349
2437,849,4103,4,2499
2438,4634,2209,5,2999
2439,3865,11,2,599
2440,4247,4041,5,299
2441,1917,2274,1,299
2442,1263,2048,4,249
2443,2990,78,3,4999
2444,3615,3023,2,3999
2445,4555,4329,1,3999
2446,3158,502,5,999
2447,4853,1185,4,599
2448,3814,628,3,2999
2449,4408,123,3,249
2450,1230,2110,4,1499
2451,3461,2866,1,999
2452,328,1481,1,6999
2453,2611,4427,4,2999
2454,442,2822,5,199
2455,1501,4870,1,9999
2456,3206,1589,4,199
2457,796,884,2,799
2458,3954,1585,5,249
2459,4320,1853,5,4999
2460,2174,4845,5,3999
2461,3812,2490,3,999
2462,2559,1019,1,2999
2463,3706,2161,1,999
2464,80,1869,1,2499
2465,1301,4238,1,1199
2466,3856,2187,3,9999
2467,3805,1602,2,2499
2468,1042,437,4,299
2469,4495,4635,3,3999
2470,3373,1983,5,999
2471,2195,4901,3,1499
2472,2015,2707,2,1999
2473,162,2511,2,349
2474,3709,2484,3,2499
2475,3393,3873,4,2499
2476,59,4766,2,699
2477,1443,2275,3,1499
2478,9,3914,3,249
2479,3572,1607,5,1499
2480,3806,3343,3,499
2481,2725,2235,5,2499
2482,2368,961,5,4999
2483,2915,2551,4,599
2484,1964,776,1,9999
2485,4401,3988,3,9999
2486,2087,4391,3,1999
2487,3460,287,4,599
2488,3397,1654,1,6999
2489,2880,3352,1,1199
2490,2203,2151,3,2499
2491,515,2348,5,4999
2492,4073,2755,5,4999
2493,646,770,3,349
2494,3481,4633,4,499
2495,1983,1404,1,349
2496,2989,2395,5,9999
2497,3452,419,3,3999
2498,2914,4499,5,349
2499,198,4784,2,199
2500,2654,255,2,599
2501,1503,1925,1,999
2502,4787,2234,2,249
2503,4709,3888,2,6999
2504,4902,4680,3,199
2505,1157,572,3,1499
2506,2863,4731,1,599
2507,4733,426,3,499
2508,3717,2346,1,2499
2509,1676,3294,5,799
2510,3549,3190,1,2999
2511,1604,4890,5,299
2512,1671,4926,1,249
2513,4474,3487,4,499
2514,4371,3162,5,349
2515,3626,4911,1,4999
2516,2799,268,3,999
2517,2495,4247,3,349
2518,1517,3417,2,299
2519,2280,4444,5,599
2520,3717,4517,1,9999
2521,1566,733,2,6999
2522,2081,1215,2,699
2523,4456,1501,4,4999
2524,77,4113,1,2999
2525,2181,2011,4,349
2526,2328,4485,1,2999
2527,576,2803,5,1199
2528,3425,391,5,9999
2529,3363,357,3,1499
2530,3290,4825,1,1999
2531,3407,4723,3,6999
2532,1253,4367,4,599
2533,1288,1234,5,2499
2534,229,1510,1,2999
2535,1043,2141,3,1499
2536,2628,4786,4,249
2537,2927,2750,4,249
2538,2397,2333,4,699
2539,679,3635,1,2999
2540,1201,303,3,999
2541,2332,940,3,1199
2542,2883,584,5,4999
2543,4793,4805,1,4999
2544,4190,3604,1,349
2545,1429,4273,3,2999
2546,3729,3630,1,3999
2547,4211,1356,4,999
2548,613,655,2,1499
2549,624,1761,5,199
2550,4507,1324,3,249
2551,92,3779,1,349
2552,460,449,3,599
2553,4138,203,2,349
2554,1881,88,2,4999
2555,2075,1536,2,349
2556,2604,126,2,3999
2557,2707,3180,1,1199
2558,1221,2556,3,999
2559,161,1031,1,1199
2560,1578,4851,5,399
2561,1161,689,5,249
2562,2130,1953,3,1999
2563,1052,237,2,1499
2564,4940,4138,1,699
2565,337,487,5,2499
2566,1760,3576,4,599
2567,1337,2682,5,999
2568,3626,3492,4,399
2569,2877,2032,4,399
2570,954,1385,1,299
2571,1055,77,5,2499
2572,2377,2043,2,2499
2573,1134,3975,2,199
2574,4478,2962,1,1499
2575,3149,2660,4,199
2576,2166,2409,4,799
2577,1884,3908,4,199
2578,3378,3425,4,2999
2579,1424,4833,3,1999
2580,1980,4981,5,1199
2581,1120,1525,5,2499
2582,3054,720,4,999
2583,904,2468,3,199
2584,3769,4598,2,199
2585,4897,50,1,4999
2586,4241,4309,4,4999
2587,463,1262,2,399
2588,4214,4969,3,2499
2589,707,2634,2,1499
2590,1767,3646,2,599
2591,4727,199,2,2999
2592,1448,3250,5,6999
2593,1705,3348,1,199
2594,4231,2620,3,349
2595,3652,624,3,2499
2596,3458,49,2,3999
2597,2272,509,1,1999
2598,2479,2056,1,349
2599,4200,3940,5,599
2600,248,3983,1,6999
2601,4272,345,3,349
2602,1177,1940,2,249
2603,2098,2959,3,599
2604,2446,4473,2,9999
2605,2550,3613,3,599
2606,4972,2885,3,4999
2607,4504,4664,3,999
2608,276,3414,2,799
2609,2450,738,2,4999
2610,1229,2921,4,2499
2611,1056,2545,4,349
2612,1494,2049,1,3999
2613,3729,3661,4,499
2614,1975,2133,3,6999
2615,4995,3265,3,349
2616,4739,1104,4,6999
2617,3666,3210,2,1499
2618,2501,2,4,599
2619,1521,2639,1,249
2620,1484,1020,4,599
2621,3307,268,5,599
2622,3610,1605,1,799
2623,1106,2564,1,799
2624,2663,1464,4,9999
2625,1261,3921,5,349
2626,3405,11,2,2499
2627,3445,1717,3,3999
2628,145,4564,3,3999
2629,1649,46,2,999
2630,4376,3415,1,349
2631,1126,4918,5,1499
2632,1042,229,3,1499
2633,3556,3924,1,499
2634,3088,1681,1,699
2635,3492,2197,3,299
2636,1655,3024,2,599
2637,776,2774,5,9999
2638,3278,3789,3,799
2639,4124,1394,3,299
2640,1214,1482,1,1499
2641,3922,604,3,6999
2642,463,4985,1,2999
2643,1841,972,5,999
2644,4375,4651,4,3999
2645,1732,4544,4,199
2646,688,1158,5,699
2647,2464,2036,5,199
2648,3300,1216,4,6999
2649,2452,4397,5,199
2650,2733,581,2,199
2651,15,4376,2,9999
2652,4899,4219,4,299
2653,1503,239,5,2499
2654,4064,3079,5,4999
2655,2311,3756,3,1999
2656,4481,1755,3,399
2657,3651,3701,4,699
2658,992,3673,4,4999
2659,2863,4970,4,2499
2660,3710,3579,5,4999
2661,3926,2672,1,199
2662,4056,3,2,399
2663,4401,2286,2,299
2664,1299,187,5,699
2665,3524,2938,2,1999
2666,1093,547,5,4999
2667,4102,50,5,799
2668,1683,3567,5,199
2669,1211,4864,1,6999
2670,318,2609,1,9999
2671,940,4212,5,2999
2672,3425,482,5,2999
2673,2365,1805,5,249
2674,831,4224,5,249
2675,697,2179,3,299
2676,3156,3549,2,1199
2677,2698,2885,5,1199
2678,3972,181,4,699
2679,979,4883,5,399
2680,2462,1160,2,6999
2681,2771,830,3,599
2682,3928,1898,3,1999
2683,4529,1881,5,299
2684,496,1056,5,599
2685,4949,444,4,2999
2686,4954,2167,2,499
2687,4312,2241,5,349
2688,3903,185,2,1199
2689,2203,807,2,399
2690,96,2794,3,699
2691,598,3781,4,699
2692,4301,492,4,349
2693,1043,4678,3,1999
2694,2002,4674,1,4999
2695,1816,4663,4,349
2696,4649,2488,2,1499
2697,961,3091,1,499
2698,487,2798,3,999
2699,821,1348,2,299
2700,3339,4155,4,599
2701,3343,1266,3,399
2702,1262,3371,4,1999
2703,4126,1513,2,349
2704,4936,1079,2,1999
2705,850,271,4,399
2706,4815,2621,4,599
2707,4751,1927,4,1499
2708,4518,4560,1,599
2709,2053,2418,5,799
2710,2183,3846,3,349
2711,1908,3622,1,699
2712,4626,1977,4,399
2713,2642,4755,3,699
2714,3950,4061,2,349
2715,4526,496,2,499
2716,4592,337,4,2499
2717,3319,2931,1,199
2718,2282,2766,5,599
2719,2332,1385,1,3999
2720,4915,3372,5,299
2721,1945,2073,5,1199
2722,4542,2384,4,4999
2723,3370,1683,1,1199
2724,1787,2937,3,699
2725,3684,3199,3,1199
2726,4487,3035,3,3999
2727,4571,3359,2,499
2728,1393,4095,3,1499
2729,4260,3523,2,299
2730,2334,4253,2,699
2731,2103,3543,3,4999
2732,718,943,3,349
2733,1264,3697,2,1199
2734,2077,1931,1,249
2735,381,3425,3,1999
2736,1243,677,2,199
2737,1899,2657,1,2499
2738,3400,583,4,2499
2739,4319,3945,1,6999
2740,1789,1541,5,9999
2741,2430,3813,4,9999
2742,1906,747,2,299
2743,4786,3715,4,349
2744,2159,1762,4,199
2745,3082,1128,5,1199
2746,1899,1950,2,699
2747,1004,4306,4,2999
2748,3150,4064,5,199
2749,1093,4112,2,699
2750,3109,4789,4,999
2751,626,292,1,9999
2752,2881,75,4,2499
2753,331,3267,1,1499
2754,2812,1441,2,349
2755,1063,2094,1,799
2756,3087,3282,5,999
2757,2264,965,2,699
2758,2010,489,2,699
2759,871,2933,5,599
2760,3744,4383,2,4999
2761,1906,4531,2,499
2762,313,3125,3,2499
2763,4445,3002,3,3999
2764,3139,3697,3,249
2765,2434,1883,4,499
2766,442,3965,4,6999
2767,349,1860,1,9999
2768,553,1728,5,699
2769,32,2614,4,399
2770,1034,3430,2,299
2771,3191,1535,3,1999
2772,1797,875,5,3999
2773,2971,538,1,699
2774,2689,4106,5,799
2775,2439,996,4,1199
2776,4115,904,2,6999
2777,4655,2395,2,9999
2778,1059,2242,1,1999
2779,4395,1124,2,199
2780,2308,1066,4,249
2781,4330,1862,3,3999
2782,3087,1653,3,1499
2783,970,4964,4,4999
2784,3797,4516,3,799
2785,2077,539,2,299
2786,2776,4787,4,299
2787,4389,3698,5,1199
2788,3994,1316,3,1199
2789,2937,2097,4,249
2790,214,1011,5,699
2791,1592,1828,1,999
2792,354,1345,1,1199
2793,1915,507,4,1999
2794,1125,3531,4,249
2795,2167,2845,4,9999
2796,1510,2371,3,499
2797,4856,1974,3,1999
2798,945,3572,3,6999
2799,1556,2549,1,1199
2800,276,12,5,9999
2801,3744,1258,2,2499
2802,3249,4774,3,299
2803,1495,3601,2,4999
2804,2166,4271,4,299
2805,3793,886,1,2499
2806,4233,2624,1,1999
2807,2815,68,5,2499
2808,2142,4449,1,2499
2809,3496,770,5,499
2810,4220,1785,2,299
2811,510,3825,3,599
2812,3170,167,2,199
2813,3059,1787,5,999
2814,1403,504,3,6999
2815,1693,3335,5,499
2816,3524,1760,4,199
2817,171,278,1,3999
2818,2679,3464,1,9999
2819,3147,182,1,499
2820,3432,2857,4,299
2821,2395,3833,1,1499
2822,273,739,1,1999
2823,1867,1491,2,599
2824,720,1099,1,6999
2825,835,4488,1,1199
2826,1280,4133,1,799
2827,1151,722,5,999
2828,128,4362,3,3999
2829,2186,3985,2,399
2830,3218,809,4,2499
2831,803,1983,4,349
2832,2546,3772,5,1499
2833,3255,574,3,9999
2834,2155,1722,4,199
2835,4760,1578,2,499
2836,1881,3058,5,1999
2837,2560,1837,4,999
2838,4961,4970,5,349
2839,61,4180,4,349
2840,4967,4259,5,199
2841,2951,2078,1,399
2842,1143,1165,1,799
2843,1726,1892,5,2999
2844,111,457,3,199
2845,4072,4580,1,199
2846,142,3244,1,1999
2847,632,4418,1,2999
2848,32,2910,1,249
2849,321,3160,4,349
2850,2907,4331,3,1199
2851,526,4377,2,399
2852,438,3788,4,249
2853,3871,4750,4,6999
2854,110,389,1,299
2855,241,4633,5,1199
2856,3267,3011,5,399
2857,4354,2710,2,299
2858,236,3407,3,2499
2859,4915,248,5,2499
2860,2123,289,2,499
2861,4950,3843,5,199
2862,2454,1051,1,999
2863,4594,3030,2,999
2864,2380,2457,2,4999
2865,4020,2966,1,9999
2866,4377,3091,5,599
2867,2250,1387,3,1999
2868,807,1971,3,699
2869,2486,1844,4,6999
2870,3231,105,2,6999
2871,1576,24,5,1999
2872,3398,3718,1,499
2873,3340,858,4,249
2874,4685,4311,5,9999
2875,4320,1739,2,4999
2876,4490,3111,1,599
2877,1878,4626,3,199
2878,111,1799,2,999
2879,1981,168,5,999
2880,1071,2192,1,1499
2881,4193,4856,3,199
2882,1924,4996,1,199
2883,2377,1937,1,599
2884,2929,3229,4,499
2885,521,2855,5,999
2886,3926,1082,3,4999
2887,4792,1504,4,1499
2888,4342,1991,5,699
2889,2339,2931,4,699
2890,1644,364,4,699
2891,2832,866,4,249
2892,1443,4316,3,799
2893,3288,3809,5,249
2894,822,3832,5,3999
2895,3350,2568,4,2499
2896,4185,1174,2,1499
2897,1878,3914,3,3999
2898,1601,4770,1,599
2899,861,620,2,599
2900,817,2401,5,9999
2901,1533,3123,2,4999
2902,1815,4547,2,2999
2903,909,4852,1,4999
2904,1372,4573,5,199
2905,1222,1540,3,4999
2906,3511,4959,1,9999
2907,276,4542,2,2999
2908,607,1145,3,499
2909,2976,2184,2,299
2910,3546,739,2,299
2911,3872,3059,4,4999
2912,254,2069,2,699
2913,1815,2509,4,4999
2914,196,2477,1,6999
2915,1015,1660,4,1199
2916,2228,4963,1,1999
2917,2373,2352,1,999
2918,4543,2312,2,999
2919,1992,3261,2,2999
2920,3206,589,1,199
2921,3051,1641,4,699
2922,3669,3983,3,6999
2923,3833,487,5,599
2924,1636,751,5,599
2925,575,719,1,1999
2926,4760,1160,5,699
2927,4602,745,3,199
2928,1673,3186,5,199
2929,2604,2899,3,1499
2930,2734,2512,3,599
2931,4575,1076,5,4999
2932,2265,487,5,699
2933,2642,480,4,249
2934,2073,886,1,4999
2935,1764,2208,5,6999
2936,3406,4205,2,299
2937,492,3207,5,4999
2938,2564,1050,4,4999
2939,4069,3868,1,399
2940,4303,3291,5,349
2941,1225,4178,4,699
2942,1054,2085,1,3999
2943,1918,3782,5,999
2944,505,1745,2,799
2945,1465,827,3,799
2946,1702,3477,3,599
2947,1792,2442,5,1999
2948,4897,2063,2,9999
2949,1714,4168,2,3999
2950,2812,3289,3,2499
2951,2075,1030,4,299
2952,2140,2501,4,6999
2953,1219,3536,2,349
2954,1055,2538,3,2499
2955,420,2547,2,999
2956,1198,2534,3,1999
2957,1302,2953,5,1499
2958,3276,4861,1,299
2959,3009,4096,2,249
2960,4629,1499,2,799
2961,3574,2770,3,299
2962,1538,2548,2,2499
2963,4414,2364,3,499
2964,4707,4142,5,499
2965,2219,1504,2,6999
2966,2624,2703,5,2999
2967,3730,1074,1,2499
2968,2451,255,2,799
2969,2442,497,3,399
2970,3401,3040,2,3999
2971,100,1049,5,1999
2972,2421,3714,3,499
2973,4873,4567,2,6999
2974,859,3554,2,399
2975,1360,1902,3,349
2976,3344,4996,2,349
2977,3942,2539,3,3999
2978,335,2812,2,349
2979,194,2559,5,9999
2980,4318,3491,3,999
2981,935,3277,2,499
2982,1953,4887,5,4999
2983,3459,1633,3,499
2984,3094,1960,4,399
2985,4194,3178,3,1499
2986,4234,845,5,1999
2987,3564,1205,3,1499
2988,213,3169,4,999
2989,1477,2219,2,4999
2990,259,4138,4,4999
2991,1953,4927,3,799
2992,1608,411,2,199
2993,2748,3260,4,399
2994,2225,1999,5,299
2995,3474,2591,1,6999
2996,3741,1284,5,4999
2997,1710,221,5,299
2998,3308,1604,1,199
2999,3244,4896,3,799
3000,4107,964,1,399
3001,1982,3543,3,399
3002,1256,1962,3,599
3003,2671,4514,2,599
3004,1596,498,3,2999
3005,4990,2526,1,6999
3006,3118,204,2,199
3007,3862,3193,5,399
3008,2029,3476,2,699
3009,4615,4352,1,9999
3010,4152,257,3,999
3011,1393,2248,5,6999
3012,4597,4547,2,249
3013,475,122,3,3999
3014,4333,2304,2,249
3015,4537,4344,5,1199
3016,3854,3713,3,4999
3017,4673,228,4,2999
3018,2221,410,4,199
3019,3778,4929,2,6999
3020,3848,3230,3,1499
3021,4406,2732,3,199
3022,311,831,3,3999
3023,1092,635,3,399
3024,774,787,5,249
3025,4611,1321,3,2999
3026,510,807,5,699
3027,2907,2213,2,2499
3028,3678,337,5,1199
3029,178,2487,2,2499
3030,708,394,4,1999
3031,2377,3422,1,1499
3032,4234,3869,4,499
3033,4795,2080,1,1499
3034,2056,465,5,2999
3035,3248,4957,3,2999
3036,4728,3636,1,599
3037,829,993,5,499
3038,1302,4248,3,199
3039,2677,1993,3,2999
3040,1625,4657,1,1999
3041,4198,2815,3,1199
3042,4523,1740,3,249
3043,288,195,1,599
3044,2974,2441,2,1499
3045,4202,4688,2,299
3046,3486,4408,2,249
3047,1348,3047,2,499
3048,1726,4017,5,1199
3049,62,4607,2,299
3050,875,4375,2,2999
3051,28,1105,4,799
3052,3420,3705,2,349
3053,2737,2963,5,1999
3054,3574,4991,3,799
3055,673,1820,4,4999
3056,3654,3592,5,599
3057,2296,1607,1,299
3058,2280,860,2,2999
3059,2188,2010,1,599
3060,1488,678,3,299
3061,173,3599,4,499
3062,718,652,4,499
3063,1834,4148,5,399
3064,4920,2026,4,1499
3065,1879,3350,1,499
3066,4680,4178,4,4999
3067,4001,3399,5,249
3068,4652,1036,3,2999
3069,808,4276,4,2999
3070,260,1352,1,9999
3071,897,3520,4,699
3072,147,2214,1,2999
3073,213,2689,5,6999
3074,1163,2318,1,249
3075,1333,3999,5,1499
3076,3051,1594,2,2999
3077,1316,4625,2,1999
3078,1354,4082,2,699
3079,1459,3342,4,999
3080,4039,1619,4,599
3081,2002,882,1,1999
3082,4915,593,5,6999
3083,181,4386,5,3999
3084,3285,1560,4,9999
3085,2089,770,2,1199
3086,3477,4968,5,349
3087,1630,1258,1,799
3088,1882,778,2,199
3089,1574,2716,4,199
3090,387,3085,2,499
3091,371,2384,5,349
3092,821,2679,2,799
3093,2483,1229,2,249
3094,4334,3168,3,1999
3095,4993,2994,3,2999
3096,53,4879,2,9999
3097,4776,3532,3,599
3098,2173,614,4,349
3099,1293,2382,3,2499
3100,1357,1471,2,349
3101,1354,3473,4,4999
3102,2408,3491,4,799
3103,3117,4400,4,4999
3104,1569,85,4,1999
3105,2677,2418,4,1199
3106,3139,2554,4,1499
3107,2592,2036,5,1199
3108,2393,4126,2,2499
3109,4976,4429,5,799
3110,3736,2025,4,2499
3111,3472,3089,1,299
3112,4885,3274,1,599
3113,2403,4684,4,399
3114,3129,3636,2,199
3115,2467,2699,1,2999
3116,2029,4332,3,599
3117,3902,686,5,6999
3118,3827,2887,1,699
3119,4992,1188,3,1499
3120,4650,1855,3,349
3121,21,2668,4,599
3122,4283,3460,5,1499
3123,1435,3437,5,1499
3124,581,3629,5,199
3125,2048,285,4,1999
3126,1409,3005,5,349
3127,4847,1761,2,1999
3128,682,713,5,799
3129,2343,2042,2,199
3130,4755,4095,2,799
3131,3241,1831,3,6999
3132,1192,3279,3,249
3133,3592,4300,4,699
3134,3337,3571,3,9999
3135,2310,404,1,9999
3136,1886,2533,5,799
3137,2060,3791,4,699
3138,2584,4369,5,599
3139,3662,4547,2,499
3140,3416,3399,1,999
3141,3478,4004,2,1499
3142,1304,1886,5,1199
3143,272,2853,5,1499
3144,1653,2001,5,699
3145,1523,2895,2,349
3146,2199,2584,2,2499
3147,2731,3527,1,199
3148,225,3943,5,599
3149,1534,3666,1,399
3150,2883,3125,4,399
3151,2682,3273,5,299
3152,4466,2669,2,349
3153,533,4341,2,399
3154,4010,2395,3,1499
3155,1580,4740,1,2499
3156,2251,966,2,349
3157,552,3073,3,1199
3158,3620,914,1,2999
3159,2144,4719,1,349
3160,4587,2150,3,299
3161,1095,4364,5,299
3162,3332,745,2,699
3163,2936,4628,5,599
3164,4775,847,5,999
3165,4235,4094,2,299
3166,1186,931,5,1499
3167,4957,905,5,349
3168,1927,298,2,299
3169,1832,4834,5,499
3170,1420,2748,4,6999
3171,2923,4947,3,799
3172,3391,3633,5,249
3173,3786,1185,4,1199
3174,3902,2962,5,399
3175,3183,1320,4,1199
3176,857,2045,2,3999
3177,1719,1917,3,199
3178,2318,2271,5,999
3179,4465,3462,2,249
3180,1796,3918,1,1999
3181,2194,3885,2,9999
3182,2755,4068,4,2999
3183,1969,331,4,4999
3184,4665,3690,3,4999
3185,2785,3352,5,299
3186,936,4938,4,1499
3187,523,3180,4,399
3188,4948,2445,3,3999
3189,564,3317,4,1499
3190,3773,2049,5,1499
3191,2900,714,1,1499
3192,2706,1340,5,9999
3193,3805,4868,5,349
3194,155,352,2,249
3195,1801,1759,5,2999
3196,498,4046,5,799
3197,686,3652,3,4999
3198,3192,3948,2,399
3199,1223,2109,1,4999
3200,1714,4860,3,6999
3201,2474,1134,2,349
3202,2298,1282,5,199
3203,2939,3371,3,9999
3204,997,1653,1,199
3205,2928,1297,4,699
3206,852,796,4,1999
3207,4528,952,3,9999
3208,2941,620,2,699
3209,276,3978,4,499
3210,3563,4497,5,249
3211,4937,2409,3,3999
3212,2696,1952,5,4999
3213,401,2670,2,6999
3214,2888,3909,4,1999
3215,2933,2776,2,999
3216,667,808,5,499
3217,3110,4259,5,2499
3218,4599,1766,1,999
3219,3487,3721,4,399
3220,151,3971,1,199
3221,1264,3010,4,2499
3222,4084,3417,2,9999
3223,2787,2421,5,799
3224,3486,2437,2,349
3225,3170,1090,5,999
3226,2184,3902,5,399
3227,3398,1286,3,299
3228,3755,3844,4,4999
3229,3188,3777,3,349
3230,4262,1089,2,1999
3231,1492,4741,5,399
3232,1084,4849,1,199
3233,4047,1910,1,599
3234,1546,4021,4,9999
3235,2762,2070,1,499
3236,2965,3384,3,1199
3237,2977,982,3,2499
3238,3588,4113,3,3999
3239,3059,356,3,6999
3240,3310,52,5,349
3241,3610,2468,1,249
3242,4943,1789,1,499
3243,944,2826,1,1499
3244,3556,2784,5,599
3245,2977,1915,1,299
3246,251,4622,1,2499
3247,2945,2617,2,599
3248,471,643,1,799
3249,3340,1065,3,199
3250,4184,2511,2,599
3251,2242,4095,1,4999
3252,3042,3817,3,249
3253,4009,3022,2,599
3254,1201,2362,1,199
3255,2939,9,4,249
3256,81,4628,2,2999
3257,1967,4739,2,199
3258,3434,150,5,3999
3259,3058,3643,5,2999
3260,3870,2295,4,499
3261,772,2894,3,499
3262,2391,1365,4,999
3263,2494,2450,3,299
3264,4842,1680,5,9999
3265,2803,2457,1,1499
3266,3947,3647,5,699
3267,730,2355,2,6999
3268,3495,36,3,999
3269,2647,2075,1,3999
3270,271,1630,1,249
3271,3757,1519,5,349
3272,483,4522,5,999
3273,2697,1742,5,399
3274,1194,4784,5,9999
3275,4634,1576,3,499
3276,930,2352,3,499
3277,2166,1431,5,299
3278,219,394,2,999
3279,3169,540,5,1199
3280,3268,4287,5,249
3281,2224,2200,2,599
3282,2797,348,3,499
3283,4313,4502,4,199
3284,3004,3677,2,799
3285,3131,2966,3,2999
3286,2651,4622,2,399
3287,4981,711,2,999
3288,859,1147,2,699
3289,390,778,2,349
3290,1101,3711,1,1999
3291,3227,2841,2,399
3292,4804,740,2,399
3293,1113,2469,1,599
3294,3574,545,1,399
3295,773,2554,4,349
3296,1793,1347,5,4999
3297,19,2814,2,299
3298,880,3345,2,9999
3299,4397,4517,4,399
3300,1447,905,4,799
3301,4142,3706,1,599
3302,914,3065,1,1999
3303,585,2412,2,199
3304,337,2624,2,199
3305,718,4838,2,349
3306,509,4096,3,4999
3307,4877,3942,1,799
3308,4062,3899,5,1199
3309,3423,30,1,999
3310,1538,224,5,2999
3311,4499,3204,1,249
3312,1912,361,4,199
3313,3033,2566,5,2999
3314,2469,4840,5,349
3315,4156,4790,2,249
3316,3648,953,3,299
3317,532,4387,3,499
3318,272,3257,3,799
3319,2932,4167,4,199
3320,307,3919,2,1999
3321,4702,284,3,399
3322,13,664,5,349
3323,1821,640,2,3999
3324,4197,4811,2,799
3325,286,1219,4,3999
3326,3472,653,2,6999
3327,1520,1517,1,4999
3328,1426,4340,5,2499
3329,3360,2315,1,4999
3330,322,4203,1,2499
3331,4842,1154,1,2999
3332,4028,1202,4,4999
3333,855,3024,1,599
3334,2755,4659,4,399
3335,2065,2525,5,2499
3336,4537,3542,3,6999
3337,2369,1988,1,1499
3338,3100,1235,4,4999
3339,1454,4096,2,1199
3340,1931,3796,2,1999
3341,2254,3884,5,499
3342,371,2305,5,199
3343,378,948,3,599
3344,3094,335,3,399
3345,1580,2674,1,1199
3346,3829,4114,4,599
3347,1937,878,3,4999
3348,3946,3624,3,399
3349,4309,3264,3,6999
3350,689,1262,5,4999
3351,1561,4585,1,799
3352,3305,4601,5,599
3353,3462,2377,1,1199
3354,4126,3358,1,4999
3355,762,3287,2,1999
3356,2024,3167,1,699
3357,1084,3690,1,349
3358,4494,4613,2,799
3359,2658,4095,5,6999
3360,1901,2825,5,1499
3361,1199,3695,1,6999
3362,1625,1154,4,4999
3363,2713,3378,3,699
3364,4526,188,1,599
3365,3901,3103,2,4999
3366,4375,4411,3,999
3367,4454,4099,4,699
3368,184,1097,5,399
3369,3113,3015,4,999
3370,901,4161,4,799
3371,4128,2284,3,1499
3372,2620,2509,5,9999
3373,2713,3481,5,3999
3374,4894,2551,3,1199
3375,1673,4384,1,349
3376,1587,4825,2,249
3377,3881,3431,2,249
3378,1695,4868,3,499
3379,3184,538,5,1999
3380,2907,147,4,799
3381,3875,2310,2,499
3382,4371,2179,5,1999
3383,3146,2182,4,349
3384,3626,2268,3,599
3385,4492,3275,2,599
3386,1910,3764,1,799
3387,606,2007,5,1199
3388,1917,3310,3,1499
3389,1463,2807,3,249
3390,1703,3403,3,599
3391,2858,3515,3,999
3392,4059,2745,3,599
3393,1771,2445,3,599
3394,1682,2943,3,599
3395,2546,536,5,1999
3396,1840,2828,3,9999
3397,2399,3042,1,6999
3398,1574,3857,3,799
3399,50,1336,4,599
3400,2493,2113,4,249
3401,1562,4564,4,2499
3402,4859,3395,3,999
3403,3618,4461,3,9999
3404,365,4547,5,399
3405,1261,3735,2,9999
3406,3976,2302,1,799
3407,400,389,1,1999
3408,3199,3148,2,2999
3409,3320,4900,1,349
3410,920,3044,5,1999
3411,3400,498,2,499
3412,4960,2549,2,9999
3413,2087,3762,3,3999
3414,3064,4295,1,6999
3415,915,2145,2,9999
3416,4808,4089,3,1199
3417,4399,375,4,1199
3418,1643,4081,3,3999
3419,4674,2090,4,349
3420,1351,3489,2,1499
3421,2162,1354,3,399
3422,320,3102,3,799
3423,4461,1588,1,249
3424,4070,2258,2,2999
3425,2671,541,3,999
3426,3150,4833,3,9999
3427,528,4266,1,999
3428,2694,71,1,9999
3429,1992,2311,1,1499
3430,481,3699,2,299
3431,4631,202,5,249
3432,2773,1266,5,9999
3433,1771,2988,5,3999
3434,4712,2387,3,1199
3435,1168,4114,5,3999
3436,1684,933,2,1999
3437,2943,2224,4,599
3438,1044,1430,5,499
3439,575,1917,1,199
3440,4928,60,4,6999
3441,3891,1803,2,6999
3442,4354,3012,4,699
3443,3562,2431,4,3999
3444,3846,3446,2,199
3445,1220,2797,1,799
3446,3957,1988,5,249
3447,347,4365,1,999
3448,2648,3295,2,1999
3449,3305,3302,1,249
3450,1009,938,2,799
3451,3159,3924,5,299
3452,3086,820,2,499
3453,4810,128,2,2499
3454,1732,2500,4,249
3455,3479,3074,3,249
3456,3237,383,4,249
3457,1977,1430,5,3999
3458,3507,76,1,1199
3459,359,2407,2,799
3460,1328,1890,2,9999
3461,4852,1641,3,699
3462,2269,356,5,299
3463,2328,8,5,2999
3464,2253,2055,2,1499
3465,2182,2270,5,1499
3466,1928,1338,2,1199
3467,2885,3992,5,799
3468,400,3630,1,799
3469,4751,734,2,199
3470,3657,4811,4,999
3471,4403,2456,4,299
3472,2815,664,2,399
3473,3198,1059,1,4999
3474,4310,922,1,399
3475,4787,4954,5,199
3476,452,2744,5,249
3477,313,2647,4,399
3478,3718,2975,3,1999
3479,3086,4145,3,3999
3480,1949,4965,4,999
3481,2277,637,5,249
3482,4301,838,4,3999
3483,4963,3125,5,3999
3484,4021,836,2,3999
3485,660,780,1,399
3486,2897,3353,4,6999
3487,4563,3383,5,1999
3488,3116,3071,4,1499
3489,3492,1639,4,9999
3490,4676,3993,4,249
3491,409,1201,3,9999
3492,581,4032,2,2999
3493,4457,4177,1,799
3494,863,270,2,799
3495,4595,1754,2,199
3496,4270,3758,2,199
3497,4546,3454,4,199
3498,2519,2075,5,349
3499,1843,1207,3,399
3500,1877,3751,2,799
3501,3432,1767,3,4999
3502,3966,1174,1,999
3503,264,3923,2,599
3504,2094,548,4,1999
3505,2990,3262,4,9999
3506,3407,117,5,249
3507,572,299,3,349
3508,4069,3762,2,1999
3509,1386,3712,3,349
3510,1065,2583,1,349
3511,3129,303,4,2499
3512,3525,4389,5,249
3513,320,3641,2,1499
3514,944,1057,1,499
3515,689,3582,1,2499
3516,1545,1032,4,4999
3517,1412,503,1,3999
3518,356,2930,5,249
3519,2244,272,2,499
3520,476,2947,4,499
3521,634,2605,1,249
3522,3243,3126,5,799
3523,1663,2574,3,1499
3524,1443,2671,5,799
3525,2868,3143,2,1499
3526,4354,2749,2,399
3527,3238,2602,5,349
3528,1955,4516,5,2499
3529,3062,1472,2,799
3530,4865,1197,4,9999
3531,23,2423,4,1999
3532,3474,1304,5,799
3533,930,1,5,4999
3534,1797,1781,1,199
3535,1168,582,4,349
3536,2190,4958,2,2999
3537,795,2891,2,1499
3538,2440,906,1,4999
3539,2196,2957,3,2499
3540,1961,3204,1,799
3541,1055,2766,4,6999
3542,478,2081,5,2999
3543,3528,1709,1,999
3544,2096,1263,3,299
3545,2467,2307,5,3999
3546,4316,2542,4,999
3547,1842,4099,4,1499
3548,4026,1041,3,399
3549,3686,3035,2,199
3550,3173,4379,3,249
3551,2724,24,1,249
3552,2264,1947,5,3999
3553,2067,3671,3,6999
3554,3138,978,1,299
3555,2403,851,2,299
3556,2065,3459,1,6999
3557,1378,288,3,2999
3558,1591,2486,4,299
3559,4325,3984,2,249
3560,1740,2223,3,2499
3561,1764,2189,3,1999
3562,4460,3483,5,2499
3563,158,4073,2,199
3564,4931,4931,4,999
3565,1922,471,4,799
3566,4234,4104,1,3999
3567,4363,640,3,3999
3568,1972,3152,2,1999
3569,3887,3615,3,299
3570,2491,860,2,199
3571,4793,434,3,999
3572,2272,219,2,6999
3573,239,3676,1,1499
3574,787,3756,3,199
3575,495,2376,1,799
3576,1947,3905,1,1199
3577,716,1667,4,249
3578,221,1346,2,1199
3579,3029,3881,2,499
3580,3005,3455,4,2999
3581,979,4503,5,699
3582,2074,2305,3,299
3583,3549,1687,1,999
3584,909,4347,1,4999
3585,3583,3849,3,9999
3586,3802,4783,1,799
3587,3681,2497,4,699
3588,3348,2009,4,2999
3589,3474,1671,5,999
3590,885,1465,5,999
3591,1174,273,5,599
3592,2627,436,4,599
3593,2003,2211,1,6999
3594,2881,677,5,3999
3595,2581,3122,1,349
3596,636,99,5,799
3597,3928,2465,1,1199
3598,3043,477,3,9999
3599,580,2656,5,3999
3600,4598,313,1,999
3601,531,1109,1,9999
3602,3753,2397,5,599
3603,2686,2768,5,299
3604,3599,1381,3,249
3605,3331,3461,4,799
3606,588,3973,1,299
3607,952,4540,5,4999
3608,1222,3154,2,199
3609,4169,3172,5,599
3610,1597,2160,1,599
3611,3774,3669,2,9999
3612,4392,4677,4,299
3613,333,2912,3,4999
3614,1605,4191,1,399
3615,216,4308,3,299
3616,1867,3802,1,499
3617,3512,1416,3,1199
3618,341,3441,5,4999
3619,4180,404,5,399
3620,3680,1521,1,699
3621,2195,4870,2,249
3622,3510,299,5,199
3623,719,1895,5,4999
3624,2745,4384,4,499
3625,1745,4379,1,999
3626,3430,2089,2,199
3627,78,3895,2,499
3628,709,2896,2,2999
3629,1902,2690,2,349
3630,2754,1468,5,999
3631,3517,100,4,9999
3632,4023,561,3,999
3633,3241,900,2,799
3634,799,77,2,799
3635,3905,1394,5,199
3636,4803,4829,5,249
3637,1323,473,4,599
3638,3867,591,2,6999
3639,2289,4907,2,2999
3640,977,3747,4,599
3641,4314,1549,2,699
3642,3140,4533,2,9999
3643,2296,1267,5,299
3644,4307,248,4,249
3645,2124,2081,5,4999
3646,1204,2854,5,1499
3647,3218,2098,1,1499
3648,1494,2065,3,4999
3649,4180,2261,1,349
3650,3588,2434,1,2499
3651,1844,1906,5,2999
3652,3828,830,1,299
3653,501,2551,1,699
3654,1270,1001,3,2999
3655,1257,2340,2,9999
3656,1147,3797,5,1499
3657,440,4002,1,3999
3658,3077,4945,4,6999
3659,2969,643,3,249
3660,3786,4913,3,9999
3661,3389,1009,1,999
3662,2803,1768,3,349
3663,424,3154,3,999
3664,2435,1812,4,2499
3665,3855,3921,4,199
3666,27,3084,1,2999
3667,148,4843,2,6999
3668,1964,4915,5,799
3669,2955,868,3,199
3670,1965,2754,1,4999
3671,4518,3239,2,499
3672,3754,4558,5,1499
3673,3442,2060,4,2999
3674,2134,1828,3,999
3675,4429,126,2,6999
3676,339,2217,1,2499
3677,1845,2767,3,3999
3678,2155,2855,3,399
3679,4855,1140,4,249
3680,1521,4025,1,2999
3681,3708,4257,3,499
3682,2415,4772,4,999
3683,427,1732,3,2999
3684,3076,2679,1,1499
3685,854,3551,1,2499
3686,2043,4135,1,699
3687,4512,2839,1,399
3688,4854,2203,5,499
3689,205,4925,5,1999
3690,4844,3595,3,699
3691,3611,177,4,249
3692,518,3580,3,1999
3693,2928,1024,3,299
3694,1346,2404,3,1499
3695,3272,4553,1,6999
3696,1363,4388,1,799
3697,3922,1804,3,249
3698,419,1717,3,699
3699,1938,1475,1,249
3700,508,4517,1,999
3701,2669,1272,4,599
3702,3580,1287,2,6999
3703,2867,1100,3,9999
3704,1036,2120,5,199
3705,4320,4377,5,799
3706,3947,4507,4,399
3707,4692,4712,1,799
3708,4134,2220,3,699
3709,4341,2707,2,499
3710,2283,3737,1,799
3711,4479,713,5,249
3712,2805,535,4,1999
3713,2468,4181,4,3999
3714,4462,4410,5,9999
3715,1711,4886,5,999
3716,2344,4618,5,999
3717,613,2157,3,799
3718,1445,2346,1,3999
3719,4790,2234,2,299
3720,3427,3326,1,9999
3721,3843,4370,1,1499
3722,1928,825,1,799
3723,3416,1098,2,9999
3724,1362,2372,5,299
3725,4980,4607,5,199
3726,4654,982,4,599
3727,4488,1477,1,199
3728,194,1116,4,6999
3729,2728,3663,2,1999
3730,4000,3616,1,2999
3731,2371,834,3,2999
3732,609,2922,4,9999
3733,3417,3399,5,9999
3734,2989,3462,5,3999
3735,1261,483,4,249
3736,399,2449,2,6999
3737,74,4357,3,1499
3738,4937,832,3,3999
3739,1269,4541,2,2499
3740,2990,1914,1,249
3741,3337,3067,4,349
3742,688,3137,5,6999
3743,1768,1147,2,299
3744,3489,2585,3,4999
3745,3713,2676,5,999
3746,3614,1591,5,3999
3747,438,4357,5,399
3748,3539,567,5,499
3749,2928,3887,1,249
3750,2753,4923,3,9999
3751,321,604,1,4999
3752,455,3340,1,9999
3753,295,2580,1,799
3754,1909,3591,2,599
3755,895,4089,2,2499
3756,3185,940,1,4999
3757,3926,735,4,9999
3758,4188,4575,1,2999
3759,4170,1353,1,399
3760,3590,884,3,999
3761,2362,3904,3,249
3762,3546,1788,1,9999
3763,1153,3097,3,199
3764,2474,1007,1,1199
3765,898,4987,1,3999
3766,2888,3873,1,349
3767,186,3974,1,1999
3768,2515,1132,5,499
3769,2949,3102,4,2499
3770,4589,2255,3,2999
3771,205,4337,3,199
3772,4563,3597,1,4999
3773,753,791,5,699
3774,192,4902,1,1999
3775,4158,4253,5,4999
3776,4297,4597,2,6999
3777,2411,3576,1,1199
3778,4945,2233,1,1199
3779,4372,672,2,299
3780,2783,305,5,1999
3781,4861,3647,5,4999
3782,3378,4194,1,3999
3783,3075,2756,2,2499
3784,788,2768,2,199
3785,243,2695,3,4999
3786,1773,2205,3,4999
3787,1480,1482,3,2999
3788,3907,1454,5,2499
3789,4082,2150,2,6999
3790,2200,1173,4,2999
3791,799,563,4,1199
3792,4358,1305,4,699
3793,358,4232,3,2999
3794,2409,2910,3,399
3795,4355,1369,4,299
3796,2013,82,5,699
3797,4778,1892,5,6999
3798,3698,1349,2,499
3799,2237,3169,2,199
3800,2671,1836,5,1199
3801,2512,3149,4,349
3802,4385,222,2,299
3803,3652,1249,2,6999
3804,1165,632,1,1999
3805,3758,3304,3,1999
3806,2788,2520,1,2999
3807,1123,4888,2,3999
3808,479,4404,4,199
3809,715,3001,4,3999
3810,1387,2911,2,299
3811,2475,3555,1,1199
3812,4769,4672,4,3999
3813,3964,2715,2,699
3814,4903,4831,5,399
3815,4715,2730,5,499
3816,242,1594,5,6999
3817,3233,3302,3,499
3818,3743,3470,1,2499
3819,1409,225,2,1199
3820,1168,2984,1,349
3821,3476,1189,3,4999
3822,2538,4755,5,249
3823,2548,3795,2,199
3824,885,169,4,399
3825,582,4553,5,2499
3826,259,518,4,199
3827,71,2003,3,1499
3828,3434,399,4,399
3829,4500,4319,3,2499
3830,3134,3290,3,1199
3831,1166,2706,4,399
3832,2890,1590,5,249
3833,4,46,5,1499
3834,2070,4846,5,6999
3835,4411,905,1,349
3836,2921,4420,5,1999
3837,3479,1240,2,799
3838,1907,805,5,3999
3839,804,4282,4,249
3840,812,2322,2,6999
3841,11,2265,4,1499
3842,4914,1822,3,9999
3843,1614,1748,2,299
3844,419,2351,1,2999
3845,2915,4023,3,9999
3846,3945,289,3,399
3847,2282,3428,2,1999
3848,1427,4199,4,299
3849,4225,3288,2,699
3850,1521,4416,1,9999
3851,23,2644,2,599
3852,1377,2569,1,299
3853,2882,4404,1,2499
3854,3726,2180,1,2999
3855,2365,2566,5,1199
3856,1146,1660,3,249
3857,4015,3640,5,249
3858,2069,2798,1,199
3859,3487,4251,5,799
3860,4341,4724,3,2499
3861,3752,1138,3,3999
3862,7,2569,1,9999
3863,881,1426,1,2499
3864,2151,3328,3,499
3865,2254,4295,4,199
3866,2551,425,5,349
3867,3837,4140,2,799
3868,1235,346,4,249
3869,1746,1363,4,2999
3870,1302,1549,5,3999
3871,493,3165,3,9999
3872,524,2822,1,499
3873,4554,3182,2,1499
3874,1777,1136,3,399
3875,2346,1275,3,599
3876,4884,4062,4,1499
3877,4293,4283,1,9999
3878,1916,1521,3,199
3879,3610,448,5,9999
3880,4109,3171,1,599
3881,376,2728,5,199
3882,968,1972,2,3999
3883,1862,4068,1,3999
3884,1544,1697,3,349
3885,3352,1242,5,6999
3886,2841,3686,3,349
3887,1641,3990,4,599
3888,2302,4416,1,1499
3889,4506,3016,3,599
3890,4331,1640,1,999
3891,718,2456,4,499
3892,2176,585,1,599
3893,2784,551,5,1199
3894,2776,2923,3,199
3895,3061,1358,5,349
3896,1934,3997,2,799
3897,3167,4589,1,349
3898,3495,2612,2,1199
3899,2539,4549,1,349
3900,4997,4668,2,6999
3901,4483,1229,5,399
3902,1035,871,2,4999
3903,1144,3217,2,399
3904,1755,3400,3,799
3905,2962,2429,1,999
3906,213,4825,2,3999
3907,305,4145,3,3999
3908,2473,2520,1,6999
3909,1320,512,2,1199
3910,796,1611,3,299
3911,1796,133,4,2499
3912,4029,3145,2,349
3913,53,4539,2,3999
3914,4257,3246,5,799
3915,992,4754,2,2999
3916,266,2289,2,599
3917,249,2672,2,1499
3918,945,2776,4,599
3919,2386,2630,1,299
3920,108,4570,3,499
3921,54,770,3,499
3922,4145,2481,5,6999
3923,4470,4968,4,4999
3924,4356,4593,4,249
3925,51,3273,4,3999
3926,2302,4510,2,799
3927,3649,4718,2,2999
3928,4191,1426,2,199
3929,3897,3010,5,199
3930,3692,1360,4,3999
3931,2866,2618,4,299
3932,3699,62,1,199
3933,1483,4253,1,1999
3934,3481,593,4,3999
3935,2879,2160,5,2999
3936,2696,1022,4,399
3937,2337,1889,1,6999
3938,122,1189,1,4999
3939,716,4284,3,2999
3940,4021,4430,3,249
3941,1878,60,4,599
3942,2319,1609,5,4999
3943,4596,2364,4,2999
3944,3582,2406,2,6999
3945,3998,1037,4,299
3946,1916,2672,5,6999
3947,3362,3409,2,299
3948,3535,2067,5,799
3949,171,383,1,199
3950,4177,1950,3,1499
3951,2860,1355,2,2999
3952,2279,276,2,399
3953,4440,1886,2,599
3954,1926,3692,5,199
3955,3687,4102,2,999
3956,286,1518,1,199
3957,126,4683,4,999
3958,2769,4052,2,799
3959,1677,3741,3,2499
3960,4170,576,5,4999
3961,1646,2290,4,399
3962,178,183,5,699
3963,741,3455,4,1499
3964,665,3483,1,3999
3965,4103,2833,2,9999
3966,410,1548,2,399
3967,2001,987,4,249
3968,1440,637,2,6999
3969,4971,368,2,599
3970,2665,2537,5,1499
3971,3971,4728,4,349
3972,178,4621,4,199
3973,738,722,2,199
3974,4614,667,4,599
3975,2270,323,2,399
3976,3627,3934,5,2999
3977,2097,4065,3,1999
3978,4950,4014,2,1199
3979,2939,1175,2,199
3980,687,1748,3,249
3981,4294,1913,3,799
3982,3109,3814,2,3999
3983,4353,1961,3,199
3984,711,3962,1,9999
3985,4199,2472,3,6999
3986,4816,1571,1,199
3987,4725,2810,4,1199
3988,1770,1583,4,3999
3989,644,3199,2,1999
3990,2688,4751,2,2499
3991,4330,3901,2,349
3992,115,2625,3,1499
3993,2076,900,5,6999
3994,4114,364,2,199
3995,2503,2669,2,249
3996,3592,617,3,4999
3997,3836,4584,1,1499
3998,2794,1927,5,1199
3999,4599,4707,4,599
4000,1470,4205,4,499
4001,3859,4795,5,199
4002,3593,1028,3,349
4003,2351,3800,5,999
4004,1042,2575,4,799
4005,4972,3594,3,6999
4006,4771,200,2,499
4007,2836,2483,5,6999
4008,2980,4619,1,1499
4009,4553,51,1,349
4010,3093,1280,1,6999
4011,3646,4295,5,6999
4012,836,3609,3,299
4013,1089,4385,3,3999
4014,1471,4029,5,799
4015,3801,3998,5,249
4016,827,3320,5,299
4017,4615,4787,2,4999
4018,308,4760,4,1199
4019,1394,2393,3,399
4020,986,2483,3,499
4021,269,1145,4,2499
4022,805,3645,5,1999
4023,2917,1432,5,399
4024,1155,1785,2,6999
4025,1688,4849,1,599
4026,2637,111,2,199
4027,2334,4738,1,4999
4028,2331,2656,3,799
4029,4153,2446,2,699
4030,2933,1615,5,349
4031,34,841,5,2499
4032,2950,4936,5,3999
4033,2381,1025,5,399
4034,2041,4721,5,599
4035,1768,1508,2,1999
4036,277,1809,2,799
4037,4370,1820,4,699
4038,1073,3115,4,249
4039,2047,1804,1,6999
4040,3746,4382,1,9999
4041,534,3636,3,9999
4042,4287,3588,3,599
4043,3436,4670,5,3999
4044,3066,2345,3,799
4045,3130,904,3,599
4046,2920,547,5,2999
4047,151,1512,5,199
4048,2401,536,4,3999
4049,2087,2839,4,249
4050,3845,1069,5,299
4051,818,490,2,499
4052,4706,2957,5,999
4053,3072,4756,1,2499
4054,2738,428,5,199
4055,2408,3043,4,4999
4056,3430,4838,2,299
4057,4127,1859,2,599
4058,2129,3828,1,249
4059,806,3195,3,799
4060,1231,2698,5,599
4061,2838,2489,3,4999
4062,1367,1855,1,799
4063,4060,2505,4,399
4064,1750,149,1,799
4065,3298,3290,3,199
4066,2897,3705,1,699
4067,2658,675,1,9999
4068,3252,904,5,2999
4069,93,920,3,299
4070,1482,4660,5,199
4071,3423,1395,4,3999
4072,299,2907,1,2499
4073,4142,4497,2,1199
4074,3096,2668,3,2999
4075,1366,4650,2,1499
4076,4045,4843,1,349
4077,832,2447,3,2499
4078,1715,1898,1,9999
4079,4327,3612,1,2999
4080,1933,3131,3,2499
4081,4708,4913,3,4999
4082,4446,3279,2,1999
4083,224,1482,4,199
4084,4826,324,5,1999
4085,1761,1508,2,3999
4086,4041,601,5,249
4087,2505,599,5,699
4088,2121,3478,4,249
4089,3156,1557,4,9999
4090,348,2494,5,1999
4091,672,2478,2,199
4092,302,2345,1,999
4093,620,2376,5,599
4094,4514,86,5,3999
4095,1694,454,3,1499
4096,553,4133,4,699
4097,4095,3174,2,349
4098,2968,4909,4,249
4099,2104,4330,2,499
4100,1239,2119,1,349
4101,2284,3446,3,249
4102,1029,2370,5,599
4103,4089,135,4,4999
4104,4726,4646,4,499
4105,73,2008,3,1199
4106,301,2086,4,4999
4107,217,4029,3,199
4108,1364,2831,5,599
4109,91,1188,5,799
4110,697,1408,3,1199
4111,1847,354,3,699
4112,107,3326,5,299
4113,4860,492,4,9999
4114,1045,274,3,6999
4115,4949,476,5,4999
4116,3636,3533,5,4999
4117,1974,2514,2,1999
4118,149,2611,5,299
4119,1566,4884,4,599
4120,1104,2051,2,3999
4121,445,2604,2,9999
4122,2748,2504,2,6999
4123,2097,1226,2,199
4124,3730,2576,5,499
4125,1417,2133,1,349
4126,4714,4017,1,2499
4127,2926,1739,3,349
4128,1432,1892,5,299
4129,3660,2340,3,1199
4130,1063,643,5,399
4131,2601,2639,3,349
4132,278,2551,2,399
4133,2455,3779,1,799
4134,4981,2412,1,699
4135,2719,1724,5,599
4136,293,4593,2,699
4137,4257,2951,4,2999
4138,2936,4007,4,2999
4139,2747,4808,3,9999
4140,4943,1403,2,249
4141,3284,4944,3,4999
4142,2410,2325,3,2499
4143,4890,2180,4,599
4144,32,680,4,399
4145,1998,1618,4,999
4146,4270,104,2,2499
4147,2071,322,3,2499
4148,763,2578,5,2499
4149,784,1896,5,999
4150,1110,1949,4,6999
4151,2267,4628,4,249
4152,1757,4495,4,1499
4153,205,4273,2,2999
4154,1431,1949,2,9999
4155,3110,1485,3,399
4156,4125,2726,5,799
4157,841,1757,1,2999
4158,3880,4919,3,699
4159,3747,730,1,699
4160,2059,2051,5,599
4161,1985,2570,1,6999
4162,2120,1388,2,3999
4163,4114,2697,1,249
4164,3192,2214,3,3999
4165,4212,1096,5,9999
4166,3009,2135,4,1499
4167,2422,4600,2,699
4168,3434,4678,2,9999
4169,48,4274,3,4999
4170,7,343,2,699
4171,4732,2983,3,1999
4172,4843,4288,3,499
4173,1059,4387,5,1499
4174,4798,4351,2,3999
4175,4144,2357,4,399
4176,4879,4120,3,699
4177,3603,2214,1,9999
4178,2700,3961,4,999
4179,2460,2044,4,999
4180,1431,4513,1,2499
4181,274,611,2,6999
4182,1269,2684,4,4999
4183,3272,1334,4,399
4184,1012,4276,1,2499
4185,4069,4407,5,6999
4186,2693,4780,1,799
4187,192,1716,1,599
4188,1320,4350,2,499
4189,1470,217,1,199
4190,3799,3175,2,4999
4191,1191,2743,3,799
4192,4573,3583,3,999
4193,2484,4129,4,3999
4194,2949,4848,4,199
4195,610,2638,1,499
4196,2494,3849,1,2999
4197,1897,2821,4,1199
4198,3653,1638,4,699
4199,2546,2907,5,699
4200,3319,255,3,1499
4201,1013,2483,4,4999
4202,368,164,2,599
4203,4633,222,2,599
4204,4501,1566,3,199
4205,4582,4448,3,1199
4206,2747,2516,5,999
4207,4915,511,4,249
4208,2363,2506,2,349
4209,2287,4988,1,699
4210,2867,3482,4,1999
4211,982,1950,3,1999
4212,3754,2884,4,699
4213,3020,908,1,799
4214,959,3630,1,399
4215,342,875,3,349
4216,1014,3167,2,2499
4217,2933,1680,1,9999
4218,1160,4630,3,999
4219,1907,2318,1,999
4220,532,1564,5,1199
4221,1286,2078,3,9999
4222,1976,1289,5,6999
4223,2506,1863,3,599
4224,4175,4144,2,1499
4225,2108,3439,2,349
4226,365,383,2,249
4227,3061,3705,1,3999
4228,3515,3716,3,6999
4229,2843,3526,5,999
4230,4661,3141,5,249
4231,1412,4946,3,1999
4232,1313,1594,5,1199
4233,478,2792,2,349
4234,3360,3776,5,499
4235,3969,3652,1,499
4236,4552,50,2,799
4237,558,2933,5,9999
4238,274,669,5,349
4239,585,2573,4,249
4240,1709,3092,1,999
4241,1529,695,3,2499
4242,4435,2557,3,299
4243,2576,1630,5,4999
4244,3897,4802,4,999
4245,4481,3816,2,1199
4246,2598,4634,4,499
4247,4293,175,5,2999
4248,4138,3980,4,2499
4249,3834,1475,4,2499
4250,3813,3605,1,799
4251,3052,1584,1,1999
4252,3740,1932,2,199
4253,4425,3148,1,199
4254,556,1468,1,1199
4255,254,2170,5,1999
4256,4336,4517,3,6999
4257,3093,4043,3,699
4258,4887,269,3,1999
4259,3599,2953,3,199
4260,1286,873,2,499
4261,228,3319,5,399
4262,611,3668,2,599
4263,3257,873,3,249
4264,1805,319,4,249
4265,4805,3823,4,499
4266,1294,283,3,999
4267,1499,2650,1,1199
4268,134,1888,3,499
4269,1909,118,3,1199
4270,1418,2055,3,1499
4271,2770,4193,1,1199
4272,4506,172,3,699
4273,2262,4754,1,349
4274,964,3320,1,399
4275,915,2709,1,3999
4276,2807,393,4,249
4277,289,4564,4,699
4278,4406,268,2,249
4279,2846,1102,5,199
4280,4866,2556,3,6999
4281,2270,3581,5,2999
4282,2733,1066,3,1499
4283,2197,400,1,499
4284,1629,4118,1,599
4285,3203,1122,5,1499
4286,32,2240,5,199
4287,3604,3924,4,1499
4288,106,1973,4,599
4289,3714,3428,1,1499
4290,3374,4593,2,1999
4291,4210,3791,3,3999
4292,3400,3649,4,499
4293,3891,4852,1,399
4294,3790,4964,4,3999
4295,1352,3085,4,499
4296,1134,3844,5,399
4297,2450,3191,3,6999
4298,1601,1312,1,599
4299,1140,2039,3,1499
4300,376,1605,5,1499
4301,2810,2468,3,2499
4302,3457,1426,4,399
4303,707,2507,1,4999
4304,4064,3382,2,4999
4305,1707,776,4,2999
4306,794,2605,5,1499
4307,4340,2323,4,6999
4308,2732,3984,2,2999
4309,2994,3666,1,3999
4310,4511,1379,3,249
4311,1347,1307,4,299
4312,2155,306,3,349
4313,4359,2294,4,249
4314,4657,2125,5,1199
4315,1508,1803,3,2499
4316,833,657,3,1199
4317,1085,1861,2,1499
4318,573,3459,5,399
4319,4337,4516,3,499
4320,4315,3709,1,1499
4321,4434,2834,4,2999
4322,4992,4424,5,499
4323,4655,3340,3,249
4324,4610,428,5,399
4325,4264,1974,1,2999
4326,1677,3957,1,4999
4327,2084,4043,1,3999
4328,1032,1282,3,699
4329,23,3866,3,349
4330,2973,4415,3,4999
4331,2830,3788,1,1499
4332,1637,1457,1,699
4333,2055,1610,3,2999
4334,4575,118,1,249
4335,2439,551,3,799
4336,1439,2518,3,1199
4337,4621,4417,1,599
4338,4107,261,5,2499
4339,3716,1633,5,699
4340,2862,4584,4,2999
4341,4179,340,1,599
4342,4515,3006,2,399
4343,326,4987,5,4999
4344,777,4912,3,3999
4345,4647,4570,5,199
4346,1656,3595,1,1999
4347,283,4682,4,999
4348,2988,2739,5,9999
4349,3272,1499,5,499
4350,4513,1991,4,599
4351,4859,3790,5,2499
4352,3428,3483,2,2999
4353,785,1915,5,349
4354,2630,4517,2,1499
4355,3095,1916,5,999
4356,330,4809,3,599
4357,4051,2120,3,1499
4358,3901,1369,5,999
4359,778,2648,2,249
4360,4215,1933,4,1499
4361,4761,4820,5,399
4362,3699,2337,4,999
4363,3688,2672,3,1499
4364,1718,408,1,4999
4365,1269,3047,2,9999
4366,3750,788,5,499
4367,2855,4954,3,1999
4368,4442,2271,3,599
4369,870,1550,5,4999
4370,4229,1788,1,2999
4371,2586,4174,5,2999
4372,4427,738,1,999
4373,861,4557,1,1999
4374,433,3425,3,399
4375,3498,2785,1,1199
4376,2689,231,1,399
4377,2080,2233,3,4999
4378,4007,4427,5,399
4379,2413,4040,5,599
4380,2661,3477,5,399
4381,2739,2826,1,2499
4382,2312,4407,1,2499
4383,3604,4093,4,399
4384,3295,200,4,999
4385,2879,4797,3,2499
4386,1373,3370,2,1499
4387,828,3474,1,9999
4388,640,428,4,2999
4389,3965,1456,4,1999
4390,2481,2089,4,599
4391,4706,2812,2,1999
4392,1059,4027,4,2999
4393,4749,3869,5,1199
4394,2146,1823,5,1499
4395,92,3216,5,799
4396,3306,409,1,999
4397,4725,4571,4,999
4398,2627,4527,4,399
4399,2145,403,4,499
4400,274,2921,2,799
4401,77,2152,2,1199
4402,4126,1403,4,249
4403,3892,2480,4,9999
4404,1583,1885,3,3999
4405,134,3160,3,499
4406,4540,209,5,999
4407,3348,2688,3,2999
4408,2092,1818,5,349
4409,3826,4543,3,399
4410,848,4753,4,2499
4411,1587,1630,3,2499
4412,2199,2392,4,4999
4413,575,1442,5,6999
4414,2557,2621,4,2999
4415,1599,2116,3,699
4416,2504,366,3,3999
4417,3076,1887,1,799
4418,3111,1118,4,9999
4419,110,2512,4,9999
4420,4143,95,3,799
4421,2622,26,4,4999
4422,686,1530,3,199
4423,785,4408,4,199
4424,1068,2421,3,4999
4425,4592,2060,2,499
4426,2696,3165,5,199
4427,3042,4346,3,1499
4428,711,1804,3,599
4429,1928,1664,1,699
4430,2110,4184,1,9999
4431,4508,4414,4,2999
4432,4205,2061,1,1499
4433,4734,2674,3,699
4434,4746,2744,2,1499
4435,2762,453,4,1499
4436,2479,1455,4,599
4437,1655,3384,3,1199
4438,592,3082,4,1999
4439,2514,4873,5,199
4440,3069,3828,1,4999
4441,4497,991,4,799
4442,3305,735,2,6999
4443,3631,4505,5,499
4444,4265,1156,2,1199
4445,2679,4958,5,2499
4446,4302,3784,3,4999
4447,2949,273,1,9999
4448,2294,427,4,199
4449,244,174,1,3999
4450,3381,4103,4,1499
4451,2002,1475,3,9999
4452,3657,2877,1,699
4453,4913,4387,2,399
4454,2338,4911,2,499
4455,3956,3839,2,349
4456,2751,3821,2,9999
4457,1248,2231,1,599
4458,886,1254,3,1499
4459,2441,1869,3,399
4460,4945,226,5,249
4461,244,1017,5,1499
4462,1617,2131,3,249
4463,1956,1033,4,799
4464,2734,1961,2,6999
4465,4316,1549,2,9999
4466,4761,1952,3,499
4467,4806,4680,5,2499
4468,545,4991,4,299
4469,103,3426,1,249
4470,4981,157,5,1999
4471,367,398,3,999
4472,2949,3306,4,399
4473,3165,3552,4,4999
4474,1743,3247,5,999
4475,149,2679,2,249
4476,2139,1277,3,1499
4477,1524,4426,1,2999
4478,606,2141,4,4999
4479,339,2492,4,799
4480,138,4070,4,499
4481,626,4881,1,6999
4482,2962,3578,3,2499
4483,1594,1903,3,249
4484,205,4087,5,799
4485,3717,4919,5,349
4486,3227,2152,1,799
4487,2805,697,2,6999
4488,2311,1050,2,399
4489,979,4002,5,9999
4490,4578,49,1,399
4491,955,1074,3,1199
4492,3007,1618,4,299
4493,4629,2971,2,299
4494,3163,4258,5,3999
4495,1308,245,5,249
4496,1832,2775,2,3999
4497,4853,4552,1,4999
4498,4946,3526,4,399
4499,1884,2691,3,249
4500,1468,4881,3,199
4501,236,3990,4,3999
4502,3712,3394,5,399
4503,4988,321,2,1199
4504,1115,2036,4,1199
4505,2328,548,1,9999
4506,36,2102,1,599
4507,2184,1285,2,6999
4508,4082,581,3,399
4509,4093,1718,2,499
4510,4887,837,2,2499
4511,1363,976,2,9999
4512,4112,4495,3,399
4513,213,214,1,1499
4514,4921,4789,1,249
4515,3121,4093,5,799
4516,3789,4186,4,399
4517,2051,1300,1,599
4518,144,74,4,799
4519,4433,4543,2,1199
4520,4543,611,1,6999
4521,4437,1137,5,799
4522,4114,71,1,799
4523,1980,2848,2,4999
4524,1924,1096,3,4999
4525,1622,2708,2,2999
4526,3400,1644,3,3999
4527,1298,1626,1,2499
4528,3331,4507,3,4999
4529,3768,4284,3,999
4530,4750,4411,1,1999
4531,517,4796,3,4999
4532,4290,410,1,499
4533,3355,4756,2,599
4534,3290,1389,4,349
4535,4856,4065,1,2999
4536,3716,3307,3,299
4537,2742,898,4,1499
4538,1330,4707,4,1499
4539,1395,2828,5,9999
4540,2039,2606,4,599
4541,2440,2382,4,299
4542,1002,4133,1,2999
4543,2344,2635,1,9999
4544,1289,4557,4,1499
4545,3660,1220,2,699
4546,1100,566,5,799
4547,2239,1533,2,599
4548,1947,2628,3,799
4549,4425,1684,2,1199
4550,1938,4241,1,299
4551,2693,2433,1,2999
4552,384,4603,1,499
4553,3339,1443,1,999
4554,3022,1133,4,799
4555,1323,4983,5,1999
4556,4510,2751,3,249
4557,4907,2163,4,199
4558,4714,438,5,399
4559,472,245,5,1999
4560,4033,4384,4,349
4561,4135,4029,3,499
4562,2318,2354,1,3999
4563,1368,1344,3,1199
4564,2133,1595,1,2499
4565,341,4454,4,399
4566,4611,3588,2,349
4567,803,2527,3,9999
4568,3608,3846,1,1199
4569,2618,18,4,999
4570,531,4183,2,249
4571,1752,244,4,1999
4572,269,3821,4,699
4573,1444,1611,4,249
4574,4986,2745,3,9999
4575,1949,171,4,199
4576,4804,2181,1,999
4577,2816,4868,1,399
4578,2897,2562,1,1199
4579,451,621,3,1999
4580,3540,142,2,9999
4581,3567,2088,5,9999
4582,1105,1109,3,349
4583,3435,3117,1,1499
4584,2249,1639,2,299
4585,3225,2137,3,2999
4586,974,1146,2,1199
4587,3913,4573,5,1199
4588,3293,1660,2,3999
4589,3140,93,4,249
4590,2086,3864,5,6999
4591,4066,2446,4,299
4592,1242,107,1,2999
4593,443,4703,2,349
4594,2192,1120,3,699
4595,2783,290,1,199
4596,1862,3611,5,799
4597,1740,2922,1,9999
4598,1253,276,3,2499
4599,3965,1771,3,1499
4600,1968,3162,4,399
4601,2497,4943,2,1499
4602,3072,3366,5,349
4603,4882,3890,4,2999
4604,1654,4618,5,999
4605,4381,2978,5,2499
4606,3338,610,2,699
4607,1843,2292,3,4999
4608,3921,2725,3,799
4609,4288,2811,4,999
4610,669,955,3,999
4611,3351,2531,4,2499
4612,1489,4723,1,999
4613,3873,4113,4,4999
4614,4612,432,5,4999
4615,1781,3870,5,2999
4616,4095,725,5,299
4617,521,2482,5,1999
4618,614,4177,1,299
4619,2633,4953,1,1199
4620,2274,3690,4,799
4621,2587,535,4,4999
4622,1883,2899,1,2999
4623,2036,2043,1,349
4624,3616,56,2,199
4625,1709,2505,3,199
4626,574,3345,5,599
4627,1187,1782,1,499
4628,709,2760,4,599
4629,3108,913,5,699
4630,2957,2009,1,599
4631,4186,3716,4,6999
4632,2678,3896,5,2999
4633,1402,3858,1,4999
4634,418,2081,2,799
4635,4456,1913,5,349
4636,1523,711,3,3999
4637,4398,45,1,799
4638,3934,1006,2,499
4639,3514,1152,4,699
4640,63,574,1,799
4641,1640,2161,5,1199
4642,921,2981,1,4999
4643,1723,4123,5,6999
4644,4307,1081,2,249
4645,4649,134,3,3999
4646,1214,3791,4,2499
4647,3256,1418,2,349
4648,532,3242,5,249
4649,1292,762,4,1999
4650,2817,3488,2,6999
4651,4076,49,2,799
4652,4985,4593,3,399
4653,1,3522,4,999
4654,110,4686,4,4999
4655,1356,1014,2,799
4656,3927,2860,2,1499
4657,3720,1002,1,999
4658,1992,4850,5,249
4659,584,4894,5,2999
4660,3651,2572,3,399
4661,542,1140,1,1499
4662,3449,1591,2,9999
4663,2286,1750,1,499
4664,3452,2031,3,6999
4665,538,2290,1,999
4666,469,3947,3,599
4667,2795,666,3,249
4668,2059,495,3,9999
4669,451,1399,5,249
4670,737,3903,1,799
4671,2156,1992,5,699
4672,4606,3617,1,1999
4673,3442,4625,5,2499
4674,1171,4400,4,249
4675,2672,2695,1,199
4676,3945,78,1,299
4677,3795,920,3,499
4678,3839,3580,5,6999
4679,1080,3264,4,249
4680,4422,860,4,499
4681,4824,233,4,299
4682,331,211,1,1499
4683,3790,4830,2,199
4684,1833,4840,2,999
4685,4569,546,3,1499
4686,3027,4059,5,499
4687,4992,1450,2,349
4688,3703,1739,1,299
4689,1956,3032,1,399
4690,2070,236,2,1199
4691,1480,3674,3,4999
4692,545,2568,5,4999
4693,1252,2289,2,299
4694,635,4191,5,9999
4695,1007,2479,1,249
4696,977,4827,4,799
4697,3418,1308,5,599
4698,4398,4597,2,699
4699,4358,3838,1,499
4700,4414,544,5,599
4701,4177,4779,2,499
4702,2593,3961,5,499
4703,1703,1833,1,1999
4704,2539,3466,1,249
4705,3514,498,3,1999
4706,3187,1449,1,199
4707,29,4747,5,3999
4708,4066,1635,3,2999
4709,4231,4852,4,1499
4710,2854,2052,4,4999
4711,3029,1927,3,3999
4712,4096,134,3,4999
4713,4226,662,4,1499
4714,1306,544,4,249
4715,4041,3543,1,6999
4716,2490,490,3,599
4717,4419,3851,5,299
4718,6,3260,3,399
4719,4139,2442,3,249
4720,2527,4649,2,1199
4721,304,2006,4,4999
4722,4413,3870,3,9999
4723,2038,2877,4,399
4724,1132,4152,2,299
4725,867,1159,1,2999
4726,2556,2585,5,199
4727,1475,3438,1,249
4728,3004,369,2,2499
4729,1278,3798,2,6999
4730,3839,2811,3,999
4731,4970,2984,5,1499
4732,4651,3364,1,499
4733,694,1377,1,6999
4734,4088,3054,2,999
4735,929,1634,2,1999
4736,735,1669,5,799
4737,2611,2953,5,399
4738,271,2850,1,999
4739,326,3787,4,799
4740,635,3513,4,299
4741,1435,2736,4,3999
4742,2624,656,1,299
4743,101,2112,4,399
4744,3205,2032,5,1999
4745,3186,4074,4,1199
4746,1165,758,3,249
4747,1588,1606,1,799
4748,4002,1859,5,499
4749,4189,723,5,699
4750,3245,1394,2,4999
4751,2546,2475,4,1499
4752,4489,1722,4,4999
4753,4822,1933,5,299
4754,3528,530,1,999
4755,4995,234,2,699
4756,4295,3049,2,2999
4757,1073,4651,5,2999
4758,563,3677,4,799
4759,3658,3684,5,1199
4760,3294,392,3,299
4761,3443,3450,5,349
4762,3094,755,1,1199
4763,3225,101,4,999
4764,1288,60,1,2499
4765,1351,2293,3,299
4766,782,929,5,999
4767,1283,4180,4,4999
4768,1780,4275,3,699
4769,3953,4573,3,599
4770,3506,2037,1,249
4771,80,266,3,1199
4772,3694,290,1,249
4773,3886,1197,2,349
4774,3110,2191,2,699
4775,2787,2851,2,9999
4776,2152,3496,2,1999
4777,1919,4491,1,2499
4778,2964,160,5,1499
4779,790,1060,2,3999
4780,3955,338,4,199
4781,2893,2701,1,3999
4782,3341,3869,2,1999
4783,1114,4468,4,599
4784,155,3431,4,299
4785,4660,2228,4,6999
4786,2370,695,3,2499
4787,4669,2249,5,2999
4788,1932,1413,4,399
4789,4821,375,1,4999
4790,1105,2653,1,299
4791,3844,4818,5,399
4792,453,3646,1,2999
4793,2717,3943,3,1499
4794,862,2626,1,299
4795,4959,608,3,1999
4796,2645,946,1,499
4797,3465,1894,2,9999
4798,2007,2559,4,2499
4799,3527,2360,5,199
4800,3966,3382,2,799
4801,2581,4344,3,999
4802,1719,4477,3,199
4803,4405,3839,3,1499
4804,91,4716,3,349
4805,4465,554,3,199
4806,4895,1254,4,1199
4807,401,4310,3,699
4808,3052,3883,1,799
4809,3017,330,2,6999
4810,669,2083,3,1999
4811,422,2886,2,599
4812,1805,3815,2,249
4813,1299,3900,5,599
4814,1845,246,5,249
4815,4113,4254,2,499
4816,4365,4952,4,1199
4817,1016,1163,5,9999
4818,1542,3359,4,1499
4819,1050,273,3,9999
4820,1287,2163,2,699
4821,1953,4503,1,249
4822,2581,4281,2,249
4823,3398,321,1,249
4824,28,2465,3,699
4825,4310,3774,3,499
4826,4988,2597,2,3999
4827,2513,4132,5,1499
4828,578,1223,3,3999
4829,1156,2,1,199
4830,2389,2401,1,799
4831,1420,2252,2,2499
4832,1702,441,4,1999
4833,4384,4927,3,999
4834,327,4460,3,199
4835,4906,1119,2,999
4836,4833,800,3,699
4837,3800,1839,3,6999
4838,2500,4345,4,4999
4839,2543,3373,2,1199
4840,2611,3674,3,4999
4841,2861,1011,4,199
4842,1671,1410,3,9999
4843,3293,3477,1,699
4844,2481,2756,5,6999
4845,3823,4447,4,3999
4846,784,3002,4,999
4847,1116,568,4,6999
4848,1474,1549,1,3999
4849,1685,371,4,349
4850,2300,1359,5,199
4851,1205,4323,5,299
4852,521,3819,4,499
4853,3832,1288,5,2499
4854,3643,1927,2,799
4855,1768,4471,5,3999
4856,1560,4628,2,1999
4857,1138,182,3,4999
4858,2546,3687,4,599
4859,1937,2716,4,6999
4860,1602,259,1,3999
4861,3108,2485,2,4999
4862,3024,582,5,2999
4863,1022,1377,4,2999
4864,730,2284,1,599
4865,4232,3860,5,199
4866,4313,3369,2,349
4867,2561,4593,3,499
4868,2244,4597,1,2999
4869,2477,1240,4,1499
4870,4926,1787,5,499
4871,1479,4113,5,199
4872,1573,4525,4,9999
4873,166,4381,4,299
4874,14,3844,5,799
4875,1228,3228,2,399
4876,910,2053,5,999
4877,84,1795,1,2999
4878,2736,3988,2,1499
4879,1289,3415,4,199
4880,4336,1575,2,799
4881,3227,3612,2,6999
4882,4531,2775,4,6999
4883,2285,107,2,499
4884,1778,3976,5,2499
4885,1339,3855,3,9999
4886,1227,2978,2,6999
4887,4636,3315,4,999
4888,4820,4126,4,1999
4889,1838,3487,5,3999
4890,609,3050,5,9999
4891,3957,1252,4,3999
4892,1960,4180,5,9999
4893,3402,4321,2,349
4894,4190,1806,5,2999
4895,4747,1101,4,399
4896,3895,3040,1,6999
4897,418,109,5,599
4898,4805,219,3,199
4899,3428,2665,3,2499
4900,1843,647,2,1499
4901,3894,2254,3,699
4902,4237,4306,4,699
4903,1062,4159,2,399
4904,1213,2122,2,599
4905,62,3422,5,6999
4906,685,4608,1,1499
4907,1356,3615,4,2999
4908,1715,437,5,249
4909,515,2905,5,599
4910,4187,2495,2,9999
4911,1113,90,1,699
4912,4113,504,5,3999
4913,3887,105,4,349
4914,1675,3390,3,399
4915,2142,107,5,499
4916,407,3345,5,349
4917,3638,2295,5,1199
4918,1028,4559,3,199
4919,642,3875,1,1499
4920,3540,3975,5,2999
4921,2602,3807,4,499
4922,3192,2557,2,349
4923,3426,3637,4,1199
4924,3140,4567,2,699
4925,4060,1722,5,999
4926,2400,3358,1,399
4927,2174,4707,2,9999
4928,2341,4786,1,1199
4929,863,3725,1,1999
4930,1517,4618,4,1199
4931,3221,4243,5,399
4932,2648,173,2,4999
4933,723,1577,5,599
4934,2199,227,3,799
4935,2777,4265,5,799
4936,4295,354,2,2499
4937,1399,1915,3,599
4938,546,2457,2,349
4939,1991,3105,1,999
4940,4718,4270,1,1199
4941,4077,2406,5,1199
4942,4855,4847,1,249
4943,2227,4878,5,1199
4944,4507,2504,1,4999
4945,4484,4187,2,699
4946,2698,2922,3,3999
4947,1685,1687,2,3999
4948,630,2220,2,2499
4949,1804,2834,3,3999
4950,4134,3839,4,349
4951,2989,463,4,799
4952,4004,2922,4,699
4953,2579,3773,2,3999
4954,210,774,5,499
4955,614,4165,4,399
4956,1734,3574,1,499
4957,432,4535,5,499
4958,3381,4656,5,2999
4959,1625,3582,5,799
4960,4908,120,3,799
4961,3544,4165,4,9999
4962,1536,3811,3,3999
4963,3844,3048,2,499
4964,715,2131,4,349
4965,3532,397,5,799
4966,3020,1155,2,199
4967,1146,4945,4,349
4968,4097,4601,2,699
4969,3607,4980,2,399
4970,3386,4391,1,599
4971,3455,3754,4,349
4972,125,498,1,199
4973,2973,2812,3,799
4974,4624,2580,4,599
4975,928,1920,3,2499
4976,235,1238,4,6999
4977,3525,4223,1,199
4978,1205,629,4,199
4979,3774,3395,3,2499
4980,4772,1149,4,499
4981,2001,1815,1,249
4982,1163,621,1,3999
4983,4194,3211,4,699
4984,1196,1968,2,249
4985,217,3859,3,2999
4986,652,2779,1,1499
4987,3538,3609,1,999
4988,1249,990,4,399
4989,1789,1620,1,3999
4990,1289,2383,4,599
4991,1865,4118,5,499
4992,197,1499,2,249
4993,2920,4250,3,2499
4994,2557,361,5,799
4995,2148,1001,5,199
4996,3655,97,5,299
4997,4341,1895,3,349
4998,1423,3824,1,399
4999,1685,1258,4,4999
5000,1435,960,2,599
