OrderID,CustomerID,OrderDate,Status,AddressID
1,999,2020-06-13,Pending,1326
2,902,2020-05-14,Cancelled,3480
3,2310,2026-08-05,Delivered,2452
4,1598,2025-05-10,Confirmed,4551
5,4071,2025-05-30,Pending,1627
6,2880,2021-02-28,Confirmed,546
7,1028,2022-09-13,Shipped,3510
8,2920,2020-04-10,Shipped,4063
9,658,2022-12-17,Returned,2083
10,4751,2023-04-11,Confirmed,2186
11,3104,2023-08-02,Cancelled,1556
12,3681,2022-11-12,Cancelled,676
13,1469,2024-12-04,Delivered,4041
14,2800,2023-12-16,Pending,4776
15,2752,2021-01-14,Confirmed,4889
16,1526,2024-01-26,Cancelled,123
17,4859,2023-10-13,Confirmed,4146
18,3798,2021-01-06,Returned,1083
19,3033,2026-02-15,Pending,822
20,4725,2024-05-26,Shipped,4170
21,2818,2020-01-07,Shipped,4986
22,812,2020-09-29,Shipped,973
23,1813,2026-03-18,Pending,789
24,4847,2022-10-25,Delivered,4580
25,3792,2025-08-21,Returned,4672
26,21,2021-03-04,Delivered,4896
27,1206,2021-08-18,Returned,247
28,1761,2022-04-08,Shipped,885
29,90,2022-12-17,Cancelled,1498
30,2056,2020-01-09,Returned,442
31,4834,2022-05-12,Returned,853
32,69,2021-10-09,Shipped,4891
33,2446,2021-01-29,Returned,1531
34,1183,2022-02-19,Confirmed,30
35,3663,2026-03-13,Pending,4926
36,1866,2025-08-28,Cancelled,3825
37,892,2023-04-24,Cancelled,4055
38,2618,2021-07-23,Confirmed,3334
39,2214,2026-03-21,Confirmed,532
40,2713,2022-02-07,Pending,549
41,1276,2020-01-25,Returned,310
42,105,2023-04-04,Confirmed,4187
43,2071,2025-02-28,Cancelled,1656
44,3839,2025-04-30,Shipped,2466
45,3767,2022-12-09,Delivered,542
46,622,2021-11-16,Returned,4406
47,2304,2025-11-22,Pending,909
48,2,2025-11-03,Confirmed,1528
49,2239,2022-09-24,Shipped,1246
50,207,2022-03-29,Confirmed,1423
51,3712,2021-05-31,Shipped,3800
52,2913,2021-04-20,Confirmed,2738
53,3231,2024-12-19,Returned,1644
54,3461,2026-04-03,Returned,2897
55,1512,2022-11-19,Pending,3712
56,3513,2023-03-21,Confirmed,4700
57,2831,2026-06-07,Shipped,3730
58,1979,2022-01-28,Shipped,3500
59,3701,2022-12-15,Cancelled,4918
60,2729,2020-03-05,Returned,4326
61,4268,2023-06-02,Shipped,698
62,3702,2025-07-09,Delivered,2867
63,3064,2021-01-13,Cancelled,258
64,174,2023-03-06,Delivered,4221
65,1769,2025-03-26,Pending,4600
66,4711,2023-01-19,Cancelled,4496
67,1756,2026-02-28,Shipped,2598
68,701,2026-02-24,Shipped,1398
69,437,2025-09-16,Pending,4862
70,2255,2023-02-11,Shipped,2323
71,3867,2021-06-16,Returned,1225
72,1362,2022-11-15,Cancelled,3074
73,4221,2022-02-19,Returned,4515
74,108,2022-04-14,Cancelled,636
75,1596,2020-01-08,Confirmed,2639
76,1144,2023-11-10,Confirmed,3683
77,2569,2025-08-17,Confirmed,503
78,226,2020-09-26,Shipped,1393
79,284,2023-12-27,Cancelled,3456
80,2254,2024-11-04,Shipped,2812
81,2738,2020-12-22,Pending,2875
82,1958,2020-08-16,Delivered,4437
83,1555,2020-01-22,Confirmed,3606
84,2337,2021-12-23,Delivered,3886
85,4651,2025-12-17,Shipped,2090
86,4918,2024-09-04,Delivered,2816
87,3139,2024-08-14,Cancelled,3619
88,3682,2022-01-02,Confirmed,1537
89,2065,2025-05-23,Cancelled,2319
90,4147,2022-12-25,Delivered,2351
91,4637,2025-06-18,Confirmed,3237
92,189,2022-02-06,Pending,4417
93,1749,2022-02-16,Returned,874
94,376,2023-03-13,Returned,3365
95,2013,2021-06-20,Delivered,2367
96,1030,2022-06-20,Shipped,1358
97,2710,2023-04-22,Delivered,3429
98,214,2021-05-03,Pending,2684
99,4106,2023-08-01,Confirmed,2405
100,3777,2023-09-20,Shipped,3430
101,2047,2025-04-18,Shipped,1432
102,1819,2024-01-06,Returned,4027
103,569,2023-01-29,Delivered,2809
104,1611,2020-03-25,Confirmed,4453
105,3784,2022-10-14,Confirmed,1615
106,4508,2020-03-26,Pending,4229
107,1855,2021-10-19,Delivered,1870
108,2212,2021-02-03,Cancelled,1097
109,161,2020-05-17,Cancelled,145
110,232,2022-03-17,Shipped,2250
111,704,2023-09-25,Confirmed,3237
112,1075,2025-02-12,Cancelled,3953
113,4734,2026-01-18,Returned,4151
114,138,2025-09-16,Shipped,304
115,4879,2026-06-28,Cancelled,345
116,1891,2021-06-25,Confirmed,1502
117,4158,2020-09-04,Delivered,1979
118,4705,2024-03-08,Confirmed,2665
119,781,2020-10-20,Shipped,3650
120,4977,2024-06-02,Delivered,3876
121,4797,2022-02-19,Pending,174
122,2066,2020-09-28,Confirmed,897
123,1274,2022-10-02,Delivered,3461
124,1363,2026-04-25,Delivered,1458
125,3299,2022-02-23,Cancelled,3664
126,2090,2025-06-27,Delivered,4322
127,1077,2022-09-27,Delivered,936
128,4423,2021-07-31,Delivered,3984
129,2448,2026-07-11,Confirmed,49
130,1485,2021-04-20,Pending,3179
131,672,2021-12-14,Delivered,1718
132,4574,2024-03-07,Confirmed,2564
133,4842,2021-07-13,Confirmed,816
134,3478,2021-12-21,Delivered,4946
135,4341,2024-03-11,Delivered,4957
136,4231,2024-12-10,Confirmed,1141
137,2221,2026-02-01,Delivered,3039
138,4934,2025-08-11,Shipped,1173
139,1829,2020-11-08,Pending,1000
140,4517,2020-12-28,Delivered,133
141,3781,2025-09-09,Shipped,4266
142,2490,2020-01-23,Shipped,884
143,2284,2020-11-10,Returned,2768
144,3291,2020-02-02,Pending,827
145,4958,2020-12-08,Delivered,1794
146,4168,2021-11-03,Delivered,2744
147,4522,2021-07-12,Pending,4656
148,2211,2020-03-11,Shipped,4805
149,3912,2023-04-28,Shipped,2509
150,4323,2025-11-30,Pending,4521
151,4200,2022-01-08,Cancelled,62
152,2009,2020-03-09,Shipped,1516
153,637,2024-09-16,Confirmed,4006
154,4822,2025-07-28,Cancelled,1228
155,2006,2023-04-18,Shipped,20
156,4098,2020-04-18,Confirmed,4600
157,3144,2022-12-09,Shipped,2936
158,4163,2020-07-05,Confirmed,4123
159,2028,2020-02-04,Returned,3083
160,2998,2023-07-04,Delivered,1433
161,4524,2025-07-13,Delivered,4173
162,3795,2020-02-15,Confirmed,3293
163,3810,2021-01-17,Cancelled,1931
164,899,2023-03-02,Returned,3261
165,2512,2025-05-31,Confirmed,2396
166,2392,2022-02-01,Pending,2178
167,1567,2020-03-23,Confirmed,2910
168,798,2022-03-24,Pending,4932
169,982,2022-12-08,Confirmed,3820
170,1774,2020-02-20,Returned,3673
171,2375,2020-06-05,Cancelled,93
172,1784,2021-12-17,Delivered,175
173,2173,2025-04-10,Pending,4589
174,1766,2020-06-14,Delivered,2540
175,1261,2024-09-12,Pending,939
176,1454,2021-02-21,Pending,4661
177,2121,2026-07-19,Confirmed,553
178,1056,2026-01-15,Cancelled,412
179,3322,2025-09-24,Delivered,4623
180,4846,2021-08-03,Confirmed,1065
181,2353,2026-07-15,Pending,4577
182,4073,2025-11-12,Returned,822
183,531,2021-05-23,Delivered,4954
184,4426,2020-11-20,Cancelled,2774
185,1792,2022-09-02,Returned,1208
186,301,2025-04-30,Shipped,1692
187,3764,2023-02-06,Delivered,1469
188,4592,2025-11-01,Cancelled,1803
189,3389,2025-07-13,Confirmed,4312
190,4459,2025-12-21,Cancelled,4299
191,4465,2021-08-31,Delivered,1763
192,2150,2025-07-19,Delivered,3639
193,4054,2025-08-11,Shipped,3528
194,2017,2025-10-25,Pending,4893
195,1340,2023-03-05,Cancelled,4614
196,1185,2022-02-10,Pending,4169
197,1875,2023-06-16,Returned,3945
198,4682,2024-05-01,Delivered,2795
199,250,2023-11-20,Delivered,4125
200,248,2025-06-28,Pending,3192
201,188,2021-02-28,Pending,4712
202,4735,2020-03-26,Confirmed,1786
203,802,2025-08-02,Cancelled,299
204,2631,2023-09-15,Pending,4603
205,3884,2024-06-05,Confirmed,4490
206,1076,2024-06-25,Shipped,4977
207,3490,2026-01-17,Returned,1780
208,1508,2022-02-02,Delivered,394
209,3208,2026-05-23,Pending,1338
210,2451,2024-07-22,Shipped,1830
211,250,2024-02-10,Confirmed,1876
212,264,2020-09-15,Confirmed,639
213,699,2022-05-31,Confirmed,4154
214,4912,2022-08-21,Confirmed,353
215,1199,2020-07-01,Shipped,2357
216,305,2024-12-23,Confirmed,3872
217,2590,2023-05-18,Cancelled,2700
218,4317,2025-07-18,Pending,1830
219,1470,2020-11-15,Confirmed,3736
220,145,2025-04-28,Pending,2030
221,410,2023-02-12,Confirmed,1779
222,1365,2026-07-07,Confirmed,1695
223,3362,2025-01-11,Shipped,2002
224,2482,2022-06-22,Delivered,4101
225,2055,2024-11-30,Delivered,720
226,1815,2023-06-09,Confirmed,1965
227,308,2020-03-03,Pending,572
228,1769,2025-12-15,Returned,3368
229,4851,2023-02-20,Delivered,334
230,613,2022-12-16,Delivered,2557
231,1462,2020-07-23,Confirmed,3769
232,1496,2024-02-23,Confirmed,4208
233,2553,2023-09-23,Pending,79
234,1415,2020-12-06,Confirmed,998
235,3834,2024-02-29,Returned,1212
236,4518,2024-06-18,Cancelled,4929
237,4473,2024-08-23,Returned,483
238,3421,2025-04-02,Delivered,4588
239,1733,2025-07-05,Shipped,2831
240,2669,2020-11-15,Shipped,2038
241,2549,2024-02-02,Delivered,1151
242,785,2022-01-27,Shipped,4977
243,1948,2020-09-17,Pending,3539
244,3824,2022-07-18,Confirmed,3462
245,3623,2021-03-04,Shipped,1873
246,222,2020-04-30,Shipped,4337
247,61,2025-09-10,Shipped,4276
248,2220,2023-03-18,Returned,3022
249,1533,2022-06-16,Returned,90
250,4750,2026-05-21,Pending,786
251,4545,2025-05-01,Delivered,4621
252,4102,2023-02-18,Confirmed,1319
253,3738,2024-04-08,Returned,1887
254,1767,2021-10-13,Shipped,1878
255,4965,2022-03-06,Pending,1921
256,4185,2024-06-24,Returned,4572
257,939,2026-06-21,Pending,941
258,2032,2021-05-13,Pending,4994
259,4338,2026-03-01,Shipped,2512
260,2933,2023-01-16,Shipped,4666
261,2536,2021-06-17,Delivered,432
262,608,2023-05-02,Cancelled,2889
263,303,2026-02-19,Pending,4977
264,3029,2020-12-12,Shipped,3377
265,697,2021-10-31,Confirmed,4758
266,988,2023-05-22,Returned,2147
267,1856,2025-07-03,Confirmed,3488
268,3513,2020-09-24,Delivered,1802
269,1954,2024-11-28,Shipped,1479
270,2558,2020-12-11,Cancelled,3600
271,2216,2024-09-07,Returned,2912
272,1298,2025-09-07,Delivered,4663
273,3529,2024-11-22,Confirmed,1797
274,3457,2022-03-05,Pending,3341
275,3002,2024-07-06,Shipped,4162
276,2518,2026-06-15,Shipped,2622
277,140,2023-09-19,Pending,3710
278,2606,2023-11-13,Returned,717
279,1626,2020-03-10,Pending,3442
280,143,2021-03-06,Cancelled,2465
281,2349,2024-06-13,Delivered,89
282,4847,2023-02-05,Shipped,2571
283,2576,2023-07-25,Pending,181
284,4448,2024-06-12,Shipped,4886
285,584,2021-07-11,Delivered,2018
286,4206,2024-02-28,Returned,2232
287,1113,2020-04-04,Returned,1609
288,1728,2020-02-11,Delivered,4881
289,4226,2021-10-11,Delivered,31
290,2176,2020-03-10,Returned,4921
291,3095,2023-04-21,Cancelled,353
292,3388,2020-06-16,Delivered,2798
293,3459,2021-04-19,Cancelled,3118
294,4131,2020-04-27,Pending,986
295,3201,2022-01-04,Confirmed,4597
296,1781,2025-06-12,Confirmed,2091
297,344,2022-01-13,Confirmed,2140
298,3171,2022-07-23,Pending,2836
299,3465,2026-02-08,Pending,2913
300,2999,2021-07-07,Confirmed,1696
301,1086,2023-12-21,Confirmed,750
302,1034,2022-10-21,Confirmed,2840
303,4621,2023-08-06,Cancelled,4725
304,791,2023-02-15,Shipped,4835
305,1190,2022-09-08,Confirmed,4736
306,3238,2023-01-12,Returned,521
307,4176,2022-10-03,Delivered,1376
308,1825,2020-03-06,Cancelled,923
309,51,2026-05-20,Returned,4504
310,8,2025-01-24,Pending,4708
311,660,2020-02-12,Shipped,3196
312,594,2023-01-04,Confirmed,826
313,2764,2023-08-17,Returned,655
314,334,2021-10-23,Pending,955
315,610,2026-01-01,Returned,970
316,1938,2024-08-04,Delivered,743
317,673,2020-04-03,Delivered,3365
318,460,2022-02-09,Cancelled,226
319,3912,2023-10-18,Shipped,4442
320,626,2024-03-25,Cancelled,739
321,3013,2021-09-03,Confirmed,654
322,4435,2020-10-24,Pending,3403
323,898,2023-02-11,Shipped,1185
324,3497,2026-01-20,Pending,2712
325,4102,2020-02-11,Returned,4472
326,456,2021-11-28,Confirmed,1511
327,440,2024-04-30,Cancelled,507
328,4352,2023-03-04,Returned,3950
329,4698,2020-12-28,Cancelled,2562
330,1507,2021-09-07,Shipped,3157
331,1983,2025-01-21,Delivered,3927
332,1939,2022-12-26,Delivered,423
333,4573,2023-12-21,Cancelled,3056
334,2508,2023-03-10,Returned,420
335,3590,2025-07-29,Shipped,2366
336,565,2024-08-17,Pending,4588
337,4349,2021-02-27,Confirmed,4797
338,2484,2025-02-16,Pending,2375
339,609,2023-03-05,Returned,4149
340,3111,2020-01-14,Confirmed,2825
341,652,2024-09-26,Pending,4264
342,4187,2022-08-03,Delivered,1073
343,3305,2023-04-07,Delivered,3392
344,1441,2026-03-06,Delivered,1367
345,3555,2024-02-15,Delivered,2696
346,2895,2025-02-27,Confirmed,3852
347,3624,2020-10-13,Cancelled,4812
348,20,2020-07-09,Shipped,1172
349,276,2024-12-10,Pending,2825
350,1700,2024-03-12,Cancelled,1263
351,2215,2023-11-25,Cancelled,1363
352,4754,2025-12-22,Returned,420
353,633,2020-02-04,Shipped,1612
354,385,2024-12-01,Delivered,152
355,3281,2024-03-18,Shipped,1617
356,3695,2021-05-24,Delivered,2005
357,4519,2024-05-02,Confirmed,1856
358,531,2020-09-30,Shipped,2823
359,233,2024-02-09,Shipped,2833
360,4963,2026-01-20,Delivered,1409
361,2565,2022-07-19,Delivered,1605
362,1222,2020-05-04,Shipped,84
363,1626,2024-10-28,Confirmed,4929
364,1983,2026-04-19,Pending,4213
365,3301,2022-08-29,Shipped,1513
366,1941,2025-08-11,Delivered,3001
367,1360,2020-05-25,Pending,2695
368,3359,2021-07-24,Cancelled,3259
369,2279,2022-03-10,Confirmed,3054
370,4154,2023-01-05,Shipped,3374
371,2744,2021-06-19,Shipped,4828
372,4216,2021-12-30,Confirmed,1350
373,3969,2021-07-19,Returned,1690
374,4046,2022-10-29,Shipped,4323
375,684,2025-08-29,Pending,608
376,1913,2023-02-24,Pending,2565
377,731,2026-07-14,Shipped,3970
378,443,2025-04-28,Returned,4935
379,3591,2025-02-23,Pending,1449
380,3771,2024-12-03,Returned,1845
381,2576,2021-05-10,Shipped,3395
382,283,2022-02-17,Confirmed,525
383,2779,2024-12-13,Cancelled,1218
384,2456,2026-02-28,Pending,3327
385,3139,2021-01-30,Confirmed,1038
386,602,2021-05-23,Pending,3041
387,2537,2023-04-29,Returned,3950
388,4139,2024-09-28,Cancelled,1094
389,2119,2024-11-12,Cancelled,4038
390,4100,2023-10-01,Shipped,2712
391,1205,2020-01-13,Returned,1033
392,3307,2021-02-25,Confirmed,4194
393,217,2026-03-22,Cancelled,1864
394,2045,2023-06-22,Delivered,597
395,4493,2021-02-13,Confirmed,1864
396,4330,2020-09-01,Shipped,1426
397,4088,2026-05-31,Pending,83
398,4026,2020-12-11,Pending,3028
399,1491,2023-01-10,Shipped,2370
400,3187,2026-02-08,Delivered,2993
401,4434,2023-02-23,Shipped,189
402,1842,2024-08-23,Pending,1879
403,1159,2021-12-21,Pending,1279
404,3666,2022-08-16,Shipped,1046
405,2544,2023-01-27,Confirmed,668
406,702,2021-05-04,Confirmed,1350
407,3364,2024-12-03,Cancelled,1408
408,854,2025-02-05,Returned,2815
409,4591,2020-06-14,Confirmed,2666
410,4207,2021-10-07,Shipped,902
411,2477,2024-08-25,Confirmed,4812
412,3919,2024-12-02,Cancelled,4780
413,913,2021-06-03,Delivered,2155
414,4019,2024-05-19,Returned,3484
415,1636,2023-02-04,Shipped,358
416,2227,2021-03-07,Shipped,3491
417,2936,2024-05-23,Delivered,6
418,4752,2020-01-04,Pending,4958
419,3420,2022-10-09,Confirmed,4026
420,947,2021-06-07,Returned,4737
421,3240,2022-07-06,Delivered,85
422,21,2024-09-08,Confirmed,1794
423,2614,2023-07-21,Cancelled,4873
424,3708,2021-10-24,Returned,851
425,2233,2023-01-31,Cancelled,3686
426,1726,2024-10-25,Confirmed,2225
427,3079,2026-06-19,Delivered,778
428,1476,2026-04-06,Delivered,195
429,2035,2020-04-15,Confirmed,4953
430,2658,2020-08-22,Delivered,4567
431,830,2024-12-29,Pending,4440
432,3430,2025-05-18,Returned,4760
433,2320,2021-08-18,Delivered,3711
434,4692,2021-08-17,Pending,3012
435,3832,2022-03-08,Delivered,4078
436,3302,2026-01-01,Shipped,4584
437,4996,2023-01-15,Shipped,1085
438,1917,2021-05-20,Confirmed,2414
439,1923,2026-06-29,Shipped,76
440,2108,2024-10-25,Cancelled,1401
441,3852,2024-01-02,Delivered,4677
442,1060,2026-05-16,Returned,3497
443,253,2026-03-26,Shipped,3526
444,4794,2021-03-23,Shipped,4070
445,4591,2023-03-23,Pending,3039
446,1657,2022-12-28,Shipped,3694
447,4190,2021-12-28,Returned,4526
448,108,2023-12-09,Cancelled,4176
449,2994,2021-05-17,Confirmed,653
450,1030,2023-05-25,Cancelled,3426
451,190,2025-11-23,Confirmed,758
452,1173,2021-12-28,Shipped,3120
453,1908,2022-10-08,Confirmed,1951
454,2559,2026-01-28,Cancelled,1455
455,1515,2024-04-15,Shipped,2670
456,4351,2025-07-15,Confirmed,814
457,1310,2022-08-08,Delivered,2170
458,4245,2021-01-28,Cancelled,3797
459,2145,2022-01-29,Confirmed,4894
460,2424,2023-02-11,Cancelled,4798
461,1047,2020-01-28,Returned,3467
462,4802,2023-01-17,Confirmed,973
463,3033,2023-06-14,Shipped,3430
464,2521,2021-05-07,Delivered,4774
465,3686,2024-01-06,Pending,4021
466,4937,2022-01-09,Shipped,1236
467,1899,2020-01-27,Pending,1875
468,1535,2022-06-21,Cancelled,3129
469,3772,2023-10-20,Returned,4869
470,3506,2021-06-16,Cancelled,2968
471,3797,2026-01-29,Returned,4048
472,2877,2020-06-17,Shipped,3679
473,998,2020-04-17,Pending,898
474,2545,2024-06-23,Confirmed,2616
475,652,2022-02-21,Cancelled,2003
476,2078,2025-02-14,Delivered,1598
477,3027,2022-11-21,Confirmed,106
478,4772,2021-10-31,Cancelled,2196
479,2138,2023-12-17,Confirmed,1180
480,802,2025-03-06,Pending,4992
481,2563,2020-09-04,Shipped,1837
482,4870,2020-12-05,Shipped,494
483,1913,2023-01-19,Returned,2653
484,2158,2021-06-23,Confirmed,4047
485,3040,2025-08-09,Pending,568
486,1632,2024-10-17,Shipped,4356
487,3801,2025-08-09,Shipped,1126
488,4589,2025-01-12,Delivered,2770
489,3859,2023-04-06,Cancelled,2870
490,1406,2023-08-26,Returned,4454
491,3491,2021-06-18,Delivered,321
492,1328,2024-10-12,Delivered,4222
493,3455,2020-09-26,Shipped,193
494,208,2024-03-24,Cancelled,3547
495,3286,2025-01-24,Shipped,1138
496,202,2021-10-30,Pending,3339
497,2817,2021-10-25,Pending,299
498,2990,2021-04-02,Pending,2945
499,2524,2025-01-09,Pending,1638
500,4961,2026-06-29,Shipped,1259
501,4327,2023-04-18,Confirmed,1333
502,2971,2023-03-23,Cancelled,2147
503,3825,2023-08-13,Pending,2350
504,4586,2022-11-30,Cancelled,1222
505,2923,2020-03-04,Delivered,3473
506,1287,2020-10-22,Confirmed,1537
507,2081,2025-12-28,Delivered,3913
508,4800,2024-10-30,Delivered,1632
509,3537,2020-03-20,Returned,3307
510,1171,2020-07-25,Confirmed,3324
511,4975,2025-09-15,Returned,2483
512,1312,2020-08-06,Pending,2933
513,2199,2025-11-19,Returned,3776
514,827,2021-11-09,Confirmed,1688
515,2010,2020-06-15,Cancelled,1469
516,1847,2020-01-08,Shipped,3941
517,4032,2024-10-19,Confirmed,883
518,2621,2024-11-22,Cancelled,3089
519,3553,2024-02-25,Confirmed,3249
520,4035,2022-12-23,Pending,178
521,2770,2022-05-18,Cancelled,1032
522,1867,2024-09-27,Shipped,1310
523,1682,2023-10-27,Shipped,3185
524,3858,2024-01-26,Returned,2211
525,2661,2022-09-12,Shipped,3577
526,604,2024-07-30,Shipped,3177
527,1025,2020-03-14,Confirmed,1127
528,934,2026-01-06,Pending,1118
529,72,2025-11-11,Shipped,393
530,1952,2020-03-31,Shipped,329
531,3379,2021-11-28,Returned,4550
532,3695,2024-04-13,Confirmed,4033
533,4697,2024-12-12,Cancelled,552
534,3998,2022-03-11,Cancelled,2344
535,3404,2024-07-29,Confirmed,4930
536,2387,2023-03-03,Cancelled,1233
537,1313,2020-01-20,Pending,1172
538,3858,2026-05-26,Returned,2598
539,4299,2025-04-08,Shipped,2486
540,720,2025-08-25,Shipped,264
541,3486,2023-11-02,Cancelled,1478
542,1918,2020-09-01,Pending,833
543,3743,2020-10-31,Shipped,267
544,1267,2023-03-23,Confirmed,1552
545,609,2022-06-04,Delivered,4316
546,474,2022-12-20,Shipped,1997
547,3936,2024-07-16,Delivered,1957
548,3946,2021-11-11,Shipped,3559
549,1191,2026-01-19,Pending,4421
550,3279,2021-01-28,Pending,1194
551,2011,2025-09-24,Delivered,3818
552,2537,2023-06-08,Returned,1205
553,4290,2024-12-13,Pending,1988
554,2266,2025-09-03,Returned,1575
555,3002,2023-06-03,Pending,4707
556,3307,2022-01-14,Cancelled,1949
557,2253,2024-09-18,Confirmed,133
558,2633,2023-11-18,Cancelled,927
559,2314,2024-03-19,Delivered,4053
560,3469,2023-08-13,Shipped,3300
561,2394,2021-02-24,Returned,2411
562,1949,2020-06-11,Cancelled,352
563,2724,2020-05-16,Shipped,3252
564,2749,2023-03-16,Delivered,2304
565,3858,2021-07-03,Confirmed,4363
566,3997,2020-12-30,Pending,2202
567,1549,2025-07-01,Cancelled,2774
568,3566,2022-04-08,Delivered,3991
569,1979,2022-02-17,Cancelled,3883
570,4647,2023-09-19,Returned,1802
571,2825,2022-12-25,Returned,2568
572,2153,2020-07-11,Confirmed,3315
573,1066,2023-06-15,Shipped,407
574,2006,2023-03-08,Confirmed,453
575,1714,2023-08-11,Confirmed,476
576,3450,2021-08-15,Confirmed,4761
577,84,2022-02-02,Shipped,139
578,4557,2021-11-01,Pending,1176
579,2593,2025-03-06,Pending,1383
580,599,2025-11-11,Pending,147
581,3038,2026-03-13,Delivered,2987
582,3427,2023-05-16,Pending,604
583,685,2025-06-24,Shipped,2557
584,331,2021-10-26,Returned,2442
585,3449,2020-06-01,Confirmed,963
586,2181,2026-07-09,Confirmed,923
587,4443,2020-02-18,Returned,2723
588,2621,2020-01-16,Confirmed,793
589,4430,2022-07-03,Returned,570
590,1731,2026-02-26,Shipped,3190
591,860,2021-01-20,Cancelled,1832
592,2147,2026-07-22,Shipped,1415
593,3259,2026-03-29,Cancelled,1286
594,4779,2021-02-21,Delivered,820
595,2154,2024-04-16,Pending,1448
596,3559,2023-11-25,Pending,1107
597,3983,2024-07-26,Cancelled,4011
598,4205,2025-05-21,Pending,4817
599,4549,2024-08-03,Cancelled,1981
600,3154,2023-03-11,Confirmed,314
601,3422,2022-12-13,Delivered,2285
602,456,2026-06-09,Cancelled,4369
603,4140,2023-06-27,Delivered,3879
604,3316,2024-12-19,Delivered,1524
605,2359,2023-11-09,Shipped,1231
606,248,2020-11-30,Confirmed,3327
607,4508,2022-04-07,Pending,2451
608,508,2025-05-09,Confirmed,1190
609,982,2025-05-28,Cancelled,996
610,3587,2020-09-05,Cancelled,19
611,1016,2024-07-13,Pending,206
612,1512,2022-02-04,Shipped,4198
613,912,2020-05-26,Confirmed,2337
614,3106,2026-01-23,Returned,2505
615,532,2025-10-12,Shipped,4076
616,2929,2022-07-16,Delivered,2790
617,4001,2023-05-18,Confirmed,162
618,703,2021-11-14,Pending,2668
619,70,2021-01-10,Confirmed,123
620,4845,2025-07-14,Cancelled,307
621,637,2026-05-14,Shipped,2007
622,3045,2020-05-13,Delivered,291
623,3197,2020-11-10,Cancelled,1756
624,4560,2025-12-12,Returned,1232
625,1504,2024-10-16,Pending,2406
626,3715,2023-01-06,Cancelled,1922
627,52,2022-12-16,Returned,4750
628,333,2023-10-27,Shipped,4792
629,826,2020-06-17,Confirmed,3692
630,4797,2025-03-04,Confirmed,4858
631,3210,2021-07-03,Returned,4811
632,3178,2023-06-10,Cancelled,3942
633,4874,2025-06-29,Cancelled,1716
634,906,2021-06-27,Returned,942
635,1398,2026-04-06,Shipped,534
636,52,2023-12-18,Returned,1723
637,45,2023-12-23,Confirmed,2307
638,4315,2022-05-27,Shipped,2984
639,4522,2020-07-23,Cancelled,1212
640,3633,2020-10-13,Cancelled,2891
641,3101,2021-05-26,Cancelled,2298
642,86,2020-12-24,Pending,1241
643,1748,2023-12-02,Returned,1283
644,1874,2023-06-15,Delivered,3489
645,1052,2021-01-29,Confirmed,2711
646,760,2023-03-25,Delivered,1306
647,4298,2024-08-03,Shipped,3914
648,3851,2020-11-28,Returned,2060
649,3903,2021-02-25,Shipped,4179
650,856,2025-10-03,Shipped,4381
651,3739,2025-01-15,Delivered,2823
652,3416,2020-07-29,Cancelled,1483
653,3851,2025-09-11,Delivered,2617
654,2441,2024-10-18,Pending,4055
655,1331,2026-03-20,Delivered,477
656,4003,2022-10-20,Confirmed,4228
657,149,2024-04-03,Confirmed,4676
658,3181,2025-03-07,Returned,99
659,2494,2025-11-09,Delivered,1858
660,3243,2021-03-17,Pending,4429
661,4416,2024-03-11,Cancelled,1501
662,346,2024-11-29,Shipped,854
663,2840,2020-11-28,Cancelled,4406
664,256,2021-11-14,Cancelled,1762
665,3716,2020-04-26,Returned,2213
666,4487,2024-11-23,Delivered,2786
667,1468,2021-07-27,Pending,3229
668,1180,2026-02-07,Pending,4272
669,2818,2026-03-21,Returned,4878
670,4552,2021-05-04,Returned,636
671,3169,2025-12-23,Cancelled,2806
672,2167,2024-04-21,Returned,2887
673,1260,2021-03-03,Confirmed,1549
674,908,2026-07-24,Returned,4391
675,544,2023-10-20,Cancelled,2353
676,4458,2026-03-29,Returned,3267
677,2497,2022-10-12,Cancelled,1212
678,1830,2021-12-01,Confirmed,1169
679,117,2022-12-16,Returned,3828
680,752,2020-01-16,Delivered,2042
681,3906,2020-12-17,Confirmed,488
682,1456,2023-09-01,Cancelled,699
683,853,2024-03-29,Confirmed,2508
684,2189,2022-07-17,Cancelled,3366
685,1948,2022-01-28,Returned,31
686,3038,2021-09-21,Pending,1922
687,3478,2021-01-12,Cancelled,3876
688,3294,2022-10-20,Confirmed,3073
689,4636,2022-11-26,Delivered,2305
690,1096,2025-03-09,Cancelled,4386
691,821,2021-06-29,Delivered,1677
692,107,2025-11-16,Pending,2435
693,440,2024-02-19,Cancelled,1276
694,660,2023-06-07,Cancelled,4679
695,646,2021-05-10,Delivered,2782
696,4193,2026-03-24,Returned,4534
697,3780,2021-07-18,Returned,4380
698,559,2024-09-30,Cancelled,1300
699,3693,2023-01-18,Delivered,439
700,1882,2024-02-08,Returned,4015
701,1712,2026-04-22,Confirmed,4166
702,222,2024-03-22,Returned,4948
703,2464,2021-08-30,Confirmed,30
704,844,2022-09-08,Delivered,3111
705,1326,2020-06-01,Delivered,566
706,325,2025-12-19,Pending,3716
707,3548,2024-10-14,Delivered,3819
708,462,2023-04-05,Delivered,710
709,450,2025-07-09,Pending,1829
710,3501,2020-03-25,Returned,1979
711,2629,2022-08-26,Shipped,889
712,1668,2025-07-19,Cancelled,226
713,1257,2026-07-08,Pending,4046
714,1823,2022-05-26,Shipped,1917
715,3261,2022-08-02,Pending,1647
716,3300,2022-09-04,Cancelled,565
717,2007,2023-03-10,Confirmed,1616
718,3917,2025-09-10,Pending,469
719,4080,2023-01-07,Cancelled,3878
720,3005,2020-12-11,Cancelled,2188
721,1110,2021-10-06,Cancelled,1865
722,659,2021-05-04,Shipped,4160
723,892,2022-09-11,Cancelled,307
724,4043,2024-08-15,Cancelled,4565
725,4582,2020-12-14,Shipped,4341
726,731,2021-02-03,Shipped,64
727,100,2022-05-09,Pending,3303
728,4893,2021-11-27,Returned,2091
729,3133,2025-10-24,Cancelled,3112
730,3057,2025-03-03,Returned,2831
731,4223,2022-12-01,Cancelled,3406
732,2542,2020-03-20,Pending,2932
733,4750,2026-05-06,Cancelled,3754
734,3842,2024-01-09,Delivered,1456
735,994,2025-03-17,Shipped,45
736,3756,2023-10-17,Shipped,4227
737,3793,2024-08-14,Confirmed,655
738,3622,2022-09-04,Cancelled,109
739,1357,2024-04-27,Delivered,3713
740,2870,2022-10-30,Confirmed,3368
741,1955,2025-11-10,Delivered,4984
742,3450,2022-12-07,Cancelled,2212
743,3003,2021-09-04,Shipped,1473
744,3081,2020-05-07,Delivered,857
745,4533,2021-08-15,Shipped,2324
746,4610,2022-05-25,Confirmed,286
747,3932,2025-09-06,Delivered,3788
748,3809,2025-05-31,Cancelled,490
749,1176,2023-05-21,Returned,2810
750,4797,2026-03-04,Shipped,2786
751,1614,2023-11-19,Confirmed,1153
752,1213,2020-08-12,Confirmed,2973
753,1908,2024-02-26,Cancelled,4361
754,3389,2020-12-03,Shipped,510
755,4882,2024-11-02,Confirmed,4665
756,3809,2020-08-20,Cancelled,2564
757,3953,2025-11-16,Delivered,633
758,529,2024-05-16,Shipped,1912
759,1873,2023-01-20,Confirmed,707
760,389,2025-11-27,Pending,4653
761,2594,2025-07-04,Pending,1053
762,3038,2023-03-06,Delivered,1182
763,2485,2025-01-05,Pending,1632
764,3307,2023-12-15,Confirmed,2592
765,2341,2021-11-29,Returned,2133
766,2995,2020-11-17,Pending,18
767,151,2023-11-09,Returned,4805
768,4814,2025-08-09,Confirmed,3180
769,652,2022-02-16,Delivered,979
770,2310,2024-02-27,Returned,4911
771,1655,2024-05-07,Returned,3254
772,392,2020-09-17,Shipped,324
773,4219,2024-09-04,Returned,1478
774,4552,2023-02-04,Shipped,3542
775,2474,2024-08-25,Pending,59
776,3738,2024-08-18,Pending,1593
777,2786,2025-01-27,Cancelled,3277
778,786,2024-11-04,Cancelled,2034
779,1633,2026-08-01,Pending,4713
780,2231,2025-12-19,Cancelled,3923
781,1913,2020-08-17,Pending,4122
782,2572,2022-12-01,Shipped,2976
783,1095,2025-12-13,Pending,1245
784,4735,2021-01-07,Cancelled,4827
785,489,2023-01-16,Cancelled,4827
786,574,2022-06-02,Returned,2747
787,4401,2026-04-27,Pending,4685
788,4585,2021-10-28,Pending,99
789,611,2021-07-19,Confirmed,3535
790,820,2022-08-13,Cancelled,4339
791,4825,2021-12-11,Pending,818
792,28,2020-01-01,Confirmed,1688
793,4441,2023-07-25,Confirmed,3489
794,1360,2024-08-09,Shipped,4581
795,1859,2022-02-20,Pending,4920
796,1277,2020-12-26,Pending,2537
797,2300,2025-08-13,Cancelled,4554
798,4630,2026-02-15,Cancelled,4767
799,4776,2022-05-28,Confirmed,4846
800,926,2026-03-22,Delivered,2029
801,2322,2022-11-27,Cancelled,1713
802,157,2022-08-04,Returned,4252
803,1742,2023-01-12,Cancelled,925
804,4323,2023-09-17,Delivered,2893
805,813,2020-12-20,Cancelled,2647
806,3623,2022-07-13,Delivered,877
807,339,2025-10-25,Cancelled,4565
808,4245,2021-11-28,Pending,3354
809,1514,2023-11-09,Pending,3876
810,2652,2022-05-08,Returned,1735
811,3350,2024-12-08,Confirmed,504
812,1050,2021-07-22,Cancelled,3376
813,4472,2024-08-05,Returned,3505
814,4962,2024-09-13,Shipped,4952
815,4930,2020-05-02,Returned,4436
816,4439,2022-11-01,Returned,2616
817,3834,2024-10-25,Delivered,1125
818,1108,2023-12-06,Returned,2339
819,3265,2025-08-31,Pending,3886
820,1177,2020-11-12,Pending,1506
821,3220,2024-04-23,Delivered,949
822,4788,2020-12-28,Pending,2240
823,4096,2025-11-04,Cancelled,2682
824,2057,2022-05-26,Delivered,1723
825,1965,2022-08-31,Confirmed,4470
826,1248,2021-07-21,Pending,277
827,119,2025-01-19,Cancelled,2010
828,3933,2021-05-17,Returned,2158
829,1593,2023-07-03,Cancelled,4356
830,1394,2020-07-17,Delivered,4104
831,2036,2022-12-05,Returned,3445
832,2844,2021-04-18,Shipped,763
833,1625,2025-10-17,Delivered,4791
834,3696,2024-03-24,Shipped,3520
835,828,2022-11-12,Shipped,4516
836,4446,2023-12-31,Confirmed,2632
837,1139,2024-10-14,Confirmed,483
838,207,2024-12-27,Delivered,2398
839,1137,2024-11-15,Pending,3086
840,4003,2024-08-28,Shipped,4240
841,115,2023-07-07,Cancelled,4152
842,54,2025-01-07,Delivered,2855
843,696,2025-05-20,Shipped,2886
844,3902,2026-05-11,Shipped,4596
845,2197,2021-03-08,Returned,968
846,4461,2023-05-05,Pending,3775
847,3274,2021-04-10,Returned,159
848,4992,2024-08-14,Confirmed,1901
849,2711,2022-01-11,Confirmed,1120
850,3071,2024-01-05,Shipped,1306
851,776,2026-03-25,Delivered,1705
852,1151,2024-06-23,Delivered,3410
853,2380,2025-05-14,Confirmed,3053
854,2693,2023-02-19,Shipped,4379
855,1939,2020-12-31,Cancelled,28
856,589,2024-08-03,Confirmed,1812
857,1893,2024-08-04,Delivered,794
858,4766,2025-03-06,Delivered,2120
859,9,2024-06-18,Cancelled,3710
860,1610,2024-04-17,Delivered,3177
861,4241,2024-07-12,Shipped,2310
862,947,2021-11-04,Confirmed,4856
863,1507,2024-01-26,Delivered,539
864,2558,2021-06-03,Cancelled,4372
865,3139,2025-10-26,Returned,1176
866,4878,2023-12-28,Cancelled,1826
867,1074,2021-02-04,Pending,4602
868,4199,2021-08-05,Cancelled,3745
869,1374,2023-02-25,Cancelled,1607
870,2755,2025-01-14,Pending,663
871,715,2025-03-03,Returned,4149
872,2114,2024-07-23,Returned,1936
873,2050,2021-11-02,Pending,2223
874,4516,2024-03-07,Pending,3323
875,3318,2026-05-13,Shipped,3726
876,3681,2026-02-12,Pending,233
877,650,2023-07-22,Returned,290
878,4934,2021-10-23,Shipped,3282
879,4935,2020-06-14,Returned,293
880,3499,2024-12-05,Pending,2401
881,2812,2023-12-02,Shipped,15
882,2197,2020-09-11,Returned,643
883,3631,2020-05-18,Confirmed,4722
884,2921,2022-01-13,Pending,2388
885,3796,2021-05-22,Delivered,4036
886,2850,2026-03-28,Delivered,3019
887,3188,2022-12-28,Cancelled,1
888,3364,2024-05-07,Shipped,1265
889,1533,2021-03-13,Shipped,530
890,1158,2023-08-27,Returned,1334
891,4839,2020-10-02,Returned,2508
892,1282,2020-03-23,Shipped,1706
893,3796,2022-10-23,Delivered,1980
894,71,2024-06-24,Delivered,1640
895,3394,2023-07-01,Returned,2645
896,2880,2023-06-15,Confirmed,2043
897,4136,2020-03-31,Confirmed,234
898,3771,2023-05-24,Delivered,959
899,3506,2025-06-05,Shipped,2772
900,4370,2021-04-12,Returned,4154
901,997,2022-06-23,Delivered,229
902,602,2021-10-06,Shipped,4700
903,2177,2024-07-18,Confirmed,1454
904,4277,2020-12-15,Delivered,8
905,459,2023-08-28,Delivered,3312
906,3729,2021-02-21,Pending,776
907,3082,2025-04-23,Pending,4314
908,1884,2020-01-07,Delivered,3110
909,1101,2021-01-25,Delivered,917
910,3197,2025-07-04,Cancelled,3757
911,396,2023-09-26,Confirmed,151
912,1024,2023-02-19,Shipped,1551
913,2422,2021-05-10,Delivered,2240
914,1404,2026-04-11,Cancelled,1286
915,751,2024-02-11,Cancelled,3364
916,3530,2023-10-20,Shipped,428
917,2014,2025-06-20,Pending,3942
918,2521,2023-12-19,Pending,2703
919,4905,2023-04-15,Returned,3138
920,1121,2021-09-06,Delivered,1640
921,4529,2022-10-06,Shipped,2643
922,4176,2025-08-07,Shipped,4253
923,4294,2022-03-10,Shipped,2978
924,656,2021-12-11,Shipped,3035
925,4539,2024-09-28,Pending,618
926,2440,2025-08-25,Cancelled,1021
927,2189,2022-09-03,Cancelled,4376
928,1077,2024-07-10,Pending,233
929,3652,2020-06-14,Shipped,3375
930,1598,2024-03-07,Pending,1576
931,4219,2022-01-28,Returned,1350
932,879,2023-03-12,Shipped,1129
933,1483,2023-09-29,Shipped,3251
934,2121,2021-08-27,Pending,2508
935,2742,2025-08-08,Pending,3295
936,3396,2023-06-25,Returned,1256
937,3450,2021-02-13,Shipped,2643
938,3477,2022-04-22,Cancelled,3987
939,4461,2024-08-29,Cancelled,2779
940,3246,2020-10-07,Shipped,3593
941,4544,2022-07-17,Shipped,3164
942,3347,2022-07-22,Pending,1388
943,62,2021-12-21,Confirmed,2140
944,2706,2021-10-01,Pending,932
945,3320,2025-02-10,Shipped,1432
946,4623,2025-01-13,Cancelled,3055
947,1332,2021-11-22,Delivered,72
948,762,2022-10-15,Shipped,737
949,1485,2022-07-19,Pending,3476
950,1692,2021-09-29,Pending,3408
951,4105,2025-10-26,Returned,1374
952,3420,2023-10-17,Shipped,105
953,4741,2021-06-04,Confirmed,3813
954,1234,2025-03-11,Delivered,3733
955,1290,2022-06-10,Shipped,3083
956,4445,2025-05-29,Delivered,1452
957,3088,2020-03-27,Shipped,2517
958,3522,2024-02-17,Returned,4665
959,3013,2021-02-23,Shipped,3758
960,3254,2025-10-11,Shipped,1758
961,4521,2020-02-12,Cancelled,1791
962,3681,2025-01-04,Returned,2890
963,4263,2024-08-23,Confirmed,53
964,654,2026-03-04,Cancelled,3917
965,3952,2022-06-20,Returned,4322
966,2720,2022-03-27,Cancelled,3531
967,1345,2021-07-25,Cancelled,2405
968,530,2025-10-13,Delivered,1812
969,2437,2021-02-19,Returned,782
970,3250,2024-05-28,Pending,2949
971,4183,2023-11-02,Returned,359
972,996,2023-05-12,Cancelled,98
973,613,2021-04-30,Confirmed,1802
974,3178,2024-11-08,Pending,3797
975,1347,2025-08-03,Shipped,4785
976,2219,2024-08-06,Confirmed,2033
977,61,2024-06-28,Returned,1841
978,1706,2024-10-13,Shipped,2926
979,2165,2021-07-05,Returned,1215
980,2284,2020-05-08,Shipped,4618
981,117,2024-08-06,Returned,4781
982,500,2021-08-04,Delivered,396
983,2934,2021-08-15,Pending,818
984,1352,2020-06-10,Cancelled,1705
985,342,2024-08-31,Cancelled,745
986,4111,2020-12-22,Confirmed,4443
987,3525,2023-07-17,Returned,3122
988,1191,2026-03-13,Confirmed,1254
989,3758,2024-07-13,Cancelled,4683
990,1282,2020-04-15,Confirmed,3956
991,4818,2021-02-22,Pending,3604
992,3452,2025-05-20,Confirmed,4426
993,4957,2020-08-13,Returned,3322
994,1746,2021-08-22,Cancelled,1849
995,3787,2024-07-22,Confirmed,2376
996,1024,2021-11-12,Delivered,3846
997,561,2020-02-06,Pending,2318
998,3178,2020-08-06,Pending,4256
999,1632,2020-03-06,Returned,4495
1000,3632,2025-05-24,Returned,3232
1001,334,2024-09-27,Delivered,917
1002,1016,2020-07-16,Returned,213
1003,3906,2024-02-09,Shipped,389
1004,1635,2021-10-25,Cancelled,4226
1005,2961,2023-04-06,Pending,4793
1006,1519,2025-02-19,Pending,1466
1007,4698,2025-02-05,Cancelled,2865
1008,3586,2022-11-13,Delivered,1594
1009,2982,2023-07-04,Shipped,2883
1010,1814,2020-12-30,Shipped,2294
1011,945,2025-07-29,Cancelled,2993
1012,2060,2025-08-29,Cancelled,1591
1013,1966,2024-08-19,Shipped,4356
1014,3200,2021-06-06,Shipped,2634
1015,4401,2020-08-10,Confirmed,3713
1016,2629,2022-02-01,Confirmed,2173
1017,4506,2021-11-29,Pending,1235
1018,4087,2020-10-12,Cancelled,1079
1019,1652,2024-03-31,Returned,4913
1020,86,2026-01-01,Delivered,4919
1021,4161,2024-07-06,Cancelled,1682
1022,1617,2023-06-16,Cancelled,1765
1023,2696,2020-08-30,Pending,331
1024,2213,2022-05-19,Returned,4189
1025,2801,2023-09-18,Shipped,198
1026,4617,2024-08-22,Shipped,1959
1027,2657,2020-07-21,Confirmed,3787
1028,1013,2026-05-07,Shipped,393
1029,4405,2020-06-04,Confirmed,1315
1030,349,2021-06-27,Returned,3338
1031,122,2021-09-05,Shipped,349
1032,3903,2021-10-16,Cancelled,1853
1033,967,2023-08-08,Delivered,1348
1034,1257,2025-10-20,Returned,4704
1035,3251,2023-07-06,Cancelled,292
1036,3395,2022-10-15,Confirmed,480
1037,4512,2025-01-12,Pending,569
1038,4959,2021-09-27,Returned,2196
1039,4646,2021-03-02,Delivered,4849
1040,4914,2023-01-19,Cancelled,2111
1041,4650,2021-01-01,Delivered,2890
1042,2161,2020-05-15,Confirmed,4786
1043,3054,2022-01-15,Cancelled,3911
1044,4457,2023-06-15,Pending,2242
1045,3336,2020-10-02,Delivered,618
1046,4462,2022-03-13,Delivered,4146
1047,2289,2025-04-28,Returned,4812
1048,2896,2020-02-09,Delivered,2718
1049,2192,2022-11-15,Returned,3114
1050,4354,2023-09-25,Delivered,3259
1051,4285,2022-10-27,Delivered,1967
1052,2861,2021-05-27,Cancelled,2584
1053,3940,2020-09-11,Shipped,764
1054,1674,2024-01-21,Returned,2169
1055,395,2021-09-18,Pending,179
1056,2469,2024-03-20,Pending,2681
1057,2662,2025-03-24,Returned,554
1058,3502,2021-10-25,Cancelled,329
1059,4673,2021-09-03,Shipped,3546
1060,1813,2021-02-01,Delivered,2649
1061,1184,2024-11-24,Delivered,2365
1062,1410,2020-10-21,Shipped,1228
1063,3228,2024-07-27,Shipped,460
1064,2570,2023-11-17,Confirmed,2770
1065,4908,2024-08-13,Returned,264
1066,2212,2020-11-16,Shipped,4219
1067,4683,2024-09-28,Shipped,3366
1068,2251,2022-06-04,Cancelled,3406
1069,3482,2025-09-18,Returned,3586
1070,1910,2022-09-10,Cancelled,1379
1071,2070,2022-08-24,Shipped,270
1072,1565,2022-03-06,Shipped,3534
1073,1037,2025-01-15,Confirmed,3378
1074,3724,2024-05-13,Shipped,4786
1075,4525,2023-10-06,Shipped,4881
1076,3506,2026-03-20,Delivered,2718
1077,1733,2026-04-13,Returned,368
1078,4318,2023-10-30,Pending,4845
1079,1874,2021-07-23,Delivered,3973
1080,2116,2024-08-05,Delivered,4180
1081,1013,2024-08-23,Confirmed,2791
1082,1784,2023-02-11,Delivered,1773
1083,2111,2024-03-17,Pending,137
1084,1535,2022-01-07,Shipped,5
1085,3076,2025-01-28,Confirmed,3016
1086,3442,2020-10-30,Confirmed,3727
1087,126,2020-12-05,Shipped,3300
1088,2229,2020-08-20,Returned,110
1089,2776,2023-08-18,Confirmed,3790
1090,4116,2020-12-13,Returned,1751
1091,4849,2025-03-19,Cancelled,4455
1092,2292,2026-04-20,Confirmed,1905
1093,1671,2020-01-30,Pending,1703
1094,2031,2026-07-13,Returned,2704
1095,3744,2023-02-28,Cancelled,2488
1096,2040,2021-05-17,Confirmed,3966
1097,529,2024-12-26,Returned,3699
1098,1291,2020-10-30,Cancelled,3986
1099,2442,2021-09-29,Confirmed,2885
1100,681,2021-05-27,Confirmed,327
1101,3422,2025-12-25,Returned,3792
1102,906,2022-05-10,Delivered,4994
1103,867,2025-12-14,Pending,2989
1104,2465,2023-10-18,Returned,369
1105,3931,2021-01-24,Cancelled,1184
1106,4355,2024-11-21,Pending,1431
1107,1673,2025-06-17,Confirmed,1171
1108,2113,2024-12-12,Returned,4366
1109,2772,2022-09-14,Shipped,2609
1110,4813,2021-01-28,Confirmed,2773
1111,3479,2023-08-01,Confirmed,3277
1112,873,2020-05-24,Shipped,159
1113,3498,2025-11-25,Confirmed,3933
1114,3589,2020-11-18,Pending,1729
1115,1114,2021-03-09,Shipped,126
1116,410,2022-10-15,Cancelled,2652
1117,3439,2022-12-13,Returned,3876
1118,3536,2020-03-25,Pending,250
1119,4107,2021-01-29,Delivered,357
1120,2609,2025-02-21,Returned,14
1121,2542,2025-08-25,Returned,3252
1122,158,2022-11-23,Returned,3901
1123,4128,2021-10-25,Cancelled,4178
1124,3356,2025-10-29,Confirmed,3755
1125,395,2022-05-29,Cancelled,72
1126,1305,2024-10-16,Delivered,2637
1127,3170,2024-03-14,Returned,4944
1128,4314,2024-02-08,Cancelled,29
1129,2774,2024-09-29,Shipped,2141
1130,3488,2026-05-14,Confirmed,2435
1131,4770,2023-01-29,Returned,157
1132,3930,2022-08-21,Cancelled,2576
1133,1364,2022-01-31,Confirmed,2221
1134,3918,2025-07-03,Cancelled,3836
1135,2598,2022-12-02,Returned,2808
1136,2776,2025-02-12,Delivered,4994
1137,2031,2026-03-26,Delivered,4754
1138,2229,2023-10-17,Confirmed,1536
1139,759,2026-01-06,Pending,4210
1140,294,2023-04-26,Confirmed,1507
1141,4521,2024-10-31,Pending,1624
1142,1609,2023-01-08,Shipped,34
1143,435,2024-11-18,Pending,2458
1144,3834,2024-04-25,Confirmed,1702
1145,3932,2022-06-11,Returned,3799
1146,4957,2023-09-12,Delivered,3638
1147,486,2020-03-13,Confirmed,2401
1148,157,2020-08-30,Delivered,2644
1149,1312,2024-11-09,Delivered,3886
1150,484,2020-10-06,Delivered,108
1151,4553,2026-06-18,Delivered,4467
1152,3124,2023-12-23,Pending,3197
1153,1343,2020-03-07,Cancelled,2187
1154,1552,2021-05-28,Confirmed,2549
1155,554,2025-04-11,Pending,2018
1156,2191,2023-07-14,Confirmed,4200
1157,4195,2025-01-02,Confirmed,704
1158,567,2020-04-10,Shipped,1479
1159,244,2022-07-16,Confirmed,4335
1160,133,2023-08-29,Returned,1431
1161,2069,2024-11-19,Confirmed,4454
1162,2692,2025-03-14,Confirmed,2765
1163,110,2023-05-21,Returned,3589
1164,2138,2021-03-24,Delivered,926
1165,3192,2025-10-20,Pending,2154
1166,2559,2025-01-05,Shipped,4288
1167,3570,2025-11-26,Pending,4497
1168,585,2024-10-17,Returned,2
1169,1431,2025-07-21,Confirmed,1158
1170,1732,2022-07-09,Shipped,3575
1171,3683,2025-02-19,Pending,1854
1172,626,2023-08-05,Pending,2321
1173,1328,2024-07-15,Confirmed,2055
1174,716,2025-05-16,Cancelled,1923
1175,1766,2026-06-14,Pending,3178
1176,3612,2023-07-08,Returned,2184
1177,3688,2026-07-02,Confirmed,405
1178,3123,2021-10-27,Pending,3138
1179,3424,2021-10-02,Returned,1548
1180,2492,2022-07-08,Shipped,3326
1181,874,2025-05-08,Returned,2741
1182,2995,2025-05-21,Returned,863
1183,3689,2026-06-01,Confirmed,3533
1184,1862,2020-07-24,Delivered,1623
1185,4007,2025-05-14,Pending,1105
1186,2169,2025-04-12,Delivered,62
1187,1224,2024-10-15,Cancelled,2507
1188,2078,2026-04-20,Returned,20
1189,2227,2023-05-25,Shipped,4719
1190,3051,2024-10-17,Returned,667
1191,3769,2022-06-02,Returned,2740
1192,29,2023-06-28,Confirmed,2413
1193,1109,2024-01-18,Shipped,4507
1194,1414,2024-08-19,Shipped,4208
1195,1951,2022-06-06,Cancelled,4365
1196,627,2021-10-07,Delivered,4534
1197,4817,2022-11-11,Returned,2834
1198,3782,2024-05-23,Pending,2709
1199,3917,2022-02-28,Cancelled,3113
1200,4602,2020-02-16,Returned,4427
1201,2744,2025-05-23,Cancelled,4151
1202,762,2022-04-14,Pending,499
1203,4628,2022-02-26,Delivered,4363
1204,1629,2020-08-05,Returned,3488
1205,1233,2020-06-19,Shipped,4160
1206,4562,2023-12-17,Cancelled,2193
1207,1883,2026-07-29,Shipped,1722
1208,4081,2026-05-01,Returned,3318
1209,1729,2023-01-16,Cancelled,3776
1210,2637,2024-07-21,Pending,4912
1211,1894,2026-06-29,Delivered,4678
1212,2269,2024-07-30,Cancelled,3855
1213,1507,2026-06-15,Delivered,351
1214,1774,2024-12-12,Shipped,2072
1215,1400,2021-09-21,Pending,4043
1216,835,2023-12-16,Confirmed,934
1217,3265,2020-04-17,Pending,673
1218,238,2026-07-17,Shipped,1682
1219,3537,2025-12-01,Delivered,1285
1220,3967,2021-01-18,Shipped,3615
1221,2465,2021-04-02,Confirmed,4881
1222,4133,2023-08-04,Delivered,3313
1223,3856,2025-11-21,Shipped,1785
1224,1540,2020-11-15,Confirmed,1678
1225,3641,2021-12-16,Confirmed,3969
1226,3378,2020-01-22,Confirmed,1799
1227,4923,2022-11-14,Pending,1925
1228,3831,2025-06-13,Confirmed,1772
1229,2803,2022-07-29,Cancelled,4164
1230,3052,2023-01-05,Pending,1482
1231,3465,2022-12-11,Shipped,1263
1232,915,2026-03-03,Pending,2545
1233,3487,2021-08-30,Returned,4477
1234,2858,2021-07-26,Shipped,3058
1235,4136,2021-05-27,Returned,3330
1236,1984,2022-06-19,Cancelled,3062
1237,405,2023-12-14,Returned,4260
1238,1621,2025-07-08,Pending,2648
1239,2419,2020-05-31,Cancelled,179
1240,3113,2025-04-30,Shipped,2401
1241,1893,2021-02-28,Delivered,2208
1242,926,2025-03-20,Delivered,1780
1243,1655,2024-02-22,Pending,1027
1244,1820,2023-10-13,Cancelled,2571
1245,3540,2024-07-17,Returned,2077
1246,2963,2025-04-29,Returned,3535
1247,4057,2022-05-12,Returned,4651
1248,4268,2024-04-05,Confirmed,3669
1249,2667,2025-04-25,Pending,328
1250,3573,2022-07-10,Returned,619
1251,3695,2023-06-18,Confirmed,4484
1252,3734,2022-01-28,Cancelled,3314
1253,6,2021-11-27,Confirmed,4134
1254,3796,2022-07-21,Shipped,1257
1255,4985,2024-11-05,Delivered,4742
1256,3732,2022-05-21,Shipped,2825
1257,1725,2022-02-11,Cancelled,3304
1258,2379,2026-05-06,Pending,1424
1259,273,2024-11-16,Cancelled,3141
1260,4764,2020-02-27,Cancelled,36
1261,1063,2020-01-07,Pending,3260
1262,2758,2023-06-15,Cancelled,1914
1263,392,2020-07-10,Confirmed,3402
1264,23,2024-12-11,Confirmed,2087
1265,1850,2020-09-17,Delivered,651
1266,3496,2025-08-09,Returned,1232
1267,876,2020-03-26,Returned,3421
1268,4635,2020-09-23,Cancelled,4807
1269,1163,2021-07-15,Cancelled,992
1270,2321,2021-02-23,Returned,3363
1271,3438,2021-09-16,Pending,1844
1272,3768,2020-08-06,Shipped,2538
1273,373,2020-02-04,Confirmed,3017
1274,4314,2026-03-28,Delivered,2590
1275,4046,2025-11-05,Shipped,2143
1276,3221,2023-08-03,Cancelled,709
1277,4032,2023-06-08,Pending,1656
1278,1395,2026-07-03,Returned,4451
1279,1246,2020-06-24,Returned,1653
1280,1883,2021-10-03,Returned,4231
1281,1275,2022-04-06,Confirmed,4047
1282,755,2025-10-19,Delivered,1602
1283,2487,2022-06-20,Pending,4689
1284,3158,2023-08-18,Cancelled,2646
1285,1446,2021-09-23,Shipped,858
1286,945,2024-09-17,Delivered,1049
1287,2225,2022-01-30,Pending,4344
1288,4039,2022-12-16,Confirmed,4104
1289,4600,2025-07-15,Pending,1855
1290,3788,2022-11-08,Returned,3365
1291,3864,2023-02-13,Pending,747
1292,2675,2025-01-28,Pending,3171
1293,4939,2022-04-28,Shipped,3701
1294,2160,2020-12-23,Pending,654
1295,93,2021-07-20,Returned,2589
1296,2250,2024-05-09,Delivered,1668
1297,2890,2025-03-27,Cancelled,2134
1298,4538,2021-03-20,Returned,2736
1299,3322,2023-12-02,Cancelled,1085
1300,1836,2020-11-04,Returned,603
1301,3650,2025-07-02,Returned,2535
1302,256,2022-01-28,Delivered,512
1303,3045,2021-08-27,Confirmed,2792
1304,348,2020-05-09,Pending,4633
1305,2097,2025-03-03,Confirmed,3678
1306,3953,2026-05-04,Cancelled,3781
1307,4446,2023-09-01,Returned,621
1308,2905,2020-11-11,Delivered,3942
1309,72,2025-02-10,Pending,453
1310,2294,2023-09-19,Delivered,3777
1311,2538,2020-06-25,Delivered,3755
1312,4871,2020-10-29,Delivered,588
1313,125,2025-04-12,Shipped,3052
1314,4888,2020-12-09,Cancelled,4874
1315,92,2024-06-14,Confirmed,3492
1316,4223,2020-08-06,Confirmed,4627
1317,2687,2024-10-17,Returned,63
1318,1550,2021-03-11,Returned,4745
1319,3857,2023-07-29,Shipped,2991
1320,1363,2022-01-26,Delivered,4264
1321,1091,2024-04-24,Delivered,2698
1322,1522,2026-06-30,Pending,1806
1323,2615,2022-07-06,Confirmed,1156
1324,4477,2022-07-19,Returned,3358
1325,504,2025-05-05,Cancelled,1158
1326,3347,2023-09-12,Pending,965
1327,549,2021-10-09,Pending,2781
1328,3950,2026-01-02,Pending,2969
1329,3301,2024-03-15,Shipped,3335
1330,1170,2022-07-02,Pending,2597
1331,1705,2023-07-12,Cancelled,296
1332,2225,2025-08-29,Shipped,172
1333,154,2021-01-13,Delivered,2173
1334,1633,2025-11-21,Delivered,2561
1335,3494,2023-12-19,Cancelled,2205
1336,2323,2023-09-05,Confirmed,4285
1337,3044,2021-05-07,Shipped,4908
1338,2524,2026-01-30,Pending,2786
1339,4716,2026-04-29,Delivered,1945
1340,2875,2024-01-05,Confirmed,4397
1341,7,2023-10-23,Pending,4019
1342,1612,2025-09-29,Shipped,2638
1343,2985,2020-02-07,Returned,854
1344,1232,2026-02-21,Cancelled,4289
1345,4345,2025-07-31,Confirmed,1843
1346,3720,2025-05-30,Confirmed,2757
1347,1508,2021-10-29,Confirmed,2866
1348,2168,2026-06-19,Returned,1425
1349,3657,2021-04-28,Delivered,4569
1350,2653,2020-03-26,Shipped,2925
1351,3559,2021-11-23,Confirmed,867
1352,800,2022-09-04,Returned,37
1353,725,2020-01-01,Returned,4700
1354,406,2024-08-06,Shipped,379
1355,4527,2022-05-16,Pending,1669
1356,4076,2023-10-06,Shipped,4337
1357,187,2020-03-08,Returned,954
1358,2461,2023-07-11,Returned,1929
1359,4410,2021-02-13,Cancelled,4432
1360,2410,2022-03-08,Confirmed,2134
1361,1853,2020-10-08,Cancelled,1
1362,2609,2024-03-07,Pending,1076
1363,4098,2024-08-20,Delivered,1695
1364,1108,2025-02-19,Confirmed,2815
1365,1541,2023-02-05,Shipped,3120
1366,4424,2021-05-11,Cancelled,1110
1367,3893,2024-05-08,Shipped,4230
1368,3807,2022-03-22,Shipped,4279
1369,2350,2026-07-17,Returned,98
1370,1874,2022-05-15,Shipped,4491
1371,1094,2022-04-20,Pending,1196
1372,118,2021-01-27,Confirmed,4089
1373,1813,2026-06-20,Returned,4548
1374,4975,2026-03-17,Pending,4425
1375,1739,2023-05-19,Delivered,4675
1376,4194,2025-12-27,Shipped,4399
1377,4834,2024-11-23,Cancelled,3046
1378,164,2025-02-14,Cancelled,2560
1379,1072,2021-03-01,Returned,4208
1380,1310,2022-01-19,Pending,2598
1381,242,2020-05-23,Returned,809
1382,4313,2023-12-20,Shipped,2116
1383,1732,2022-12-08,Pending,2593
1384,1471,2024-02-24,Returned,4482
1385,245,2024-11-15,Delivered,3892
1386,4629,2021-05-15,Returned,2271
1387,994,2020-03-04,Shipped,3443
1388,170,2021-01-11,Cancelled,3315
1389,4903,2023-02-19,Pending,552
1390,4435,2025-03-17,Cancelled,2101
1391,3290,2026-04-06,Delivered,556
1392,649,2022-12-06,Confirmed,2253
1393,242,2025-07-09,Delivered,658
1394,3482,2024-05-06,Cancelled,1035
1395,3790,2021-09-16,Confirmed,1836
1396,4609,2022-02-23,Pending,1138
1397,544,2022-02-26,Returned,1531
1398,4822,2020-07-21,Shipped,3765
1399,1246,2022-11-08,Shipped,3634
1400,2013,2021-01-01,Delivered,3086
1401,873,2022-10-04,Delivered,773
1402,2211,2020-06-04,Pending,894
1403,4204,2021-07-23,Cancelled,67
1404,4897,2026-04-25,Delivered,4694
1405,1475,2025-05-18,Returned,2333
1406,134,2026-08-03,Pending,4343
1407,960,2024-07-25,Confirmed,709
1408,1124,2025-08-18,Pending,1840
1409,2645,2021-01-30,Returned,773
1410,1013,2020-06-28,Confirmed,1923
1411,4575,2020-08-23,Confirmed,1967
1412,126,2023-01-18,Delivered,4431
1413,1626,2021-02-15,Delivered,1198
1414,3140,2022-07-16,Pending,2371
1415,3330,2023-07-01,Cancelled,2421
1416,1525,2021-10-24,Delivered,999
1417,4277,2023-11-29,Shipped,4604
1418,821,2021-02-03,Confirmed,2290
1419,3947,2023-03-17,Shipped,2712
1420,1732,2020-05-14,Pending,3716
1421,1723,2021-10-02,Returned,4025
1422,1454,2023-09-09,Shipped,3835
1423,1850,2022-03-11,Shipped,3822
1424,153,2023-01-10,Cancelled,1136
1425,71,2021-03-29,Returned,2049
1426,4548,2021-06-08,Returned,1461
1427,1423,2022-07-20,Pending,781
1428,3363,2022-09-23,Returned,30
1429,4822,2021-10-22,Pending,3571
1430,129,2021-02-10,Cancelled,1449
1431,224,2020-04-01,Pending,317
1432,2417,2025-12-27,Pending,537
1433,2829,2025-03-27,Confirmed,1806
1434,267,2026-07-02,Delivered,3041
1435,3674,2026-07-07,Confirmed,975
1436,1142,2023-11-17,Returned,252
1437,1963,2020-03-31,Pending,1725
1438,2876,2026-01-22,Cancelled,1508
1439,4670,2025-11-10,Delivered,31
1440,3852,2023-06-03,Confirmed,4436
1441,4082,2024-02-08,Shipped,1879
1442,3129,2021-11-10,Confirmed,318
1443,1597,2022-04-08,Confirmed,2640
1444,4133,2026-01-03,Delivered,2033
1445,2379,2020-10-10,Shipped,1251
1446,1579,2025-02-01,Shipped,3088
1447,4232,2024-01-07,Cancelled,3451
1448,4021,2026-04-07,Shipped,2065
1449,3809,2024-08-13,Confirmed,2191
1450,3062,2026-06-11,Cancelled,3670
1451,4943,2024-08-15,Pending,3967
1452,421,2023-04-21,Returned,408
1453,4514,2025-02-23,Cancelled,4751
1454,4337,2020-01-05,Confirmed,1726
1455,2440,2026-02-04,Confirmed,3748
1456,330,2021-01-04,Pending,4973
1457,1519,2026-04-08,Pending,820
1458,2238,2024-12-31,Returned,1581
1459,4073,2021-01-05,Delivered,1510
1460,1828,2022-06-28,Pending,1352
1461,491,2022-10-12,Pending,1
1462,4597,2020-03-06,Delivered,4604
1463,4467,2021-07-20,Shipped,934
1464,1077,2025-03-21,Delivered,4141
1465,70,2023-02-17,Delivered,4592
1466,1142,2022-07-13,Confirmed,1436
1467,4808,2022-08-24,Confirmed,1809
1468,4255,2024-05-29,Shipped,1340
1469,2029,2022-03-08,Returned,3513
1470,1302,2022-07-02,Returned,3532
1471,1574,2025-01-09,Shipped,4430
1472,1231,2025-08-01,Delivered,1741
1473,3326,2020-09-15,Shipped,3205
1474,1568,2021-08-25,Delivered,79
1475,3893,2026-03-09,Pending,381
1476,2110,2024-07-21,Returned,149
1477,2497,2021-08-26,Returned,706
1478,662,2023-10-03,Confirmed,3294
1479,3062,2025-09-03,Returned,3831
1480,2376,2026-02-09,Pending,466
1481,162,2021-09-23,Returned,3937
1482,484,2024-05-10,Pending,4938
1483,3028,2024-08-28,Cancelled,3439
1484,4398,2025-12-11,Confirmed,3720
1485,2905,2023-01-31,Pending,1087
1486,4329,2021-09-13,Returned,3043
1487,1990,2026-07-18,Cancelled,3080
1488,4280,2021-08-18,Confirmed,4785
1489,4462,2026-01-29,Confirmed,1966
1490,384,2024-07-19,Cancelled,1877
1491,2742,2025-05-03,Cancelled,1719
1492,576,2020-03-09,Shipped,4938
1493,3473,2025-08-19,Shipped,2602
1494,1762,2026-04-08,Cancelled,2294
1495,1897,2022-03-19,Shipped,285
1496,3055,2023-07-20,Delivered,105
1497,2345,2023-07-19,Returned,4275
1498,2581,2022-08-22,Confirmed,4694
1499,234,2020-08-30,Confirmed,632
1500,618,2023-02-03,Shipped,3136
1501,1267,2021-06-14,Cancelled,4385
1502,1584,2020-07-08,Shipped,901
1503,3693,2026-04-23,Returned,3521
1504,1793,2022-06-14,Returned,3554
1505,4890,2020-05-01,Cancelled,1981
1506,1440,2023-05-21,Returned,4540
1507,620,2024-09-25,Shipped,706
1508,3250,2025-10-18,Cancelled,2987
1509,4307,2023-08-19,Shipped,8
1510,225,2026-04-06,Returned,4901
1511,693,2022-04-01,Cancelled,772
1512,1574,2021-12-24,Pending,489
1513,3283,2023-10-10,Pending,333
1514,3691,2026-01-04,Returned,4650
1515,589,2023-03-24,Pending,3726
1516,1547,2024-07-27,Shipped,2581
1517,1902,2020-10-24,Shipped,924
1518,2374,2024-12-30,Delivered,3872
1519,97,2020-03-27,Confirmed,4290
1520,1715,2024-01-25,Cancelled,2338
1521,2064,2025-08-28,Pending,726
1522,1895,2024-11-12,Returned,2477
1523,766,2021-12-31,Confirmed,1680
1524,3094,2021-12-17,Cancelled,3412
1525,3085,2024-02-11,Pending,4490
1526,4621,2024-01-17,Shipped,2862
1527,4095,2022-12-23,Pending,643
1528,1904,2025-10-02,Cancelled,159
1529,4363,2022-04-14,Shipped,4265
1530,420,2024-05-03,Shipped,62
1531,4228,2022-12-20,Delivered,1618
1532,2941,2024-11-21,Cancelled,3286
1533,658,2025-09-14,Shipped,493
1534,4072,2020-11-29,Delivered,687
1535,600,2022-05-21,Delivered,3815
1536,312,2026-08-01,Cancelled,1508
1537,1449,2022-10-28,Returned,2741
1538,493,2025-11-27,Pending,2263
1539,1435,2023-09-12,Confirmed,216
1540,2529,2026-07-27,Delivered,859
1541,576,2023-01-10,Shipped,438
1542,4217,2025-03-18,Returned,1700
1543,318,2022-05-18,Confirmed,534
1544,1506,2020-02-17,Returned,3822
1545,4868,2022-08-16,Returned,1595
1546,2347,2020-03-01,Delivered,1232
1547,213,2022-01-22,Pending,827
1548,4842,2021-06-24,Pending,218
1549,2650,2022-06-14,Returned,4408
1550,2345,2026-03-02,Returned,1249
1551,849,2024-07-21,Shipped,2075
1552,568,2022-01-20,Pending,1360
1553,469,2022-07-15,Pending,3267
1554,3358,2025-05-28,Shipped,2006
1555,2296,2023-10-04,Cancelled,1247
1556,4741,2021-04-21,Delivered,1992
1557,404,2023-03-30,Shipped,4338
1558,792,2023-07-28,Pending,1265
1559,4804,2020-10-12,Shipped,4657
1560,2123,2024-08-10,Cancelled,2528
1561,1647,2024-02-13,Confirmed,4356
1562,3188,2024-04-28,Returned,105
1563,1166,2024-09-18,Returned,3576
1564,1377,2023-07-24,Cancelled,1296
1565,117,2021-04-05,Shipped,243
1566,1084,2025-10-02,Pending,769
1567,1499,2023-04-30,Returned,2811
1568,3043,2026-05-12,Returned,2206
1569,4736,2021-04-24,Shipped,3083
1570,252,2025-11-13,Shipped,2226
1571,829,2022-03-12,Returned,2921
1572,39,2022-03-08,Confirmed,126
1573,4007,2021-06-28,Cancelled,3410
1574,2231,2026-08-01,Shipped,2362
1575,206,2026-06-06,Shipped,3292
1576,4202,2025-07-27,Cancelled,4314
1577,4617,2021-06-18,Confirmed,3854
1578,2424,2022-07-15,Cancelled,1212
1579,1596,2025-11-03,Pending,3743
1580,1406,2020-07-02,Pending,1908
1581,1617,2023-12-22,Pending,4636
1582,2057,2025-08-03,Cancelled,217
1583,4378,2024-05-30,Returned,4537
1584,4410,2022-10-30,Pending,889
1585,184,2026-04-08,Cancelled,4277
1586,3445,2025-04-27,Confirmed,4244
1587,1674,2020-04-07,Shipped,4781
1588,2058,2025-02-22,Returned,1513
1589,4976,2021-07-27,Pending,3944
1590,4120,2024-06-05,Delivered,1754
1591,1952,2021-05-14,Confirmed,3767
1592,4130,2026-01-11,Confirmed,2996
1593,2710,2024-10-20,Pending,3907
1594,331,2026-01-03,Cancelled,2700
1595,1470,2022-04-05,Delivered,602
1596,2246,2020-12-02,Confirmed,2299
1597,4650,2023-04-25,Cancelled,2126
1598,4179,2022-01-31,Cancelled,3615
1599,4281,2024-10-31,Pending,4845
1600,989,2021-05-14,Pending,2451
1601,2859,2021-06-16,Delivered,501
1602,796,2023-02-08,Cancelled,896
1603,2425,2020-09-19,Delivered,3033
1604,652,2023-03-31,Pending,2404
1605,17,2023-10-29,Confirmed,616
1606,4657,2020-11-23,Delivered,647
1607,759,2022-03-03,Pending,1625
1608,71,2021-12-27,Cancelled,903
1609,1257,2021-12-15,Returned,4802
1610,3493,2026-02-02,Cancelled,1622
1611,305,2025-03-22,Confirmed,522
1612,2387,2022-10-07,Cancelled,4623
1613,1028,2022-05-06,Cancelled,3776
1614,1992,2024-04-28,Shipped,3912
1615,2682,2021-08-03,Shipped,1226
1616,1414,2021-11-12,Returned,2620
1617,2963,2020-07-20,Delivered,4687
1618,4794,2024-09-15,Shipped,1880
1619,1424,2025-05-15,Delivered,3373
1620,3968,2022-04-29,Confirmed,2808
1621,497,2021-07-31,Confirmed,4784
1622,3080,2026-06-19,Pending,3123
1623,2283,2021-10-15,Delivered,890
1624,981,2020-08-08,Shipped,4432
1625,4107,2024-12-23,Delivered,1311
1626,4295,2022-12-20,Cancelled,1668
1627,4136,2026-05-28,Cancelled,2312
1628,474,2022-12-08,Returned,4541
1629,1226,2022-12-12,Confirmed,1142
1630,342,2024-05-29,Returned,1511
1631,4809,2025-05-17,Shipped,2441
1632,2651,2020-08-27,Returned,1468
1633,3205,2020-01-08,Cancelled,3157
1634,4302,2023-08-25,Cancelled,2740
1635,456,2021-08-12,Cancelled,992
1636,4640,2021-05-02,Returned,1150
1637,1912,2024-01-26,Cancelled,4748
1638,1208,2026-01-10,Shipped,2495
1639,2676,2023-07-28,Shipped,1284
1640,3232,2026-02-15,Delivered,4513
1641,1172,2024-08-02,Cancelled,1365
1642,3313,2024-05-04,Pending,1469
1643,4453,2024-08-14,Shipped,3539
1644,1443,2020-04-07,Confirmed,846
1645,96,2023-02-28,Pending,2665
1646,3856,2022-12-03,Pending,3814
1647,498,2025-06-30,Confirmed,2301
1648,1512,2024-01-28,Pending,4965
1649,1989,2025-10-08,Returned,4595
1650,4308,2024-01-06,Delivered,3825
1651,2973,2021-04-27,Pending,1649
1652,4212,2022-07-24,Cancelled,1250
1653,3736,2022-04-23,Cancelled,1702
1654,368,2025-09-10,Returned,3082
1655,1743,2021-03-26,Returned,290
1656,4401,2025-08-02,Shipped,868
1657,1173,2023-09-27,Confirmed,2236
1658,4034,2021-10-02,Cancelled,3069
1659,1986,2023-03-07,Pending,4982
1660,3442,2021-12-04,Cancelled,524
1661,1719,2024-10-17,Returned,4109
1662,134,2026-02-07,Delivered,190
1663,1149,2024-12-13,Shipped,4846
1664,4611,2024-12-25,Pending,3183
1665,4954,2025-02-11,Cancelled,3326
1666,4679,2026-05-19,Returned,2074
1667,414,2023-02-27,Pending,2366
1668,3423,2023-02-17,Cancelled,4465
1669,660,2026-01-22,Cancelled,1461
1670,227,2022-03-03,Cancelled,2921
1671,3988,2020-01-06,Delivered,4225
1672,4648,2021-04-22,Confirmed,1319
1673,679,2023-08-12,Delivered,2367
1674,1896,2022-11-14,Cancelled,714
1675,473,2023-01-08,Delivered,1431
1676,4434,2025-02-27,Shipped,1108
1677,2593,2023-01-02,Returned,3476
1678,3186,2020-02-09,Shipped,4015
1679,2736,2026-02-10,Cancelled,3007
1680,2735,2024-10-27,Shipped,248
1681,439,2021-04-06,Confirmed,488
1682,3420,2024-01-04,Delivered,2609
1683,4593,2025-04-13,Shipped,1961
1684,1829,2020-05-05,Delivered,984
1685,804,2020-09-30,Returned,2718
1686,1482,2021-08-07,Pending,2924
1687,4216,2023-12-06,Returned,3618
1688,939,2022-01-25,Delivered,90
1689,1109,2024-06-10,Pending,3493
1690,4677,2021-09-25,Confirmed,1467
1691,4589,2021-03-21,Pending,1956
1692,4181,2021-09-07,Pending,3642
1693,522,2025-10-25,Confirmed,688
1694,524,2023-04-21,Pending,3021
1695,1468,2024-08-30,Shipped,345
1696,1749,2026-01-23,Cancelled,1376
1697,2205,2025-08-31,Cancelled,3156
1698,4635,2022-10-31,Confirmed,1658
1699,12,2025-08-23,Cancelled,4573
1700,2486,2020-01-27,Shipped,1041
1701,2085,2026-05-21,Shipped,3668
1702,1726,2024-08-21,Shipped,3995
1703,1585,2023-05-07,Shipped,587
1704,2610,2020-08-30,Returned,735
1705,3635,2022-01-02,Shipped,2319
1706,3735,2023-12-06,Delivered,665
1707,3691,2026-06-24,Pending,881
1708,2500,2023-12-10,Returned,3239
1709,823,2020-06-26,Confirmed,1182
1710,4194,2021-06-17,Shipped,3881
1711,1223,2024-06-23,Shipped,4450
1712,1710,2023-05-11,Pending,2695
1713,4137,2024-08-29,Pending,4210
1714,3497,2024-06-10,Returned,798
1715,3574,2025-08-24,Returned,1262
1716,1102,2021-07-18,Pending,2898
1717,3767,2020-09-16,Confirmed,3598
1718,3438,2023-12-17,Shipped,3063
1719,4208,2024-11-27,Shipped,4423
1720,2333,2020-10-06,Delivered,4231
1721,3024,2022-03-03,Confirmed,2254
1722,4198,2026-06-29,Delivered,540
1723,4477,2020-09-09,Confirmed,2223
1724,3612,2026-01-11,Delivered,1959
1725,1601,2020-10-25,Returned,4403
1726,2149,2021-05-06,Pending,4705
1727,1094,2023-10-09,Pending,3053
1728,3719,2023-03-15,Cancelled,4677
1729,3908,2022-06-29,Shipped,2150
1730,3896,2024-08-25,Pending,2677
1731,2832,2021-10-31,Pending,4445
1732,1440,2026-04-29,Cancelled,557
1733,2680,2021-06-19,Delivered,624
1734,4634,2022-02-15,Delivered,1136
1735,2929,2024-02-26,Cancelled,436
1736,3053,2021-01-11,Pending,2455
1737,2230,2021-05-20,Confirmed,2017
1738,2730,2021-09-22,Delivered,2516
1739,3521,2023-08-25,Pending,2260
1740,3759,2023-04-01,Pending,891
1741,2228,2021-09-20,Shipped,2008
1742,4204,2022-02-03,Delivered,3745
1743,3419,2023-12-25,Delivered,2969
1744,4875,2026-02-27,Pending,2131
1745,2059,2022-11-08,Cancelled,1280
1746,1264,2026-07-16,Shipped,4799
1747,1100,2020-06-14,Confirmed,390
1748,4114,2025-05-28,Cancelled,519
1749,187,2020-02-20,Pending,2880
1750,2806,2021-08-05,Delivered,4452
1751,4120,2023-02-24,Cancelled,2768
1752,1115,2023-05-17,Returned,3343
1753,2591,2022-01-08,Shipped,1197
1754,3148,2023-04-04,Confirmed,290
1755,2842,2020-03-22,Delivered,891
1756,832,2023-03-02,Pending,237
1757,1086,2020-06-09,Cancelled,2900
1758,2582,2020-04-22,Confirmed,3285
1759,4509,2026-02-09,Shipped,1703
1760,3760,2023-06-01,Confirmed,2717
1761,563,2020-05-21,Confirmed,261
1762,144,2024-03-12,Shipped,1439
1763,454,2021-10-25,Cancelled,1160
1764,3575,2022-12-12,Returned,4562
1765,2353,2020-01-02,Shipped,3727
1766,4561,2022-03-14,Returned,326
1767,2578,2025-07-24,Pending,4477
1768,3862,2020-05-29,Pending,1418
1769,4529,2026-07-21,Cancelled,3682
1770,3035,2022-02-08,Shipped,4259
1771,62,2021-01-29,Cancelled,3011
1772,682,2020-02-18,Shipped,2996
1773,2593,2022-03-10,Pending,998
1774,4655,2021-09-26,Returned,3365
1775,4929,2022-05-09,Shipped,1240
1776,3978,2026-06-19,Pending,2511
1777,1920,2025-07-17,Confirmed,2965
1778,4911,2026-06-28,Delivered,2216
1779,1280,2020-04-18,Returned,3103
1780,446,2020-01-20,Shipped,562
1781,3900,2022-05-25,Confirmed,3746
1782,3623,2023-04-21,Confirmed,3148
1783,2957,2024-06-13,Confirmed,3444
1784,2411,2020-12-04,Delivered,1139
1785,1291,2022-01-11,Cancelled,3551
1786,425,2025-06-30,Cancelled,4795
1787,3681,2024-04-28,Confirmed,4752
1788,4486,2023-05-25,Returned,697
1789,4453,2020-02-05,Delivered,3379
1790,2611,2021-11-12,Shipped,580
1791,2070,2023-09-14,Shipped,3741
1792,4677,2026-03-01,Returned,4790
1793,2895,2020-03-03,Pending,1164
1794,4241,2026-06-02,Pending,2782
1795,1247,2026-05-09,Confirmed,361
1796,4637,2021-02-16,Shipped,2930
1797,1215,2023-02-09,Shipped,3829
1798,154,2020-09-17,Delivered,2301
1799,3842,2020-09-15,Confirmed,1893
1800,1440,2021-01-17,Pending,4995
1801,1981,2026-07-04,Pending,2672
1802,3737,2020-12-04,Cancelled,96
1803,3341,2025-11-05,Confirmed,437
1804,1015,2022-09-25,Cancelled,4223
1805,3502,2020-09-13,Confirmed,4310
1806,2208,2026-05-01,Cancelled,4899
1807,1610,2024-09-26,Confirmed,1236
1808,1249,2021-07-26,Delivered,3804
1809,4280,2024-02-25,Cancelled,998
1810,4863,2024-10-14,Delivered,2853
1811,315,2023-01-21,Cancelled,1207
1812,1073,2023-02-14,Delivered,1851
1813,642,2023-04-30,Pending,4971
1814,539,2026-06-06,Delivered,4674
1815,2011,2021-06-19,Cancelled,380
1816,4127,2023-10-18,Cancelled,522
1817,1701,2024-11-02,Shipped,2355
1818,3885,2025-10-21,Confirmed,3147
1819,133,2023-01-22,Returned,4993
1820,3798,2025-07-08,Shipped,3875
1821,978,2020-01-08,Cancelled,2976
1822,2282,2024-01-10,Shipped,4231
1823,1215,2022-05-17,Delivered,1414
1824,992,2021-04-10,Returned,3039
1825,2374,2026-05-31,Delivered,400
1826,4855,2026-01-15,Returned,1502
1827,1814,2025-07-17,Returned,1907
1828,1826,2023-03-17,Shipped,1807
1829,4620,2024-08-18,Delivered,2569
1830,4122,2026-06-26,Shipped,1188
1831,1487,2022-05-11,Confirmed,1407
1832,3707,2020-12-03,Returned,4011
1833,343,2022-01-31,Returned,3537
1834,4569,2023-08-08,Shipped,3757
1835,187,2025-08-07,Confirmed,3124
1836,1337,2025-03-05,Delivered,157
1837,4452,2022-03-27,Cancelled,4385
1838,3494,2024-12-06,Shipped,3897
1839,4080,2023-01-04,Confirmed,4310
1840,2922,2020-02-09,Cancelled,471
1841,2196,2020-05-22,Returned,2315
1842,2179,2020-10-04,Returned,4672
1843,4770,2022-11-30,Cancelled,451
1844,894,2025-08-24,Delivered,3369
1845,4187,2023-11-28,Cancelled,219
1846,2027,2024-04-10,Cancelled,2099
1847,1452,2026-06-26,Returned,4806
1848,417,2022-08-14,Delivered,2546
1849,168,2023-08-10,Shipped,2188
1850,1009,2023-04-02,Shipped,308
1851,4989,2026-01-16,Delivered,4900
1852,1158,2020-01-15,Confirmed,4231
1853,2818,2021-12-26,Cancelled,895
1854,3408,2021-05-26,Confirmed,393
1855,1362,2024-10-12,Delivered,2468
1856,3257,2020-09-02,Delivered,4538
1857,4645,2023-06-14,Delivered,1315
1858,4695,2025-10-28,Shipped,4873
1859,4235,2020-01-28,Delivered,2530
1860,2105,2021-10-12,Pending,442
1861,1656,2023-03-02,Confirmed,3660
1862,2758,2020-08-06,Pending,2719
1863,3973,2023-10-10,Delivered,876
1864,4771,2025-03-13,Pending,3331
1865,1194,2020-10-06,Delivered,4246
1866,844,2022-11-01,Delivered,478
1867,431,2025-01-26,Cancelled,711
1868,935,2023-04-05,Cancelled,2024
1869,776,2020-11-27,Returned,2669
1870,3324,2023-06-29,Shipped,3083
1871,3303,2021-11-29,Delivered,1389
1872,1021,2026-03-02,Cancelled,3441
1873,1033,2026-05-30,Returned,1531
1874,1581,2024-09-11,Cancelled,61
1875,1036,2020-03-19,Pending,1034
1876,2394,2023-05-25,Returned,4541
1877,1069,2021-02-25,Confirmed,2504
1878,4706,2021-02-03,Delivered,3055
1879,3027,2023-03-31,Delivered,837
1880,3575,2025-06-09,Delivered,418
1881,886,2021-05-14,Confirmed,4489
1882,4960,2024-06-05,Delivered,2
1883,1389,2026-03-09,Returned,4406
1884,1284,2025-05-19,Pending,3132
1885,2153,2025-02-28,Delivered,381
1886,3208,2025-12-01,Returned,3083
1887,3867,2021-12-23,Cancelled,1367
1888,4910,2023-10-24,Confirmed,1989
1889,1281,2026-08-07,Returned,2595
1890,910,2020-06-09,Delivered,42
1891,3816,2023-04-29,Cancelled,4661
1892,4878,2023-06-12,Returned,1809
1893,154,2022-01-31,Delivered,1795
1894,3580,2021-09-03,Pending,4279
1895,2252,2023-11-05,Confirmed,235
1896,4847,2022-01-03,Delivered,4229
1897,837,2025-02-01,Shipped,3473
1898,30,2021-09-11,Returned,2004
1899,4533,2024-03-27,Cancelled,4246
1900,1692,2022-03-22,Returned,2014
1901,2496,2024-06-23,Pending,3910
1902,4839,2023-07-09,Delivered,3429
1903,1737,2022-04-14,Delivered,1377
1904,3636,2026-04-30,Cancelled,3931
1905,918,2020-01-08,Pending,3607
1906,4838,2024-05-30,Shipped,686
1907,2298,2026-05-31,Confirmed,427
1908,4204,2020-06-24,Delivered,1857
1909,3128,2020-03-01,Shipped,2325
1910,1550,2024-04-07,Cancelled,3535
1911,4897,2022-02-05,Pending,2856
1912,1911,2025-06-06,Cancelled,2079
1913,4341,2024-06-08,Returned,4320
1914,4090,2026-07-13,Delivered,2783
1915,4110,2023-04-29,Confirmed,221
1916,4417,2022-11-16,Pending,504
1917,731,2025-01-11,Cancelled,2278
1918,2507,2026-07-01,Shipped,2640
1919,2981,2024-12-07,Delivered,405
1920,3873,2023-07-03,Cancelled,2559
1921,2895,2023-04-12,Pending,971
1922,2142,2020-06-10,Pending,2573
1923,1806,2026-01-14,Cancelled,1813
1924,3748,2023-03-17,Returned,463
1925,4486,2023-08-07,Delivered,2210
1926,4645,2024-05-14,Delivered,981
1927,3847,2023-11-25,Pending,150
1928,1984,2022-09-02,Confirmed,2682
1929,2826,2022-07-04,Pending,2081
1930,4151,2022-06-13,Delivered,4288
1931,2360,2023-06-28,Cancelled,904
1932,1272,2022-06-14,Shipped,4511
1933,2567,2021-12-17,Delivered,4465
1934,1667,2020-03-20,Delivered,3303
1935,913,2025-03-01,Confirmed,2038
1936,1342,2020-02-20,Returned,3509
1937,1678,2025-07-12,Pending,815
1938,3838,2020-11-09,Confirmed,1242
1939,4210,2021-05-01,Cancelled,1999
1940,81,2022-08-17,Delivered,3489
1941,4985,2024-09-24,Returned,4810
1942,3243,2025-03-25,Confirmed,619
1943,960,2020-08-19,Pending,2564
1944,970,2023-04-22,Confirmed,4423
1945,787,2025-01-11,Delivered,913
1946,2124,2026-04-14,Cancelled,4757
1947,2041,2021-09-24,Shipped,3799
1948,1169,2022-07-21,Returned,2548
1949,4539,2025-01-04,Confirmed,2876
1950,126,2020-05-22,Cancelled,1712
1951,1116,2022-08-06,Cancelled,2664
1952,1283,2021-05-31,Confirmed,438
1953,4227,2025-12-02,Pending,2651
1954,3369,2021-09-15,Confirmed,56
1955,855,2026-05-14,Shipped,2765
1956,1875,2021-02-22,Cancelled,407
1957,2105,2024-08-13,Cancelled,4639
1958,1793,2025-06-20,Cancelled,2854
1959,584,2021-12-04,Confirmed,1437
1960,2874,2023-12-29,Confirmed,4424
1961,4645,2020-10-22,Confirmed,1591
1962,2972,2025-01-24,Pending,3454
1963,3787,2020-10-09,Cancelled,1282
1964,4071,2022-12-04,Cancelled,81
1965,2767,2020-04-02,Shipped,2072
1966,938,2023-06-27,Shipped,191
1967,1122,2024-09-02,Returned,2115
1968,1220,2022-04-06,Delivered,1105
1969,5000,2023-03-09,Cancelled,2868
1970,533,2021-03-18,Confirmed,3861
1971,1712,2024-05-04,Pending,218
1972,2248,2024-03-28,Returned,118
1973,4912,2026-02-27,Shipped,3366
1974,419,2021-09-08,Returned,359
1975,3118,2024-06-17,Delivered,358
1976,1575,2022-09-20,Delivered,4037
1977,871,2026-07-29,Delivered,3135
1978,3738,2025-08-10,Shipped,2525
1979,4937,2021-08-14,Cancelled,1167
1980,3321,2025-06-11,Cancelled,2361
1981,460,2024-10-18,Confirmed,2743
1982,4911,2022-07-14,Delivered,211
1983,3754,2026-06-06,Delivered,4775
1984,2482,2024-09-20,Delivered,1492
1985,1492,2024-08-12,Returned,2287
1986,2032,2020-10-26,Shipped,2475
1987,3470,2023-06-05,Returned,1946
1988,3323,2025-03-26,Confirmed,2104
1989,2370,2023-03-04,Pending,3886
1990,943,2022-01-29,Confirmed,4002
1991,4756,2022-12-07,Shipped,3761
1992,1125,2020-05-17,Cancelled,2551
1993,3784,2023-09-05,Cancelled,405
1994,498,2022-01-25,Confirmed,1323
1995,807,2022-02-12,Confirmed,766
1996,1349,2026-01-03,Shipped,4503
1997,4813,2023-03-29,Delivered,355
1998,2522,2021-06-20,Pending,1650
1999,1561,2021-03-17,Cancelled,1707
2000,4380,2024-09-16,Delivered,3122
2001,3928,2021-07-12,Cancelled,1107
2002,1287,2024-03-23,Cancelled,2387
2003,4171,2026-08-03,Cancelled,1828
2004,1662,2021-04-21,Pending,2296
2005,4110,2021-08-15,Pending,3618
2006,943,2026-08-05,Cancelled,1890
2007,2609,2023-07-24,Shipped,851
2008,4712,2020-07-14,Returned,3679
2009,4239,2026-07-21,Returned,4680
2010,4449,2020-03-18,Pending,2790
2011,918,2026-06-06,Pending,4977
2012,1501,2024-05-04,Delivered,1332
2013,3144,2021-02-03,Delivered,3566
2014,879,2026-06-07,Confirmed,874
2015,2545,2024-12-15,Shipped,1471
2016,3303,2020-06-12,Cancelled,4627
2017,4467,2022-06-10,Confirmed,27
2018,2323,2023-11-20,Delivered,216
2019,4063,2020-08-13,Shipped,1275
2020,3878,2025-11-07,Pending,3957
2021,2019,2023-10-03,Pending,469
2022,1941,2023-08-14,Cancelled,1360
2023,1888,2024-01-25,Returned,2512
2024,3249,2023-07-08,Pending,1403
2025,1593,2020-08-01,Returned,4431
2026,4568,2021-02-12,Pending,2579
2027,3106,2022-03-27,Confirmed,3827
2028,1266,2022-09-28,Confirmed,516
2029,4163,2022-12-16,Cancelled,4853
2030,2084,2024-04-02,Returned,1589
2031,1675,2023-11-26,Cancelled,4403
2032,2551,2023-04-14,Pending,1044
2033,4378,2026-03-16,Pending,1648
2034,2212,2025-10-31,Shipped,1745
2035,4000,2020-01-16,Cancelled,2255
2036,3441,2021-02-09,Cancelled,369
2037,3173,2022-03-27,Pending,3374
2038,4605,2024-06-10,Shipped,1958
2039,3717,2024-08-08,Confirmed,2118
2040,1015,2021-11-11,Cancelled,4392
2041,3589,2023-06-28,Pending,851
2042,998,2024-05-04,Pending,476
2043,2694,2021-03-23,Confirmed,3436
2044,2249,2021-07-19,Shipped,1701
2045,4201,2020-08-22,Confirmed,4431
2046,1184,2021-09-15,Shipped,1839
2047,203,2023-10-31,Confirmed,3415
2048,1315,2020-10-09,Returned,511
2049,4201,2021-11-30,Returned,4667
2050,4327,2020-10-07,Pending,983
2051,2969,2025-07-09,Delivered,3513
2052,3456,2022-07-08,Pending,4106
2053,4791,2023-08-26,Delivered,1144
2054,4992,2024-12-27,Confirmed,4959
2055,3853,2024-06-23,Confirmed,1050
2056,1862,2021-03-12,Cancelled,1137
2057,2686,2025-09-02,Pending,1879
2058,4591,2021-11-21,Pending,4950
2059,2155,2022-05-14,Cancelled,1914
2060,1095,2025-08-07,Delivered,2519
2061,4836,2025-02-23,Shipped,4382
2062,1010,2026-08-08,Delivered,1662
2063,2541,2025-02-03,Delivered,1861
2064,818,2020-05-05,Pending,3884
2065,1790,2020-12-13,Cancelled,590
2066,2464,2023-01-17,Pending,83
2067,3036,2022-09-10,Returned,450
2068,4414,2022-01-19,Returned,970
2069,2577,2020-12-22,Delivered,992
2070,2514,2023-06-10,Cancelled,385
2071,4801,2021-05-13,Cancelled,3498
2072,4766,2023-02-14,Returned,1679
2073,4692,2020-12-01,Cancelled,4516
2074,2326,2022-07-17,Shipped,2964
2075,1144,2024-03-26,Returned,2023
2076,344,2025-06-11,Confirmed,2907
2077,3172,2020-09-25,Cancelled,878
2078,728,2021-05-18,Pending,4639
2079,2468,2024-04-30,Returned,3702
2080,2016,2025-12-06,Cancelled,2966
2081,2389,2024-09-19,Pending,1392
2082,4098,2025-04-27,Returned,3713
2083,3053,2023-01-09,Delivered,1098
2084,4027,2024-08-04,Delivered,2259
2085,2236,2026-02-22,Shipped,286
2086,3219,2025-09-14,Returned,2569
2087,3110,2025-04-12,Shipped,2211
2088,4226,2020-06-15,Returned,197
2089,1315,2023-09-05,Cancelled,3136
2090,3564,2023-04-13,Cancelled,4369
2091,407,2020-05-27,Pending,691
2092,3043,2025-11-06,Confirmed,2989
2093,1927,2024-01-31,Pending,4319
2094,3557,2026-01-17,Shipped,1770
2095,1105,2021-01-03,Cancelled,3268
2096,1683,2020-06-09,Returned,3926
2097,2811,2024-05-27,Pending,3493
2098,4649,2020-04-16,Pending,2831
2099,4291,2021-03-21,Shipped,692
2100,2414,2025-08-30,Shipped,1125
2101,1624,2020-01-14,Returned,4873
2102,3301,2024-04-28,Shipped,2626
2103,483,2024-03-17,Delivered,2635
2104,762,2026-04-22,Shipped,3208
2105,98,2020-12-09,Returned,2551
2106,2271,2021-12-31,Cancelled,4662
2107,3772,2020-12-24,Pending,3286
2108,2207,2023-03-06,Pending,3227
2109,3083,2023-12-06,Confirmed,1949
2110,4975,2020-05-28,Shipped,2345
2111,2769,2023-01-11,Returned,2212
2112,3777,2020-07-24,Cancelled,1480
2113,4269,2020-05-06,Returned,673
2114,1341,2026-07-23,Delivered,1949
2115,2611,2024-04-10,Returned,1461
2116,2985,2022-07-18,Pending,1322
2117,3203,2023-01-21,Confirmed,2697
2118,2195,2020-10-28,Pending,514
2119,800,2024-07-07,Cancelled,4732
2120,1563,2025-04-23,Delivered,4440
2121,1006,2023-04-16,Confirmed,1666
2122,3756,2024-04-15,Returned,1701
2123,3266,2022-02-28,Shipped,3105
2124,294,2024-11-19,Delivered,3339
2125,4831,2026-04-20,Confirmed,4911
2126,618,2021-02-26,Confirmed,3870
2127,2740,2023-01-05,Pending,2524
2128,4303,2024-07-02,Shipped,608
2129,2783,2022-05-27,Shipped,3051
2130,3130,2023-05-12,Delivered,2410
2131,1665,2022-08-12,Cancelled,1464
2132,1371,2021-09-20,Returned,3697
2133,1403,2026-07-26,Shipped,1828
2134,4512,2023-07-20,Confirmed,4871
2135,967,2022-01-08,Delivered,4214
2136,1962,2025-04-11,Shipped,3997
2137,3594,2026-06-01,Pending,1585
2138,616,2022-03-13,Cancelled,1826
2139,2370,2021-12-09,Confirmed,4419
2140,2457,2025-12-26,Shipped,2353
2141,1734,2021-03-12,Confirmed,449
2142,2670,2020-04-08,Returned,3453
2143,332,2021-05-03,Delivered,387
2144,1433,2020-10-07,Delivered,510
2145,4455,2025-03-30,Cancelled,3193
2146,3917,2021-12-06,Delivered,1245
2147,3395,2026-01-21,Shipped,2575
2148,1498,2026-03-21,Pending,585
2149,4263,2021-10-26,Shipped,1840
2150,4487,2025-12-20,Delivered,4859
2151,4585,2024-06-09,Confirmed,1139
2152,2391,2023-04-06,Cancelled,4709
2153,3315,2024-08-09,Pending,3968
2154,4139,2022-03-04,Pending,4648
2155,1006,2022-08-13,Delivered,3355
2156,3790,2024-04-25,Shipped,4497
2157,1309,2023-04-12,Shipped,3930
2158,1365,2026-04-02,Pending,4047
2159,3424,2023-12-19,Cancelled,1548
2160,4269,2025-11-29,Confirmed,4991
2161,3553,2022-01-18,Shipped,1000
2162,3179,2023-02-21,Delivered,3733
2163,3199,2025-08-21,Confirmed,1226
2164,4335,2023-02-16,Cancelled,4785
2165,1930,2023-05-17,Delivered,2347
2166,4018,2021-02-22,Returned,274
2167,3006,2023-02-14,Pending,3160
2168,3904,2023-06-19,Pending,4641
2169,4869,2024-06-02,Cancelled,3089
2170,233,2020-12-10,Returned,738
2171,1339,2020-02-19,Cancelled,4338
2172,1032,2021-05-26,Cancelled,326
2173,28,2025-10-11,Shipped,2028
2174,3695,2026-02-28,Confirmed,1453
2175,1247,2023-05-31,Shipped,4187
2176,2016,2022-05-29,Cancelled,2199
2177,4286,2020-06-20,Shipped,3452
2178,3369,2025-05-12,Shipped,3173
2179,85,2026-06-12,Cancelled,3822
2180,1520,2025-01-10,Returned,1225
2181,3479,2026-06-23,Cancelled,2880
2182,4113,2021-04-04,Delivered,1955
2183,552,2026-07-01,Pending,4518
2184,3321,2023-09-12,Returned,620
2185,4850,2023-11-26,Returned,4825
2186,795,2023-09-24,Cancelled,4945
2187,4582,2025-10-17,Delivered,4230
2188,1544,2026-03-20,Shipped,4524
2189,2802,2026-06-09,Returned,1166
2190,3022,2020-01-20,Shipped,2707
2191,2727,2025-10-08,Returned,1311
2192,4536,2026-06-22,Pending,2940
2193,4221,2023-12-13,Shipped,2254
2194,3720,2025-12-03,Shipped,4094
2195,4384,2020-11-19,Returned,261
2196,4198,2026-02-01,Delivered,2042
2197,3575,2023-04-25,Shipped,3377
2198,4789,2021-02-08,Pending,4348
2199,4331,2025-04-26,Delivered,3513
2200,823,2026-03-17,Delivered,1446
2201,1826,2024-02-13,Returned,178
2202,3590,2024-08-30,Shipped,630
2203,428,2020-06-15,Cancelled,4534
2204,404,2025-06-22,Pending,1745
2205,870,2023-08-30,Pending,823
2206,2461,2021-02-14,Confirmed,4753
2207,2718,2021-10-05,Returned,2270
2208,2968,2021-08-01,Confirmed,4205
2209,451,2023-04-26,Delivered,1961
2210,482,2022-08-25,Delivered,823
2211,333,2023-08-10,Shipped,870
2212,2624,2024-01-01,Confirmed,897
2213,3593,2022-05-23,Delivered,3125
2214,1579,2021-12-15,Confirmed,3118
2215,207,2026-02-14,Delivered,1604
2216,2354,2022-12-21,Shipped,4785
2217,1028,2020-01-31,Cancelled,1824
2218,4984,2022-12-03,Cancelled,4919
2219,3194,2021-03-25,Shipped,104
2220,3173,2022-06-21,Returned,4053
2221,3632,2020-03-16,Pending,2838
2222,3287,2024-02-29,Confirmed,4953
2223,3797,2020-04-07,Shipped,4802
2224,137,2020-08-12,Delivered,3692
2225,2826,2020-08-14,Delivered,4752
2226,2897,2026-01-14,Pending,4002
2227,2154,2021-12-14,Pending,1813
2228,137,2020-04-21,Confirmed,1926
2229,3337,2023-05-08,Shipped,817
2230,4304,2025-10-12,Confirmed,1332
2231,4908,2021-06-22,Cancelled,1251
2232,4133,2021-09-28,Shipped,1085
2233,3689,2025-06-24,Pending,4567
2234,380,2021-02-07,Confirmed,1309
2235,4992,2021-09-28,Returned,504
2236,2510,2023-10-29,Shipped,767
2237,3177,2021-03-15,Pending,2404
2238,4539,2024-09-30,Shipped,2226
2239,3169,2023-07-21,Delivered,4247
2240,2599,2020-04-05,Shipped,4232
2241,4020,2026-02-14,Returned,413
2242,2644,2021-03-17,Confirmed,4959
2243,4694,2020-07-19,Shipped,2560
2244,416,2021-03-12,Pending,3649
2245,919,2024-05-12,Shipped,4165
2246,666,2024-11-01,Shipped,244
2247,2682,2020-09-09,Returned,4641
2248,4792,2024-10-24,Confirmed,4161
2249,1663,2020-05-10,Confirmed,2508
2250,4808,2025-05-04,Shipped,2177
2251,4348,2020-07-07,Cancelled,1597
2252,3858,2024-07-23,Delivered,2636
2253,3606,2020-03-24,Delivered,2734
2254,3263,2024-07-08,Delivered,3642
2255,1603,2024-05-08,Pending,3196
2256,1216,2023-01-31,Shipped,1217
2257,4929,2021-04-30,Pending,578
2258,1075,2026-04-17,Delivered,2818
2259,544,2020-04-28,Pending,2723
2260,2622,2023-09-20,Confirmed,1875
2261,2550,2023-11-24,Pending,1444
2262,668,2021-04-13,Pending,3498
2263,596,2025-09-22,Pending,3330
2264,3492,2021-04-24,Cancelled,431
2265,656,2024-07-08,Delivered,2144
2266,3308,2021-04-11,Shipped,3491
2267,4546,2021-07-13,Confirmed,2201
2268,689,2021-08-27,Confirmed,1977
2269,812,2024-07-04,Pending,1040
2270,426,2022-05-24,Confirmed,4160
2271,2784,2023-12-14,Returned,2080
2272,3681,2022-02-08,Shipped,4076
2273,3573,2026-05-07,Confirmed,3493
2274,987,2023-08-30,Shipped,1900
2275,185,2025-07-20,Cancelled,4750
2276,4031,2020-12-14,Confirmed,882
2277,2079,2021-03-23,Delivered,80
2278,1120,2025-11-28,Shipped,4170
2279,4901,2025-06-25,Delivered,2710
2280,120,2024-12-25,Cancelled,3461
2281,820,2022-07-09,Confirmed,4827
2282,3814,2022-09-09,Returned,148
2283,4221,2021-09-28,Confirmed,3382
2284,1364,2026-01-04,Confirmed,665
2285,112,2021-04-19,Delivered,4093
2286,4274,2024-12-20,Pending,2758
2287,464,2026-06-01,Pending,424
2288,1393,2026-03-10,Confirmed,2746
2289,116,2022-11-16,Cancelled,745
2290,1602,2025-01-31,Pending,819
2291,3979,2020-09-03,Confirmed,3412
2292,2287,2024-12-24,Delivered,4428
2293,1632,2023-09-24,Returned,1166
2294,2411,2024-03-06,Delivered,935
2295,1236,2022-08-05,Confirmed,237
2296,1447,2021-07-25,Shipped,3207
2297,2436,2026-04-27,Returned,1153
2298,4034,2025-12-17,Delivered,7
2299,2141,2021-06-16,Confirmed,3736
2300,4510,2023-12-21,Pending,44
2301,493,2024-07-07,Shipped,4194
2302,1778,2023-06-08,Shipped,3690
2303,3730,2022-04-27,Confirmed,2729
2304,4751,2021-04-22,Delivered,4356
2305,979,2021-03-06,Pending,2019
2306,651,2025-08-07,Shipped,4743
2307,2915,2025-02-10,Confirmed,4261
2308,3172,2023-12-30,Shipped,335
2309,2994,2022-02-05,Cancelled,4142
2310,2460,2021-06-03,Returned,2168
2311,4343,2024-09-15,Delivered,4143
2312,2023,2022-05-10,Delivered,2531
2313,869,2025-11-24,Pending,3417
2314,2260,2022-07-06,Shipped,1149
2315,948,2020-10-08,Cancelled,3332
2316,1668,2023-03-08,Confirmed,2653
2317,4246,2022-05-08,Pending,4694
2318,4,2022-01-02,Pending,4094
2319,3929,2026-03-29,Returned,4685
2320,3141,2025-07-11,Delivered,1789
2321,3917,2020-01-24,Returned,1491
2322,4265,2020-08-12,Confirmed,1884
2323,2405,2022-09-25,Shipped,2171
2324,586,2025-11-11,Returned,3282
2325,3857,2026-06-27,Delivered,2844
2326,4514,2025-01-05,Confirmed,875
2327,2929,2020-04-12,Shipped,4435
2328,2952,2022-10-04,Shipped,2951
2329,2074,2023-01-13,Pending,2299
2330,1479,2020-03-19,Delivered,1505
2331,3,2022-05-02,Shipped,2100
2332,1211,2026-02-20,Cancelled,326
2333,811,2022-01-09,Shipped,4706
2334,3515,2020-05-03,Delivered,1569
2335,4170,2024-05-13,Pending,4930
2336,4032,2024-10-01,Returned,383
2337,918,2024-07-31,Shipped,2083
2338,1290,2022-12-04,Returned,4326
2339,4180,2021-01-28,Returned,2560
2340,1862,2024-07-23,Delivered,3934
2341,3473,2025-12-10,Returned,4992
2342,2454,2025-02-26,Cancelled,4720
2343,379,2023-06-02,Returned,2301
2344,2427,2024-10-02,Pending,3982
2345,782,2024-05-21,Delivered,3254
2346,2931,2025-10-17,Shipped,4829
2347,527,2020-12-28,Pending,4429
2348,2345,2022-07-18,Cancelled,4376
2349,3693,2020-04-14,Delivered,2320
2350,4403,2023-01-27,Returned,2694
2351,4318,2025-07-25,Cancelled,4321
2352,609,2020-04-01,Returned,3183
2353,4,2026-01-17,Pending,3948
2354,3610,2020-05-29,Pending,1773
2355,4928,2022-09-25,Returned,1027
2356,4202,2026-08-09,Delivered,1888
2357,1861,2024-05-25,Cancelled,306
2358,319,2023-03-06,Cancelled,4616
2359,142,2020-06-26,Returned,1627
2360,1986,2020-12-02,Delivered,3664
2361,2547,2023-10-12,Pending,2617
2362,1312,2024-06-16,Confirmed,2489
2363,2586,2025-07-22,Returned,2562
2364,680,2024-03-09,Cancelled,1733
2365,1212,2020-12-22,Confirmed,999
2366,1291,2020-08-14,Returned,2773
2367,4293,2024-08-18,Cancelled,4707
2368,287,2021-03-08,Cancelled,390
2369,4783,2025-11-02,Shipped,2809
2370,1387,2021-06-26,Cancelled,3112
2371,2325,2025-03-01,Pending,1898
2372,1650,2023-12-28,Shipped,1126
2373,2431,2020-10-02,Pending,1967
2374,1428,2022-09-12,Confirmed,862
2375,1239,2025-04-16,Shipped,1926
2376,516,2022-01-28,Delivered,2068
2377,4242,2020-12-20,Returned,1973
2378,4554,2026-04-24,Cancelled,3263
2379,2363,2023-07-27,Cancelled,742
2380,4262,2025-11-06,Pending,1886
2381,1545,2024-05-27,Confirmed,3290
2382,2242,2021-08-25,Delivered,3552
2383,1895,2023-01-07,Pending,4818
2384,186,2024-01-12,Shipped,1562
2385,3081,2026-01-17,Shipped,1775
2386,1119,2023-05-08,Shipped,1624
2387,1761,2020-06-17,Confirmed,1705
2388,1891,2022-11-09,Confirmed,3728
2389,50,2024-06-16,Delivered,4435
2390,4061,2023-08-14,Pending,4266
2391,165,2025-02-25,Shipped,3761
2392,2838,2024-03-05,Pending,2450
2393,639,2021-04-29,Returned,2267
2394,2349,2022-07-23,Returned,1385
2395,1947,2020-04-03,Returned,3101
2396,1449,2022-01-12,Cancelled,606
2397,541,2026-05-22,Confirmed,2402
2398,4750,2025-09-13,Pending,1613
2399,4616,2022-07-22,Shipped,3451
2400,1403,2025-12-04,Cancelled,30
2401,2206,2025-01-15,Shipped,346
2402,4881,2024-04-06,Returned,617
2403,4840,2026-03-23,Pending,1398
2404,3617,2020-12-13,Cancelled,334
2405,4835,2025-06-18,Confirmed,2275
2406,836,2025-04-26,Cancelled,4425
2407,1814,2024-03-18,Returned,396
2408,2933,2024-03-15,Delivered,19
2409,2320,2023-06-19,Cancelled,2770
2410,1172,2023-02-26,Shipped,803
2411,975,2025-09-21,Cancelled,2684
2412,4392,2020-01-08,Delivered,1635
2413,991,2023-12-13,Cancelled,4778
2414,4255,2023-10-31,Pending,4147
2415,2494,2025-03-14,Shipped,1195
2416,3093,2026-08-07,Confirmed,439
2417,2005,2022-10-05,Delivered,1213
2418,1471,2022-09-02,Returned,3881
2419,1031,2026-03-18,Returned,4241
2420,709,2024-07-24,Returned,1234
2421,961,2020-12-08,Confirmed,2890
2422,905,2022-03-02,Cancelled,1306
2423,3617,2026-07-14,Cancelled,2522
2424,1467,2026-05-19,Returned,672
2425,4497,2022-10-01,Delivered,4144
2426,4011,2024-09-23,Cancelled,2744
2427,1692,2020-07-02,Pending,2649
2428,3398,2025-05-06,Pending,3678
2429,356,2024-03-31,Cancelled,3804
2430,94,2025-02-27,Cancelled,35
2431,3857,2025-01-17,Delivered,2392
2432,2165,2023-07-16,Cancelled,3879
2433,1117,2020-06-20,Shipped,1945
2434,515,2020-08-05,Shipped,2984
2435,3842,2024-08-30,Returned,768
2436,958,2023-06-04,Confirmed,4740
2437,2561,2021-02-16,Confirmed,2499
2438,966,2020-03-18,Pending,1675
2439,1085,2020-05-05,Shipped,1065
2440,4458,2022-03-27,Pending,174
2441,779,2020-05-02,Pending,3256
2442,188,2024-11-30,Returned,317
2443,1342,2023-03-26,Shipped,3905
2444,4242,2022-02-03,Cancelled,132
2445,3984,2021-01-23,Shipped,754
2446,297,2020-11-26,Pending,4093
2447,114,2024-06-01,Delivered,2865
2448,3425,2022-04-19,Delivered,1005
2449,1149,2025-08-02,Pending,1224
2450,3329,2024-12-09,Returned,3123
2451,1402,2022-09-10,Pending,4508
2452,2654,2020-02-23,Cancelled,4948
2453,250,2020-10-21,Confirmed,608
2454,500,2024-11-12,Delivered,682
2455,590,2022-08-05,Shipped,954
2456,247,2025-04-06,Shipped,4784
2457,1369,2024-07-08,Delivered,2267
2458,4681,2026-04-04,Confirmed,4090
2459,630,2024-01-17,Confirmed,1876
2460,1360,2024-01-15,Confirmed,750
2461,3416,2020-01-12,Pending,4973
2462,4424,2021-06-02,Cancelled,1490
2463,608,2022-11-07,Pending,2850
2464,1078,2023-09-05,Shipped,3952
2465,2676,2022-07-28,Returned,4810
2466,3662,2025-08-08,Shipped,3365
2467,2525,2025-05-31,Cancelled,91
2468,4679,2022-11-08,Returned,3912
2469,599,2021-02-22,Confirmed,908
2470,3343,2024-10-08,Pending,4045
2471,2094,2024-08-28,Cancelled,4443
2472,330,2021-01-21,Shipped,4411
2473,1379,2022-09-10,Confirmed,1778
2474,4204,2023-10-27,Delivered,4893
2475,2368,2022-12-16,Delivered,2541
2476,3300,2024-03-23,Confirmed,2890
2477,1041,2023-03-15,Pending,3402
2478,2813,2020-07-15,Pending,3953
2479,3348,2025-10-22,Delivered,1602
2480,4992,2024-12-27,Pending,2916
2481,1620,2023-12-11,Returned,140
2482,647,2022-07-30,Returned,3380
2483,1580,2026-02-24,Pending,2859
2484,1457,2022-01-09,Delivered,4156
2485,4621,2025-06-06,Pending,3974
2486,20,2025-09-27,Pending,4533
2487,352,2020-06-02,Confirmed,3763
2488,1373,2022-06-15,Shipped,1170
2489,4606,2023-12-02,Delivered,1585
2490,1034,2022-10-21,Confirmed,165
2491,537,2022-04-08,Cancelled,474
2492,4282,2024-08-06,Shipped,561
2493,2170,2025-12-28,Pending,4872
2494,3966,2025-10-05,Delivered,4029
2495,2795,2022-09-10,Shipped,1889
2496,2175,2022-05-26,Shipped,1146
2497,941,2025-06-16,Delivered,1574
2498,1708,2025-08-08,Cancelled,4269
2499,2901,2024-02-25,Returned,1287
2500,3459,2024-07-19,Pending,2834
2501,4838,2023-11-02,Cancelled,947
2502,1754,2022-05-08,Pending,3749
2503,2327,2021-04-15,Cancelled,4031
2504,1019,2022-02-06,Cancelled,548
2505,891,2024-09-28,Confirmed,3764
2506,3233,2025-04-11,Confirmed,3542
2507,1930,2022-06-04,Returned,1640
2508,3559,2021-12-08,Pending,1813
2509,1701,2023-01-27,Delivered,4467
2510,4013,2026-08-01,Delivered,1758
2511,68,2021-07-22,Shipped,3094
2512,2173,2026-03-08,Pending,1086
2513,2871,2026-06-16,Delivered,327
2514,2075,2025-04-28,Delivered,865
2515,396,2022-09-18,Cancelled,454
2516,2903,2021-11-03,Shipped,1815
2517,1163,2023-03-05,Pending,3880
2518,4457,2021-06-01,Delivered,2299
2519,669,2024-06-20,Confirmed,4356
2520,1984,2024-08-06,Delivered,1581
2521,3380,2024-01-22,Returned,4227
2522,2825,2021-02-02,Returned,3186
2523,1014,2024-11-28,Delivered,3035
2524,4423,2022-01-19,Shipped,3239
2525,2888,2022-09-25,Delivered,1958
2526,3969,2021-11-07,Returned,118
2527,4586,2022-02-05,Cancelled,856
2528,3467,2023-10-06,Delivered,4249
2529,2675,2026-01-24,Cancelled,4833
2530,3349,2024-01-01,Shipped,3744
2531,3957,2021-02-09,Delivered,211
2532,469,2024-06-02,Returned,1621
2533,3694,2020-11-07,Pending,1571
2534,4247,2026-07-22,Cancelled,237
2535,2501,2026-01-10,Delivered,4063
2536,1625,2021-07-09,Confirmed,1313
2537,2932,2024-10-02,Pending,2072
2538,1742,2021-08-30,Pending,2547
2539,1436,2020-10-17,Pending,4124
2540,2231,2023-05-16,Confirmed,55
2541,3272,2022-05-08,Returned,4300
2542,3955,2021-11-24,Shipped,4036
2543,3482,2021-11-18,Shipped,3587
2544,1215,2021-07-04,Cancelled,4950
2545,3058,2020-12-26,Returned,2864
2546,3046,2025-07-18,Shipped,427
2547,3155,2021-05-27,Pending,700
2548,2336,2024-05-13,Cancelled,3782
2549,3124,2023-06-11,Cancelled,3198
2550,2606,2026-06-27,Pending,4187
2551,909,2025-07-20,Delivered,1690
2552,3267,2024-05-12,Shipped,4778
2553,320,2026-07-10,Confirmed,2411
2554,1336,2021-12-21,Delivered,4552
2555,1322,2024-11-20,Pending,2431
2556,533,2022-06-12,Shipped,1131
2557,487,2020-11-26,Shipped,203
2558,509,2026-03-19,Confirmed,1512
2559,3298,2021-11-07,Pending,3419
2560,4103,2023-02-18,Returned,661
2561,2244,2023-05-01,Returned,1888
2562,4169,2024-01-17,Delivered,1272
2563,2082,2026-06-04,Delivered,4655
2564,906,2022-03-26,Returned,165
2565,2231,2020-04-07,Delivered,1984
2566,36,2023-09-04,Confirmed,4461
2567,4775,2022-04-26,Cancelled,1167
2568,4789,2024-01-21,Confirmed,4569
2569,4879,2020-10-14,Delivered,810
2570,3242,2026-07-28,Confirmed,4012
2571,3813,2026-05-30,Shipped,1006
2572,4803,2023-02-26,Pending,819
2573,1523,2026-01-29,Pending,3261
2574,4230,2022-12-16,Confirmed,1659
2575,2253,2020-11-15,Pending,2523
2576,622,2023-10-03,Shipped,868
2577,2438,2022-08-28,Confirmed,4558
2578,1416,2021-10-31,Returned,172
2579,43,2025-05-16,Delivered,2466
2580,326,2020-12-25,Pending,3887
2581,3328,2020-09-05,Confirmed,4034
2582,4599,2022-10-15,Returned,2787
2583,3656,2026-06-08,Returned,3606
2584,4114,2021-08-18,Pending,2017
2585,1568,2020-03-21,Delivered,3761
2586,15,2024-11-11,Confirmed,1936
2587,648,2025-10-16,Shipped,4522
2588,3961,2020-03-30,Shipped,4348
2589,1526,2021-09-20,Cancelled,1062
2590,2854,2026-05-28,Shipped,2353
2591,3997,2022-03-16,Returned,1755
2592,2713,2021-11-20,Returned,3405
2593,1674,2021-11-11,Returned,1705
2594,2215,2022-03-16,Returned,2635
2595,3081,2022-05-03,Cancelled,3101
2596,3841,2022-01-13,Pending,1445
2597,981,2023-02-12,Pending,4037
2598,4828,2022-04-13,Pending,4107
2599,4015,2025-12-28,Confirmed,2785
2600,1886,2025-08-15,Shipped,936
2601,2370,2024-11-09,Shipped,2977
2602,3500,2023-08-20,Cancelled,322
2603,151,2023-08-19,Confirmed,4627
2604,1232,2022-06-06,Cancelled,2938
2605,3993,2024-06-04,Confirmed,361
2606,262,2022-06-10,Cancelled,4936
2607,242,2023-07-18,Delivered,4183
2608,2667,2025-05-29,Pending,3190
2609,1395,2025-05-22,Pending,1528
2610,1592,2023-06-09,Shipped,4885
2611,4849,2022-12-09,Confirmed,3354
2612,3312,2024-05-16,Pending,2196
2613,3796,2022-08-22,Shipped,4520
2614,2154,2023-07-11,Cancelled,1479
2615,821,2020-06-28,Cancelled,1063
2616,1034,2022-05-19,Confirmed,795
2617,4919,2022-02-23,Delivered,996
2618,3252,2025-08-11,Delivered,16
2619,428,2025-10-01,Shipped,4665
2620,320,2024-11-13,Cancelled,959
2621,3335,2022-09-06,Shipped,2418
2622,4377,2026-01-05,Returned,409
2623,164,2022-08-26,Returned,4374
2624,710,2024-02-03,Pending,188
2625,358,2023-07-23,Pending,666
2626,805,2024-05-27,Pending,413
2627,101,2025-11-05,Pending,34
2628,4786,2024-07-30,Delivered,3975
2629,412,2026-07-21,Pending,2313
2630,4746,2022-05-23,Confirmed,966
2631,622,2023-03-31,Returned,2584
2632,2950,2022-09-01,Confirmed,2472
2633,2642,2025-02-05,Confirmed,2842
2634,646,2021-07-01,Returned,1295
2635,588,2021-11-17,Confirmed,2234
2636,1090,2020-12-09,Returned,2943
2637,2557,2025-12-29,Cancelled,215
2638,976,2020-04-27,Confirmed,4425
2639,4908,2026-02-09,Shipped,4082
2640,3837,2021-10-14,Pending,2324
2641,2972,2021-07-01,Pending,4966
2642,844,2023-09-27,Delivered,3779
2643,2497,2024-06-20,Shipped,3974
2644,1213,2023-10-13,Pending,2590
2645,3868,2024-07-21,Shipped,747
2646,339,2020-03-01,Shipped,1020
2647,4296,2025-05-08,Pending,3269
2648,2955,2020-03-15,Returned,4149
2649,4663,2021-04-10,Returned,2181
2650,4564,2024-07-22,Pending,2671
2651,4081,2020-11-27,Cancelled,278
2652,3225,2024-03-06,Pending,3099
2653,3283,2022-04-26,Delivered,3854
2654,4632,2021-03-12,Shipped,218
2655,2594,2023-11-17,Cancelled,1959
2656,982,2023-04-13,Confirmed,3198
2657,1372,2020-11-27,Cancelled,824
2658,4390,2022-08-22,Pending,3145
2659,4489,2024-04-12,Confirmed,2707
2660,1499,2021-11-12,Confirmed,2462
2661,3475,2026-01-14,Confirmed,4591
2662,3261,2023-09-17,Confirmed,917
2663,1866,2023-03-31,Confirmed,1941
2664,504,2021-10-24,Pending,908
2665,530,2026-03-19,Returned,1160
2666,2088,2020-01-21,Cancelled,2738
2667,772,2025-07-05,Confirmed,3593
2668,4488,2026-05-19,Confirmed,2839
2669,432,2021-08-18,Shipped,4975
2670,1054,2022-11-09,Confirmed,3907
2671,2331,2022-08-01,Confirmed,2669
2672,3509,2025-12-13,Returned,1241
2673,74,2021-04-27,Shipped,536
2674,2455,2025-08-02,Delivered,3082
2675,2522,2022-06-30,Delivered,1754
2676,3665,2024-03-20,Returned,3029
2677,951,2026-06-01,Confirmed,2533
2678,1502,2020-10-27,Cancelled,461
2679,1191,2020-08-06,Shipped,204
2680,3540,2021-09-11,Cancelled,4435
2681,421,2020-12-12,Returned,4660
2682,3523,2025-03-31,Confirmed,351
2683,4932,2022-12-20,Cancelled,3641
2684,281,2024-04-05,Confirmed,3592
2685,249,2021-09-05,Cancelled,4818
2686,4169,2022-11-30,Pending,1416
2687,1772,2025-02-13,Confirmed,481
2688,1979,2025-09-07,Delivered,4101
2689,1965,2024-08-01,Delivered,568
2690,3968,2021-10-20,Pending,3510
2691,262,2025-12-03,Pending,2982
2692,3311,2024-11-30,Pending,4577
2693,3962,2025-06-11,Confirmed,282
2694,967,2022-09-27,Shipped,3481
2695,1256,2024-06-22,Cancelled,76
2696,2325,2025-05-27,Delivered,4566
2697,4329,2022-03-24,Shipped,3568
2698,5,2025-11-28,Returned,664
2699,4514,2026-05-24,Confirmed,2085
2700,540,2025-06-04,Shipped,1196
2701,1849,2022-02-11,Confirmed,1292
2702,4938,2023-07-09,Shipped,4401
2703,1604,2024-08-13,Returned,3600
2704,193,2021-02-08,Shipped,764
2705,122,2025-08-09,Pending,4925
2706,1028,2021-03-08,Pending,3989
2707,4165,2020-08-20,Confirmed,1537
2708,3142,2023-09-30,Cancelled,3056
2709,1486,2021-03-01,Shipped,2316
2710,441,2025-11-21,Pending,4356
2711,4189,2021-06-28,Delivered,3512
2712,4050,2026-06-13,Shipped,359
2713,4627,2022-06-22,Pending,1630
2714,3550,2023-07-21,Confirmed,775
2715,622,2022-01-26,Shipped,614
2716,3728,2023-06-04,Confirmed,2512
2717,2105,2020-01-03,Returned,1945
2718,1424,2021-04-19,Returned,3097
2719,2287,2021-05-20,Cancelled,1394
2720,2643,2023-06-20,Shipped,973
2721,2128,2026-04-24,Pending,742
2722,2155,2026-04-03,Delivered,4068
2723,1675,2022-06-14,Pending,2966
2724,2123,2022-01-27,Returned,1428
2725,4476,2022-10-23,Shipped,1173
2726,4273,2022-01-20,Shipped,4082
2727,92,2022-11-07,Delivered,1148
2728,1176,2024-09-17,Delivered,2132
2729,847,2025-10-23,Returned,200
2730,14,2024-08-04,Pending,3671
2731,2709,2020-05-22,Confirmed,3275
2732,4255,2022-11-01,Pending,1769
2733,2278,2020-07-15,Shipped,2805
2734,1987,2020-04-16,Confirmed,3582
2735,504,2020-04-29,Delivered,1815
2736,2050,2025-01-04,Returned,2585
2737,4335,2020-04-12,Confirmed,454
2738,3597,2024-10-28,Shipped,3931
2739,1919,2025-01-27,Pending,722
2740,3002,2023-11-26,Confirmed,488
2741,4697,2025-08-11,Shipped,1196
2742,276,2023-03-01,Delivered,2601
2743,1328,2020-06-14,Cancelled,3086
2744,3651,2020-01-19,Cancelled,807
2745,3942,2023-02-28,Pending,4601
2746,2388,2024-12-18,Pending,4091
2747,3552,2024-09-10,Pending,1383
2748,2719,2021-05-25,Returned,4233
2749,938,2022-05-17,Confirmed,1274
2750,1112,2024-10-31,Shipped,1881
2751,2051,2022-12-28,Cancelled,2806
2752,3657,2025-12-06,Confirmed,3710
2753,1689,2021-03-15,Confirmed,122
2754,1946,2022-06-09,Cancelled,2722
2755,2920,2023-02-01,Cancelled,1364
2756,1079,2022-11-03,Cancelled,763
2757,2714,2022-10-22,Cancelled,576
2758,1116,2023-12-01,Returned,3946
2759,231,2023-02-10,Pending,3375
2760,273,2026-02-10,Delivered,4331
2761,2230,2020-01-18,Shipped,1596
2762,4656,2025-03-07,Confirmed,3532
2763,4807,2023-02-17,Confirmed,4112
2764,1124,2020-08-12,Confirmed,10
2765,1126,2024-02-01,Cancelled,3003
2766,800,2023-06-17,Delivered,4935
2767,1189,2026-06-08,Shipped,3668
2768,2460,2023-03-27,Delivered,2459
2769,4135,2020-11-30,Returned,2962
2770,3841,2022-11-22,Cancelled,2724
2771,2896,2024-05-20,Delivered,4815
2772,3369,2023-06-27,Confirmed,3863
2773,1876,2022-08-01,Confirmed,2184
2774,4305,2024-07-13,Pending,3633
2775,4884,2020-10-23,Confirmed,4138
2776,3790,2023-10-04,Returned,4015
2777,1241,2025-02-16,Shipped,689
2778,1068,2024-10-20,Returned,3547
2779,3441,2024-01-03,Cancelled,4522
2780,2885,2021-08-19,Delivered,4690
2781,2936,2024-12-27,Returned,4521
2782,1325,2025-12-02,Pending,724
2783,3759,2021-01-08,Delivered,1205
2784,229,2025-02-12,Delivered,1223
2785,3236,2020-12-26,Pending,2483
2786,180,2026-01-27,Shipped,2954
2787,1122,2025-11-27,Returned,3375
2788,1549,2023-07-25,Pending,4459
2789,3829,2021-03-08,Pending,875
2790,4923,2022-07-28,Delivered,4294
2791,2925,2022-05-14,Delivered,1773
2792,4264,2023-11-06,Delivered,4088
2793,1354,2025-05-07,Cancelled,2438
2794,2074,2026-01-09,Cancelled,2736
2795,1700,2025-12-07,Returned,425
2796,2530,2023-04-03,Pending,1226
2797,3732,2021-04-20,Cancelled,2121
2798,386,2026-07-09,Confirmed,4845
2799,3198,2025-07-24,Delivered,1691
2800,684,2022-03-30,Confirmed,1674
2801,4356,2025-09-11,Returned,1004
2802,28,2025-02-11,Delivered,66
2803,4342,2021-02-27,Shipped,2843
2804,3490,2020-01-26,Cancelled,434
2805,3588,2025-05-08,Pending,3782
2806,4918,2020-08-10,Shipped,1124
2807,4623,2020-03-10,Cancelled,3154
2808,1157,2023-02-15,Returned,2399
2809,7,2020-11-08,Confirmed,929
2810,4123,2026-03-07,Confirmed,1039
2811,4121,2022-11-05,Confirmed,3041
2812,2661,2021-08-25,Cancelled,1747
2813,1972,2024-08-11,Returned,2702
2814,3780,2024-03-22,Cancelled,2718
2815,2266,2021-09-23,Pending,2943
2816,134,2020-07-10,Shipped,4130
2817,2217,2025-07-10,Delivered,1043
2818,141,2024-02-03,Cancelled,2053
2819,3553,2024-02-06,Pending,3931
2820,3154,2020-07-27,Shipped,303
2821,2757,2023-09-01,Confirmed,4789
2822,3827,2020-07-03,Shipped,985
2823,9,2021-08-11,Delivered,418
2824,2727,2022-12-24,Cancelled,4674
2825,1524,2025-05-10,Delivered,3167
2826,3555,2024-04-24,Cancelled,1343
2827,3384,2021-11-25,Delivered,4301
2828,4767,2025-05-05,Delivered,4879
2829,3220,2022-10-19,Shipped,4283
2830,2877,2023-12-04,Returned,2732
2831,3627,2022-07-26,Shipped,4694
2832,4127,2021-08-06,Pending,2943
2833,1876,2023-12-01,Cancelled,2905
2834,1436,2026-04-15,Cancelled,2550
2835,149,2023-03-05,Pending,1566
2836,389,2023-01-07,Shipped,3970
2837,336,2020-06-15,Delivered,159
2838,4090,2026-03-22,Delivered,1481
2839,2609,2025-07-04,Cancelled,2301
2840,97,2024-01-01,Delivered,4676
2841,2455,2022-09-13,Returned,4641
2842,956,2020-03-10,Shipped,4822
2843,2502,2023-05-09,Returned,4715
2844,304,2024-02-24,Pending,2814
2845,286,2020-06-06,Confirmed,513
2846,2312,2022-07-23,Pending,1822
2847,2505,2023-07-13,Cancelled,931
2848,4198,2020-05-18,Returned,846
2849,2417,2022-03-23,Shipped,1016
2850,2103,2022-11-24,Delivered,3760
2851,4315,2022-02-17,Confirmed,1629
2852,4319,2024-12-08,Delivered,4546
2853,3483,2023-01-02,Confirmed,2694
2854,4015,2024-03-06,Shipped,4404
2855,1024,2022-08-05,Shipped,1917
2856,1448,2026-01-08,Returned,1568
2857,2697,2021-01-04,Pending,1703
2858,2299,2020-09-09,Pending,518
2859,3236,2026-01-25,Confirmed,1749
2860,4600,2026-01-07,Pending,684
2861,4912,2024-06-15,Confirmed,1970
2862,2839,2024-05-07,Pending,4436
2863,1389,2024-09-19,Cancelled,3171
2864,667,2025-04-05,Cancelled,3234
2865,104,2023-04-06,Delivered,2260
2866,1768,2020-06-11,Delivered,2553
2867,698,2020-12-13,Pending,2275
2868,556,2025-06-01,Shipped,2307
2869,4506,2020-09-13,Delivered,4701
2870,3763,2020-09-04,Returned,3256
2871,2909,2023-12-10,Confirmed,2014
2872,4881,2020-03-23,Returned,30
2873,4538,2020-12-15,Delivered,3175
2874,3507,2022-05-15,Confirmed,4627
2875,2369,2025-11-17,Cancelled,4824
2876,2153,2024-06-24,Cancelled,1987
2877,4380,2023-12-20,Delivered,3962
2878,1996,2025-02-15,Returned,3198
2879,3400,2026-05-22,Confirmed,2233
2880,4988,2026-06-16,Delivered,4927
2881,4719,2026-03-22,Cancelled,3849
2882,1252,2023-02-13,Confirmed,705
2883,4886,2020-03-04,Confirmed,982
2884,4182,2020-01-18,Shipped,317
2885,2257,2025-05-29,Confirmed,2541
2886,479,2025-05-14,Shipped,1924
2887,4718,2022-10-26,Returned,4012
2888,1115,2021-10-26,Confirmed,1285
2889,4374,2021-12-01,Cancelled,4718
2890,4699,2023-07-17,Cancelled,135
2891,1375,2023-01-22,Confirmed,4571
2892,4516,2020-07-01,Confirmed,2013
2893,2037,2024-09-09,Delivered,2447
2894,1260,2025-12-14,Delivered,1876
2895,1041,2020-11-19,Pending,4871
2896,3040,2020-08-12,Returned,345
2897,1726,2021-07-31,Returned,4388
2898,3775,2024-06-05,Confirmed,3899
2899,983,2022-08-06,Delivered,1538
2900,2419,2024-04-05,Cancelled,2684
2901,4517,2025-01-09,Confirmed,3326
2902,251,2024-11-02,Pending,352
2903,3049,2025-03-30,Confirmed,599
2904,3834,2020-02-29,Returned,4416
2905,2151,2022-01-02,Confirmed,1301
2906,3028,2023-03-22,Shipped,518
2907,1872,2022-07-04,Cancelled,2329
2908,1232,2020-01-21,Delivered,3807
2909,3415,2023-01-14,Cancelled,480
2910,1726,2022-01-14,Confirmed,3447
2911,353,2025-04-24,Confirmed,4660
2912,4879,2025-10-04,Shipped,3610
2913,2334,2021-11-16,Delivered,1588
2914,4989,2021-07-09,Shipped,147
2915,2992,2020-11-25,Pending,4967
2916,2596,2022-03-14,Returned,9
2917,2044,2023-10-23,Shipped,2826
2918,4042,2021-05-16,Cancelled,4373
2919,4443,2023-11-06,Delivered,1355
2920,1224,2023-03-16,Pending,2916
2921,1279,2022-10-29,Cancelled,2779
2922,4508,2022-11-01,Cancelled,1812
2923,3220,2021-04-09,Confirmed,4434
2924,4027,2020-03-08,Delivered,4463
2925,2579,2026-08-03,Cancelled,2562
2926,3724,2024-08-10,Confirmed,627
2927,129,2021-07-15,Pending,4263
2928,2651,2022-04-11,Pending,141
2929,2998,2023-09-29,Confirmed,202
2930,2427,2023-06-10,Shipped,4536
2931,1509,2024-06-26,Delivered,1318
2932,3991,2024-10-12,Delivered,3304
2933,159,2026-04-09,Cancelled,2729
2934,4605,2023-11-19,Pending,3039
2935,1240,2025-11-25,Returned,3496
2936,3773,2025-06-05,Delivered,376
2937,1221,2021-05-07,Confirmed,76
2938,2884,2024-01-19,Cancelled,4708
2939,667,2025-02-26,Pending,163
2940,1083,2022-01-23,Delivered,4302
2941,671,2022-08-17,Returned,649
2942,3449,2021-06-12,Pending,2385
2943,1157,2026-07-28,Delivered,529
2944,3434,2021-01-25,Shipped,365
2945,4860,2022-05-01,Pending,2965
2946,1292,2025-04-30,Shipped,3650
2947,3981,2022-11-07,Returned,4095
2948,3029,2020-12-23,Cancelled,1711
2949,23,2021-03-24,Cancelled,1592
2950,4686,2021-01-28,Confirmed,1429
2951,35,2026-06-20,Shipped,1081
2952,1647,2024-02-01,Confirmed,4716
2953,4391,2024-08-23,Shipped,250
2954,1570,2026-03-23,Shipped,4310
2955,3195,2023-11-05,Cancelled,2155
2956,2252,2025-02-17,Confirmed,3188
2957,335,2020-08-20,Shipped,711
2958,3411,2021-01-19,Returned,785
2959,3812,2024-01-26,Confirmed,4102
2960,4998,2024-09-27,Shipped,3130
2961,1718,2026-06-15,Pending,3366
2962,772,2025-11-28,Cancelled,4206
2963,3466,2024-10-29,Pending,1721
2964,1496,2026-04-21,Pending,4892
2965,3253,2024-05-03,Delivered,1468
2966,1393,2020-11-01,Cancelled,815
2967,1200,2023-07-30,Confirmed,4098
2968,3892,2022-11-14,Delivered,3656
2969,2139,2023-04-07,Cancelled,4134
2970,3192,2022-09-01,Pending,2158
2971,1023,2023-08-20,Pending,1880
2972,807,2025-03-29,Returned,836
2973,2165,2022-08-05,Confirmed,3716
2974,4044,2026-07-23,Returned,1960
2975,561,2025-03-25,Shipped,1079
2976,3829,2023-10-05,Delivered,4448
2977,4862,2021-03-11,Confirmed,1597
2978,1130,2022-08-30,Delivered,397
2979,1047,2021-06-21,Confirmed,2672
2980,3939,2026-04-06,Returned,4232
2981,1245,2020-09-11,Confirmed,642
2982,1685,2025-07-13,Confirmed,4837
2983,4804,2026-07-08,Pending,4954
2984,4541,2020-07-06,Delivered,4508
2985,2759,2026-08-02,Pending,4547
2986,1669,2025-01-09,Delivered,837
2987,2896,2022-06-28,Cancelled,440
2988,1757,2024-07-07,Shipped,1488
2989,3445,2020-05-23,Shipped,3943
2990,998,2022-10-02,Returned,4413
2991,2305,2020-06-25,Pending,4902
2992,3088,2024-05-28,Cancelled,3466
2993,3125,2021-11-06,Delivered,3319
2994,4014,2020-04-11,Delivered,1343
2995,2079,2024-09-13,Pending,1047
2996,1056,2022-04-07,Cancelled,1170
2997,2225,2023-01-11,Delivered,540
2998,4826,2021-05-23,Confirmed,686
2999,1185,2025-06-04,Confirmed,3316
3000,499,2026-03-01,Delivered,102
3001,4124,2025-03-13,Shipped,1062
3002,2150,2022-05-25,Cancelled,3722
3003,1842,2022-09-20,Cancelled,882
3004,121,2024-08-23,Pending,907
3005,803,2023-07-22,Cancelled,221
3006,729,2025-03-15,Confirmed,4164
3007,136,2021-07-09,Returned,3520
3008,3842,2021-02-27,Confirmed,1321
3009,98,2023-12-27,Confirmed,2229
3010,1366,2023-01-10,Shipped,526
3011,672,2022-10-18,Pending,202
3012,602,2025-04-21,Cancelled,1047
3013,4630,2024-06-07,Shipped,4920
3014,996,2022-07-04,Confirmed,2803
3015,2771,2025-07-16,Pending,2406
3016,434,2023-11-17,Cancelled,565
3017,4727,2020-10-02,Delivered,4284
3018,1440,2020-10-30,Shipped,3776
3019,3441,2026-02-10,Confirmed,3835
3020,1151,2026-07-09,Shipped,542
3021,2152,2025-07-03,Returned,4705
3022,3509,2022-01-22,Confirmed,1866
3023,4419,2020-11-08,Pending,222
3024,1224,2023-08-27,Returned,554
3025,4993,2023-07-29,Returned,1202
3026,1878,2020-09-07,Delivered,3165
3027,1063,2024-06-09,Delivered,337
3028,1706,2020-11-19,Delivered,3877
3029,3979,2022-09-01,Returned,4580
3030,3056,2020-01-02,Cancelled,991
3031,4137,2026-04-03,Confirmed,2822
3032,3865,2021-02-10,Confirmed,875
3033,4600,2024-08-25,Delivered,2470
3034,2631,2026-03-20,Returned,988
3035,3064,2023-09-22,Delivered,1384
3036,3649,2021-06-03,Cancelled,735
3037,3089,2021-10-05,Shipped,2942
3038,2824,2024-02-27,Cancelled,485
3039,23,2025-04-17,Cancelled,3849
3040,2956,2023-11-17,Confirmed,3979
3041,2791,2021-02-16,Confirmed,858
3042,3190,2023-10-06,Delivered,3051
3043,122,2020-06-21,Confirmed,1682
3044,3062,2024-07-10,Cancelled,3600
3045,1154,2023-10-06,Delivered,2342
3046,2528,2024-01-02,Returned,1387
3047,3791,2021-11-04,Pending,4325
3048,159,2024-11-01,Cancelled,663
3049,1845,2021-03-10,Cancelled,2512
3050,666,2025-09-30,Delivered,1622
3051,4755,2022-11-14,Shipped,3151
3052,402,2025-07-17,Cancelled,998
3053,2787,2025-09-17,Returned,3842
3054,539,2021-12-02,Cancelled,688
3055,4072,2021-01-19,Delivered,1053
3056,3208,2020-09-06,Cancelled,1103
3057,4950,2023-07-17,Delivered,1434
3058,3529,2026-06-04,Delivered,2418
3059,1915,2026-01-24,Cancelled,1083
3060,2715,2025-11-21,Confirmed,4765
3061,3611,2020-03-18,Cancelled,4490
3062,3044,2026-04-05,Cancelled,2639
3063,3192,2022-12-22,Shipped,862
3064,4875,2024-04-23,Shipped,1131
3065,1088,2023-11-22,Shipped,770
3066,2074,2020-12-05,Returned,3285
3067,4925,2025-01-27,Cancelled,1922
3068,1881,2021-03-12,Returned,990
3069,104,2020-07-30,Pending,3344
3070,4682,2024-08-19,Returned,2492
3071,899,2023-04-16,Confirmed,2190
3072,1696,2023-10-03,Returned,3157
3073,4862,2020-01-23,Cancelled,4991
3074,4082,2025-01-24,Confirmed,3767
3075,2342,2024-01-02,Delivered,1648
3076,2247,2025-03-30,Shipped,1379
3077,2871,2025-07-27,Shipped,261
3078,745,2026-01-01,Returned,3428
3079,2755,2024-08-12,Cancelled,1636
3080,1472,2022-11-05,Returned,4060
3081,4629,2020-02-28,Shipped,2801
3082,2929,2022-01-22,Shipped,727
3083,376,2021-11-14,Delivered,4835
3084,3960,2026-02-27,Delivered,3399
3085,4677,2020-01-20,Pending,881
3086,467,2026-05-06,Delivered,1453
3087,1455,2020-07-02,Cancelled,2459
3088,3802,2024-05-25,Shipped,1914
3089,4757,2020-11-11,Pending,4000
3090,4584,2022-02-09,Pending,3458
3091,2297,2020-05-04,Shipped,1214
3092,1478,2025-08-14,Cancelled,2945
3093,2554,2025-03-11,Pending,4852
3094,446,2021-02-14,Returned,4508
3095,381,2026-03-11,Confirmed,789
3096,531,2021-09-21,Shipped,4861
3097,360,2025-08-12,Confirmed,3814
3098,3179,2024-12-22,Cancelled,3317
3099,3345,2021-09-09,Confirmed,3310
3100,1037,2021-11-07,Cancelled,4678
3101,3586,2023-07-12,Pending,776
3102,1343,2022-05-26,Returned,4957
3103,1036,2023-09-09,Returned,3099
3104,3622,2025-04-18,Shipped,2025
3105,3523,2021-04-02,Returned,4908
3106,1512,2024-09-05,Returned,236
3107,3128,2023-05-19,Shipped,4673
3108,396,2025-08-01,Shipped,1010
3109,2738,2025-09-17,Returned,4699
3110,1495,2020-02-06,Pending,2315
3111,1200,2022-09-21,Cancelled,2298
3112,4763,2020-02-15,Confirmed,3418
3113,949,2025-12-04,Cancelled,1424
3114,227,2023-01-04,Delivered,1877
3115,2811,2022-09-08,Cancelled,4514
3116,2477,2021-01-30,Shipped,3240
3117,2741,2023-06-20,Confirmed,3217
3118,1347,2025-09-14,Shipped,1450
3119,3507,2020-02-20,Cancelled,1836
3120,4136,2025-11-04,Delivered,898
3121,3045,2025-12-19,Returned,550
3122,4525,2025-05-19,Delivered,4344
3123,2883,2026-04-28,Cancelled,312
3124,1071,2021-11-10,Confirmed,4614
3125,3347,2023-01-05,Returned,2324
3126,2169,2024-12-25,Returned,1029
3127,3676,2022-01-01,Cancelled,212
3128,1192,2025-11-25,Returned,1128
3129,426,2023-12-19,Cancelled,2390
3130,3543,2020-06-22,Pending,1017
3131,4828,2022-07-09,Delivered,1520
3132,4087,2025-06-04,Confirmed,1130
3133,4117,2021-08-20,Pending,878
3134,304,2024-09-19,Shipped,4259
3135,2332,2021-12-06,Returned,2218
3136,2830,2023-12-09,Shipped,2261
3137,2322,2024-05-09,Returned,1997
3138,1692,2022-05-29,Cancelled,751
3139,2907,2020-08-03,Pending,4722
3140,901,2022-05-02,Returned,1039
3141,2842,2020-12-12,Cancelled,165
3142,3477,2024-08-13,Shipped,1192
3143,561,2026-01-31,Delivered,1370
3144,4803,2025-07-20,Delivered,1693
3145,2070,2022-12-19,Cancelled,1887
3146,4222,2023-07-09,Cancelled,814
3147,3128,2024-01-01,Returned,3106
3148,4675,2020-06-30,Pending,841
3149,4754,2021-04-20,Returned,1574
3150,1789,2020-03-13,Cancelled,4670
3151,2596,2022-01-19,Shipped,921
3152,1203,2024-04-11,Confirmed,4197
3153,37,2020-12-25,Confirmed,1086
3154,1385,2025-07-22,Pending,411
3155,4313,2024-03-20,Pending,2627
3156,1630,2022-06-22,Pending,2843
3157,3621,2022-08-05,Cancelled,1376
3158,2638,2020-01-17,Pending,4028
3159,3536,2023-01-05,Pending,2375
3160,3637,2023-09-18,Confirmed,1471
3161,4272,2021-06-26,Cancelled,4155
3162,3462,2021-07-14,Shipped,116
3163,1574,2025-05-20,Delivered,2792
3164,4335,2022-11-02,Delivered,524
3165,125,2020-03-18,Cancelled,1561
3166,1722,2023-02-05,Delivered,4902
3167,4173,2021-12-10,Delivered,4794
3168,1770,2025-07-11,Shipped,3988
3169,757,2025-04-12,Delivered,417
3170,1881,2020-09-05,Pending,892
3171,4465,2022-12-13,Pending,2841
3172,3683,2025-12-18,Delivered,3402
3173,4695,2026-02-22,Shipped,1014
3174,2962,2022-11-15,Shipped,4897
3175,4789,2023-09-08,Confirmed,4000
3176,4866,2025-04-11,Pending,4050
3177,2667,2021-04-23,Delivered,458
3178,1484,2021-01-12,Returned,3944
3179,3663,2020-01-27,Pending,2028
3180,3436,2025-12-05,Cancelled,1904
3181,1848,2024-02-01,Returned,4823
3182,986,2026-06-16,Confirmed,2319
3183,4718,2025-01-02,Shipped,4391
3184,1952,2021-07-09,Confirmed,3804
3185,936,2022-04-11,Delivered,3334
3186,4065,2023-06-20,Delivered,11
3187,100,2022-11-29,Shipped,294
3188,2381,2024-12-01,Delivered,1337
3189,4036,2026-06-26,Pending,671
3190,4278,2020-09-02,Returned,591
3191,3614,2021-09-03,Cancelled,1244
3192,2552,2023-01-08,Returned,2499
3193,1851,2025-07-03,Returned,4545
3194,4088,2020-06-18,Shipped,1627
3195,2684,2021-11-07,Returned,4382
3196,177,2024-06-09,Cancelled,3250
3197,2128,2024-08-28,Returned,2697
3198,4060,2025-04-04,Pending,2005
3199,709,2021-01-20,Confirmed,3142
3200,480,2024-03-26,Shipped,1579
3201,4477,2024-04-20,Returned,4011
3202,1097,2024-12-19,Delivered,2458
3203,3431,2025-06-06,Pending,1374
3204,2056,2026-02-04,Returned,2674
3205,920,2022-06-08,Shipped,3203
3206,1394,2020-03-15,Shipped,4417
3207,1613,2023-10-16,Shipped,2262
3208,2520,2024-07-27,Pending,1500
3209,1445,2020-07-11,Delivered,996
3210,790,2021-12-29,Pending,1347
3211,580,2023-08-09,Returned,2301
3212,2475,2024-03-22,Delivered,177
3213,2522,2021-08-23,Delivered,2771
3214,445,2026-05-01,Pending,3155
3215,3071,2020-10-13,Confirmed,3614
3216,3694,2023-01-27,Pending,2558
3217,3780,2024-06-15,Delivered,939
3218,2443,2022-04-04,Delivered,4374
3219,4862,2024-01-15,Shipped,2708
3220,494,2022-02-01,Shipped,2680
3221,890,2021-02-19,Confirmed,1448
3222,10,2026-03-07,Cancelled,580
3223,3642,2022-08-01,Shipped,2267
3224,968,2022-09-19,Confirmed,578
3225,2723,2020-01-22,Cancelled,129
3226,3086,2021-02-25,Shipped,1617
3227,4814,2021-11-03,Pending,3918
3228,3738,2022-03-04,Pending,2256
3229,1847,2025-06-07,Confirmed,1367
3230,4301,2020-04-18,Delivered,4186
3231,3364,2021-11-20,Returned,2541
3232,2808,2022-01-31,Pending,1357
3233,4900,2026-05-14,Delivered,2339
3234,2883,2022-04-25,Returned,1940
3235,1621,2023-07-09,Pending,3650
3236,2937,2023-05-29,Delivered,3477
3237,2620,2025-05-23,Confirmed,3775
3238,3708,2024-05-29,Cancelled,506
3239,607,2023-07-10,Delivered,878
3240,1855,2021-10-01,Pending,1644
3241,863,2024-03-07,Cancelled,3389
3242,1689,2021-06-24,Cancelled,756
3243,3206,2025-01-01,Shipped,4351
3244,881,2024-11-28,Cancelled,2116
3245,2991,2021-08-22,Shipped,3708
3246,2963,2021-02-18,Shipped,3915
3247,4877,2020-02-02,Cancelled,1175
3248,1995,2022-08-26,Confirmed,1616
3249,2480,2024-07-13,Returned,749
3250,1444,2022-10-14,Delivered,866
3251,3402,2025-10-14,Cancelled,1664
3252,768,2021-04-30,Pending,33
3253,2032,2025-08-25,Confirmed,2905
3254,3676,2022-04-27,Delivered,667
3255,4210,2021-02-05,Shipped,4745
3256,3986,2026-06-02,Delivered,531
3257,1328,2022-04-22,Delivered,544
3258,3789,2025-09-10,Shipped,480
3259,1231,2024-07-12,Returned,3564
3260,2461,2024-03-07,Cancelled,4748
3261,1693,2026-03-24,Delivered,4815
3262,1952,2020-11-13,Pending,3735
3263,279,2020-03-06,Shipped,2538
3264,1008,2025-11-14,Confirmed,2067
3265,3501,2025-10-09,Delivered,4003
3266,3840,2020-04-09,Pending,188
3267,3991,2024-09-24,Returned,3334
3268,969,2020-10-24,Confirmed,4900
3269,1441,2020-10-14,Shipped,2181
3270,370,2026-07-26,Pending,2060
3271,3387,2022-04-14,Cancelled,794
3272,2632,2021-02-13,Delivered,3699
3273,1457,2021-02-06,Cancelled,85
3274,3821,2020-01-13,Pending,180
3275,4661,2020-03-24,Shipped,1366
3276,3522,2023-11-28,Delivered,4184
3277,1663,2026-05-05,Returned,3728
3278,1655,2025-10-08,Delivered,1941
3279,1068,2021-06-30,Cancelled,2362
3280,729,2021-09-29,Returned,24
3281,246,2025-11-25,Confirmed,617
3282,1814,2024-04-15,Delivered,2524
3283,3859,2024-09-10,Returned,3456
3284,4781,2025-04-11,Delivered,3006
3285,4289,2024-03-11,Cancelled,4127
3286,1447,2023-09-06,Pending,712
3287,1359,2024-10-20,Returned,1552
3288,2558,2026-04-08,Cancelled,2943
3289,2244,2023-08-26,Cancelled,4567
3290,2737,2024-03-29,Delivered,336
3291,1494,2026-03-15,Returned,462
3292,49,2020-04-05,Pending,373
3293,1619,2022-07-30,Returned,3455
3294,4969,2020-12-14,Returned,4627
3295,560,2023-11-02,Delivered,3177
3296,4292,2020-10-20,Confirmed,4847
3297,4557,2025-11-10,Returned,4621
3298,864,2021-03-09,Shipped,4837
3299,191,2020-09-11,Confirmed,4153
3300,2015,2021-12-21,Shipped,350
3301,3705,2025-07-02,Delivered,3838
3302,2444,2022-06-12,Returned,1942
3303,3115,2024-12-15,Pending,98
3304,949,2021-04-08,Shipped,3625
3305,1135,2025-11-20,Cancelled,2752
3306,123,2022-09-01,Returned,2135
3307,2296,2023-11-19,Cancelled,3991
3308,626,2026-02-12,Pending,1374
3309,640,2022-07-31,Delivered,2028
3310,2655,2026-07-10,Cancelled,856
3311,637,2021-02-28,Confirmed,3155
3312,4950,2025-07-06,Delivered,4117
3313,4,2026-05-19,Shipped,937
3314,1626,2025-06-13,Pending,984
3315,2051,2022-11-28,Returned,1241
3316,4565,2020-06-16,Delivered,2043
3317,4932,2023-10-31,Pending,769
3318,4149,2025-07-23,Shipped,2621
3319,4687,2020-06-30,Pending,1994
3320,4652,2023-11-29,Cancelled,2889
3321,1349,2022-12-18,Cancelled,3917
3322,1182,2025-11-13,Shipped,3461
3323,1281,2025-09-29,Delivered,3637
3324,2134,2024-10-06,Delivered,3140
3325,3440,2025-03-22,Delivered,3251
3326,485,2023-10-30,Shipped,739
3327,259,2023-10-21,Confirmed,3969
3328,805,2025-09-30,Returned,3642
3329,1150,2020-03-29,Pending,4116
3330,1421,2024-06-04,Shipped,4144
3331,2665,2020-08-12,Delivered,2231
3332,2550,2024-03-13,Confirmed,434
3333,3699,2022-10-10,Shipped,1509
3334,2023,2022-09-06,Returned,1114
3335,795,2023-12-22,Confirmed,4118
3336,2357,2021-08-21,Pending,912
3337,931,2026-07-13,Cancelled,1749
3338,3432,2024-03-22,Shipped,786
3339,580,2022-07-06,Cancelled,4994
3340,1199,2024-03-15,Confirmed,4711
3341,155,2020-09-22,Shipped,3400
3342,3773,2020-02-29,Pending,3407
3343,2298,2024-02-02,Pending,3551
3344,4456,2023-06-01,Cancelled,4132
3345,2859,2020-01-16,Delivered,2827
3346,195,2024-10-12,Cancelled,1122
3347,2149,2023-08-14,Returned,1533
3348,3022,2022-03-03,Shipped,452
3349,2920,2026-02-14,Shipped,1427
3350,244,2020-06-06,Confirmed,4906
3351,4087,2022-07-11,Pending,4625
3352,673,2025-06-27,Cancelled,4173
3353,4597,2025-03-30,Delivered,360
3354,2114,2023-03-04,Delivered,4135
3355,1606,2023-08-28,Cancelled,3608
3356,2150,2026-02-13,Returned,4326
3357,1470,2022-12-29,Pending,584
3358,4171,2026-02-13,Cancelled,4185
3359,268,2022-01-24,Shipped,1740
3360,4816,2025-04-22,Cancelled,3217
3361,1917,2022-08-30,Returned,4160
3362,3051,2024-03-31,Delivered,4042
3363,4533,2020-02-27,Delivered,187
3364,4336,2025-04-24,Shipped,2939
3365,3660,2023-08-21,Pending,2316
3366,3576,2025-12-09,Cancelled,4636
3367,974,2023-08-18,Shipped,276
3368,2875,2021-07-31,Cancelled,2591
3369,4161,2026-07-25,Confirmed,3006
3370,183,2024-01-17,Delivered,2938
3371,334,2025-11-24,Pending,2912
3372,1194,2021-02-17,Confirmed,828
3373,3779,2024-12-26,Cancelled,2174
3374,2440,2022-05-26,Delivered,875
3375,1787,2022-12-17,Shipped,667
3376,252,2021-01-17,Delivered,822
3377,1251,2020-10-30,Confirmed,1385
3378,3093,2020-11-04,Shipped,359
3379,3866,2026-02-03,Shipped,851
3380,2211,2020-11-12,Pending,3471
3381,4152,2020-10-07,Cancelled,3503
3382,3044,2026-05-10,Shipped,2985
3383,33,2023-11-28,Cancelled,4981
3384,4323,2024-04-08,Pending,3621
3385,4028,2026-01-18,Confirmed,1739
3386,3395,2022-11-07,Pending,1782
3387,559,2025-11-24,Shipped,3437
3388,3301,2025-07-28,Cancelled,2741
3389,1961,2024-06-28,Cancelled,3343
3390,4302,2020-10-27,Returned,1223
3391,3457,2020-06-26,Returned,1765
3392,4693,2021-08-05,Shipped,4825
3393,1368,2023-12-29,Shipped,537
3394,2958,2026-04-09,Returned,2298
3395,4116,2025-03-02,Cancelled,3268
3396,4539,2021-02-07,Delivered,515
3397,2957,2025-04-15,Shipped,1300
3398,2500,2021-09-13,Delivered,1827
3399,2037,2022-10-17,Cancelled,3769
3400,1464,2025-02-01,Pending,4567
3401,48,2025-07-16,Confirmed,1261
3402,1393,2021-02-07,Confirmed,4863
3403,892,2022-04-30,Pending,2873
3404,4830,2023-03-22,Returned,4650
3405,1984,2024-10-25,Cancelled,4906
3406,1479,2021-08-14,Confirmed,892
3407,4915,2020-08-16,Returned,1979
3408,1849,2021-05-23,Cancelled,2977
3409,2065,2026-06-06,Pending,1733
3410,3276,2026-01-25,Pending,1725
3411,4527,2022-02-12,Pending,1410
3412,781,2022-08-04,Confirmed,1322
3413,1887,2020-04-06,Cancelled,504
3414,4441,2023-07-01,Pending,724
3415,3382,2025-09-12,Delivered,4625
3416,4329,2025-12-05,Returned,865
3417,2438,2023-10-05,Delivered,2872
3418,3702,2026-01-19,Returned,1168
3419,4670,2025-07-21,Returned,3392
3420,1551,2026-02-03,Delivered,56
3421,3536,2022-01-08,Confirmed,4618
3422,3718,2025-10-03,Returned,4747
3423,313,2025-04-23,Delivered,3096
3424,1152,2024-08-20,Returned,4583
3425,707,2021-08-30,Confirmed,874
3426,4929,2021-03-22,Returned,1080
3427,4638,2024-08-23,Cancelled,1452
3428,2277,2023-11-20,Pending,2960
3429,2852,2025-11-06,Cancelled,3571
3430,450,2021-02-06,Delivered,256
3431,2790,2024-11-07,Cancelled,3587
3432,382,2024-11-14,Returned,4933
3433,1398,2023-07-12,Delivered,3653
3434,2754,2025-01-04,Returned,1345
3435,259,2021-06-18,Returned,1888
3436,4870,2026-06-08,Cancelled,954
3437,759,2025-10-03,Returned,3541
3438,385,2020-04-07,Pending,3837
3439,1538,2023-07-05,Delivered,4314
3440,328,2023-07-21,Cancelled,916
3441,3519,2025-02-01,Delivered,4891
3442,2368,2020-07-27,Cancelled,1334
3443,2990,2020-03-11,Confirmed,4623
3444,1662,2023-08-14,Delivered,59
3445,1918,2024-09-10,Shipped,709
3446,4073,2023-02-28,Confirmed,2978
3447,1586,2022-12-24,Delivered,2950
3448,203,2022-09-13,Shipped,2788
3449,3770,2020-01-21,Cancelled,3009
3450,4387,2025-11-14,Delivered,1869
3451,1174,2024-07-22,Shipped,2494
3452,1505,2022-09-23,Pending,828
3453,3774,2024-02-02,Confirmed,4691
3454,4365,2026-02-22,Shipped,576
3455,900,2025-02-27,Cancelled,2035
3456,2894,2024-07-19,Returned,4328
3457,4268,2025-05-17,Pending,3953
3458,2621,2023-07-20,Cancelled,3483
3459,4635,2026-02-19,Pending,1930
3460,4995,2023-03-26,Delivered,2711
3461,418,2022-05-10,Cancelled,2094
3462,3370,2021-08-07,Confirmed,4750
3463,4913,2023-09-23,Confirmed,4851
3464,3143,2021-06-10,Confirmed,1961
3465,4432,2022-04-01,Returned,77
3466,2,2020-10-02,Confirmed,2842
3467,1678,2020-09-14,Shipped,4683
3468,2036,2024-12-16,Shipped,564
3469,2522,2020-10-26,Delivered,2119
3470,2969,2025-07-12,Pending,2291
3471,991,2023-05-17,Pending,2607
3472,1241,2021-02-27,Shipped,1670
3473,3321,2023-01-01,Shipped,2877
3474,3921,2021-08-23,Delivered,3763
3475,896,2020-04-13,Shipped,4549
3476,2699,2021-09-06,Cancelled,1302
3477,403,2020-07-10,Returned,3375
3478,1708,2022-12-16,Cancelled,3918
3479,1194,2021-06-08,Cancelled,4435
3480,3347,2020-01-14,Confirmed,1657
3481,3763,2022-07-27,Delivered,3172
3482,64,2026-02-13,Confirmed,2419
3483,3208,2022-02-02,Pending,4124
3484,2053,2020-07-21,Returned,459
3485,1540,2023-03-03,Returned,3534
3486,275,2024-07-30,Pending,975
3487,279,2023-06-22,Confirmed,3853
3488,1003,2022-04-08,Confirmed,4867
3489,1390,2021-03-27,Pending,1425
3490,2103,2024-12-15,Shipped,642
3491,2464,2021-10-25,Confirmed,3298
3492,2355,2026-01-25,Delivered,867
3493,3647,2020-12-12,Delivered,2883
3494,1040,2024-11-06,Delivered,3797
3495,1540,2023-05-14,Shipped,2630
3496,2482,2020-06-24,Cancelled,2488
3497,3922,2025-10-11,Pending,1254
3498,2158,2021-03-01,Shipped,2540
3499,2045,2021-05-07,Returned,3633
3500,329,2025-05-20,Delivered,322
3501,2474,2023-07-27,Returned,3715
3502,4329,2022-03-22,Shipped,4207
3503,1848,2021-01-01,Delivered,3034
3504,2876,2023-03-30,Returned,2401
3505,1007,2021-01-07,Cancelled,3472
3506,251,2020-08-28,Delivered,2455
3507,2092,2020-02-11,Cancelled,1310
3508,444,2020-06-12,Pending,110
3509,588,2021-07-10,Shipped,1070
3510,3610,2022-12-26,Confirmed,3080
3511,1589,2021-04-19,Cancelled,3601
3512,1847,2026-08-07,Pending,607
3513,3145,2020-04-21,Cancelled,4200
3514,4027,2024-01-28,Delivered,3054
3515,1710,2022-07-19,Delivered,698
3516,4457,2024-10-04,Confirmed,2925
3517,2515,2024-08-21,Confirmed,1845
3518,78,2025-03-06,Returned,2526
3519,4417,2023-03-29,Confirmed,677
3520,1912,2023-11-09,Returned,2442
3521,4923,2022-10-04,Pending,691
3522,3695,2024-03-17,Confirmed,2888
3523,283,2022-09-01,Delivered,4709
3524,866,2021-10-02,Cancelled,4332
3525,765,2022-11-25,Delivered,2681
3526,4777,2025-06-11,Shipped,3690
3527,4339,2024-05-16,Returned,1109
3528,2336,2022-06-25,Shipped,2811
3529,1139,2022-08-28,Returned,3736
3530,3580,2022-03-09,Shipped,4705
3531,2748,2021-06-06,Pending,2816
3532,1509,2020-06-30,Cancelled,3017
3533,446,2025-11-25,Shipped,4216
3534,4754,2025-07-08,Confirmed,1876
3535,1518,2024-10-03,Cancelled,3015
3536,4198,2023-12-23,Confirmed,2102
3537,1674,2020-02-15,Shipped,573
3538,4511,2020-11-30,Delivered,4798
3539,2252,2026-07-29,Cancelled,659
3540,1369,2020-09-01,Confirmed,4567
3541,3359,2024-03-17,Returned,768
3542,1473,2025-10-20,Shipped,3544
3543,4473,2023-01-28,Cancelled,4568
3544,392,2023-01-20,Cancelled,2668
3545,2670,2025-03-06,Shipped,4116
3546,1646,2023-05-03,Pending,615
3547,3932,2024-11-17,Returned,3173
3548,3234,2020-07-31,Returned,1674
3549,4992,2025-11-04,Confirmed,3238
3550,2800,2021-02-11,Pending,3201
3551,369,2023-04-06,Confirmed,217
3552,3468,2023-04-22,Delivered,1125
3553,122,2026-06-07,Cancelled,883
3554,3717,2026-05-26,Confirmed,3525
3555,4346,2021-11-01,Cancelled,2164
3556,2882,2026-07-19,Shipped,2235
3557,3152,2024-02-10,Returned,1586
3558,338,2022-07-09,Delivered,115
3559,1772,2026-03-23,Returned,2229
3560,2712,2020-10-13,Shipped,1077
3561,2633,2020-05-24,Cancelled,3489
3562,1603,2021-07-05,Cancelled,1485
3563,4178,2025-11-18,Shipped,2463
3564,3428,2021-03-18,Shipped,3425
3565,2194,2020-08-22,Delivered,3958
3566,237,2022-06-08,Pending,2943
3567,2533,2024-10-25,Shipped,4229
3568,1320,2025-04-26,Returned,2330
3569,4997,2023-02-19,Shipped,395
3570,2977,2023-09-09,Delivered,1489
3571,4080,2020-03-01,Delivered,2311
3572,2461,2023-07-07,Shipped,4803
3573,2090,2021-04-11,Confirmed,44
3574,3063,2025-07-06,Pending,3288
3575,405,2026-02-08,Delivered,1588
3576,3793,2024-12-15,Cancelled,4202
3577,271,2020-01-21,Cancelled,1686
3578,4686,2021-03-02,Pending,211
3579,3630,2022-06-01,Pending,4989
3580,3001,2026-01-18,Delivered,524
3581,1504,2025-01-19,Confirmed,3835
3582,2102,2024-10-07,Cancelled,86
3583,4110,2022-07-11,Returned,2568
3584,1562,2020-04-14,Returned,543
3585,686,2022-11-28,Delivered,2640
3586,3779,2022-09-11,Confirmed,725
3587,641,2026-05-18,Pending,448
3588,1668,2025-07-01,Cancelled,3871
3589,1357,2024-12-12,Confirmed,1277
3590,76,2021-03-26,Confirmed,4370
3591,3580,2023-05-02,Confirmed,3149
3592,3406,2020-08-13,Confirmed,4500
3593,2989,2022-03-02,Returned,4859
3594,1368,2023-06-10,Cancelled,1822
3595,4801,2020-06-26,Pending,1196
3596,4718,2023-12-03,Pending,4984
3597,1574,2026-05-11,Confirmed,290
3598,4435,2022-06-13,Pending,387
3599,3811,2026-04-15,Confirmed,2896
3600,4898,2024-06-12,Pending,2072
3601,4317,2023-04-21,Confirmed,854
3602,3887,2023-04-19,Delivered,522
3603,4312,2024-05-31,Confirmed,3762
3604,2470,2021-10-01,Shipped,1384
3605,2093,2021-01-02,Cancelled,861
3606,1124,2024-02-17,Returned,4839
3607,614,2022-05-12,Returned,70
3608,3649,2021-08-02,Delivered,3777
3609,3480,2022-02-03,Shipped,1675
3610,4196,2025-01-21,Returned,2790
3611,4520,2022-12-08,Confirmed,2382
3612,1527,2025-03-31,Cancelled,1964
3613,4740,2023-06-10,Shipped,4996
3614,497,2020-10-28,Cancelled,1065
3615,584,2022-12-25,Cancelled,2308
3616,800,2025-09-06,Cancelled,3839
3617,656,2020-09-19,Returned,1362
3618,945,2021-09-03,Pending,1609
3619,553,2021-03-14,Cancelled,511
3620,2213,2026-07-24,Delivered,3787
3621,519,2022-05-23,Shipped,3287
3622,879,2026-08-02,Pending,2137
3623,1558,2023-11-25,Confirmed,2874
3624,577,2026-06-19,Delivered,4356
3625,911,2021-09-06,Pending,535
3626,2520,2026-06-30,Pending,4602
3627,3882,2020-07-08,Delivered,4638
3628,346,2025-04-21,Pending,4630
3629,3511,2021-06-30,Confirmed,1823
3630,1276,2024-07-30,Delivered,3352
3631,2433,2020-02-20,Pending,4882
3632,4041,2025-10-22,Returned,1872
3633,2243,2024-12-28,Pending,1035
3634,1725,2022-02-28,Cancelled,1913
3635,752,2026-04-27,Returned,3636
3636,4415,2024-01-23,Confirmed,3229
3637,1512,2024-02-04,Cancelled,4960
3638,3458,2022-11-27,Confirmed,2215
3639,1405,2024-02-03,Pending,4898
3640,4348,2025-02-20,Returned,4001
3641,243,2021-02-17,Shipped,4169
3642,1847,2024-05-23,Pending,3807
3643,2482,2021-06-22,Cancelled,4493
3644,3556,2022-02-01,Returned,2876
3645,4104,2025-02-21,Pending,2224
3646,1688,2022-03-22,Returned,2012
3647,936,2022-05-12,Returned,3079
3648,1126,2020-08-15,Shipped,3070
3649,274,2022-05-19,Pending,4964
3650,3319,2022-06-09,Returned,3872
3651,4536,2025-06-26,Shipped,175
3652,3061,2021-08-17,Confirmed,1604
3653,652,2023-11-28,Delivered,2538
3654,1921,2025-04-01,Returned,4737
3655,209,2025-11-18,Pending,4326
3656,4454,2021-08-18,Pending,1553
3657,3304,2022-09-04,Delivered,4896
3658,1143,2025-10-01,Pending,4841
3659,4880,2023-02-22,Pending,2397
3660,386,2026-07-21,Cancelled,2851
3661,2850,2023-04-29,Confirmed,166
3662,3023,2021-11-09,Pending,1572
3663,4516,2024-08-02,Returned,3890
3664,1518,2024-07-23,Confirmed,163
3665,565,2026-06-19,Returned,3589
3666,1072,2024-05-14,Pending,1083
3667,1086,2025-03-27,Pending,2358
3668,3874,2021-10-16,Confirmed,3773
3669,3062,2020-04-20,Shipped,3765
3670,2602,2025-07-27,Pending,2259
3671,2314,2022-09-12,Shipped,1683
3672,4857,2025-08-16,Pending,3903
3673,2079,2021-10-26,Shipped,1958
3674,2150,2025-10-15,Delivered,3743
3675,360,2022-11-21,Cancelled,4057
3676,4977,2020-04-10,Shipped,3148
3677,3323,2023-03-09,Delivered,3993
3678,1321,2026-07-22,Pending,4682
3679,4535,2022-02-25,Returned,1767
3680,2035,2022-11-27,Cancelled,2492
3681,344,2023-04-03,Shipped,3483
3682,3118,2025-08-14,Returned,4401
3683,1717,2024-07-10,Delivered,4425
3684,1393,2024-05-11,Shipped,559
3685,4435,2024-12-03,Confirmed,3948
3686,1475,2025-08-19,Confirmed,1209
3687,3138,2023-09-06,Confirmed,2060
3688,44,2021-11-24,Confirmed,1678
3689,907,2022-10-19,Confirmed,4527
3690,1370,2024-03-15,Shipped,3131
3691,528,2023-12-18,Returned,2389
3692,3149,2020-12-23,Returned,4672
3693,3612,2021-09-16,Confirmed,2524
3694,70,2023-11-09,Delivered,2811
3695,588,2022-10-03,Delivered,588
3696,976,2024-11-27,Returned,1888
3697,4945,2022-10-05,Pending,4867
3698,3749,2024-08-19,Confirmed,1284
3699,1868,2021-09-21,Confirmed,4229
3700,4769,2023-01-10,Delivered,854
3701,2997,2025-11-21,Delivered,3079
3702,1662,2021-07-25,Pending,2559
3703,3823,2022-06-22,Confirmed,1219
3704,4090,2023-03-28,Delivered,1602
3705,2619,2023-08-21,Shipped,2170
3706,1790,2025-03-11,Returned,4382
3707,415,2025-10-28,Pending,3995
3708,2767,2023-11-24,Confirmed,3752
3709,1885,2021-04-24,Pending,334
3710,3028,2026-05-06,Delivered,2722
3711,4028,2023-01-04,Confirmed,2388
3712,4426,2021-11-27,Pending,1616
3713,1305,2025-05-25,Shipped,2250
3714,1453,2021-01-17,Shipped,680
3715,1674,2023-12-11,Confirmed,4196
3716,718,2025-02-26,Shipped,400
3717,114,2023-04-04,Shipped,3696
3718,1916,2021-02-13,Confirmed,2509
3719,4852,2023-01-31,Returned,2638
3720,3974,2021-01-14,Cancelled,1431
3721,1786,2025-05-29,Confirmed,4280
3722,2893,2021-09-02,Returned,4234
3723,1769,2026-05-07,Shipped,2177
3724,2522,2023-08-20,Returned,1597
3725,3463,2021-05-06,Cancelled,4223
3726,4740,2020-12-03,Cancelled,942
3727,1138,2021-09-19,Returned,1310
3728,4400,2023-04-01,Confirmed,4457
3729,828,2024-09-17,Shipped,1217
3730,1582,2025-07-17,Confirmed,2815
3731,4233,2020-08-28,Shipped,2383
3732,1026,2020-06-12,Cancelled,3155
3733,3578,2023-07-26,Delivered,4780
3734,3843,2025-01-14,Delivered,3097
3735,1617,2021-01-30,Cancelled,2176
3736,263,2024-08-24,Shipped,4277
3737,2826,2024-12-17,Delivered,1467
3738,687,2024-02-18,Confirmed,4144
3739,4319,2025-02-21,Pending,342
3740,353,2021-02-05,Shipped,344
3741,3249,2021-01-25,Cancelled,654
3742,2713,2026-07-08,Shipped,591
3743,4931,2024-03-20,Shipped,1343
3744,3663,2022-09-14,Shipped,2282
3745,1491,2025-02-12,Delivered,1481
3746,1468,2025-04-18,Pending,1780
3747,372,2022-05-16,Shipped,266
3748,4651,2025-12-18,Shipped,1681
3749,60,2024-11-11,Returned,3354
3750,572,2020-11-12,Returned,4813
3751,2093,2026-08-01,Returned,215
3752,1992,2020-11-20,Delivered,1805
3753,316,2024-03-23,Pending,1147
3754,3054,2025-06-06,Shipped,4367
3755,3606,2022-01-07,Confirmed,4452
3756,1328,2021-02-03,Returned,2714
3757,2033,2020-04-04,Pending,2711
3758,3965,2025-03-23,Confirmed,4390
3759,1780,2023-04-11,Cancelled,2646
3760,1422,2020-11-08,Returned,2586
3761,3703,2022-08-15,Cancelled,4084
3762,4563,2022-03-23,Confirmed,3960
3763,3344,2024-09-23,Returned,1809
3764,3075,2023-08-05,Returned,2716
3765,3863,2025-11-25,Cancelled,2063
3766,4096,2022-01-04,Returned,795
3767,3177,2022-10-28,Delivered,3710
3768,782,2026-05-27,Delivered,1730
3769,3564,2020-04-14,Cancelled,559
3770,573,2023-03-31,Cancelled,2739
3771,3213,2024-11-26,Cancelled,3035
3772,1056,2020-12-21,Cancelled,2133
3773,4382,2025-08-18,Confirmed,1724
3774,3005,2023-07-23,Pending,4972
3775,4672,2020-07-20,Confirmed,2428
3776,4633,2022-10-19,Pending,1330
3777,1749,2022-01-20,Returned,3089
3778,720,2020-12-25,Cancelled,2245
3779,3772,2025-01-09,Confirmed,3360
3780,3824,2026-04-02,Shipped,1134
3781,290,2020-05-08,Delivered,191
3782,1145,2021-11-11,Delivered,3492
3783,229,2022-01-29,Returned,1006
3784,2086,2025-10-24,Shipped,2986
3785,4059,2023-12-17,Shipped,1439
3786,2537,2025-09-09,Cancelled,3599
3787,1998,2021-08-30,Pending,4366
3788,1967,2024-05-08,Shipped,769
3789,1777,2023-07-23,Returned,2054
3790,1450,2021-11-23,Returned,35
3791,4795,2022-11-19,Cancelled,51
3792,4000,2023-01-10,Shipped,1420
3793,3348,2025-07-10,Delivered,4020
3794,625,2026-04-24,Cancelled,2692
3795,3246,2025-09-23,Pending,4194
3796,4884,2025-05-16,Confirmed,2131
3797,3776,2021-02-06,Returned,3515
3798,1078,2025-07-26,Pending,3724
3799,2630,2025-06-16,Confirmed,1286
3800,3341,2022-05-18,Cancelled,1220
3801,2150,2022-07-02,Delivered,296
3802,4157,2025-11-08,Returned,1753
3803,3092,2021-10-05,Confirmed,2459
3804,275,2024-01-01,Cancelled,847
3805,1645,2021-07-08,Shipped,4941
3806,1319,2025-03-17,Shipped,868
3807,4459,2021-05-21,Pending,2684
3808,1256,2025-03-18,Pending,327
3809,1906,2024-08-21,Delivered,1522
3810,1837,2023-09-07,Shipped,3784
3811,4278,2026-07-31,Returned,3992
3812,4559,2022-12-12,Cancelled,4822
3813,4137,2024-03-25,Delivered,3907
3814,4665,2025-11-24,Cancelled,4291
3815,4993,2025-03-28,Cancelled,2142
3816,218,2025-02-05,Shipped,114
3817,2122,2020-03-20,Pending,1830
3818,4068,2023-08-31,Delivered,4987
3819,1179,2021-03-11,Delivered,596
3820,1657,2020-12-21,Delivered,312
3821,1538,2023-03-04,Confirmed,1432
3822,202,2023-01-12,Returned,91
3823,1784,2023-09-24,Delivered,1818
3824,2270,2020-07-17,Returned,3821
3825,3665,2022-06-03,Returned,642
3826,2786,2024-10-08,Confirmed,2348
3827,605,2021-08-20,Returned,1345
3828,935,2026-05-13,Cancelled,3894
3829,4479,2024-11-05,Confirmed,1609
3830,3891,2023-04-12,Confirmed,1317
3831,720,2022-09-11,Cancelled,2847
3832,685,2020-07-19,Returned,2801
3833,2392,2024-02-09,Shipped,2875
3834,4555,2023-01-20,Delivered,2143
3835,3105,2023-09-22,Pending,1609
3836,4693,2022-01-29,Delivered,3044
3837,2859,2021-03-10,Pending,2876
3838,1601,2025-12-06,Pending,4253
3839,2008,2025-02-13,Shipped,2144
3840,3121,2022-10-08,Returned,2952
3841,693,2021-08-20,Cancelled,3750
3842,1204,2025-12-22,Delivered,4366
3843,2716,2026-02-15,Cancelled,2964
3844,2977,2020-09-20,Confirmed,2232
3845,1945,2023-04-15,Confirmed,4414
3846,3340,2021-09-15,Delivered,4403
3847,107,2025-12-02,Confirmed,2444
3848,3238,2023-03-29,Delivered,1365
3849,316,2021-11-13,Cancelled,3650
3850,3258,2024-10-10,Pending,3449
3851,2555,2023-03-09,Confirmed,528
3852,3816,2021-12-24,Confirmed,2730
3853,4046,2021-05-19,Pending,3767
3854,1586,2025-08-24,Returned,1388
3855,2460,2025-07-11,Cancelled,4670
3856,3953,2025-08-03,Shipped,4220
3857,2355,2020-10-27,Confirmed,3347
3858,3210,2021-01-02,Shipped,4604
3859,2875,2025-10-24,Confirmed,4556
3860,1909,2023-12-18,Pending,387
3861,4643,2022-09-30,Delivered,260
3862,4619,2020-05-15,Shipped,1308
3863,4562,2022-04-07,Returned,679
3864,3257,2022-08-01,Cancelled,364
3865,4467,2024-03-28,Pending,797
3866,3853,2024-12-07,Cancelled,3472
3867,2536,2021-11-27,Pending,1066
3868,189,2024-01-18,Delivered,2378
3869,2274,2023-02-26,Shipped,268
3870,1384,2021-07-17,Shipped,467
3871,3468,2025-07-01,Returned,9
3872,2405,2021-03-23,Confirmed,3204
3873,210,2025-05-25,Shipped,2044
3874,1025,2022-02-04,Cancelled,2940
3875,879,2020-07-14,Shipped,2168
3876,2340,2025-01-21,Delivered,1769
3877,2118,2020-11-04,Delivered,4687
3878,4915,2025-06-04,Confirmed,2318
3879,2106,2026-07-16,Confirmed,4539
3880,138,2025-12-08,Returned,4378
3881,349,2022-11-22,Pending,2302
3882,4357,2022-11-05,Returned,1755
3883,593,2023-01-05,Cancelled,262
3884,1194,2024-10-25,Confirmed,4931
3885,3536,2021-04-05,Returned,4527
3886,600,2026-05-16,Returned,657
3887,608,2023-08-10,Delivered,4419
3888,4082,2023-08-18,Returned,3821
3889,679,2020-04-30,Delivered,2498
3890,1120,2022-02-05,Shipped,1813
3891,3514,2026-04-22,Cancelled,3731
3892,3107,2025-12-18,Shipped,858
3893,703,2021-11-09,Shipped,3068
3894,4269,2020-10-19,Returned,4198
3895,929,2025-04-18,Returned,1036
3896,1036,2025-02-07,Delivered,2937
3897,3617,2023-07-12,Cancelled,4509
3898,4858,2024-10-30,Confirmed,3828
3899,4176,2023-03-18,Pending,2243
3900,1369,2023-09-08,Cancelled,1974
3901,387,2024-12-29,Returned,3178
3902,4406,2023-11-02,Delivered,3917
3903,2009,2025-09-14,Confirmed,4105
3904,1856,2021-12-20,Pending,4847
3905,2140,2023-02-18,Delivered,3430
3906,4555,2021-11-17,Cancelled,2230
3907,3895,2020-04-10,Pending,3257
3908,3344,2020-06-08,Shipped,2655
3909,3774,2021-09-26,Cancelled,4343
3910,770,2021-04-02,Cancelled,1894
3911,1838,2020-01-22,Cancelled,367
3912,686,2021-12-27,Cancelled,1850
3913,3886,2025-08-09,Confirmed,1021
3914,3201,2021-01-20,Delivered,1709
3915,2700,2020-03-29,Cancelled,2477
3916,4248,2022-01-02,Confirmed,3795
3917,800,2022-01-16,Confirmed,4564
3918,2893,2020-12-16,Shipped,3974
3919,840,2024-10-13,Cancelled,89
3920,3600,2022-01-04,Confirmed,2446
3921,2102,2026-01-30,Cancelled,4731
3922,1353,2023-07-14,Confirmed,1899
3923,3459,2024-11-17,Delivered,3293
3924,1277,2024-04-27,Pending,2843
3925,2818,2024-03-19,Delivered,1867
3926,4250,2026-07-13,Delivered,3410
3927,1865,2021-04-30,Shipped,3084
3928,2574,2025-02-11,Shipped,4607
3929,555,2023-05-27,Confirmed,4363
3930,3625,2020-11-01,Returned,2348
3931,4933,2024-01-09,Returned,731
3932,3866,2020-09-03,Confirmed,4728
3933,734,2025-10-31,Cancelled,2997
3934,1341,2020-12-07,Pending,3803
3935,2332,2020-12-13,Shipped,1778
3936,833,2021-04-29,Pending,1769
3937,824,2020-06-12,Shipped,2304
3938,3712,2024-12-06,Delivered,2214
3939,1025,2021-07-23,Shipped,4875
3940,33,2023-09-26,Returned,4635
3941,2670,2021-03-23,Pending,563
3942,1785,2021-06-25,Pending,4073
3943,1789,2022-08-04,Pending,1303
3944,4182,2026-07-16,Confirmed,4972
3945,1840,2025-09-11,Pending,3269
3946,3293,2026-02-25,Delivered,1785
3947,1236,2026-05-03,Confirmed,2170
3948,1495,2026-06-28,Pending,1738
3949,686,2025-09-29,Returned,4710
3950,4103,2020-11-22,Confirmed,3874
3951,2599,2022-12-02,Pending,3278
3952,4156,2020-09-06,Cancelled,4880
3953,64,2021-01-20,Shipped,1536
3954,4467,2025-03-04,Delivered,1139
3955,4861,2024-01-27,Delivered,3893
3956,1893,2024-03-25,Returned,4623
3957,1574,2020-10-27,Shipped,4072
3958,4995,2026-05-30,Shipped,2826
3959,1165,2024-09-12,Pending,1766
3960,4990,2024-01-20,Delivered,1356
3961,3069,2021-02-08,Shipped,112
3962,312,2021-03-05,Shipped,1231
3963,250,2024-05-23,Delivered,837
3964,2762,2024-12-25,Shipped,3683
3965,3597,2021-03-31,Cancelled,209
3966,4240,2026-05-16,Confirmed,792
3967,1053,2024-04-06,Shipped,3193
3968,3994,2025-11-13,Pending,1566
3969,1716,2024-05-20,Returned,3829
3970,2928,2026-07-06,Pending,2128
3971,176,2026-01-04,Delivered,2270
3972,4239,2021-06-14,Cancelled,1875
3973,1388,2022-09-24,Delivered,1832
3974,3664,2021-11-13,Shipped,67
3975,2540,2023-01-29,Cancelled,594
3976,3556,2026-02-24,Pending,26
3977,918,2023-04-03,Cancelled,2051
3978,4087,2026-07-05,Pending,4575
3979,1515,2020-06-11,Pending,4639
3980,4024,2026-04-01,Confirmed,3242
3981,55,2021-02-16,Returned,3828
3982,1179,2020-07-29,Shipped,3673
3983,656,2022-04-11,Pending,800
3984,804,2025-09-15,Returned,659
3985,4682,2020-10-31,Delivered,4564
3986,874,2022-09-12,Cancelled,1861
3987,97,2024-02-09,Delivered,3975
3988,498,2026-08-09,Pending,2398
3989,2359,2022-12-31,Cancelled,2708
3990,3427,2025-12-20,Pending,3432
3991,4783,2022-02-09,Delivered,3645
3992,3538,2022-12-25,Pending,4028
3993,3436,2025-04-18,Pending,1551
3994,792,2020-05-06,Cancelled,2554
3995,3467,2020-02-01,Returned,4320
3996,3704,2020-10-25,Confirmed,3648
3997,4316,2026-05-13,Pending,2777
3998,674,2025-09-20,Shipped,2907
3999,3552,2023-12-01,Returned,4679
4000,4798,2026-05-12,Returned,3822
4001,2315,2021-02-17,Shipped,747
4002,1533,2024-05-22,Confirmed,1551
4003,1826,2024-12-05,Pending,164
4004,2116,2021-05-08,Cancelled,3239
4005,472,2022-09-07,Shipped,653
4006,3434,2023-11-06,Shipped,2393
4007,3488,2025-09-09,Delivered,1376
4008,42,2023-05-28,Confirmed,2508
4009,4905,2025-09-01,Shipped,840
4010,4674,2020-11-18,Pending,588
4011,4265,2021-03-18,Cancelled,1583
4012,2769,2021-03-23,Shipped,1675
4013,4539,2025-06-27,Confirmed,2967
4014,67,2022-03-24,Returned,965
4015,4989,2024-02-29,Delivered,1531
4016,3361,2021-01-14,Delivered,535
4017,297,2025-08-13,Pending,3291
4018,2167,2022-12-26,Confirmed,3748
4019,4366,2024-08-26,Returned,2297
4020,4586,2025-08-10,Confirmed,2763
4021,3271,2025-11-11,Cancelled,4128
4022,1961,2023-07-29,Confirmed,1161
4023,980,2023-10-31,Cancelled,3863
4024,3224,2022-08-01,Returned,4978
4025,3565,2020-10-20,Delivered,3586
4026,3495,2026-01-21,Returned,2935
4027,903,2021-09-02,Confirmed,1022
4028,4957,2021-10-02,Confirmed,1790
4029,3039,2020-11-19,Cancelled,55
4030,552,2025-05-19,Returned,3690
4031,342,2023-09-02,Delivered,2743
4032,869,2021-06-06,Confirmed,1454
4033,1313,2022-02-06,Delivered,41
4034,2022,2024-07-02,Pending,3321
4035,3724,2023-10-03,Returned,4272
4036,1679,2026-06-16,Confirmed,2873
4037,238,2024-04-08,Pending,2937
4038,1165,2024-05-30,Delivered,1953
4039,4626,2023-03-29,Cancelled,3846
4040,4738,2026-04-17,Returned,4084
4041,1247,2022-10-19,Returned,1557
4042,2015,2025-03-03,Shipped,1498
4043,4874,2021-03-26,Confirmed,2560
4044,4856,2024-10-31,Returned,3140
4045,2342,2025-07-22,Pending,3868
4046,4821,2023-11-08,Cancelled,4566
4047,1196,2022-06-26,Delivered,4888
4048,4856,2021-09-13,Delivered,3167
4049,2376,2023-11-30,Shipped,2455
4050,3321,2023-04-15,Shipped,224
4051,2558,2022-04-29,Shipped,3839
4052,1218,2024-03-14,Returned,107
4053,3559,2026-07-07,Shipped,3985
4054,2777,2026-02-04,Pending,1439
4055,48,2020-11-16,Returned,529
4056,2242,2022-03-21,Confirmed,2064
4057,1345,2022-01-17,Pending,4146
4058,2055,2024-12-07,Confirmed,1877
4059,2368,2022-12-15,Cancelled,3236
4060,4448,2023-05-05,Delivered,4071
4061,1346,2022-08-11,Delivered,628
4062,1116,2025-04-16,Delivered,2347
4063,1269,2026-04-09,Returned,3482
4064,215,2025-07-25,Cancelled,3212
4065,4840,2023-06-02,Confirmed,2486
4066,1840,2020-10-16,Confirmed,645
4067,1119,2020-02-20,Cancelled,2416
4068,2336,2021-04-28,Shipped,1472
4069,345,2020-10-08,Cancelled,2796
4070,5,2023-03-01,Delivered,3585
4071,1764,2026-04-27,Pending,889
4072,3143,2024-04-18,Pending,3096
4073,1411,2025-01-28,Delivered,4123
4074,3480,2021-08-28,Pending,4472
4075,651,2020-01-11,Delivered,258
4076,3454,2020-06-22,Shipped,3605
4077,4220,2023-11-11,Delivered,4274
4078,2179,2022-06-13,Returned,4988
4079,312,2023-05-07,Confirmed,4902
4080,4271,2022-05-03,Confirmed,4408
4081,171,2025-12-06,Delivered,2807
4082,3059,2022-02-08,Cancelled,3461
4083,4375,2024-06-20,Pending,3198
4084,3417,2025-09-24,Delivered,936
4085,2188,2020-05-03,Cancelled,2148
4086,1502,2020-08-03,Shipped,4500
4087,3905,2024-02-08,Confirmed,1031
4088,1339,2023-10-23,Cancelled,571
4089,3863,2024-06-22,Shipped,4692
4090,1852,2024-05-15,Shipped,2363
4091,2818,2020-11-15,Shipped,4475
4092,3879,2024-02-14,Cancelled,394
4093,220,2024-07-07,Confirmed,1134
4094,3263,2025-10-06,Returned,2563
4095,2559,2022-11-10,Cancelled,4833
4096,3867,2026-05-16,Confirmed,3152
4097,697,2020-08-30,Returned,3770
4098,4741,2026-03-18,Returned,4207
4099,2339,2023-08-15,Confirmed,2459
4100,1198,2022-11-12,Cancelled,1569
4101,3790,2022-08-01,Shipped,1837
4102,133,2024-04-24,Delivered,2528
4103,2267,2023-05-14,Cancelled,491
4104,4618,2024-04-01,Cancelled,4454
4105,4739,2022-08-27,Cancelled,420
4106,2910,2024-10-14,Returned,1485
4107,3686,2025-06-03,Pending,48
4108,4704,2026-01-25,Shipped,699
4109,3746,2021-03-04,Shipped,3795
4110,555,2020-05-09,Confirmed,649
4111,2614,2020-11-17,Cancelled,2295
4112,1683,2025-02-10,Shipped,4014
4113,1937,2024-07-01,Cancelled,4554
4114,3974,2021-03-24,Cancelled,2789
4115,1589,2020-04-26,Cancelled,4363
4116,4180,2023-12-23,Pending,1905
4117,4013,2023-06-26,Shipped,3998
4118,2636,2021-02-27,Cancelled,4594
4119,1967,2025-11-25,Shipped,2907
4120,1272,2020-08-12,Pending,2926
4121,2676,2025-05-26,Confirmed,2915
4122,2534,2020-02-10,Cancelled,3089
4123,1945,2025-05-12,Returned,1013
4124,4045,2020-09-02,Shipped,2905
4125,2211,2026-04-17,Delivered,3257
4126,4198,2020-02-21,Confirmed,86
4127,167,2022-03-31,Delivered,1739
4128,3425,2022-02-24,Pending,2020
4129,1951,2024-05-31,Delivered,2755
4130,1596,2025-04-23,Shipped,4738
4131,912,2021-12-16,Confirmed,165
4132,2852,2023-05-11,Confirmed,432
4133,2443,2021-10-10,Returned,1805
4134,645,2023-11-20,Returned,3114
4135,2790,2025-02-10,Confirmed,1357
4136,2860,2022-05-02,Confirmed,2485
4137,1051,2023-03-02,Delivered,1964
4138,3618,2023-07-17,Shipped,3270
4139,1937,2021-12-01,Delivered,2581
4140,2485,2020-06-28,Shipped,3540
4141,1800,2023-03-18,Shipped,271
4142,1691,2025-08-02,Delivered,1793
4143,579,2025-07-22,Shipped,4768
4144,2615,2020-08-16,Cancelled,2465
4145,1061,2025-02-16,Cancelled,3206
4146,2989,2022-04-24,Shipped,3632
4147,386,2026-06-02,Pending,1474
4148,2536,2023-10-11,Cancelled,2908
4149,3681,2024-04-28,Pending,1218
4150,4424,2021-06-20,Pending,3075
4151,2386,2025-05-04,Delivered,197
4152,4771,2025-02-14,Confirmed,2153
4153,1926,2021-03-06,Returned,1255
4154,98,2024-01-10,Confirmed,1207
4155,4677,2025-06-11,Pending,327
4156,3387,2024-05-25,Returned,1393
4157,2829,2025-09-09,Confirmed,3463
4158,4029,2021-03-26,Delivered,2355
4159,731,2020-09-23,Delivered,1023
4160,2669,2020-10-12,Confirmed,1970
4161,1996,2021-12-19,Pending,252
4162,3796,2024-07-09,Pending,164
4163,783,2021-10-14,Shipped,3624
4164,2790,2024-04-20,Confirmed,2823
4165,3925,2023-01-07,Cancelled,4385
4166,3432,2025-02-10,Delivered,4798
4167,1646,2023-04-01,Delivered,4100
4168,3863,2020-08-18,Pending,4207
4169,4476,2020-11-17,Confirmed,2576
4170,717,2025-01-03,Shipped,3729
4171,1199,2026-07-05,Cancelled,1868
4172,740,2025-09-23,Confirmed,2894
4173,3385,2025-01-10,Confirmed,4612
4174,1823,2024-05-08,Shipped,2386
4175,324,2023-03-03,Pending,406
4176,1692,2021-10-09,Confirmed,159
4177,3897,2022-11-15,Pending,3385
4178,3411,2020-01-14,Shipped,2694
4179,2055,2021-11-03,Shipped,1795
4180,1727,2020-01-02,Delivered,2208
4181,1008,2022-01-19,Shipped,715
4182,4304,2023-07-18,Confirmed,3549
4183,3310,2023-03-06,Pending,3605
4184,3249,2023-12-28,Cancelled,3262
4185,281,2024-08-05,Pending,968
4186,704,2022-10-01,Shipped,1781
4187,3342,2023-12-31,Returned,4114
4188,3180,2022-11-03,Shipped,4633
4189,4768,2020-08-18,Delivered,4457
4190,807,2024-05-06,Confirmed,3751
4191,1038,2023-03-21,Cancelled,3374
4192,4348,2022-05-26,Returned,2006
4193,205,2021-12-04,Shipped,2310
4194,940,2020-07-30,Shipped,2727
4195,3966,2026-03-27,Shipped,110
4196,4428,2020-04-22,Pending,4245
4197,1144,2020-12-06,Returned,4524
4198,3709,2023-01-08,Pending,2026
4199,312,2023-12-21,Delivered,76
4200,3011,2024-09-04,Cancelled,4854
4201,1233,2021-10-13,Returned,3952
4202,2523,2022-08-15,Pending,3797
4203,2266,2023-05-18,Shipped,1461
4204,4794,2022-04-21,Pending,4173
4205,213,2021-08-23,Delivered,4813
4206,3114,2026-01-25,Pending,3682
4207,2244,2024-01-29,Delivered,3183
4208,1139,2025-05-31,Shipped,1280
4209,4994,2021-08-04,Shipped,814
4210,2309,2022-06-02,Confirmed,1918
4211,1869,2023-12-14,Shipped,576
4212,2109,2023-05-09,Shipped,4568
4213,4536,2024-04-01,Returned,1112
4214,4578,2023-07-03,Pending,4809
4215,2552,2025-07-18,Cancelled,4245
4216,650,2025-03-05,Delivered,1148
4217,1421,2021-12-03,Delivered,2647
4218,651,2020-12-16,Delivered,732
4219,2983,2026-06-13,Cancelled,723
4220,4355,2021-11-03,Returned,2525
4221,2154,2025-08-08,Cancelled,186
4222,1022,2020-02-22,Shipped,4346
4223,814,2022-01-25,Pending,598
4224,4259,2023-05-13,Pending,2010
4225,1129,2025-09-21,Returned,1346
4226,3058,2023-07-19,Delivered,1454
4227,3191,2026-01-04,Confirmed,3616
4228,1015,2021-02-17,Delivered,2000
4229,2504,2025-09-12,Cancelled,2409
4230,188,2022-04-13,Cancelled,4599
4231,2896,2025-05-13,Delivered,4495
4232,1872,2023-08-20,Pending,3031
4233,1601,2020-07-07,Shipped,3479
4234,2233,2025-10-16,Pending,3058
4235,2215,2023-03-09,Pending,3740
4236,3772,2020-10-26,Shipped,4808
4237,2159,2020-04-27,Cancelled,34
4238,1433,2021-11-06,Pending,4854
4239,3026,2023-08-07,Delivered,2505
4240,4013,2025-11-18,Shipped,3447
4241,3361,2023-05-15,Confirmed,3607
4242,361,2023-12-19,Pending,2664
4243,4997,2025-12-17,Confirmed,4417
4244,1427,2021-05-06,Cancelled,268
4245,3436,2025-12-23,Delivered,176
4246,4304,2022-07-25,Pending,3655
4247,2772,2023-09-02,Returned,2433
4248,4885,2021-08-28,Cancelled,1572
4249,2280,2026-03-31,Cancelled,112
4250,4823,2026-05-11,Shipped,1725
4251,373,2020-12-07,Returned,4711
4252,869,2024-07-24,Shipped,3605
4253,1097,2024-01-23,Pending,2382
4254,3534,2026-04-30,Delivered,108
4255,1588,2020-07-01,Pending,1932
4256,3134,2021-01-15,Confirmed,1505
4257,2569,2026-07-06,Confirmed,1777
4258,491,2022-02-11,Shipped,3881
4259,2773,2023-11-21,Confirmed,1226
4260,3101,2021-08-04,Shipped,3368
4261,4110,2023-08-28,Pending,259
4262,2013,2026-07-18,Shipped,2875
4263,3146,2023-11-26,Delivered,474
4264,1851,2022-09-23,Pending,2933
4265,3470,2020-04-16,Shipped,255
4266,637,2024-05-19,Delivered,436
4267,2319,2020-02-01,Returned,2751
4268,4099,2026-07-21,Pending,2168
4269,359,2020-11-08,Delivered,1060
4270,3270,2020-11-24,Cancelled,3008
4271,251,2023-10-17,Cancelled,3232
4272,2109,2024-01-16,Shipped,4962
4273,60,2026-06-04,Pending,1245
4274,2605,2023-09-26,Confirmed,3679
4275,2129,2020-02-19,Returned,3727
4276,1328,2023-09-02,Shipped,24
4277,4773,2023-04-13,Cancelled,3772
4278,2676,2025-07-15,Returned,2371
4279,3130,2024-03-25,Shipped,3615
4280,4320,2024-02-02,Confirmed,250
4281,4621,2021-03-29,Cancelled,4177
4282,2733,2025-02-21,Shipped,2926
4283,1668,2026-01-22,Confirmed,4173
4284,3773,2023-05-01,Shipped,2011
4285,1333,2022-03-22,Pending,2367
4286,1845,2025-02-27,Pending,4525
4287,4946,2025-10-06,Delivered,4559
4288,4780,2026-03-13,Pending,4652
4289,3946,2020-11-11,Delivered,2490
4290,3754,2021-12-31,Confirmed,2930
4291,3106,2021-07-01,Delivered,3281
4292,3876,2026-04-25,Delivered,2909
4293,2305,2023-05-14,Cancelled,1582
4294,4985,2022-10-15,Shipped,1941
4295,2449,2021-11-07,Pending,74
4296,4165,2023-02-20,Returned,2933
4297,3532,2024-09-20,Delivered,2372
4298,2934,2022-07-15,Cancelled,678
4299,2919,2023-05-17,Confirmed,1865
4300,4977,2020-08-03,Shipped,3579
4301,4631,2020-02-05,Delivered,333
4302,4662,2025-07-22,Delivered,796
4303,3648,2023-07-02,Confirmed,1938
4304,2736,2020-01-05,Cancelled,1235
4305,4537,2023-05-07,Shipped,679
4306,4326,2025-05-06,Returned,227
4307,4453,2020-07-17,Pending,3325
4308,3352,2024-02-18,Cancelled,2038
4309,1745,2023-06-10,Cancelled,2661
4310,1955,2022-11-09,Shipped,3877
4311,4650,2025-01-13,Delivered,3499
4312,3933,2022-01-02,Returned,2514
4313,3044,2023-05-28,Cancelled,2694
4314,531,2021-03-02,Shipped,3206
4315,2978,2023-10-24,Cancelled,4551
4316,1445,2021-09-16,Pending,3598
4317,4167,2020-08-15,Returned,837
4318,719,2023-08-03,Returned,4040
4319,3264,2021-07-05,Shipped,290
4320,1340,2020-01-22,Pending,2637
4321,260,2020-02-16,Shipped,4869
4322,560,2020-05-11,Delivered,2571
4323,1111,2021-11-25,Pending,3795
4324,396,2022-12-31,Shipped,3963
4325,203,2022-11-24,Shipped,3234
4326,2414,2023-11-30,Cancelled,1167
4327,2553,2024-01-28,Shipped,3525
4328,4769,2024-09-18,Delivered,4279
4329,1660,2023-05-07,Shipped,4188
4330,3261,2020-10-01,Shipped,4896
4331,508,2022-01-03,Delivered,954
4332,58,2021-12-09,Cancelled,1342
4333,1097,2024-12-28,Delivered,3328
4334,1140,2020-03-10,Pending,3271
4335,1117,2020-03-20,Shipped,1234
4336,430,2021-07-21,Confirmed,1459
4337,2499,2026-08-02,Returned,834
4338,2780,2024-10-13,Delivered,4453
4339,2273,2021-07-05,Delivered,1833
4340,2789,2022-05-17,Cancelled,2177
4341,4143,2020-07-16,Confirmed,3075
4342,1310,2023-10-09,Pending,4968
4343,4048,2022-07-03,Delivered,4190
4344,4347,2024-12-11,Confirmed,3367
4345,494,2021-09-07,Shipped,3685
4346,4318,2024-05-17,Returned,3653
4347,1687,2025-03-12,Shipped,400
4348,1258,2022-03-07,Shipped,4025
4349,242,2022-07-02,Shipped,26
4350,1105,2020-06-27,Cancelled,2968
4351,4624,2025-12-14,Delivered,775
4352,3794,2020-09-29,Confirmed,2916
4353,1187,2020-01-05,Pending,405
4354,1883,2021-08-18,Shipped,1613
4355,243,2025-03-02,Cancelled,964
4356,2308,2022-07-31,Cancelled,2946
4357,2864,2023-09-21,Confirmed,1793
4358,4726,2024-06-22,Cancelled,1298
4359,1238,2023-09-17,Confirmed,4363
4360,31,2024-01-17,Returned,3317
4361,827,2020-09-27,Returned,1230
4362,2276,2020-05-01,Pending,288
4363,4743,2022-03-26,Pending,3878
4364,3432,2020-11-01,Pending,2901
4365,1168,2025-07-22,Delivered,1902
4366,689,2020-01-30,Returned,4834
4367,4469,2020-11-28,Returned,4793
4368,4048,2023-12-21,Cancelled,3691
4369,3518,2024-10-31,Cancelled,4570
4370,1611,2022-05-07,Returned,1484
4371,4521,2021-05-31,Confirmed,687
4372,974,2021-03-30,Cancelled,417
4373,4150,2023-05-06,Confirmed,3035
4374,3904,2024-10-27,Cancelled,3818
4375,4064,2024-08-20,Returned,643
4376,2112,2021-03-16,Returned,1290
4377,4697,2024-04-22,Cancelled,627
4378,4262,2021-08-07,Shipped,1680
4379,135,2021-12-10,Delivered,303
4380,4224,2020-04-25,Delivered,993
4381,1948,2023-06-22,Returned,2318
4382,713,2020-11-08,Confirmed,413
4383,568,2022-01-26,Shipped,1003
4384,3785,2025-05-04,Cancelled,4476
4385,4048,2024-01-02,Pending,1178
4386,1520,2021-01-06,Confirmed,3551
4387,4198,2022-06-02,Returned,4742
4388,2297,2021-07-12,Delivered,4910
4389,667,2021-02-19,Confirmed,181
4390,4321,2023-07-09,Shipped,943
4391,4319,2022-09-24,Returned,639
4392,2993,2025-01-26,Delivered,22
4393,1461,2021-05-01,Cancelled,2938
4394,4273,2023-01-04,Cancelled,1293
4395,461,2026-01-11,Pending,113
4396,3331,2020-03-08,Returned,4282
4397,1491,2025-04-26,Confirmed,799
4398,328,2025-06-06,Delivered,1442
4399,964,2020-08-09,Delivered,3161
4400,4349,2021-03-25,Delivered,3661
4401,4834,2023-02-02,Delivered,3275
4402,2416,2023-07-06,Cancelled,1867
4403,1154,2024-03-08,Shipped,4403
4404,834,2026-06-11,Confirmed,3991
4405,4588,2020-03-22,Pending,3586
4406,4195,2024-05-27,Returned,562
4407,1770,2025-01-27,Cancelled,2121
4408,3660,2020-05-14,Shipped,1953
4409,3919,2023-12-22,Delivered,4360
4410,217,2026-02-14,Shipped,3869
4411,950,2025-04-17,Confirmed,2754
4412,3153,2022-01-30,Cancelled,1367
4413,1977,2023-01-02,Returned,2257
4414,1935,2026-02-28,Shipped,2423
4415,3049,2021-12-15,Cancelled,562
4416,2270,2024-09-18,Cancelled,3772
4417,4231,2020-12-30,Confirmed,3991
4418,2599,2022-04-05,Delivered,2085
4419,218,2024-11-12,Pending,2005
4420,2840,2023-06-25,Returned,1366
4421,3849,2021-06-20,Delivered,4603
4422,4260,2020-05-29,Pending,81
4423,4606,2020-01-25,Pending,4563
4424,3267,2023-11-04,Pending,3391
4425,4689,2025-05-30,Shipped,3886
4426,2983,2023-11-23,Cancelled,3340
4427,1818,2025-07-22,Returned,561
4428,78,2022-04-21,Confirmed,375
4429,2606,2021-05-23,Confirmed,1924
4430,4596,2020-05-24,Confirmed,118
4431,1063,2020-07-28,Confirmed,4959
4432,4952,2022-05-09,Confirmed,2918
4433,2509,2020-02-12,Delivered,4452
4434,4498,2020-12-24,Pending,2750
4435,4950,2023-03-11,Shipped,3007
4436,991,2022-12-28,Shipped,1281
4437,3690,2025-04-23,Confirmed,4287
4438,3689,2022-10-31,Confirmed,4854
4439,2887,2024-05-22,Confirmed,3173
4440,1460,2020-07-22,Pending,4053
4441,4283,2026-01-29,Returned,1368
4442,4606,2022-02-18,Cancelled,3653
4443,3941,2021-10-21,Shipped,3967
4444,3024,2023-12-16,Confirmed,4990
4445,3671,2020-02-17,Cancelled,4983
4446,3461,2020-07-07,Shipped,799
4447,407,2022-09-19,Cancelled,1990
4448,1090,2022-06-26,Pending,2907
4449,4600,2020-06-22,Pending,3370
4450,1415,2020-08-09,Shipped,961
4451,4540,2020-02-26,Cancelled,3423
4452,692,2021-06-09,Shipped,1491
4453,3998,2024-12-03,Cancelled,4472
4454,294,2020-02-14,Confirmed,4998
4455,4084,2020-11-27,Confirmed,2554
4456,2971,2025-08-05,Delivered,3506
4457,1864,2020-08-28,Delivered,4748
4458,1993,2024-05-03,Cancelled,2858
4459,2650,2024-01-03,Delivered,165
4460,3466,2020-07-19,Confirmed,2003
4461,1860,2022-09-24,Shipped,2900
4462,4812,2022-08-21,Confirmed,1131
4463,439,2024-03-03,Cancelled,41
4464,3073,2024-03-29,Cancelled,3758
4465,1372,2020-12-29,Shipped,4974
4466,4526,2023-06-09,Shipped,2159
4467,2071,2021-02-15,Confirmed,3682
4468,45,2024-01-08,Confirmed,3401
4469,241,2022-12-23,Returned,3260
4470,1571,2020-08-04,Shipped,982
4471,4506,2024-09-29,Shipped,38
4472,3083,2023-07-15,Delivered,4605
4473,765,2020-02-17,Confirmed,2538
4474,4452,2021-05-15,Confirmed,4972
4475,4595,2020-06-25,Delivered,3540
4476,3770,2026-07-09,Confirmed,2823
4477,4033,2020-01-06,Delivered,4406
4478,1106,2024-03-20,Returned,68
4479,3789,2024-10-12,Pending,1762
4480,3532,2021-04-09,Returned,4342
4481,3380,2023-03-01,Pending,4575
4482,1855,2022-07-23,Confirmed,2654
4483,3741,2022-05-13,Cancelled,3169
4484,3988,2022-06-17,Pending,405
4485,2514,2021-06-11,Pending,2292
4486,1562,2022-08-23,Cancelled,357
4487,1285,2026-06-15,Shipped,4339
4488,109,2021-10-24,Pending,781
4489,3160,2021-02-01,Confirmed,4261
4490,2039,2025-12-03,Shipped,727
4491,1657,2026-06-20,Pending,1681
4492,2601,2024-12-28,Cancelled,4288
4493,148,2025-08-30,Shipped,297
4494,2902,2024-08-12,Returned,3613
4495,2808,2024-02-24,Returned,1086
4496,3027,2023-03-12,Delivered,2164
4497,1495,2022-08-15,Shipped,3140
4498,1076,2022-12-19,Pending,1055
4499,1933,2026-07-29,Confirmed,3985
4500,3900,2022-08-05,Shipped,2705
4501,1198,2024-02-07,Pending,2391
4502,1668,2021-08-06,Cancelled,1839
4503,446,2024-07-17,Delivered,4546
4504,1260,2023-12-21,Confirmed,3257
4505,2850,2021-10-06,Returned,2028
4506,1979,2024-03-01,Cancelled,4554
4507,4128,2020-09-06,Pending,1367
4508,3290,2025-02-26,Delivered,229
4509,1217,2022-07-06,Confirmed,1182
4510,308,2025-07-07,Cancelled,4834
4511,4214,2022-02-03,Delivered,3392
4512,4354,2026-03-30,Shipped,585
4513,1875,2021-01-09,Delivered,1900
4514,584,2022-10-05,Returned,837
4515,4267,2020-10-15,Pending,1962
4516,3784,2023-12-22,Shipped,2828
4517,1128,2023-07-07,Shipped,4643
4518,3038,2021-12-25,Returned,3788
4519,1714,2021-09-07,Pending,4968
4520,2097,2020-04-11,Confirmed,2513
4521,448,2025-04-14,Cancelled,95
4522,2621,2026-02-14,Cancelled,1284
4523,3379,2023-03-25,Pending,537
4524,2596,2024-09-08,Returned,1170
4525,2194,2022-07-07,Delivered,2533
4526,350,2020-09-19,Pending,2596
4527,2109,2023-11-12,Returned,2485
4528,231,2023-02-25,Confirmed,4830
4529,3979,2026-02-24,Pending,2408
4530,4860,2023-06-02,Pending,2518
4531,1496,2022-04-16,Shipped,2992
4532,3525,2024-12-21,Pending,505
4533,2215,2024-06-26,Delivered,3463
4534,379,2021-04-24,Delivered,1399
4535,2545,2023-09-28,Returned,1037
4536,235,2026-02-06,Pending,2512
4537,1704,2022-12-07,Delivered,1577
4538,1708,2022-05-27,Returned,2948
4539,25,2020-05-10,Returned,2949
4540,2903,2026-05-23,Delivered,3463
4541,2190,2023-10-22,Pending,1154
4542,2232,2021-02-11,Delivered,810
4543,2960,2022-03-06,Confirmed,668
4544,2932,2023-07-20,Pending,2845
4545,4472,2024-12-01,Confirmed,270
4546,673,2020-10-07,Shipped,4095
4547,2498,2020-08-29,Returned,2048
4548,4850,2023-06-11,Delivered,401
4549,943,2025-08-25,Shipped,822
4550,2866,2025-01-26,Confirmed,4222
4551,4426,2020-01-24,Delivered,4258
4552,3630,2022-11-24,Pending,2772
4553,4305,2020-02-07,Pending,3901
4554,535,2020-07-13,Returned,4416
4555,3234,2021-09-11,Delivered,3038
4556,3304,2025-09-14,Cancelled,514
4557,242,2024-10-19,Delivered,1019
4558,4047,2023-12-07,Shipped,695
4559,3209,2023-01-03,Pending,668
4560,3097,2023-11-01,Delivered,2169
4561,2068,2023-08-15,Delivered,1308
4562,761,2021-10-03,Returned,3984
4563,3098,2022-04-27,Shipped,723
4564,4104,2023-01-13,Shipped,3409
4565,3483,2022-08-01,Returned,624
4566,4609,2025-07-13,Returned,153
4567,3360,2022-10-18,Confirmed,2313
4568,20,2021-04-30,Confirmed,3890
4569,4226,2023-11-27,Delivered,724
4570,3829,2022-04-14,Shipped,1424
4571,3134,2022-01-20,Shipped,774
4572,1019,2025-02-07,Pending,1101
4573,3362,2021-08-21,Returned,4048
4574,1003,2020-07-06,Delivered,3800
4575,3182,2025-07-07,Confirmed,1915
4576,599,2024-05-31,Delivered,3831
4577,3464,2024-02-16,Confirmed,2773
4578,433,2026-01-30,Confirmed,4114
4579,1480,2022-07-30,Delivered,1583
4580,856,2023-02-11,Shipped,3512
4581,4531,2023-11-16,Cancelled,195
4582,4944,2024-08-12,Shipped,1407
4583,1559,2024-01-28,Confirmed,242
4584,3249,2022-05-11,Confirmed,1043
4585,662,2026-05-31,Pending,4778
4586,2038,2020-04-16,Shipped,2358
4587,2299,2021-05-10,Shipped,4817
4588,3900,2023-02-19,Pending,2651
4589,2084,2024-11-26,Shipped,128
4590,334,2024-06-11,Confirmed,1307
4591,3535,2024-04-28,Delivered,2720
4592,8,2020-02-02,Delivered,2031
4593,3056,2023-05-27,Cancelled,194
4594,4267,2020-06-20,Shipped,104
4595,1726,2020-07-27,Shipped,542
4596,1044,2026-04-13,Returned,3270
4597,3745,2024-10-25,Cancelled,215
4598,546,2021-02-23,Cancelled,2332
4599,805,2022-01-27,Pending,522
4600,51,2020-10-14,Confirmed,4543
4601,2690,2023-04-09,Delivered,1630
4602,2408,2023-10-13,Cancelled,4579
4603,85,2020-10-08,Confirmed,3792
4604,3085,2021-03-31,Shipped,4866
4605,2019,2024-10-06,Cancelled,4353
4606,3800,2025-09-03,Delivered,1202
4607,1394,2021-02-19,Shipped,606
4608,3542,2022-03-20,Cancelled,4027
4609,2614,2025-04-26,Cancelled,3703
4610,898,2021-09-06,Confirmed,1403
4611,817,2023-12-28,Cancelled,1061
4612,1270,2023-08-18,Delivered,2727
4613,4136,2023-12-18,Confirmed,4661
4614,2441,2021-05-07,Returned,4402
4615,2086,2024-11-28,Confirmed,662
4616,1339,2022-09-26,Shipped,275
4617,3548,2023-01-30,Confirmed,2280
4618,2232,2025-07-22,Confirmed,4776
4619,4141,2022-08-23,Pending,3141
4620,2975,2020-02-21,Pending,879
4621,2164,2022-08-24,Shipped,4855
4622,386,2026-03-12,Cancelled,158
4623,1387,2025-07-07,Cancelled,2865
4624,2701,2024-05-19,Confirmed,492
4625,920,2022-09-03,Returned,2760
4626,3422,2022-10-07,Pending,288
4627,4125,2022-07-26,Confirmed,3763
4628,3497,2022-10-12,Shipped,1879
4629,116,2021-05-14,Shipped,4399
4630,3485,2023-11-09,Shipped,3239
4631,2132,2025-08-23,Pending,185
4632,2287,2024-10-27,Returned,3083
4633,1708,2021-06-04,Pending,1941
4634,3877,2021-02-08,Confirmed,311
4635,654,2021-05-28,Delivered,4849
4636,4429,2024-03-01,Pending,315
4637,4418,2023-08-14,Cancelled,4517
4638,4965,2025-08-07,Delivered,2007
4639,2850,2025-07-09,Pending,3166
4640,389,2020-12-14,Pending,3965
4641,1961,2023-05-06,Shipped,1829
4642,898,2023-05-29,Returned,4046
4643,3604,2022-08-13,Returned,4885
4644,4873,2026-04-29,Pending,4597
4645,4321,2024-04-04,Delivered,3764
4646,238,2020-06-08,Returned,541
4647,3357,2024-12-12,Confirmed,1424
4648,3875,2023-06-25,Confirmed,3417
4649,2199,2026-05-15,Confirmed,4154
4650,3534,2021-09-29,Confirmed,1926
4651,579,2024-03-01,Shipped,2269
4652,1479,2026-01-08,Delivered,1399
4653,181,2026-01-28,Shipped,1795
4654,4915,2022-12-01,Returned,3654
4655,3517,2022-11-01,Returned,1534
4656,1409,2023-12-15,Shipped,4374
4657,249,2024-05-24,Cancelled,216
4658,3286,2020-12-08,Cancelled,3131
4659,2359,2024-05-13,Confirmed,4104
4660,2127,2022-04-20,Cancelled,4758
4661,4623,2025-11-03,Returned,2812
4662,2605,2023-01-16,Delivered,1311
4663,4297,2020-12-18,Returned,1885
4664,4161,2020-12-12,Confirmed,4175
4665,5000,2025-04-15,Returned,1336
4666,4943,2025-05-02,Pending,945
4667,3981,2024-03-18,Confirmed,2292
4668,1172,2024-10-27,Returned,2055
4669,4424,2026-07-26,Delivered,3953
4670,2023,2025-08-18,Delivered,574
4671,3505,2021-11-05,Shipped,4579
4672,656,2025-10-08,Returned,548
4673,773,2024-05-01,Confirmed,3653
4674,415,2025-12-15,Shipped,2325
4675,2510,2020-05-05,Delivered,2126
4676,4131,2023-07-07,Delivered,2177
4677,2825,2022-06-08,Pending,3691
4678,2806,2026-03-06,Shipped,4088
4679,3838,2021-08-17,Delivered,2548
4680,2990,2020-08-26,Delivered,2875
4681,1260,2021-09-12,Delivered,3879
4682,2168,2023-06-04,Cancelled,2855
4683,2235,2025-01-14,Delivered,1683
4684,4493,2020-08-03,Confirmed,4709
4685,3641,2023-05-26,Confirmed,1094
4686,2334,2025-01-06,Pending,4064
4687,2638,2026-08-04,Returned,2697
4688,1946,2023-02-25,Pending,3506
4689,3428,2023-04-29,Shipped,3963
4690,656,2025-06-24,Returned,4379
4691,3336,2023-04-24,Pending,3892
4692,3890,2020-01-05,Confirmed,3759
4693,4410,2026-06-29,Delivered,1232
4694,4311,2026-04-21,Cancelled,4739
4695,3069,2026-04-24,Returned,1180
4696,611,2022-10-31,Delivered,59
4697,2767,2026-06-10,Shipped,3552
4698,3717,2021-12-09,Returned,4563
4699,1622,2020-11-09,Cancelled,4273
4700,1440,2022-01-08,Cancelled,2204
4701,257,2022-03-28,Returned,155
4702,1558,2024-02-08,Returned,2733
4703,3232,2021-10-31,Returned,1787
4704,1353,2020-02-24,Returned,2049
4705,1725,2020-11-21,Delivered,3049
4706,1774,2023-04-20,Delivered,1369
4707,1624,2023-01-13,Cancelled,34
4708,4808,2022-10-02,Shipped,891
4709,469,2021-07-06,Shipped,4041
4710,2176,2026-01-02,Cancelled,1178
4711,4947,2024-07-12,Delivered,2203
4712,3853,2020-05-02,Shipped,2824
4713,332,2021-07-21,Delivered,4849
4714,4727,2023-07-20,Confirmed,2139
4715,765,2025-03-10,Confirmed,4214
4716,1063,2021-07-08,Shipped,3582
4717,1916,2021-06-01,Returned,4797
4718,877,2022-12-14,Confirmed,1621
4719,4918,2025-11-10,Pending,4244
4720,1910,2025-06-14,Shipped,4515
4721,194,2024-06-10,Pending,4338
4722,4433,2024-01-09,Cancelled,1422
4723,2146,2022-10-18,Cancelled,2193
4724,354,2024-02-07,Returned,338
4725,1359,2024-05-29,Returned,3206
4726,4735,2022-05-25,Pending,310
4727,4697,2020-05-23,Pending,2570
4728,4604,2023-01-25,Returned,3734
4729,2135,2020-06-19,Delivered,3512
4730,3360,2025-10-12,Cancelled,4363
4731,4888,2020-10-10,Delivered,4883
4732,560,2022-12-27,Delivered,4214
4733,4629,2023-05-10,Returned,3265
4734,3032,2021-11-11,Cancelled,4812
4735,938,2021-11-13,Cancelled,3377
4736,711,2020-10-28,Delivered,646
4737,4259,2023-02-27,Shipped,1715
4738,3692,2024-07-26,Confirmed,2545
4739,417,2022-10-08,Pending,882
4740,2607,2023-08-25,Shipped,4386
4741,3430,2022-06-11,Pending,2784
4742,676,2023-06-24,Shipped,903
4743,4572,2022-04-27,Shipped,1728
4744,350,2023-02-20,Returned,2330
4745,1768,2024-08-31,Returned,4296
4746,1831,2023-04-09,Delivered,4353
4747,3393,2021-08-09,Confirmed,2297
4748,4808,2024-04-03,Cancelled,2430
4749,4637,2023-10-16,Pending,1501
4750,25,2024-01-27,Confirmed,4467
4751,129,2022-03-06,Confirmed,83
4752,4657,2022-06-28,Returned,2799
4753,3454,2021-11-11,Cancelled,4152
4754,616,2024-07-03,Returned,1875
4755,4300,2026-07-24,Cancelled,311
4756,3777,2023-03-18,Returned,4990
4757,4702,2024-04-07,Returned,1025
4758,4270,2025-06-04,Shipped,3444
4759,1669,2025-07-16,Delivered,2897
4760,527,2023-08-03,Shipped,3683
4761,43,2023-11-29,Pending,2436
4762,4814,2023-12-10,Pending,4566
4763,1624,2022-02-01,Delivered,4266
4764,4088,2023-03-02,Confirmed,2851
4765,2779,2026-01-20,Pending,1252
4766,1555,2020-11-05,Cancelled,4548
4767,4983,2023-11-16,Cancelled,4563
4768,1481,2025-05-09,Delivered,4496
4769,551,2020-09-10,Cancelled,519
4770,2797,2020-10-06,Returned,2913
4771,150,2022-11-18,Returned,962
4772,2670,2022-08-08,Shipped,1796
4773,4313,2020-01-01,Cancelled,4216
4774,2185,2024-05-02,Pending,1195
4775,325,2022-01-23,Shipped,3021
4776,1573,2021-07-01,Shipped,2155
4777,1476,2022-07-12,Cancelled,995
4778,973,2024-02-21,Cancelled,1078
4779,949,2023-03-26,Pending,4522
4780,756,2026-01-18,Pending,1222
4781,4339,2024-06-30,Returned,3675
4782,614,2024-07-25,Delivered,964
4783,3329,2024-10-10,Shipped,3580
4784,4326,2020-12-04,Confirmed,4994
4785,3156,2021-12-21,Returned,3270
4786,518,2023-09-03,Returned,2556
4787,4177,2022-10-23,Cancelled,873
4788,2743,2022-01-28,Shipped,1601
4789,4568,2022-07-08,Confirmed,2712
4790,1828,2021-08-15,Pending,4558
4791,4351,2024-11-23,Shipped,992
4792,2546,2020-07-31,Returned,3471
4793,1115,2022-10-01,Pending,4841
4794,2386,2021-11-05,Shipped,2488
4795,4919,2024-12-30,Delivered,2802
4796,2102,2023-08-14,Cancelled,451
4797,2936,2020-01-18,Confirmed,1066
4798,2975,2021-06-29,Shipped,956
4799,3652,2020-03-05,Cancelled,1292
4800,2034,2022-09-04,Pending,4220
4801,3808,2022-02-23,Delivered,379
4802,453,2021-06-17,Confirmed,189
4803,1776,2022-06-19,Cancelled,1293
4804,341,2024-05-26,Confirmed,1081
4805,4264,2022-02-20,Returned,773
4806,282,2022-09-15,Confirmed,3874
4807,518,2023-02-17,Returned,2307
4808,3383,2020-08-18,Shipped,4004
4809,4021,2023-11-08,Confirmed,3175
4810,1757,2021-12-06,Confirmed,2787
4811,4735,2025-11-24,Cancelled,2098
4812,1149,2022-03-17,Pending,502
4813,3141,2025-05-02,Shipped,3097
4814,4841,2025-12-28,Returned,3110
4815,2069,2022-01-08,Returned,2997
4816,4371,2024-07-15,Delivered,3006
4817,1488,2024-11-06,Pending,4809
4818,126,2022-06-10,Delivered,732
4819,2743,2025-11-06,Confirmed,2414
4820,10,2024-06-22,Confirmed,935
4821,4307,2026-03-14,Delivered,1858
4822,1522,2026-07-27,Returned,643
4823,1031,2023-09-26,Shipped,1118
4824,3430,2023-08-11,Confirmed,3848
4825,1454,2024-10-13,Delivered,2485
4826,3035,2022-09-24,Cancelled,4868
4827,3168,2023-12-25,Cancelled,2885
4828,4556,2024-01-04,Confirmed,663
4829,1759,2026-01-22,Pending,682
4830,4254,2020-08-03,Delivered,4729
4831,1871,2025-07-30,Shipped,242
4832,4610,2023-06-30,Pending,1803
4833,4355,2021-01-30,Returned,713
4834,2384,2025-03-15,Shipped,498
4835,3234,2026-05-30,Shipped,1648
4836,3684,2024-06-17,Cancelled,2726
4837,1764,2023-01-07,Shipped,4529
4838,4899,2022-06-05,Cancelled,3828
4839,2404,2022-11-06,Cancelled,571
4840,29,2023-10-05,Delivered,75
4841,1916,2024-11-17,Pending,2975
4842,4664,2024-01-09,Returned,3397
4843,1038,2022-10-16,Confirmed,3112
4844,405,2021-04-14,Pending,842
4845,1122,2025-10-17,Returned,4063
4846,3536,2025-04-26,Cancelled,2941
4847,4346,2022-07-30,Shipped,4084
4848,185,2024-09-27,Pending,4730
4849,4540,2025-08-25,Returned,350
4850,2676,2020-03-12,Confirmed,3355
4851,2193,2024-12-19,Returned,1789
4852,3115,2022-09-03,Delivered,4003
4853,4472,2024-07-06,Delivered,530
4854,734,2026-04-27,Shipped,3731
4855,1684,2025-02-09,Pending,995
4856,2790,2022-11-10,Pending,709
4857,2489,2020-03-02,Confirmed,1929
4858,4434,2024-12-03,Delivered,4982
4859,2114,2026-04-18,Shipped,1829
4860,1796,2022-04-02,Delivered,3605
4861,3953,2021-07-01,Pending,3287
4862,4235,2021-12-16,Delivered,4080
4863,4178,2022-11-17,Pending,2393
4864,966,2023-02-23,Returned,1470
4865,2111,2022-01-30,Shipped,4125
4866,4597,2024-05-17,Pending,4928
4867,3987,2022-04-09,Shipped,417
4868,3604,2023-10-06,Delivered,3302
4869,40,2020-08-07,Returned,1195
4870,3737,2024-08-19,Shipped,4413
4871,2752,2020-06-30,Pending,2703
4872,1742,2024-04-18,Shipped,3330
4873,577,2020-01-02,Cancelled,79
4874,2804,2026-06-14,Delivered,3336
4875,272,2020-07-20,Delivered,4265
4876,3423,2022-02-14,Cancelled,983
4877,3901,2024-02-10,Shipped,3617
4878,508,2024-05-29,Cancelled,2053
4879,4123,2025-11-02,Delivered,3256
4880,3544,2022-05-29,Delivered,3945
4881,3053,2022-02-18,Shipped,4465
4882,4453,2024-06-21,Cancelled,3731
4883,2532,2021-05-12,Pending,4101
4884,235,2020-10-07,Pending,4177
4885,1884,2024-04-21,Cancelled,2910
4886,929,2025-02-25,Confirmed,4044
4887,1602,2022-05-30,Pending,1119
4888,3741,2020-08-08,Returned,1214
4889,2534,2020-02-10,Confirmed,2215
4890,1957,2025-07-28,Shipped,1686
4891,3130,2021-09-29,Confirmed,4396
4892,4176,2021-02-01,Cancelled,1992
4893,4446,2022-11-27,Pending,2046
4894,2202,2022-04-20,Cancelled,4060
4895,1514,2025-12-10,Delivered,3427
4896,2659,2020-04-22,Cancelled,2394
4897,2568,2024-05-02,Delivered,4563
4898,927,2021-07-27,Confirmed,3616
4899,1654,2022-09-15,Delivered,2973
4900,3085,2026-05-16,Pending,483
4901,3393,2025-01-10,Shipped,1083
4902,1636,2022-01-10,Returned,62
4903,4489,2022-03-05,Shipped,4445
4904,437,2022-05-17,Confirmed,2464
4905,1029,2024-06-14,Pending,1128
4906,31,2025-05-11,Cancelled,3702
4907,3218,2024-04-17,Delivered,3447
4908,3690,2025-04-04,Returned,2726
4909,2650,2021-12-16,Shipped,120
4910,2072,2024-01-25,Delivered,858
4911,3923,2022-06-05,Delivered,1330
4912,14,2023-10-21,Pending,4988
4913,3504,2023-09-29,Pending,1514
4914,978,2022-05-15,Shipped,1335
4915,729,2020-05-06,Shipped,3465
4916,1392,2022-08-03,Shipped,3266
4917,1595,2025-05-07,Confirmed,324
4918,1587,2023-01-22,Confirmed,3742
4919,3745,2021-09-04,Shipped,2523
4920,4096,2025-07-19,Delivered,2143
4921,3499,2022-07-21,Shipped,4333
4922,3651,2026-06-18,Shipped,662
4923,1764,2023-05-19,Confirmed,962
4924,2451,2023-08-09,Pending,2634
4925,4543,2020-11-11,Confirmed,1642
4926,3690,2020-12-08,Cancelled,2967
4927,1937,2023-02-14,Shipped,4243
4928,4229,2022-02-08,Shipped,2203
4929,1625,2021-01-28,Returned,4490
4930,4534,2022-11-28,Shipped,2901
4931,4450,2021-03-09,Confirmed,3782
4932,2140,2023-05-29,Delivered,268
4933,4563,2022-03-02,Returned,2045
4934,890,2024-12-21,Delivered,4351
4935,1906,2024-01-04,Pending,2781
4936,2144,2026-03-30,Shipped,1161
4937,1019,2025-03-13,Delivered,2664
4938,3048,2021-08-07,Confirmed,4055
4939,1206,2025-07-26,Cancelled,1908
4940,356,2024-09-24,Returned,457
4941,2492,2020-06-17,Pending,2068
4942,4148,2022-01-13,Returned,3878
4943,4402,2024-12-09,Confirmed,1513
4944,3870,2021-10-27,Cancelled,441
4945,2136,2026-06-07,Cancelled,1906
4946,118,2022-03-16,Returned,815
4947,4790,2023-06-05,Pending,2457
4948,769,2023-04-30,Confirmed,329
4949,2673,2020-03-31,Confirmed,3269
4950,2544,2025-08-13,Confirmed,902
4951,4068,2023-07-04,Shipped,520
4952,3329,2026-05-09,Confirmed,2390
4953,4918,2026-02-20,Pending,2018
4954,3018,2023-05-01,Shipped,1607
4955,1594,2021-10-29,Delivered,2826
4956,841,2020-07-09,Returned,1126
4957,998,2024-02-19,Cancelled,1272
4958,4248,2022-08-19,Cancelled,928
4959,1810,2025-07-13,Cancelled,421
4960,3032,2020-05-10,Shipped,1129
4961,3474,2023-08-22,Returned,2910
4962,467,2020-07-01,Delivered,2300
4963,2721,2021-01-29,Cancelled,2892
4964,434,2022-08-04,Delivered,1650
4965,1905,2022-09-07,Pending,939
4966,3324,2020-10-14,Cancelled,2753
4967,2414,2022-05-01,Confirmed,4803
4968,3575,2026-07-26,Returned,2594
4969,1536,2022-05-09,Delivered,436
4970,602,2024-02-13,Shipped,4588
4971,4695,2025-11-26,Delivered,3824
4972,2405,2024-01-10,Pending,2812
4973,3034,2025-07-10,Cancelled,3216
4974,2061,2026-05-15,Pending,2104
4975,1981,2021-08-10,Shipped,3254
4976,3869,2022-08-14,Confirmed,3646
4977,4020,2021-11-16,Returned,2574
4978,938,2022-04-02,Pending,4140
4979,4970,2024-11-24,Confirmed,1170
4980,4149,2025-08-14,Confirmed,1004
4981,2002,2024-09-01,Delivered,2640
4982,2501,2024-12-04,Pending,643
4983,1360,2020-02-05,Pending,4965
4984,3589,2022-04-24,Pending,2578
4985,4527,2024-01-02,Pending,1698
4986,1605,2024-01-17,Confirmed,509
4987,3626,2025-11-08,Pending,194
4988,292,2020-08-06,Pending,3670
4989,3540,2022-12-29,Delivered,1571
4990,1169,2020-08-30,Shipped,4764
4991,1699,2023-12-20,Shipped,737
4992,935,2021-09-30,Confirmed,4259
4993,2675,2026-07-21,Delivered,1361
4994,2503,2023-10-30,Shipped,1537
4995,1159,2022-02-26,Shipped,3946
4996,2767,2025-03-11,Delivered,3248
4997,2856,2022-07-10,Pending,4024
4998,4721,2024-04-06,Confirmed,1203
4999,208,2025-01-04,Returned,3268
5000,1357,2021-02-23,Delivered,2794
