PaymentID,OrderID,AmountPaid,PaymentMode,PaymentStatus,PaymentDate
1,3107,3999,Net Banking,Failed,2023-01-18
2,1337,3999,Cash on Delivery,Pending,2021-09-10
3,995,999,Credit Card,Refunded,2021-04-10
4,2892,2999,Credit Card,Success,2025-12-10
5,4320,2999,Net Banking,Pending,2025-01-08
6,2999,499,Wallet,Success,2021-02-11
7,617,199,Credit Card,Success,2020-04-26
8,1288,499,UPI,Success,2025-01-28
9,3067,9999,Wallet,Failed,2022-04-01
10,4908,6999,UPI,Failed,2024-09-16
11,918,9999,Cash on Delivery,Failed,2025-10-28
12,4398,3999,Credit Card,Refunded,2024-08-16
13,3474,199,Cash on Delivery,Failed,2023-06-19
14,199,6999,Debit Card,Refunded,2025-01-26
15,1752,1999,Debit Card,Failed,2026-06-08
16,1122,4999,Cash on Delivery,Pending,2021-09-01
17,3857,3999,Net Banking,Failed,2024-02-04
18,2236,19999,Cash on Delivery,Success,2025-01-07
19,2482,499,UPI,Pending,2025-01-15
20,3628,9999,Wallet,Refunded,2025-12-30
21,4883,1499,Wallet,Refunded,2021-12-09
22,953,14999,Cash on Delivery,Pending,2024-12-04
23,974,4999,UPI,Success,2025-05-16
24,3847,6999,Net Banking,Pending,2020-05-27
25,3404,3999,Net Banking,Refunded,2024-10-07
26,4123,2999,Net Banking,Refunded,2020-05-25
27,2648,9999,Cash on Delivery,Failed,2025-10-14
28,441,499,Cash on Delivery,Refunded,2022-11-30
29,3792,2999,Credit Card,Failed,2020-07-28
30,1268,9999,UPI,Failed,2021-12-07
31,3191,1999,Debit Card,Success,2024-11-22
32,4225,4999,Wallet,Refunded,2022-05-05
33,1682,1999,Credit Card,Failed,2020-09-12
34,2593,19999,Cash on Delivery,Refunded,2025-05-18
35,1334,3999,Credit Card,Refunded,2022-04-27
36,1289,9999,Cash on Delivery,Failed,2023-04-27
37,4007,6999,Debit Card,Pending,2024-09-02
38,2336,999,Cash on Delivery,Refunded,2020-12-09
39,3132,499,Debit Card,Refunded,2020-06-30
40,2461,9999,Net Banking,Success,2021-07-03
41,2483,3999,Net Banking,Success,2024-02-29
42,914,1499,Wallet,Failed,2021-02-18
43,2787,4999,Wallet,Success,2025-04-20
44,2109,14999,Net Banking,Failed,2026-06-02
45,2502,499,Net Banking,Refunded,2022-02-26
46,2567,19999,Credit Card,Failed,2023-11-16
47,1493,1499,Wallet,Failed,2022-06-04
48,3735,3999,Cash on Delivery,Refunded,2021-08-28
49,30,1499,Cash on Delivery,Pending,2022-05-20
50,3898,199,Wallet,Failed,2020-02-13
51,2389,9999,UPI,Pending,2026-06-26
52,1825,6999,Debit Card,Pending,2020-03-02
53,3464,3999,Cash on Delivery,Refunded,2020-03-04
54,1070,19999,Net Banking,Pending,2026-03-13
55,3887,2999,Net Banking,Failed,2023-12-16
56,1083,19999,Debit Card,Failed,2023-04-06
57,1174,999,Cash on Delivery,Pending,2021-06-01
58,1676,4999,Cash on Delivery,Success,2022-12-04
59,4417,14999,Net Banking,Pending,2022-01-16
60,2415,14999,Debit Card,Pending,2024-04-27
61,1521,999,Cash on Delivery,Pending,2026-07-17
62,2109,1499,Wallet,Success,2022-05-10
63,3408,499,UPI,Failed,2022-10-07
64,818,499,Debit Card,Success,2025-07-26
65,2330,2999,Cash on Delivery,Success,2023-08-22
66,607,3999,Credit Card,Failed,2024-09-09
67,3535,1499,Net Banking,Failed,2026-08-07
68,3429,6999,Net Banking,Success,2021-10-24
69,3792,9999,UPI,Refunded,2021-04-03
70,504,3999,UPI,Refunded,2023-03-06
71,4685,14999,Debit Card,Success,2023-02-27
72,3695,19999,Cash on Delivery,Pending,2022-06-25
73,786,1999,Cash on Delivery,Pending,2023-11-09
74,1684,4999,Net Banking,Refunded,2026-03-28
75,445,4999,Credit Card,Pending,2023-11-06
76,1432,2999,Debit Card,Success,2023-09-10
77,2996,199,Net Banking,Failed,2026-03-27
78,2170,14999,Cash on Delivery,Pending,2022-08-19
79,572,1499,Debit Card,Refunded,2023-07-09
80,2785,2999,UPI,Refunded,2024-07-03
81,4039,499,Net Banking,Failed,2025-04-12
82,1198,19999,Wallet,Failed,2024-06-04
83,4325,1499,Debit Card,Failed,2026-05-25
84,709,9999,Wallet,Refunded,2021-12-23
85,4215,4999,Cash on Delivery,Failed,2025-06-20
86,4107,4999,UPI,Pending,2026-03-06
87,1366,3999,Wallet,Pending,2026-02-06
88,3251,19999,Debit Card,Pending,2025-08-16
89,1272,3999,UPI,Success,2023-02-17
90,4678,199,Credit Card,Refunded,2020-10-11
91,394,999,UPI,Refunded,2024-04-18
92,2042,19999,Net Banking,Pending,2024-03-28
93,376,3999,Credit Card,Failed,2022-09-01
94,4010,9999,UPI,Success,2022-10-13
95,2247,2999,Debit Card,Pending,2021-11-16
96,2347,14999,Debit Card,Success,2024-07-03
97,2937,999,Cash on Delivery,Pending,2024-04-19
98,2285,1999,Debit Card,Refunded,2023-09-02
99,1262,499,Cash on Delivery,Success,2022-05-07
100,2352,14999,Credit Card,Pending,2021-01-27
101,711,19999,Debit Card,Pending,2021-12-05
102,3446,14999,Cash on Delivery,Pending,2023-06-07
103,2316,499,Cash on Delivery,Refunded,2024-10-15
104,499,199,Debit Card,Refunded,2022-10-09
105,1780,999,Net Banking,Pending,2022-12-15
106,1874,3999,Credit Card,Pending,2021-10-03
107,639,199,Credit Card,Refunded,2025-09-24
108,4713,199,Credit Card,Failed,2021-05-17
109,579,1499,Credit Card,Success,2024-09-21
110,3892,14999,Wallet,Success,2025-11-27
111,3729,2999,Debit Card,Pending,2023-06-18
112,638,6999,Cash on Delivery,Refunded,2026-05-23
113,3211,199,Cash on Delivery,Pending,2026-05-26
114,1988,1999,Credit Card,Success,2025-02-27
115,2379,1499,Wallet,Success,2022-04-03
116,1887,6999,Debit Card,Failed,2024-03-21
117,855,6999,Debit Card,Pending,2025-01-18
118,4460,6999,Cash on Delivery,Refunded,2023-07-30
119,1764,1499,Wallet,Pending,2022-08-31
120,4174,14999,Debit Card,Refunded,2022-03-22
121,3331,14999,Debit Card,Refunded,2025-08-30
122,2850,199,Net Banking,Refunded,2025-04-18
123,4134,3999,Net Banking,Pending,2021-09-01
124,2347,1999,Cash on Delivery,Success,2023-10-05
125,4051,1999,Net Banking,Failed,2021-05-15
126,468,3999,Net Banking,Pending,2025-12-29
127,2132,1499,Credit Card,Failed,2020-11-06
128,1912,1499,Wallet,Pending,2024-05-27
129,23,2999,UPI,Failed,2022-12-17
130,3358,14999,UPI,Failed,2023-07-08
131,2008,1499,Debit Card,Success,2025-12-26
132,3768,3999,UPI,Refunded,2025-02-24
133,1933,1499,Net Banking,Pending,2021-11-22
134,2835,1999,Wallet,Success,2026-02-13
135,4855,6999,Debit Card,Refunded,2025-11-27
136,1911,2999,Cash on Delivery,Success,2022-06-04
137,2399,6999,Wallet,Failed,2024-10-07
138,3877,199,Cash on Delivery,Refunded,2024-04-27
139,789,14999,UPI,Refunded,2026-05-25
140,1680,1499,UPI,Success,2024-10-04
141,3334,19999,Net Banking,Pending,2022-05-27
142,987,1499,Cash on Delivery,Failed,2023-04-08
143,3183,499,UPI,Refunded,2020-01-26
144,2570,9999,Debit Card,Refunded,2025-10-08
145,4952,499,Net Banking,Pending,2022-11-09
146,499,9999,Credit Card,Refunded,2023-12-11
147,1605,1999,Credit Card,Pending,2020-10-31
148,171,9999,Cash on Delivery,Failed,2026-05-24
149,4651,4999,Credit Card,Success,2020-12-04
150,2075,3999,Credit Card,Success,2025-10-03
151,3109,999,UPI,Success,2022-12-29
152,3847,1999,Debit Card,Success,2023-08-28
153,74,3999,Credit Card,Failed,2022-12-31
154,1076,14999,Wallet,Success,2025-06-24
155,4249,199,Credit Card,Failed,2024-05-05
156,1661,999,UPI,Success,2022-11-20
157,4195,1999,Debit Card,Failed,2026-07-28
158,3885,999,Cash on Delivery,Refunded,2025-07-06
159,4019,1999,Cash on Delivery,Refunded,2024-07-22
160,4398,199,Net Banking,Pending,2022-09-05
161,130,9999,UPI,Refunded,2020-08-04
162,4903,3999,Debit Card,Failed,2025-08-11
163,462,2999,Debit Card,Failed,2022-11-14
164,107,9999,Wallet,Pending,2024-07-18
165,2852,19999,Debit Card,Pending,2021-09-14
166,1278,999,Cash on Delivery,Refunded,2021-08-05
167,4259,14999,UPI,Failed,2020-11-25
168,3321,499,UPI,Success,2025-10-29
169,3314,6999,Cash on Delivery,Refunded,2021-03-31
170,3600,999,Debit Card,Success,2023-07-23
171,91,2999,Debit Card,Refunded,2022-12-16
172,2076,1499,Wallet,Refunded,2025-09-24
173,3709,199,Net Banking,Failed,2020-02-14
174,3542,199,Credit Card,Success,2022-12-06
175,3279,199,Cash on Delivery,Failed,2023-01-24
176,16,14999,Net Banking,Success,2020-02-21
177,1368,2999,Wallet,Failed,2022-10-23
178,3442,999,UPI,Refunded,2023-04-19
179,3248,6999,UPI,Refunded,2023-09-15
180,735,14999,Credit Card,Refunded,2024-12-27
181,4969,1999,UPI,Refunded,2026-03-06
182,1808,1499,Credit Card,Failed,2024-02-02
183,1171,4999,Debit Card,Refunded,2023-06-24
184,3296,499,Wallet,Refunded,2025-09-30
185,1783,4999,Wallet,Pending,2023-12-24
186,583,3999,Cash on Delivery,Success,2026-03-22
187,1661,14999,UPI,Failed,2020-01-26
188,489,1999,Debit Card,Refunded,2020-03-04
189,4700,999,Wallet,Pending,2023-11-16
190,2257,2999,Credit Card,Pending,2023-09-02
191,4512,6999,Debit Card,Success,2020-08-18
192,1554,2999,Cash on Delivery,Pending,2020-01-12
193,4879,4999,Credit Card,Success,2025-09-10
194,1972,4999,Wallet,Refunded,2024-01-15
195,2974,4999,Debit Card,Refunded,2024-08-05
196,298,2999,Credit Card,Failed,2020-08-15
197,4368,999,Credit Card,Failed,2026-08-07
198,1267,14999,Cash on Delivery,Failed,2021-08-01
199,4596,2999,Debit Card,Pending,2026-03-30
200,2270,19999,Net Banking,Failed,2020-02-12
201,1009,199,Wallet,Pending,2025-06-01
202,4459,199,Cash on Delivery,Pending,2024-11-07
203,2083,1999,UPI,Pending,2026-04-30
204,1391,999,Credit Card,Failed,2021-11-24
205,4150,6999,Wallet,Pending,2022-12-25
206,3982,14999,Debit Card,Success,2021-06-19
207,386,1499,Net Banking,Refunded,2020-09-18
208,1500,4999,Wallet,Refunded,2020-05-18
209,770,14999,Net Banking,Pending,2023-08-04
210,3362,9999,Credit Card,Refunded,2024-09-22
211,3246,1499,Wallet,Refunded,2024-07-09
212,1368,6999,Net Banking,Refunded,2021-07-17
213,1241,6999,Credit Card,Failed,2022-09-20
214,4589,14999,Cash on Delivery,Success,2021-04-27
215,4818,1499,UPI,Refunded,2021-09-06
216,136,4999,Net Banking,Refunded,2023-03-12
217,2733,1999,Net Banking,Refunded,2021-04-12
218,3380,9999,Wallet,Failed,2024-10-20
219,4537,1999,Cash on Delivery,Pending,2020-05-10
220,3526,1999,Credit Card,Failed,2025-07-30
221,3871,999,Net Banking,Failed,2024-01-22
222,376,9999,Net Banking,Success,2022-08-26
223,4633,499,Cash on Delivery,Pending,2023-03-16
224,3956,19999,Cash on Delivery,Failed,2024-07-15
225,4101,3999,Net Banking,Failed,2025-08-29
226,3353,199,Cash on Delivery,Refunded,2020-10-11
227,463,19999,Debit Card,Failed,2023-12-12
228,716,199,Credit Card,Pending,2024-03-23
229,4795,19999,UPI,Refunded,2026-04-11
230,4303,2999,UPI,Refunded,2021-07-27
231,1959,1999,Credit Card,Success,2024-07-26
232,4491,1499,Wallet,Refunded,2026-02-24
233,1052,199,Wallet,Pending,2023-01-22
234,1130,3999,UPI,Refunded,2021-02-08
235,1084,14999,Wallet,Pending,2022-09-12
236,253,2999,Debit Card,Pending,2024-10-15
237,4427,2999,Wallet,Failed,2020-01-20
238,2082,6999,Credit Card,Failed,2025-12-02
239,1559,999,Debit Card,Success,2020-09-13
240,575,4999,UPI,Refunded,2023-08-01
241,2135,2999,Credit Card,Success,2025-08-25
242,3699,4999,Net Banking,Failed,2020-03-30
243,1527,499,UPI,Refunded,2025-09-09
244,1445,1499,Cash on Delivery,Success,2020-03-31
245,1027,999,Wallet,Refunded,2021-08-30
246,4394,199,Credit Card,Pending,2023-06-13
247,258,3999,Credit Card,Pending,2020-07-29
248,1729,1499,Debit Card,Pending,2026-03-22
249,3076,2999,Debit Card,Failed,2025-12-14
250,732,1499,Wallet,Success,2025-03-17
251,2513,3999,Cash on Delivery,Failed,2022-04-21
252,3899,199,Cash on Delivery,Success,2025-11-21
253,394,6999,UPI,Failed,2024-01-28
254,311,3999,Credit Card,Failed,2020-06-30
255,4637,2999,Net Banking,Failed,2022-11-05
256,3506,9999,Net Banking,Success,2021-07-06
257,4321,499,UPI,Success,2026-03-09
258,4800,6999,Cash on Delivery,Pending,2023-11-04
259,3798,6999,Wallet,Pending,2024-01-11
260,4530,199,Cash on Delivery,Refunded,2024-10-23
261,3712,3999,Wallet,Failed,2026-02-17
262,1050,499,Cash on Delivery,Failed,2023-12-19
263,629,4999,Net Banking,Refunded,2025-10-21
264,1005,19999,Debit Card,Success,2026-07-27
265,4117,999,Credit Card,Success,2021-05-23
266,2803,19999,Debit Card,Failed,2026-02-14
267,1186,1499,Credit Card,Failed,2024-12-10
268,1191,2999,UPI,Success,2025-01-12
269,1035,6999,UPI,Failed,2023-05-31
270,1526,2999,Credit Card,Success,2025-10-04
271,2508,4999,UPI,Success,2023-05-01
272,1770,1999,Net Banking,Failed,2025-07-18
273,3321,199,UPI,Refunded,2022-05-24
274,104,999,UPI,Refunded,2021-01-14
275,2512,9999,Wallet,Pending,2026-01-14
276,2115,9999,Net Banking,Pending,2020-01-05
277,4105,6999,Net Banking,Refunded,2022-07-31
278,2783,999,Debit Card,Success,2024-05-26
279,265,3999,Net Banking,Failed,2022-06-21
280,3577,1999,UPI,Failed,2022-04-27
281,2123,999,UPI,Refunded,2026-04-22
282,4943,1499,Credit Card,Failed,2022-06-28
283,3992,2999,Credit Card,Success,2025-12-23
284,1077,199,Credit Card,Pending,2024-10-16
285,4048,1999,Credit Card,Success,2024-01-15
286,1187,4999,Net Banking,Failed,2023-07-27
287,2225,14999,Credit Card,Refunded,2020-01-11
288,3779,14999,UPI,Refunded,2021-06-23
289,4549,499,UPI,Pending,2026-04-07
290,2333,1499,UPI,Success,2021-05-23
291,2889,4999,Net Banking,Failed,2020-01-21
292,1710,14999,Wallet,Success,2021-08-12
293,4467,999,Cash on Delivery,Pending,2025-09-30
294,2935,14999,Net Banking,Pending,2024-06-17
295,4057,9999,Debit Card,Pending,2025-08-25
296,4681,1999,Credit Card,Refunded,2022-10-12
297,1619,4999,Wallet,Pending,2023-12-20
298,288,2999,Net Banking,Success,2022-12-30
299,4613,3999,Debit Card,Failed,2022-12-08
300,2452,1499,UPI,Failed,2026-03-19
301,239,9999,Net Banking,Refunded,2020-10-17
302,805,999,Credit Card,Pending,2024-09-02
303,4496,14999,Net Banking,Success,2023-10-08
304,4312,199,Cash on Delivery,Pending,2026-04-13
305,3580,999,UPI,Pending,2023-05-27
306,281,4999,Debit Card,Refunded,2025-03-21
307,1951,999,Net Banking,Failed,2020-05-20
308,1380,19999,UPI,Refunded,2020-12-26
309,463,1999,Cash on Delivery,Success,2023-06-21
310,1232,999,Debit Card,Pending,2024-10-26
311,3904,3999,Credit Card,Failed,2021-04-12
312,862,6999,Net Banking,Pending,2020-07-01
313,3024,1999,UPI,Failed,2021-05-04
314,3666,14999,Debit Card,Failed,2023-12-04
315,539,2999,Debit Card,Refunded,2025-04-09
316,366,19999,Credit Card,Pending,2024-07-29
317,3357,499,Wallet,Failed,2026-01-26
318,3028,4999,Debit Card,Failed,2021-06-19
319,3655,3999,Cash on Delivery,Refunded,2023-06-23
320,4047,3999,Debit Card,Failed,2026-02-10
321,496,1999,Cash on Delivery,Refunded,2024-03-07
322,1240,1499,Credit Card,Failed,2024-01-03
323,2114,999,UPI,Success,2022-05-07
324,3037,19999,Credit Card,Pending,2022-05-29
325,1933,9999,Credit Card,Failed,2024-08-28
326,3271,9999,Debit Card,Refunded,2020-02-27
327,4111,14999,Cash on Delivery,Refunded,2020-06-17
328,3339,1499,Wallet,Pending,2025-07-12
329,1069,199,Credit Card,Pending,2023-01-20
330,4200,19999,Debit Card,Pending,2024-08-25
331,2158,1999,Debit Card,Failed,2022-06-21
332,4320,999,Wallet,Success,2022-06-26
333,2813,4999,UPI,Failed,2023-06-08
334,2573,199,Debit Card,Refunded,2024-04-25
335,1883,14999,Cash on Delivery,Pending,2021-10-02
336,1652,9999,UPI,Pending,2024-10-14
337,832,3999,UPI,Success,2025-11-12
338,2243,9999,Wallet,Refunded,2023-07-23
339,867,19999,Wallet,Refunded,2022-12-17
340,1823,199,UPI,Pending,2022-09-19
341,4325,4999,Wallet,Success,2025-06-07
342,4545,1499,Wallet,Pending,2021-12-31
343,1374,199,Debit Card,Success,2022-02-04
344,2120,1999,Net Banking,Refunded,2022-09-17
345,93,14999,Net Banking,Failed,2022-12-05
346,242,499,Credit Card,Refunded,2021-08-07
347,3172,3999,Credit Card,Refunded,2020-05-02
348,4200,999,Credit Card,Refunded,2023-10-01
349,513,2999,Wallet,Refunded,2023-10-23
350,2083,2999,UPI,Failed,2020-03-10
351,1403,3999,Credit Card,Refunded,2021-09-16
352,1953,9999,Debit Card,Success,2023-12-01
353,4751,14999,Debit Card,Failed,2020-08-25
354,3669,19999,Cash on Delivery,Success,2024-03-07
355,3367,1499,Net Banking,Refunded,2022-01-09
356,4838,4999,Wallet,Pending,2023-04-17
357,4424,3999,Credit Card,Pending,2020-09-26
358,4218,1999,UPI,Refunded,2026-05-14
359,4394,19999,Cash on Delivery,Failed,2025-05-18
360,1679,1499,Cash on Delivery,Pending,2021-09-23
361,3932,9999,Wallet,Pending,2021-03-23
362,1542,1499,Cash on Delivery,Pending,2023-01-12
363,1655,4999,Cash on Delivery,Pending,2024-10-23
364,3310,499,UPI,Success,2025-03-22
365,3697,4999,UPI,Success,2022-10-29
366,4046,4999,Debit Card,Pending,2026-01-14
367,2824,4999,Wallet,Failed,2020-02-02
368,3597,19999,Credit Card,Refunded,2025-04-02
369,2113,4999,Credit Card,Pending,2021-12-31
370,724,19999,Cash on Delivery,Failed,2026-06-30
371,3998,9999,Cash on Delivery,Pending,2024-12-20
372,4832,14999,Credit Card,Pending,2023-03-04
373,3647,3999,Debit Card,Pending,2021-03-25
374,3888,4999,Net Banking,Failed,2020-09-22
375,4186,2999,UPI,Failed,2023-12-25
376,1713,3999,Credit Card,Refunded,2024-03-01
377,1012,3999,Credit Card,Failed,2022-01-24
378,4923,1999,Wallet,Pending,2023-04-23
379,4610,499,Net Banking,Failed,2024-07-28
380,1414,9999,Debit Card,Failed,2021-11-22
381,4806,199,Net Banking,Pending,2020-03-20
382,4176,199,UPI,Refunded,2024-01-15
383,3137,1499,Cash on Delivery,Success,2022-11-07
384,2504,6999,Credit Card,Refunded,2025-05-25
385,761,199,Wallet,Success,2022-06-27
386,1497,499,Net Banking,Failed,2024-06-05
387,1963,1999,Cash on Delivery,Pending,2021-02-25
388,3737,3999,Wallet,Refunded,2020-03-14
389,568,9999,Cash on Delivery,Failed,2025-08-30
390,360,6999,Net Banking,Refunded,2024-11-24
391,3993,3999,Cash on Delivery,Failed,2021-06-23
392,2706,3999,UPI,Success,2025-02-26
393,4232,499,Net Banking,Pending,2021-09-17
394,1493,19999,Credit Card,Failed,2023-06-04
395,1707,9999,Net Banking,Pending,2020-04-22
396,576,3999,Net Banking,Refunded,2023-03-25
397,2162,6999,Cash on Delivery,Success,2021-08-03
398,1314,2999,Credit Card,Refunded,2025-02-27
399,3799,999,Credit Card,Failed,2026-05-31
400,1713,3999,Cash on Delivery,Failed,2020-06-04
401,2302,199,Cash on Delivery,Refunded,2023-10-17
402,69,1499,Wallet,Pending,2020-04-07
403,4592,199,UPI,Refunded,2025-03-27
404,3573,19999,Net Banking,Pending,2021-01-10
405,2684,1999,UPI,Failed,2024-01-02
406,3577,6999,Debit Card,Pending,2021-02-27
407,3313,999,Credit Card,Failed,2025-04-01
408,2285,2999,Net Banking,Refunded,2025-07-16
409,474,4999,Net Banking,Refunded,2025-09-05
410,910,14999,Debit Card,Success,2021-08-18
411,4851,19999,Cash on Delivery,Pending,2020-05-21
412,52,14999,Cash on Delivery,Success,2023-11-24
413,2410,19999,UPI,Refunded,2022-08-22
414,3165,499,Credit Card,Failed,2023-07-28
415,1126,1999,Credit Card,Pending,2023-01-26
416,4712,4999,Wallet,Refunded,2021-05-25
417,4107,1499,Net Banking,Pending,2020-03-04
418,2659,14999,Net Banking,Refunded,2026-01-31
419,3987,4999,Wallet,Refunded,2024-07-14
420,1035,1999,Cash on Delivery,Pending,2026-02-18
421,271,9999,Credit Card,Success,2026-03-15
422,2879,1999,Cash on Delivery,Pending,2023-12-30
423,2331,1499,Debit Card,Success,2022-07-16
424,4298,9999,UPI,Refunded,2023-02-11
425,4468,499,Wallet,Success,2025-03-07
426,2130,14999,Wallet,Failed,2021-05-07
427,1297,499,Debit Card,Success,2024-09-18
428,4960,14999,Wallet,Pending,2021-07-12
429,4205,199,Credit Card,Pending,2025-03-11
430,2074,1499,Debit Card,Success,2022-04-26
431,1556,6999,Net Banking,Failed,2020-04-10
432,1214,9999,Net Banking,Failed,2022-12-23
433,4205,199,Cash on Delivery,Success,2022-10-25
434,4552,1999,Credit Card,Pending,2026-04-18
435,2206,2999,Credit Card,Pending,2022-06-15
436,317,3999,Wallet,Failed,2026-03-10
437,1409,1999,Net Banking,Success,2024-05-05
438,581,14999,Credit Card,Failed,2026-01-11
439,2186,3999,UPI,Failed,2021-09-04
440,459,999,Credit Card,Failed,2024-03-17
441,100,999,Debit Card,Pending,2021-05-24
442,4756,199,UPI,Pending,2021-05-01
443,977,199,UPI,Failed,2025-06-17
444,3706,1499,Cash on Delivery,Pending,2025-02-25
445,1515,6999,Credit Card,Success,2020-09-07
446,3476,4999,Cash on Delivery,Failed,2024-02-09
447,3413,499,Net Banking,Failed,2021-01-18
448,464,1499,Net Banking,Refunded,2020-12-15
449,1967,6999,Credit Card,Success,2020-02-28
450,335,19999,Credit Card,Success,2024-10-14
451,3907,199,Credit Card,Failed,2026-01-12
452,996,4999,Wallet,Refunded,2022-09-12
453,4682,999,Credit Card,Failed,2026-02-23
454,1821,6999,UPI,Refunded,2024-11-17
455,3630,6999,Debit Card,Pending,2023-03-11
456,1858,6999,Debit Card,Failed,2023-06-05
457,4261,999,Cash on Delivery,Refunded,2024-09-02
458,1804,199,Debit Card,Failed,2021-04-05
459,488,2999,Wallet,Success,2022-05-10
460,3792,19999,Net Banking,Refunded,2023-11-09
461,1553,9999,UPI,Pending,2022-04-23
462,328,999,Cash on Delivery,Refunded,2024-07-24
463,4974,2999,Debit Card,Refunded,2021-08-28
464,1103,19999,Cash on Delivery,Failed,2026-07-22
465,3027,6999,Net Banking,Refunded,2022-01-28
466,3256,199,Credit Card,Pending,2021-01-08
467,1364,199,Debit Card,Success,2025-11-11
468,1524,999,Wallet,Failed,2023-04-19
469,3890,19999,UPI,Pending,2020-07-02
470,2099,6999,Debit Card,Pending,2022-06-05
471,2801,3999,Credit Card,Failed,2024-11-21
472,3139,6999,Wallet,Success,2023-10-14
473,4694,1499,Debit Card,Failed,2022-04-22
474,1425,2999,Credit Card,Refunded,2023-09-29
475,1403,19999,Net Banking,Success,2022-04-03
476,3359,6999,Debit Card,Failed,2021-01-25
477,104,19999,UPI,Failed,2021-06-09
478,598,1999,Credit Card,Success,2025-01-20
479,4217,199,Debit Card,Success,2021-02-14
480,140,14999,Credit Card,Refunded,2024-11-13
481,2642,2999,Cash on Delivery,Pending,2025-06-02
482,1560,999,Net Banking,Pending,2020-12-31
483,10,199,Cash on Delivery,Refunded,2025-07-12
484,4393,199,Wallet,Pending,2022-07-08
485,3791,9999,Net Banking,Refunded,2020-12-24
486,4774,9999,Cash on Delivery,Refunded,2020-06-05
487,2923,19999,Debit Card,Failed,2024-10-17
488,3909,499,Net Banking,Refunded,2020-06-18
489,1728,19999,Debit Card,Success,2024-08-29
490,1303,1999,Debit Card,Success,2021-11-03
491,3852,9999,Wallet,Refunded,2025-08-24
492,3879,999,Cash on Delivery,Failed,2020-08-31
493,4396,4999,Wallet,Success,2024-05-25
494,283,999,Net Banking,Pending,2025-12-31
495,3793,1999,Cash on Delivery,Pending,2026-03-07
496,4652,14999,Net Banking,Refunded,2023-09-09
497,1057,199,Cash on Delivery,Refunded,2021-01-25
498,1991,1499,Cash on Delivery,Success,2024-07-19
499,102,9999,Net Banking,Failed,2020-05-17
500,808,2999,Credit Card,Pending,2024-01-11
501,4184,2999,Wallet,Failed,2025-07-26
502,77,1999,Debit Card,Pending,2026-06-28
503,2753,3999,Debit Card,Pending,2021-03-23
504,2721,199,Credit Card,Success,2026-04-22
505,4789,3999,Cash on Delivery,Failed,2023-01-20
506,1604,4999,UPI,Refunded,2025-05-30
507,3745,1999,Cash on Delivery,Success,2025-08-31
508,1158,499,Net Banking,Success,2023-05-26
509,4736,999,Wallet,Failed,2025-01-02
510,208,2999,Credit Card,Failed,2022-02-06
511,4498,14999,Debit Card,Success,2023-10-19
512,4322,9999,Cash on Delivery,Failed,2024-10-07
513,1792,14999,Cash on Delivery,Refunded,2023-08-29
514,2477,199,Cash on Delivery,Success,2024-01-11
515,4038,4999,UPI,Refunded,2025-04-16
516,2711,19999,Cash on Delivery,Pending,2020-04-06
517,2817,1499,UPI,Success,2024-02-26
518,3362,14999,Wallet,Pending,2024-05-17
519,4702,19999,Wallet,Refunded,2022-09-15
520,1445,199,UPI,Pending,2021-01-26
521,1799,3999,Wallet,Success,2022-03-04
522,838,6999,UPI,Refunded,2024-03-13
523,2660,4999,Credit Card,Success,2023-03-24
524,4643,9999,Debit Card,Pending,2024-08-22
525,2853,499,Wallet,Failed,2020-11-20
526,4057,3999,Debit Card,Success,2021-08-31
527,4710,6999,Debit Card,Refunded,2023-09-25
528,2948,14999,Debit Card,Pending,2024-06-09
529,1540,2999,Wallet,Pending,2021-03-10
530,1960,4999,Credit Card,Pending,2022-03-09
531,4791,999,UPI,Pending,2020-08-28
532,3433,199,Wallet,Pending,2022-07-17
533,4504,1999,Debit Card,Pending,2025-06-18
534,1590,19999,Debit Card,Success,2025-04-21
535,4749,4999,UPI,Pending,2025-07-18
536,408,999,Credit Card,Failed,2021-09-02
537,2107,1499,Wallet,Pending,2023-12-02
538,1956,499,Debit Card,Failed,2020-10-06
539,3256,1999,Wallet,Failed,2020-10-22
540,924,4999,UPI,Pending,2023-06-29
541,2052,19999,Wallet,Pending,2021-10-18
542,1524,2999,Wallet,Success,2020-01-08
543,1405,9999,Credit Card,Refunded,2022-03-23
544,4680,1499,Net Banking,Success,2024-01-07
545,2842,1999,Debit Card,Refunded,2020-05-13
546,3331,2999,Debit Card,Success,2022-12-20
547,4501,14999,Net Banking,Success,2020-12-17
548,2808,6999,Cash on Delivery,Success,2024-06-20
549,869,1499,Debit Card,Pending,2024-01-30
550,369,999,Wallet,Refunded,2020-07-15
551,1667,999,Credit Card,Refunded,2023-03-02
552,3285,1999,UPI,Success,2023-04-23
553,4192,9999,Wallet,Success,2023-03-04
554,4593,1999,Net Banking,Refunded,2025-12-14
555,3023,9999,Cash on Delivery,Success,2023-06-23
556,4708,499,Wallet,Failed,2026-07-17
557,2828,2999,UPI,Failed,2026-02-09
558,3514,14999,UPI,Refunded,2024-06-04
559,3634,499,Cash on Delivery,Pending,2023-07-03
560,1877,199,Credit Card,Success,2026-05-05
561,2513,199,Debit Card,Pending,2026-04-23
562,620,2999,Credit Card,Refunded,2024-04-28
563,4521,2999,Net Banking,Success,2025-12-30
564,3490,1999,UPI,Refunded,2023-05-26
565,4746,14999,UPI,Pending,2022-07-08
566,2904,1499,UPI,Failed,2021-01-20
567,3384,14999,UPI,Failed,2026-07-12
568,1346,1999,Cash on Delivery,Pending,2026-05-24
569,3430,6999,Debit Card,Pending,2026-04-22
570,748,4999,Net Banking,Failed,2023-05-28
571,2203,3999,Net Banking,Pending,2022-11-06
572,2845,499,Debit Card,Pending,2021-11-26
573,4264,6999,UPI,Pending,2020-05-16
574,541,199,Cash on Delivery,Pending,2020-05-28
575,3316,1499,Cash on Delivery,Refunded,2023-09-09
576,2769,199,Cash on Delivery,Success,2025-07-23
577,3230,499,UPI,Pending,2020-01-10
578,1905,499,Wallet,Success,2023-08-08
579,858,19999,UPI,Success,2023-06-12
580,1110,19999,UPI,Success,2021-08-14
581,300,4999,Cash on Delivery,Failed,2022-01-02
582,482,6999,Net Banking,Refunded,2021-03-14
583,4007,2999,Wallet,Pending,2026-07-01
584,2194,1499,UPI,Refunded,2026-04-08
585,486,1499,Wallet,Failed,2023-06-24
586,1555,9999,Net Banking,Pending,2026-03-26
587,3670,14999,Cash on Delivery,Failed,2026-03-19
588,870,199,UPI,Failed,2022-01-29
589,1301,19999,Net Banking,Success,2020-08-30
590,3119,999,Net Banking,Success,2020-06-06
591,4305,19999,Wallet,Success,2023-09-06
592,21,6999,Debit Card,Pending,2024-04-24
593,656,499,Wallet,Refunded,2022-11-19
594,1445,499,Net Banking,Success,2024-08-02
595,3204,2999,UPI,Pending,2024-09-11
596,1173,499,Cash on Delivery,Refunded,2022-07-06
597,3030,19999,Debit Card,Success,2020-09-06
598,1477,999,Credit Card,Refunded,2023-09-22
599,4236,199,Credit Card,Success,2023-01-15
600,1938,499,UPI,Refunded,2024-03-28
601,3338,4999,Cash on Delivery,Failed,2022-04-23
602,3049,3999,Wallet,Pending,2024-08-02
603,3912,3999,Debit Card,Pending,2024-12-02
604,1729,499,UPI,Success,2022-04-11
605,1771,3999,Debit Card,Refunded,2021-01-13
606,736,4999,UPI,Refunded,2020-07-09
607,1098,3999,Credit Card,Failed,2025-08-16
608,2809,6999,UPI,Failed,2026-02-20
609,2298,1999,Wallet,Refunded,2022-01-28
610,2976,499,Debit Card,Failed,2025-05-27
611,3367,4999,Debit Card,Pending,2025-01-21
612,1099,999,Credit Card,Success,2022-10-11
613,2544,9999,Debit Card,Pending,2021-07-01
614,2206,19999,Credit Card,Failed,2022-01-21
615,3571,4999,Debit Card,Refunded,2020-06-30
616,1630,1999,Wallet,Success,2025-10-21
617,3350,499,Net Banking,Success,2025-03-26
618,1251,2999,UPI,Failed,2023-02-26
619,2552,2999,Cash on Delivery,Refunded,2025-03-19
620,4862,1999,Cash on Delivery,Failed,2023-03-12
621,599,499,Wallet,Refunded,2023-05-03
622,3129,14999,Credit Card,Refunded,2020-02-16
623,912,19999,Cash on Delivery,Success,2021-03-02
624,229,14999,UPI,Success,2025-08-18
625,3586,4999,UPI,Refunded,2024-09-26
626,2931,4999,Wallet,Success,2022-04-02
627,1777,199,Wallet,Failed,2025-04-15
628,1601,2999,UPI,Pending,2026-03-14
629,3138,9999,Wallet,Success,2023-05-12
630,1501,14999,Cash on Delivery,Pending,2026-04-14
631,342,6999,UPI,Pending,2023-01-14
632,4156,4999,UPI,Failed,2022-03-23
633,4223,1499,Wallet,Refunded,2020-02-17
634,4232,1999,Debit Card,Success,2020-07-28
635,1528,9999,Net Banking,Success,2023-01-08
636,4791,4999,Cash on Delivery,Refunded,2026-01-28
637,2496,1499,Credit Card,Refunded,2025-09-16
638,3561,1999,Debit Card,Pending,2022-03-08
639,4065,19999,Net Banking,Pending,2025-01-07
640,2144,2999,Cash on Delivery,Failed,2020-04-28
641,2916,499,Wallet,Success,2020-09-16
642,2446,1999,Credit Card,Success,2023-10-19
643,3442,9999,Wallet,Success,2025-08-29
644,2647,2999,Net Banking,Failed,2024-05-29
645,4373,14999,Credit Card,Failed,2022-08-20
646,1868,2999,Credit Card,Failed,2024-01-15
647,1266,6999,Wallet,Failed,2021-12-14
648,3846,3999,Cash on Delivery,Pending,2023-10-26
649,3427,1499,Wallet,Failed,2024-05-25
650,4733,19999,Cash on Delivery,Failed,2023-07-03
651,1685,2999,Cash on Delivery,Success,2022-06-09
652,912,6999,Debit Card,Failed,2023-07-28
653,2983,2999,Credit Card,Success,2023-11-01
654,790,1999,Debit Card,Failed,2025-11-13
655,1110,2999,Net Banking,Pending,2024-08-04
656,1535,4999,UPI,Success,2023-08-31
657,2706,6999,Net Banking,Refunded,2021-10-03
658,760,199,Net Banking,Success,2024-02-03
659,1232,2999,Debit Card,Refunded,2023-06-10
660,3654,2999,Wallet,Success,2025-09-03
661,937,14999,Credit Card,Refunded,2021-05-30
662,1632,3999,Cash on Delivery,Failed,2022-08-26
663,4124,19999,Net Banking,Refunded,2025-07-18
664,3663,1499,Debit Card,Pending,2023-01-30
665,3772,9999,Wallet,Pending,2026-02-23
666,939,499,Net Banking,Success,2021-01-25
667,3196,199,Debit Card,Failed,2020-08-17
668,1177,199,Credit Card,Failed,2024-05-01
669,2395,199,UPI,Refunded,2022-10-19
670,3687,9999,Cash on Delivery,Success,2021-11-12
671,892,199,Debit Card,Pending,2024-02-28
672,2096,9999,Wallet,Success,2022-04-27
673,4525,3999,Credit Card,Failed,2020-03-16
674,1557,1499,Wallet,Pending,2020-06-11
675,4904,2999,UPI,Pending,2021-03-01
676,1690,1499,Net Banking,Refunded,2021-08-31
677,3031,499,Debit Card,Success,2024-01-22
678,4136,6999,Debit Card,Failed,2026-03-23
679,3313,1499,Debit Card,Pending,2022-11-20
680,523,1999,UPI,Refunded,2020-08-30
681,1244,1999,Cash on Delivery,Failed,2023-02-19
682,1073,1499,Credit Card,Success,2022-04-07
683,1539,4999,UPI,Refunded,2023-12-24
684,1203,14999,Debit Card,Pending,2025-06-22
685,1662,199,Net Banking,Refunded,2021-05-14
686,3283,9999,Wallet,Refunded,2022-01-05
687,770,1499,UPI,Refunded,2024-05-28
688,2372,14999,UPI,Success,2023-07-31
689,522,1499,Wallet,Failed,2025-01-09
690,3061,199,Debit Card,Success,2024-08-17
691,3488,199,Cash on Delivery,Success,2025-03-09
692,975,14999,Cash on Delivery,Success,2021-07-21
693,111,4999,Credit Card,Success,2025-01-06
694,816,499,Debit Card,Success,2026-03-28
695,4641,199,Cash on Delivery,Failed,2023-10-07
696,2870,999,Net Banking,Refunded,2020-12-31
697,1120,1499,Credit Card,Pending,2025-12-28
698,246,2999,UPI,Refunded,2024-06-17
699,1146,3999,UPI,Success,2022-02-07
700,760,9999,Net Banking,Refunded,2020-12-31
701,3024,2999,Wallet,Failed,2021-10-17
702,281,1499,Credit Card,Failed,2024-12-15
703,1040,499,Credit Card,Refunded,2024-12-21
704,4218,499,Net Banking,Success,2021-02-06
705,502,499,Debit Card,Refunded,2023-01-17
706,4594,1499,UPI,Failed,2020-05-02
707,240,999,UPI,Refunded,2021-02-01
708,3249,199,Wallet,Pending,2024-07-12
709,2670,999,Credit Card,Pending,2020-10-12
710,3460,9999,Cash on Delivery,Pending,2022-05-22
711,4106,999,Net Banking,Success,2026-01-06
712,1377,1999,UPI,Success,2020-03-25
713,1435,4999,Credit Card,Pending,2024-10-22
714,864,1999,Cash on Delivery,Pending,2024-09-25
715,3551,6999,UPI,Refunded,2020-12-06
716,349,1999,Cash on Delivery,Pending,2024-03-08
717,891,14999,Credit Card,Success,2025-08-02
718,4355,6999,Cash on Delivery,Success,2020-02-07
719,1298,2999,Debit Card,Success,2026-01-07
720,833,9999,Debit Card,Pending,2022-10-23
721,172,2999,Credit Card,Success,2026-02-26
722,3875,2999,Cash on Delivery,Refunded,2020-02-28
723,2817,499,Debit Card,Refunded,2026-01-28
724,930,6999,Credit Card,Success,2024-01-21
725,525,1999,Net Banking,Refunded,2022-10-23
726,4474,9999,Net Banking,Refunded,2025-02-12
727,4879,2999,Wallet,Success,2026-03-03
728,4793,14999,Credit Card,Pending,2020-06-06
729,3345,199,Cash on Delivery,Failed,2024-02-06
730,3281,199,Credit Card,Success,2021-05-10
731,4483,6999,Debit Card,Failed,2023-05-21
732,3760,199,Cash on Delivery,Refunded,2021-04-05
733,580,2999,UPI,Pending,2023-07-21
734,2225,3999,Net Banking,Failed,2024-09-20
735,1957,3999,UPI,Pending,2023-11-19
736,3855,499,Cash on Delivery,Refunded,2026-05-07
737,1817,199,Debit Card,Failed,2024-07-02
738,2053,3999,Credit Card,Failed,2025-06-11
739,4606,2999,Net Banking,Refunded,2022-03-31
740,2218,499,Net Banking,Success,2020-11-04
741,331,2999,Net Banking,Failed,2022-03-13
742,3067,19999,UPI,Pending,2025-10-25
743,1550,1999,Debit Card,Refunded,2025-08-31
744,571,14999,Credit Card,Success,2023-05-31
745,3353,499,Credit Card,Refunded,2024-07-21
746,1097,499,Debit Card,Pending,2022-04-08
747,1561,9999,Wallet,Success,2020-07-11
748,4910,499,Net Banking,Pending,2026-02-03
749,3856,14999,Credit Card,Failed,2021-11-08
750,1061,3999,Net Banking,Refunded,2025-09-29
751,1505,4999,Debit Card,Refunded,2022-03-26
752,4351,2999,Cash on Delivery,Success,2022-01-20
753,52,3999,Credit Card,Success,2024-11-07
754,1893,6999,Debit Card,Refunded,2022-10-27
755,3661,199,Debit Card,Refunded,2021-06-01
756,1079,499,Debit Card,Pending,2021-07-10
757,782,1499,Wallet,Success,2022-12-23
758,2800,14999,Debit Card,Success,2023-03-05
759,1706,1499,Wallet,Pending,2022-04-05
760,2773,4999,Net Banking,Success,2023-11-01
761,962,14999,Debit Card,Success,2024-01-22
762,374,9999,Credit Card,Failed,2021-05-12
763,4180,1999,Wallet,Failed,2021-12-12
764,1802,999,Net Banking,Pending,2023-02-19
765,2065,2999,Net Banking,Success,2023-03-19
766,2599,2999,Cash on Delivery,Refunded,2023-11-19
767,3559,1999,Cash on Delivery,Refunded,2023-12-27
768,2187,4999,Wallet,Success,2023-05-07
769,2065,1499,Credit Card,Success,2023-12-10
770,1221,1499,Wallet,Refunded,2020-10-30
771,4910,499,Debit Card,Pending,2024-08-10
772,4585,1999,Credit Card,Failed,2025-07-25
773,304,499,Cash on Delivery,Failed,2022-10-15
774,1570,3999,Cash on Delivery,Failed,2025-04-20
775,2818,199,Cash on Delivery,Refunded,2021-02-06
776,4470,6999,Net Banking,Pending,2022-03-28
777,619,6999,Debit Card,Success,2022-10-07
778,4042,999,Cash on Delivery,Failed,2024-01-12
779,4359,2999,Net Banking,Pending,2022-07-22
780,2157,14999,Credit Card,Success,2026-06-06
781,581,14999,UPI,Success,2025-09-02
782,2025,2999,UPI,Failed,2022-07-31
783,1809,2999,UPI,Pending,2020-05-27
784,1069,1499,Net Banking,Refunded,2026-03-17
785,1894,6999,Cash on Delivery,Pending,2025-02-13
786,2161,4999,Debit Card,Refunded,2023-02-10
787,2020,14999,Net Banking,Refunded,2021-01-25
788,3957,499,Credit Card,Refunded,2025-06-13
789,2334,1499,Net Banking,Refunded,2025-11-14
790,1948,6999,UPI,Success,2023-08-07
791,610,1499,Credit Card,Success,2025-02-08
792,3411,999,Credit Card,Success,2024-10-07
793,4155,999,Cash on Delivery,Refunded,2024-04-14
794,4150,19999,Wallet,Refunded,2021-07-03
795,2256,999,Net Banking,Pending,2020-12-12
796,386,9999,Debit Card,Pending,2025-01-30
797,4370,19999,Cash on Delivery,Success,2025-01-19
798,4453,199,Wallet,Failed,2022-12-22
799,3115,4999,UPI,Refunded,2026-06-01
800,176,19999,Cash on Delivery,Refunded,2022-08-15
801,2195,19999,Debit Card,Pending,2022-02-19
802,3367,1999,Debit Card,Success,2022-02-15
803,265,499,UPI,Success,2023-03-24
804,3622,499,Cash on Delivery,Refunded,2023-07-12
805,2193,19999,Wallet,Refunded,2025-02-07
806,2195,1499,UPI,Failed,2025-09-12
807,4192,6999,Cash on Delivery,Failed,2020-09-04
808,2708,14999,Wallet,Success,2026-03-28
809,2830,6999,Net Banking,Pending,2022-01-16
810,3191,19999,Credit Card,Failed,2024-01-25
811,2993,6999,UPI,Refunded,2022-04-02
812,1065,4999,Wallet,Pending,2020-05-30
813,1302,2999,Debit Card,Success,2026-01-02
814,264,4999,Credit Card,Refunded,2025-02-02
815,4638,2999,Debit Card,Failed,2024-11-05
816,4320,19999,Debit Card,Failed,2025-12-07
817,4814,19999,UPI,Pending,2023-03-04
818,3247,199,Debit Card,Pending,2020-03-05
819,1638,3999,Cash on Delivery,Failed,2020-03-06
820,1846,14999,Wallet,Success,2020-12-20
821,3282,1999,UPI,Pending,2025-04-16
822,1155,14999,Credit Card,Success,2025-01-06
823,3791,2999,Net Banking,Pending,2021-04-14
824,4051,6999,UPI,Pending,2021-06-04
825,1131,19999,UPI,Success,2023-12-05
826,2510,999,Cash on Delivery,Failed,2021-12-12
827,1378,1999,Debit Card,Refunded,2021-12-13
828,1423,6999,Credit Card,Refunded,2021-06-25
829,4989,999,Wallet,Pending,2025-01-28
830,888,1499,Cash on Delivery,Pending,2021-09-14
831,292,14999,Cash on Delivery,Refunded,2025-03-30
832,2264,4999,Cash on Delivery,Pending,2026-05-15
833,3169,3999,Debit Card,Pending,2020-09-24
834,3896,199,Debit Card,Success,2021-09-18
835,2291,1999,Net Banking,Pending,2025-05-03
836,3847,1499,Credit Card,Success,2021-04-11
837,4054,14999,Net Banking,Success,2022-09-25
838,839,3999,Wallet,Refunded,2024-12-21
839,1385,3999,Credit Card,Pending,2024-07-31
840,4212,3999,Net Banking,Failed,2023-08-25
841,3035,1499,Debit Card,Pending,2024-01-29
842,3510,999,Cash on Delivery,Success,2023-03-30
843,3016,499,Credit Card,Pending,2025-12-01
844,4826,4999,UPI,Pending,2024-07-09
845,4526,1499,Credit Card,Failed,2022-09-30
846,681,1999,UPI,Refunded,2024-08-19
847,1935,4999,Net Banking,Failed,2024-04-11
848,1020,4999,Net Banking,Refunded,2024-12-12
849,35,1499,Wallet,Success,2026-06-16
850,3120,1999,Net Banking,Pending,2024-02-14
851,294,1499,Cash on Delivery,Pending,2021-10-20
852,142,2999,Credit Card,Pending,2025-02-21
853,1275,2999,Net Banking,Success,2020-12-16
854,4185,14999,Wallet,Failed,2024-05-03
855,1921,499,Debit Card,Refunded,2023-08-10
856,4854,19999,Credit Card,Success,2025-06-12
857,1721,4999,Net Banking,Refunded,2020-11-25
858,3442,199,Net Banking,Refunded,2020-03-23
859,2356,199,Wallet,Success,2024-04-08
860,2474,6999,Wallet,Success,2023-11-09
861,745,1999,Debit Card,Refunded,2023-08-12
862,1256,9999,Debit Card,Failed,2025-10-12
863,1184,999,Cash on Delivery,Failed,2024-08-28
864,3598,499,Cash on Delivery,Success,2020-10-11
865,4386,4999,Credit Card,Failed,2022-02-28
866,481,499,Net Banking,Refunded,2020-06-03
867,4161,19999,Wallet,Pending,2021-04-13
868,2328,1999,Net Banking,Pending,2024-07-11
869,1557,9999,Credit Card,Failed,2021-01-31
870,4825,1999,Credit Card,Refunded,2022-02-05
871,4875,9999,Credit Card,Failed,2025-05-20
872,3886,14999,UPI,Failed,2022-01-15
873,1170,999,UPI,Refunded,2026-07-24
874,4780,499,Cash on Delivery,Refunded,2020-12-05
875,2175,2999,Net Banking,Refunded,2025-11-07
876,4957,6999,Cash on Delivery,Success,2025-02-02
877,2380,199,Wallet,Pending,2021-11-11
878,2203,6999,Credit Card,Pending,2023-01-04
879,1080,999,Cash on Delivery,Pending,2026-02-27
880,2271,1999,Cash on Delivery,Success,2024-02-27
881,1781,999,Wallet,Pending,2020-12-21
882,4323,9999,Debit Card,Refunded,2024-01-07
883,3252,499,Credit Card,Pending,2021-07-17
884,3157,199,Credit Card,Success,2020-12-24
885,817,199,Net Banking,Success,2023-08-18
886,1689,1999,Wallet,Refunded,2023-07-03
887,891,9999,Debit Card,Pending,2022-02-07
888,4806,4999,Cash on Delivery,Failed,2022-06-26
889,1522,2999,UPI,Pending,2020-09-21
890,4231,14999,Debit Card,Refunded,2021-09-09
891,2390,1499,Wallet,Pending,2025-09-07
892,4128,999,Cash on Delivery,Pending,2023-04-04
893,1240,499,Credit Card,Pending,2020-01-03
894,4941,499,Net Banking,Success,2022-12-07
895,4016,9999,Net Banking,Failed,2020-10-29
896,2725,4999,UPI,Failed,2026-02-23
897,2980,2999,Cash on Delivery,Refunded,2020-02-29
898,2210,14999,Net Banking,Pending,2021-03-10
899,4940,3999,Debit Card,Refunded,2022-03-04
900,4181,1499,UPI,Failed,2020-11-20
901,2225,2999,Cash on Delivery,Pending,2026-01-24
902,4223,3999,Net Banking,Refunded,2023-11-11
903,254,999,Debit Card,Success,2024-04-26
904,80,4999,Wallet,Pending,2022-11-02
905,2193,19999,Net Banking,Failed,2022-02-15
906,2176,999,Net Banking,Failed,2022-10-15
907,2528,999,Cash on Delivery,Pending,2020-07-12
908,2725,499,Debit Card,Refunded,2021-01-17
909,1144,14999,Cash on Delivery,Refunded,2025-03-14
910,4392,6999,Credit Card,Refunded,2025-02-20
911,884,999,Net Banking,Success,2020-07-25
912,4063,199,Cash on Delivery,Refunded,2022-09-06
913,2494,14999,Debit Card,Failed,2023-09-20
914,2264,499,Cash on Delivery,Success,2024-07-11
915,4193,1999,Net Banking,Failed,2020-12-08
916,2893,1499,Wallet,Pending,2020-10-13
917,4789,1999,UPI,Refunded,2025-07-02
918,4344,9999,UPI,Success,2020-10-19
919,247,14999,Credit Card,Pending,2022-12-22
920,483,19999,Wallet,Refunded,2026-07-31
921,3522,1999,Debit Card,Success,2023-01-10
922,3409,3999,Debit Card,Failed,2025-10-14
923,4631,6999,Cash on Delivery,Success,2020-09-02
924,3530,2999,Debit Card,Pending,2026-04-29
925,3771,9999,Credit Card,Failed,2026-03-20
926,2384,999,Wallet,Pending,2023-06-25
927,1580,499,Net Banking,Refunded,2026-07-07
928,1833,999,Wallet,Pending,2022-10-25
929,2999,19999,Credit Card,Refunded,2020-01-31
930,3745,1499,Net Banking,Pending,2022-12-06
931,1648,4999,Debit Card,Failed,2025-01-21
932,4866,19999,Net Banking,Refunded,2021-09-05
933,2460,1999,Wallet,Success,2025-06-25
934,4964,499,Net Banking,Pending,2022-11-07
935,1658,3999,UPI,Pending,2022-08-31
936,2204,9999,Cash on Delivery,Pending,2022-01-18
937,4721,3999,Wallet,Refunded,2023-09-27
938,4956,6999,Debit Card,Success,2021-11-30
939,305,2999,UPI,Pending,2020-07-12
940,4944,199,Debit Card,Success,2023-05-31
941,2152,999,UPI,Pending,2023-04-25
942,54,1499,Wallet,Success,2021-03-12
943,1004,499,Debit Card,Refunded,2023-04-25
944,1822,2999,Cash on Delivery,Success,2020-12-05
945,247,4999,Wallet,Pending,2020-01-19
946,4853,19999,Wallet,Failed,2021-11-29
947,1944,14999,Wallet,Success,2026-01-07
948,1616,1999,Wallet,Failed,2025-04-08
949,4844,499,Net Banking,Refunded,2022-08-16
950,2788,14999,Cash on Delivery,Refunded,2026-05-02
951,4501,2999,Debit Card,Failed,2021-05-20
952,846,2999,Credit Card,Pending,2021-05-30
953,4817,999,Wallet,Pending,2021-08-31
954,1244,199,Debit Card,Success,2021-11-09
955,4554,9999,Net Banking,Success,2023-10-08
956,4222,199,Net Banking,Refunded,2021-12-11
957,4206,19999,Debit Card,Failed,2024-04-21
958,4441,14999,Debit Card,Pending,2026-04-19
959,4774,1999,Cash on Delivery,Success,2026-01-05
960,2925,9999,UPI,Pending,2025-10-01
961,3211,3999,Credit Card,Pending,2024-01-02
962,4479,3999,Credit Card,Success,2024-10-05
963,1464,14999,Credit Card,Failed,2021-04-18
964,4646,199,Credit Card,Pending,2020-04-06
965,3755,199,Cash on Delivery,Failed,2021-11-11
966,740,199,Debit Card,Pending,2023-02-19
967,1880,1499,Cash on Delivery,Success,2022-06-21
968,1746,19999,Wallet,Refunded,2023-05-22
969,436,6999,UPI,Success,2023-12-24
970,762,6999,UPI,Success,2023-03-31
971,1905,1499,Cash on Delivery,Success,2023-10-18
972,1790,9999,Cash on Delivery,Failed,2024-06-11
973,1678,1499,UPI,Refunded,2024-10-24
974,163,3999,Credit Card,Pending,2025-06-24
975,4186,6999,Net Banking,Refunded,2024-01-01
976,1310,19999,Net Banking,Success,2022-09-06
977,2093,4999,Credit Card,Pending,2023-04-11
978,3474,999,Net Banking,Success,2022-04-14
979,1139,9999,UPI,Refunded,2022-03-15
980,3440,6999,Net Banking,Pending,2024-08-17
981,2622,499,Credit Card,Refunded,2025-11-28
982,4051,999,UPI,Success,2026-06-09
983,1738,19999,UPI,Pending,2025-10-11
984,2858,2999,Credit Card,Refunded,2020-10-12
985,3552,499,Credit Card,Pending,2024-01-07
986,2823,1499,UPI,Pending,2021-06-05
987,3559,1499,Wallet,Success,2021-09-06
988,1894,3999,Debit Card,Success,2025-04-06
989,2213,1499,Credit Card,Failed,2023-03-19
990,4218,14999,Debit Card,Pending,2020-08-14
991,25,999,Wallet,Refunded,2025-08-30
992,1067,14999,Debit Card,Failed,2024-08-02
993,3918,1499,UPI,Refunded,2023-12-07
994,434,6999,Debit Card,Failed,2026-02-20
995,4345,3999,Debit Card,Failed,2021-10-30
996,555,499,Credit Card,Success,2023-12-28
997,2428,3999,UPI,Failed,2023-09-16
998,3715,6999,Cash on Delivery,Pending,2025-05-04
999,2921,14999,Net Banking,Failed,2025-01-23
1000,2381,999,Debit Card,Pending,2020-11-22
1001,4552,499,Credit Card,Success,2025-07-28
1002,947,19999,UPI,Pending,2021-11-04
1003,3946,2999,Cash on Delivery,Failed,2023-10-18
1004,1225,2999,Cash on Delivery,Refunded,2024-02-20
1005,4100,999,Net Banking,Refunded,2021-01-07
1006,3453,999,Credit Card,Pending,2023-09-03
1007,2577,2999,Debit Card,Refunded,2024-04-26
1008,2414,199,Cash on Delivery,Refunded,2020-05-02
1009,3428,1499,Credit Card,Success,2021-08-02
1010,4154,199,Wallet,Success,2024-11-29
1011,948,9999,Debit Card,Success,2021-01-12
1012,1452,499,Credit Card,Pending,2025-08-25
1013,1981,6999,Cash on Delivery,Success,2021-07-21
1014,3899,19999,Cash on Delivery,Refunded,2022-12-10
1015,3009,499,UPI,Refunded,2020-08-28
1016,1857,199,Credit Card,Refunded,2021-08-24
1017,3049,6999,Credit Card,Refunded,2023-06-21
1018,4189,19999,UPI,Success,2025-02-12
1019,2361,14999,Debit Card,Success,2020-05-02
1020,3410,1499,UPI,Success,2022-01-17
1021,4990,1999,Credit Card,Failed,2021-08-07
1022,22,9999,Net Banking,Failed,2025-09-17
1023,4764,1499,Debit Card,Refunded,2024-09-05
1024,448,1499,Cash on Delivery,Failed,2022-12-06
1025,532,19999,Debit Card,Failed,2022-11-05
1026,4893,4999,Debit Card,Refunded,2023-05-03
1027,2916,9999,Debit Card,Pending,2024-12-03
1028,180,199,UPI,Refunded,2021-05-20
1029,3402,4999,Credit Card,Success,2020-12-17
1030,3598,1999,Debit Card,Pending,2025-10-22
1031,3618,3999,Wallet,Pending,2025-11-19
1032,4958,199,UPI,Success,2023-02-28
1033,1239,199,UPI,Success,2024-08-11
1034,4399,9999,UPI,Pending,2021-02-03
1035,584,999,Cash on Delivery,Pending,2025-03-08
1036,1815,499,Net Banking,Failed,2026-02-28
1037,3289,6999,Wallet,Refunded,2025-07-30
1038,257,14999,Debit Card,Failed,2024-05-25
1039,1386,19999,Credit Card,Pending,2024-02-13
1040,3848,3999,Credit Card,Failed,2026-04-13
1041,1992,199,Credit Card,Pending,2023-08-07
1042,1217,9999,Net Banking,Failed,2026-03-27
1043,3895,3999,Cash on Delivery,Success,2026-07-03
1044,1655,999,Net Banking,Refunded,2022-09-07
1045,3592,199,UPI,Pending,2022-04-20
1046,3274,14999,Cash on Delivery,Pending,2020-05-05
1047,3509,2999,UPI,Failed,2025-11-23
1048,4677,1999,Cash on Delivery,Pending,2020-01-15
1049,1892,14999,UPI,Pending,2026-05-02
1050,1371,1999,Credit Card,Success,2020-11-13
1051,4154,3999,Wallet,Refunded,2024-01-14
1052,2798,4999,Credit Card,Pending,2023-11-25
1053,1360,1999,Net Banking,Failed,2025-12-05
1054,743,1999,Credit Card,Refunded,2021-08-09
1055,3205,6999,Credit Card,Success,2021-05-29
1056,2725,999,Credit Card,Success,2024-10-18
1057,2906,1999,UPI,Failed,2025-04-11
1058,2757,4999,Cash on Delivery,Success,2023-06-06
1059,4023,999,Wallet,Refunded,2026-07-27
1060,425,1499,Net Banking,Success,2026-07-05
1061,2041,999,Cash on Delivery,Failed,2020-09-14
1062,30,1499,Net Banking,Pending,2021-02-23
1063,3208,1999,Net Banking,Failed,2025-12-02
1064,3099,9999,Credit Card,Pending,2022-08-24
1065,3787,1499,Credit Card,Pending,2022-06-19
1066,3855,19999,Wallet,Success,2026-04-12
1067,943,4999,Credit Card,Failed,2026-02-25
1068,2282,499,Credit Card,Failed,2026-06-11
1069,4176,999,Net Banking,Refunded,2022-05-23
1070,1479,2999,Debit Card,Pending,2023-01-31
1071,925,4999,UPI,Success,2025-07-06
1072,2210,499,Debit Card,Success,2024-06-28
1073,1942,19999,Net Banking,Pending,2024-09-18
1074,2063,499,Cash on Delivery,Pending,2024-04-20
1075,2788,3999,Net Banking,Refunded,2021-05-26
1076,1674,999,UPI,Failed,2020-04-28
1077,4432,3999,Cash on Delivery,Failed,2020-08-02
1078,4138,6999,Debit Card,Refunded,2025-05-20
1079,4402,499,Net Banking,Failed,2022-08-09
1080,3443,3999,Cash on Delivery,Failed,2024-06-07
1081,2776,2999,Wallet,Pending,2023-03-13
1082,1815,499,Cash on Delivery,Success,2023-09-16
1083,4000,3999,Credit Card,Refunded,2020-07-02
1084,538,499,Wallet,Refunded,2026-01-15
1085,2745,499,Wallet,Success,2026-01-29
1086,274,199,Debit Card,Refunded,2020-06-30
1087,2588,999,Cash on Delivery,Pending,2023-10-21
1088,1302,499,Net Banking,Success,2025-02-15
1089,4731,9999,Net Banking,Failed,2021-11-16
1090,4724,19999,Net Banking,Failed,2022-03-10
1091,3344,3999,Credit Card,Failed,2026-02-13
1092,4752,1999,Wallet,Pending,2025-12-23
1093,3973,199,Cash on Delivery,Pending,2022-06-25
1094,3709,499,Debit Card,Pending,2021-12-17
1095,3984,3999,Net Banking,Refunded,2026-08-08
1096,1707,6999,UPI,Refunded,2021-09-27
1097,1438,3999,UPI,Pending,2021-02-21
1098,4070,1999,Cash on Delivery,Refunded,2025-05-09
1099,31,3999,Debit Card,Success,2020-02-20
1100,3256,1999,Wallet,Pending,2023-09-13
1101,3455,999,Debit Card,Failed,2021-04-22
1102,2211,1999,Credit Card,Pending,2022-03-15
1103,1900,9999,UPI,Refunded,2025-11-17
1104,510,499,Wallet,Success,2023-10-23
1105,603,1499,Cash on Delivery,Pending,2021-11-03
1106,1994,3999,UPI,Success,2025-10-03
1107,1417,2999,Cash on Delivery,Pending,2026-07-17
1108,4384,9999,Net Banking,Pending,2023-06-21
1109,1911,3999,Debit Card,Pending,2021-03-10
1110,3067,4999,Credit Card,Pending,2020-09-18
1111,673,3999,UPI,Refunded,2020-02-19
1112,1315,2999,UPI,Pending,2021-09-21
1113,735,2999,Debit Card,Pending,2021-09-22
1114,2131,9999,UPI,Success,2022-02-13
1115,2947,19999,Net Banking,Refunded,2025-11-19
1116,1816,1499,UPI,Pending,2022-01-06
1117,3284,6999,Cash on Delivery,Success,2020-01-02
1118,380,499,Cash on Delivery,Success,2025-07-15
1119,3742,499,Credit Card,Refunded,2021-02-27
1120,2875,6999,Debit Card,Success,2024-03-28
1121,52,199,Wallet,Pending,2026-04-03
1122,1686,1499,Credit Card,Success,2026-02-24
1123,3074,999,Debit Card,Success,2025-11-06
1124,3128,999,Net Banking,Success,2023-03-04
1125,1023,199,Debit Card,Pending,2022-09-27
1126,886,999,UPI,Success,2024-09-14
1127,1513,14999,Net Banking,Refunded,2025-12-07
1128,4187,9999,Debit Card,Pending,2022-06-11
1129,1545,499,Net Banking,Pending,2020-02-25
1130,2232,6999,Cash on Delivery,Pending,2022-05-07
1131,3466,499,Wallet,Failed,2022-04-28
1132,4632,499,Debit Card,Failed,2022-01-30
1133,149,19999,Debit Card,Pending,2020-04-05
1134,1220,9999,Debit Card,Failed,2024-10-05
1135,2516,199,Credit Card,Failed,2023-12-01
1136,4457,2999,Wallet,Refunded,2021-10-18
1137,3375,9999,Credit Card,Pending,2026-05-26
1138,1755,2999,Debit Card,Refunded,2022-08-08
1139,4394,999,Wallet,Refunded,2024-07-20
1140,3323,2999,UPI,Refunded,2024-01-22
1141,4655,2999,Cash on Delivery,Pending,2026-05-11
1142,1706,9999,Cash on Delivery,Pending,2020-02-14
1143,3328,199,Wallet,Pending,2025-11-08
1144,1634,1499,Debit Card,Success,2023-03-15
1145,4385,1999,UPI,Success,2024-07-22
1146,36,499,Credit Card,Success,2020-11-03
1147,2476,199,Net Banking,Pending,2024-10-18
1148,261,19999,Net Banking,Failed,2020-08-17
1149,3977,14999,Cash on Delivery,Success,2022-01-05
1150,1462,14999,Cash on Delivery,Success,2023-07-29
1151,1745,199,Debit Card,Success,2025-08-17
1152,1461,14999,Cash on Delivery,Failed,2021-07-31
1153,1725,9999,Wallet,Success,2023-07-08
1154,2519,4999,Wallet,Pending,2022-12-30
1155,3375,1999,Net Banking,Pending,2025-03-05
1156,3495,199,Cash on Delivery,Pending,2020-04-12
1157,347,199,Cash on Delivery,Refunded,2023-11-06
1158,608,19999,UPI,Refunded,2022-10-05
1159,1658,19999,Credit Card,Success,2020-11-02
1160,4508,4999,UPI,Failed,2022-06-23
1161,2535,199,Credit Card,Success,2023-04-21
1162,2075,9999,UPI,Failed,2025-02-02
1163,3978,199,Cash on Delivery,Pending,2023-01-24
1164,3900,499,UPI,Failed,2025-02-21
1165,2302,1999,Wallet,Failed,2023-01-11
1166,1235,6999,Cash on Delivery,Failed,2021-12-28
1167,4799,19999,Debit Card,Failed,2024-07-01
1168,553,3999,Credit Card,Success,2021-02-07
1169,267,2999,Credit Card,Failed,2021-04-12
1170,1091,499,Wallet,Success,2023-09-08
1171,756,499,Credit Card,Pending,2020-05-26
1172,1418,4999,Credit Card,Pending,2023-08-29
1173,773,199,Cash on Delivery,Failed,2023-08-18
1174,1693,14999,UPI,Failed,2020-03-04
1175,4332,3999,Debit Card,Pending,2026-06-25
1176,2892,3999,Net Banking,Refunded,2025-07-04
1177,3059,999,Wallet,Success,2022-10-20
1178,4413,6999,Debit Card,Refunded,2024-02-05
1179,1097,14999,Wallet,Refunded,2022-07-26
1180,4745,1499,UPI,Pending,2023-07-27
1181,2666,499,Credit Card,Failed,2021-08-24
1182,2600,19999,Cash on Delivery,Success,2022-02-13
1183,774,199,Cash on Delivery,Pending,2026-07-14
1184,4580,3999,Cash on Delivery,Refunded,2024-09-16
1185,2072,19999,Wallet,Failed,2026-03-31
1186,3228,199,Debit Card,Refunded,2026-08-06
1187,2112,19999,Net Banking,Failed,2025-10-18
1188,4919,9999,Debit Card,Failed,2022-03-25
1189,2006,14999,Credit Card,Failed,2024-10-16
1190,889,1499,UPI,Failed,2023-08-12
1191,379,6999,Debit Card,Refunded,2022-04-07
1192,4106,9999,Debit Card,Failed,2021-03-27
1193,4404,1999,Wallet,Success,2024-04-13
1194,4914,19999,Net Banking,Failed,2022-10-02
1195,3746,14999,Debit Card,Failed,2025-10-11
1196,4747,19999,Net Banking,Refunded,2023-11-12
1197,335,499,Net Banking,Success,2020-08-20
1198,4654,9999,Debit Card,Success,2020-09-26
1199,4649,14999,Net Banking,Failed,2022-08-28
1200,935,2999,UPI,Success,2024-02-07
1201,429,4999,Cash on Delivery,Success,2023-06-04
1202,996,2999,Cash on Delivery,Pending,2026-01-24
1203,1758,1999,Cash on Delivery,Success,2025-09-12
1204,4485,4999,Debit Card,Failed,2021-08-11
1205,845,999,Wallet,Pending,2021-05-18
1206,3472,6999,Wallet,Pending,2021-03-07
1207,4486,1499,Credit Card,Failed,2026-03-14
1208,4500,499,Cash on Delivery,Failed,2025-04-27
1209,967,1499,Net Banking,Pending,2021-08-08
1210,382,4999,UPI,Refunded,2026-06-13
1211,3168,4999,Debit Card,Pending,2021-09-06
1212,4580,499,Debit Card,Refunded,2024-06-17
1213,3154,3999,UPI,Refunded,2020-11-06
1214,4519,999,Credit Card,Success,2024-05-20
1215,3725,4999,Credit Card,Refunded,2022-08-06
1216,4716,199,UPI,Success,2024-05-17
1217,2748,499,Credit Card,Pending,2025-07-31
1218,1353,19999,Credit Card,Pending,2021-12-18
1219,2461,19999,Wallet,Failed,2020-09-15
1220,1826,9999,Credit Card,Pending,2022-09-26
1221,3935,1499,UPI,Failed,2025-12-28
1222,3597,1999,UPI,Refunded,2023-10-16
1223,3727,14999,Credit Card,Success,2025-06-18
1224,3248,1499,UPI,Pending,2020-09-05
1225,515,19999,UPI,Pending,2021-03-09
1226,1015,9999,Wallet,Success,2022-06-30
1227,4718,9999,Debit Card,Pending,2024-03-30
1228,494,499,Net Banking,Pending,2026-04-12
1229,2735,9999,Credit Card,Refunded,2023-01-30
1230,2716,2999,Net Banking,Pending,2022-11-14
1231,4618,14999,Net Banking,Refunded,2024-10-28
1232,4080,199,Debit Card,Failed,2022-09-01
1233,715,14999,Cash on Delivery,Success,2025-07-15
1234,4984,9999,Credit Card,Refunded,2023-06-08
1235,2456,999,Cash on Delivery,Success,2020-04-03
1236,4271,14999,Cash on Delivery,Failed,2026-05-16
1237,962,2999,UPI,Success,2020-10-16
1238,546,1999,Wallet,Refunded,2024-08-20
1239,1950,199,Debit Card,Refunded,2024-02-11
1240,3989,999,UPI,Pending,2023-12-09
1241,128,14999,Net Banking,Refunded,2023-03-31
1242,2768,1999,Wallet,Success,2021-01-31
1243,3038,1999,Credit Card,Refunded,2026-06-13
1244,4248,499,Cash on Delivery,Success,2022-06-19
1245,457,19999,Credit Card,Success,2022-10-24
1246,3869,19999,UPI,Pending,2022-04-14
1247,1314,1999,Credit Card,Pending,2023-10-05
1248,83,1499,Cash on Delivery,Failed,2024-10-31
1249,1501,6999,Credit Card,Failed,2022-11-02
1250,991,6999,Debit Card,Failed,2022-06-19
1251,2465,1999,Debit Card,Refunded,2025-05-28
1252,2581,4999,Wallet,Failed,2023-09-06
1253,923,2999,Wallet,Refunded,2026-07-04
1254,3688,1999,Net Banking,Refunded,2024-03-05
1255,1239,999,Cash on Delivery,Pending,2021-01-15
1256,3217,999,Credit Card,Success,2021-01-03
1257,1007,19999,Cash on Delivery,Success,2023-11-23
1258,3561,199,Cash on Delivery,Failed,2024-10-23
1259,1337,19999,UPI,Refunded,2023-02-04
1260,3475,9999,Wallet,Failed,2023-03-14
1261,2842,19999,Net Banking,Success,2020-09-17
1262,951,9999,Debit Card,Failed,2022-03-23
1263,1113,999,Wallet,Refunded,2026-08-02
1264,638,4999,Net Banking,Refunded,2025-01-28
1265,4016,14999,Debit Card,Refunded,2026-06-01
1266,819,1499,Credit Card,Failed,2020-06-16
1267,529,19999,Net Banking,Success,2022-07-28
1268,3814,14999,UPI,Failed,2024-07-29
1269,1290,9999,Credit Card,Success,2021-02-18
1270,4822,14999,Debit Card,Refunded,2020-10-22
1271,3691,2999,Wallet,Pending,2024-11-18
1272,3504,19999,Cash on Delivery,Success,2020-03-21
1273,3757,14999,Wallet,Refunded,2020-11-03
1274,1744,14999,Credit Card,Pending,2020-04-26
1275,2726,1999,Cash on Delivery,Refunded,2026-01-31
1276,1733,499,Net Banking,Success,2025-01-13
1277,3177,9999,Credit Card,Success,2021-06-12
1278,4400,2999,Credit Card,Failed,2021-10-11
1279,1293,1499,Debit Card,Refunded,2020-08-05
1280,3131,3999,Credit Card,Pending,2024-02-07
1281,208,1999,Debit Card,Success,2021-09-05
1282,2405,3999,Debit Card,Failed,2021-08-21
1283,2751,14999,Debit Card,Refunded,2025-05-14
1284,4382,1999,Debit Card,Success,2024-04-17
1285,4051,199,Wallet,Success,2023-06-05
1286,1534,199,UPI,Success,2020-04-21
1287,1504,19999,Cash on Delivery,Pending,2026-01-28
1288,2842,14999,Credit Card,Success,2020-02-06
1289,3673,1999,Wallet,Refunded,2023-02-17
1290,2737,19999,Debit Card,Refunded,2025-03-20
1291,59,1999,Credit Card,Failed,2022-11-25
1292,3724,2999,Wallet,Refunded,2024-07-21
1293,1489,2999,Debit Card,Success,2022-09-06
1294,4685,19999,Wallet,Failed,2022-09-27
1295,1326,1499,Debit Card,Success,2023-06-26
1296,775,499,Debit Card,Pending,2023-05-26
1297,336,14999,Cash on Delivery,Pending,2021-10-17
1298,3171,999,Net Banking,Refunded,2025-06-15
1299,2966,199,Debit Card,Pending,2024-07-12
1300,4436,1999,Debit Card,Success,2023-04-01
1301,2804,1999,Debit Card,Success,2020-12-12
1302,4490,4999,UPI,Refunded,2020-12-02
1303,2011,19999,Wallet,Success,2023-10-05
1304,854,3999,Net Banking,Success,2024-07-30
1305,2183,6999,UPI,Pending,2020-05-26
1306,1108,1999,Wallet,Pending,2020-01-04
1307,260,6999,UPI,Pending,2020-09-14
1308,2262,3999,Debit Card,Refunded,2025-10-13
1309,1450,999,Wallet,Refunded,2021-04-20
1310,3336,1499,Cash on Delivery,Pending,2023-03-05
1311,3768,4999,Wallet,Refunded,2025-09-10
1312,3238,1499,Wallet,Success,2026-03-24
1313,1843,199,UPI,Refunded,2025-06-03
1314,3808,1499,UPI,Refunded,2022-06-22
1315,4484,3999,Cash on Delivery,Pending,2023-08-09
1316,4671,199,Debit Card,Pending,2022-09-27
1317,2570,9999,Cash on Delivery,Refunded,2021-09-24
1318,2215,3999,UPI,Failed,2020-11-24
1319,384,4999,Net Banking,Pending,2024-04-03
1320,1189,19999,Wallet,Failed,2022-05-25
1321,4763,2999,Wallet,Pending,2023-08-21
1322,2363,19999,Credit Card,Failed,2020-11-01
1323,4544,1999,Net Banking,Success,2021-03-18
1324,4601,499,Net Banking,Pending,2021-09-01
1325,2657,19999,Debit Card,Failed,2024-09-03
1326,4709,999,Debit Card,Refunded,2023-12-25
1327,270,199,Cash on Delivery,Failed,2020-05-15
1328,906,4999,Net Banking,Failed,2025-03-10
1329,4332,4999,UPI,Success,2023-07-11
1330,4347,9999,Cash on Delivery,Success,2020-08-04
1331,4513,6999,Net Banking,Failed,2023-08-19
1332,517,6999,UPI,Failed,2020-10-31
1333,1131,6999,Wallet,Refunded,2021-02-26
1334,4626,1999,Cash on Delivery,Pending,2023-01-24
1335,766,3999,Cash on Delivery,Pending,2025-02-14
1336,625,4999,Net Banking,Success,2020-03-19
1337,1764,6999,UPI,Failed,2024-03-14
1338,72,14999,Credit Card,Failed,2025-05-24
1339,2126,19999,Net Banking,Pending,2022-03-28
1340,4811,499,Cash on Delivery,Pending,2024-03-29
1341,3774,199,Wallet,Failed,2024-07-01
1342,1026,6999,Cash on Delivery,Pending,2023-11-06
1343,1843,9999,Debit Card,Pending,2023-11-15
1344,2371,3999,Net Banking,Pending,2024-02-12
1345,3195,14999,Credit Card,Success,2024-12-09
1346,3379,2999,Wallet,Failed,2024-11-21
1347,4579,999,Credit Card,Success,2020-11-16
1348,230,499,Wallet,Failed,2023-05-02
1349,2645,9999,Debit Card,Failed,2020-03-20
1350,3361,6999,Credit Card,Pending,2025-08-21
1351,2571,2999,Net Banking,Pending,2026-03-24
1352,1416,1499,UPI,Refunded,2025-08-27
1353,687,199,Net Banking,Failed,2023-05-11
1354,1826,499,Cash on Delivery,Success,2020-10-26
1355,961,999,Wallet,Pending,2022-04-18
1356,1440,999,Debit Card,Pending,2023-01-10
1357,918,3999,Debit Card,Pending,2020-07-29
1358,2553,1499,Credit Card,Success,2023-11-29
1359,2534,1499,Credit Card,Failed,2025-01-13
1360,3771,1499,Net Banking,Failed,2025-10-04
1361,1291,199,Wallet,Pending,2020-05-31
1362,3695,4999,Debit Card,Failed,2020-09-05
1363,1097,2999,UPI,Failed,2020-01-08
1364,1111,3999,Credit Card,Failed,2021-03-01
1365,1646,199,UPI,Refunded,2022-06-27
1366,2524,19999,Debit Card,Pending,2020-07-03
1367,1333,199,Cash on Delivery,Failed,2026-07-25
1368,962,199,Credit Card,Refunded,2025-10-11
1369,2816,1499,Wallet,Success,2022-08-06
1370,4309,1499,Credit Card,Refunded,2024-10-12
1371,2456,14999,Cash on Delivery,Refunded,2022-08-06
1372,191,19999,Net Banking,Success,2020-10-18
1373,288,9999,Net Banking,Failed,2025-04-13
1374,4173,2999,Net Banking,Refunded,2022-12-22
1375,3349,199,Debit Card,Success,2022-08-17
1376,4134,3999,Credit Card,Success,2020-12-12
1377,1168,199,Debit Card,Refunded,2022-10-27
1378,3378,499,Credit Card,Pending,2024-12-27
1379,1067,1499,Debit Card,Failed,2025-03-26
1380,1912,14999,UPI,Refunded,2021-07-21
1381,4407,499,UPI,Failed,2020-12-27
1382,4162,3999,Cash on Delivery,Failed,2024-01-01
1383,4337,1999,Debit Card,Pending,2026-01-14
1384,4650,2999,Cash on Delivery,Pending,2020-09-13
1385,907,9999,Net Banking,Failed,2022-09-13
1386,3400,9999,Debit Card,Refunded,2024-07-27
1387,4616,2999,Credit Card,Failed,2022-10-17
1388,1883,19999,Net Banking,Refunded,2023-06-05
1389,1927,3999,Wallet,Failed,2023-05-17
1390,890,9999,Cash on Delivery,Refunded,2022-12-04
1391,4463,999,Credit Card,Success,2024-10-26
1392,3655,199,Wallet,Pending,2020-03-05
1393,3885,6999,Net Banking,Success,2022-01-27
1394,3173,2999,Cash on Delivery,Failed,2024-07-12
1395,995,9999,Wallet,Refunded,2020-10-29
1396,3047,6999,Debit Card,Success,2023-12-14
1397,4596,2999,UPI,Failed,2022-07-31
1398,2527,1499,Net Banking,Success,2021-11-06
1399,4209,1999,Debit Card,Failed,2024-06-26
1400,2776,2999,Cash on Delivery,Failed,2020-12-22
1401,1511,19999,UPI,Failed,2025-03-11
1402,4142,14999,Wallet,Refunded,2020-01-22
1403,1755,6999,Wallet,Failed,2021-06-17
1404,4654,19999,Credit Card,Pending,2026-01-19
1405,2057,9999,Wallet,Pending,2023-09-11
1406,3304,9999,UPI,Pending,2025-11-10
1407,633,6999,UPI,Refunded,2021-08-23
1408,2052,199,Net Banking,Pending,2024-06-14
1409,3743,3999,Credit Card,Failed,2022-10-22
1410,1037,6999,Credit Card,Success,2023-03-27
1411,468,2999,Wallet,Success,2025-10-06
1412,2367,1999,Cash on Delivery,Pending,2021-10-05
1413,1204,199,Credit Card,Failed,2024-12-19
1414,3799,4999,Debit Card,Success,2025-09-11
1415,3379,499,UPI,Refunded,2026-06-02
1416,547,6999,Credit Card,Failed,2021-05-24
1417,4153,1499,Debit Card,Failed,2025-10-07
1418,1330,999,Wallet,Pending,2020-08-07
1419,3996,14999,Net Banking,Refunded,2026-04-26
1420,4552,6999,Debit Card,Failed,2024-10-29
1421,3009,2999,Wallet,Success,2026-05-13
1422,3361,499,Cash on Delivery,Success,2026-01-07
1423,1377,3999,Cash on Delivery,Success,2020-08-18
1424,4206,199,Cash on Delivery,Pending,2026-07-28
1425,4739,199,Credit Card,Pending,2026-03-09
1426,4491,2999,Credit Card,Success,2024-05-25
1427,2797,19999,UPI,Refunded,2022-11-08
1428,3660,14999,Debit Card,Failed,2022-06-11
1429,4086,1499,Debit Card,Success,2020-03-16
1430,587,2999,Debit Card,Pending,2025-09-04
1431,3761,2999,UPI,Success,2024-05-10
1432,2231,199,Wallet,Pending,2023-02-15
1433,2577,14999,Net Banking,Failed,2023-12-02
1434,1858,3999,Debit Card,Failed,2022-08-17
1435,415,499,Wallet,Failed,2023-01-23
1436,2527,6999,Wallet,Pending,2022-06-30
1437,4364,19999,Wallet,Pending,2023-09-26
1438,1798,3999,Cash on Delivery,Failed,2023-03-05
1439,3254,9999,Wallet,Refunded,2025-11-08
1440,3487,2999,Credit Card,Success,2024-10-18
1441,3370,999,Debit Card,Refunded,2023-04-16
1442,2982,2999,UPI,Pending,2020-03-04
1443,498,2999,Net Banking,Success,2024-10-10
1444,1884,1999,Cash on Delivery,Refunded,2026-08-01
1445,47,1499,UPI,Refunded,2025-05-01
1446,531,19999,Credit Card,Success,2025-11-24
1447,3854,6999,Cash on Delivery,Failed,2024-02-23
1448,4552,9999,Credit Card,Success,2021-05-29
1449,4580,1999,Wallet,Refunded,2026-08-05
1450,2127,14999,Debit Card,Pending,2025-05-30
1451,2086,199,UPI,Refunded,2025-06-15
1452,3053,3999,UPI,Pending,2021-02-14
1453,1680,14999,Debit Card,Success,2021-02-24
1454,3391,19999,Net Banking,Pending,2025-05-10
1455,2694,499,Credit Card,Refunded,2023-06-15
1456,2633,14999,Credit Card,Success,2024-04-05
1457,4710,2999,Wallet,Success,2023-05-02
1458,4224,19999,Net Banking,Failed,2023-12-10
1459,3389,999,Credit Card,Pending,2021-07-06
1460,654,2999,Net Banking,Refunded,2025-01-21
1461,555,19999,UPI,Pending,2021-01-18
1462,2767,19999,Credit Card,Refunded,2023-11-12
1463,555,1999,Net Banking,Pending,2021-08-20
1464,4502,1499,Credit Card,Pending,2024-10-16
1465,2872,6999,Cash on Delivery,Success,2022-05-20
1466,285,1999,Cash on Delivery,Refunded,2023-04-17
1467,3057,499,Cash on Delivery,Refunded,2023-01-06
1468,1900,3999,Wallet,Failed,2024-12-16
1469,3857,6999,Debit Card,Success,2022-07-26
1470,3820,4999,Cash on Delivery,Success,2025-02-14
1471,4575,19999,Cash on Delivery,Refunded,2020-08-08
1472,219,9999,UPI,Success,2026-01-21
1473,4822,14999,Wallet,Success,2023-01-17
1474,1288,4999,Wallet,Pending,2025-08-02
1475,2231,9999,Debit Card,Pending,2025-03-21
1476,646,6999,UPI,Success,2022-08-16
1477,4718,1499,Debit Card,Failed,2020-06-13
1478,205,1499,Debit Card,Refunded,2021-07-01
1479,4408,9999,Cash on Delivery,Success,2020-05-25
1480,3677,19999,Net Banking,Failed,2020-04-19
1481,2522,999,UPI,Refunded,2020-11-03
1482,4991,9999,Debit Card,Pending,2021-03-15
1483,3706,499,UPI,Pending,2023-04-20
1484,1568,4999,Net Banking,Success,2022-12-19
1485,2917,499,Cash on Delivery,Pending,2023-05-30
1486,3964,3999,Debit Card,Failed,2021-11-18
1487,1688,1999,Cash on Delivery,Success,2023-03-27
1488,1954,3999,Cash on Delivery,Failed,2023-02-15
1489,3623,19999,Net Banking,Pending,2022-03-27
1490,3143,19999,Credit Card,Success,2020-11-01
1491,120,3999,UPI,Success,2022-07-27
1492,125,9999,UPI,Refunded,2020-04-10
1493,3560,19999,Debit Card,Success,2022-08-31
1494,3661,9999,Credit Card,Success,2024-09-18
1495,528,1499,Net Banking,Failed,2022-03-22
1496,3466,19999,Debit Card,Pending,2022-05-16
1497,1293,14999,Debit Card,Failed,2024-08-06
1498,1389,4999,Wallet,Pending,2021-04-14
1499,2374,2999,Net Banking,Refunded,2022-05-15
1500,2002,499,Debit Card,Pending,2021-07-08
1501,192,9999,Cash on Delivery,Pending,2024-12-18
1502,3208,1999,Cash on Delivery,Pending,2024-02-08
1503,3335,4999,Debit Card,Failed,2024-07-15
1504,2089,4999,UPI,Failed,2023-09-18
1505,3485,199,Cash on Delivery,Failed,2024-04-29
1506,865,4999,UPI,Refunded,2023-11-23
1507,3098,14999,Wallet,Refunded,2024-05-12
1508,3508,3999,Debit Card,Failed,2025-09-27
1509,2664,199,Credit Card,Pending,2023-12-21
1510,4867,1499,Net Banking,Failed,2023-09-30
1511,4227,14999,Cash on Delivery,Success,2021-08-05
1512,3238,3999,Credit Card,Success,2024-07-24
1513,4493,499,Debit Card,Failed,2024-03-04
1514,3490,4999,UPI,Success,2025-02-17
1515,4932,1499,UPI,Failed,2025-11-28
1516,4530,1999,Debit Card,Failed,2020-08-03
1517,4522,1999,Wallet,Failed,2020-12-30
1518,4385,6999,Cash on Delivery,Failed,2020-10-20
1519,1612,14999,Credit Card,Success,2022-09-22
1520,2204,499,Cash on Delivery,Pending,2021-12-13
1521,4310,1499,Net Banking,Failed,2022-10-24
1522,4642,9999,Debit Card,Failed,2024-03-07
1523,4511,3999,Wallet,Failed,2021-01-27
1524,4974,4999,Net Banking,Pending,2025-12-07
1525,4148,199,Debit Card,Pending,2025-10-01
1526,1835,14999,Credit Card,Failed,2022-04-21
1527,708,999,UPI,Failed,2024-11-30
1528,2449,4999,Debit Card,Success,2022-02-26
1529,524,1999,Wallet,Refunded,2022-11-10
1530,1672,6999,Wallet,Refunded,2020-03-02
1531,4190,999,UPI,Failed,2025-05-26
1532,1265,6999,UPI,Failed,2025-06-12
1533,611,2999,Cash on Delivery,Pending,2020-01-23
1534,727,6999,Credit Card,Pending,2021-03-26
1535,2720,199,Cash on Delivery,Success,2020-06-29
1536,3194,3999,Wallet,Success,2025-11-19
1537,3892,9999,Wallet,Failed,2024-09-12
1538,3798,2999,Cash on Delivery,Failed,2021-11-15
1539,2368,9999,Net Banking,Success,2020-10-28
1540,3453,999,Debit Card,Pending,2025-03-22
1541,425,14999,UPI,Refunded,2024-03-01
1542,4050,499,Credit Card,Refunded,2026-01-05
1543,3321,1999,UPI,Pending,2023-11-12
1544,3050,999,UPI,Failed,2021-02-25
1545,3227,3999,Wallet,Refunded,2021-06-21
1546,2128,14999,Net Banking,Success,2021-11-08
1547,1013,14999,Wallet,Pending,2024-04-17
1548,742,9999,UPI,Failed,2021-03-03
1549,3003,9999,Wallet,Failed,2024-04-13
1550,2502,999,Debit Card,Failed,2024-08-20
1551,4949,999,UPI,Pending,2023-11-19
1552,3225,1499,Cash on Delivery,Refunded,2023-01-04
1553,4257,3999,Wallet,Failed,2021-12-21
1554,1973,19999,Debit Card,Pending,2021-05-17
1555,2507,6999,Credit Card,Success,2020-09-28
1556,1157,19999,Net Banking,Pending,2024-10-17
1557,4439,19999,Debit Card,Success,2025-05-20
1558,373,19999,Credit Card,Pending,2024-11-18
1559,2161,199,Net Banking,Success,2021-11-22
1560,4535,1999,Credit Card,Pending,2026-05-11
1561,2161,499,Wallet,Success,2020-08-02
1562,461,14999,Wallet,Pending,2021-04-30
1563,2102,14999,UPI,Pending,2020-02-15
1564,459,999,Cash on Delivery,Success,2022-04-24
1565,1057,1499,Debit Card,Refunded,2021-07-12
1566,3074,499,Debit Card,Pending,2025-02-23
1567,2760,9999,Credit Card,Success,2023-03-25
1568,4650,14999,Net Banking,Refunded,2026-05-01
1569,2205,3999,Net Banking,Success,2026-03-31
1570,1158,4999,Wallet,Failed,2020-10-10
1571,1797,6999,Net Banking,Success,2026-01-14
1572,2913,19999,Debit Card,Failed,2020-12-17
1573,2418,1499,Credit Card,Success,2021-12-19
1574,1150,4999,UPI,Failed,2021-01-25
1575,3612,999,UPI,Refunded,2020-04-12
1576,3525,199,Debit Card,Pending,2020-04-30
1577,1821,999,Cash on Delivery,Refunded,2023-04-08
1578,619,14999,UPI,Pending,2020-12-04
1579,4814,3999,Net Banking,Success,2025-11-06
1580,1975,3999,Net Banking,Refunded,2021-09-25
1581,3474,1999,Net Banking,Success,2025-09-23
1582,527,199,Cash on Delivery,Pending,2021-01-02
1583,2698,199,UPI,Pending,2023-02-24
1584,4528,499,Debit Card,Success,2024-08-06
1585,2417,4999,UPI,Failed,2022-11-17
1586,4327,1499,Credit Card,Failed,2022-10-06
1587,538,1499,Cash on Delivery,Failed,2022-04-01
1588,2558,14999,Net Banking,Failed,2022-11-26
1589,326,19999,Net Banking,Success,2025-08-09
1590,1514,1999,Net Banking,Failed,2024-06-10
1591,2732,6999,Credit Card,Refunded,2025-04-01
1592,2722,14999,Cash on Delivery,Failed,2024-07-18
1593,2883,1999,Wallet,Failed,2020-03-03
1594,569,499,UPI,Pending,2021-06-22
1595,1946,14999,Credit Card,Pending,2026-02-08
1596,4074,4999,UPI,Success,2022-03-29
1597,4751,499,UPI,Success,2020-02-04
1598,3904,1999,UPI,Failed,2024-02-19
1599,1424,6999,Net Banking,Failed,2022-10-18
1600,4007,4999,Wallet,Refunded,2025-04-24
1601,3621,4999,Cash on Delivery,Failed,2022-05-27
1602,2512,499,Wallet,Failed,2022-02-09
1603,1598,9999,Credit Card,Pending,2022-11-28
1604,1127,19999,Net Banking,Failed,2021-01-26
1605,2948,6999,Net Banking,Success,2026-03-23
1606,2936,6999,Debit Card,Pending,2024-01-03
1607,899,19999,Net Banking,Failed,2026-02-22
1608,3914,4999,UPI,Failed,2024-02-24
1609,1038,3999,UPI,Refunded,2022-04-18
1610,4483,19999,Net Banking,Pending,2022-04-07
1611,2283,199,UPI,Success,2025-02-08
1612,617,3999,Credit Card,Pending,2024-05-12
1613,88,9999,Net Banking,Success,2025-02-08
1614,4201,199,Debit Card,Failed,2021-08-08
1615,1398,499,Debit Card,Failed,2023-12-16
1616,1434,4999,Credit Card,Pending,2022-09-29
1617,2679,3999,Wallet,Failed,2022-11-04
1618,2608,9999,Debit Card,Failed,2026-06-30
1619,1023,19999,Cash on Delivery,Failed,2021-12-04
1620,4853,19999,Wallet,Refunded,2023-03-03
1621,2028,1999,Wallet,Refunded,2020-05-17
1622,264,1499,Cash on Delivery,Refunded,2021-04-09
1623,802,1499,Cash on Delivery,Success,2020-07-17
1624,2644,499,Wallet,Failed,2021-03-15
1625,1441,1999,UPI,Success,2022-05-02
1626,3732,999,Net Banking,Success,2021-02-17
1627,1857,2999,UPI,Pending,2024-09-04
1628,1834,2999,Debit Card,Failed,2026-02-06
1629,1064,6999,Net Banking,Refunded,2020-11-27
1630,108,1999,Debit Card,Refunded,2020-11-22
1631,4993,499,Credit Card,Success,2023-11-22
1632,1345,19999,Wallet,Failed,2023-12-22
1633,2518,9999,Cash on Delivery,Success,2023-07-25
1634,955,14999,UPI,Pending,2022-06-21
1635,3142,1999,Net Banking,Pending,2022-12-13
1636,4781,499,Debit Card,Success,2023-10-07
1637,1797,9999,Wallet,Pending,2022-09-06
1638,2368,499,Cash on Delivery,Failed,2026-07-28
1639,2215,3999,Debit Card,Failed,2024-10-04
1640,706,2999,Credit Card,Refunded,2024-12-11
1641,4227,1499,Debit Card,Pending,2022-08-07
1642,456,2999,Credit Card,Refunded,2024-10-14
1643,1652,1999,Credit Card,Refunded,2020-10-11
1644,4000,999,Credit Card,Pending,2020-01-07
1645,828,14999,Cash on Delivery,Success,2024-11-19
1646,493,1499,Credit Card,Success,2022-01-13
1647,2802,1499,Net Banking,Success,2020-09-23
1648,2506,999,Credit Card,Success,2022-04-08
1649,642,499,Wallet,Failed,2024-05-11
1650,1473,499,Cash on Delivery,Failed,2022-02-09
1651,2933,19999,Net Banking,Failed,2023-08-09
1652,3316,19999,Debit Card,Success,2023-03-24
1653,4641,199,Credit Card,Failed,2026-03-07
1654,4896,3999,Debit Card,Success,2022-04-30
1655,931,3999,Cash on Delivery,Pending,2024-02-04
1656,3176,6999,Cash on Delivery,Failed,2023-06-28
1657,3622,9999,Credit Card,Failed,2020-06-21
1658,2603,199,UPI,Pending,2022-12-07
1659,199,3999,UPI,Success,2025-01-27
1660,2514,19999,Debit Card,Refunded,2026-03-03
1661,3713,14999,UPI,Success,2022-11-20
1662,998,999,Net Banking,Refunded,2021-06-07
1663,2515,14999,Cash on Delivery,Success,2024-08-11
1664,3677,499,Debit Card,Refunded,2024-10-29
1665,1972,199,UPI,Pending,2024-06-04
1666,3524,14999,UPI,Failed,2022-05-11
1667,791,6999,Credit Card,Failed,2023-01-13
1668,2746,3999,Debit Card,Refunded,2020-07-24
1669,3042,1999,Debit Card,Failed,2025-01-29
1670,163,9999,UPI,Success,2021-12-28
1671,4738,499,Cash on Delivery,Refunded,2022-03-07
1672,1066,19999,Cash on Delivery,Refunded,2024-02-02
1673,732,19999,Wallet,Failed,2022-12-16
1674,4611,14999,Debit Card,Success,2026-04-08
1675,368,2999,Cash on Delivery,Pending,2025-08-20
1676,825,499,Credit Card,Failed,2026-01-21
1677,3005,6999,Wallet,Failed,2022-05-20
1678,4187,14999,Net Banking,Failed,2026-06-08
1679,2324,9999,Debit Card,Refunded,2021-10-10
1680,1849,499,Net Banking,Pending,2021-08-21
1681,3584,199,UPI,Refunded,2022-12-10
1682,293,1499,Net Banking,Refunded,2025-01-27
1683,4543,199,Cash on Delivery,Success,2020-04-16
1684,1357,1499,Debit Card,Failed,2020-07-22
1685,559,19999,Net Banking,Pending,2025-07-20
1686,3431,6999,Debit Card,Success,2024-02-26
1687,2447,19999,Net Banking,Failed,2023-09-04
1688,3798,4999,Credit Card,Pending,2024-10-14
1689,4669,6999,Net Banking,Failed,2022-09-14
1690,3082,1499,Net Banking,Pending,2024-01-10
1691,1461,199,Net Banking,Success,2024-03-26
1692,342,3999,Cash on Delivery,Success,2023-05-15
1693,629,4999,UPI,Success,2026-05-20
1694,2180,499,UPI,Pending,2021-04-13
1695,918,1999,UPI,Refunded,2023-08-24
1696,3041,9999,Cash on Delivery,Success,2025-02-22
1697,2259,199,Cash on Delivery,Success,2024-10-28
1698,3797,2999,Debit Card,Failed,2025-01-21
1699,2744,3999,Wallet,Refunded,2025-03-31
1700,584,6999,UPI,Failed,2024-12-26
1701,1746,4999,Net Banking,Failed,2023-10-26
1702,1506,4999,Cash on Delivery,Refunded,2022-05-10
1703,4316,14999,UPI,Success,2021-03-20
1704,849,4999,Cash on Delivery,Refunded,2023-03-16
1705,1374,9999,Credit Card,Failed,2022-01-01
1706,1052,1999,Net Banking,Pending,2020-11-12
1707,4131,2999,Cash on Delivery,Failed,2022-04-23
1708,586,999,Wallet,Pending,2021-05-12
1709,2663,2999,Debit Card,Success,2026-02-05
1710,3193,999,Debit Card,Pending,2021-01-17
1711,795,999,UPI,Refunded,2020-07-25
1712,3032,9999,Credit Card,Pending,2022-04-14
1713,2105,199,Debit Card,Success,2025-07-23
1714,2734,1999,UPI,Failed,2020-01-22
1715,2240,9999,Cash on Delivery,Pending,2020-11-12
1716,4932,9999,Credit Card,Pending,2021-11-03
1717,280,4999,Debit Card,Refunded,2024-09-06
1718,2317,6999,UPI,Refunded,2025-09-14
1719,1925,199,Wallet,Failed,2024-07-22
1720,2027,1499,Credit Card,Failed,2021-06-05
1721,1759,999,Debit Card,Success,2021-01-04
1722,2566,999,UPI,Success,2020-06-12
1723,751,9999,Cash on Delivery,Success,2026-08-03
1724,1159,19999,Debit Card,Pending,2020-12-20
1725,2766,499,Wallet,Refunded,2022-06-05
1726,2727,499,Debit Card,Failed,2023-11-26
1727,1923,6999,Debit Card,Pending,2025-07-11
1728,85,1499,Debit Card,Refunded,2024-02-09
1729,2448,4999,Credit Card,Refunded,2020-10-29
1730,1832,19999,Cash on Delivery,Failed,2023-10-13
1731,3552,6999,Cash on Delivery,Failed,2022-02-16
1732,1522,1999,Wallet,Pending,2022-05-04
1733,2207,199,Debit Card,Failed,2025-10-16
1734,1261,1999,Debit Card,Failed,2022-09-11
1735,2804,6999,Cash on Delivery,Success,2024-03-25
1736,2520,19999,Cash on Delivery,Pending,2023-08-19
1737,714,19999,UPI,Failed,2025-04-02
1738,146,3999,UPI,Success,2021-06-06
1739,4639,4999,Net Banking,Pending,2026-05-02
1740,543,14999,Wallet,Refunded,2026-06-06
1741,4320,6999,Cash on Delivery,Refunded,2022-02-04
1742,3603,14999,UPI,Success,2025-10-23
1743,2617,1499,Credit Card,Failed,2022-01-23
1744,3361,499,Net Banking,Refunded,2022-05-05
1745,3303,1999,UPI,Refunded,2025-06-25
1746,649,1999,Cash on Delivery,Failed,2020-04-18
1747,1281,4999,Cash on Delivery,Refunded,2025-07-14
1748,1441,1499,Credit Card,Refunded,2023-01-02
1749,2426,999,Wallet,Pending,2022-08-06
1750,4708,9999,Wallet,Failed,2023-12-27
1751,115,499,Debit Card,Pending,2023-01-18
1752,1582,999,Debit Card,Failed,2023-06-11
1753,3255,499,Wallet,Pending,2026-02-22
1754,1582,2999,Debit Card,Failed,2025-02-08
1755,3860,499,Credit Card,Failed,2020-05-29
1756,137,9999,Credit Card,Refunded,2025-07-20
1757,277,199,Net Banking,Failed,2023-05-25
1758,1166,14999,UPI,Refunded,2024-02-01
1759,378,2999,Wallet,Refunded,2023-09-03
1760,1353,1999,Net Banking,Failed,2026-05-08
1761,110,3999,Wallet,Refunded,2022-03-23
1762,4152,14999,Cash on Delivery,Failed,2021-11-21
1763,999,1999,Cash on Delivery,Pending,2024-12-30
1764,4703,2999,Net Banking,Pending,2023-05-02
1765,930,1999,Credit Card,Pending,2021-09-14
1766,1516,199,Net Banking,Success,2020-06-29
1767,3116,9999,Wallet,Failed,2021-03-19
1768,4824,4999,Credit Card,Success,2022-07-19
1769,1219,2999,Wallet,Pending,2021-11-16
1770,4567,4999,Net Banking,Failed,2023-02-28
1771,2171,199,Cash on Delivery,Refunded,2023-12-26
1772,4234,9999,Net Banking,Refunded,2022-12-09
1773,2570,14999,Cash on Delivery,Success,2021-06-19
1774,4792,2999,UPI,Refunded,2023-06-28
1775,4230,2999,Credit Card,Pending,2022-03-28
1776,2770,1499,Debit Card,Failed,2025-04-16
1777,1373,1999,Debit Card,Pending,2024-02-11
1778,788,19999,Wallet,Pending,2026-04-21
1779,34,1499,Credit Card,Pending,2022-04-19
1780,2722,199,Debit Card,Success,2023-03-10
1781,3305,4999,Credit Card,Pending,2020-10-16
1782,1469,9999,Net Banking,Failed,2023-02-25
1783,3596,19999,UPI,Pending,2025-08-04
1784,691,199,Net Banking,Failed,2021-10-10
1785,155,199,Net Banking,Pending,2021-04-21
1786,4493,19999,Debit Card,Success,2021-02-27
1787,4733,19999,UPI,Pending,2024-04-12
1788,1077,9999,UPI,Failed,2023-05-24
1789,1050,1999,Credit Card,Failed,2020-08-22
1790,2417,19999,Cash on Delivery,Pending,2025-07-27
1791,3980,2999,Debit Card,Failed,2025-05-02
1792,2872,499,UPI,Pending,2021-06-22
1793,391,199,Credit Card,Failed,2022-04-02
1794,18,2999,Net Banking,Success,2025-10-19
1795,358,1499,Cash on Delivery,Success,2021-06-21
1796,3330,4999,UPI,Pending,2021-07-15
1797,886,9999,Credit Card,Refunded,2020-12-18
1798,424,199,UPI,Failed,2020-07-17
1799,1136,19999,Net Banking,Success,2024-03-31
1800,2339,14999,UPI,Success,2022-11-16
1801,3183,14999,Wallet,Refunded,2021-02-08
1802,1912,6999,Wallet,Failed,2025-03-28
1803,3637,1999,Debit Card,Failed,2023-12-01
1804,4148,4999,UPI,Success,2022-01-11
1805,2657,499,Wallet,Success,2022-02-19
1806,2498,19999,Debit Card,Success,2025-05-06
1807,827,199,UPI,Refunded,2023-11-15
1808,2209,19999,Debit Card,Success,2025-06-14
1809,4346,2999,Debit Card,Pending,2023-02-13
1810,3745,2999,Credit Card,Pending,2025-12-02
1811,4479,2999,Cash on Delivery,Refunded,2025-07-25
1812,4736,1499,Net Banking,Failed,2024-02-09
1813,689,19999,Net Banking,Failed,2021-03-16
1814,2752,6999,Credit Card,Failed,2021-03-03
1815,3068,1999,Cash on Delivery,Refunded,2024-07-26
1816,2128,999,Debit Card,Pending,2024-01-17
1817,3077,14999,Debit Card,Failed,2020-06-07
1818,4408,9999,Credit Card,Refunded,2025-03-22
1819,3201,4999,Wallet,Pending,2021-10-20
1820,1365,4999,UPI,Success,2022-12-28
1821,4875,499,UPI,Failed,2020-09-30
1822,4144,3999,Cash on Delivery,Refunded,2025-08-14
1823,1619,499,Wallet,Failed,2020-12-04
1824,3282,19999,Credit Card,Success,2024-09-26
1825,321,14999,Debit Card,Pending,2022-07-23
1826,3555,999,Wallet,Failed,2021-02-28
1827,4453,199,UPI,Pending,2025-03-24
1828,4281,4999,Wallet,Refunded,2024-04-22
1829,2394,14999,Net Banking,Pending,2021-01-14
1830,3662,9999,Credit Card,Failed,2024-05-27
1831,1930,199,Cash on Delivery,Success,2023-06-04
1832,1261,19999,UPI,Refunded,2026-06-03
1833,3464,2999,Net Banking,Pending,2020-11-04
1834,3084,6999,Net Banking,Pending,2023-12-07
1835,3573,999,UPI,Failed,2021-10-13
1836,3701,3999,UPI,Failed,2020-08-09
1837,3941,499,UPI,Pending,2020-01-28
1838,729,1499,Cash on Delivery,Pending,2022-08-19
1839,787,6999,Cash on Delivery,Success,2024-04-15
1840,4275,1999,UPI,Pending,2025-02-01
1841,4963,19999,Cash on Delivery,Success,2020-03-09
1842,1642,14999,Wallet,Success,2021-04-24
1843,1973,19999,Debit Card,Failed,2020-11-04
1844,1472,1499,UPI,Refunded,2026-04-25
1845,4184,9999,Net Banking,Failed,2023-07-06
1846,296,4999,Cash on Delivery,Pending,2026-04-27
1847,562,3999,Credit Card,Pending,2022-02-20
1848,1944,6999,Credit Card,Pending,2026-03-12
1849,1706,9999,Debit Card,Pending,2020-05-25
1850,4086,199,UPI,Refunded,2025-02-02
1851,4558,6999,Debit Card,Success,2021-09-24
1852,923,999,Debit Card,Pending,2023-12-28
1853,5,499,Cash on Delivery,Failed,2021-04-17
1854,927,2999,Wallet,Pending,2022-01-08
1855,4721,4999,Wallet,Pending,2020-11-24
1856,2558,1999,UPI,Refunded,2021-02-25
1857,4281,19999,Credit Card,Success,2021-12-25
1858,1671,14999,Credit Card,Refunded,2023-08-13
1859,920,3999,Cash on Delivery,Refunded,2023-10-14
1860,3070,14999,UPI,Success,2021-07-10
1861,4258,999,Cash on Delivery,Refunded,2024-02-14
1862,1884,4999,Debit Card,Failed,2024-12-22
1863,2055,9999,Debit Card,Refunded,2022-01-07
1864,2018,999,Debit Card,Pending,2026-04-07
1865,915,6999,UPI,Pending,2026-01-30
1866,1370,1499,Wallet,Refunded,2020-08-17
1867,4780,2999,Net Banking,Refunded,2023-06-08
1868,4710,4999,Net Banking,Failed,2022-12-07
1869,2275,2999,Cash on Delivery,Failed,2023-09-08
1870,669,14999,UPI,Failed,2023-06-16
1871,1620,1999,Credit Card,Pending,2023-03-15
1872,1248,14999,Debit Card,Refunded,2023-01-07
1873,2447,4999,Net Banking,Pending,2023-11-21
1874,4414,4999,Wallet,Pending,2020-02-06
1875,547,3999,Credit Card,Pending,2025-03-05
1876,3049,9999,Debit Card,Failed,2023-04-11
1877,2352,6999,UPI,Refunded,2020-04-25
1878,955,499,UPI,Failed,2020-10-03
1879,2702,999,UPI,Failed,2022-06-19
1880,1946,199,Debit Card,Failed,2020-07-28
1881,3608,999,Net Banking,Pending,2026-01-04
1882,4380,9999,Net Banking,Refunded,2023-10-10
1883,3846,6999,Credit Card,Pending,2020-09-02
1884,3232,14999,Net Banking,Failed,2020-02-23
1885,2450,199,Cash on Delivery,Refunded,2021-09-19
1886,2038,19999,Cash on Delivery,Pending,2022-06-04
1887,1574,9999,UPI,Failed,2023-04-12
1888,1690,2999,UPI,Failed,2022-09-19
1889,4695,9999,Net Banking,Pending,2021-01-05
1890,3627,9999,Net Banking,Failed,2023-03-29
1891,1673,19999,Cash on Delivery,Failed,2021-07-30
1892,3716,3999,Credit Card,Pending,2022-02-06
1893,2925,499,Net Banking,Success,2023-08-07
1894,905,14999,Net Banking,Refunded,2023-08-11
1895,2438,2999,Cash on Delivery,Pending,2024-02-11
1896,3659,2999,UPI,Pending,2021-06-13
1897,881,1499,Cash on Delivery,Failed,2025-07-27
1898,3377,6999,Wallet,Pending,2025-10-19
1899,344,1999,Net Banking,Success,2023-09-09
1900,314,14999,Wallet,Pending,2022-06-05
1901,2500,14999,Credit Card,Success,2024-08-22
1902,2695,14999,UPI,Failed,2020-05-23
1903,3622,19999,Net Banking,Success,2022-08-17
1904,421,1999,Debit Card,Refunded,2021-08-04
1905,1931,19999,Net Banking,Pending,2021-10-23
1906,3127,6999,Credit Card,Pending,2023-04-16
1907,4155,3999,UPI,Pending,2024-04-05
1908,316,999,Cash on Delivery,Failed,2024-11-25
1909,847,4999,Debit Card,Success,2020-11-13
1910,2910,1499,Credit Card,Pending,2024-04-18
1911,3447,999,UPI,Pending,2022-12-05
1912,126,1999,Cash on Delivery,Failed,2026-07-05
1913,4343,199,Net Banking,Refunded,2020-10-06
1914,4013,199,Net Banking,Failed,2024-04-24
1915,353,999,Net Banking,Success,2021-11-12
1916,1321,3999,Cash on Delivery,Failed,2020-05-01
1917,4202,1999,Wallet,Failed,2022-02-23
1918,1450,499,Credit Card,Failed,2020-05-29
1919,3307,1999,Credit Card,Failed,2022-02-07
1920,1874,1999,Cash on Delivery,Success,2023-02-22
1921,4484,999,Net Banking,Success,2022-12-02
1922,2206,4999,Net Banking,Success,2024-04-06
1923,88,1499,Cash on Delivery,Success,2024-04-01
1924,2059,4999,Credit Card,Refunded,2020-08-20
1925,3334,2999,Net Banking,Success,2024-06-03
1926,2250,2999,Net Banking,Failed,2025-08-09
1927,11,2999,Cash on Delivery,Pending,2023-10-19
1928,1671,9999,Cash on Delivery,Success,2021-03-19
1929,3082,999,Net Banking,Success,2025-09-12
1930,1568,499,Net Banking,Failed,2020-09-20
1931,3990,19999,Cash on Delivery,Success,2024-04-08
1932,4257,3999,UPI,Success,2026-02-20
1933,1784,499,Cash on Delivery,Pending,2021-08-10
1934,1501,999,Credit Card,Pending,2026-01-11
1935,1938,499,Wallet,Refunded,2024-02-15
1936,243,3999,Debit Card,Success,2025-01-02
1937,4029,4999,Wallet,Failed,2023-09-27
1938,3152,1999,Wallet,Pending,2022-10-24
1939,3245,4999,Cash on Delivery,Failed,2023-07-28
1940,1072,14999,Debit Card,Pending,2023-02-06
1941,1906,1999,Wallet,Failed,2024-10-26
1942,3832,4999,Cash on Delivery,Refunded,2024-04-09
1943,4131,1499,Cash on Delivery,Failed,2022-03-03
1944,2064,499,Debit Card,Success,2021-02-06
1945,2905,14999,Net Banking,Success,2026-03-31
1946,3377,3999,Debit Card,Failed,2025-01-16
1947,4481,4999,Net Banking,Success,2022-01-16
1948,4542,3999,Credit Card,Failed,2020-07-04
1949,3602,1999,Cash on Delivery,Refunded,2023-12-03
1950,2149,2999,Cash on Delivery,Pending,2021-12-02
1951,360,4999,UPI,Refunded,2020-02-11
1952,2089,4999,UPI,Refunded,2020-08-11
1953,1583,9999,Credit Card,Success,2021-06-10
1954,4181,199,Wallet,Success,2021-02-17
1955,2124,999,Debit Card,Failed,2020-10-24
1956,4734,2999,UPI,Pending,2023-07-13
1957,2890,2999,UPI,Refunded,2024-06-17
1958,1543,1499,Wallet,Failed,2021-03-17
1959,465,4999,Credit Card,Success,2024-03-20
1960,192,999,Credit Card,Refunded,2023-08-14
1961,201,1499,Net Banking,Success,2023-02-12
1962,2472,199,Credit Card,Refunded,2026-05-14
1963,1763,14999,Cash on Delivery,Failed,2025-12-11
1964,2276,199,Credit Card,Pending,2024-03-21
1965,308,6999,Debit Card,Refunded,2021-11-10
1966,2594,6999,Debit Card,Pending,2022-09-07
1967,1312,4999,Net Banking,Pending,2023-10-07
1968,868,9999,Net Banking,Success,2020-04-05
1969,3848,199,Debit Card,Success,2023-12-07
1970,3478,199,Wallet,Pending,2022-05-29
1971,577,999,Wallet,Success,2022-02-26
1972,2270,3999,UPI,Refunded,2022-09-25
1973,221,1499,Debit Card,Success,2024-04-05
1974,2329,2999,UPI,Success,2023-04-10
1975,687,9999,Cash on Delivery,Success,2026-01-05
1976,4839,14999,Debit Card,Refunded,2021-12-04
1977,1267,2999,Cash on Delivery,Success,2026-06-02
1978,4807,14999,Cash on Delivery,Refunded,2026-06-20
1979,2869,999,Credit Card,Success,2024-04-29
1980,1692,199,Wallet,Failed,2026-03-13
1981,85,499,UPI,Success,2023-03-01
1982,2269,199,Net Banking,Pending,2020-11-01
1983,1404,6999,Credit Card,Failed,2023-09-23
1984,4258,3999,UPI,Failed,2021-06-03
1985,4318,199,Wallet,Success,2020-05-21
1986,3830,4999,Debit Card,Refunded,2022-06-26
1987,2034,19999,Debit Card,Pending,2021-01-20
1988,2599,19999,Net Banking,Refunded,2023-12-05
1989,2412,2999,Wallet,Pending,2020-08-09
1990,4620,14999,Cash on Delivery,Success,2023-09-27
1991,3541,499,Cash on Delivery,Success,2020-08-17
1992,4085,199,Cash on Delivery,Failed,2026-08-09
1993,4861,199,Cash on Delivery,Refunded,2020-08-31
1994,653,999,Credit Card,Failed,2026-04-08
1995,83,4999,Credit Card,Failed,2025-08-31
1996,351,9999,Debit Card,Pending,2024-03-06
1997,4410,1999,Debit Card,Success,2024-08-17
1998,1729,14999,UPI,Failed,2020-06-17
1999,2793,499,Wallet,Failed,2025-09-08
2000,1465,999,Credit Card,Failed,2025-08-01
2001,1492,499,Debit Card,Refunded,2023-10-20
2002,3630,3999,UPI,Refunded,2021-07-15
2003,1887,3999,Credit Card,Success,2022-07-21
2004,1279,9999,UPI,Success,2021-05-02
2005,872,2999,Credit Card,Pending,2022-05-20
2006,3722,499,Net Banking,Success,2022-09-21
2007,2799,9999,Credit Card,Pending,2021-03-10
2008,2456,4999,Net Banking,Success,2020-08-17
2009,4989,499,Net Banking,Refunded,2024-10-07
2010,502,14999,Net Banking,Failed,2020-08-25
2011,4503,1999,Wallet,Pending,2026-03-26
2012,608,499,UPI,Pending,2024-10-10
2013,1984,1999,Credit Card,Pending,2020-02-26
2014,2968,1499,Cash on Delivery,Failed,2024-02-23
2015,2230,999,Net Banking,Refunded,2024-03-24
2016,1551,1999,Cash on Delivery,Failed,2024-08-04
2017,2728,9999,Credit Card,Success,2026-07-27
2018,1411,14999,Debit Card,Refunded,2024-04-06
2019,547,4999,Debit Card,Success,2024-11-10
2020,2236,199,UPI,Failed,2020-09-18
2021,3198,19999,Debit Card,Refunded,2023-11-07
2022,2194,499,Debit Card,Failed,2021-03-20
2023,695,1499,Net Banking,Pending,2025-03-05
2024,4806,14999,Credit Card,Failed,2023-04-22
2025,1330,999,Credit Card,Failed,2021-10-09
2026,2939,9999,Wallet,Failed,2021-02-16
2027,2826,4999,Wallet,Refunded,2020-03-14
2028,1876,1499,Cash on Delivery,Pending,2021-08-04
2029,1455,6999,Cash on Delivery,Refunded,2021-03-10
2030,3284,499,Credit Card,Failed,2021-03-07
2031,3641,19999,UPI,Failed,2025-09-29
2032,3410,4999,Cash on Delivery,Failed,2020-02-08
2033,500,3999,Cash on Delivery,Pending,2024-02-22
2034,2926,499,Debit Card,Success,2021-06-01
2035,389,19999,Net Banking,Pending,2023-11-12
2036,846,999,Credit Card,Success,2020-11-14
2037,4916,3999,Cash on Delivery,Failed,2024-06-02
2038,117,2999,Credit Card,Failed,2020-06-16
2039,1950,2999,Net Banking,Failed,2023-12-16
2040,1286,3999,Credit Card,Refunded,2020-10-02
2041,3053,999,Credit Card,Failed,2025-03-22
2042,98,1499,Net Banking,Pending,2025-02-20
2043,4520,19999,UPI,Failed,2021-11-25
2044,4380,6999,UPI,Success,2023-09-19
2045,4959,199,Credit Card,Failed,2024-01-19
2046,2250,4999,Credit Card,Pending,2020-09-12
2047,3203,9999,Wallet,Failed,2023-03-14
2048,378,3999,Cash on Delivery,Refunded,2020-08-22
2049,3864,2999,Cash on Delivery,Success,2026-02-19
2050,3260,199,Credit Card,Pending,2025-02-06
2051,4898,4999,Wallet,Success,2023-02-20
2052,3202,4999,Cash on Delivery,Failed,2025-03-15
2053,3806,9999,Cash on Delivery,Success,2026-04-25
2054,886,9999,Net Banking,Success,2020-09-22
2055,932,499,UPI,Success,2021-11-21
2056,1773,499,Credit Card,Failed,2021-07-07
2057,332,3999,Net Banking,Success,2022-10-14
2058,4925,1499,Net Banking,Failed,2023-10-30
2059,2576,4999,Credit Card,Success,2023-08-01
2060,4722,1999,Wallet,Success,2020-10-17
2061,1340,19999,Cash on Delivery,Pending,2026-04-28
2062,3132,4999,Wallet,Success,2021-05-04
2063,4637,19999,UPI,Refunded,2022-04-08
2064,1596,199,Wallet,Pending,2024-10-12
2065,1099,499,Wallet,Failed,2024-05-09
2066,4794,499,Cash on Delivery,Refunded,2020-05-07
2067,2186,199,Cash on Delivery,Refunded,2022-03-06
2068,2088,499,Wallet,Pending,2025-09-14
2069,4621,14999,UPI,Success,2026-06-18
2070,1572,199,Cash on Delivery,Pending,2024-06-30
2071,419,4999,UPI,Failed,2025-01-18
2072,3190,3999,Credit Card,Failed,2026-01-14
2073,3121,499,Net Banking,Refunded,2022-07-26
2074,3335,1999,Credit Card,Refunded,2026-03-03
2075,1537,199,Credit Card,Pending,2025-09-04
2076,2054,19999,Credit Card,Pending,2024-03-22
2077,1949,4999,Cash on Delivery,Pending,2020-02-02
2078,656,19999,Wallet,Success,2026-07-10
2079,2025,1499,Credit Card,Failed,2026-08-01
2080,411,1999,Wallet,Pending,2024-11-09
2081,4774,2999,Cash on Delivery,Refunded,2024-05-15
2082,2365,9999,Debit Card,Pending,2022-02-24
2083,2294,999,Cash on Delivery,Failed,2025-07-19
2084,158,9999,Debit Card,Refunded,2020-04-19
2085,4850,999,Cash on Delivery,Pending,2024-01-14
2086,2090,999,UPI,Failed,2020-11-08
2087,1158,3999,Debit Card,Failed,2020-03-20
2088,382,199,Wallet,Refunded,2025-01-15
2089,1046,3999,UPI,Pending,2021-11-25
2090,2645,199,Credit Card,Refunded,2023-09-11
2091,3835,3999,Debit Card,Failed,2020-03-10
2092,612,1999,Wallet,Success,2025-02-14
2093,1878,2999,UPI,Pending,2021-09-26
2094,4872,9999,Debit Card,Refunded,2023-06-05
2095,3750,2999,Wallet,Refunded,2025-05-06
2096,2239,1499,Wallet,Pending,2020-06-06
2097,663,2999,Wallet,Failed,2022-03-16
2098,1974,199,Net Banking,Pending,2022-03-31
2099,268,19999,UPI,Refunded,2022-11-03
2100,4266,3999,Net Banking,Success,2022-03-15
2101,2484,199,Net Banking,Pending,2023-06-27
2102,1392,499,Cash on Delivery,Refunded,2021-09-07
2103,352,14999,Debit Card,Failed,2025-07-12
2104,3453,199,UPI,Success,2024-08-12
2105,4970,1999,UPI,Success,2026-02-28
2106,2889,999,Credit Card,Success,2026-06-01
2107,4651,6999,Cash on Delivery,Success,2021-07-30
2108,1536,3999,Credit Card,Success,2020-10-27
2109,2640,4999,Wallet,Pending,2024-05-13
2110,3073,199,Debit Card,Refunded,2026-02-02
2111,3050,499,Cash on Delivery,Success,2020-01-24
2112,3925,14999,Cash on Delivery,Success,2020-05-07
2113,1176,6999,Wallet,Failed,2024-06-07
2114,1262,1499,UPI,Pending,2022-02-10
2115,1495,19999,UPI,Failed,2025-11-21
2116,1746,14999,Wallet,Refunded,2023-08-14
2117,3104,6999,Cash on Delivery,Pending,2026-02-22
2118,3214,1499,Debit Card,Success,2021-12-13
2119,4448,199,Wallet,Failed,2026-05-10
2120,1667,1999,Credit Card,Refunded,2025-06-29
2121,2283,4999,Credit Card,Pending,2023-04-15
2122,3106,199,Wallet,Refunded,2021-12-30
2123,4047,1499,Wallet,Pending,2020-11-28
2124,1687,14999,UPI,Pending,2020-09-26
2125,4640,499,UPI,Refunded,2023-08-15
2126,550,2999,Cash on Delivery,Failed,2022-02-10
2127,4417,4999,Wallet,Failed,2021-06-11
2128,3032,1499,Debit Card,Failed,2022-05-26
2129,3455,1499,Debit Card,Success,2023-08-24
2130,426,2999,UPI,Failed,2022-07-19
2131,4852,1999,Debit Card,Success,2023-02-27
2132,3725,199,Wallet,Failed,2021-11-12
2133,4711,1999,Debit Card,Success,2023-05-14
2134,453,9999,Credit Card,Refunded,2023-02-24
2135,4816,6999,Credit Card,Pending,2024-06-10
2136,1328,2999,Debit Card,Refunded,2020-07-31
2137,4971,499,Wallet,Pending,2020-05-03
2138,4761,1499,Net Banking,Pending,2020-09-12
2139,2022,499,Credit Card,Failed,2023-03-14
2140,474,19999,Cash on Delivery,Failed,2023-02-14
2141,4470,3999,UPI,Refunded,2025-03-03
2142,3803,6999,Net Banking,Success,2023-10-23
2143,3605,2999,UPI,Success,2024-02-29
2144,633,1499,Cash on Delivery,Success,2024-08-02
2145,3482,999,Wallet,Failed,2025-01-01
2146,2514,3999,Net Banking,Refunded,2023-05-21
2147,1570,6999,UPI,Refunded,2022-03-17
2148,3980,499,Net Banking,Pending,2024-11-29
2149,1938,3999,Wallet,Failed,2021-01-14
2150,1362,4999,Cash on Delivery,Failed,2025-01-27
2151,4930,4999,Debit Card,Pending,2021-02-25
2152,4420,19999,Net Banking,Success,2025-10-23
2153,4194,19999,Net Banking,Success,2020-07-02
2154,3963,199,Debit Card,Pending,2020-06-06
2155,1700,14999,Wallet,Pending,2022-01-08
2156,4835,499,Debit Card,Refunded,2025-12-16
2157,2227,1499,Cash on Delivery,Pending,2020-02-13
2158,1892,9999,UPI,Success,2025-10-29
2159,3928,1499,Credit Card,Refunded,2024-10-02
2160,2936,1499,UPI,Refunded,2021-01-26
2161,4940,1499,Debit Card,Success,2021-07-20
2162,4835,19999,Debit Card,Refunded,2022-02-20
2163,1768,6999,Cash on Delivery,Refunded,2020-11-18
2164,1194,14999,Credit Card,Pending,2020-09-21
2165,1340,14999,Cash on Delivery,Failed,2020-01-16
2166,3210,1499,Debit Card,Pending,2024-04-18
2167,1196,1999,Wallet,Pending,2022-01-21
2168,801,999,Debit Card,Refunded,2021-08-28
2169,1548,3999,Cash on Delivery,Pending,2023-09-25
2170,4235,199,Debit Card,Pending,2022-11-26
2171,1757,4999,Cash on Delivery,Refunded,2023-05-19
2172,2882,2999,Net Banking,Refunded,2020-05-29
2173,2893,1499,Cash on Delivery,Success,2020-01-29
2174,4272,9999,Net Banking,Pending,2026-02-28
2175,4201,199,Wallet,Failed,2021-11-05
2176,1352,499,Credit Card,Pending,2023-12-17
2177,4972,199,Debit Card,Pending,2024-01-16
2178,2916,9999,Cash on Delivery,Success,2026-02-08
2179,989,999,Cash on Delivery,Refunded,2023-06-17
2180,2077,1499,Net Banking,Success,2020-02-02
2181,2771,6999,Cash on Delivery,Refunded,2021-07-11
2182,1359,499,Debit Card,Success,2023-03-18
2183,3872,3999,Wallet,Success,2023-04-25
2184,4728,1999,Cash on Delivery,Refunded,2025-05-01
2185,3992,9999,Wallet,Success,2026-05-08
2186,2056,3999,Debit Card,Failed,2023-12-08
2187,504,4999,Cash on Delivery,Success,2025-08-31
2188,3864,2999,Credit Card,Pending,2021-05-25
2189,3084,199,Cash on Delivery,Failed,2021-02-13
2190,204,19999,Debit Card,Failed,2024-10-04
2191,4226,3999,UPI,Success,2020-03-17
2192,757,6999,Wallet,Success,2023-12-03
2193,17,499,UPI,Success,2026-03-11
2194,1934,4999,Net Banking,Refunded,2022-06-12
2195,1192,199,Wallet,Pending,2023-11-30
2196,3850,19999,UPI,Success,2026-03-25
2197,1254,499,Cash on Delivery,Refunded,2026-04-18
2198,2397,1499,Net Banking,Pending,2023-04-29
2199,1386,999,Wallet,Refunded,2020-05-14
2200,3861,2999,Wallet,Success,2025-03-27
2201,1505,9999,Cash on Delivery,Success,2020-04-11
2202,176,2999,Cash on Delivery,Refunded,2026-07-05
2203,2806,9999,UPI,Failed,2020-12-13
2204,4899,1499,Net Banking,Failed,2024-10-09
2205,2716,1499,Credit Card,Success,2022-04-20
2206,4089,999,UPI,Success,2020-07-17
2207,25,499,UPI,Pending,2023-06-29
2208,612,14999,Net Banking,Pending,2023-05-27
2209,2615,9999,Net Banking,Success,2024-04-09
2210,4049,19999,Net Banking,Success,2023-03-26
2211,2219,14999,Credit Card,Pending,2025-07-02
2212,705,1999,Wallet,Refunded,2026-06-07
2213,2101,9999,Cash on Delivery,Failed,2020-06-25
2214,4626,19999,Net Banking,Refunded,2025-11-09
2215,4421,499,Debit Card,Success,2020-03-01
2216,2139,14999,Debit Card,Pending,2021-11-28
2217,893,999,Cash on Delivery,Pending,2025-11-01
2218,1976,19999,Debit Card,Refunded,2020-07-27
2219,4162,499,Credit Card,Success,2022-09-02
2220,1537,9999,Net Banking,Refunded,2022-01-17
2221,3010,3999,UPI,Success,2024-08-30
2222,4016,14999,Wallet,Success,2021-10-17
2223,4149,1499,Cash on Delivery,Failed,2023-06-21
2224,2833,1499,Cash on Delivery,Pending,2026-05-11
2225,1579,6999,UPI,Success,2023-02-28
2226,2110,4999,Wallet,Refunded,2022-04-15
2227,978,2999,Cash on Delivery,Pending,2022-04-01
2228,595,19999,Cash on Delivery,Pending,2023-12-15
2229,2341,9999,Net Banking,Refunded,2025-01-13
2230,608,999,Credit Card,Failed,2021-12-13
2231,2741,3999,Wallet,Refunded,2020-01-30
2232,2044,3999,Debit Card,Refunded,2023-04-16
2233,2055,999,Credit Card,Refunded,2025-09-27
2234,1112,2999,Wallet,Refunded,2022-07-20
2235,4933,1999,Debit Card,Refunded,2021-05-31
2236,2680,9999,Net Banking,Failed,2022-03-04
2237,260,1999,Net Banking,Failed,2022-06-24
2238,3894,999,Wallet,Pending,2025-03-14
2239,1240,3999,Wallet,Refunded,2021-08-30
2240,404,14999,UPI,Refunded,2025-11-18
2241,4821,6999,Credit Card,Pending,2025-06-12
2242,1288,14999,Cash on Delivery,Refunded,2022-04-18
2243,3444,499,Net Banking,Pending,2021-05-11
2244,4153,9999,Credit Card,Pending,2021-07-11
2245,3116,199,Credit Card,Success,2023-04-11
2246,4371,4999,UPI,Failed,2021-11-07
2247,226,3999,Cash on Delivery,Success,2026-02-06
2248,1802,499,Debit Card,Pending,2020-09-01
2249,2583,14999,Cash on Delivery,Failed,2023-12-28
2250,4016,4999,Debit Card,Success,2025-08-01
2251,4190,1999,Net Banking,Failed,2023-12-15
2252,1067,3999,Cash on Delivery,Success,2023-02-06
2253,3039,14999,Net Banking,Pending,2020-01-23
2254,879,499,UPI,Pending,2023-10-16
2255,3966,1499,Cash on Delivery,Success,2022-03-16
2256,132,3999,Net Banking,Pending,2022-11-14
2257,314,2999,Debit Card,Pending,2020-09-05
2258,3310,3999,Wallet,Failed,2021-03-07
2259,3245,14999,Debit Card,Pending,2025-05-04
2260,2305,199,Cash on Delivery,Refunded,2025-03-17
2261,1982,999,UPI,Failed,2023-04-28
2262,1743,499,Wallet,Refunded,2021-03-16
2263,4258,499,Credit Card,Pending,2020-10-19
2264,3576,3999,Wallet,Success,2025-06-21
2265,3946,999,UPI,Success,2023-10-11
2266,4177,999,Cash on Delivery,Pending,2024-09-14
2267,259,1999,Debit Card,Pending,2020-02-24
2268,2406,14999,Wallet,Pending,2021-01-31
2269,423,3999,Cash on Delivery,Refunded,2025-09-30
2270,3690,3999,Debit Card,Success,2020-10-30
2271,4758,1499,Debit Card,Refunded,2024-06-23
2272,3029,2999,Credit Card,Success,2024-03-26
2273,911,3999,Credit Card,Failed,2022-09-19
2274,2281,199,Credit Card,Pending,2025-06-08
2275,1686,14999,Cash on Delivery,Pending,2021-06-01
2276,3321,499,Cash on Delivery,Pending,2025-06-22
2277,2506,1499,Debit Card,Failed,2021-08-05
2278,4801,999,Credit Card,Success,2024-12-08
2279,2978,3999,Debit Card,Refunded,2025-07-01
2280,2968,999,Debit Card,Success,2025-03-25
2281,2364,4999,Debit Card,Failed,2025-12-14
2282,3985,1499,Cash on Delivery,Failed,2022-10-26
2283,3748,2999,UPI,Pending,2023-01-01
2284,239,2999,Cash on Delivery,Pending,2020-07-26
2285,3829,1499,Credit Card,Failed,2023-11-05
2286,3449,999,UPI,Refunded,2024-11-02
2287,4193,999,Net Banking,Pending,2021-02-12
2288,2984,1499,Cash on Delivery,Refunded,2026-02-24
2289,2473,4999,Wallet,Pending,2022-10-22
2290,1623,499,Cash on Delivery,Refunded,2023-11-08
2291,1779,199,UPI,Refunded,2021-08-20
2292,226,9999,Wallet,Success,2023-08-13
2293,928,9999,Net Banking,Pending,2026-05-17
2294,2863,14999,Wallet,Success,2024-12-05
2295,165,19999,Credit Card,Success,2024-03-09
2296,3263,4999,Cash on Delivery,Pending,2023-08-07
2297,3934,14999,Credit Card,Failed,2026-02-15
2298,3085,999,UPI,Success,2020-09-23
2299,1466,6999,Cash on Delivery,Pending,2024-01-03
2300,4836,199,Wallet,Refunded,2020-04-24
2301,2532,1499,UPI,Pending,2020-11-14
2302,4897,9999,UPI,Failed,2020-12-04
2303,734,19999,Credit Card,Refunded,2021-05-17
2304,269,499,Debit Card,Success,2026-05-01
2305,4528,499,Wallet,Success,2024-10-25
2306,2936,999,Wallet,Failed,2021-07-15
2307,4475,9999,Credit Card,Refunded,2021-01-01
2308,2472,1999,Cash on Delivery,Refunded,2022-10-10
2309,4657,199,Net Banking,Refunded,2026-04-05
2310,2364,6999,Cash on Delivery,Pending,2020-03-18
2311,391,1499,Net Banking,Refunded,2021-07-19
2312,637,19999,Net Banking,Refunded,2026-01-01
2313,3098,19999,Debit Card,Success,2024-09-03
2314,458,499,Net Banking,Pending,2020-06-04
2315,3149,19999,Wallet,Success,2023-04-15
2316,1406,3999,Wallet,Pending,2021-03-29
2317,2491,19999,Cash on Delivery,Success,2024-12-05
2318,122,9999,UPI,Pending,2021-04-14
2319,3298,14999,Net Banking,Pending,2020-10-17
2320,110,1499,Debit Card,Refunded,2021-10-05
2321,539,999,Debit Card,Failed,2024-06-17
2322,845,999,Wallet,Failed,2024-09-30
2323,4665,199,Debit Card,Pending,2024-02-18
2324,3507,6999,Cash on Delivery,Refunded,2021-10-03
2325,257,19999,Net Banking,Refunded,2024-08-31
2326,4203,1499,Credit Card,Failed,2022-05-13
2327,184,199,Wallet,Refunded,2024-12-23
2328,2858,199,Cash on Delivery,Pending,2025-02-21
2329,2644,199,Wallet,Refunded,2021-04-01
2330,561,3999,Credit Card,Pending,2021-06-27
2331,4483,14999,Credit Card,Failed,2024-11-09
2332,294,2999,Debit Card,Refunded,2024-05-08
2333,1435,499,UPI,Pending,2020-03-02
2334,2686,1999,Credit Card,Refunded,2022-07-13
2335,121,499,Cash on Delivery,Success,2021-10-22
2336,2865,999,Debit Card,Failed,2026-05-08
2337,1888,3999,Net Banking,Success,2023-12-31
2338,1718,1499,Debit Card,Pending,2021-05-12
2339,1265,14999,Net Banking,Success,2020-04-28
2340,2306,999,Wallet,Pending,2021-08-31
2341,583,499,Wallet,Refunded,2025-11-11
2342,334,499,Cash on Delivery,Success,2026-03-04
2343,147,19999,Credit Card,Pending,2024-03-25
2344,3584,1499,Credit Card,Pending,2023-09-30
2345,1331,3999,UPI,Refunded,2020-09-02
2346,1674,3999,Net Banking,Success,2021-10-06
2347,1313,19999,Credit Card,Success,2022-11-07
2348,3396,9999,Debit Card,Failed,2023-11-17
2349,4857,999,Wallet,Failed,2020-10-02
2350,673,19999,UPI,Success,2021-01-21
2351,3584,9999,Wallet,Failed,2020-11-08
2352,4195,9999,Debit Card,Failed,2020-04-04
2353,3507,14999,Cash on Delivery,Refunded,2025-10-21
2354,3668,1999,Wallet,Failed,2024-01-03
2355,3466,199,Net Banking,Pending,2022-09-28
2356,1107,9999,Net Banking,Refunded,2020-05-14
2357,2461,3999,UPI,Success,2022-05-19
2358,4176,6999,Debit Card,Pending,2026-05-31
2359,2038,9999,Credit Card,Success,2025-08-31
2360,2858,3999,Net Banking,Refunded,2026-01-27
2361,1466,999,Credit Card,Refunded,2021-07-28
2362,1978,4999,Net Banking,Pending,2023-11-23
2363,3338,2999,Cash on Delivery,Pending,2021-07-16
2364,807,3999,Credit Card,Success,2025-07-03
2365,2486,9999,Net Banking,Success,2021-01-23
2366,2790,6999,Wallet,Success,2023-09-24
2367,856,2999,Cash on Delivery,Pending,2024-09-14
2368,4475,19999,Cash on Delivery,Success,2022-04-11
2369,1544,9999,Net Banking,Success,2023-07-21
2370,2813,1499,Net Banking,Refunded,2020-12-08
2371,1682,199,UPI,Refunded,2020-08-12
2372,1702,2999,Cash on Delivery,Failed,2024-08-15
2373,801,19999,Wallet,Pending,2024-08-02
2374,2296,4999,Cash on Delivery,Failed,2022-07-18
2375,230,1499,Wallet,Failed,2023-04-16
2376,3342,199,Cash on Delivery,Pending,2023-03-15
2377,1483,999,Credit Card,Success,2021-01-17
2378,2962,199,UPI,Pending,2025-03-20
2379,24,199,Wallet,Refunded,2022-04-07
2380,1672,14999,Wallet,Failed,2023-04-27
2381,4125,1499,Cash on Delivery,Pending,2026-07-07
2382,158,3999,Credit Card,Failed,2026-03-02
2383,711,9999,Cash on Delivery,Success,2023-01-19
2384,2407,2999,Cash on Delivery,Refunded,2022-02-04
2385,2620,2999,Net Banking,Failed,2023-08-16
2386,1206,499,Cash on Delivery,Refunded,2024-08-06
2387,614,3999,Debit Card,Pending,2021-08-05
2388,452,1499,Debit Card,Failed,2022-07-17
2389,410,19999,UPI,Failed,2021-08-24
2390,1878,19999,Cash on Delivery,Success,2021-09-15
2391,4528,2999,Cash on Delivery,Success,2024-08-22
2392,1767,2999,Debit Card,Success,2026-04-04
2393,4147,2999,Cash on Delivery,Pending,2025-06-06
2394,2527,14999,Cash on Delivery,Failed,2025-06-19
2395,864,1499,Cash on Delivery,Pending,2020-09-04
2396,2081,1499,Credit Card,Failed,2023-06-25
2397,1236,6999,Cash on Delivery,Refunded,2025-04-06
2398,3966,6999,Cash on Delivery,Success,2022-07-19
2399,4244,6999,Net Banking,Success,2025-05-27
2400,3565,199,Cash on Delivery,Failed,2020-06-08
2401,4809,19999,UPI,Pending,2023-06-29
2402,4367,499,Debit Card,Refunded,2021-10-12
2403,1239,4999,Credit Card,Success,2023-11-17
2404,1145,199,Wallet,Pending,2020-01-08
2405,462,1999,Wallet,Failed,2020-01-03
2406,4405,9999,Net Banking,Pending,2025-12-07
2407,2384,1499,Debit Card,Refunded,2021-08-30
2408,4867,9999,Credit Card,Refunded,2020-12-01
2409,4161,1499,UPI,Pending,2025-08-13
2410,787,4999,Wallet,Refunded,2025-09-02
2411,200,999,Wallet,Pending,2024-07-07
2412,59,199,Debit Card,Success,2025-03-06
2413,1505,1999,UPI,Success,2022-11-19
2414,3931,999,Debit Card,Pending,2022-03-09
2415,2220,3999,Net Banking,Pending,2020-06-26
2416,4055,499,Net Banking,Failed,2021-08-11
2417,2609,3999,UPI,Refunded,2022-01-20
2418,2913,499,Net Banking,Failed,2026-06-17
2419,3579,1999,Wallet,Failed,2025-09-03
2420,3835,6999,Credit Card,Success,2022-06-21
2421,2108,9999,Debit Card,Pending,2020-04-19
2422,2707,1499,UPI,Failed,2026-02-27
2423,4364,1499,Debit Card,Failed,2026-03-07
2424,1863,1999,Wallet,Success,2020-03-18
2425,2923,499,UPI,Failed,2020-05-06
2426,3936,1499,Debit Card,Pending,2021-03-13
2427,4279,9999,Debit Card,Failed,2023-06-11
2428,59,6999,Credit Card,Success,2020-08-30
2429,335,199,Cash on Delivery,Pending,2020-01-07
2430,4859,4999,UPI,Refunded,2023-10-22
2431,4998,1499,Credit Card,Failed,2025-06-02
2432,3096,199,Credit Card,Success,2021-02-15
2433,953,6999,Debit Card,Pending,2022-02-07
2434,776,9999,Net Banking,Refunded,2022-11-03
2435,1106,6999,UPI,Success,2022-03-01
2436,2068,14999,Debit Card,Failed,2024-05-11
2437,3443,19999,Net Banking,Failed,2022-06-16
2438,4364,1999,Cash on Delivery,Refunded,2026-07-05
2439,2112,1999,Net Banking,Failed,2020-02-15
2440,3111,6999,Credit Card,Refunded,2024-06-08
2441,505,499,UPI,Success,2021-06-11
2442,1428,4999,Debit Card,Refunded,2023-11-11
2443,243,6999,Debit Card,Refunded,2023-04-13
2444,1159,6999,UPI,Success,2020-04-06
2445,3766,3999,Net Banking,Failed,2022-09-27
2446,4196,19999,UPI,Pending,2021-07-22
2447,3111,1999,UPI,Success,2020-12-10
2448,351,2999,Wallet,Failed,2026-07-31
2449,1052,1499,Wallet,Pending,2021-06-10
2450,54,6999,Cash on Delivery,Success,2020-03-23
2451,1681,9999,Debit Card,Failed,2024-12-12
2452,3760,6999,Wallet,Success,2025-07-18
2453,555,4999,Debit Card,Failed,2023-10-28
2454,2999,4999,Cash on Delivery,Failed,2025-06-26
2455,2771,4999,Cash on Delivery,Success,2024-12-31
2456,1859,1999,Net Banking,Pending,2021-06-17
2457,4075,2999,Cash on Delivery,Pending,2020-06-27
2458,2262,19999,Cash on Delivery,Pending,2025-08-27
2459,4432,199,UPI,Failed,2025-05-09
2460,465,199,UPI,Failed,2021-06-29
2461,2950,1999,Wallet,Pending,2022-03-24
2462,3214,199,Net Banking,Refunded,2021-09-22
2463,3697,2999,Wallet,Success,2025-02-23
2464,231,199,Debit Card,Failed,2021-05-03
2465,3301,14999,Net Banking,Success,2024-09-28
2466,4367,4999,Credit Card,Success,2020-11-04
2467,4133,199,Debit Card,Pending,2021-01-20
2468,770,9999,UPI,Pending,2023-07-19
2469,1175,3999,UPI,Failed,2020-06-25
2470,1177,9999,Credit Card,Pending,2021-12-10
2471,2891,6999,Net Banking,Success,2026-05-02
2472,928,3999,Debit Card,Pending,2025-08-30
2473,4697,1499,Wallet,Success,2023-09-07
2474,3732,2999,Net Banking,Success,2024-01-15
2475,4328,499,Cash on Delivery,Pending,2026-06-07
2476,192,3999,Wallet,Pending,2020-06-21
2477,38,1999,Cash on Delivery,Success,2023-06-14
2478,4476,1499,Wallet,Failed,2020-04-05
2479,1747,999,Net Banking,Refunded,2023-04-23
2480,3274,1499,Net Banking,Failed,2024-11-02
2481,4510,499,Cash on Delivery,Success,2024-11-27
2482,1695,2999,UPI,Success,2021-05-31
2483,1189,2999,UPI,Failed,2022-05-03
2484,1128,3999,UPI,Refunded,2025-05-14
2485,394,19999,Cash on Delivery,Failed,2025-05-27
2486,1255,2999,Net Banking,Success,2020-01-23
2487,2677,3999,Debit Card,Pending,2021-09-07
2488,1711,3999,Cash on Delivery,Refunded,2023-06-27
2489,1273,14999,Debit Card,Success,2023-08-16
2490,90,9999,Credit Card,Refunded,2025-05-04
2491,1413,9999,Credit Card,Success,2021-06-19
2492,127,2999,Net Banking,Success,2025-10-14
2493,724,9999,Debit Card,Success,2023-12-30
2494,693,14999,Wallet,Success,2025-07-05
2495,1777,3999,Wallet,Refunded,2023-11-12
2496,3506,19999,UPI,Failed,2026-06-04
2497,4840,14999,Debit Card,Refunded,2023-04-05
2498,825,19999,Credit Card,Pending,2020-03-18
2499,4972,2999,Wallet,Failed,2020-11-19
2500,4610,19999,Cash on Delivery,Success,2020-07-01
2501,4213,4999,Debit Card,Pending,2024-03-29
2502,378,2999,Net Banking,Success,2024-01-08
2503,1362,1999,Net Banking,Refunded,2024-05-11
2504,2686,6999,Credit Card,Success,2023-10-31
2505,529,3999,Debit Card,Failed,2024-12-17
2506,1252,499,UPI,Pending,2026-04-12
2507,1378,1999,Debit Card,Success,2025-07-09
2508,4210,199,Wallet,Success,2025-12-01
2509,3087,999,Credit Card,Refunded,2022-02-19
2510,2629,1999,Cash on Delivery,Success,2021-03-25
2511,4667,6999,Cash on Delivery,Pending,2022-12-23
2512,782,19999,Cash on Delivery,Refunded,2022-01-05
2513,3953,499,UPI,Refunded,2021-10-01
2514,2110,4999,Cash on Delivery,Refunded,2021-03-07
2515,2745,2999,Cash on Delivery,Refunded,2022-02-04
2516,132,2999,Debit Card,Failed,2022-03-10
2517,1737,6999,Credit Card,Refunded,2025-03-28
2518,850,3999,UPI,Refunded,2020-09-12
2519,987,9999,Net Banking,Pending,2024-10-12
2520,1923,1999,Net Banking,Refunded,2023-04-20
2521,3254,3999,Net Banking,Failed,2025-12-02
2522,1757,3999,Net Banking,Success,2021-06-15
2523,2863,1999,Net Banking,Refunded,2024-07-28
2524,1382,19999,Wallet,Success,2024-12-17
2525,2475,999,Debit Card,Pending,2023-05-16
2526,4529,1499,Debit Card,Success,2022-05-01
2527,1936,9999,Net Banking,Pending,2021-05-31
2528,2979,6999,Wallet,Failed,2023-10-30
2529,670,1999,UPI,Failed,2020-08-26
2530,2859,999,Debit Card,Refunded,2024-11-13
2531,2546,1999,Credit Card,Success,2026-02-16
2532,1657,2999,Wallet,Refunded,2026-05-01
2533,2919,199,Wallet,Pending,2023-06-24
2534,2575,1999,UPI,Pending,2025-08-11
2535,3128,3999,Credit Card,Success,2026-05-02
2536,740,19999,Wallet,Refunded,2024-03-02
2537,2531,19999,Net Banking,Refunded,2026-05-02
2538,3981,2999,Cash on Delivery,Refunded,2025-03-13
2539,1097,19999,Cash on Delivery,Pending,2022-10-10
2540,3816,1499,Debit Card,Success,2026-05-19
2541,3634,14999,UPI,Refunded,2020-02-19
2542,46,1499,Credit Card,Pending,2026-07-26
2543,1254,3999,Cash on Delivery,Failed,2026-07-30
2544,2068,3999,Cash on Delivery,Failed,2023-01-24
2545,907,4999,Net Banking,Refunded,2026-04-25
2546,3835,999,Net Banking,Refunded,2021-01-13
2547,409,4999,Debit Card,Failed,2022-12-25
2548,798,2999,UPI,Refunded,2021-08-24
2549,188,14999,Credit Card,Pending,2024-08-21
2550,52,3999,Net Banking,Failed,2021-10-05
2551,3488,199,Net Banking,Refunded,2024-05-26
2552,3150,9999,UPI,Refunded,2021-12-12
2553,1012,999,Wallet,Success,2021-07-02
2554,4864,9999,Net Banking,Refunded,2023-12-09
2555,3010,14999,UPI,Refunded,2024-01-25
2556,2643,999,Net Banking,Pending,2022-01-27
2557,3562,1999,Cash on Delivery,Success,2023-03-19
2558,1568,3999,Cash on Delivery,Success,2025-05-01
2559,4196,1999,Wallet,Pending,2026-03-28
2560,393,1499,Net Banking,Failed,2021-12-24
2561,969,199,Wallet,Success,2025-08-08
2562,2644,14999,Net Banking,Pending,2025-09-15
2563,3679,1499,Credit Card,Pending,2020-09-17
2564,3475,199,Credit Card,Refunded,2023-01-25
2565,2556,499,Net Banking,Failed,2020-07-12
2566,3862,499,Cash on Delivery,Refunded,2020-08-21
2567,19,1499,Net Banking,Failed,2022-04-05
2568,2083,1999,Debit Card,Failed,2023-03-23
2569,837,19999,Net Banking,Success,2024-06-28
2570,3436,14999,Cash on Delivery,Pending,2024-07-31
2571,3023,1499,Net Banking,Success,2020-03-20
2572,1984,1499,UPI,Success,2021-02-25
2573,4383,6999,Cash on Delivery,Failed,2020-06-06
2574,2017,6999,Wallet,Pending,2022-05-10
2575,1478,1499,Credit Card,Pending,2025-07-17
2576,4817,1499,UPI,Pending,2021-10-13
2577,3586,499,Cash on Delivery,Failed,2020-10-05
2578,4904,1999,Cash on Delivery,Pending,2022-05-19
2579,1644,19999,Net Banking,Refunded,2023-02-09
2580,4844,6999,Credit Card,Success,2021-10-02
2581,1368,6999,Debit Card,Failed,2021-01-02
2582,3414,4999,Credit Card,Refunded,2026-02-14
2583,786,9999,Wallet,Pending,2021-06-16
2584,1054,19999,Wallet,Success,2022-12-30
2585,3888,14999,Wallet,Failed,2024-12-22
2586,3837,999,Credit Card,Success,2020-05-16
2587,3652,4999,Debit Card,Success,2020-02-19
2588,4295,19999,Debit Card,Refunded,2021-04-04
2589,125,19999,Cash on Delivery,Failed,2022-11-28
2590,820,14999,Debit Card,Success,2023-06-22
2591,920,499,Debit Card,Success,2022-05-28
2592,375,3999,Debit Card,Refunded,2025-08-08
2593,1706,4999,UPI,Pending,2022-03-19
2594,2576,9999,Wallet,Pending,2022-10-29
2595,4954,499,UPI,Failed,2025-06-12
2596,2351,19999,Credit Card,Failed,2026-04-24
2597,3417,999,Credit Card,Pending,2022-01-18
2598,4656,2999,UPI,Pending,2026-07-31
2599,2816,19999,Cash on Delivery,Refunded,2023-12-02
2600,3295,499,Wallet,Refunded,2020-05-30
2601,2893,199,UPI,Failed,2020-03-21
2602,1170,499,Wallet,Failed,2023-02-01
2603,2694,499,Net Banking,Success,2025-01-07
2604,1685,499,Debit Card,Pending,2025-11-12
2605,1657,6999,Credit Card,Failed,2022-02-13
2606,2048,999,Cash on Delivery,Refunded,2026-06-21
2607,1813,6999,Debit Card,Success,2022-07-25
2608,530,199,Wallet,Failed,2020-08-15
2609,1539,14999,Wallet,Pending,2025-09-21
2610,1606,1499,Cash on Delivery,Success,2026-01-19
2611,440,19999,Net Banking,Pending,2024-06-05
2612,1861,499,Net Banking,Pending,2022-08-04
2613,2243,4999,Wallet,Refunded,2021-11-20
2614,896,14999,Credit Card,Refunded,2025-01-19
2615,147,3999,Net Banking,Success,2025-08-15
2616,4425,1999,Cash on Delivery,Failed,2022-04-27
2617,4517,999,UPI,Refunded,2025-11-12
2618,1936,199,UPI,Success,2022-07-13
2619,2286,1999,Credit Card,Failed,2025-04-16
2620,4141,3999,Debit Card,Refunded,2021-10-26
2621,4276,9999,UPI,Success,2025-10-24
2622,2654,19999,Cash on Delivery,Failed,2023-04-15
2623,3020,14999,Credit Card,Pending,2021-01-16
2624,3914,6999,Wallet,Success,2024-05-22
2625,3553,1999,UPI,Failed,2026-04-29
2626,147,199,Cash on Delivery,Pending,2022-04-30
2627,1882,499,Cash on Delivery,Failed,2022-07-17
2628,2776,9999,Debit Card,Refunded,2025-01-25
2629,1852,14999,Wallet,Failed,2025-05-02
2630,2909,1999,Cash on Delivery,Failed,2023-08-31
2631,3414,2999,Wallet,Failed,2021-10-15
2632,3895,3999,Debit Card,Pending,2025-07-22
2633,553,1999,UPI,Success,2020-01-26
2634,2920,2999,Credit Card,Pending,2025-03-18
2635,2046,1499,Debit Card,Success,2024-04-22
2636,397,4999,Credit Card,Success,2024-10-17
2637,1305,3999,Credit Card,Success,2025-09-14
2638,1388,4999,UPI,Success,2023-11-19
2639,4002,499,Wallet,Refunded,2024-03-10
2640,2580,999,Wallet,Failed,2025-01-26
2641,1350,1499,UPI,Success,2021-12-30
2642,120,14999,Credit Card,Refunded,2023-09-23
2643,4939,1999,Credit Card,Failed,2023-12-25
2644,3474,14999,Wallet,Pending,2025-08-24
2645,820,6999,Wallet,Pending,2022-07-01
2646,3117,19999,Net Banking,Refunded,2025-02-04
2647,2579,6999,Credit Card,Success,2020-03-24
2648,4339,9999,Net Banking,Failed,2020-11-02
2649,1002,2999,Credit Card,Success,2026-04-11
2650,4207,999,Credit Card,Failed,2024-10-28
2651,844,4999,Net Banking,Failed,2023-07-19
2652,3183,3999,Net Banking,Success,2024-08-24
2653,1453,2999,Credit Card,Success,2021-12-04
2654,3840,2999,Wallet,Refunded,2025-05-18
2655,4860,9999,Debit Card,Success,2026-07-08
2656,3847,999,Credit Card,Failed,2023-04-03
2657,1590,19999,Credit Card,Refunded,2023-12-26
2658,4320,14999,Net Banking,Success,2024-04-12
2659,3919,4999,Cash on Delivery,Pending,2024-10-05
2660,783,6999,Net Banking,Pending,2025-04-28
2661,4862,4999,Debit Card,Success,2023-06-20
2662,4378,999,Wallet,Success,2020-06-09
2663,4999,6999,Credit Card,Success,2024-11-26
2664,937,199,Wallet,Refunded,2025-02-19
2665,3850,1999,Cash on Delivery,Refunded,2021-03-24
2666,1278,2999,Cash on Delivery,Success,2024-08-04
2667,3960,19999,Credit Card,Refunded,2021-07-06
2668,3077,9999,UPI,Refunded,2025-09-25
2669,3467,1999,UPI,Success,2023-12-21
2670,4018,19999,Cash on Delivery,Failed,2020-03-17
2671,3573,499,Net Banking,Failed,2024-08-15
2672,4490,14999,UPI,Pending,2020-04-18
2673,2621,3999,Credit Card,Success,2022-06-16
2674,1242,999,UPI,Pending,2024-10-16
2675,4582,999,Cash on Delivery,Failed,2024-02-14
2676,1228,4999,Net Banking,Success,2020-04-22
2677,4746,2999,Net Banking,Success,2021-06-02
2678,2645,3999,Cash on Delivery,Failed,2026-06-25
2679,4160,19999,Net Banking,Refunded,2025-01-09
2680,3320,3999,Wallet,Refunded,2022-11-19
2681,1764,2999,Credit Card,Refunded,2022-07-08
2682,4475,999,UPI,Refunded,2025-09-03
2683,1366,4999,UPI,Refunded,2022-01-31
2684,2431,9999,Debit Card,Success,2026-02-10
2685,1470,14999,Debit Card,Refunded,2020-05-04
2686,3679,199,Cash on Delivery,Success,2022-09-09
2687,4117,499,UPI,Success,2024-12-09
2688,1710,999,Cash on Delivery,Success,2022-01-29
2689,2381,999,Wallet,Failed,2020-05-28
2690,3763,999,Credit Card,Failed,2023-06-17
2691,2686,1999,Net Banking,Failed,2021-08-02
2692,2794,19999,Debit Card,Failed,2023-10-10
2693,2812,3999,Net Banking,Refunded,2021-02-04
2694,3926,2999,Wallet,Pending,2025-05-23
2695,1558,1499,UPI,Success,2023-01-17
2696,4019,6999,Cash on Delivery,Failed,2020-09-13
2697,550,3999,Wallet,Success,2020-04-25
2698,2552,9999,Wallet,Failed,2023-01-31
2699,85,14999,Cash on Delivery,Success,2020-12-12
2700,1843,19999,Cash on Delivery,Success,2020-12-04
2701,4503,14999,UPI,Refunded,2024-07-13
2702,4472,3999,Debit Card,Success,2026-07-06
2703,4695,199,Wallet,Failed,2020-02-12
2704,2529,3999,Debit Card,Refunded,2021-07-09
2705,10,19999,Net Banking,Failed,2025-06-11
2706,3420,199,Cash on Delivery,Pending,2021-08-06
2707,4123,999,Credit Card,Pending,2024-06-06
2708,670,9999,Debit Card,Success,2021-02-02
2709,2393,1999,Cash on Delivery,Refunded,2023-02-25
2710,448,14999,Wallet,Pending,2024-10-25
2711,2787,499,UPI,Pending,2021-06-16
2712,4058,2999,Credit Card,Pending,2022-09-22
2713,1264,1499,Debit Card,Success,2023-08-30
2714,1056,6999,Net Banking,Failed,2021-08-05
2715,4060,999,Net Banking,Refunded,2024-09-27
2716,200,9999,Credit Card,Pending,2025-04-07
2717,3973,999,Cash on Delivery,Success,2022-09-08
2718,673,6999,UPI,Pending,2020-03-09
2719,3754,499,Credit Card,Refunded,2026-07-31
2720,364,3999,UPI,Pending,2022-03-23
2721,1161,499,Cash on Delivery,Success,2020-06-23
2722,198,19999,Wallet,Refunded,2021-05-21
2723,4404,6999,Cash on Delivery,Failed,2021-05-09
2724,4766,14999,Credit Card,Pending,2020-06-03
2725,3921,999,Cash on Delivery,Pending,2024-03-15
2726,873,9999,Cash on Delivery,Refunded,2020-06-11
2727,2190,1499,Credit Card,Success,2020-02-02
2728,3023,199,Net Banking,Refunded,2020-10-26
2729,3563,9999,Cash on Delivery,Refunded,2020-10-25
2730,4671,199,Debit Card,Pending,2023-05-27
2731,4379,4999,UPI,Success,2020-10-18
2732,96,2999,Debit Card,Failed,2024-11-06
2733,1097,1499,Net Banking,Refunded,2024-10-19
2734,1834,1499,Net Banking,Success,2022-02-05
2735,2039,9999,Credit Card,Success,2021-04-13
2736,3103,19999,Wallet,Refunded,2022-05-05
2737,4537,3999,Net Banking,Success,2024-01-08
2738,3704,2999,Cash on Delivery,Refunded,2021-10-22
2739,554,1499,UPI,Success,2026-03-19
2740,974,199,Cash on Delivery,Success,2023-02-27
2741,4547,6999,Credit Card,Failed,2024-08-24
2742,834,9999,Debit Card,Failed,2020-10-31
2743,1511,19999,Cash on Delivery,Failed,2025-11-14
2744,249,499,Net Banking,Pending,2020-04-26
2745,4940,4999,Wallet,Failed,2025-08-13
2746,1014,14999,Net Banking,Success,2023-04-02
2747,880,1999,Wallet,Pending,2025-07-18
2748,3761,9999,Net Banking,Pending,2024-11-01
2749,1738,19999,Wallet,Refunded,2024-05-18
2750,4670,999,Cash on Delivery,Success,2025-10-02
2751,2422,1499,UPI,Failed,2020-08-10
2752,1437,199,Wallet,Pending,2022-01-30
2753,4989,199,UPI,Pending,2020-05-30
2754,3382,4999,Wallet,Pending,2024-02-15
2755,4494,999,Wallet,Failed,2023-03-08
2756,3883,3999,UPI,Refunded,2024-05-07
2757,420,14999,Debit Card,Pending,2024-02-28
2758,2560,4999,Debit Card,Pending,2026-03-23
2759,4003,6999,Wallet,Pending,2021-11-20
2760,1781,3999,Net Banking,Pending,2021-04-27
2761,2666,999,Wallet,Failed,2020-11-10
2762,4917,999,UPI,Pending,2024-05-25
2763,3453,199,Credit Card,Success,2023-12-06
2764,1675,6999,Net Banking,Refunded,2024-12-29
2765,1912,999,UPI,Failed,2025-02-19
2766,1558,4999,Cash on Delivery,Failed,2024-05-21
2767,4941,1499,Debit Card,Pending,2021-03-10
2768,2341,1499,UPI,Pending,2022-10-12
2769,1790,199,Net Banking,Refunded,2023-05-26
2770,1273,3999,Cash on Delivery,Failed,2023-08-04
2771,1459,999,Wallet,Failed,2024-10-01
2772,4732,1499,Debit Card,Failed,2020-03-09
2773,771,999,Net Banking,Pending,2021-11-23
2774,2827,6999,Net Banking,Pending,2022-06-29
2775,4261,999,Wallet,Refunded,2023-01-08
2776,2146,14999,Credit Card,Success,2020-01-20
2777,1289,4999,UPI,Refunded,2020-05-30
2778,4412,4999,UPI,Failed,2020-06-14
2779,2275,1999,Credit Card,Pending,2023-06-04
2780,2476,4999,Credit Card,Pending,2022-04-29
2781,3659,19999,Net Banking,Pending,2023-11-05
2782,1495,9999,Credit Card,Pending,2023-01-12
2783,1557,19999,Wallet,Failed,2022-01-12
2784,3080,19999,UPI,Failed,2025-10-13
2785,4957,9999,Wallet,Pending,2022-09-25
2786,4859,19999,UPI,Refunded,2025-03-19
2787,4244,3999,Cash on Delivery,Pending,2024-03-20
2788,4888,3999,Debit Card,Failed,2020-03-18
2789,4288,3999,Credit Card,Failed,2023-01-27
2790,1525,9999,Cash on Delivery,Refunded,2021-12-27
2791,3432,4999,Debit Card,Success,2025-04-04
2792,4114,4999,Cash on Delivery,Success,2023-06-18
2793,1382,9999,UPI,Pending,2021-05-03
2794,4201,1999,Credit Card,Pending,2022-03-28
2795,4226,19999,Credit Card,Pending,2020-08-24
2796,4303,1999,Net Banking,Pending,2022-06-10
2797,3673,2999,Net Banking,Failed,2023-02-17
2798,2443,1999,UPI,Success,2024-07-21
2799,3785,6999,Debit Card,Pending,2023-11-13
2800,2811,999,UPI,Pending,2020-08-18
2801,4759,19999,Cash on Delivery,Pending,2024-08-06
2802,2356,499,Wallet,Failed,2020-11-06
2803,3549,1499,Credit Card,Refunded,2025-11-28
2804,4114,1999,Debit Card,Failed,2023-02-15
2805,237,1999,Net Banking,Refunded,2023-10-27
2806,3134,4999,Credit Card,Failed,2022-06-27
2807,4834,199,Cash on Delivery,Success,2024-05-24
2808,1362,1499,Net Banking,Failed,2025-11-23
2809,4790,199,UPI,Pending,2023-06-07
2810,2310,4999,Wallet,Pending,2024-01-12
2811,2726,9999,Credit Card,Pending,2026-03-22
2812,4865,2999,Debit Card,Failed,2020-12-19
2813,1351,4999,Wallet,Refunded,2021-06-24
2814,2928,9999,Cash on Delivery,Pending,2021-02-17
2815,317,6999,Credit Card,Success,2024-01-31
2816,769,19999,Credit Card,Success,2020-06-26
2817,125,6999,Net Banking,Success,2020-09-17
2818,4332,9999,Debit Card,Failed,2022-06-05
2819,364,4999,Cash on Delivery,Failed,2025-02-09
2820,1500,499,Credit Card,Refunded,2022-04-06
2821,157,3999,Wallet,Failed,2020-08-28
2822,3913,499,Net Banking,Failed,2021-01-29
2823,1209,999,Net Banking,Failed,2020-09-03
2824,729,9999,UPI,Pending,2022-06-27
2825,3676,6999,Wallet,Failed,2022-04-17
2826,2054,1999,Credit Card,Failed,2026-01-24
2827,4385,499,Cash on Delivery,Pending,2024-09-23
2828,1976,499,Credit Card,Refunded,2021-07-03
2829,1279,499,Cash on Delivery,Failed,2024-10-24
2830,3359,14999,UPI,Failed,2025-06-16
2831,3887,199,Credit Card,Refunded,2021-12-18
2832,5,6999,Net Banking,Refunded,2021-02-09
2833,865,6999,UPI,Success,2025-09-11
2834,2952,999,Debit Card,Refunded,2024-09-29
2835,4904,4999,Credit Card,Pending,2020-11-29
2836,4131,3999,Wallet,Pending,2020-05-21
2837,1265,999,Net Banking,Failed,2020-06-16
2838,389,1499,Debit Card,Pending,2022-03-12
2839,1290,4999,Credit Card,Success,2022-02-02
2840,4738,2999,Wallet,Failed,2025-02-05
2841,2180,199,Debit Card,Success,2023-08-29
2842,34,499,Cash on Delivery,Refunded,2026-02-21
2843,1571,4999,Net Banking,Failed,2020-09-19
2844,949,999,UPI,Failed,2021-02-16
2845,2645,9999,Cash on Delivery,Refunded,2022-05-18
2846,2366,499,Cash on Delivery,Success,2021-05-28
2847,2772,1999,Net Banking,Failed,2025-07-03
2848,624,19999,Debit Card,Pending,2025-09-17
2849,4937,3999,Cash on Delivery,Failed,2026-03-24
2850,3315,4999,Credit Card,Refunded,2023-03-30
2851,4210,1999,UPI,Refunded,2020-06-06
2852,482,4999,Wallet,Refunded,2024-08-09
2853,187,999,Wallet,Refunded,2024-04-19
2854,3425,999,Debit Card,Failed,2025-01-21
2855,268,4999,Cash on Delivery,Success,2023-10-04
2856,2376,4999,Wallet,Success,2025-03-25
2857,4420,3999,Net Banking,Failed,2022-04-20
2858,182,14999,Wallet,Pending,2022-03-03
2859,3658,199,UPI,Pending,2021-08-11
2860,2531,199,Debit Card,Success,2024-09-13
2861,316,9999,Net Banking,Failed,2024-09-28
2862,1069,19999,UPI,Success,2023-12-05
2863,2272,4999,Debit Card,Refunded,2020-09-30
2864,513,2999,Debit Card,Refunded,2021-09-13
2865,4294,999,Debit Card,Success,2021-08-10
2866,2895,1499,Cash on Delivery,Refunded,2023-11-18
2867,3513,199,Credit Card,Failed,2026-01-21
2868,661,14999,Net Banking,Refunded,2023-06-21
2869,629,499,Credit Card,Failed,2023-07-05
2870,1094,19999,UPI,Failed,2025-05-13
2871,1559,2999,Credit Card,Failed,2020-07-26
2872,502,199,Credit Card,Refunded,2026-05-31
2873,2631,999,Cash on Delivery,Success,2024-10-25
2874,1722,3999,Credit Card,Pending,2022-01-06
2875,4170,199,UPI,Pending,2025-03-21
2876,3528,1999,UPI,Refunded,2021-11-14
2877,3995,3999,UPI,Success,2024-11-12
2878,4512,4999,UPI,Pending,2022-04-29
2879,2978,499,Cash on Delivery,Failed,2023-08-15
2880,96,19999,UPI,Failed,2022-07-14
2881,337,4999,Wallet,Failed,2021-02-25
2882,2085,3999,Net Banking,Failed,2025-06-12
2883,1092,14999,Net Banking,Pending,2025-12-15
2884,315,4999,UPI,Failed,2021-12-30
2885,2318,3999,Wallet,Refunded,2023-09-06
2886,3072,199,Credit Card,Pending,2022-05-09
2887,2400,199,Wallet,Failed,2026-04-11
2888,2169,2999,UPI,Pending,2021-04-27
2889,3411,199,Net Banking,Pending,2020-06-22
2890,1774,19999,UPI,Pending,2025-07-15
2891,3518,2999,Debit Card,Pending,2024-01-12
2892,756,6999,Net Banking,Failed,2026-06-18
2893,1508,14999,Wallet,Failed,2026-02-16
2894,2455,19999,Wallet,Refunded,2024-03-01
2895,3106,19999,Debit Card,Failed,2022-05-25
2896,1479,9999,Debit Card,Failed,2025-01-02
2897,4762,999,Credit Card,Pending,2021-08-26
2898,3837,1999,Cash on Delivery,Success,2023-02-02
2899,1769,14999,UPI,Pending,2020-11-27
2900,758,199,Wallet,Pending,2024-07-28
2901,4223,1999,Net Banking,Success,2021-10-10
2902,1031,199,UPI,Pending,2021-09-02
2903,3785,3999,Debit Card,Pending,2021-11-03
2904,2177,19999,Credit Card,Pending,2020-09-02
2905,2697,9999,Wallet,Refunded,2023-07-12
2906,4678,19999,Credit Card,Refunded,2022-09-05
2907,1758,999,Debit Card,Pending,2022-05-02
2908,3545,3999,Net Banking,Refunded,2026-06-17
2909,1793,19999,Cash on Delivery,Refunded,2025-10-25
2910,1632,9999,Net Banking,Success,2023-08-04
2911,3735,19999,Credit Card,Refunded,2025-09-18
2912,1527,14999,Credit Card,Refunded,2023-10-13
2913,3729,14999,UPI,Pending,2024-12-10
2914,2594,9999,Wallet,Failed,2025-03-26
2915,4666,1499,Wallet,Pending,2025-05-10
2916,1122,19999,Wallet,Pending,2026-04-13
2917,3548,3999,UPI,Success,2020-04-06
2918,2388,19999,Wallet,Failed,2020-04-17
2919,1237,2999,Cash on Delivery,Refunded,2026-03-28
2920,2696,3999,Debit Card,Refunded,2025-04-11
2921,3506,6999,UPI,Pending,2023-08-12
2922,3503,9999,Wallet,Failed,2026-07-13
2923,1580,14999,Net Banking,Refunded,2025-04-26
2924,3504,999,Debit Card,Refunded,2023-12-14
2925,1336,14999,Credit Card,Pending,2023-03-27
2926,166,19999,UPI,Success,2022-05-14
2927,2085,4999,Wallet,Pending,2020-11-15
2928,3221,999,Credit Card,Refunded,2020-12-23
2929,4181,199,UPI,Refunded,2023-03-11
2930,2341,1499,UPI,Pending,2023-02-04
2931,2549,19999,Wallet,Refunded,2021-01-25
2932,4491,14999,Wallet,Pending,2024-09-18
2933,3138,2999,Net Banking,Pending,2023-03-28
2934,370,2999,Cash on Delivery,Success,2020-12-02
2935,2351,199,UPI,Success,2023-07-10
2936,605,14999,Net Banking,Refunded,2021-12-12
2937,3164,9999,UPI,Failed,2023-05-30
2938,3989,4999,Wallet,Refunded,2022-02-27
2939,1916,6999,Net Banking,Refunded,2024-08-19
2940,2892,499,Debit Card,Pending,2021-02-01
2941,4374,14999,Cash on Delivery,Failed,2020-04-28
2942,2934,2999,Credit Card,Refunded,2021-05-21
2943,4086,999,Wallet,Failed,2024-02-06
2944,4789,2999,UPI,Refunded,2020-04-20
2945,2511,4999,Cash on Delivery,Success,2023-11-26
2946,4939,19999,Net Banking,Failed,2026-07-21
2947,938,999,Credit Card,Failed,2026-06-01
2948,2627,199,Credit Card,Success,2025-06-15
2949,856,499,Credit Card,Pending,2020-09-14
2950,1622,3999,Credit Card,Refunded,2023-03-24
2951,3425,1499,Cash on Delivery,Success,2023-06-16
2952,2545,14999,Debit Card,Failed,2021-06-02
2953,712,6999,Wallet,Failed,2021-12-25
2954,1501,3999,Debit Card,Success,2023-03-26
2955,4483,999,Credit Card,Pending,2025-08-29
2956,2306,4999,Credit Card,Failed,2024-03-08
2957,221,9999,Net Banking,Pending,2023-09-07
2958,563,3999,Net Banking,Pending,2026-01-20
2959,1532,199,Wallet,Refunded,2022-07-29
2960,3525,3999,Cash on Delivery,Failed,2025-08-14
2961,2558,2999,Cash on Delivery,Failed,2022-04-19
2962,2169,999,Credit Card,Pending,2020-12-06
2963,440,19999,Cash on Delivery,Success,2020-04-15
2964,3182,199,Cash on Delivery,Failed,2026-05-25
2965,1259,2999,Credit Card,Refunded,2023-07-23
2966,889,999,UPI,Failed,2020-04-14
2967,4363,2999,UPI,Refunded,2022-04-24
2968,4043,4999,Wallet,Refunded,2026-04-16
2969,2137,199,Wallet,Success,2023-04-14
2970,4339,199,Cash on Delivery,Failed,2024-05-25
2971,4091,999,Cash on Delivery,Pending,2023-01-14
2972,445,1499,Wallet,Failed,2022-09-06
2973,537,9999,Net Banking,Failed,2021-08-31
2974,3578,999,Debit Card,Pending,2023-02-13
2975,1475,14999,Net Banking,Pending,2021-05-10
2976,3552,3999,Wallet,Success,2022-07-08
2977,169,9999,Credit Card,Success,2021-09-13
2978,3557,19999,Cash on Delivery,Failed,2026-06-30
2979,1589,14999,Credit Card,Refunded,2024-12-29
2980,4733,999,Credit Card,Refunded,2025-11-21
2981,4303,999,Cash on Delivery,Pending,2022-02-17
2982,1156,9999,Credit Card,Pending,2022-11-18
2983,1799,3999,Credit Card,Success,2024-06-10
2984,80,1999,UPI,Success,2022-07-27
2985,3746,4999,Wallet,Success,2024-06-01
2986,1377,3999,Credit Card,Failed,2026-02-08
2987,1824,1499,Debit Card,Failed,2023-06-15
2988,4907,199,Net Banking,Failed,2022-03-19
2989,1768,3999,Wallet,Success,2020-11-15
2990,1409,6999,Cash on Delivery,Success,2024-10-23
2991,1624,499,Debit Card,Refunded,2025-04-18
2992,1382,14999,UPI,Failed,2026-02-21
2993,1318,14999,Credit Card,Success,2024-12-07
2994,4939,1999,Debit Card,Success,2020-05-05
2995,2320,19999,UPI,Success,2023-12-23
2996,1420,14999,UPI,Pending,2022-02-27
2997,2720,3999,Wallet,Refunded,2024-05-25
2998,2600,499,Debit Card,Success,2023-11-12
2999,2162,6999,Debit Card,Pending,2026-01-07
3000,2584,4999,Credit Card,Success,2024-04-13
3001,109,199,Net Banking,Pending,2025-11-17
3002,3486,2999,Net Banking,Pending,2021-02-06
3003,3941,4999,Cash on Delivery,Failed,2021-05-19
3004,2011,2999,Cash on Delivery,Pending,2020-07-17
3005,4625,499,Net Banking,Refunded,2024-09-23
3006,1111,3999,Debit Card,Refunded,2020-09-10
3007,622,999,Credit Card,Refunded,2021-04-20
3008,4413,499,Credit Card,Refunded,2023-08-07
3009,382,3999,Cash on Delivery,Refunded,2021-06-09
3010,4437,19999,Credit Card,Success,2021-02-19
3011,4111,499,Wallet,Failed,2020-08-01
3012,1611,1499,Net Banking,Failed,2026-01-12
3013,1251,2999,Credit Card,Refunded,2021-08-30
3014,144,999,Wallet,Pending,2025-10-13
3015,4836,499,UPI,Failed,2024-08-01
3016,3581,6999,Wallet,Success,2025-04-17
3017,4379,19999,Cash on Delivery,Success,2025-06-07
3018,371,199,UPI,Success,2021-11-01
3019,2799,14999,Net Banking,Refunded,2021-05-19
3020,2226,199,Wallet,Success,2022-12-15
3021,4109,199,Cash on Delivery,Success,2026-08-05
3022,3124,2999,Debit Card,Success,2021-02-09
3023,1075,499,Wallet,Success,2020-08-26
3024,2944,1999,UPI,Success,2021-06-23
3025,1675,199,Cash on Delivery,Success,2023-04-26
3026,3577,499,UPI,Failed,2020-12-19
3027,3492,499,Cash on Delivery,Pending,2024-08-13
3028,1782,1499,Wallet,Refunded,2023-03-12
3029,3238,1999,Net Banking,Success,2026-07-25
3030,1542,19999,Credit Card,Pending,2022-08-29
3031,4756,2999,Debit Card,Pending,2022-09-25
3032,997,3999,Credit Card,Success,2020-03-25
3033,1421,1499,Net Banking,Refunded,2020-04-27
3034,1409,14999,UPI,Success,2024-07-04
3035,1857,499,Wallet,Refunded,2025-12-27
3036,760,1999,Cash on Delivery,Failed,2023-03-24
3037,1797,499,Net Banking,Success,2023-06-04
3038,1450,4999,Debit Card,Pending,2025-02-10
3039,475,199,Cash on Delivery,Refunded,2025-04-27
3040,2190,1499,Net Banking,Pending,2021-02-26
3041,3109,199,Wallet,Failed,2025-04-04
3042,1741,2999,Wallet,Success,2025-12-25
3043,4255,14999,Credit Card,Success,2025-11-10
3044,3392,199,Net Banking,Success,2024-04-26
3045,2693,14999,Net Banking,Refunded,2022-12-14
3046,4838,999,Debit Card,Pending,2022-11-05
3047,1809,499,UPI,Pending,2023-03-25
3048,1285,3999,Wallet,Failed,2021-06-06
3049,731,499,Debit Card,Refunded,2020-04-23
3050,306,2999,Credit Card,Failed,2020-11-11
3051,109,1499,Net Banking,Success,2020-07-09
3052,4958,9999,Credit Card,Pending,2022-03-05
3053,707,3999,Credit Card,Success,2023-03-11
3054,3843,199,UPI,Pending,2023-10-03
3055,4280,1999,Debit Card,Refunded,2020-09-21
3056,4367,999,Debit Card,Failed,2026-05-05
3057,2986,4999,UPI,Success,2025-08-31
3058,4239,1999,UPI,Success,2023-05-18
3059,1135,1499,Debit Card,Failed,2025-08-22
3060,4971,499,Credit Card,Pending,2025-02-03
3061,2406,3999,Debit Card,Refunded,2021-12-29
3062,862,999,Credit Card,Success,2020-06-14
3063,3644,6999,Net Banking,Refunded,2025-01-25
3064,4583,1499,Credit Card,Pending,2025-06-29
3065,2228,9999,Cash on Delivery,Success,2021-01-02
3066,2361,1499,Credit Card,Pending,2024-04-09
3067,3085,19999,UPI,Refunded,2024-08-08
3068,4975,1999,UPI,Failed,2023-08-18
3069,4629,6999,Net Banking,Pending,2022-02-05
3070,2094,9999,Cash on Delivery,Failed,2021-03-23
3071,434,1499,UPI,Pending,2023-01-25
3072,3316,4999,Debit Card,Refunded,2025-09-11
3073,4076,6999,Cash on Delivery,Pending,2024-03-25
3074,726,3999,Credit Card,Pending,2021-08-18
3075,3418,499,Cash on Delivery,Pending,2025-02-16
3076,2701,9999,Cash on Delivery,Failed,2022-03-30
3077,982,199,Debit Card,Pending,2020-01-10
3078,590,199,UPI,Success,2022-10-28
3079,2098,199,Net Banking,Failed,2023-06-07
3080,4941,499,Debit Card,Refunded,2022-04-17
3081,445,19999,Net Banking,Refunded,2024-10-21
3082,4398,2999,Credit Card,Failed,2020-03-11
3083,1913,19999,Net Banking,Success,2025-10-21
3084,3451,3999,Net Banking,Failed,2024-12-25
3085,3502,999,Credit Card,Refunded,2022-06-19
3086,4412,999,Debit Card,Failed,2020-08-14
3087,4943,199,Cash on Delivery,Success,2022-03-30
3088,2358,2999,Credit Card,Failed,2020-06-22
3089,2851,19999,Credit Card,Refunded,2020-05-09
3090,2097,2999,Cash on Delivery,Success,2020-12-02
3091,578,19999,Cash on Delivery,Success,2024-11-20
3092,865,9999,Credit Card,Failed,2025-03-29
3093,1807,2999,Wallet,Pending,2024-08-25
3094,1628,14999,Net Banking,Pending,2026-07-10
3095,2945,4999,Credit Card,Failed,2024-03-08
3096,2871,14999,Credit Card,Pending,2022-10-13
3097,4944,1499,Net Banking,Pending,2021-03-30
3098,306,6999,Net Banking,Refunded,2021-10-04
3099,3432,3999,Credit Card,Failed,2021-01-27
3100,586,14999,Net Banking,Failed,2024-07-20
3101,427,9999,UPI,Refunded,2020-04-17
3102,3522,6999,Credit Card,Pending,2023-09-28
3103,3211,3999,Credit Card,Success,2021-05-25
3104,4184,199,UPI,Success,2025-11-19
3105,1645,1999,UPI,Success,2022-07-03
3106,4591,19999,UPI,Refunded,2022-12-12
3107,669,1499,Credit Card,Pending,2025-08-07
3108,808,199,Net Banking,Refunded,2022-07-09
3109,4076,2999,Net Banking,Refunded,2024-03-10
3110,2069,1999,Credit Card,Pending,2024-09-24
3111,1576,2999,Credit Card,Pending,2020-07-31
3112,298,19999,UPI,Success,2021-11-13
3113,1907,4999,Cash on Delivery,Refunded,2020-01-17
3114,4783,1499,Debit Card,Failed,2023-07-02
3115,2937,14999,Debit Card,Success,2021-03-12
3116,3438,3999,Wallet,Pending,2024-12-25
3117,3386,999,UPI,Refunded,2024-11-25
3118,2242,14999,Debit Card,Refunded,2021-06-12
3119,352,2999,Credit Card,Failed,2023-02-23
3120,1508,4999,UPI,Success,2021-03-26
3121,1254,4999,Wallet,Failed,2024-08-08
3122,2451,499,UPI,Failed,2026-03-27
3123,1944,3999,Net Banking,Refunded,2024-06-13
3124,3920,4999,Credit Card,Refunded,2023-07-05
3125,1885,4999,Wallet,Failed,2025-07-05
3126,338,499,Credit Card,Pending,2023-08-02
3127,3516,6999,UPI,Refunded,2020-01-09
3128,284,3999,Credit Card,Failed,2022-11-14
3129,1886,199,Credit Card,Success,2022-01-11
3130,4962,19999,UPI,Refunded,2021-05-22
3131,2469,4999,Net Banking,Pending,2025-07-21
3132,1539,499,UPI,Pending,2025-08-11
3133,2909,1499,Net Banking,Success,2021-01-17
3134,4599,9999,Credit Card,Pending,2020-05-09
3135,1115,3999,Credit Card,Pending,2022-02-24
3136,1524,2999,Cash on Delivery,Refunded,2022-05-11
3137,3369,9999,Cash on Delivery,Failed,2021-12-06
3138,281,3999,Cash on Delivery,Refunded,2026-01-10
3139,4182,3999,Net Banking,Success,2023-02-16
3140,321,6999,Credit Card,Failed,2022-10-16
3141,1593,6999,Credit Card,Pending,2021-01-14
3142,1766,19999,UPI,Pending,2020-11-30
3143,956,19999,Cash on Delivery,Pending,2021-01-24
3144,2807,199,Debit Card,Success,2023-11-16
3145,1327,14999,Debit Card,Success,2022-07-06
3146,1166,6999,Debit Card,Pending,2024-06-18
3147,1505,4999,UPI,Pending,2024-02-28
3148,1721,499,Cash on Delivery,Failed,2024-12-22
3149,4996,3999,UPI,Pending,2020-05-11
3150,3171,199,Debit Card,Success,2023-06-12
3151,129,1999,Debit Card,Failed,2026-03-01
3152,4100,3999,Cash on Delivery,Pending,2025-02-19
3153,3293,14999,Credit Card,Pending,2024-07-30
3154,640,3999,Debit Card,Success,2023-02-02
3155,3198,19999,Wallet,Failed,2023-12-14
3156,2607,999,Cash on Delivery,Pending,2022-08-29
3157,4132,2999,Cash on Delivery,Success,2023-01-04
3158,2941,4999,Net Banking,Success,2026-02-15
3159,4,9999,Cash on Delivery,Success,2020-12-27
3160,1501,6999,Credit Card,Refunded,2025-03-10
3161,1853,4999,Net Banking,Refunded,2024-06-10
3162,1690,4999,Net Banking,Success,2024-05-16
3163,3712,499,Net Banking,Refunded,2025-05-14
3164,1960,999,Debit Card,Refunded,2026-03-11
3165,960,3999,Debit Card,Pending,2020-03-30
3166,2435,14999,Wallet,Pending,2026-05-08
3167,4585,4999,Debit Card,Refunded,2024-06-01
3168,1039,999,Credit Card,Pending,2020-04-01
3169,3668,19999,Net Banking,Refunded,2021-01-17
3170,1830,499,Debit Card,Refunded,2022-06-09
3171,2349,9999,Debit Card,Refunded,2024-08-30
3172,1708,1499,UPI,Success,2021-05-26
3173,751,9999,Wallet,Refunded,2021-07-31
3174,4558,9999,Wallet,Refunded,2022-05-12
3175,2071,3999,Debit Card,Refunded,2022-09-10
3176,1945,999,Wallet,Failed,2024-10-24
3177,2172,14999,Credit Card,Success,2024-12-21
3178,667,499,Net Banking,Success,2025-02-12
3179,2489,1999,Wallet,Refunded,2026-03-28
3180,1320,3999,Cash on Delivery,Failed,2023-01-11
3181,1838,1499,Credit Card,Refunded,2025-11-05
3182,2414,14999,Wallet,Refunded,2026-03-05
3183,3959,499,Credit Card,Refunded,2020-07-18
3184,4179,2999,Credit Card,Refunded,2023-11-14
3185,1774,199,UPI,Pending,2026-07-07
3186,1076,1999,Wallet,Pending,2020-10-17
3187,3963,1499,Credit Card,Success,2024-03-29
3188,4535,1499,Debit Card,Refunded,2020-08-20
3189,3967,999,Wallet,Failed,2022-08-19
3190,1236,499,UPI,Pending,2024-12-14
3191,4617,4999,Cash on Delivery,Failed,2021-07-21
3192,30,499,Debit Card,Failed,2024-02-26
3193,3553,14999,Wallet,Failed,2020-04-27
3194,3671,14999,Debit Card,Refunded,2024-07-30
3195,4056,4999,UPI,Success,2022-05-19
3196,2044,9999,Credit Card,Success,2023-12-18
3197,1045,1999,Credit Card,Refunded,2020-02-22
3198,1423,499,Credit Card,Refunded,2025-03-26
3199,4979,14999,UPI,Failed,2020-12-16
3200,2499,199,Cash on Delivery,Pending,2023-06-13
3201,192,199,Net Banking,Refunded,2022-03-28
3202,650,19999,UPI,Refunded,2021-09-25
3203,4100,19999,UPI,Refunded,2022-02-01
3204,3043,9999,Wallet,Refunded,2020-10-19
3205,4412,3999,Debit Card,Pending,2020-05-30
3206,4649,6999,Cash on Delivery,Pending,2022-08-29
3207,1070,2999,Wallet,Success,2025-11-09
3208,2166,4999,Debit Card,Success,2024-09-02
3209,955,1499,Cash on Delivery,Pending,2020-11-26
3210,2264,14999,Net Banking,Refunded,2021-04-29
3211,2545,14999,Cash on Delivery,Refunded,2025-10-25
3212,2249,999,Credit Card,Failed,2024-12-08
3213,3823,499,Debit Card,Success,2023-03-27
3214,4433,499,UPI,Refunded,2022-08-12
3215,2717,19999,Cash on Delivery,Failed,2021-03-17
3216,3986,2999,Cash on Delivery,Failed,2020-04-26
3217,2120,2999,Net Banking,Success,2025-10-11
3218,3021,1499,UPI,Success,2024-10-15
3219,4527,1499,Credit Card,Refunded,2023-09-06
3220,7,199,Wallet,Failed,2022-11-13
3221,1485,999,Credit Card,Success,2023-07-11
3222,2084,499,Net Banking,Failed,2020-03-24
3223,4864,1999,Cash on Delivery,Pending,2021-06-27
3224,4831,199,Debit Card,Failed,2021-09-17
3225,2918,1999,Wallet,Pending,2024-05-01
3226,2927,9999,Credit Card,Success,2022-01-24
3227,503,199,Wallet,Pending,2022-11-22
3228,4782,1999,UPI,Pending,2026-07-04
3229,648,2999,Credit Card,Refunded,2026-06-07
3230,3539,1499,Debit Card,Refunded,2025-12-21
3231,42,19999,Debit Card,Pending,2021-08-18
3232,3550,1499,Wallet,Failed,2024-04-26
3233,3543,19999,Cash on Delivery,Failed,2024-10-08
3234,3134,1499,UPI,Refunded,2022-10-22
3235,2074,999,Net Banking,Success,2021-07-15
3236,4100,999,Credit Card,Success,2021-06-21
3237,3607,14999,Debit Card,Success,2026-03-28
3238,383,4999,Credit Card,Refunded,2024-05-07
3239,653,9999,UPI,Pending,2021-04-23
3240,1364,499,Debit Card,Success,2025-03-29
3241,1545,4999,Credit Card,Refunded,2021-06-27
3242,373,1499,UPI,Success,2021-04-18
3243,2114,19999,UPI,Pending,2020-05-08
3244,2402,499,Net Banking,Pending,2023-04-08
3245,3201,2999,Debit Card,Refunded,2020-08-02
3246,2171,499,UPI,Success,2025-10-23
3247,271,3999,UPI,Failed,2023-07-03
3248,1932,999,Net Banking,Success,2025-09-15
3249,406,14999,Credit Card,Success,2022-01-04
3250,155,6999,Credit Card,Failed,2026-05-10
3251,1654,4999,Credit Card,Refunded,2024-06-18
3252,308,1999,Net Banking,Success,2020-06-24
3253,1490,199,Net Banking,Failed,2025-06-01
3254,1833,1499,Cash on Delivery,Pending,2023-04-25
3255,259,9999,Wallet,Pending,2022-06-22
3256,4629,14999,Debit Card,Failed,2021-10-16
3257,961,3999,Cash on Delivery,Success,2025-07-27
3258,2066,14999,Cash on Delivery,Failed,2025-10-17
3259,3010,14999,Credit Card,Refunded,2021-11-01
3260,1820,9999,Credit Card,Pending,2022-02-25
3261,2124,4999,UPI,Failed,2020-02-28
3262,445,19999,UPI,Pending,2025-03-28
3263,1850,19999,Credit Card,Pending,2024-04-11
3264,1770,1999,Credit Card,Failed,2022-12-24
3265,3866,3999,Credit Card,Success,2026-04-09
3266,4433,6999,UPI,Failed,2024-05-02
3267,4786,2999,Cash on Delivery,Pending,2026-03-26
3268,2074,6999,Net Banking,Pending,2022-05-25
3269,3840,9999,Cash on Delivery,Failed,2026-08-05
3270,2526,6999,UPI,Refunded,2025-11-22
3271,978,19999,Wallet,Refunded,2021-06-26
3272,679,9999,Credit Card,Refunded,2022-08-11
3273,4734,14999,Net Banking,Success,2021-06-12
3274,28,999,Wallet,Success,2025-05-13
3275,3844,6999,UPI,Pending,2025-02-27
3276,3369,4999,Net Banking,Failed,2026-06-08
3277,2938,1999,UPI,Pending,2020-06-14
3278,3232,19999,UPI,Failed,2021-10-25
3279,4113,4999,Debit Card,Failed,2025-01-26
3280,918,1999,UPI,Refunded,2021-01-15
3281,3403,1999,UPI,Success,2020-01-13
3282,2448,999,Debit Card,Success,2024-09-10
3283,4982,1499,Credit Card,Failed,2024-02-11
3284,4993,1499,Debit Card,Success,2026-07-08
3285,1176,1999,Credit Card,Pending,2020-06-02
3286,1498,9999,Cash on Delivery,Pending,2020-03-26
3287,511,3999,Net Banking,Failed,2020-11-21
3288,2926,14999,Debit Card,Failed,2026-02-14
3289,3310,9999,Net Banking,Failed,2021-12-27
3290,4423,3999,Net Banking,Failed,2023-11-11
3291,1751,14999,Wallet,Refunded,2026-07-07
3292,1632,199,Wallet,Pending,2025-09-27
3293,3954,4999,Cash on Delivery,Success,2025-07-28
3294,919,1999,Credit Card,Success,2026-05-13
3295,2998,19999,Credit Card,Pending,2025-10-25
3296,1597,4999,Credit Card,Failed,2025-02-26
3297,4674,6999,Net Banking,Pending,2023-03-07
3298,3849,3999,Credit Card,Refunded,2024-08-01
3299,2568,2999,Wallet,Refunded,2023-06-21
3300,3698,14999,UPI,Failed,2025-04-10
3301,100,999,Cash on Delivery,Success,2025-07-18
3302,559,14999,Debit Card,Failed,2021-02-13
3303,2136,1999,Cash on Delivery,Refunded,2023-07-13
3304,1399,6999,Wallet,Refunded,2021-06-25
3305,1015,999,Wallet,Pending,2020-04-25
3306,2701,19999,Debit Card,Pending,2020-08-27
3307,1778,4999,Net Banking,Failed,2020-12-12
3308,2117,999,UPI,Success,2020-03-29
3309,1660,19999,Credit Card,Success,2022-05-26
3310,2473,499,Credit Card,Success,2025-06-14
3311,4840,6999,UPI,Refunded,2020-09-12
3312,3938,2999,Cash on Delivery,Pending,2024-12-22
3313,1908,19999,UPI,Failed,2020-04-09
3314,2536,6999,Debit Card,Pending,2022-07-17
3315,3782,2999,Debit Card,Failed,2025-03-09
3316,1849,3999,Wallet,Success,2023-05-26
3317,181,1999,UPI,Pending,2021-03-22
3318,2494,14999,Wallet,Success,2025-01-23
3319,3919,6999,Wallet,Failed,2021-11-18
3320,743,4999,Net Banking,Pending,2022-02-23
3321,3298,999,Credit Card,Failed,2024-04-17
3322,3602,199,Wallet,Pending,2025-07-07
3323,223,3999,Cash on Delivery,Refunded,2023-10-25
3324,2398,19999,Net Banking,Refunded,2021-09-13
3325,2035,19999,Credit Card,Success,2022-08-17
3326,2657,1499,Cash on Delivery,Failed,2022-02-08
3327,1488,199,Net Banking,Failed,2025-10-29
3328,153,199,Cash on Delivery,Pending,2024-02-11
3329,3694,3999,Credit Card,Pending,2021-05-18
3330,879,999,Cash on Delivery,Failed,2024-06-26
3331,3346,19999,Wallet,Success,2021-02-26
3332,2779,999,Debit Card,Pending,2026-08-04
3333,658,9999,Credit Card,Pending,2021-10-05
3334,382,1999,Net Banking,Pending,2023-03-11
3335,4054,1499,UPI,Failed,2024-08-27
3336,3925,9999,Debit Card,Failed,2024-06-18
3337,3916,2999,Net Banking,Pending,2022-03-23
3338,3136,3999,Net Banking,Success,2021-04-12
3339,1028,2999,Wallet,Failed,2021-02-02
3340,4511,6999,Cash on Delivery,Pending,2025-01-06
3341,1484,19999,Net Banking,Success,2020-09-11
3342,469,1999,UPI,Failed,2024-05-28
3343,2465,4999,Debit Card,Failed,2021-07-24
3344,4002,2999,Wallet,Failed,2024-11-09
3345,2205,199,Wallet,Pending,2024-11-12
3346,4206,2999,Debit Card,Refunded,2023-04-17
3347,4918,1499,UPI,Pending,2020-06-13
3348,1913,1999,Wallet,Pending,2023-10-03
3349,165,19999,Net Banking,Refunded,2024-06-12
3350,1628,4999,Cash on Delivery,Refunded,2020-06-02
3351,605,6999,Debit Card,Refunded,2021-03-15
3352,15,14999,Debit Card,Refunded,2021-06-03
3353,4235,3999,UPI,Success,2026-07-14
3354,4607,199,UPI,Refunded,2022-05-28
3355,3265,1499,Debit Card,Refunded,2020-06-30
3356,1608,14999,Wallet,Pending,2023-11-26
3357,378,2999,Credit Card,Pending,2020-10-21
3358,1303,999,Credit Card,Refunded,2026-06-02
3359,3698,19999,Debit Card,Failed,2024-07-06
3360,4670,6999,Net Banking,Pending,2022-02-16
3361,3241,199,Cash on Delivery,Success,2023-04-24
3362,4240,499,Wallet,Pending,2024-11-18
3363,4244,9999,Credit Card,Success,2024-06-29
3364,3274,6999,Wallet,Pending,2026-06-15
3365,995,1499,UPI,Pending,2020-07-09
3366,2589,9999,Debit Card,Pending,2024-11-30
3367,717,1499,Credit Card,Pending,2020-05-18
3368,1884,9999,Debit Card,Pending,2025-01-08
3369,1381,9999,Net Banking,Failed,2021-08-13
3370,1715,9999,Credit Card,Failed,2023-08-09
3371,3822,2999,Debit Card,Pending,2021-02-18
3372,4856,6999,Net Banking,Refunded,2021-01-10
3373,2591,3999,Credit Card,Refunded,2020-06-20
3374,401,499,Debit Card,Failed,2026-08-09
3375,3589,19999,Debit Card,Failed,2024-12-22
3376,2524,9999,UPI,Success,2022-03-30
3377,2897,1999,Debit Card,Pending,2025-01-11
3378,4983,9999,Credit Card,Failed,2022-09-27
3379,3064,999,Net Banking,Failed,2021-08-20
3380,3142,2999,Debit Card,Failed,2022-03-24
3381,1676,1499,Net Banking,Failed,2025-02-16
3382,3647,2999,Debit Card,Success,2026-07-06
3383,4356,19999,Wallet,Success,2024-01-16
3384,2525,1499,Wallet,Failed,2022-08-11
3385,4212,3999,Cash on Delivery,Refunded,2024-09-21
3386,882,199,Debit Card,Failed,2020-09-06
3387,2489,3999,Credit Card,Pending,2022-11-24
3388,1852,9999,Net Banking,Refunded,2026-06-03
3389,128,3999,Wallet,Success,2024-07-22
3390,3202,1499,Wallet,Failed,2026-08-04
3391,3911,999,Cash on Delivery,Success,2022-06-18
3392,952,2999,Credit Card,Success,2026-07-24
3393,3468,999,Credit Card,Success,2024-04-15
3394,1973,999,Debit Card,Pending,2023-03-13
3395,2383,1999,Credit Card,Pending,2025-08-16
3396,4170,499,Credit Card,Pending,2025-09-28
3397,4093,1999,Credit Card,Failed,2024-01-07
3398,2315,999,Net Banking,Refunded,2024-11-04
3399,2372,999,Credit Card,Pending,2025-12-31
3400,4860,1999,Net Banking,Refunded,2025-11-04
3401,1768,199,Net Banking,Success,2022-11-26
3402,4144,3999,Cash on Delivery,Failed,2025-01-02
3403,4510,19999,Debit Card,Pending,2021-04-29
3404,3846,3999,Wallet,Success,2023-01-30
3405,1085,3999,Credit Card,Refunded,2022-11-16
3406,3756,1999,Wallet,Success,2020-04-12
3407,4493,999,Net Banking,Refunded,2020-07-19
3408,3319,199,Net Banking,Success,2021-06-15
3409,4987,19999,Wallet,Failed,2022-09-20
3410,2771,2999,Wallet,Pending,2024-01-08
3411,4683,3999,Debit Card,Success,2024-06-09
3412,2452,1499,Cash on Delivery,Success,2024-11-08
3413,985,2999,Cash on Delivery,Failed,2024-01-08
3414,2996,1499,UPI,Refunded,2026-01-26
3415,1223,9999,Cash on Delivery,Failed,2021-01-29
3416,2296,3999,Net Banking,Refunded,2021-01-24
3417,4801,6999,Wallet,Failed,2021-09-13
3418,2398,999,Cash on Delivery,Pending,2021-07-20
3419,3819,6999,Credit Card,Failed,2024-11-21
3420,3251,199,Debit Card,Refunded,2020-04-30
3421,1486,6999,Net Banking,Pending,2024-09-17
3422,2143,3999,Wallet,Refunded,2024-06-04
3423,3069,19999,Debit Card,Failed,2024-07-16
3424,3187,1999,Cash on Delivery,Failed,2026-06-03
3425,1076,14999,Credit Card,Pending,2020-08-18
3426,1710,19999,Debit Card,Failed,2020-03-02
3427,4136,999,Credit Card,Success,2025-04-05
3428,55,4999,UPI,Refunded,2021-06-02
3429,3012,14999,Credit Card,Success,2021-10-11
3430,2652,6999,UPI,Refunded,2022-12-06
3431,2871,499,Wallet,Failed,2020-07-22
3432,1844,1499,Net Banking,Failed,2022-07-24
3433,1225,2999,Debit Card,Failed,2021-07-15
3434,3442,199,Cash on Delivery,Success,2024-04-04
3435,4182,1499,UPI,Success,2020-01-22
3436,617,9999,Cash on Delivery,Success,2024-01-06
3437,3824,1999,Cash on Delivery,Pending,2024-05-04
3438,3452,999,Credit Card,Pending,2022-03-06
3439,1072,1499,Cash on Delivery,Refunded,2021-12-10
3440,2452,499,Credit Card,Pending,2024-07-15
3441,4713,14999,Cash on Delivery,Refunded,2021-08-08
3442,3372,199,Credit Card,Success,2020-05-04
3443,3477,4999,Net Banking,Success,2022-02-01
3444,1778,19999,UPI,Refunded,2020-02-26
3445,2147,1999,Wallet,Success,2023-02-05
3446,374,1499,Cash on Delivery,Failed,2025-02-08
3447,318,14999,Cash on Delivery,Pending,2024-12-08
3448,3607,14999,Net Banking,Success,2025-11-14
3449,2407,199,Credit Card,Failed,2021-11-13
3450,1667,499,Cash on Delivery,Refunded,2025-12-11
3451,3488,1999,Credit Card,Failed,2025-04-13
3452,696,1499,UPI,Pending,2024-02-19
3453,987,999,Net Banking,Pending,2020-07-30
3454,175,9999,Credit Card,Pending,2022-11-27
3455,1003,499,Cash on Delivery,Refunded,2024-07-19
3456,3258,199,Net Banking,Success,2024-09-07
3457,2439,1999,Wallet,Refunded,2020-09-12
3458,1786,1499,Wallet,Pending,2025-12-14
3459,834,2999,Debit Card,Refunded,2024-09-20
3460,3873,499,UPI,Success,2025-09-15
3461,2312,19999,Debit Card,Refunded,2026-07-11
3462,929,499,UPI,Failed,2024-11-28
3463,2141,999,Net Banking,Refunded,2022-06-28
3464,3756,199,Cash on Delivery,Refunded,2020-08-09
3465,731,9999,Credit Card,Failed,2021-07-26
3466,74,199,Debit Card,Refunded,2022-02-04
3467,1443,4999,Cash on Delivery,Pending,2025-11-01
3468,2538,4999,Wallet,Pending,2025-02-14
3469,2697,199,Credit Card,Success,2024-12-01
3470,1097,9999,Wallet,Refunded,2023-04-09
3471,3122,199,Debit Card,Success,2022-05-29
3472,2976,199,Credit Card,Failed,2022-09-30
3473,1812,14999,Debit Card,Refunded,2023-09-18
3474,2347,4999,UPI,Pending,2020-10-18
3475,4847,19999,Cash on Delivery,Failed,2025-09-19
3476,3701,3999,UPI,Success,2020-03-07
3477,1957,2999,Debit Card,Success,2023-04-20
3478,3790,9999,Wallet,Success,2021-04-03
3479,4305,14999,Net Banking,Refunded,2026-03-19
3480,4397,14999,Debit Card,Failed,2020-02-17
3481,3991,999,Wallet,Success,2023-11-18
3482,1232,1999,UPI,Success,2022-12-21
3483,338,2999,Credit Card,Pending,2020-03-26
3484,750,4999,Credit Card,Success,2024-12-30
3485,2725,1999,Cash on Delivery,Success,2020-11-02
3486,3911,999,Credit Card,Pending,2024-12-13
3487,4856,6999,Cash on Delivery,Failed,2022-08-27
3488,3498,9999,Cash on Delivery,Failed,2024-08-21
3489,456,499,Debit Card,Refunded,2024-05-28
3490,1344,3999,UPI,Failed,2024-09-13
3491,4066,999,Debit Card,Refunded,2020-04-05
3492,1477,19999,Net Banking,Failed,2020-06-23
3493,3581,1999,Wallet,Refunded,2020-07-26
3494,845,4999,Wallet,Refunded,2020-07-22
3495,2315,4999,Cash on Delivery,Success,2026-04-17
3496,2661,2999,Wallet,Pending,2024-09-23
3497,3968,199,Cash on Delivery,Success,2022-01-21
3498,3033,4999,UPI,Success,2023-12-07
3499,3877,2999,UPI,Failed,2024-12-19
3500,3500,1999,Debit Card,Failed,2025-04-24
3501,3383,499,Debit Card,Failed,2024-05-27
3502,4119,4999,UPI,Success,2025-06-12
3503,2340,1499,Credit Card,Pending,2020-01-01
3504,1197,9999,Wallet,Success,2023-07-02
3505,2363,6999,Cash on Delivery,Failed,2023-11-18
3506,1660,3999,UPI,Pending,2023-03-07
3507,4727,19999,Wallet,Success,2024-04-08
3508,11,14999,Net Banking,Success,2022-01-23
3509,1749,199,Credit Card,Success,2025-12-12
3510,2346,1999,Wallet,Pending,2021-05-04
3511,2374,199,UPI,Failed,2023-02-03
3512,2090,9999,Cash on Delivery,Refunded,2026-04-14
3513,3717,19999,Debit Card,Refunded,2022-10-23
3514,2158,4999,Debit Card,Success,2020-11-01
3515,4635,3999,Net Banking,Failed,2026-06-22
3516,4174,6999,Wallet,Refunded,2026-07-15
3517,1331,1499,Credit Card,Pending,2020-06-25
3518,4073,4999,Net Banking,Refunded,2025-03-01
3519,3064,199,UPI,Refunded,2024-12-20
3520,4374,2999,Credit Card,Success,2020-05-17
3521,1300,999,Cash on Delivery,Failed,2022-01-27
3522,1830,1499,Wallet,Refunded,2022-12-27
3523,1788,6999,Credit Card,Pending,2023-04-05
3524,3954,19999,Debit Card,Failed,2023-07-19
3525,2423,4999,UPI,Failed,2021-06-26
3526,4986,199,Cash on Delivery,Pending,2022-12-15
3527,10,1999,Cash on Delivery,Pending,2025-06-27
3528,2849,1999,Credit Card,Failed,2025-03-07
3529,3568,1499,UPI,Pending,2022-04-20
3530,26,4999,Cash on Delivery,Pending,2022-05-03
3531,612,19999,Wallet,Pending,2020-09-18
3532,1877,1999,Cash on Delivery,Failed,2025-05-25
3533,1425,1999,Cash on Delivery,Refunded,2022-02-23
3534,3696,4999,Debit Card,Failed,2024-10-15
3535,4180,1999,Credit Card,Pending,2024-07-29
3536,366,6999,Net Banking,Refunded,2021-10-20
3537,529,199,Debit Card,Pending,2022-10-02
3538,4196,3999,UPI,Success,2023-11-16
3539,4271,14999,Debit Card,Success,2020-11-05
3540,2097,2999,Net Banking,Failed,2024-06-20
3541,2052,1999,Debit Card,Success,2025-03-20
3542,1519,14999,UPI,Refunded,2020-03-29
3543,4149,9999,UPI,Failed,2023-09-09
3544,785,1999,Cash on Delivery,Success,2020-06-22
3545,2064,199,UPI,Failed,2025-02-06
3546,2728,4999,UPI,Success,2025-06-04
3547,1702,1999,Wallet,Failed,2025-09-16
3548,3274,1999,Net Banking,Pending,2025-06-12
3549,292,6999,Debit Card,Pending,2020-12-22
3550,1895,1999,Cash on Delivery,Pending,2020-07-13
3551,2310,3999,Net Banking,Failed,2020-05-09
3552,1843,3999,Wallet,Success,2025-07-06
3553,4021,1999,Net Banking,Refunded,2024-04-03
3554,4367,1499,Cash on Delivery,Success,2024-05-15
3555,2377,19999,Net Banking,Failed,2025-05-28
3556,1332,4999,Cash on Delivery,Pending,2023-01-24
3557,4703,1499,UPI,Success,2021-08-07
3558,4346,19999,Net Banking,Pending,2020-01-21
3559,3707,3999,Credit Card,Failed,2024-05-27
3560,4159,9999,Credit Card,Pending,2024-09-24
3561,4119,3999,Credit Card,Failed,2021-11-16
3562,575,14999,Credit Card,Refunded,2025-10-17
3563,1669,1499,Debit Card,Pending,2022-04-29
3564,3140,1499,Debit Card,Pending,2025-01-09
3565,4676,2999,Credit Card,Success,2022-06-09
3566,2764,9999,Debit Card,Refunded,2022-06-12
3567,403,1499,Wallet,Refunded,2021-03-23
3568,1730,499,Net Banking,Failed,2021-01-13
3569,3432,9999,Debit Card,Refunded,2024-07-31
3570,1397,19999,Cash on Delivery,Success,2025-10-27
3571,3463,1999,Wallet,Pending,2025-09-11
3572,3347,9999,Cash on Delivery,Failed,2022-05-14
3573,3090,999,Net Banking,Refunded,2021-08-15
3574,2762,3999,Cash on Delivery,Refunded,2025-11-15
3575,3191,9999,Credit Card,Refunded,2026-03-13
3576,2744,1499,Credit Card,Refunded,2021-04-03
3577,2631,2999,UPI,Refunded,2026-01-30
3578,2762,999,Cash on Delivery,Refunded,2024-01-21
3579,1638,3999,Debit Card,Failed,2021-10-13
3580,2061,1499,Cash on Delivery,Pending,2023-12-09
3581,3351,6999,Credit Card,Pending,2024-03-29
3582,3301,19999,Wallet,Pending,2024-03-13
3583,3541,19999,Cash on Delivery,Failed,2020-12-26
3584,650,3999,Debit Card,Success,2024-01-11
3585,2053,199,Cash on Delivery,Refunded,2025-11-03
3586,1998,4999,Wallet,Success,2026-05-25
3587,4669,199,Net Banking,Success,2021-07-04
3588,4344,199,Credit Card,Success,2023-12-25
3589,965,999,Cash on Delivery,Pending,2022-11-09
3590,3100,6999,Credit Card,Success,2025-02-15
3591,2528,2999,Net Banking,Success,2021-04-30
3592,4971,1499,Net Banking,Refunded,2026-02-11
3593,4638,199,Net Banking,Success,2023-06-28
3594,2878,3999,Debit Card,Failed,2022-04-29
3595,1225,199,Net Banking,Pending,2025-03-01
3596,510,999,Cash on Delivery,Refunded,2020-03-18
3597,2602,3999,UPI,Refunded,2020-05-22
3598,4014,2999,Net Banking,Pending,2025-10-31
3599,4701,9999,Debit Card,Pending,2021-12-30
3600,4637,19999,Wallet,Success,2020-09-24
3601,3288,999,Credit Card,Success,2020-11-11
3602,2662,199,Credit Card,Refunded,2020-08-12
3603,1938,999,Wallet,Refunded,2021-10-24
3604,172,199,Wallet,Success,2025-11-07
3605,2735,14999,UPI,Failed,2020-07-10
3606,4162,9999,Cash on Delivery,Failed,2025-03-05
3607,4501,2999,Debit Card,Success,2020-12-18
3608,2724,3999,Cash on Delivery,Success,2025-03-04
3609,2985,1999,Wallet,Pending,2023-11-12
3610,3155,199,Credit Card,Failed,2021-04-02
3611,4082,999,Cash on Delivery,Refunded,2023-07-07
3612,4977,1999,Credit Card,Pending,2024-09-23
3613,2874,4999,Wallet,Success,2020-10-17
3614,282,199,Wallet,Success,2025-08-18
3615,61,999,UPI,Pending,2022-02-16
3616,4703,9999,Credit Card,Success,2021-01-17
3617,4959,1499,UPI,Refunded,2024-11-22
3618,3317,2999,Wallet,Refunded,2021-02-13
3619,3531,499,UPI,Refunded,2022-02-15
3620,970,499,Credit Card,Pending,2024-05-07
3621,2441,14999,UPI,Pending,2020-09-11
3622,4067,6999,Net Banking,Refunded,2022-06-28
3623,4462,199,Net Banking,Pending,2025-07-04
3624,4684,4999,Credit Card,Failed,2021-12-13
3625,3740,4999,Wallet,Failed,2021-09-26
3626,4437,19999,Wallet,Success,2023-02-24
3627,4963,3999,UPI,Failed,2022-04-29
3628,1545,19999,Net Banking,Refunded,2020-09-01
3629,2285,3999,Net Banking,Refunded,2022-02-28
3630,1281,9999,Net Banking,Success,2021-01-22
3631,1190,4999,UPI,Success,2022-08-25
3632,3831,1999,Cash on Delivery,Failed,2022-04-01
3633,4258,6999,Net Banking,Pending,2021-10-23
3634,1457,2999,Credit Card,Success,2025-05-30
3635,123,499,UPI,Pending,2020-05-15
3636,3447,2999,Debit Card,Success,2022-09-13
3637,547,4999,Cash on Delivery,Refunded,2021-05-01
3638,3669,9999,Wallet,Success,2021-04-02
3639,113,3999,UPI,Pending,2023-09-10
3640,887,3999,Cash on Delivery,Failed,2021-07-11
3641,1018,9999,Wallet,Failed,2024-05-30
3642,3773,499,Debit Card,Refunded,2024-04-09
3643,92,499,Cash on Delivery,Pending,2026-03-21
3644,1816,2999,Cash on Delivery,Success,2020-09-12
3645,4677,9999,Net Banking,Success,2024-04-04
3646,73,19999,Credit Card,Refunded,2024-08-14
3647,538,199,Debit Card,Refunded,2022-03-19
3648,2463,9999,Net Banking,Pending,2023-09-22
3649,1272,199,Cash on Delivery,Failed,2020-04-25
3650,1043,3999,Debit Card,Success,2023-07-22
3651,3203,199,Wallet,Refunded,2022-12-01
3652,194,19999,Cash on Delivery,Refunded,2020-02-13
3653,4208,14999,Net Banking,Failed,2020-03-12
3654,3037,999,Cash on Delivery,Success,2020-06-16
3655,3266,1999,UPI,Pending,2026-06-06
3656,4400,999,UPI,Pending,2022-11-20
3657,4015,999,Cash on Delivery,Refunded,2025-06-07
3658,4541,9999,Credit Card,Failed,2021-08-20
3659,3780,3999,Cash on Delivery,Pending,2020-04-17
3660,4747,1499,Credit Card,Success,2023-03-09
3661,4238,9999,Debit Card,Success,2023-10-05
3662,4360,3999,Net Banking,Success,2022-05-12
3663,2781,199,Credit Card,Failed,2022-03-24
3664,200,19999,Cash on Delivery,Failed,2023-11-05
3665,3572,499,Cash on Delivery,Pending,2022-02-13
3666,3009,14999,Debit Card,Pending,2022-05-24
3667,4485,3999,UPI,Pending,2021-10-20
3668,1791,6999,Cash on Delivery,Pending,2022-01-30
3669,3998,9999,UPI,Success,2025-12-19
3670,968,14999,Wallet,Success,2024-02-11
3671,4250,19999,Debit Card,Success,2025-04-22
3672,2576,19999,Cash on Delivery,Refunded,2026-04-17
3673,803,199,Debit Card,Failed,2024-02-01
3674,1653,1999,Credit Card,Failed,2020-04-04
3675,4970,3999,Debit Card,Pending,2021-11-16
3676,3470,6999,Cash on Delivery,Success,2026-04-11
3677,1148,4999,Credit Card,Pending,2024-07-30
3678,2708,1499,UPI,Refunded,2024-03-07
3679,1752,1499,Cash on Delivery,Refunded,2024-10-29
3680,3442,199,Cash on Delivery,Failed,2024-02-07
3681,2815,4999,Cash on Delivery,Failed,2020-09-14
3682,318,199,Cash on Delivery,Pending,2024-07-22
3683,766,1499,UPI,Pending,2024-02-29
3684,1533,19999,Debit Card,Refunded,2024-01-02
3685,3796,3999,Wallet,Success,2025-01-23
3686,4289,499,Credit Card,Pending,2025-10-29
3687,3975,499,Debit Card,Failed,2024-12-17
3688,4771,19999,Credit Card,Refunded,2022-12-13
3689,4246,9999,Wallet,Pending,2025-02-24
3690,1931,14999,Debit Card,Failed,2026-08-05
3691,3504,14999,Credit Card,Failed,2021-02-03
3692,1297,2999,Cash on Delivery,Refunded,2024-09-27
3693,1986,9999,Debit Card,Failed,2023-09-13
3694,2856,3999,Net Banking,Pending,2021-07-24
3695,3885,499,Wallet,Pending,2021-03-20
3696,1312,9999,Credit Card,Pending,2024-04-04
3697,3767,499,Credit Card,Failed,2026-06-28
3698,2370,1999,Net Banking,Success,2020-09-14
3699,900,6999,Wallet,Pending,2024-09-05
3700,1280,499,Credit Card,Success,2021-01-08
3701,4651,1499,Net Banking,Success,2025-04-13
3702,2024,199,Wallet,Pending,2020-07-17
3703,3308,14999,Wallet,Pending,2023-01-27
3704,3940,14999,UPI,Failed,2022-01-11
3705,2149,1999,Net Banking,Pending,2023-07-22
3706,4431,1999,Credit Card,Refunded,2025-05-05
3707,1932,4999,Debit Card,Refunded,2023-08-10
3708,3797,9999,Credit Card,Failed,2025-04-27
3709,51,19999,Wallet,Failed,2020-09-27
3710,2684,1499,Debit Card,Refunded,2023-03-31
3711,65,499,Wallet,Pending,2023-02-05
3712,2240,199,UPI,Refunded,2024-02-27
3713,2210,14999,Cash on Delivery,Pending,2020-01-10
3714,3912,6999,Credit Card,Refunded,2020-07-21
3715,4252,1999,UPI,Success,2025-10-04
3716,2124,3999,UPI,Failed,2025-08-20
3717,2801,1499,Credit Card,Refunded,2022-01-04
3718,4007,199,Credit Card,Refunded,2022-05-09
3719,520,19999,Cash on Delivery,Failed,2023-06-14
3720,3602,199,Credit Card,Success,2023-11-12
3721,1549,1999,Wallet,Pending,2021-11-16
3722,964,199,UPI,Refunded,2021-10-15
3723,4616,499,Credit Card,Pending,2023-09-28
3724,3861,4999,Debit Card,Refunded,2025-05-28
3725,2851,199,Cash on Delivery,Success,2023-06-18
3726,4371,6999,Wallet,Failed,2026-05-07
3727,2444,199,Debit Card,Pending,2024-01-12
3728,135,2999,Cash on Delivery,Success,2026-01-06
3729,2378,4999,Net Banking,Refunded,2025-02-04
3730,2000,1499,Debit Card,Failed,2021-12-07
3731,2902,2999,UPI,Failed,2022-10-20
3732,1548,1499,Cash on Delivery,Pending,2021-02-15
3733,4101,999,UPI,Success,2025-05-10
3734,3985,1999,UPI,Refunded,2020-11-17
3735,1122,499,Wallet,Refunded,2023-03-29
3736,3682,19999,Wallet,Failed,2023-02-14
3737,4525,1999,Credit Card,Success,2026-01-05
3738,2506,3999,Cash on Delivery,Refunded,2020-07-17
3739,888,499,Cash on Delivery,Failed,2021-02-22
3740,719,3999,UPI,Pending,2020-12-20
3741,783,9999,UPI,Failed,2024-11-25
3742,2943,999,Net Banking,Refunded,2023-07-18
3743,1687,14999,Debit Card,Pending,2021-12-13
3744,719,14999,Cash on Delivery,Success,2025-05-28
3745,4837,199,Credit Card,Failed,2023-08-07
3746,2647,1999,UPI,Success,2022-06-06
3747,1501,999,Net Banking,Refunded,2021-11-29
3748,2540,3999,Cash on Delivery,Refunded,2025-11-22
3749,783,2999,Cash on Delivery,Refunded,2026-03-31
3750,4775,9999,Credit Card,Refunded,2023-09-01
3751,4907,1499,UPI,Refunded,2026-03-14
3752,1068,499,UPI,Pending,2020-07-22
3753,3048,4999,UPI,Failed,2020-08-09
3754,2483,6999,Wallet,Success,2024-02-03
3755,2614,14999,Wallet,Refunded,2023-12-05
3756,410,14999,Cash on Delivery,Pending,2025-10-12
3757,408,6999,UPI,Success,2026-03-06
3758,4038,14999,Wallet,Success,2024-11-04
3759,4529,999,Wallet,Success,2024-08-30
3760,4021,2999,Wallet,Refunded,2025-03-13
3761,722,9999,Credit Card,Pending,2020-05-01
3762,1045,6999,Net Banking,Success,2022-08-08
3763,1297,999,Net Banking,Pending,2021-09-09
3764,2012,999,Debit Card,Pending,2022-11-10
3765,2847,199,UPI,Refunded,2020-05-07
3766,4330,4999,Cash on Delivery,Pending,2021-06-11
3767,4505,1499,Net Banking,Refunded,2025-06-30
3768,2649,999,Credit Card,Refunded,2022-02-20
3769,850,14999,Wallet,Pending,2024-08-01
3770,3319,1499,Credit Card,Pending,2021-02-18
3771,3275,4999,Net Banking,Success,2020-05-05
3772,1776,199,Cash on Delivery,Failed,2022-01-12
3773,513,3999,Credit Card,Pending,2021-05-20
3774,2721,2999,Debit Card,Failed,2023-08-18
3775,3904,3999,Cash on Delivery,Pending,2024-07-01
3776,597,999,Net Banking,Failed,2020-08-22
3777,1777,1999,Credit Card,Failed,2020-07-04
3778,210,9999,UPI,Failed,2024-09-25
3779,148,1499,Debit Card,Failed,2022-08-30
3780,257,19999,UPI,Pending,2022-08-05
3781,2300,1999,Cash on Delivery,Success,2021-03-05
3782,1396,4999,Wallet,Pending,2021-10-08
3783,2924,199,Credit Card,Pending,2021-09-28
3784,2175,19999,Debit Card,Pending,2021-10-27
3785,2111,4999,Credit Card,Failed,2021-09-23
3786,3718,4999,UPI,Failed,2023-03-08
3787,3810,999,Wallet,Pending,2025-11-17
3788,785,9999,Credit Card,Success,2021-03-16
3789,1312,2999,Net Banking,Failed,2026-01-30
3790,2612,19999,Credit Card,Refunded,2020-02-03
3791,3288,499,Debit Card,Pending,2024-02-03
3792,4222,999,UPI,Success,2020-01-18
3793,4204,4999,Cash on Delivery,Refunded,2021-01-19
3794,2899,9999,Wallet,Pending,2020-05-04
3795,3724,2999,Credit Card,Success,2024-12-10
3796,3296,2999,Credit Card,Refunded,2023-02-04
3797,4981,1999,Cash on Delivery,Failed,2021-01-03
3798,2290,199,Wallet,Success,2023-04-01
3799,4298,999,Debit Card,Pending,2023-05-31
3800,1539,14999,UPI,Refunded,2023-01-12
3801,630,2999,Credit Card,Success,2022-12-16
3802,3362,1499,Cash on Delivery,Failed,2022-06-01
3803,440,14999,Net Banking,Refunded,2021-09-17
3804,692,9999,UPI,Failed,2025-01-23
3805,3413,1999,UPI,Success,2024-07-07
3806,2364,19999,Credit Card,Refunded,2026-02-13
3807,2906,1999,Wallet,Failed,2024-06-11
3808,1972,999,Wallet,Success,2025-05-13
3809,1530,2999,Credit Card,Failed,2020-11-08
3810,2925,9999,Credit Card,Success,2024-06-09
3811,2757,4999,Credit Card,Refunded,2023-08-10
3812,3236,3999,Credit Card,Success,2020-09-08
3813,1080,6999,Debit Card,Pending,2020-06-09
3814,1378,1499,Debit Card,Failed,2023-02-12
3815,3355,499,Net Banking,Refunded,2024-06-24
3816,2895,1499,Credit Card,Pending,2022-07-27
3817,3460,2999,UPI,Success,2024-01-06
3818,1368,9999,Net Banking,Failed,2021-11-25
3819,1145,1999,UPI,Success,2025-06-15
3820,4949,19999,Debit Card,Refunded,2022-10-15
3821,1110,499,Net Banking,Pending,2021-04-09
3822,4768,6999,Cash on Delivery,Pending,2025-02-07
3823,254,14999,Net Banking,Refunded,2024-04-18
3824,2184,14999,Net Banking,Failed,2020-06-27
3825,4500,2999,Debit Card,Pending,2020-05-11
3826,1230,999,Cash on Delivery,Refunded,2024-06-19
3827,2391,3999,Debit Card,Pending,2026-01-08
3828,2148,9999,Credit Card,Failed,2020-12-25
3829,1931,199,Credit Card,Refunded,2025-11-21
3830,1764,199,Net Banking,Pending,2026-01-15
3831,538,19999,Debit Card,Success,2026-03-15
3832,2969,1999,Wallet,Pending,2023-02-27
3833,3001,199,Cash on Delivery,Refunded,2024-03-24
3834,3081,499,Net Banking,Refunded,2021-09-25
3835,2596,499,Wallet,Success,2023-12-31
3836,4670,6999,Net Banking,Success,2022-04-10
3837,4807,14999,Debit Card,Refunded,2023-09-28
3838,565,199,Credit Card,Failed,2022-05-25
3839,3536,9999,Net Banking,Success,2023-09-26
3840,1381,19999,Credit Card,Success,2023-01-18
3841,3437,199,Cash on Delivery,Refunded,2023-01-06
3842,2449,999,UPI,Pending,2020-08-17
3843,4523,1499,Credit Card,Success,2021-01-16
3844,46,499,Debit Card,Success,2023-12-14
3845,1668,4999,Credit Card,Pending,2024-12-21
3846,1308,1499,Cash on Delivery,Refunded,2024-09-25
3847,1330,6999,Debit Card,Failed,2025-10-03
3848,4452,4999,UPI,Refunded,2026-01-15
3849,1769,6999,Net Banking,Success,2020-07-17
3850,2201,499,Net Banking,Success,2021-07-26
3851,606,4999,UPI,Success,2021-10-13
3852,260,6999,UPI,Refunded,2022-12-06
3853,4828,1999,Cash on Delivery,Success,2025-08-14
3854,2281,999,Debit Card,Success,2021-08-21
3855,1502,999,UPI,Pending,2021-01-12
3856,1274,9999,Debit Card,Refunded,2024-09-09
3857,835,1999,Debit Card,Success,2024-03-21
3858,2896,1999,UPI,Failed,2026-03-24
3859,1010,1499,UPI,Success,2022-09-15
3860,3363,1999,Cash on Delivery,Refunded,2020-09-02
3861,524,1999,Debit Card,Failed,2020-03-02
3862,236,1499,Cash on Delivery,Success,2025-04-28
3863,439,4999,Credit Card,Failed,2025-07-28
3864,3562,199,Net Banking,Failed,2023-11-22
3865,1133,14999,Net Banking,Pending,2022-04-28
3866,2169,2999,UPI,Pending,2022-08-29
3867,4665,14999,Net Banking,Refunded,2024-05-31
3868,314,1999,Net Banking,Refunded,2024-04-06
3869,4767,14999,Credit Card,Failed,2025-04-20
3870,3841,999,Cash on Delivery,Failed,2026-05-30
3871,2247,2999,Cash on Delivery,Failed,2026-04-24
3872,1994,2999,Cash on Delivery,Failed,2021-07-05
3873,969,6999,Credit Card,Failed,2021-02-14
3874,4259,199,Debit Card,Failed,2022-04-25
3875,209,19999,UPI,Refunded,2024-04-28
3876,1372,1499,Wallet,Refunded,2022-06-10
3877,1534,999,Credit Card,Pending,2025-04-21
3878,1571,4999,Cash on Delivery,Refunded,2021-12-20
3879,1994,19999,Credit Card,Refunded,2020-07-10
3880,3444,14999,Cash on Delivery,Success,2023-11-17
3881,3316,999,UPI,Pending,2022-06-15
3882,2468,3999,Debit Card,Failed,2021-09-01
3883,3228,999,Credit Card,Pending,2021-10-16
3884,930,9999,Wallet,Failed,2025-03-27
3885,3364,6999,Debit Card,Failed,2022-05-23
3886,1293,2999,Wallet,Success,2022-10-04
3887,1726,6999,Debit Card,Failed,2022-07-27
3888,975,6999,Wallet,Pending,2026-02-21
3889,2897,19999,Cash on Delivery,Pending,2021-09-26
3890,261,2999,Cash on Delivery,Pending,2020-08-01
3891,489,2999,Credit Card,Refunded,2024-01-11
3892,2400,1999,Wallet,Refunded,2023-10-02
3893,3606,1999,Cash on Delivery,Success,2021-05-25
3894,420,199,Debit Card,Pending,2023-10-26
3895,1946,19999,Wallet,Refunded,2025-02-21
3896,3895,199,UPI,Success,2021-09-19
3897,4280,999,Net Banking,Pending,2020-02-27
3898,3551,14999,Cash on Delivery,Failed,2024-08-27
3899,4908,4999,Wallet,Success,2022-06-24
3900,1721,9999,Wallet,Refunded,2021-04-14
3901,4244,499,Debit Card,Failed,2026-08-06
3902,4962,999,Net Banking,Pending,2021-09-19
3903,514,4999,UPI,Success,2024-03-02
3904,2836,499,Debit Card,Pending,2022-09-28
3905,4714,3999,Net Banking,Refunded,2024-03-25
3906,1152,999,Debit Card,Pending,2023-10-04
3907,2420,1499,UPI,Refunded,2026-04-27
3908,3344,199,Net Banking,Pending,2020-02-28
3909,1573,2999,Wallet,Refunded,2026-07-02
3910,2501,19999,Credit Card,Pending,2025-03-19
3911,631,9999,Cash on Delivery,Refunded,2025-02-19
3912,4848,9999,UPI,Failed,2021-07-13
3913,4523,1999,Cash on Delivery,Refunded,2022-09-08
3914,206,2999,UPI,Pending,2021-12-27
3915,4469,6999,UPI,Pending,2026-06-04
3916,937,999,UPI,Pending,2025-03-11
3917,4521,499,Credit Card,Success,2025-07-30
3918,1546,1499,Net Banking,Failed,2021-03-07
3919,4918,2999,UPI,Pending,2026-04-13
3920,2304,999,Cash on Delivery,Refunded,2022-05-21
3921,2792,2999,Net Banking,Pending,2024-02-22
3922,2089,499,Net Banking,Success,2025-08-06
3923,4261,199,Wallet,Failed,2026-03-09
3924,3181,499,Net Banking,Success,2021-11-13
3925,425,4999,Net Banking,Success,2022-07-13
3926,3811,1999,UPI,Refunded,2022-02-08
3927,498,19999,Debit Card,Pending,2026-05-26
3928,1634,3999,Debit Card,Failed,2020-04-16
3929,3083,2999,Credit Card,Failed,2022-04-08
3930,3985,199,UPI,Failed,2022-05-14
3931,3808,999,Net Banking,Refunded,2024-07-04
3932,4087,3999,Credit Card,Failed,2022-02-06
3933,942,19999,Debit Card,Refunded,2021-11-02
3934,4511,3999,Cash on Delivery,Refunded,2021-08-25
3935,2076,9999,Net Banking,Pending,2022-10-04
3936,3058,999,Credit Card,Success,2022-06-12
3937,2393,3999,Credit Card,Success,2024-05-11
3938,3791,3999,UPI,Failed,2025-03-12
3939,493,999,Wallet,Refunded,2023-08-24
3940,2287,499,UPI,Refunded,2025-04-09
3941,1725,19999,UPI,Success,2024-03-23
3942,1240,14999,Wallet,Refunded,2023-02-23
3943,467,999,Credit Card,Pending,2020-06-23
3944,3019,6999,Credit Card,Pending,2021-10-11
3945,4172,19999,Debit Card,Failed,2021-01-22
3946,744,9999,UPI,Refunded,2024-12-26
3947,1468,3999,Debit Card,Refunded,2025-03-22
3948,4556,1999,UPI,Refunded,2020-02-14
3949,4756,14999,UPI,Pending,2022-11-17
3950,4720,6999,Debit Card,Pending,2026-04-29
3951,3655,9999,Debit Card,Refunded,2023-09-16
3952,3086,14999,Debit Card,Pending,2025-06-10
3953,2721,9999,Debit Card,Failed,2021-11-03
3954,1773,1999,Cash on Delivery,Refunded,2022-12-05
3955,3532,6999,Net Banking,Failed,2024-05-14
3956,2038,14999,Debit Card,Pending,2025-01-10
3957,1699,2999,UPI,Refunded,2025-10-12
3958,2212,2999,Net Banking,Success,2021-07-16
3959,1153,4999,Net Banking,Failed,2025-02-27
3960,2213,4999,Debit Card,Success,2021-03-27
3961,286,1499,UPI,Failed,2020-08-21
3962,401,19999,Net Banking,Refunded,2020-07-20
3963,3513,199,Debit Card,Pending,2025-08-30
3964,2370,2999,Cash on Delivery,Failed,2022-06-01
3965,1260,1999,Wallet,Pending,2020-04-15
3966,1372,199,Debit Card,Success,2022-06-22
3967,438,2999,Debit Card,Refunded,2025-07-23
3968,3063,1499,Cash on Delivery,Failed,2023-01-06
3969,4359,6999,UPI,Pending,2026-02-23
3970,4219,6999,Net Banking,Pending,2021-12-09
3971,1606,2999,Credit Card,Failed,2026-03-10
3972,4364,499,UPI,Failed,2021-08-29
3973,2134,6999,Cash on Delivery,Refunded,2024-05-06
3974,465,14999,Cash on Delivery,Failed,2021-09-25
3975,1347,6999,Cash on Delivery,Failed,2025-02-23
3976,1798,14999,UPI,Success,2023-01-01
3977,3567,6999,Credit Card,Refunded,2026-07-18
3978,1307,14999,Debit Card,Pending,2026-05-14
3979,3918,3999,Cash on Delivery,Refunded,2022-03-27
3980,188,9999,UPI,Failed,2024-10-29
3981,1699,1999,UPI,Refunded,2025-08-29
3982,408,4999,Credit Card,Refunded,2026-03-11
3983,173,19999,Cash on Delivery,Success,2024-11-25
3984,1132,14999,Cash on Delivery,Success,2024-01-10
3985,2818,499,Wallet,Pending,2025-06-27
3986,736,19999,Credit Card,Failed,2022-03-10
3987,1851,1999,Cash on Delivery,Refunded,2021-07-18
3988,3859,1999,Wallet,Success,2026-05-06
3989,2739,999,Credit Card,Refunded,2020-12-04
3990,4456,999,Credit Card,Failed,2020-09-04
3991,2232,19999,Credit Card,Refunded,2020-06-16
3992,4775,1499,Credit Card,Failed,2020-10-28
3993,1320,14999,Cash on Delivery,Refunded,2021-03-06
3994,2434,499,UPI,Success,2022-08-06
3995,975,6999,Net Banking,Failed,2025-05-26
3996,2305,6999,Net Banking,Pending,2024-10-30
3997,2510,9999,UPI,Refunded,2024-01-10
3998,1408,999,Cash on Delivery,Refunded,2020-12-02
3999,4973,9999,Wallet,Pending,2026-06-29
4000,4645,4999,Cash on Delivery,Success,2024-03-12
4001,558,1999,UPI,Refunded,2024-12-27
4002,2065,199,Net Banking,Refunded,2023-03-21
4003,784,4999,UPI,Success,2025-12-18
4004,1715,2999,Net Banking,Pending,2020-01-11
4005,1205,3999,UPI,Refunded,2022-06-26
4006,2193,1999,Wallet,Success,2022-07-15
4007,699,19999,UPI,Failed,2020-11-30
4008,2850,1499,Debit Card,Pending,2026-03-18
4009,3826,1999,Wallet,Success,2025-09-19
4010,1384,9999,Wallet,Pending,2024-08-21
4011,3279,999,Cash on Delivery,Success,2023-12-25
4012,387,9999,Credit Card,Refunded,2025-04-15
4013,570,199,Debit Card,Pending,2026-03-06
4014,2818,9999,Wallet,Pending,2021-10-04
4015,1528,999,Debit Card,Refunded,2021-06-06
4016,1759,999,Wallet,Success,2024-11-02
4017,4410,499,Wallet,Success,2025-11-08
4018,2461,1999,Credit Card,Failed,2024-05-26
4019,1366,1499,Net Banking,Failed,2022-07-10
4020,996,4999,Debit Card,Pending,2025-08-19
4021,2925,499,Cash on Delivery,Refunded,2022-10-27
4022,836,499,Wallet,Pending,2021-07-30
4023,1037,3999,Credit Card,Refunded,2025-03-30
4024,828,1499,Cash on Delivery,Pending,2020-03-12
4025,2782,19999,Wallet,Refunded,2023-04-04
4026,1156,6999,Debit Card,Failed,2025-11-26
4027,2779,3999,Net Banking,Pending,2025-04-01
4028,969,999,Debit Card,Success,2024-10-19
4029,1692,2999,Net Banking,Failed,2020-04-21
4030,2490,499,UPI,Pending,2023-06-17
4031,3585,4999,Credit Card,Failed,2022-04-09
4032,4881,19999,Wallet,Refunded,2020-02-06
4033,725,9999,Credit Card,Pending,2021-10-27
4034,2817,1499,Cash on Delivery,Pending,2024-08-20
4035,1803,1499,Cash on Delivery,Refunded,2020-08-22
4036,980,19999,Wallet,Pending,2021-09-15
4037,1933,1499,Wallet,Failed,2022-07-18
4038,3581,14999,Credit Card,Success,2023-11-19
4039,4617,499,Net Banking,Refunded,2024-09-12
4040,1325,19999,UPI,Success,2021-05-23
4041,2005,2999,Net Banking,Success,2020-03-07
4042,1794,4999,UPI,Success,2021-07-26
4043,1553,6999,Net Banking,Success,2024-10-15
4044,3656,999,Credit Card,Success,2020-06-12
4045,1920,6999,Debit Card,Pending,2022-05-02
4046,1479,2999,Wallet,Success,2022-06-24
4047,976,199,Debit Card,Refunded,2026-03-31
4048,1732,9999,Debit Card,Refunded,2020-03-26
4049,3698,14999,UPI,Pending,2021-10-07
4050,1924,1999,UPI,Refunded,2022-06-06
4051,4260,14999,Wallet,Success,2021-10-21
4052,3155,2999,UPI,Success,2025-03-02
4053,1614,2999,Debit Card,Pending,2025-06-08
4054,830,6999,UPI,Success,2023-02-16
4055,194,999,Net Banking,Pending,2024-09-21
4056,3409,6999,Credit Card,Failed,2020-11-23
4057,1358,999,Wallet,Failed,2021-07-22
4058,3676,2999,Credit Card,Success,2020-01-23
4059,2019,1499,Cash on Delivery,Success,2020-06-01
4060,4125,999,Net Banking,Failed,2023-04-24
4061,4019,6999,Credit Card,Failed,2020-01-09
4062,491,1999,Credit Card,Success,2021-03-26
4063,3575,2999,Cash on Delivery,Refunded,2021-02-20
4064,714,999,Cash on Delivery,Success,2023-04-05
4065,706,4999,UPI,Success,2022-03-04
4066,4569,19999,Credit Card,Success,2026-07-06
4067,3261,1499,UPI,Pending,2025-04-05
4068,2662,4999,Cash on Delivery,Success,2025-11-13
4069,4751,19999,Credit Card,Pending,2021-01-23
4070,4874,999,Wallet,Success,2024-07-19
4071,3631,19999,UPI,Refunded,2020-10-01
4072,1953,3999,Credit Card,Success,2023-11-02
4073,1401,1999,Wallet,Pending,2025-12-02
4074,3690,14999,Net Banking,Refunded,2024-07-17
4075,2803,14999,Cash on Delivery,Failed,2023-08-22
4076,7,199,Debit Card,Refunded,2024-09-15
4077,2682,4999,UPI,Refunded,2020-08-14
4078,959,1999,Debit Card,Refunded,2025-05-05
4079,1935,1999,Debit Card,Pending,2024-11-18
4080,41,6999,Debit Card,Refunded,2020-10-05
4081,2579,4999,Credit Card,Pending,2025-01-01
4082,260,9999,Cash on Delivery,Pending,2021-10-19
4083,2536,6999,Debit Card,Pending,2026-02-18
4084,4685,999,Cash on Delivery,Failed,2025-05-17
4085,4878,1999,Net Banking,Failed,2023-08-04
4086,4518,14999,Net Banking,Refunded,2024-12-02
4087,2862,14999,Net Banking,Refunded,2021-03-11
4088,4647,499,Wallet,Pending,2020-09-18
4089,838,14999,Net Banking,Refunded,2021-04-03
4090,3342,4999,Credit Card,Refunded,2022-07-11
4091,537,499,UPI,Failed,2024-10-17
4092,1065,499,Net Banking,Failed,2022-05-02
4093,2369,4999,UPI,Success,2023-06-04
4094,971,4999,Debit Card,Failed,2021-04-11
4095,713,199,UPI,Pending,2022-02-11
4096,3955,3999,UPI,Refunded,2022-09-06
4097,485,1499,UPI,Pending,2021-12-27
4098,3847,14999,Debit Card,Pending,2024-03-17
4099,3355,199,Cash on Delivery,Refunded,2023-05-05
4100,2874,6999,Wallet,Failed,2023-10-08
4101,4418,19999,Cash on Delivery,Failed,2025-12-21
4102,3619,14999,Net Banking,Success,2020-05-13
4103,1723,2999,Cash on Delivery,Success,2021-07-07
4104,2171,9999,Cash on Delivery,Failed,2024-09-07
4105,1084,1999,Credit Card,Success,2025-10-05
4106,408,3999,Cash on Delivery,Success,2020-03-24
4107,1559,499,Credit Card,Pending,2023-05-20
4108,1509,1499,Cash on Delivery,Pending,2024-06-11
4109,3897,499,Wallet,Failed,2021-09-13
4110,4131,19999,UPI,Failed,2024-10-25
4111,4604,999,Credit Card,Failed,2020-01-07
4112,1937,999,Wallet,Failed,2026-02-24
4113,1473,6999,Net Banking,Success,2021-01-29
4114,2983,4999,Net Banking,Failed,2022-02-02
4115,2981,9999,Net Banking,Pending,2020-06-18
4116,2671,999,Credit Card,Refunded,2020-12-07
4117,4860,3999,Debit Card,Failed,2026-02-15
4118,1157,6999,Cash on Delivery,Failed,2022-05-05
4119,4495,3999,Credit Card,Success,2025-05-15
4120,1041,3999,UPI,Refunded,2026-06-29
4121,139,3999,UPI,Pending,2026-07-10
4122,4862,19999,Credit Card,Failed,2022-08-04
4123,1776,9999,Cash on Delivery,Pending,2023-03-13
4124,275,9999,Cash on Delivery,Success,2024-04-06
4125,3691,19999,Cash on Delivery,Refunded,2023-01-23
4126,4709,1499,UPI,Refunded,2023-12-01
4127,1179,499,Cash on Delivery,Refunded,2023-08-14
4128,2070,9999,Net Banking,Failed,2024-06-20
4129,654,14999,Debit Card,Pending,2026-02-04
4130,226,6999,Net Banking,Failed,2021-08-19
4131,2846,6999,Cash on Delivery,Pending,2023-07-31
4132,150,2999,Credit Card,Refunded,2024-06-23
4133,855,6999,UPI,Failed,2023-11-13
4134,4935,2999,Credit Card,Failed,2023-09-16
4135,2773,2999,Cash on Delivery,Refunded,2024-01-12
4136,4595,1499,Wallet,Failed,2026-07-18
4137,2812,14999,Wallet,Refunded,2020-08-01
4138,477,2999,Cash on Delivery,Pending,2022-12-09
4139,3284,2999,Wallet,Pending,2023-05-07
4140,595,2999,Credit Card,Failed,2021-10-05
4141,2239,499,Cash on Delivery,Refunded,2026-02-11
4142,2915,19999,Cash on Delivery,Pending,2026-04-06
4143,4316,1999,Cash on Delivery,Pending,2025-06-16
4144,3665,9999,Cash on Delivery,Failed,2020-03-21
4145,516,199,Cash on Delivery,Failed,2023-05-31
4146,3011,4999,Debit Card,Refunded,2020-02-20
4147,825,1499,UPI,Pending,2024-06-01
4148,2016,9999,Credit Card,Failed,2026-06-10
4149,4653,2999,UPI,Pending,2020-10-07
4150,3117,14999,Wallet,Refunded,2021-02-18
4151,2320,1499,Wallet,Failed,2024-07-22
4152,1963,4999,Cash on Delivery,Pending,2025-09-12
4153,3627,199,Cash on Delivery,Refunded,2022-06-21
4154,3381,9999,Cash on Delivery,Pending,2023-11-21
4155,1660,1999,UPI,Refunded,2023-08-08
4156,4193,19999,UPI,Refunded,2022-07-18
4157,2168,3999,UPI,Failed,2022-05-06
4158,2174,19999,Debit Card,Refunded,2021-12-07
4159,1800,1499,Wallet,Success,2025-06-16
4160,101,4999,Credit Card,Refunded,2021-09-28
4161,4742,199,Cash on Delivery,Success,2021-11-01
4162,272,3999,Cash on Delivery,Refunded,2024-02-08
4163,4019,999,UPI,Success,2025-11-14
4164,2444,1999,Wallet,Failed,2021-06-02
4165,1163,19999,Net Banking,Success,2023-03-23
4166,103,3999,Wallet,Pending,2025-06-28
4167,3280,999,Net Banking,Success,2020-05-20
4168,4906,999,Credit Card,Refunded,2024-01-01
4169,510,999,Net Banking,Success,2022-06-05
4170,4612,9999,Debit Card,Success,2023-06-16
4171,4487,19999,Wallet,Pending,2021-06-27
4172,3843,1499,Wallet,Failed,2023-09-01
4173,1106,1999,Net Banking,Success,2025-08-31
4174,2498,9999,Debit Card,Pending,2025-08-14
4175,3545,199,Cash on Delivery,Refunded,2021-01-22
4176,4510,6999,UPI,Failed,2022-02-16
4177,2127,9999,Wallet,Pending,2023-02-25
4178,3769,19999,Wallet,Failed,2020-10-12
4179,4462,6999,UPI,Pending,2022-02-17
4180,360,199,Debit Card,Failed,2024-10-08
4181,2197,14999,Credit Card,Pending,2020-02-01
4182,2884,1999,UPI,Failed,2023-12-11
4183,4507,1499,Net Banking,Pending,2021-02-12
4184,4988,1499,Wallet,Pending,2026-04-14
4185,1490,9999,Credit Card,Refunded,2024-09-08
4186,1310,9999,Wallet,Failed,2023-02-05
4187,1180,1499,Credit Card,Failed,2021-05-24
4188,1946,2999,Credit Card,Refunded,2025-12-02
4189,1017,9999,Net Banking,Failed,2023-03-22
4190,4816,19999,UPI,Success,2021-12-24
4191,983,499,Cash on Delivery,Refunded,2022-04-06
4192,4019,1499,Debit Card,Failed,2022-05-04
4193,254,3999,Net Banking,Success,2023-04-05
4194,2608,199,Debit Card,Pending,2023-08-25
4195,4119,499,Net Banking,Refunded,2025-03-25
4196,4700,3999,Cash on Delivery,Pending,2024-03-22
4197,4806,14999,Debit Card,Success,2023-06-21
4198,1175,1999,Debit Card,Failed,2026-03-03
4199,3068,199,Cash on Delivery,Failed,2021-02-28
4200,2431,4999,Credit Card,Success,2020-08-27
4201,4736,3999,Debit Card,Refunded,2022-06-21
4202,3048,14999,Wallet,Failed,2021-09-20
4203,2951,2999,Wallet,Failed,2026-02-25
4204,3910,1999,Credit Card,Success,2024-03-18
4205,1250,19999,Cash on Delivery,Failed,2021-04-28
4206,2617,6999,Net Banking,Success,2023-05-28
4207,2102,199,Debit Card,Pending,2025-05-07
4208,770,6999,UPI,Refunded,2021-01-01
4209,1414,6999,Credit Card,Failed,2025-04-19
4210,3915,3999,Cash on Delivery,Success,2024-05-03
4211,87,14999,Net Banking,Success,2024-10-01
4212,3039,999,Wallet,Failed,2025-08-31
4213,1500,1999,Debit Card,Refunded,2023-05-21
4214,4818,19999,Net Banking,Pending,2021-12-16
4215,4139,4999,Wallet,Failed,2020-08-27
4216,32,199,Wallet,Failed,2024-01-07
4217,527,3999,Net Banking,Failed,2023-06-08
4218,419,9999,UPI,Success,2023-03-12
4219,1386,199,Credit Card,Refunded,2025-04-26
4220,4673,4999,Net Banking,Success,2024-04-26
4221,799,3999,Debit Card,Refunded,2026-05-19
4222,2573,6999,Wallet,Failed,2022-11-27
4223,913,14999,Credit Card,Pending,2025-06-21
4224,1613,499,Wallet,Refunded,2021-05-25
4225,4274,14999,Net Banking,Failed,2025-03-25
4226,1707,1999,Wallet,Failed,2023-11-17
4227,3699,1999,UPI,Refunded,2021-04-07
4228,1287,4999,Debit Card,Success,2021-04-13
4229,4815,9999,UPI,Success,2024-07-22
4230,1129,1999,Credit Card,Refunded,2022-01-19
4231,3574,499,UPI,Success,2020-06-30
4232,2220,3999,Wallet,Success,2024-10-16
4233,1652,14999,Wallet,Failed,2026-05-15
4234,3317,3999,Debit Card,Success,2022-10-07
4235,2804,9999,UPI,Failed,2021-04-08
4236,2349,9999,Cash on Delivery,Pending,2026-07-18
4237,4669,199,Cash on Delivery,Success,2023-06-22
4238,2289,9999,Credit Card,Success,2022-06-25
4239,1329,199,UPI,Pending,2026-01-08
4240,459,1999,UPI,Refunded,2021-01-29
4241,1866,14999,Cash on Delivery,Success,2025-05-05
4242,1377,3999,Net Banking,Failed,2020-01-26
4243,4232,9999,Net Banking,Refunded,2020-03-22
4244,2828,999,UPI,Failed,2023-12-30
4245,1793,19999,Cash on Delivery,Success,2020-01-09
4246,4556,9999,Net Banking,Failed,2021-11-02
4247,1972,19999,Debit Card,Refunded,2023-11-13
4248,2706,6999,Credit Card,Pending,2021-01-20
4249,3205,2999,Net Banking,Refunded,2023-03-29
4250,15,3999,UPI,Pending,2023-06-09
4251,4480,19999,Debit Card,Refunded,2021-10-09
4252,1081,2999,Credit Card,Success,2026-07-25
4253,430,1499,Net Banking,Failed,2021-06-14
4254,728,6999,Wallet,Failed,2026-05-01
4255,339,4999,Credit Card,Success,2020-10-30
4256,4323,199,UPI,Failed,2022-04-23
4257,7,1499,Credit Card,Failed,2020-05-08
4258,4220,9999,Debit Card,Pending,2024-05-11
4259,2375,199,UPI,Failed,2025-02-26
4260,4339,1999,Cash on Delivery,Success,2024-05-23
4261,4269,9999,Wallet,Failed,2020-07-27
4262,1408,14999,Debit Card,Success,2022-11-21
4263,747,14999,Cash on Delivery,Success,2025-06-07
4264,237,4999,UPI,Pending,2020-04-07
4265,3186,1999,Net Banking,Pending,2024-03-27
4266,4289,3999,Credit Card,Refunded,2023-10-05
4267,4421,2999,Cash on Delivery,Refunded,2022-08-20
4268,3853,199,Debit Card,Refunded,2022-10-29
4269,3997,1499,Cash on Delivery,Success,2023-09-02
4270,295,6999,Cash on Delivery,Refunded,2023-02-24
4271,245,6999,Wallet,Failed,2021-05-20
4272,3488,499,Wallet,Pending,2021-09-18
4273,4693,19999,UPI,Failed,2021-06-01
4274,3985,499,Credit Card,Refunded,2025-02-05
4275,4730,999,UPI,Refunded,2026-03-23
4276,3552,6999,UPI,Pending,2021-01-11
4277,4775,1499,Wallet,Pending,2025-07-10
4278,71,1999,Wallet,Pending,2020-03-17
4279,4102,19999,Cash on Delivery,Refunded,2023-02-15
4280,3241,6999,UPI,Failed,2021-12-08
4281,1707,3999,Cash on Delivery,Pending,2023-04-15
4282,4142,2999,Credit Card,Failed,2021-10-14
4283,2445,499,Debit Card,Failed,2022-06-04
4284,2618,2999,Cash on Delivery,Refunded,2025-03-30
4285,4266,1999,UPI,Success,2021-06-23
4286,1143,2999,Cash on Delivery,Failed,2024-11-20
4287,900,2999,Net Banking,Failed,2022-07-08
4288,4376,6999,Net Banking,Success,2021-04-19
4289,976,19999,UPI,Refunded,2023-06-12
4290,824,499,Wallet,Success,2021-07-07
4291,600,1999,Debit Card,Pending,2024-12-17
4292,1021,3999,UPI,Refunded,2021-08-02
4293,2966,199,Cash on Delivery,Refunded,2023-02-23
4294,2035,999,UPI,Success,2024-05-26
4295,1970,1999,Cash on Delivery,Refunded,2020-02-17
4296,2000,9999,UPI,Refunded,2023-04-01
4297,1692,2999,Credit Card,Refunded,2025-03-01
4298,3381,1499,Cash on Delivery,Success,2024-03-06
4299,1630,6999,Credit Card,Pending,2021-02-14
4300,3049,6999,Cash on Delivery,Failed,2021-04-20
4301,4221,3999,Net Banking,Refunded,2024-10-31
4302,604,3999,Debit Card,Failed,2022-05-31
4303,4786,999,Cash on Delivery,Pending,2024-05-25
4304,2218,499,Net Banking,Pending,2021-01-16
4305,801,999,Wallet,Success,2026-01-28
4306,3445,14999,Net Banking,Failed,2020-02-19
4307,3638,9999,Net Banking,Pending,2022-04-14
4308,4648,4999,Debit Card,Failed,2026-05-07
4309,973,6999,Debit Card,Pending,2025-05-16
4310,3153,499,Debit Card,Refunded,2024-09-11
4311,4962,499,Net Banking,Pending,2020-11-22
4312,3129,19999,Cash on Delivery,Success,2024-11-30
4313,1896,999,Wallet,Pending,2020-11-18
4314,3386,4999,Debit Card,Failed,2023-06-27
4315,2482,14999,Wallet,Success,2025-03-11
4316,4965,4999,Debit Card,Success,2022-06-24
4317,2012,4999,Debit Card,Pending,2025-09-15
4318,3430,499,UPI,Refunded,2023-07-18
4319,2609,6999,Wallet,Failed,2026-01-04
4320,4411,4999,Cash on Delivery,Pending,2020-06-27
4321,1337,2999,Wallet,Success,2023-05-18
4322,3188,4999,Wallet,Refunded,2020-11-24
4323,327,3999,Cash on Delivery,Pending,2020-04-12
4324,1804,6999,Cash on Delivery,Refunded,2026-02-18
4325,3443,499,Cash on Delivery,Success,2022-09-08
4326,421,19999,Credit Card,Success,2023-10-14
4327,93,199,Wallet,Pending,2026-02-17
4328,3879,6999,UPI,Success,2021-12-13
4329,3702,1499,Net Banking,Success,2022-01-13
4330,1330,2999,UPI,Refunded,2025-11-17
4331,2921,499,Wallet,Pending,2022-08-13
4332,3596,19999,UPI,Refunded,2021-01-26
4333,4913,1499,Wallet,Success,2021-12-26
4334,2378,9999,Net Banking,Success,2026-08-03
4335,286,4999,Net Banking,Pending,2025-03-01
4336,4310,6999,Debit Card,Failed,2022-08-24
4337,173,4999,Wallet,Pending,2021-06-07
4338,2314,9999,Debit Card,Refunded,2020-07-31
4339,4807,499,Wallet,Failed,2021-11-13
4340,287,19999,UPI,Success,2024-11-28
4341,3271,1499,Wallet,Pending,2023-08-21
4342,3868,19999,UPI,Refunded,2022-04-17
4343,360,14999,Cash on Delivery,Success,2022-07-10
4344,312,6999,Wallet,Pending,2025-12-22
4345,1860,14999,Credit Card,Success,2022-01-11
4346,1191,1999,UPI,Success,2024-02-13
4347,4668,499,Cash on Delivery,Pending,2020-10-20
4348,4000,19999,Wallet,Refunded,2022-01-02
4349,825,3999,Net Banking,Pending,2021-12-13
4350,2231,19999,Net Banking,Refunded,2021-02-22
4351,3431,2999,Debit Card,Failed,2021-12-22
4352,3024,999,Cash on Delivery,Failed,2025-11-22
4353,889,499,Debit Card,Success,2024-11-12
4354,3484,4999,Debit Card,Pending,2020-05-25
4355,2802,1999,Debit Card,Pending,2022-04-07
4356,616,1999,Credit Card,Success,2022-05-11
4357,3322,19999,Wallet,Failed,2025-11-02
4358,3268,9999,UPI,Success,2020-10-20
4359,4743,9999,Cash on Delivery,Refunded,2026-01-09
4360,2737,19999,Debit Card,Pending,2020-02-05
4361,179,499,Debit Card,Refunded,2025-12-13
4362,3678,9999,Wallet,Pending,2026-06-03
4363,3858,4999,Credit Card,Pending,2021-04-07
4364,1387,19999,Net Banking,Success,2024-09-12
4365,878,199,Wallet,Pending,2020-06-05
4366,1708,199,Debit Card,Refunded,2021-11-15
4367,1675,19999,Wallet,Success,2022-06-25
4368,1246,1499,UPI,Refunded,2024-03-06
4369,1325,499,Wallet,Success,2026-01-13
4370,3948,1499,Wallet,Success,2020-07-18
4371,2971,19999,UPI,Success,2022-11-26
4372,1178,14999,Debit Card,Success,2025-08-24
4373,4675,9999,Debit Card,Success,2023-09-04
4374,3246,3999,Cash on Delivery,Pending,2023-02-09
4375,738,6999,Wallet,Failed,2021-12-04
4376,850,9999,Debit Card,Success,2023-11-04
4377,1924,1999,UPI,Success,2024-01-12
4378,2237,499,Net Banking,Failed,2025-04-03
4379,3134,19999,Credit Card,Refunded,2024-01-20
4380,3737,2999,Net Banking,Success,2024-06-22
4381,850,199,Cash on Delivery,Refunded,2025-03-10
4382,3049,14999,Credit Card,Success,2022-08-19
4383,3431,3999,Debit Card,Refunded,2020-03-21
4384,2352,1499,Debit Card,Success,2025-05-05
4385,429,2999,Credit Card,Failed,2026-07-10
4386,634,1999,Net Banking,Pending,2021-12-26
4387,2076,499,Wallet,Failed,2025-09-16
4388,4443,3999,Wallet,Refunded,2026-01-17
4389,2030,3999,Net Banking,Pending,2024-11-16
4390,2700,9999,Cash on Delivery,Refunded,2020-08-01
4391,2456,2999,Credit Card,Success,2024-12-04
4392,2320,499,UPI,Refunded,2022-09-11
4393,778,4999,Wallet,Refunded,2020-03-09
4394,3911,199,Net Banking,Refunded,2021-12-17
4395,4444,14999,Debit Card,Refunded,2021-05-07
4396,2973,6999,Credit Card,Failed,2025-09-24
4397,370,499,Debit Card,Pending,2024-01-10
4398,4554,6999,Wallet,Failed,2026-03-26
4399,3041,2999,UPI,Failed,2024-09-27
4400,3686,199,Wallet,Pending,2021-04-18
4401,2685,19999,Debit Card,Failed,2022-01-31
4402,1082,9999,UPI,Pending,2023-09-30
4403,2931,1499,UPI,Failed,2021-01-08
4404,3756,19999,Credit Card,Success,2026-05-24
4405,4457,1999,Credit Card,Pending,2024-07-12
4406,4938,499,Credit Card,Success,2023-08-30
4407,421,14999,Wallet,Refunded,2023-11-18
4408,45,199,Cash on Delivery,Success,2020-04-28
4409,788,2999,Net Banking,Success,2021-12-31
4410,917,1499,Net Banking,Pending,2025-08-30
4411,2278,4999,Credit Card,Failed,2020-06-18
4412,687,3999,Cash on Delivery,Success,2024-07-02
4413,3207,1999,Debit Card,Failed,2026-03-19
4414,4141,19999,Wallet,Success,2020-01-23
4415,2572,2999,Debit Card,Failed,2023-05-30
4416,312,999,Wallet,Success,2022-01-24
4417,2820,1499,Cash on Delivery,Failed,2022-08-06
4418,1650,999,Debit Card,Success,2020-08-18
4419,3146,2999,Cash on Delivery,Success,2021-09-08
4420,4240,999,Debit Card,Success,2025-01-05
4421,469,6999,Credit Card,Failed,2024-08-04
4422,2217,9999,Credit Card,Refunded,2024-05-15
4423,4627,19999,Debit Card,Refunded,2025-09-01
4424,3877,19999,Debit Card,Pending,2026-05-27
4425,3462,2999,Debit Card,Pending,2026-05-14
4426,4104,1499,Net Banking,Failed,2025-09-08
4427,2923,14999,Net Banking,Success,2026-04-29
4428,1497,4999,Credit Card,Refunded,2024-05-09
4429,1773,19999,Net Banking,Pending,2021-04-19
4430,3073,1999,Cash on Delivery,Pending,2023-01-28
4431,34,6999,Wallet,Success,2022-02-18
4432,1287,2999,Wallet,Failed,2022-10-22
4433,4138,1499,Debit Card,Failed,2021-04-17
4434,3543,199,Wallet,Refunded,2026-03-07
4435,3046,999,UPI,Failed,2022-10-18
4436,4065,1999,UPI,Failed,2023-02-25
4437,1122,999,Cash on Delivery,Refunded,2021-10-27
4438,2490,4999,Wallet,Pending,2022-09-24
4439,1198,19999,UPI,Failed,2021-11-20
4440,185,9999,UPI,Failed,2024-02-15
4441,1462,1499,Debit Card,Success,2023-06-05
4442,4935,499,Cash on Delivery,Pending,2022-01-28
4443,1581,3999,Credit Card,Pending,2023-12-15
4444,4427,14999,Credit Card,Pending,2026-07-15
4445,2031,9999,Wallet,Success,2024-10-11
4446,1026,19999,UPI,Refunded,2020-06-21
4447,4003,2999,Net Banking,Pending,2023-08-08
4448,4545,3999,Net Banking,Failed,2021-07-19
4449,1193,499,Net Banking,Pending,2021-11-29
4450,3131,9999,Debit Card,Failed,2026-01-24
4451,1808,1499,Wallet,Success,2022-12-16
4452,4039,6999,Credit Card,Pending,2024-03-01
4453,213,2999,Credit Card,Success,2026-07-03
4454,3044,14999,Wallet,Refunded,2024-07-04
4455,2075,2999,Net Banking,Success,2020-05-31
4456,4820,19999,Cash on Delivery,Failed,2023-09-29
4457,4214,9999,Debit Card,Pending,2022-09-07
4458,4097,2999,Debit Card,Pending,2023-08-08
4459,3520,4999,Credit Card,Success,2020-11-27
4460,2119,1999,Credit Card,Pending,2024-09-20
4461,428,19999,Credit Card,Success,2025-06-02
4462,4087,19999,Debit Card,Failed,2025-06-27
4463,1792,2999,Wallet,Failed,2022-04-04
4464,916,1999,Debit Card,Failed,2023-09-07
4465,1137,6999,Debit Card,Refunded,2025-01-31
4466,3794,2999,Wallet,Pending,2023-01-08
4467,2655,1999,UPI,Failed,2021-04-03
4468,656,9999,UPI,Success,2022-07-16
4469,4427,499,UPI,Failed,2023-07-09
4470,1220,19999,Wallet,Failed,2026-06-10
4471,2080,4999,Wallet,Success,2026-06-13
4472,4713,4999,UPI,Failed,2023-08-07
4473,819,19999,Debit Card,Success,2021-08-04
4474,1662,199,Net Banking,Pending,2021-03-30
4475,941,1999,UPI,Failed,2024-12-01
4476,676,199,Net Banking,Pending,2020-10-07
4477,2847,999,Net Banking,Pending,2020-04-29
4478,4958,14999,Credit Card,Failed,2022-04-26
4479,2498,1499,Debit Card,Refunded,2025-12-02
4480,2491,499,Wallet,Pending,2021-06-23
4481,949,3999,Net Banking,Pending,2020-08-28
4482,3334,19999,Debit Card,Refunded,2025-10-21
4483,4469,14999,UPI,Refunded,2026-03-17
4484,4812,499,Credit Card,Failed,2024-08-13
4485,2710,1999,Credit Card,Refunded,2021-02-20
4486,3405,1499,Cash on Delivery,Success,2024-02-26
4487,4297,199,Debit Card,Failed,2020-04-06
4488,880,9999,Credit Card,Refunded,2021-04-08
4489,3430,4999,Cash on Delivery,Success,2025-02-15
4490,3925,999,Cash on Delivery,Success,2022-05-09
4491,1034,2999,Wallet,Pending,2020-03-21
4492,4408,199,Cash on Delivery,Failed,2024-01-14
4493,4983,6999,Debit Card,Success,2026-07-12
4494,1688,499,Wallet,Failed,2024-01-22
4495,2740,3999,Credit Card,Failed,2024-12-30
4496,1565,1499,Credit Card,Success,2021-05-31
4497,58,9999,Cash on Delivery,Pending,2024-11-22
4498,2901,999,Cash on Delivery,Failed,2021-01-23
4499,1696,2999,UPI,Refunded,2026-05-08
4500,4422,19999,Debit Card,Pending,2023-04-02
4501,689,19999,UPI,Failed,2026-07-29
4502,453,4999,Wallet,Pending,2022-09-27
4503,2219,2999,Net Banking,Success,2022-05-20
4504,3425,999,UPI,Success,2020-02-26
4505,2960,1999,Wallet,Refunded,2025-05-26
4506,415,1499,Net Banking,Failed,2021-03-01
4507,473,1999,Debit Card,Success,2024-10-14
4508,3523,2999,Wallet,Success,2025-10-15
4509,3016,199,Debit Card,Failed,2020-05-19
4510,527,1999,UPI,Success,2024-11-22
4511,2857,499,Wallet,Refunded,2020-06-10
4512,560,6999,Wallet,Pending,2024-02-09
4513,2683,3999,Net Banking,Pending,2021-07-10
4514,4812,1999,UPI,Failed,2024-05-16
4515,2764,4999,Net Banking,Pending,2024-07-23
4516,866,9999,Wallet,Failed,2022-12-29
4517,3997,4999,Wallet,Pending,2020-02-07
4518,4780,1999,Wallet,Refunded,2023-12-30
4519,1656,1499,Debit Card,Success,2021-04-04
4520,1337,1499,Net Banking,Success,2020-11-22
4521,3755,14999,Credit Card,Success,2025-03-15
4522,657,14999,Debit Card,Refunded,2023-11-24
4523,4504,14999,Cash on Delivery,Failed,2022-05-30
4524,2556,999,Wallet,Failed,2025-03-21
4525,3839,199,Cash on Delivery,Failed,2021-03-12
4526,2183,1999,Wallet,Success,2022-08-15
4527,3824,14999,Debit Card,Pending,2024-01-09
4528,4851,14999,Credit Card,Success,2021-05-23
4529,2668,499,Debit Card,Refunded,2025-04-28
4530,1676,19999,Debit Card,Success,2022-08-16
4531,4253,4999,Credit Card,Failed,2026-03-03
4532,160,199,Cash on Delivery,Pending,2025-04-02
4533,1701,1999,Wallet,Refunded,2024-05-10
4534,372,1499,UPI,Success,2020-11-24
4535,648,19999,UPI,Refunded,2022-10-18
4536,4223,499,Credit Card,Pending,2026-07-13
4537,2520,2999,UPI,Success,2023-08-05
4538,2259,14999,Cash on Delivery,Failed,2026-01-26
4539,3557,9999,Debit Card,Failed,2020-01-21
4540,1590,14999,Credit Card,Success,2022-03-27
4541,2070,14999,Net Banking,Failed,2024-08-21
4542,4397,6999,Net Banking,Success,2022-12-12
4543,1705,499,Net Banking,Refunded,2023-04-06
4544,1011,4999,Credit Card,Pending,2021-12-06
4545,1585,4999,Credit Card,Success,2022-11-23
4546,122,3999,Debit Card,Pending,2020-11-30
4547,1320,499,Credit Card,Success,2020-04-16
4548,1111,199,Cash on Delivery,Success,2025-04-09
4549,2217,2999,Debit Card,Success,2024-07-09
4550,3215,499,UPI,Pending,2025-07-21
4551,2734,4999,UPI,Failed,2022-05-06
4552,406,3999,Credit Card,Refunded,2024-11-11
4553,4219,499,Wallet,Success,2021-03-11
4554,4006,199,UPI,Success,2023-10-09
4555,4304,4999,Wallet,Failed,2023-01-06
4556,4178,6999,Net Banking,Pending,2023-04-13
4557,3034,3999,Wallet,Failed,2020-02-06
4558,3326,999,Net Banking,Pending,2022-05-08
4559,40,1999,Net Banking,Success,2026-07-20
4560,2688,199,Debit Card,Pending,2025-05-13
4561,4231,999,UPI,Refunded,2024-06-23
4562,1734,1999,Wallet,Pending,2021-04-04
4563,2330,199,Wallet,Success,2020-09-27
4564,4637,199,Net Banking,Success,2026-05-02
4565,4044,499,Net Banking,Failed,2020-09-14
4566,2237,14999,Debit Card,Pending,2022-01-19
4567,98,499,Debit Card,Refunded,2023-10-17
4568,3618,2999,Wallet,Refunded,2021-03-20
4569,1505,3999,Debit Card,Failed,2021-05-23
4570,57,1499,Wallet,Failed,2024-02-03
4571,2293,19999,UPI,Pending,2023-07-07
4572,1662,6999,Net Banking,Pending,2026-08-06
4573,916,3999,Credit Card,Failed,2021-12-12
4574,4498,19999,Debit Card,Success,2021-12-08
4575,4281,199,Wallet,Success,2022-06-12
4576,4282,199,Net Banking,Failed,2025-10-13
4577,3434,1999,Credit Card,Failed,2025-11-06
4578,3103,499,UPI,Refunded,2025-11-27
4579,4712,999,UPI,Failed,2020-09-13
4580,739,199,Debit Card,Failed,2023-11-15
4581,1885,3999,Cash on Delivery,Refunded,2022-07-24
4582,1095,999,Cash on Delivery,Failed,2021-10-19
4583,4816,3999,Wallet,Success,2021-02-16
4584,2991,6999,Debit Card,Refunded,2026-01-25
4585,2663,499,UPI,Success,2021-06-13
4586,1528,1499,UPI,Pending,2021-03-19
4587,3816,9999,Net Banking,Failed,2021-11-14
4588,4711,1499,UPI,Pending,2022-11-07
4589,2911,9999,Cash on Delivery,Success,2022-01-22
4590,4215,1999,Net Banking,Failed,2024-02-13
4591,422,19999,Credit Card,Success,2025-07-16
4592,2062,9999,Wallet,Refunded,2024-11-28
4593,2387,4999,Credit Card,Pending,2021-03-28
4594,1986,14999,Debit Card,Pending,2020-10-18
4595,4754,14999,Debit Card,Success,2020-09-15
4596,3327,499,Wallet,Success,2020-12-23
4597,1399,6999,Debit Card,Refunded,2024-05-13
4598,4106,199,UPI,Pending,2020-05-14
4599,4379,6999,Credit Card,Pending,2020-01-29
4600,2519,999,Net Banking,Failed,2022-08-31
4601,4163,9999,Net Banking,Refunded,2025-08-15
4602,3918,499,Cash on Delivery,Pending,2020-10-03
4603,2530,199,Cash on Delivery,Pending,2026-01-11
4604,3883,2999,Net Banking,Success,2020-02-06
4605,866,14999,UPI,Failed,2021-06-23
4606,4986,499,Net Banking,Pending,2022-12-21
4607,4512,499,UPI,Failed,2026-06-10
4608,1701,499,Net Banking,Success,2026-02-16
4609,427,3999,Debit Card,Pending,2021-05-27
4610,2396,19999,Wallet,Refunded,2020-10-19
4611,3331,499,Wallet,Refunded,2025-05-15
4612,4156,6999,Cash on Delivery,Success,2021-05-12
4613,1183,1499,UPI,Pending,2021-03-07
4614,4989,9999,UPI,Failed,2020-02-13
4615,2876,1499,Debit Card,Refunded,2020-09-26
4616,1554,9999,Net Banking,Failed,2026-02-10
4617,2493,14999,Wallet,Success,2024-12-15
4618,3368,499,Debit Card,Refunded,2022-10-26
4619,1178,199,Debit Card,Success,2024-06-19
4620,3700,9999,UPI,Failed,2020-08-12
4621,2016,999,UPI,Failed,2022-05-26
4622,3934,999,Debit Card,Failed,2022-09-24
4623,281,14999,UPI,Success,2023-11-06
4624,3414,14999,Debit Card,Success,2024-01-01
4625,1064,2999,Credit Card,Refunded,2023-05-06
4626,1244,19999,Credit Card,Success,2020-10-24
4627,4677,499,UPI,Success,2023-08-22
4628,3435,2999,Credit Card,Refunded,2024-06-28
4629,258,199,Credit Card,Failed,2023-08-21
4630,84,3999,Credit Card,Refunded,2024-12-10
4631,269,19999,UPI,Success,2023-10-08
4632,3772,1999,Wallet,Pending,2024-07-23
4633,2588,1499,Cash on Delivery,Success,2020-11-18
4634,2302,999,Wallet,Success,2025-04-22
4635,185,3999,Credit Card,Success,2023-03-07
4636,3840,14999,Wallet,Pending,2026-04-11
4637,4386,499,Wallet,Failed,2026-01-24
4638,1241,6999,Cash on Delivery,Pending,2023-12-27
4639,566,199,Net Banking,Pending,2020-01-15
4640,4854,4999,Debit Card,Refunded,2024-04-26
4641,2281,2999,Net Banking,Failed,2025-07-15
4642,278,1499,UPI,Success,2021-07-14
4643,1626,1999,Cash on Delivery,Refunded,2024-04-14
4644,4058,4999,Cash on Delivery,Pending,2020-08-11
4645,3169,3999,Net Banking,Success,2023-05-26
4646,766,3999,Debit Card,Failed,2021-10-09
4647,793,4999,UPI,Pending,2025-08-15
4648,2880,9999,Net Banking,Success,2023-03-01
4649,4354,4999,Net Banking,Success,2026-01-19
4650,3383,999,Credit Card,Failed,2026-06-21
4651,4926,499,Cash on Delivery,Refunded,2020-08-28
4652,1732,999,Wallet,Success,2025-08-02
4653,4423,1499,Credit Card,Failed,2021-07-12
4654,3906,3999,Wallet,Failed,2022-09-17
4655,1852,199,UPI,Failed,2021-12-05
4656,2670,1999,UPI,Pending,2024-05-25
4657,1078,19999,Wallet,Failed,2025-05-13
4658,3252,14999,Net Banking,Failed,2026-03-14
4659,3188,3999,Wallet,Failed,2024-01-16
4660,2561,199,Wallet,Pending,2024-08-17
4661,2844,14999,Debit Card,Success,2021-08-25
4662,833,6999,Wallet,Refunded,2023-04-18
4663,1597,9999,UPI,Failed,2024-02-11
4664,615,1999,Credit Card,Pending,2020-10-24
4665,3143,999,Wallet,Success,2021-10-30
4666,3533,6999,Cash on Delivery,Pending,2024-09-04
4667,1424,1499,Credit Card,Success,2021-08-10
4668,3562,3999,Cash on Delivery,Refunded,2022-06-05
4669,822,19999,Debit Card,Refunded,2020-12-01
4670,3156,4999,UPI,Pending,2025-03-02
4671,4199,19999,Debit Card,Refunded,2020-06-04
4672,2709,9999,UPI,Refunded,2021-09-18
4673,1418,6999,Credit Card,Failed,2025-10-03
4674,1407,14999,Net Banking,Refunded,2025-06-29
4675,3979,2999,Debit Card,Pending,2025-12-18
4676,3573,999,UPI,Success,2023-08-12
4677,4134,4999,UPI,Success,2023-04-05
4678,3243,14999,Debit Card,Refunded,2026-01-15
4679,4715,6999,Credit Card,Success,2021-07-23
4680,4027,19999,Wallet,Refunded,2023-10-25
4681,145,4999,Debit Card,Pending,2025-08-19
4682,2676,199,Credit Card,Refunded,2021-01-16
4683,3204,2999,UPI,Pending,2024-09-02
4684,3820,6999,Cash on Delivery,Success,2021-04-18
4685,3307,1999,Wallet,Refunded,2024-07-23
4686,4694,9999,Net Banking,Success,2021-05-10
4687,4371,4999,Wallet,Pending,2025-05-03
4688,1699,3999,Cash on Delivery,Success,2021-10-11
4689,461,19999,Cash on Delivery,Refunded,2026-05-08
4690,4670,6999,Wallet,Success,2023-06-21
4691,2767,2999,Credit Card,Refunded,2025-04-15
4692,1388,3999,Debit Card,Success,2024-10-21
4693,871,3999,Credit Card,Refunded,2024-06-17
4694,1779,499,Cash on Delivery,Success,2023-03-11
4695,2364,3999,Net Banking,Refunded,2024-05-08
4696,997,9999,Debit Card,Refunded,2021-05-26
4697,841,199,Wallet,Failed,2022-04-19
4698,3366,2999,Debit Card,Success,2022-08-19
4699,2315,1999,Credit Card,Success,2022-05-29
4700,598,6999,Cash on Delivery,Success,2021-01-01
4701,1132,199,Cash on Delivery,Failed,2020-08-15
4702,1599,2999,UPI,Refunded,2022-12-06
4703,1815,199,Credit Card,Failed,2020-04-19
4704,3295,499,Cash on Delivery,Success,2020-10-26
4705,3065,14999,Debit Card,Pending,2021-01-02
4706,954,1499,Wallet,Refunded,2021-01-07
4707,3724,1999,Credit Card,Refunded,2024-10-10
4708,2417,1999,Net Banking,Refunded,2020-03-24
4709,1708,2999,Wallet,Refunded,2026-03-24
4710,4741,4999,UPI,Pending,2026-02-26
4711,1569,14999,Wallet,Success,2022-12-13
4712,1607,199,UPI,Refunded,2026-02-28
4713,2455,199,Wallet,Refunded,2024-04-22
4714,2441,199,Cash on Delivery,Refunded,2023-07-06
4715,638,1999,Wallet,Success,2025-09-06
4716,2331,199,UPI,Pending,2020-06-06
4717,3666,499,Credit Card,Success,2022-12-08
4718,3070,6999,Credit Card,Refunded,2021-05-27
4719,1513,999,Cash on Delivery,Refunded,2023-01-07
4720,4121,199,Credit Card,Refunded,2025-11-14
4721,2089,3999,Net Banking,Failed,2026-01-20
4722,4611,999,Credit Card,Refunded,2022-10-12
4723,3465,1499,Cash on Delivery,Success,2025-03-15
4724,2132,999,UPI,Pending,2024-02-15
4725,4618,3999,Credit Card,Success,2020-06-30
4726,2635,9999,Net Banking,Failed,2021-10-04
4727,4431,6999,Wallet,Failed,2023-12-16
4728,299,9999,Cash on Delivery,Failed,2025-09-30
4729,4339,499,Wallet,Success,2020-02-09
4730,123,199,Cash on Delivery,Failed,2020-02-09
4731,4189,9999,Wallet,Failed,2020-11-30
4732,1434,199,UPI,Success,2023-12-02
4733,1832,1499,Debit Card,Failed,2021-06-29
4734,2855,19999,Debit Card,Failed,2021-09-07
4735,1326,6999,Wallet,Pending,2024-11-15
4736,4555,14999,Credit Card,Success,2025-05-21
4737,3788,2999,Debit Card,Refunded,2022-09-11
4738,2204,999,Credit Card,Pending,2024-03-26
4739,4165,499,Net Banking,Refunded,2021-01-21
4740,3648,2999,Net Banking,Failed,2026-06-29
4741,1291,199,UPI,Pending,2023-05-16
4742,4614,2999,Net Banking,Failed,2021-04-15
4743,611,6999,UPI,Pending,2022-07-20
4744,2,1999,Net Banking,Failed,2020-12-29
4745,3761,6999,Cash on Delivery,Failed,2024-06-11
4746,3332,4999,Debit Card,Refunded,2025-03-16
4747,2952,9999,Cash on Delivery,Refunded,2022-08-07
4748,3329,999,UPI,Pending,2025-01-18
4749,3831,999,UPI,Refunded,2020-11-14
4750,4072,14999,Credit Card,Success,2025-09-07
4751,3241,2999,Cash on Delivery,Failed,2020-03-21
4752,3792,4999,Debit Card,Success,2024-08-29
4753,3975,2999,Cash on Delivery,Success,2024-11-27
4754,4760,9999,Net Banking,Failed,2021-12-17
4755,2571,14999,Wallet,Failed,2022-05-14
4756,719,19999,Debit Card,Failed,2021-09-11
4757,270,499,Cash on Delivery,Pending,2024-05-10
4758,1682,6999,Net Banking,Pending,2026-02-16
4759,4084,9999,Cash on Delivery,Pending,2022-12-02
4760,2306,1499,UPI,Failed,2020-05-06
4761,1786,2999,UPI,Pending,2021-09-29
4762,3648,499,Net Banking,Pending,2026-02-01
4763,2363,999,UPI,Refunded,2022-01-09
4764,2458,999,Cash on Delivery,Success,2024-07-08
4765,1925,4999,Cash on Delivery,Pending,2024-05-27
4766,3473,9999,Credit Card,Success,2025-05-17
4767,940,999,Net Banking,Pending,2025-04-25
4768,2122,499,Debit Card,Success,2024-05-12
4769,1906,6999,Credit Card,Refunded,2023-04-16
4770,4138,2999,Credit Card,Success,2023-03-23
4771,1574,19999,Net Banking,Success,2024-07-02
4772,390,499,Wallet,Refunded,2024-02-19
4773,4333,2999,Cash on Delivery,Refunded,2020-01-16
4774,1410,1999,Credit Card,Failed,2020-01-06
4775,1854,1999,UPI,Failed,2020-01-21
4776,1616,2999,Credit Card,Failed,2025-06-10
4777,2274,4999,UPI,Pending,2020-10-18
4778,471,2999,Net Banking,Success,2021-08-03
4779,4629,9999,Debit Card,Failed,2020-08-16
4780,237,1999,Wallet,Success,2021-11-29
4781,4146,3999,UPI,Failed,2020-06-15
4782,4274,199,Credit Card,Pending,2026-07-10
4783,3698,199,Debit Card,Pending,2023-07-11
4784,3361,3999,Net Banking,Pending,2020-07-14
4785,3994,1499,Net Banking,Refunded,2026-03-20
4786,326,19999,Cash on Delivery,Success,2026-04-02
4787,4766,19999,Wallet,Failed,2026-04-14
4788,2588,4999,Credit Card,Failed,2022-10-29
4789,3245,1499,Debit Card,Failed,2022-09-05
4790,3294,19999,Net Banking,Pending,2021-08-01
4791,3200,199,UPI,Failed,2022-09-21
4792,4702,6999,Credit Card,Pending,2023-10-12
4793,4750,199,UPI,Refunded,2026-05-08
4794,1207,14999,Cash on Delivery,Success,2026-02-28
4795,1067,6999,Debit Card,Pending,2020-05-18
4796,3129,6999,Wallet,Refunded,2023-01-21
4797,4130,3999,Credit Card,Refunded,2020-05-19
4798,4605,499,Cash on Delivery,Success,2021-04-10
4799,4169,499,Cash on Delivery,Refunded,2021-07-25
4800,3913,499,Credit Card,Refunded,2022-08-03
4801,2034,4999,Net Banking,Pending,2025-08-18
4802,466,1499,UPI,Failed,2021-07-19
4803,431,499,Net Banking,Success,2023-09-12
4804,4807,999,Credit Card,Refunded,2022-04-17
4805,2076,1499,Credit Card,Pending,2021-08-17
4806,4646,1499,Wallet,Failed,2025-01-27
4807,4224,3999,Credit Card,Failed,2022-02-27
4808,4481,14999,Debit Card,Success,2026-04-23
4809,4179,19999,UPI,Failed,2024-08-07
4810,2268,14999,Wallet,Pending,2022-05-02
4811,1989,199,Cash on Delivery,Pending,2022-11-27
4812,3796,999,Debit Card,Pending,2021-02-06
4813,706,4999,UPI,Failed,2020-03-18
4814,3940,14999,Credit Card,Refunded,2025-03-13
4815,2004,999,Debit Card,Success,2023-01-03
4816,319,4999,Debit Card,Pending,2022-01-07
4817,2960,4999,Wallet,Success,2025-10-26
4818,225,4999,Wallet,Pending,2024-01-10
4819,1966,9999,Credit Card,Failed,2021-12-19
4820,3672,14999,Cash on Delivery,Refunded,2025-07-10
4821,2724,19999,Wallet,Failed,2024-07-30
4822,4267,199,Debit Card,Pending,2022-08-03
4823,2723,1999,UPI,Success,2022-09-26
4824,905,19999,Credit Card,Success,2021-08-12
4825,3535,19999,UPI,Failed,2024-10-28
4826,1897,199,Cash on Delivery,Refunded,2024-10-14
4827,1717,999,Net Banking,Success,2020-06-27
4828,30,3999,Debit Card,Success,2025-06-02
4829,1657,19999,Cash on Delivery,Refunded,2026-05-05
4830,2477,3999,UPI,Pending,2021-12-31
4831,3916,4999,Net Banking,Pending,2025-05-26
4832,1688,4999,Net Banking,Pending,2023-05-11
4833,2584,1999,Credit Card,Failed,2020-02-12
4834,1604,4999,UPI,Success,2026-07-02
4835,189,14999,Credit Card,Pending,2022-04-05
4836,3113,6999,Debit Card,Failed,2020-12-13
4837,1366,2999,Credit Card,Refunded,2023-11-16
4838,4108,199,Net Banking,Refunded,2022-04-29
4839,2623,14999,Credit Card,Pending,2026-06-15
4840,812,3999,Debit Card,Success,2022-07-19
4841,4964,1499,Wallet,Success,2024-01-01
4842,1257,2999,Wallet,Pending,2021-08-18
4843,4934,199,Net Banking,Refunded,2021-11-04
4844,1054,6999,Wallet,Failed,2024-07-29
4845,453,1499,Credit Card,Success,2025-12-10
4846,559,6999,Debit Card,Pending,2026-07-22
4847,583,2999,Wallet,Refunded,2021-11-17
4848,3486,6999,UPI,Pending,2024-04-16
4849,1258,3999,UPI,Pending,2026-05-09
4850,4331,499,Wallet,Refunded,2023-01-30
4851,3669,6999,Credit Card,Refunded,2021-11-26
4852,1987,1999,Cash on Delivery,Refunded,2023-06-22
4853,2852,1999,Wallet,Success,2022-10-11
4854,1651,19999,Debit Card,Refunded,2025-02-01
4855,1407,199,Net Banking,Success,2024-08-12
4856,2421,19999,Wallet,Refunded,2021-03-23
4857,3204,3999,Wallet,Pending,2024-09-01
4858,680,19999,Cash on Delivery,Failed,2022-05-25
4859,3267,3999,Debit Card,Pending,2025-01-16
4860,2963,4999,Cash on Delivery,Pending,2023-09-07
4861,1627,2999,Wallet,Success,2022-08-05
4862,1785,999,Net Banking,Refunded,2024-11-19
4863,1842,1499,Debit Card,Failed,2026-02-11
4864,1599,199,Wallet,Failed,2022-05-15
4865,2644,4999,Wallet,Refunded,2024-05-08
4866,3902,1999,Net Banking,Pending,2025-12-27
4867,2286,4999,Credit Card,Success,2022-02-03
4868,1869,999,Cash on Delivery,Refunded,2026-05-20
4869,3674,14999,Net Banking,Failed,2021-09-14
4870,977,19999,Cash on Delivery,Failed,2024-10-06
4871,4428,1999,Cash on Delivery,Refunded,2023-05-28
4872,3026,199,Debit Card,Pending,2023-01-18
4873,2097,6999,Cash on Delivery,Pending,2025-02-13
4874,3185,1499,Wallet,Refunded,2021-04-29
4875,2821,9999,Cash on Delivery,Failed,2022-10-29
4876,1342,9999,Cash on Delivery,Pending,2022-12-10
4877,163,2999,Wallet,Success,2021-08-16
4878,847,9999,Wallet,Failed,2021-11-06
4879,2735,199,Wallet,Refunded,2025-10-30
4880,1417,4999,UPI,Refunded,2023-12-14
4881,2406,19999,Debit Card,Success,2025-03-29
4882,1061,2999,Debit Card,Success,2023-12-11
4883,715,19999,Wallet,Pending,2021-11-08
4884,3306,9999,Credit Card,Refunded,2024-10-02
4885,4917,14999,Credit Card,Pending,2026-01-05
4886,3791,9999,Credit Card,Failed,2024-06-05
4887,4792,6999,Wallet,Refunded,2022-12-17
4888,183,199,Debit Card,Failed,2020-01-18
4889,1180,4999,Debit Card,Success,2021-10-05
4890,672,999,Wallet,Failed,2022-08-09
4891,3756,6999,Cash on Delivery,Pending,2024-02-23
4892,1011,1999,Wallet,Pending,2022-05-22
4893,4137,1999,Net Banking,Pending,2023-10-11
4894,3425,499,Net Banking,Refunded,2023-12-27
4895,576,6999,Credit Card,Pending,2025-05-07
4896,3564,4999,Wallet,Refunded,2024-01-01
4897,4908,499,Cash on Delivery,Pending,2020-05-20
4898,3257,199,Debit Card,Refunded,2022-02-16
4899,3400,1499,Cash on Delivery,Pending,2023-06-12
4900,482,199,Net Banking,Success,2021-06-19
4901,4031,6999,Cash on Delivery,Success,2020-06-12
4902,2957,2999,Credit Card,Refunded,2023-11-28
4903,2804,999,UPI,Pending,2025-10-18
4904,3918,999,Credit Card,Refunded,2026-03-09
4905,3596,19999,Cash on Delivery,Success,2023-06-07
4906,4272,9999,Net Banking,Success,2023-01-23
4907,658,19999,Debit Card,Refunded,2026-06-08
4908,2107,199,Wallet,Failed,2026-08-08
4909,1313,9999,UPI,Failed,2020-10-02
4910,4599,499,Debit Card,Pending,2025-03-17
4911,143,3999,Credit Card,Refunded,2021-04-09
4912,2198,4999,Credit Card,Refunded,2022-05-27
4913,3535,4999,UPI,Pending,2026-02-02
4914,3772,199,Wallet,Refunded,2026-01-20
4915,1627,499,Wallet,Refunded,2021-12-12
4916,1788,199,UPI,Success,2021-04-14
4917,3462,3999,Debit Card,Success,2023-05-16
4918,182,4999,Wallet,Failed,2022-02-01
4919,1282,1499,UPI,Failed,2024-08-07
4920,800,14999,Net Banking,Pending,2020-08-02
4921,1440,4999,UPI,Pending,2021-09-18
4922,4439,1499,Cash on Delivery,Failed,2023-11-26
4923,2296,4999,Cash on Delivery,Failed,2025-03-25
4924,2457,4999,Net Banking,Success,2025-08-23
4925,3416,1999,Credit Card,Success,2020-01-05
4926,2993,499,Debit Card,Failed,2023-01-13
4927,91,199,Wallet,Pending,2024-11-17
4928,3310,19999,Cash on Delivery,Failed,2020-02-09
4929,1599,4999,UPI,Pending,2020-02-22
4930,4533,999,Debit Card,Success,2024-02-16
4931,1465,3999,Cash on Delivery,Refunded,2022-07-26
4932,4897,2999,Debit Card,Failed,2025-09-11
4933,74,2999,Wallet,Pending,2022-08-02
4934,3186,2999,UPI,Pending,2024-06-28
4935,3353,3999,Credit Card,Refunded,2023-02-14
4936,1175,14999,Net Banking,Refunded,2020-06-16
4937,2271,9999,Net Banking,Failed,2023-06-11
4938,883,14999,UPI,Success,2026-02-23
4939,1505,1999,Net Banking,Failed,2024-04-15
4940,1895,9999,UPI,Failed,2022-03-04
4941,1435,6999,Credit Card,Pending,2026-01-29
4942,3522,2999,Wallet,Pending,2021-11-04
4943,1756,19999,Cash on Delivery,Success,2025-03-08
4944,4162,2999,Net Banking,Success,2023-11-03
4945,3359,1499,UPI,Success,2025-02-28
4946,3522,9999,Net Banking,Pending,2026-01-13
4947,1082,14999,Debit Card,Refunded,2024-04-27
4948,4485,6999,Debit Card,Pending,2020-02-11
4949,59,9999,Cash on Delivery,Success,2024-01-05
4950,22,19999,UPI,Failed,2020-02-03
4951,2690,19999,Credit Card,Refunded,2023-07-11
4952,534,499,Cash on Delivery,Refunded,2020-08-31
4953,1882,3999,Cash on Delivery,Failed,2021-09-08
4954,3587,2999,UPI,Failed,2025-05-26
4955,2845,499,Debit Card,Refunded,2022-01-13
4956,1102,1999,Credit Card,Refunded,2023-04-20
4957,2552,9999,Net Banking,Refunded,2026-07-04
4958,3265,19999,Net Banking,Pending,2021-02-02
4959,4441,1999,Credit Card,Failed,2024-05-25
4960,2930,14999,UPI,Failed,2025-03-07
4961,1290,199,Credit Card,Refunded,2022-11-05
4962,4027,3999,Net Banking,Refunded,2020-02-18
4963,589,6999,Credit Card,Pending,2024-02-11
4964,9,4999,Debit Card,Success,2024-08-22
4965,1522,3999,UPI,Success,2024-08-03
4966,3126,1999,Cash on Delivery,Pending,2022-05-06
4967,512,6999,UPI,Success,2022-10-26
4968,3293,499,Credit Card,Failed,2020-05-19
4969,2468,14999,Net Banking,Failed,2022-01-01
4970,3436,9999,UPI,Refunded,2026-03-14
4971,1400,4999,UPI,Failed,2020-03-18
4972,2220,9999,UPI,Success,2025-03-18
4973,1971,999,UPI,Failed,2026-07-02
4974,1061,19999,Debit Card,Pending,2020-11-18
4975,2908,1499,Wallet,Pending,2020-06-26
4976,206,9999,Net Banking,Failed,2023-10-01
4977,3195,1499,Cash on Delivery,Success,2022-12-24
4978,2605,1499,Cash on Delivery,Failed,2024-10-01
4979,2345,6999,Net Banking,Failed,2025-08-08
4980,4318,2999,Wallet,Success,2026-03-08
4981,4516,4999,Debit Card,Pending,2022-07-22
4982,3899,1499,Credit Card,Refunded,2022-11-06
4983,3478,9999,UPI,Success,2020-04-25
4984,1406,19999,Net Banking,Failed,2024-09-13
4985,3003,1999,Credit Card,Pending,2021-02-04
4986,4571,1999,Wallet,Refunded,2021-07-12
4987,3305,14999,Cash on Delivery,Success,2022-12-28
4988,4410,4999,Net Banking,Refunded,2023-09-30
4989,3677,199,Cash on Delivery,Refunded,2023-04-07
4990,2373,9999,Net Banking,Refunded,2025-04-02
4991,2307,2999,Net Banking,Pending,2020-05-12
4992,4667,499,Net Banking,Success,2020-04-27
4993,3748,9999,Debit Card,Refunded,2023-01-26
4994,3689,6999,Cash on Delivery,Refunded,2022-09-10
4995,573,19999,Debit Card,Failed,2023-11-01
4996,19,1999,Net Banking,Success,2020-06-08
4997,4485,4999,UPI,Failed,2024-08-29
4998,4456,19999,Net Banking,Refunded,2022-12-24
4999,4184,499,Debit Card,Failed,2021-09-03
5000,3601,1999,Credit Card,Success,2020-05-29
