ProductID,ProductName,CategoryID,SellerID,Price,Quantity,Brand
1,Advanced Mini Bedding 2.0,4413,1555,6999,225,Bajaj
2,Classic Imported Car Accessories Pro,3613,2550,499,278,Lenovo
3,Wireless Deluxe Gym Equipment,2466,501,4999,495,Samsung
4,Deluxe Premium Car Accessories Plus,1021,4209,3999,328,Prestige
5,Compact Smart Smartwatches,800,3632,399,190,Lenovo
6,Eco Smart Personal Hygiene Plus,4048,24,999,363,Realme
7,Stylish Smart Power Banks Lite,4827,4589,799,333,HP
8,Portable Mini Tyres X1,456,731,4999,51,Puma
9,Advanced Sports Shoes X1,80,4510,799,498,Tata
10,Premium Imported Cricket Gear Plus,2885,1748,199,339,Milton
11,Lightweight Classic Medical Devices X1,4789,1360,29999,428,Lenovo
12,Advanced Budget Diapers Pro,3290,4228,3999,420,Prestige
13,Smart Deluxe Drums 2.0,981,1874,1199,307,LG
14,Lightweight Smart Action Figures 2.0,2952,451,799,75,Nike
15,Premium Eco-Friendly First Aid,3211,4545,29999,264,Mi
16,Everyday Classic Tables Lite,3320,312,499,199,Fabindia
17,Deluxe Premium Rings Max,3798,3494,1999,236,Noise
18,Eco Smart Children's Books Plus,1640,3749,4999,140,Milton
19,Classic Classic Running,1572,1162,1999,255,Samsung
20,Compact Premium Violins,928,1362,199,370,Boat
21,Everyday Mini Bracelets Lite,1603,2738,999,387,Apple
22,Portable Premium Furniture 2.0,4307,4859,299,348,Bata
23,Everyday Smart Pet Toys Lite,4732,2004,249,269,OnePlus
24,Eco Pro First Aid,2685,539,599,412,Nestle
25,Everyday Smart Staples,2989,2696,1199,430,Mi
26,Eco Smart Women's Footwear,125,1660,199,11,Amul
27,Smart Premium Garden Tools Max,2864,368,699,400,Nestle
28,Lightweight Pro Outdoor Furniture 2.0,423,1159,19999,96,Noise
29,Portable Imported Bedding 2.0,3147,3263,999,423,Cello
30,Portable Local Personal Hygiene Max,2487,3300,3999,57,LG
31,Advanced Smart Bangles 2.0,851,641,999,38,Apple
32,Pro Eco-Friendly Men's Footwear X1,2292,1271,799,120,Bajaj
33,Classic Imported Mixers,646,2673,1499,335,HP
34,Deluxe Local Automotive,3011,4777,699,431,HP
35,Durable Classic Chargers,3956,3268,29999,202,Philips
36,Classic Deluxe Health Care,825,4687,29999,284,HP
37,Advanced Smart Beauty & Personal Care Plus,4648,1606,599,275,Titan
38,Compact Mini Footwear 2.0,2101,2677,49999,238,Fabindia
39,Compact Imported Toys X1,3483,2419,9999,148,Nestle
40,Ultra Deluxe Keyboards,3573,731,199,135,Philips
41,Smart Imported Running 2.0,3665,3831,3999,39,Fabindia
42,Everyday Classic Appliances Max,1020,1725,4999,103,Sony
43,Portable Imported Puzzles Plus,4358,4279,6999,149,Wildcraft
44,Deluxe Premium First Aid Lite,4521,1899,19999,413,Nestle
45,Durable Deluxe Plants X1,4293,2614,199,104,HP
46,Compact Premium Men's Footwear 2.0,4422,3970,699,384,Lenovo
47,Compact Smart Baby Products Plus,2184,1729,349,27,Titan
48,Deluxe Smart Cat Food Lite,3469,1304,999,499,Godrej
49,Classic Mini Chargers,1205,2170,299,427,Woodland
50,Deluxe Mini Lubricants Pro,4006,228,6999,34,OnePlus
51,Wireless Classic Sandals 2.0,1335,4073,4999,390,Titan
52,Classic Eco-Friendly Automotive Pro,2509,1060,999,442,Mi
53,Wireless Smart Running X1,2917,1817,999,317,Apple
54,Deluxe Imported Kids Wear Max,3914,1298,399,277,Prestige
55,Classic Smart Accessories,2792,2526,349,124,Cello
56,Eco Deluxe Fiction,4428,4751,1199,25,Puma
57,Durable Smartphones 2.0,72,962,199,162,LG
58,Smart Deluxe Televisions,4837,3604,399,438,Titan
59,Stylish Pro Wardrobes,2481,1175,9999,453,Fabindia
60,Classic Mini Microwaves Max,4414,4243,29999,494,Mi
61,Classic Budget Washing Machines,2006,2341,349,491,Adidas
62,Advanced Classic Spices X1,2798,178,399,400,HP
63,Pro Smart Yoga,2158,3018,399,417,Adidas
64,Deluxe Pro Earrings X1,1713,3089,14999,195,Philips
65,Pro Mini Pet Grooming,1040,3337,14999,220,Lenovo
66,Premium Pro Puzzles Max,1894,219,29999,299,OnePlus
67,Eco Deluxe Plants Lite,4293,1113,49999,228,Havells
68,Classic Eco-Friendly Mobiles & Accessories Pro,4887,513,599,15,Milton
69,Ultra Budget Air Conditioners,593,1454,599,241,Woodland
70,Durable Deluxe Washing Machines Plus,1932,1870,999,322,Mi
71,Stylish Budget Beds Pro,848,501,2499,459,Mi
72,Lightweight Local Refrigerators 2.0,2611,1438,4999,384,Samsung
73,Ultra Eco-Friendly Mixers Pro,855,1044,2999,41,Nestle
74,Advanced Deluxe Smartphones,506,2592,1199,359,Nike
75,Everyday Local Lubricants X1,2324,2180,349,96,Nestle
76,Advanced Deluxe Toys Max,3886,3750,999,68,HP
77,Compact Classic Lighting Max,897,1808,1199,125,Wildcraft
78,Portable Deluxe Sofas Max,499,2139,14999,296,Philips
79,Durable Premium Non-Fiction,3569,4452,3999,189,Prestige
80,Everyday Deluxe Academic Pro,3185,2739,1499,221,Wildcraft
81,Pro Premium Washing Machines,538,1110,349,165,Apple
82,Advanced Mini Violins,1898,2182,1199,451,Godrej
83,Stylish Imported Notebooks Pro,4879,3905,4999,314,Puma
84,Portable Premium Ayurveda X1,4429,3292,199,87,Cello
85,Ultra Budget Personal Hygiene Plus,2356,4339,3999,140,Sony
86,Premium Local Baby Products Lite,626,4012,9999,358,Bajaj
87,Compact Eco-Friendly Beauty & Personal Care Pro,3235,2514,599,358,Mi
88,Compact Mini Mixers Plus,3078,1726,999,486,Bajaj
89,Eco Budget Skincare Plus,3418,239,299,109,Nike
90,Pro Deluxe Children's Books,1413,1415,499,54,Mi
91,Deluxe Mini Garden Tools X1,1401,809,399,126,Lenovo
92,Everyday Local Academic,2215,3431,14999,304,Amul
93,Wireless Premium Aquarium X1,4841,1817,29999,249,Nike
94,Advanced Premium Baby Food Max,3687,1420,799,106,Cello
95,Classic Pro First Aid Max,2685,2258,6999,203,Mi
96,Eco Imported Grooming Max,3826,2272,2999,404,Adidas
97,Ultra Premium Aquarium Pro,4841,4256,1499,1,Philips
98,Deluxe Pro Footwear,1691,3128,4999,446,Puma
99,Classic Smart Bangles,4588,2709,599,93,Noise
100,Compact Premium Sofas,3571,3987,1999,491,Milton
101,Eco Power Banks Lite,75,2125,6999,494,HP
102,Lightweight Imported Kids Footwear Max,1623,2479,14999,84,Fabindia
103,Stylish Pro Car Accessories Max,789,4174,14999,414,Adidas
104,Advanced Local Bedding Plus,638,1255,6999,269,Dell
105,Classic Smart Tyres Lite,243,4106,1999,406,Woodland
106,Compact Smart Pet Toys,2805,327,14999,447,Boat
107,Smart Eco-Friendly Cookware X1,3953,4977,1999,33,Adidas
108,Smart Eco-Friendly First Aid 2.0,449,336,699,265,HP
109,Smart Budget Men's Footwear,1297,2878,999,270,Lenovo
110,Stylish Eco-Friendly Chargers,1409,3154,349,458,Bajaj
111,Lightweight Classic Groceries 2.0,1246,1820,399,150,LG
112,Smart Smart Notebooks Max,3698,3222,299,469,Bata
113,Smart Deluxe Tyres 2.0,4147,3477,999,217,Realme
114,Lightweight Classic Guitars X1,3850,3980,399,196,Nestle
115,Ultra Classic Office Supplies,3603,266,2499,393,Bajaj
116,Ultra Eco-Friendly Files & Folders,3725,4026,199,117,Bajaj
117,Wireless Imported Files & Folders Lite,1904,3512,399,381,Nestle
118,Smart Eco-Friendly Toys & Games,3739,3404,4999,179,Bajaj
119,Smart Eco-Friendly Diapers X1,3913,958,49999,11,Tata
120,Ultra Budget Plants,1308,4547,1999,43,Realme
121,Portable Imported Mobiles & Accessories Max,4310,2009,9999,166,HP
122,Ultra Local Office Supplies Pro,4295,3063,249,104,LG
123,Everyday Mini Personal Hygiene Max,1553,3707,499,451,Titan
124,Pro Premium Action Figures Plus,3999,250,9999,8,Noise
125,Portable Imported Musical Instruments,3205,57,349,344,Woodland
126,Portable Smart Action Figures,704,453,6999,20,Dell
127,Everyday Deluxe Home Decor X1,4726,4703,19999,468,Havells
128,Ultra Deluxe Comics,180,933,999,77,Nike
129,Premium Budget Women's Footwear Lite,2034,1822,799,25,Apple
130,Durable Smart Beauty & Personal Care X1,4648,3935,799,165,Fabindia
131,Pro Deluxe Drums 2.0,981,3835,19999,143,Woodland
132,Lightweight Mini Puzzles Pro,2510,736,799,246,Nike
133,Smart Mini Haircare X1,4117,1069,599,263,Samsung
134,Durable Classic Drums Pro,2255,3671,499,476,LG
135,Wireless Budget Wardrobes X1,2564,2270,399,69,Puma
136,Durable Mini Office Supplies X1,3473,3086,599,217,Nike
137,Compact Pro Comics X1,2017,3041,699,215,Amul
138,Classic Local Necklaces Pro,4719,616,349,396,Bata
139,Lightweight Smart Sandals,1338,4141,19999,90,HP
140,Ultra Classic Beds X1,2427,495,799,150,Puma
141,Advanced Beds Plus,68,3900,4999,150,Amul
142,Premium Deluxe Grills Plus,3033,2290,399,169,Milton
143,Smart Imported Guitars Pro,4223,3841,1199,261,Boat
144,Advanced Eco-Friendly Ethnic Wear X1,2151,885,3999,382,Milton
145,Compact Premium Storage Max,640,4293,4999,257,Prestige
146,Lightweight Local Chargers Lite,2243,3263,699,218,Milton
147,Classic Pro Puzzles Max,3129,4488,1499,120,Wildcraft
148,Wireless Mini Women's Clothing Pro,2456,655,6999,248,Cello
149,Eco Classic Snacks Lite,1971,1744,1199,4,Tata
150,Portable Deluxe Pet Toys,1060,599,3999,401,Woodland
151,Classic Smart Children's Books X1,4532,3647,999,178,Realme
152,Ultra Smart Puzzles X1,1706,2248,1499,124,Mi
153,Compact Mini Furniture,726,4413,299,150,Apple
154,Classic Classic Women's Footwear,1699,1209,9999,478,Prestige
155,Pro Eco-Friendly Snacks Plus,3843,1453,2499,10,Fabindia
156,Deluxe Smart Cycling Pro,299,35,299,435,Bajaj
157,Portable Mini Cat Food 2.0,1861,3638,2999,167,LG
158,Deluxe Imported Yoga Plus,748,4716,699,409,Philips
159,Portable Mini Speakers Pro,4772,3241,6999,394,Bata
160,Portable Smart Grills Plus,1389,2045,29999,28,Samsung
161,Ultra Imported Pet Grooming,4459,2001,299,334,Noise
162,Wireless Mini Earrings,4163,1203,3999,483,Sony
163,Pro Pro Musical Instruments Max,3543,2907,249,478,Noise
164,Eco Classic Mixers X1,4773,3516,3999,44,Godrej
165,Stylish Eco-Friendly Stationery Plus,2319,2552,19999,322,Bata
166,Wireless Local Haircare 2.0,2950,3277,349,461,Dell
167,Compact Smart Women's Footwear Lite,125,2092,199,423,Godrej
168,Lightweight Deluxe Sofas Pro,3301,4132,49999,192,HP
169,Wireless Budget Sofas Lite,275,1194,2499,354,Realme
170,Deluxe Local Stationery,2986,787,699,7,OnePlus
171,Smart Eco-Friendly Sofas Lite,3555,3693,6999,347,Lenovo
172,Smart Imported Plants Pro,3882,1154,999,86,Nike
173,Compact Mini Aquarium Max,1469,2086,4999,200,Philips
174,Everyday Premium Baby Food,4788,4511,299,467,Boat
175,Eco Pro Pet Supplies 2.0,4546,448,6999,59,Woodland
176,Eco Pro Baby Clothing,3271,4873,29999,367,Titan
177,Durable Mini Beds Max,770,1594,499,133,Bajaj
178,Durable Imported Diapers Max,2672,2674,599,432,Realme
179,Premium Imported Books Pro,1339,948,19999,305,Cello
180,Pro Imported Televisions X1,4912,2026,6999,173,Noise
181,Durable Mini Personal Hygiene 2.0,2898,579,299,412,Philips
182,Eco Mini Lighting Lite,336,2088,3999,41,HP
183,Portable Pro Jewellery Pro,1550,2018,1999,499,Lenovo
184,Premium Budget Cycling 2.0,2949,703,2499,150,Cello
185,Everyday Deluxe Bedding Pro,4883,19,349,26,Nike
186,Everyday Budget Women's Clothing Pro,932,522,249,138,Milton
187,Eco Eco-Friendly Groceries Lite,2230,4458,599,269,Bata
188,Wireless Smart Board Games 2.0,4487,4677,249,296,Havells
189,Portable Mini Violins Plus,1898,1096,3999,37,Samsung
190,Wireless Deluxe Spices,2982,4381,14999,224,Boat
191,Premium Premium Haircare Max,3745,2701,2499,363,Amul
192,Eco Smart Earphones 2.0,1228,2424,499,128,Amul
193,Premium Budget Chargers Lite,1678,2038,399,167,Nike
194,Smart Classic Children's Books Max,468,3149,1499,50,Boat
195,Portable Eco-Friendly Cameras,1348,305,299,182,Nestle
196,Classic Eco-Friendly Sofas Plus,225,1795,999,16,Philips
197,Eco Imported Non-Fiction X1,3701,4561,1199,134,Puma
198,Everyday Imported Staples X1,4450,598,29999,179,Godrej
199,Eco Eco-Friendly Beds Plus,228,1514,249,381,OnePlus
200,Smart Smart Ethnic Wear X1,583,4574,9999,215,Titan
201,Portable Deluxe Tools Lite,1059,4967,1999,121,Samsung
202,Eco Eco-Friendly Violins Lite,2412,1808,19999,126,Fabindia
203,Compact Smart Pet Toys Max,4408,2101,199,240,Bata
204,Ultra Premium Violins Lite,3122,937,699,481,Godrej
205,Lightweight Mini Outdoor Toys Max,814,3868,4999,437,Adidas
206,Classic Premium Toys Lite,1939,427,249,108,Nike
207,Advanced Classic Toys Pro,1142,4418,1999,43,Nike
208,Classic Eco-Friendly Educational Toys X1,4856,3607,1499,83,Fabindia
209,Advanced Smart Comics Lite,4449,4812,1999,42,Tata
210,Stylish Eco-Friendly Sports & Fitness 2.0,4107,495,499,271,Bajaj
211,Eco Classic Skincare,4490,1598,599,435,Godrej
212,Portable Eco-Friendly Smartphones Lite,4081,1660,2499,163,Noise
213,Durable Smart Haircare Plus,2897,3486,14999,491,Philips
214,Portable Imported Laptops Max,378,815,799,24,Fabindia
215,Everyday Smart Speakers Plus,2221,315,699,195,Woodland
216,Smart Eco-Friendly Aquarium X1,4229,4635,499,118,Adidas
217,Pro Pro Keyboards 2.0,1616,3460,29999,326,Puma
218,Lightweight Classic Health Care,4704,3829,1199,400,Woodland
219,Compact Premium Garden Tools,1221,1836,3999,254,Dell
220,Lightweight Eco-Friendly Smartphones 2.0,3353,4430,1199,3,Woodland
221,Portable Deluxe Puzzles Lite,1872,3458,1999,161,Realme
222,Smart Premium Makeup Plus,4363,1530,19999,453,Philips
223,Everyday Imported Staples X1,1140,2776,799,126,Wildcraft
224,Compact Deluxe Stationery Max,4568,445,999,62,Lenovo
225,Lightweight Deluxe Bracelets,4111,627,349,386,Amul
226,Stylish Imported Appliances,3649,1417,599,374,Cello
227,Lightweight Pro Cycling Pro,1568,634,6999,177,Realme
228,Stylish Classic Health Care,3861,2024,199,249,Adidas
229,Eco Deluxe Home Decor Pro,1284,1424,6999,499,Lenovo
230,Advanced Mini Earphones Lite,158,4346,249,254,Titan
231,Portable Local Kids Footwear Max,4689,1031,1999,106,Mi
232,Wireless Smart Musical Instruments Max,2725,4542,1999,458,Apple
233,Eco Classic Action Figures Lite,1122,163,14999,124,Godrej
234,Durable Budget Supplements,4106,1853,999,297,Lenovo
235,Ultra Local Baby Products Pro,2583,328,1499,236,Realme
236,Smart Premium Non-Fiction,3569,3863,299,180,Samsung
237,Ultra Eco-Friendly Beverages,1133,1815,499,422,Noise
238,Smart Eco-Friendly Medical Devices Max,1325,386,49999,318,Cello
239,Compact Pro Plants X1,2357,135,6999,425,Titan
240,Compact Mini Garden Tools Pro,4276,2762,699,288,Nike
241,Durable Classic Health Care X1,3861,4570,799,232,Apple
242,Stylish Eco-Friendly Automotive Max,2509,3118,6999,371,Cello
243,Portable Imported Educational Toys,4162,3516,499,423,Philips
244,Everyday Local Bangles,3055,4085,2499,134,Fabindia
245,Advanced Mini Board Games,1769,1269,599,436,OnePlus
246,Classic Deluxe Sofas,499,63,9999,469,Nestle
247,Pro Premium Men's Footwear 2.0,2049,2455,49999,364,Titan
248,Lightweight Mini Academic X1,2149,2159,14999,55,Boat
249,Pro Mini Grills,3292,3528,4999,364,Realme
250,Smart Local Winter Wear,368,2153,19999,315,Titan
251,Lightweight Imported Women's Footwear Max,2832,961,9999,461,Noise
252,Classic Local Action Figures,4664,1740,199,488,Noise
253,Smart Premium Spices 2.0,4908,4035,6999,495,Adidas
254,Wireless Mini Beverages Plus,1976,1319,299,372,Prestige
255,Advanced Premium Automotive Max,2850,847,1499,460,Woodland
256,Advanced Eco-Friendly Winter Wear,2012,261,199,430,Woodland
257,Durable Mini Mixers X1,4497,863,29999,299,Tata
258,Eco Eco-Friendly Snacks Lite,3843,2864,249,224,Boat
259,Smart Mini Toys & Games Lite,3830,1321,9999,137,Noise
260,Classic Imported Violins X1,4620,3884,1199,404,Fabindia
261,Portable Eco-Friendly Makeup,355,1012,599,466,Apple
262,Ultra Classic Keyboards X1,2192,1214,4999,360,Bajaj
263,Stylish Pro Plants 2.0,2357,1789,49999,348,HP
264,Everyday Premium Violins Pro,2004,3382,599,245,Cello
265,Portable Classic Tools Plus,4044,1965,249,398,Havells
266,Durable Classic Laptops 2.0,1608,2393,799,472,Godrej
267,Portable Mini Automotive,2100,4050,1199,367,Havells
268,Smart Deluxe Ayurveda Max,2955,4033,199,202,OnePlus
269,Everyday Premium Furniture Plus,2975,2877,9999,365,Bata
270,Deluxe Imported Grills X1,4868,973,799,407,Bajaj
271,Advanced Smart Diapers 2.0,2499,95,199,201,Samsung
272,Stylish Smart Home & Kitchen,433,1373,399,189,Apple
273,Deluxe Smart Beverages Lite,2816,2179,2499,9,Cello
274,Classic Mini Violins,1570,4020,199,163,Nestle
275,Everyday Premium Children's Books Plus,3403,3026,399,317,Nestle
276,Everyday Classic Sports Shoes,3073,4339,399,147,Fabindia
277,Smart Eco-Friendly Haircare Max,4419,2425,6999,431,Apple
278,Lightweight Budget Tools Lite,701,2569,399,418,Lenovo
279,Eco Local Storage,443,2017,999,463,Bata
280,Portable Pro Car Accessories,789,1050,1199,208,Noise
281,Lightweight Local Women's Clothing,3278,4340,699,479,Titan
282,Stylish Deluxe Keyboards Plus,1760,2122,249,307,Dell
283,Eco Imported Toys & Games Plus,1170,3448,6999,353,Wildcraft
284,Advanced Premium Smartwatches 2.0,2393,2018,29999,96,LG
285,Compact Classic Tables,396,3571,6999,424,Noise
286,Lightweight Imported Sports Shoes X1,3229,3276,699,178,Fabindia
287,Classic Smart Puzzles Pro,2018,4070,3999,482,Tata
288,Eco Imported Fashion 2.0,4093,3836,1999,375,Puma
289,Everyday Deluxe Grills,3165,553,4999,247,Havells
290,Stylish Pro Lubricants X1,1118,1241,9999,500,Wildcraft
291,Premium Classic Outdoor Furniture Max,3376,2739,2999,393,Amul
292,Stylish Deluxe Running Lite,4914,2291,199,438,Woodland
293,Deluxe Local Beauty & Personal Care Max,235,1847,1499,190,HP
294,Compact Imported Drums,4491,1881,6999,295,Adidas
295,Stylish Budget Air Conditioners X1,2312,1489,2499,487,Sony
296,Classic Local Grills 2.0,404,2241,6999,341,Lenovo
297,Eco Premium Headphones 2.0,3000,1233,399,231,Sony
298,Compact Deluxe Wardrobes X1,4381,4301,1999,359,Boat
299,Compact Budget Men's Footwear,4838,903,49999,133,Boat
300,Eco Premium Groceries Plus,2498,2588,699,154,Puma
301,Classic Deluxe Laptops Max,773,133,399,497,Noise
302,Compact Mini Comics X1,892,3745,1499,467,Milton
303,Portable Mini Mobiles & Accessories 2.0,958,4774,399,335,Milton
304,Deluxe Imported Garden & Outdoor X1,2492,1235,249,296,Bata
305,Wireless Pro Bracelets 2.0,1028,4821,29999,415,Tata
306,Everyday Pro Office Supplies,740,4103,999,90,Apple
307,Pro Smart Dog Food,2050,4743,2499,463,Havells
308,Compact Eco-Friendly Medical Devices 2.0,2591,4603,999,480,Dell
309,Portable Pro Lighting Max,961,3185,349,113,Fabindia
310,Premium Eco-Friendly Lighting 2.0,741,3027,3999,474,Prestige
311,Wireless Deluxe Keyboards Lite,1760,2755,2999,5,Realme
312,Everyday Imported Refrigerators Lite,1521,747,9999,257,Fabindia
313,Deluxe Budget Art Supplies,343,1908,4999,321,Wildcraft
314,Durable Pro Snacks Lite,3105,4766,699,92,Philips
315,Lightweight Local Makeup Pro,4900,4311,199,254,Noise
316,Classic Imported Tyres X1,1403,1311,49999,405,Adidas
317,Advanced Pro Tools Plus,4242,2475,249,191,Puma
318,Durable Classic Yoga Max,2753,3461,249,128,Woodland
319,Compact Local Office Supplies 2.0,4207,3351,3999,457,Puma
320,Compact Premium Spices Max,4908,4583,2999,136,Godrej
321,Smart Eco-Friendly Men's Clothing Plus,3113,524,299,99,Godrej
322,Advanced Eco-Friendly Home & Kitchen,1556,1615,2499,297,Sony
323,Everyday Eco-Friendly Mixers,855,3044,1499,238,Amul
324,Classic Eco-Friendly Home Decor X1,2145,3716,699,324,LG
325,Wireless Classic Skincare Lite,4490,4302,2499,144,LG
326,Compact Imported Furniture Lite,2011,1696,249,321,Dell
327,Portable Deluxe Sandals Pro,4050,2521,2999,466,Prestige
328,Classic Eco-Friendly Drums 2.0,3062,1548,4999,435,Philips
329,Lightweight Pro Grooming,1599,3381,599,403,Sony
330,Portable Imported Health Care Pro,3018,965,199,403,Boat
331,Eco Local Cricket Gear Max,4690,3809,9999,58,Titan
332,Ultra Pro Smartwatches Plus,3766,4348,19999,438,Lenovo
333,Compact Mini Power Banks Max,1171,3268,49999,104,Mi
334,Wireless Imported Bedding 2.0,4605,1242,1499,490,Woodland
335,Classic Eco-Friendly Televisions Pro,3617,1627,4999,160,Boat
336,Lightweight Eco-Friendly Office Supplies Pro,2048,4407,14999,301,Adidas
337,Ultra Eco-Friendly Cycling Max,1978,3638,9999,405,Prestige
338,Pro Pro Appliances,1036,3787,49999,57,Mi
339,Everyday Deluxe Pet Supplies,3929,1195,599,78,Godrej
340,Classic Deluxe Dog Food X1,1611,3128,3999,276,Dell
341,Deluxe Eco-Friendly Haircare,3829,1365,299,337,Samsung
342,Smart Classic Bike Accessories 2.0,3990,2366,349,148,Puma
343,Compact Classic Women's Clothing X1,4621,3624,49999,472,Adidas
344,Portable Premium Skincare,3530,1085,14999,12,Wildcraft
345,Everyday Deluxe Drums Pro,4862,507,19999,41,Prestige
346,Pro Eco-Friendly Rings Pro,2983,3126,299,373,Tata
347,Compact Plants Lite,117,3203,399,401,Apple
348,Wireless Local Ayurveda,2010,1756,699,264,Godrej
349,Eco Budget Pet Grooming 2.0,2141,4291,799,321,Amul
350,Deluxe Classic Home Decor X1,384,4366,399,180,Noise
351,Durable Deluxe Outdoor Toys Pro,4529,1040,1199,397,Mi
352,Classic Eco-Friendly Puzzles X1,4188,2688,349,403,Apple
353,Durable Classic Gym Equipment X1,1557,298,799,462,Adidas
354,Portable Pro Ethnic Wear 2.0,1250,4911,699,477,Milton
355,Smart Mini Notebooks Plus,857,295,3999,170,Bajaj
356,Wireless Imported Power Banks Max,4877,2151,999,398,Havells
357,Eco Premium Cameras Pro,3551,559,29999,90,Milton
358,Pro Classic Lighting,2474,4684,199,51,Dell
359,Smart Imported Wardrobes Max,842,4416,1499,307,Dell
360,Compact Smart Medical Devices Lite,592,4676,6999,156,Tata
361,Everyday Eco-Friendly Toys & Games X1,2373,1163,199,157,Realme
362,Advanced Classic Pens,719,4774,9999,124,Dell
363,Lightweight Local Bangles 2.0,3055,2951,399,120,Wildcraft
364,Everyday Premium Makeup Max,3815,3201,349,326,Apple
365,Classic Pro Ayurveda Plus,442,1145,14999,309,Havells
366,Portable Mobiles & Accessories,11,1499,699,426,Wildcraft
367,Premium Deluxe Bike Accessories,1473,1739,29999,406,Sony
368,Stylish Pro Beds Max,1000,4814,9999,184,Titan
369,Everyday Classic Staples Lite,1145,2956,499,180,Bata
370,Pro Eco-Friendly Fiction,510,1197,3999,126,Fabindia
371,Premium Pro Drums Lite,2396,4157,2999,104,LG
372,Premium Premium Keyboards Pro,1052,1089,9999,75,Mi
373,Stylish Classic Groceries,2927,2884,1199,189,Wildcraft
374,Premium Local Outdoor Toys 2.0,1270,4737,2999,265,Havells
375,Pro Imported Pet Toys 2.0,1951,2582,1499,1,Apple
376,Portable Mini First Aid,3207,3285,2999,317,Prestige
377,Premium Pro Groceries X1,2354,1696,14999,401,Puma
378,Portable Deluxe Televisions X1,4721,1678,4999,10,Mi
379,Wireless Mini Baby Food,1315,2237,9999,476,Milton
380,Classic Mini Cameras,1634,145,1499,123,Amul
381,Premium Pro Sandals Plus,2650,4920,6999,128,Mi
382,Durable Local Outdoor Toys X1,1270,953,49999,295,Boat
383,Stylish Smart Footwear Pro,1238,245,3999,393,OnePlus
384,Eco Local Medical Devices Max,457,2200,3999,115,Philips
385,Deluxe Smart Sandals Pro,2212,2866,29999,252,Prestige
386,Durable Smart Cricket Gear Max,4833,1529,399,76,Bajaj
387,Wireless Eco-Friendly Women's Clothing,4417,2267,249,428,Mi
388,Smart Local Tyres Lite,1529,2856,49999,75,Philips
389,Premium Imported Pet Grooming Max,4459,1527,799,193,OnePlus
390,Stylish Smart Speakers Plus,4024,4445,1999,496,Lenovo
391,Lightweight Deluxe Aquarium 2.0,2281,2067,9999,259,Wildcraft
392,Pro Mini Chargers Plus,1936,4615,2999,407,LG
393,Classic Baby Gear 2.0,109,4769,399,221,HP
394,Stylish Budget Children's Books,2628,1936,299,99,Woodland
395,Compact Classic Makeup Plus,1883,1121,2999,472,Sony
396,Classic Eco-Friendly Keyboards Max,2825,1588,2499,438,Boat
397,Portable Smart Baby Gear Lite,4873,4450,299,149,Godrej
398,Lightweight Classic Haircare Plus,2619,4720,349,67,Realme
399,Portable Local Bike Accessories Max,2263,2857,29999,230,Godrej
400,Deluxe Smart Baby Products X1,4612,1437,499,241,Tata
401,Premium Premium Board Games Max,2988,2274,1199,106,Nestle
402,Ultra Budget Women's Clothing,2429,2432,4999,77,Noise
403,Premium Mini Lubricants 2.0,3079,2962,199,292,Bajaj
404,Deluxe Premium Toys X1,4078,1424,49999,473,Apple
405,Durable Pro Bedding Max,2248,3989,699,71,Boat
406,Eco Deluxe Air Conditioners X1,2585,3358,399,63,Philips
407,Advanced Imported Sports & Fitness Max,4638,1934,29999,217,Bajaj
408,Pro Classic Home Decor Plus,384,1825,349,253,Nestle
409,Portable Classic Children's Books Plus,468,3145,1999,163,Nestle
410,Durable Deluxe Women's Clothing,1101,1509,9999,203,Tata
411,Eco Pro Medical Devices Pro,759,3849,599,444,HP
412,Stylish Classic Furniture Pro,823,1934,14999,448,Boat
413,Wireless Classic Ethnic Wear Plus,1649,1995,299,365,Sony
414,Classic Mini Pet Grooming X1,1040,4105,1199,154,Philips
415,Durable Premium Bike Accessories Max,4415,3614,1499,415,Boat
416,Stylish Classic Cookware Max,2671,3857,2999,236,Sony
417,Portable Classic Comics X1,4356,3206,799,18,Woodland
418,Stylish Budget Action Figures Plus,3995,2464,29999,274,Cello
419,Stylish Budget Skincare Pro,3349,3947,199,487,Godrej
420,Everyday Deluxe Beauty & Personal Care Pro,669,3518,49999,283,Woodland
421,Deluxe Deluxe Men's Clothing X1,319,1953,699,201,Cello
422,Everyday Imported Sports & Fitness 2.0,2998,329,3999,181,Cello
423,Everyday Pro Educational Toys Lite,523,432,999,493,Puma
424,Classic Premium Footwear 2.0,3160,1784,499,259,Realme
425,Compact Eco-Friendly Academic,1197,463,399,101,Havells
426,Advanced Pro Children's Books Pro,3487,1579,6999,165,OnePlus
427,Premium Local Storage Lite,4852,3827,399,291,Bajaj
428,Durable Eco-Friendly Furniture 2.0,4880,3763,1499,430,Prestige
429,Advanced Pro Bracelets Pro,1028,3950,399,62,Sony
430,Portable Imported Haircare X1,563,2131,999,435,Lenovo
431,Smart Local Winter Wear Pro,368,3294,699,140,Bajaj
432,Durable Deluxe Educational Toys X1,4569,2475,399,50,Boat
433,Smart Pro Kids Footwear Max,2045,1925,14999,141,Godrej
434,Durable Local Sports & Fitness X1,3138,590,399,272,Tata
435,Ultra Premium First Aid X1,4521,4649,1999,159,Nestle
436,Premium Mini Gym Equipment Pro,4255,18,249,0,Bajaj
437,Portable Deluxe Files & Folders Max,1586,1189,249,207,LG
438,Lightweight Premium Tyres,4338,2730,499,112,Puma
439,Lightweight Premium Washing Machines Plus,956,357,4999,68,OnePlus
440,Premium Budget Kids Wear X1,444,2309,1999,337,Havells
441,Stylish Smart Toys & Games 2.0,3169,2403,4999,44,Tata
442,Eco Eco-Friendly Air Conditioners 2.0,4831,4728,14999,111,Lenovo
443,Stylish Deluxe Sports Shoes X1,2642,3477,499,263,Wildcraft
444,Premium Local Cameras 2.0,3120,868,299,393,Noise
445,Compact Budget Cases & Covers X1,1355,296,1199,191,Apple
446,Pro Budget Beverages,2719,4478,699,114,Titan
447,Pro Budget Tyres,1314,2197,1999,187,Nestle
448,Compact Classic Winter Wear Pro,3772,940,14999,350,Wildcraft
449,Portable Premium Tools Plus,3859,1000,699,62,OnePlus
450,Compact Budget Pens Pro,3597,448,2499,240,Apple
451,Stylish Smart Children's Books,4070,919,4999,46,Wildcraft
452,Ultra Local Car Accessories 2.0,4015,1632,249,382,Samsung
453,Premium Budget Makeup Plus,4332,3310,599,204,Titan
454,Pro Pro Earrings 2.0,2758,274,2999,74,Adidas
455,Deluxe Eco-Friendly Cycling Max,3181,2042,4999,373,OnePlus
456,Deluxe Imported Baby Products Max,1663,1904,49999,120,Adidas
457,Portable Classic Cameras 2.0,2190,2497,29999,443,Nestle
458,Pro Mini Notebooks Max,1609,4538,799,432,Adidas
459,Classic Smart Men's Footwear Max,4561,2963,2499,428,Titan
460,Classic Smart Outdoor Furniture 2.0,3422,2517,49999,108,Nike
461,Wireless Mini Chargers,269,3188,4999,64,Bajaj
462,Everyday Classic Lighting,2497,2666,14999,46,Mi
463,Stylish Smart Keyboards X1,2807,403,3999,377,LG
464,Classic Local Headphones,3326,2678,49999,440,Mi
465,Lightweight Imported Children's Books Plus,2274,254,199,249,Amul
466,Eco Mini Garden Tools X1,4654,1286,299,191,Realme
467,Classic Smart Winter Wear X1,2340,2727,299,300,Fabindia
468,Classic Imported Rings Plus,3463,2430,1999,72,Prestige
469,Eco Pro Garden Tools,1159,2238,6999,143,Puma
470,Wireless Premium Garden Tools X1,2864,1430,2499,483,Wildcraft
471,Everyday Mini Plants X1,837,719,199,281,Milton
472,Pro Pro Cameras,3537,3421,2999,302,Realme
473,Pro Smart Violins X1,1464,1636,1999,287,Nestle
474,Lightweight Mini Action Figures,1600,3114,29999,1,Puma
475,Smart Mini Wardrobes Max,3558,3387,49999,210,Apple
476,Everyday Budget Beds Lite,2881,1261,399,342,LG
477,Everyday Budget Toys & Games Pro,4110,273,9999,435,Godrej
478,Compact Deluxe Educational Toys 2.0,4569,3722,9999,147,Godrej
479,Pro Mini Mobiles & Accessories Lite,3510,16,799,182,Philips
480,Classic Budget Pens Pro,3597,1171,999,386,Tata
481,Eco Deluxe Non-Fiction 2.0,4968,1493,999,262,Samsung
482,Premium Deluxe Drums X1,437,2791,349,412,Bajaj
483,Ultra Smart Kids Wear,4578,1415,29999,106,Prestige
484,Stylish Classic Car Accessories X1,3195,2572,799,21,LG
485,Deluxe Smart Keyboards,4011,846,599,345,Boat
486,Smart Budget Earrings,1218,4828,2999,190,Realme
487,Portable Pro Jewellery,4468,2740,6999,79,Wildcraft
488,Eco Deluxe Women's Clothing Lite,4769,90,399,90,Tata
489,Smart Pro Automotive,4955,3029,4999,432,Puma
490,Premium Classic Chargers 2.0,1375,1516,4999,153,Bajaj
491,Smart Premium Non-Fiction 2.0,2652,3326,49999,313,Prestige
492,Ultra Eco-Friendly Diapers X1,3061,1063,199,46,Wildcraft
493,Portable Eco-Friendly Smartphones Max,3413,4987,699,185,Fabindia
494,Deluxe Smart Electronics Max,4243,2077,1199,464,Lenovo
495,Lightweight Budget Kids Footwear Pro,631,3378,29999,299,Boat
496,Everyday Deluxe Accessories Plus,3750,599,199,240,Adidas
497,Wireless Budget Pet Supplies,3039,2801,299,374,Nestle
498,Advanced Premium Skincare,653,2478,4999,495,Bajaj
499,Pro Eco-Friendly Ayurveda 2.0,1139,3951,199,138,Godrej
500,Classic Deluxe Beverages X1,2295,3750,199,446,Apple
501,Premium Budget Cookware Plus,2766,2986,249,206,LG
502,Ultra Pro Dog Food Max,3063,115,249,31,Tata
503,Ultra Eco-Friendly Earrings,1657,827,999,320,Bata
504,Durable Classic Pet Supplies Pro,1516,2429,999,41,Nestle
505,Classic Premium Mobiles & Accessories 2.0,2548,2957,299,183,Puma
506,Durable Pro Winter Wear Lite,4145,3005,3999,432,Sony
507,Deluxe Premium Drums 2.0,1783,3500,49999,484,HP
508,Deluxe Premium Grooming Lite,3186,3372,199,475,Bajaj
509,Durable Local Kids Wear 2.0,292,2506,1999,267,Godrej
510,Everyday Deluxe Non-Fiction Max,4968,837,6999,154,Prestige
511,Wireless Imported Refrigerators Plus,4306,3460,799,217,Tata
512,Ultra Imported Bracelets X1,2325,3183,299,253,Dell
513,Deluxe Imported Non-Fiction Pro,1320,304,3999,367,Adidas
514,Stylish Pro Art Supplies Pro,634,1992,199,149,Woodland
515,Smart Imported Sports & Fitness,1260,3653,9999,35,Adidas
516,Lightweight Deluxe Drums X1,981,4365,2999,24,Dell
517,Classic Smart Pet Toys X1,4408,44,499,53,LG
518,Pro Eco-Friendly Furniture X1,4607,2513,4999,352,Titan
519,Advanced Classic Washing Machines Pro,4315,743,2999,63,Tata
520,Eco Classic Board Games,1958,2430,799,105,Tata
521,Wireless Premium Pet Toys 2.0,505,1125,249,76,Fabindia
522,Classic Classic Aquarium Lite,1070,2941,1199,377,Apple
523,Premium Imported Art Supplies Lite,948,3098,9999,433,Noise
524,Pro Premium First Aid,657,2047,399,467,Tata
525,Portable Budget Footwear Pro,677,3494,3999,62,Titan
526,Everyday Deluxe Mixers 2.0,1952,2971,399,329,Cello
527,Portable Eco-Friendly Groceries Lite,910,1312,1199,163,Milton
528,Stylish Budget Pens X1,4434,2368,29999,352,Nike
529,Lightweight Mini Diapers 2.0,712,1483,799,413,Noise
530,Lightweight Imported Pet Grooming Pro,4459,3426,14999,73,Lenovo
531,Wireless Imported Baby Products 2.0,1663,1848,3999,63,Mi
532,Lightweight Classic Kids Wear Max,4948,2453,299,138,Titan
533,Lightweight Smart Puzzles Plus,2831,476,1199,367,Sony
534,Advanced Mini Pet Grooming Pro,1422,1970,9999,56,Fabindia
535,Pro Chargers X1,74,3604,14999,383,Titan
536,Stylish Pro Baby Products Max,297,731,2499,17,Nestle
537,Lightweight Local Fiction Lite,2269,2439,2999,414,Prestige
538,Ultra Eco-Friendly First Aid,2598,1106,9999,168,Tata
539,Eco Deluxe Dog Food Pro,1157,4718,299,0,Sony
540,Pro Pro Accessories Lite,4285,655,2499,94,Milton
541,Pro Mini Power Banks Plus,3261,4530,19999,80,Titan
542,Eco Premium Drums Pro,133,3057,249,285,Nestle
543,Lightweight Premium Medical Devices 2.0,2155,3847,349,352,Amul
544,Lightweight Imported Sandals X1,3854,3594,2999,455,Samsung
545,Smart Imported Garden Tools X1,3944,3747,399,4,HP
546,Lightweight Classic Grills X1,285,1195,19999,30,Bajaj
547,Premium Eco-Friendly Board Games Pro,486,22,399,273,Bata
548,Eco Premium Musical Instruments Plus,4328,3734,249,125,Realme
549,Wireless Budget Comics,3027,1360,14999,254,Bajaj
550,Advanced Eco-Friendly Groceries Lite,4178,4899,399,327,Apple
551,Advanced Mini Books,2139,1543,799,201,Puma
552,Premium Deluxe Books Max,4179,4957,2999,107,Realme
553,Portable Imported Baby Gear Lite,3309,1693,349,185,Godrej
554,Smart Pro Personal Hygiene X1,2355,1888,199,193,Fabindia
555,Deluxe Premium Ethnic Wear Lite,3297,2958,499,141,Philips
556,Premium Budget Pet Supplies,2920,4785,14999,327,Cello
557,Ultra Budget Storage,1275,1348,399,12,Woodland
558,Durable Eco-Friendly Children's Books 2.0,1508,2637,4999,243,Lenovo
559,Stylish Budget Furniture 2.0,3287,204,699,343,Tata
560,Everyday Smart Fragrances Plus,1438,2404,49999,486,OnePlus
561,Lightweight Eco-Friendly Sandals,3394,1311,2499,256,HP
562,Classic Mini Beds,3624,3133,49999,241,Prestige
563,Eco Eco-Friendly Chargers 2.0,1237,2869,799,186,Apple
564,Advanced Classic Pet Grooming Pro,3026,2057,3999,393,Milton
565,Pro Eco-Friendly Women's Clothing Plus,3371,1211,6999,455,Lenovo
566,Classic Budget Fiction 2.0,169,3938,499,372,Sony
567,Deluxe Imported Files & Folders Pro,1904,1128,9999,139,Fabindia
568,Advanced Deluxe Diapers X1,2837,2298,299,154,Puma
569,Everyday Deluxe Refrigerators Max,3391,1797,3999,238,Apple
570,Portable Pro Bedding Max,2868,1630,799,96,HP
571,Smart Appliances,14,1735,6999,18,Sony
572,Smart Eco-Friendly Chairs Max,132,3281,9999,186,Noise
573,Premium Smart Academic 2.0,597,4251,49999,274,Fabindia
574,Ultra Pro Pet Supplies,3910,4516,9999,498,Woodland
575,Advanced Mini Dog Food Lite,178,3695,49999,321,Dell
576,Portable Premium Grooming Lite,3186,1571,1999,349,Tata
577,Compact Premium Art Supplies X1,1203,3184,2499,11,Nestle
578,Deluxe Cameras Plus,22,1423,29999,297,Milton
579,Eco Deluxe First Aid Max,1404,1298,399,8,Prestige
580,Everyday Premium Bangles,1442,4477,799,90,Samsung
581,Deluxe Imported Garden & Outdoor 2.0,3585,1382,9999,10,Samsung
582,Wireless Smart Sports Shoes X1,4735,4650,699,148,Wildcraft
583,Durable Pro Winter Wear Plus,1717,3659,1999,247,Prestige
584,Classic Smart Children's Books,4070,1663,19999,291,Nike
585,Lightweight Deluxe Women's Footwear,2106,366,999,131,Apple
586,Pro Eco-Friendly Women's Footwear,1743,4091,699,219,Havells
587,Ultra Local Bracelets Pro,1369,4402,9999,23,Cello
588,Smart Classic Speakers 2.0,836,2480,3999,129,Nestle
589,Classic Classic Lighting Lite,1672,1351,299,83,Woodland
590,Pro Premium Health Care Max,170,46,599,459,HP
591,Durable Budget Home Decor,177,2612,1999,358,Tata
592,Portable Eco-Friendly Ethnic Wear Max,2164,1163,4999,129,Wildcraft
593,Lightweight Smart Baby Clothing Pro,1097,1324,299,215,Havells
594,Advanced Budget Washing Machines X1,1370,127,999,32,Samsung
595,Portable Imported Fashion X1,1214,1819,19999,180,Philips
596,Stylish Budget Electronics,4462,4401,2999,470,Tata
597,Everyday Pro Sofas,1901,2801,599,281,Wildcraft
598,Lightweight Imported Violins,1148,2013,499,228,Fabindia
599,Smart Imported Spices Lite,4802,1384,19999,208,Godrej
600,Portable Imported Garden & Outdoor Max,3585,1973,2499,165,OnePlus
601,Portable Local Outdoor Toys X1,1270,4275,499,365,Boat
602,Wireless Classic Books,4493,2444,349,26,Milton
603,Stylish Mini Dog Food Pro,178,438,9999,136,Mi
604,Ultra Pro Cases & Covers Plus,2990,4190,2999,72,Samsung
605,Eco Local Women's Footwear Pro,2771,2398,3999,463,Samsung
606,Classic Imported Footwear,4526,3154,49999,389,Apple
607,Classic Pro Children's Books X1,3487,2513,249,125,Tata
608,Everyday Pro Mixers,4509,602,29999,243,Philips
609,Stylish Mini Wardrobes 2.0,1538,3013,1199,257,Cello
610,Smart Local Automotive,4825,4798,2499,459,Dell
611,Ultra Eco-Friendly Bracelets X1,2345,2405,1199,496,Dell
612,Premium Deluxe Wardrobes Pro,862,3570,249,496,Amul
613,Eco Budget Garden Tools,4233,334,499,301,Lenovo
614,Stylish Imported Beauty & Personal Care X1,4700,4167,1499,3,Puma
615,Deluxe Imported Smartwatches Plus,1685,3646,9999,1,Dell
616,Lightweight Classic Fashion,553,939,1499,19,Samsung
617,Lightweight Local Refrigerators,1274,2645,2999,127,Sony
618,Pro Eco-Friendly Stationery 2.0,1160,425,299,429,Godrej
619,Everyday Mini Tables Pro,4442,4476,799,426,Dell
620,Ultra Premium Educational Toys Pro,699,845,14999,247,Bajaj
621,Classic Mini Laptops Plus,2401,2209,49999,76,Tata
622,Stylish Smart Tyres 2.0,243,3809,199,71,Puma
623,Lightweight Eco-Friendly Kids Wear 2.0,4002,3388,399,29,Sony
624,Portable Deluxe Sports & Fitness 2.0,255,744,4999,114,Godrej
625,Ultra Classic Wardrobes X1,4074,3518,1199,350,Titan
626,Deluxe Classic Academic Plus,683,2113,699,364,Cello
627,Stylish Classic Violins,2206,2226,9999,128,Nestle
628,Stylish Imported Non-Fiction 2.0,739,3430,3999,127,Wildcraft
629,Smart Budget Skincare Plus,4458,1458,2999,242,Havells
630,Portable Deluxe Washing Machines Pro,1932,2934,699,469,Noise
631,Portable Local Storage,192,1508,29999,419,Bajaj
632,Pro Smart Speakers Plus,2221,1010,799,217,Fabindia
633,Deluxe Classic Lighting Pro,2138,3104,49999,128,Nestle
634,Deluxe Premium Supplements Pro,1046,4522,9999,331,Godrej
635,Portable Local Bedding Pro,2093,475,699,492,Milton
636,Stylish Mini Lighting Pro,1248,2079,599,149,Puma
637,Pro Imported Aquarium X1,2772,3491,1199,93,Noise
638,Advanced Pro Sandals Plus,4279,4692,399,228,Mi
639,Advanced Imported Action Figures Lite,2039,3881,399,131,Havells
640,Durable Premium Spices Lite,2130,93,249,147,LG
641,Compact Pro Sandals Lite,2519,2559,2999,5,Fabindia
642,Premium Classic Appliances,4494,268,699,224,Nike
643,Premium Cases & Covers 2.0,73,282,29999,452,Nestle
644,Ultra Deluxe Diapers Pro,3482,748,1999,390,Boat
645,Eco Smart Academic 2.0,597,608,1999,355,Puma
646,Ultra Classic Fashion,1835,3901,599,148,Milton
647,Classic Eco-Friendly Running 2.0,1173,1929,2499,130,Noise
648,Ultra Smart Baby Clothing,242,1614,2499,429,Puma
649,Compact Deluxe Lubricants Lite,4203,3449,9999,244,Amul
650,Smart Classic Home Decor Max,4103,3392,699,3,Wildcraft
651,Wireless Classic Baby Products 2.0,356,4837,299,440,Lenovo
652,Pro Smart Pet Grooming,3234,2583,14999,335,Philips
653,Deluxe Eco-Friendly Spices Lite,4953,1165,49999,41,Sony
654,Ultra Pro Televisions Pro,3612,2646,349,162,Dell
655,Smart Pro Children's Books Max,3487,2634,1499,147,Cello
656,Deluxe Classic Furniture Plus,3674,229,19999,38,Woodland
657,Deluxe Classic Cases & Covers Max,561,378,6999,78,Amul
658,Smart Premium Ayurveda 2.0,1620,542,29999,120,Cello
659,Lightweight Imported First Aid Max,2550,939,299,179,Samsung
660,Premium Eco-Friendly Cameras X1,220,4477,199,401,Godrej
661,Advanced Mini Wardrobes X1,3058,433,3999,2,Noise
662,Lightweight Local Home Decor,2029,4326,1199,397,Cello
663,Durable Pro Beds Plus,2146,1571,6999,224,Woodland
664,Lightweight Smart Toys & Games Pro,2803,3483,349,55,Cello
665,Lightweight Local Accessories X1,4824,7,699,456,Apple
666,Advanced Mini Sports Shoes,4291,398,19999,78,Godrej
667,Advanced Smart Smartwatches,800,4014,1199,399,Fabindia
668,Pro Eco-Friendly Pet Grooming Pro,4622,2032,19999,25,Puma
669,Stylish Smart Accessories X1,326,4277,399,175,Mi
670,Smart Local Staples Plus,3089,3416,799,57,Lenovo
671,Eco Premium Cat Food,2937,4600,699,309,Mi
672,Smart Local Puzzles Max,223,978,799,356,Dell
673,Durable Smart Cookware Plus,480,1180,399,173,HP
674,Durable Premium Beauty & Personal Care X1,4369,3070,249,85,Boat
675,Everyday Premium Cases & Covers X1,1333,3400,399,3,Havells
676,Deluxe Budget Outdoor Toys Lite,692,3697,1199,113,Nestle
677,Smart Eco-Friendly Lubricants,2152,2960,1999,55,Fabindia
678,Portable Premium Baby Food X1,2716,4074,499,115,Prestige
679,Smart Local Lighting Lite,675,2801,49999,116,Lenovo
680,Classic Smart Books,4702,1918,14999,440,Mi
681,Everyday Smart Tables Max,4504,3271,4999,473,Boat
682,Wireless Pro Speakers Plus,2198,4099,299,315,Philips
683,Durable Eco-Friendly Men's Clothing Max,1704,171,249,96,Bajaj
684,Durable Budget Beverages 2.0,4452,3724,1499,297,Dell
685,Classic Local Haircare,2950,3330,699,450,Tata
686,Pro Premium Kids Wear Lite,2330,3683,29999,281,Godrej
687,Portable Deluxe Running Pro,188,3914,1999,249,Nike
688,Smart Classic Kids Wear,2349,2938,399,252,Boat
689,Everyday Imported Appliances Max,562,80,599,495,Dell
690,Premium Pro Outdoor Toys 2.0,4933,2471,699,309,Boat
691,Compact Imported Tables,955,4485,3999,150,Boat
692,Deluxe Premium Necklaces X1,552,1621,999,183,Prestige
693,Portable Smart Beds X1,263,3751,349,433,Puma
694,Deluxe Mini Comics,3595,1407,499,51,Mi
695,Wireless Imported Groceries 2.0,2254,3161,999,329,Philips
696,Everyday Eco-Friendly Wardrobes Max,2423,1696,699,322,Lenovo
697,Durable Classic Beds 2.0,2427,2764,599,236,Havells
698,Ultra Mini Jewellery Max,4377,627,199,374,Cello
699,Stylish Premium Men's Footwear X1,1043,2468,19999,181,Boat
700,Deluxe Deluxe Action Figures 2.0,4418,3212,19999,469,Realme
701,Stylish Pro Haircare Pro,2984,466,999,349,Wildcraft
702,Ultra Classic Pet Grooming Pro,3435,1823,599,16,Philips
703,Ultra Classic Staples Pro,2533,1161,199,254,Cello
704,Ultra Smart Stationery Plus,3047,4148,999,102,Dell
705,Everyday Deluxe Earrings,2648,1162,29999,263,Lenovo
706,Deluxe Local Laptops Pro,4270,1772,999,169,Godrej
707,Durable Deluxe Smartphones,2974,3025,14999,473,Adidas
708,Pro Classic Dog Food,799,4964,1499,219,Amul
709,Portable Local Baby Clothing,994,262,199,224,Nestle
710,Lightweight Pro Smartwatches Plus,3766,4111,199,87,Apple
711,Everyday Local Non-Fiction Max,966,3007,1499,57,Samsung
712,Stylish Budget Pens Max,4434,1156,399,248,Titan
713,Classic Mini Non-Fiction Pro,1026,2395,249,327,Woodland
714,Deluxe Classic Books Max,2185,568,799,246,Bata
715,Durable Deluxe Refrigerators Max,2447,3284,3999,35,Amul
716,Premium Premium Storage,640,3581,249,94,Boat
717,Wireless Pro Fragrances Lite,3822,418,14999,6,Lenovo
718,Advanced Budget Fiction,4573,2347,499,304,Bata
719,Smart Budget Outdoor Toys X1,4379,4107,1499,135,Apple
720,Pro Deluxe Sandals X1,3880,3218,999,249,Boat
721,Deluxe Imported Cat Food X1,475,1034,1499,94,Adidas
722,Eco Imported Jewellery Plus,639,2561,249,147,Puma
723,Smart Deluxe Beds X1,4956,2138,499,478,OnePlus
724,Lightweight Mini Musical Instruments Lite,996,3865,29999,122,Noise
725,Smart Deluxe Fiction Plus,2253,1299,4999,379,Bata
726,Advanced Chargers 2.0,74,3143,2499,41,Philips
727,Pro Local Puzzles Plus,223,3503,2999,33,Mi
728,Smart Pro Spices Plus,4127,3248,299,7,Cello
729,Wireless Premium Skincare 2.0,3530,1119,1999,65,Wildcraft
730,Durable Smart Medical Devices Lite,494,4908,4999,191,Boat
731,Everyday Imported Bedding Plus,1491,3567,6999,146,HP
732,Ultra Budget Tools,1712,249,29999,181,Havells
733,Durable Premium Appliances X1,4396,3980,599,55,Puma
734,Portable Classic Supplements Lite,1423,35,4999,90,Boat
735,Lightweight Pro Files & Folders,927,578,399,409,Samsung
736,Eco Budget Staples Plus,4564,755,1999,231,Lenovo
737,Deluxe Smart Children's Books Max,4397,4374,349,90,Sony
738,Durable Smart Dog Food Pro,4993,337,299,328,Philips
739,Portable Premium Beverages Lite,4729,3661,14999,4,Mi
740,Lightweight Mini Chargers Max,269,2746,29999,487,Bajaj
741,Portable Smart Pet Toys,3098,4660,49999,17,Titan
742,Advanced Classic Beds Lite,1153,4550,49999,230,Bajaj
743,Wireless Eco-Friendly Smartphones X1,4081,3664,19999,294,Woodland
744,Premium Eco-Friendly Bedding Plus,1589,3582,49999,368,Noise
745,Eco Eco-Friendly First Aid X1,449,3929,999,381,Bata
746,Portable Local Makeup,3285,4301,49999,464,Lenovo
747,Advanced Classic Sofas Lite,1561,2264,1999,118,Titan
748,Stylish Local Lighting,2405,4964,29999,494,Samsung
749,Portable Premium Bike Accessories Max,4991,4951,599,333,Cello
750,Stylish Eco-Friendly Outdoor Toys,621,279,999,342,Puma
751,Advanced Deluxe Mixers Lite,3498,2723,1199,139,Samsung
752,Everyday Baby Food Lite,108,3838,199,35,Godrej
753,Deluxe Classic Jewellery Lite,4696,3102,799,284,Tata
754,Classic Local Televisions 2.0,2827,3495,3999,96,Puma
755,Premium Premium Bracelets,544,3451,19999,482,OnePlus
756,Ultra Classic Office Supplies Plus,4813,2796,29999,291,Bajaj
757,Stylish Imported Toys,4731,3180,499,359,Amul
758,Classic Smart Comics Pro,3013,330,299,442,Apple
759,Deluxe Imported Files & Folders Pro,1904,3905,499,3,HP
760,Premium Imported Refrigerators,1521,4857,19999,186,HP
761,Classic Imported Aquarium 2.0,2472,2753,9999,324,Samsung
762,Ultra Mini Pet Toys Plus,1174,4312,599,1,Mi
763,Durable Budget Tyres Max,1758,1792,1199,121,Prestige
764,Ultra Local Necklaces Pro,4329,4284,29999,160,Woodland
765,Smart Imported Smartwatches Pro,1945,2289,19999,144,Bata
766,Premium Local Musical Instruments Pro,3019,3803,29999,139,Lenovo
767,Premium Classic Children's Books X1,3230,3494,29999,36,Havells
768,Ultra Pro Sofas Lite,1901,3280,799,40,LG
769,Deluxe Local Mixers,1731,344,699,395,Boat
770,Smart Imported Action Figures Plus,3004,967,999,162,Adidas
771,Premium Deluxe Educational Toys Plus,4569,3619,799,480,Titan
772,Eco Premium Notebooks Lite,878,4423,799,256,Titan
773,Wireless Budget Ayurveda,4059,271,3999,170,Dell
774,Durable Budget Home Decor Pro,4885,4073,249,102,Samsung
775,Smart Classic Aquarium Plus,4472,4855,199,494,OnePlus
776,Deluxe Deluxe Men's Clothing,3863,4470,19999,172,LG
777,Classic Mini Beverages Lite,4667,1902,2499,204,Cello
778,Durable Smart Academic Max,1741,2402,2499,258,Lenovo
779,Stylish Smart Aquarium Max,1721,3011,999,460,Tata
780,Classic Mini Chargers Max,2946,2902,1999,162,Nike
781,Compact Classic Children's Books,4090,4336,799,271,Havells
782,Smart Pro Winter Wear Max,4198,3074,14999,242,Realme
783,Classic Local Sports Shoes Lite,4231,4399,3999,245,Prestige
784,Advanced Mini Bedding Pro,4413,2660,799,77,OnePlus
785,Compact Mini Academic,1051,3756,699,146,Sony
786,Advanced Chargers Plus,74,3271,1499,140,Milton
787,Smart Local Microwaves,1129,1852,19999,27,Adidas
788,Everyday Imported Cases & Covers,901,2276,9999,243,Dell
789,Stylish Premium Keyboards 2.0,1817,3356,1999,494,Apple
790,Eco Eco-Friendly Files & Folders,750,1743,9999,407,Fabindia
791,Eco Mini Garden Tools,4654,3039,1199,193,Cello
792,Stylish Imported Drums,1542,2490,349,204,Nike
793,Wireless Pro Appliances X1,546,2306,6999,152,Godrej
794,Smart Imported Bracelets Max,2325,886,6999,297,Wildcraft
795,Durable Imported Washing Machines Max,3350,486,399,50,Fabindia
796,Durable Mini Sports & Fitness Plus,921,3450,49999,172,Philips
797,Stylish Pro Lubricants,3102,2501,2999,59,Godrej
798,Advanced Mini Beverages Lite,3667,262,2999,14,Bata
799,Premium Smart Accessories,326,1235,599,498,Noise
800,Advanced Imported Aquarium,2772,1726,2499,221,Lenovo
801,Everyday Classic Files & Folders 2.0,3902,2797,1499,196,Dell
802,Wireless Classic Necklaces Pro,964,3670,699,71,Nike
803,Everyday Classic Beds,4138,2391,499,440,Tata
804,Premium Local Sofas Lite,2124,1586,19999,332,Nestle
805,Everyday Local Ayurveda Max,2317,2285,1499,230,Bajaj
806,Ultra Pro Smartwatches Plus,3606,3282,699,258,Amul
807,Pro Mini Sports Shoes X1,805,1757,19999,14,Noise
808,Lightweight Premium Personal Hygiene 2.0,2647,2075,2999,136,Woodland
809,Compact Premium Kids Wear,3106,1733,29999,486,Wildcraft
810,Everyday Budget Academic Plus,1300,4380,349,273,Milton
811,Wireless Mini Children's Books Max,1419,4634,2999,127,Cello
812,Lightweight Budget Lighting Plus,2563,162,249,352,Milton
813,Smart Deluxe Toys Max,2573,2867,499,249,Nestle
814,Advanced Pro Beauty & Personal Care Lite,1193,2965,249,117,Mi
815,Smart Eco-Friendly Non-Fiction,2261,2911,49999,489,Boat
816,Portable Premium Diapers,3545,4790,49999,500,Samsung
817,Portable Budget Pens,4434,4149,999,100,Noise
818,Portable Premium Earrings 2.0,1109,4985,799,451,Noise
819,Premium Premium Ayurveda,1204,4167,249,383,Apple
820,Everyday Eco-Friendly Books Max,1182,4331,2999,377,LG
821,Smart Smart Violins X1,1464,4640,2499,77,Woodland
822,Portable Deluxe Garden Tools,716,3135,19999,110,Sony
823,Classic Pro Grooming,2459,2982,999,58,LG
824,Lightweight Smart Outdoor Furniture Pro,3031,4261,799,272,HP
825,Lightweight Automotive,9,3382,6999,74,Cello
826,Advanced Smart Chairs,1083,2411,1999,468,Fabindia
827,Ultra Eco-Friendly Storage 2.0,4697,1643,14999,289,Philips
828,Pro Classic Kids Wear,4948,121,4999,384,Nike
829,Deluxe Local Makeup Pro,3006,575,299,406,Puma
830,Lightweight Imported Cat Food Lite,2521,932,499,45,Nestle
831,Smart Deluxe Aquarium Pro,2956,118,29999,318,Lenovo
832,Smart Local Children's Books Plus,2371,119,799,391,Nestle
833,Portable Imported Keyboards X1,612,2977,1999,22,Fabindia
834,Lightweight Deluxe Wardrobes Max,862,646,4999,88,Bata
835,Premium Budget Home & Kitchen X1,2699,318,599,147,Fabindia
836,Lightweight Eco-Friendly Men's Clothing 2.0,4212,955,9999,49,Nestle
837,Premium Budget Furniture Pro,1154,553,1999,8,Lenovo
838,Advanced Mini Lubricants Lite,4006,4157,199,113,Wildcraft
839,Smart Classic Home Decor 2.0,1309,1350,1999,314,Lenovo
840,Advanced Deluxe Speakers Pro,4302,570,1499,310,Adidas
841,Portable Eco-Friendly Children's Books,1508,3789,599,84,Cello
842,Deluxe Budget Home Decor Plus,4885,750,699,186,Prestige
843,Portable Pro Dog Food,3063,2294,599,160,Amul
844,Eco Pro Fragrances Max,1124,891,1499,390,Apple
845,Stylish Eco-Friendly Drums Lite,4505,711,9999,29,Adidas
846,Classic Eco-Friendly Toys Max,2644,3327,1499,200,Dell
847,Pro Pro Microwaves X1,3744,4988,799,245,Adidas
848,Eco Classic Men's Clothing Max,2240,1812,2499,200,Puma
849,Everyday Budget Personal Hygiene,2801,1029,199,301,Woodland
850,Smart Local Makeup Plus,2458,36,9999,329,Adidas
851,Everyday Premium Puzzles Pro,1106,3161,19999,369,Sony
852,Everyday Smart Lighting X1,3226,709,299,115,HP
853,Advanced Classic Ayurveda Pro,3225,2028,14999,480,Havells
854,Portable Premium Pet Grooming Plus,199,4790,29999,17,Havells
855,Smart Deluxe Earrings X1,2648,178,6999,336,OnePlus
856,Pro Budget Toys Max,1501,1132,1999,121,Noise
857,Wireless Budget Beverages 2.0,4452,4418,1199,495,Bata
858,Ultra Budget Women's Clothing X1,2874,4964,3999,408,Boat
859,Lightweight Imported Accessories,4019,1540,14999,175,Bata
860,Eco Local Electronics Lite,705,3109,699,323,Havells
861,Advanced Smart Pens Plus,1135,3657,3999,86,Prestige
862,Compact Budget Fashion 2.0,4783,1551,399,286,Adidas
863,Eco Pro Children's Books Pro,3032,4917,699,410,OnePlus
864,Pro Eco-Friendly Headphones,3096,4374,699,187,Nike
865,Wireless Imported Toys Lite,4731,4973,29999,464,Puma
866,Deluxe Eco-Friendly Cycling 2.0,1562,2636,1999,411,Boat
867,Ultra Pro Non-Fiction Pro,2372,367,1199,119,Puma
868,Wireless Local Lubricants Lite,2324,4130,599,297,Puma
869,Portable Budget Fragrances Max,4520,2659,199,344,Titan
870,Compact Budget Tables,2768,158,599,418,Amul
871,Portable Premium Tools,1574,1213,3999,112,Nestle
872,Durable Budget Appliances Plus,4950,4835,2499,278,Titan
873,Stylish Pro Sandals,2650,611,399,352,Prestige
874,Portable Classic Lighting,2138,963,49999,446,Titan
875,Portable Eco-Friendly Home Decor Max,219,2208,699,55,Adidas
876,Durable Local Lighting 2.0,1776,3539,349,315,Titan
877,Ultra Eco-Friendly Baby Clothing,4973,1659,799,161,Noise
878,Classic Smart Skincare Pro,3478,871,249,209,Tata
879,Premium Eco-Friendly Grills,1647,694,799,342,Milton
880,Smart Classic Pet Grooming,3026,3560,399,203,Havells
881,Everyday Imported Dog Food Plus,2205,3765,2499,410,Lenovo
882,Ultra Local Aquarium Plus,3600,3628,1499,195,Dell
883,Stylish Smart Pens Lite,1135,4861,2499,276,Havells
884,Wireless Premium Accessories,4806,2188,599,127,Bajaj
885,Durable Local Winter Wear Plus,3969,4652,29999,230,Realme
886,Pro Deluxe Earrings X1,3844,2529,249,101,Nestle
887,Everyday Pro Haircare,4608,1618,299,362,OnePlus
888,Eco Pro Furniture Plus,3985,2333,999,218,Nike
889,Lightweight Mini Kids Wear X1,3269,1852,2999,74,Dell
890,Stylish Premium Men's Footwear Lite,3024,2495,2499,494,Boat
891,Durable Pro Personal Hygiene,2355,2261,1999,326,Philips
892,Lightweight Refrigerators Plus,87,2782,1499,56,Nike
893,Premium Budget Necklaces 2.0,4143,2337,14999,453,Bajaj
894,Premium Deluxe Chargers,3563,1774,29999,430,Philips
895,Lightweight Budget Makeup,4995,3861,49999,202,Apple
896,Deluxe Deluxe Women's Clothing 2.0,1101,2820,599,88,Bajaj
897,Durable Local Yoga Pro,5000,4324,1999,41,Puma
898,Durable Classic Cat Food X1,4060,1980,999,125,Godrej
899,Portable Local Running 2.0,3414,3204,799,306,Realme
900,Deluxe Smart Stationery Max,783,4060,249,415,Dell
901,Advanced Deluxe Speakers 2.0,2525,4403,599,366,Bata
902,Durable Local Lubricants X1,4398,829,1199,178,Mi
903,Wireless Local Beverages Lite,2460,4856,9999,417,Realme
904,Ultra Premium Cycling X1,729,4018,2499,331,Philips
905,Ultra Local Refrigerators Plus,2611,2583,199,162,Mi
906,Pro Pro Mobiles & Accessories X1,1165,2886,2999,128,Nike
907,Portable Smart Art Supplies X1,2249,1664,4999,24,LG
908,Premium Deluxe Dairy Max,2715,2520,799,439,Lenovo
909,Pro Budget Automotive Plus,1792,1151,29999,422,Cello
910,Durable Pro Educational Toys,2095,1051,999,76,Bajaj
911,Wireless Local Chairs X1,3641,589,2999,41,Realme
912,Lightweight Local Televisions Plus,2827,4441,29999,213,Wildcraft
913,Deluxe Eco-Friendly Wardrobes X1,4152,2104,199,314,Prestige
914,Advanced Pro Skincare 2.0,2479,370,1499,129,Godrej
915,Stylish Budget Academic Plus,1660,4913,999,399,Sony
916,Everyday Local Bracelets Max,489,2744,1499,275,Bajaj
917,Classic Premium Haircare 2.0,3470,3072,499,300,Mi
918,Classic Mini Earphones Lite,3446,676,1999,386,Nike
919,Pro Premium Beds 2.0,3955,3545,19999,103,Nestle
920,Wireless Pro First Aid Lite,4615,3720,2499,218,Noise
921,Wireless Budget Accessories Pro,3917,1430,1999,500,Nestle
922,Deluxe Budget Sofas,275,1266,6999,122,Realme
923,Premium Pro Skincare 2.0,4412,2725,349,406,Noise
924,Smart Local Files & Folders Plus,1960,1075,2499,126,LG
925,Pro Premium Smartphones Pro,273,4208,499,307,Cello
926,Pro Pro Cameras X1,2717,1555,199,379,Dell
927,Wireless Budget Snacks Plus,2603,35,49999,235,Realme
928,Durable Premium Washing Machines X1,725,4371,1999,109,Boat
929,Durable Imported First Aid,2134,880,1499,275,Cello
930,Stylish Deluxe Women's Clothing Lite,1101,3564,249,464,Amul
931,Wireless Budget Board Games,4691,246,499,120,Dell
932,Everyday Deluxe Garden & Outdoor 2.0,1659,3812,6999,340,Samsung
933,Everyday Pro Haircare,1402,765,499,458,Havells
934,Ultra Budget Mobiles & Accessories X1,4486,1498,999,196,Havells
935,Advanced Local Tables 2.0,1839,4382,3999,344,Cello
936,Eco Smart First Aid Pro,1707,1887,3999,267,LG
937,Stylish Mini Guitars Lite,1005,900,6999,475,Boat
938,Classic Eco-Friendly Headphones X1,3360,748,349,171,Woodland
939,Eco Mini Speakers Plus,3472,1692,249,500,Bata
940,Pro Budget Home & Kitchen X1,2699,704,799,214,Realme
941,Compact Mini Art Supplies X1,3288,659,9999,34,Milton
942,Deluxe Mini Power Banks,3261,846,999,474,Godrej
943,Portable Toys & Games Lite,7,2460,249,428,Prestige
944,Smart Classic Necklaces,1431,112,499,205,Bajaj
945,Lightweight Pro Toys & Games X1,3438,12,599,34,Godrej
946,Durable Imported Office Supplies Plus,2115,4636,1999,267,Philips
947,Durable Premium Cycling Lite,2834,3835,249,23,Nike
948,Classic Classic Makeup 2.0,1085,4391,599,195,Woodland
949,Durable Classic Washing Machines Max,4315,793,999,104,OnePlus
950,Premium Budget Bracelets,1299,4496,599,500,Samsung
951,Durable Mini Lubricants 2.0,2691,4202,3999,492,Prestige
952,Classic Imported Earphones X1,4577,1986,599,267,Realme
953,Deluxe Pro Office Supplies Max,1213,885,14999,215,Bata
954,Portable Smart Mobiles & Accessories Max,3993,1237,599,188,Sony
955,Compact Pro Grills Lite,993,1614,799,131,Dell
956,Pro Mini Snacks,2242,3164,299,329,Nike
957,Durable Eco-Friendly Car Accessories Pro,271,276,6999,440,Bata
958,Pro Pro Smartwatches Pro,3606,4214,49999,127,Tata
959,Stylish Pro Speakers Plus,2404,4331,6999,355,Puma
960,Durable Smart Women's Clothing 2.0,3979,674,6999,161,HP
961,Eco Deluxe Bedding,3467,3838,799,151,Boat
962,Classic Local Grooming 2.0,4076,4493,3999,405,Cello
963,Smart Mini Baby Clothing,361,2427,2999,59,Bajaj
964,Smart Classic Aquarium Max,1070,2187,999,453,Titan
965,Premium Eco-Friendly Microwaves X1,1327,4812,1499,107,Bata
966,Everyday Deluxe Baby Food,3961,1958,299,318,LG
967,Pro Local Yoga Pro,3359,1288,199,229,Titan
968,Smart Imported Violins Plus,4189,2144,399,32,Titan
969,Everyday Local Refrigerators Plus,1604,2724,699,130,Titan
970,Smart Local Baby Food Lite,1293,1669,199,175,Bata
971,Everyday Smart Wardrobes X1,3161,208,599,241,Fabindia
972,Deluxe Eco-Friendly Garden & Outdoor Pro,3756,4921,19999,146,Philips
973,Premium Pro Bedding 2.0,3274,4816,249,186,Milton
974,Ultra Mini Office Supplies Plus,1254,2414,1499,223,Noise
975,Portable Mini Earrings,4163,2019,4999,1,Prestige
976,Advanced Eco-Friendly Pens 2.0,2055,808,399,76,Bajaj
977,Smart Eco-Friendly Laptops Plus,2921,4738,3999,404,Amul
978,Deluxe Eco-Friendly First Aid Max,449,2506,1999,495,Woodland
979,Advanced Deluxe First Aid X1,1551,4420,399,400,Milton
980,Wireless Local Outdoor Toys,4987,3022,4999,90,OnePlus
981,Eco Imported Yoga Max,748,598,799,393,Realme
982,Compact Local Winter Wear,3284,1925,1499,4,Cello
983,Stylish Eco-Friendly Grooming Lite,2360,4950,499,288,Titan
984,Pro Smart Supplements Lite,1029,3405,1199,179,Lenovo
985,Durable Smart Tyres,243,1756,3999,175,Nike
986,Deluxe Budget Baby Food,3720,1812,6999,113,Cello
987,Smart Classic Diapers 2.0,254,3236,2499,325,Titan
988,Portable Eco-Friendly Smartwatches X1,1588,760,49999,299,Sony
989,Advanced Classic Cameras Pro,1226,4412,1499,400,Puma
990,Wireless Imported Staples X1,1140,1083,299,126,Sony
991,Portable Local Aquarium Lite,2905,2679,349,281,Apple
992,Advanced Local Snacks,4836,2301,1499,35,Noise
993,Lightweight Imported Fiction,765,996,49999,137,Sony
994,Eco Eco-Friendly Baby Gear,3515,4098,49999,338,Bata
995,Durable Premium Men's Footwear 2.0,3024,116,2999,487,Fabindia
996,Ultra Classic Musical Instruments 2.0,211,4948,3999,497,Realme
997,Advanced Imported Laptops X1,4026,1289,699,38,LG
998,Lightweight Tools Max,66,4979,29999,386,Prestige
999,Ultra Imported Furniture Lite,2011,957,199,142,Bajaj
1000,Ultra Local Educational Toys Plus,1858,611,1999,492,Milton
1001,Eco Imported Furniture 2.0,3583,2931,599,483,Philips
1002,Everyday Premium Smartphones Max,1862,1196,699,392,Nestle
1003,Durable Imported Laptops X1,4026,4508,1199,220,Philips
1004,Deluxe Smart Lubricants,1322,271,1499,34,Fabindia
1005,Portable Imported Chairs Plus,1126,3883,1999,332,Realme
1006,Portable Premium Health Care 2.0,1443,171,9999,429,Milton
1007,Advanced Smart Musical Instruments Lite,4865,2327,399,481,Lenovo
1008,Pro Deluxe Garden Tools 2.0,122,1652,349,196,Fabindia
1009,Classic Eco-Friendly Cases & Covers 2.0,3640,4843,49999,114,Puma
1010,Pro Smart Keyboards X1,1931,3239,4999,25,Lenovo
1011,Compact Deluxe Aquarium 2.0,1937,3947,14999,27,Realme
1012,Wireless Budget Fashion,674,1862,6999,464,Wildcraft
1013,Classic Classic Drums,2887,1785,4999,111,Nike
1014,Eco Local Board Games Max,777,2705,3999,446,Cello
1015,Classic Pro Electronics,4545,1261,3999,278,Tata
1016,Everyday Files & Folders Lite,101,4436,29999,119,Puma
1017,Ultra Smart Dairy,4626,4100,2999,188,Tata
1018,Lightweight Mini Toys & Games,3830,1178,699,494,Titan
1019,Stylish Eco-Friendly Keyboards 2.0,846,3160,2999,402,Milton
1020,Deluxe Premium Cookware Lite,2380,2123,4999,309,Philips
1021,Premium Premium Health Care,170,165,1999,485,Realme
1022,Stylish Deluxe Medical Devices Max,429,3187,199,149,Bajaj
1023,Premium Budget Accessories X1,3516,193,29999,71,Sony
1024,Stylish Smart Spices Plus,3652,4265,999,314,Godrej
1025,Lightweight Pro Outdoor Furniture 2.0,4052,2430,19999,390,Woodland
1026,Compact Premium Pet Grooming X1,199,1489,19999,109,Samsung
1027,Portable Deluxe Pet Supplies 2.0,1833,1335,1199,32,Sony
1028,Lightweight Pro Beverages 2.0,2433,2688,199,122,Realme
1029,Pro Classic Ethnic Wear 2.0,4832,4244,499,153,Adidas
1030,Compact Pro Sandals Lite,4279,2486,199,6,Sony
1031,Durable Budget Sofas X1,2400,4447,49999,168,Tata
1032,Eco Smart Outdoor Furniture X1,4501,2568,2999,6,Woodland
1033,Lightweight Local Accessories X1,4824,988,599,63,Fabindia
1034,Pro Smart Smartwatches Max,4751,436,6999,368,Tata
1035,Eco Deluxe Winter Wear,1069,1079,399,107,Tata
1036,Stylish Deluxe Bike Accessories X1,1980,2002,49999,165,HP
1037,Ultra Local Refrigerators Pro,1604,2319,2499,399,OnePlus
1038,Lightweight Classic Children's Books 2.0,3230,4013,1499,378,Godrej
1039,Wireless Smart Plants Plus,1714,4111,249,479,Amul
1040,Smart Eco-Friendly Beds X1,440,2308,1999,355,Cello
1041,Wireless Premium Haircare X1,3940,43,9999,469,LG
1042,Deluxe Mini Musical Instruments,996,4910,699,469,Titan
1043,Pro Mini Notebooks 2.0,857,1453,3999,275,Dell
1044,Durable Premium Haircare,2971,2286,599,306,Boat
1045,Pro Premium Kids Wear Plus,2514,3507,3999,453,Mi
1046,Everyday Smart Beauty & Personal Care Lite,4022,504,249,440,Mi
1047,Wireless Mini Washing Machines Lite,1158,2864,599,291,Puma
1048,Eco Classic Dairy Pro,4734,2553,399,185,Wildcraft
1049,Classic Mini Groceries Plus,3395,1284,2999,287,HP
1050,Stylish Smart Snacks,2534,3674,1499,182,Prestige
1051,Everyday Deluxe Drums X1,3557,2464,2499,443,Sony
1052,Wireless Deluxe Home & Kitchen Plus,3669,4528,1199,153,Realme
1053,Lightweight Smart Pet Toys X1,3003,726,49999,428,Nestle
1054,Pro Premium Furniture,2975,4936,349,380,Milton
1055,Classic Deluxe Sandals,3408,2585,499,471,Woodland
1056,Smart Children's Books Pro,51,2930,6999,141,Milton
1057,Classic Pro Haircare X1,2984,2432,9999,245,Prestige
1058,Everyday Smart Televisions Pro,4045,3437,599,344,Noise
1059,Lightweight Budget Sandals X1,3267,4684,3999,5,Sony
1060,Compact Classic Gym Equipment Plus,1909,681,49999,222,Milton
1061,Eco Local Microwaves Max,1129,914,349,133,Godrej
1062,Pro Deluxe Outdoor Toys,4529,1848,799,469,LG
1063,Pro Premium Necklaces 2.0,552,3059,499,293,Dell
1064,Compact Budget Dog Food Plus,4795,2780,1499,344,Amul
1065,Lightweight Budget Spices,422,2858,6999,471,Lenovo
1066,Lightweight Mini Garden Tools,2009,3184,599,4,Apple
1067,Everyday Eco-Friendly Jewellery X1,2600,324,19999,240,Wildcraft
1068,Pro Local Tables,4891,2083,599,62,Nike
1069,Lightweight Classic Car Accessories Plus,2762,4814,999,187,Nestle
1070,Wireless Pro Dog Food X1,3063,3782,299,73,Titan
1071,Ultra Deluxe First Aid Max,3778,4353,6999,323,Bata
1072,Eco Imported Electronics X1,4986,1337,249,111,Tata
1073,Deluxe Pro Bracelets Max,3696,3295,2999,488,Amul
1074,Portable Premium Lighting,278,4973,2499,106,Nike
1075,Portable Imported Mixers,3594,3837,799,92,OnePlus
1076,Wireless Local Speakers Lite,2899,3576,6999,347,Samsung
1077,Deluxe Eco-Friendly Grooming Lite,3488,4260,6999,54,Havells
1078,Pro Imported Grills,4777,4447,6999,156,Bata
1079,Compact Mini Comics 2.0,892,1759,2999,485,Amul
1080,Wireless Pro Grooming,2177,3652,1999,337,Woodland
1081,Pro Deluxe Ayurveda Max,2955,2336,349,104,Woodland
1082,Everyday Smart Home & Kitchen Max,3355,2115,29999,342,OnePlus
1083,Classic Imported Art Supplies,948,4620,6999,478,Dell
1084,Advanced Budget Academic Plus,3390,704,4999,476,Havells
1085,Compact Pro Chargers Plus,1444,911,1499,46,Titan
1086,Pro Mini Art Supplies X1,3253,876,999,92,Havells
1087,Portable Pro Plants Plus,2471,2559,4999,191,Apple
1088,Deluxe Premium Women's Clothing Lite,4327,1667,599,30,Puma
1089,Everyday Smart Spices Pro,3690,1296,299,275,Noise
1090,Portable Women's Footwear Pro,78,1472,599,495,Amul
1091,Premium Smart Beauty & Personal Care Plus,4022,1206,6999,225,Godrej
1092,Durable Imported Appliances Plus,3649,4227,4999,430,Sony
1093,Portable Classic Pet Toys,3109,4790,199,74,Amul
1094,Everyday Premium Chargers Max,3783,4701,9999,451,Bata
1095,Stylish Eco-Friendly Dairy 2.0,3042,2204,299,68,Amul
1096,Wireless Budget Wardrobes X1,591,3532,29999,53,Philips
1097,Everyday Imported Gym Equipment,4214,3188,49999,130,Wildcraft
1098,Eco Premium Televisions Max,2024,4624,299,262,Adidas
1099,Lightweight Classic Smartwatches 2.0,2341,3567,6999,293,Cello
1100,Pro Deluxe Televisions Plus,4721,3702,19999,315,Tata
1101,Stylish Mini Office Supplies Plus,2731,2039,14999,78,Boat
1102,Everyday Pro Children's Books Lite,4126,198,799,448,Bajaj
1103,Classic Premium Garden Tools Plus,1587,2711,29999,273,Mi
1104,Pro Smart Beverages Plus,3240,4351,199,167,Nike
1105,Compact Imported Lubricants X1,1985,2701,249,483,Boat
1106,Ultra Pro Laptops Max,931,1349,3999,323,Fabindia
1107,Pro Budget Cricket Gear Pro,1216,2931,299,90,Titan
1108,Eco Imported Outdoor Furniture Pro,706,4341,599,374,Puma
1109,Eco Budget Lighting Plus,2896,1503,999,273,HP
1110,Compact Pro Toys X1,838,3509,349,252,Sony
1111,Ultra Pro Grooming Max,2459,4634,3999,21,Bata
1112,Portable Premium Women's Footwear,1449,2610,1999,102,Milton
1113,Classic Imported Personal Hygiene Lite,3178,2661,1199,424,Bata
1114,Classic Smart Dairy Max,4626,4823,4999,458,Bajaj
1115,Portable Eco-Friendly Health Care Lite,828,2749,14999,444,Bajaj
1116,Smart Deluxe Winter Wear Plus,388,2563,4999,361,Dell
1117,Advanced Classic Aquarium 2.0,4472,2664,399,456,Noise
1118,Deluxe Budget Puzzles X1,2865,4362,249,326,Cello
1119,Advanced Budget Garden Tools,3879,1120,999,222,Amul
1120,Advanced Imported Stationery Plus,4176,529,999,413,Dell
1121,Eco Pro Groceries Pro,2354,3286,9999,18,Havells
1122,Lightweight Budget Automotive Pro,4372,1484,249,54,Realme
1123,Wireless Pro Laptops Pro,3619,4894,3999,230,Apple
1124,Deluxe Classic Puzzles X1,2656,500,499,218,Bata
1125,Classic Mini Automotive,3654,2343,4999,84,Noise
1126,Everyday Mini Drums,4437,4756,199,365,Nestle
1127,Stylish Deluxe Spices X1,1631,3939,2999,491,OnePlus
1128,Advanced Pro Notebooks Plus,894,703,699,291,Bata
1129,Wireless Smart Diapers Lite,3321,3768,1499,104,Philips
1130,Premium Premium Men's Footwear,1505,4262,49999,256,HP
1131,Compact Smart Women's Footwear Lite,239,753,3999,24,Woodland
1132,Advanced Eco-Friendly Cases & Covers X1,3812,4010,599,465,Adidas
1133,Ultra Deluxe Lubricants Lite,3980,1069,699,473,OnePlus
1134,Stylish Deluxe Home & Kitchen Plus,2581,4943,19999,96,Cello
1135,Advanced Smart Tables Plus,4504,459,1199,55,Woodland
1136,Durable Deluxe Laptops Plus,3137,1736,999,346,Dell
1137,Deluxe Classic Tyres Pro,3208,4409,19999,284,Dell
1138,Smart Pro Toys & Games X1,762,4576,29999,439,Prestige
1139,Everyday Local Headphones Lite,1280,3122,299,410,Philips
1140,Stylish Smart Aquarium Lite,4389,2328,599,407,Wildcraft
1141,Wireless Eco-Friendly Smartphones 2.0,265,2162,399,115,Realme
1142,Deluxe Pro Beverages,1653,2889,699,235,Fabindia
1143,Premium Budget Lighting 2.0,3968,1878,2499,375,Woodland
1144,Lightweight Local Personal Hygiene,1424,3984,2999,103,Samsung
1145,Classic Mini First Aid Pro,2879,603,2499,397,Wildcraft
1146,Everyday Local Bangles Plus,4495,1107,2999,236,OnePlus
1147,Deluxe Classic Women's Clothing Max,2773,2608,799,410,Philips
1148,Smart Premium Cycling,3270,2087,999,99,Noise
1149,Stylish Local Cookware,1740,1376,799,350,Bajaj
1150,Eco Mini Mixers Plus,3007,4779,799,303,Noise
1151,Classic Snacks Lite,57,888,999,133,Amul
1152,Premium Budget Makeup 2.0,4332,604,49999,354,Fabindia
1153,Portable Classic Notebooks Lite,303,2897,799,330,Noise
1154,Eco Premium Home Decor Plus,694,4045,49999,16,LG
1155,Ultra Local Smartwatches Lite,2301,1496,799,326,Cello
1156,Advanced Imported Earrings Pro,1923,4772,3999,258,Dell
1157,Stylish Premium Tools Max,3859,4796,349,88,HP
1158,Everyday Imported Pet Toys Max,1096,1846,1999,53,Bata
1159,Eco Mini Televisions Max,3479,4932,2999,287,Dell
1160,Deluxe Local Toys X1,4566,2789,249,452,Samsung
1161,Pro Classic Skincare Pro,849,2575,1999,44,Mi
1162,Classic Pro Winter Wear 2.0,4333,2677,1499,32,Noise
1163,Stylish Premium Sports Shoes Lite,868,4828,9999,392,LG
1164,Eco Imported Home Decor Max,3336,3685,349,311,HP
1165,Smart Premium Garden & Outdoor 2.0,3016,3218,14999,252,HP
1166,Wireless Premium Skincare Max,4037,4508,499,28,Tata
1167,Wireless Imported Mobiles & Accessories,1084,774,6999,387,Noise
1168,Portable Imported Office Supplies Plus,2830,2846,6999,304,OnePlus
1169,Durable Local Children's Books,2107,3929,6999,359,Realme
1170,Wireless Eco-Friendly Headphones Pro,3502,2804,1999,5,Samsung
1171,Everyday Eco-Friendly Running Pro,3323,7,299,17,Nike
1172,Deluxe Smart Personal Hygiene Max,3221,3774,14999,430,OnePlus
1173,Ultra Budget Fashion Lite,810,3068,199,172,Bajaj
1174,Premium Classic Power Banks Lite,2507,996,1999,451,Lenovo
1175,Premium Smart Speakers,2437,1793,599,243,Apple
1176,Wireless Premium Stationery X1,4386,2210,249,458,LG
1177,Eco Local Lubricants Lite,2324,2189,6999,90,Mi
1178,Classic Classic Toys & Games,249,2787,399,105,HP
1179,Pro Smart Televisions,4045,983,349,290,HP
1180,Advanced Smart Speakers Lite,4105,2644,4999,360,Lenovo
1181,Stylish Mini Sandals Pro,3891,616,399,15,Titan
1182,Durable Local Toys & Games Max,3963,3619,9999,490,Nestle
1183,Durable Eco-Friendly Office Supplies,331,2605,9999,215,Boat
1184,Wireless Deluxe Toys Max,4394,3639,199,359,Nike
1185,Compact Local Men's Footwear Max,3453,4219,2999,475,Puma
1186,Smart Premium Winter Wear,3381,2449,6999,316,Sony
1187,Wireless Budget Smartwatches Lite,3680,4002,1199,170,Realme
1188,Durable Imported Refrigerators Max,4318,2484,49999,235,Fabindia
1189,Portable Budget Mobiles & Accessories,4486,241,1199,344,Philips
1190,Wireless Local Pens,2435,1505,14999,251,Tata
1191,Eco Classic Beverages,1037,4744,14999,25,Sony
1192,Advanced Budget Kids Footwear,1371,3120,299,199,Tata
1193,Smart Premium Women's Footwear Lite,2615,1951,799,183,LG
1194,Pro Eco-Friendly Earrings Plus,1657,1529,1199,239,Wildcraft
1195,Deluxe Smart Storage 2.0,4808,1316,1999,472,Samsung
1196,Durable Premium Makeup X1,3815,1859,499,278,Dell
1197,Stylish Classic Wardrobes 2.0,4074,3691,2499,305,Mi
1198,Lightweight Premium Sofas Plus,887,3494,2499,492,LG
1199,Compact Imported Tools,2276,3427,29999,137,Tata
1200,Deluxe Imported Musical Instruments Max,3205,3468,49999,324,Lenovo
1201,Compact Imported Musical Instruments X1,3217,4560,2499,453,Nestle
1202,Pro Premium Jewellery X1,1765,4105,3999,491,Puma
1203,Premium Budget Speakers Max,128,4223,1999,18,Puma
1204,Advanced Budget Action Figures Plus,3995,2199,599,440,Dell
1205,Deluxe Mini Keyboards Pro,3440,3172,14999,438,Lenovo
1206,Deluxe Premium Spices,4908,1411,499,318,Prestige
1207,Wireless Deluxe Air Conditioners Plus,2585,4263,6999,162,Apple
1208,Pro Deluxe Bangles Lite,3364,3147,399,152,Tata
1209,Classic Mini Furniture X1,726,1595,999,25,Nike
1210,Smart Premium Makeup Plus,2914,2857,799,180,Dell
1211,Smart Budget Action Figures,695,4290,29999,122,Bajaj
1212,Lightweight Pro Keyboards Plus,3572,1581,2999,64,Mi
1213,Pro Eco-Friendly Air Conditioners X1,4550,636,1999,457,Nike
1214,Portable Eco-Friendly Office Supplies 2.0,4780,238,499,132,Godrej
1215,Smart Eco-Friendly Non-Fiction,735,3506,599,366,Adidas
1216,Advanced Mini Fragrances,660,4428,399,214,Amul
1217,Classic Local Beauty & Personal Care,4336,2866,799,498,Fabindia
1218,Ultra Mini Outdoor Furniture,1033,3531,399,165,Amul
1219,Classic Premium Pet Grooming X1,4990,2200,6999,443,Milton
1220,Wireless Eco-Friendly Fragrances,953,2125,699,340,Realme
1221,Pro Classic Medical Devices,1321,2803,599,53,Lenovo
1222,Pro Classic Laptops 2.0,3084,3790,299,327,Nestle
1223,Smart Smart Haircare X1,2897,4640,49999,366,Realme
1224,Deluxe Imported Men's Footwear Pro,2592,4516,199,355,Bajaj
1225,Premium Pro Winter Wear X1,4198,2133,399,170,Boat
1226,Portable Local Pet Grooming Pro,3002,2197,799,84,Cello
1227,Eco Premium Rings Pro,2383,3005,1999,306,Godrej
1228,Deluxe Mini Jewellery,1100,19,299,2,Lenovo
1229,Wireless Classic Pet Toys Plus,2522,4167,499,448,LG
1230,Everyday Classic Chargers Max,4854,65,999,470,Realme
1231,Everyday Pro Chargers Pro,2815,681,599,184,Wildcraft
1232,Compact Imported Sports Shoes Max,3229,3258,2999,173,Apple
1233,Ultra Deluxe Women's Footwear Max,1081,3836,4999,466,Lenovo
1234,Lightweight Imported Cat Food 2.0,2035,3304,1999,59,Tata
1235,Wireless Deluxe Diapers X1,2311,3761,6999,87,Bata
1236,Classic Mini Furniture Lite,726,4879,29999,166,Milton
1237,Portable Classic Snacks 2.0,758,409,799,346,Havells
1238,Stylish Imported Women's Footwear Plus,3949,292,4999,109,LG
1239,Everyday Premium Smartwatches X1,4119,698,29999,40,Realme
1240,Durable Mini Supplements Plus,1303,1019,19999,53,Fabindia
1241,Advanced Imported Violins Plus,2370,4970,499,347,Boat
1242,Ultra Mini Beds 2.0,3624,2798,9999,346,Woodland
1243,Classic Eco-Friendly Health Care,2478,2785,299,323,Nestle
1244,Deluxe Eco-Friendly Keyboards Plus,846,538,2499,84,LG
1245,Portable Pro Children's Books 2.0,3528,3087,349,454,Nestle
1246,Durable Smart Children's Books Lite,4166,748,349,330,Lenovo
1247,Premium Mini Garden Tools,4665,4989,999,78,Bajaj
1248,Wireless Smart Lubricants X1,886,2960,49999,384,Amul
1249,Smart Budget Pet Grooming Plus,3549,342,499,45,Wildcraft
1250,Deluxe Eco-Friendly Men's Clothing,2264,3140,14999,267,Prestige
1251,Premium Pro Winter Wear 2.0,918,492,799,403,Samsung
1252,Wireless Classic First Aid Plus,4102,635,599,225,Titan
1253,Stylish Eco-Friendly Winter Wear Plus,2293,1534,699,95,Sony
1254,Everyday Deluxe Educational Toys Plus,786,1565,499,145,Realme
1255,Eco Premium First Aid Max,129,2643,399,450,Apple
1256,Premium Mini Garden & Outdoor Plus,2275,534,1499,101,Samsung
1257,Everyday Premium Dog Food Max,3925,460,199,113,Boat
1258,Eco Imported Outdoor Toys X1,3068,50,599,265,Philips
1259,Stylish Smart Necklaces Pro,577,2209,699,204,Philips
1260,Lightweight Deluxe Microwaves Plus,969,979,599,11,Wildcraft
1261,Deluxe Mini Wardrobes X1,2841,791,2999,353,Noise
1262,Advanced Premium Automotive X1,1928,2241,1999,448,Apple
1263,Lightweight Local Earrings X1,413,3059,29999,254,Nike
1264,Everyday Smart Fragrances Plus,4658,940,2999,474,Philips
1265,Premium Deluxe Power Banks X1,4722,3391,1499,428,Adidas
1266,Eco Home Decor,34,3111,299,175,Adidas
1267,Advanced Eco-Friendly Cat Food Max,2094,1874,199,98,OnePlus
1268,Portable Smart Baby Clothing Pro,1387,741,2999,189,Godrej
1269,Ultra Eco-Friendly Women's Footwear,946,2851,499,144,Havells
1270,Eco Budget Lighting,293,554,19999,284,Noise
1271,Deluxe Premium Aquarium,3742,4739,19999,180,Godrej
1272,Advanced Local Pet Grooming,2173,406,2499,178,Nestle
1273,Advanced Local Board Games X1,3708,1337,399,452,Titan
1274,Durable Smart Pet Supplies Plus,164,2236,1999,11,Bata
1275,Smart Deluxe Baby Products Pro,2304,4749,2499,441,Mi
1276,Pro Mini Personal Hygiene,2996,4460,1199,253,HP
1277,Classic Classic Car Accessories Lite,4136,4159,9999,401,Dell
1278,Premium Local Cricket Gear Pro,1064,4661,1499,276,Havells
1279,Classic Smart Tyres X1,135,1803,14999,173,OnePlus
1280,Wireless Smart Baby Gear,4873,2438,4999,412,Bajaj
1281,Everyday Deluxe Guitars Lite,3689,2789,399,3,Wildcraft
1282,Smart Pro Keyboards,1616,2948,1199,366,Sony
1283,Everyday Budget Appliances Pro,3975,1891,249,385,Puma
1284,Premium Imported Office Supplies,214,1596,2999,220,Boat
1285,Eco Smart Jewellery X1,4184,2377,1999,211,Nike
1286,Everyday Local Sports & Fitness Lite,3170,3866,14999,410,Amul
1287,Ultra Premium Footwear Max,976,4396,199,422,Cello
1288,Premium Local Aquarium Plus,541,4243,19999,58,Cello
1289,Durable Classic Smartphones X1,2056,1431,1999,329,Samsung
1290,Eco Premium Smartphones Pro,1862,4013,1499,349,Philips
1291,Ultra Pro Pet Supplies Max,147,4760,299,255,Cello
1292,Classic Deluxe Mixers,1952,4002,1999,66,Lenovo
1293,Compact Local Keyboards Plus,1440,4877,2999,313,Boat
1294,Premium Deluxe Books,3620,3421,799,175,Sony
1295,Ultra Imported Snacks,1577,2436,3999,337,Milton
1296,Wireless Smart Fiction Lite,3962,3574,2499,498,Mi
1297,Pro Premium Mobiles & Accessories Max,2767,1936,29999,302,Amul
1298,Wireless Premium Toys Max,1694,3612,49999,493,Titan
1299,Compact Eco-Friendly Microwaves 2.0,1790,1101,1199,171,HP
1300,Lightweight Imported Chairs,2818,4882,699,204,Fabindia
1301,Deluxe Deluxe Dog Food Plus,1157,80,6999,417,Godrej
1302,Premium Eco-Friendly Drums Pro,4505,2922,19999,485,Sony
1303,Lightweight Classic Lighting Max,2474,1908,4999,125,Sony
1304,Premium Pro Educational Toys,523,4784,349,167,Tata
1305,Premium Budget Spices,4032,1695,249,17,Samsung
1306,Premium Mini Keyboards,469,3931,1999,140,Woodland
1307,Compact Classic Garden Tools,1164,4342,19999,12,Bata
1308,Classic Classic Earphones,820,4353,6999,56,OnePlus
1309,Stylish Local Beauty & Personal Care,236,3593,1999,26,Mi
1310,Compact Pro Non-Fiction,4174,3039,1499,429,Tata
1311,Everyday Smart Running,2917,4770,299,338,Lenovo
1312,Classic Local Sports & Fitness Pro,3170,1804,399,302,Nestle
1313,Deluxe Mini Necklaces,2414,3319,1999,340,Lenovo
1314,Smart Classic Drums Lite,3810,574,1499,453,Nike
1315,Ultra Premium Baby Products 2.0,238,4043,399,449,Realme
1316,Smart Pro Pet Supplies 2.0,3910,1703,299,91,Samsung
1317,Lightweight Imported Guitars,4223,1647,599,128,Lenovo
1318,Portable Mini Grills Max,1875,4285,29999,382,Fabindia
1319,Premium Deluxe Plants,1539,3853,29999,457,Sony
1320,Eco Premium Toys Plus,1939,4905,4999,443,Boat
1321,Stylish Deluxe Laptops Lite,409,1958,999,496,Mi
1322,Everyday Imported Snacks Max,1346,4141,799,265,Philips
1323,Pro Non-Fiction X1,48,1051,2999,36,Wildcraft
1324,Wireless Premium Women's Clothing,3354,1790,199,128,Tata
1325,Ultra Mini Smartwatches,4193,2297,599,455,Tata
1326,Premium Smart Cricket Gear Max,4833,3853,199,205,HP
1327,Compact Pro Garden & Outdoor 2.0,1049,2066,29999,287,Sony
1328,Pro Deluxe Cricket Gear X1,2483,2,249,51,Milton
1329,Advanced Classic Supplements X1,1423,2938,19999,263,LG
1330,Advanced Premium Women's Footwear,1449,2199,399,306,Nestle
1331,Compact Classic Lighting Lite,2474,1296,49999,334,Havells
1332,Stylish Classic Washing Machines X1,4315,4604,29999,92,HP
1333,Classic Eco-Friendly Bedding Plus,3189,1863,29999,153,Cello
1334,Smart Smart Fiction 2.0,171,4563,699,153,Adidas
1335,Stylish Classic Refrigerators X1,3400,555,499,343,Cello
1336,Durable Classic Grooming 2.0,3960,3223,3999,177,Puma
1337,Lightweight Local Files & Folders 2.0,4517,4669,349,450,OnePlus
1338,Classic Budget Winter Wear,879,4576,349,406,Philips
1339,Wireless Notebooks Max,97,2509,2999,470,Nike
1340,Smart Eco-Friendly Skincare Pro,3351,4734,19999,3,Puma
1341,Wireless Mini Yoga 2.0,2726,4744,2999,123,Cello
1342,Smart Mini Mixers,4140,1584,49999,342,Mi
1343,Deluxe Mini Educational Toys Pro,666,927,1499,376,Havells
1344,Eco Deluxe Aquarium 2.0,4707,4731,199,101,Nestle
1345,Wireless Budget Microwaves Pro,1644,2076,499,110,OnePlus
1346,Wireless Mini Televisions Pro,571,3860,799,345,Lenovo
1347,Stylish Deluxe Laptops X1,3915,107,29999,133,Lenovo
1348,Deluxe Mini Air Conditioners,2953,3305,29999,153,Wildcraft
1349,Durable Deluxe Health Care Lite,3174,3860,599,47,Cello
1350,Pro Smart Refrigerators X1,4331,4990,299,433,Noise
1351,Stylish Premium Electronics Pro,3457,1036,199,414,Nike
1352,Classic Imported Stationery Plus,2822,2858,599,72,Milton
1353,Smart Pro Grooming Plus,2459,931,14999,21,Milton
1354,Ultra Premium Art Supplies Lite,4130,2648,2499,178,HP
1355,Portable Smart Non-Fiction Max,2222,1018,9999,377,LG
1356,Advanced Premium Jewellery,3491,860,1999,61,Adidas
1357,Lightweight Deluxe First Aid,2027,3207,349,32,Bajaj
1358,Smart Budget Women's Footwear,4221,984,199,243,LG
1359,Smart Smart Men's Footwear Pro,2968,1843,199,110,Godrej
1360,Everyday Pro Refrigerators Plus,3630,1815,499,498,Dell
1361,Durable Mini Non-Fiction Max,2797,773,2999,54,HP
1362,Compact Premium Bangles Max,520,3705,349,156,Havells
1363,Durable Smart Electronics,4243,2335,399,243,Samsung
1364,Compact Deluxe Electronics 2.0,3101,821,249,343,Apple
1365,Stylish Classic Appliances 2.0,3232,2382,3999,383,Sony
1366,Lightweight Local Guitars Max,2851,4796,1199,387,Noise
1367,Smart Classic Outdoor Furniture Max,3376,1829,299,202,Prestige
1368,Eco Mini Grooming Plus,557,536,799,314,Amul
1369,Smart Local Car Accessories Lite,1178,2387,2999,33,Noise
1370,Classic Classic Furniture Max,823,2026,2499,459,Wildcraft
1371,Classic Classic Mixers,3542,726,2999,291,Boat
1372,Wireless Smart Art Supplies X1,4348,4991,49999,360,Realme
1373,Compact Deluxe First Aid X1,2027,3230,4999,302,Dell
1374,Classic Pro Puzzles,3389,2063,4999,67,Sony
1375,Ultra Classic Laptops Max,4309,391,999,112,Wildcraft
1376,Eco Local Action Figures Lite,986,1268,199,218,Bajaj
1377,Premium Premium Health Care Pro,3091,3162,6999,466,Godrej
1378,Ultra Smart Aquarium X1,866,1599,3999,481,Philips
1379,Portable Pro Rings X1,3779,3648,19999,303,Realme
1380,Smart Deluxe Dog Food 2.0,1611,302,599,324,Dell
1381,Smart Smart Men's Footwear,2968,3575,6999,168,Woodland
1382,Wireless Budget Fiction X1,4714,2304,6999,150,Titan
1383,Premium Premium Cases & Covers Lite,1465,3540,349,65,Tata
1384,Portable Local Tables Pro,1496,3360,6999,380,Cello
1385,Pro Premium Kids Footwear Lite,4077,1072,399,30,Philips
1386,Smart Imported Dog Food X1,983,1679,299,216,Adidas
1387,Classic Imported Office Supplies,1517,3438,14999,38,Dell
1388,Premium Local Jewellery,834,3562,599,23,Nike
1389,Eco Pet Supplies Lite,17,1855,4999,167,Apple
1390,Pro Eco-Friendly Winter Wear Max,2012,1541,599,151,Boat
1391,Ultra Deluxe Stationery,4568,3038,199,447,Adidas
1392,Compact Eco-Friendly Jewellery,1761,946,999,1,Boat
1393,Portable Mini Earphones X1,3849,252,2999,109,LG
1394,Ultra Classic Accessories X1,2234,2476,2499,309,Bajaj
1395,Stylish Pro Storage Pro,1080,2091,999,363,Amul
1396,Premium Outdoor Furniture Lite,119,3882,799,475,Godrej
1397,Classic Budget Baby Products Pro,908,2216,49999,282,Philips
1398,Wireless Smart Dairy Max,2291,4834,799,68,Bata
1399,Eco Eco-Friendly Televisions Plus,670,1814,499,27,Adidas
1400,Deluxe Deluxe Bangles Max,3841,2251,1499,459,Bata
1401,Portable Smart Pet Grooming,3819,2334,399,456,Amul
1402,Eco Eco-Friendly Fragrances 2.0,953,485,249,433,Titan
1403,Durable Deluxe Books Lite,3448,3278,19999,442,Dell
1404,Everyday Classic Makeup Plus,1085,4893,6999,486,Samsung
1405,Ultra Imported Diapers Max,3260,2017,3999,295,Prestige
1406,Durable Smart Women's Footwear 2.0,2287,3311,19999,157,Godrej
1407,Ultra Imported Women's Footwear Pro,590,678,499,448,Puma
1408,Advanced Eco-Friendly Groceries,4178,127,14999,278,Nestle
1409,Eco Budget Women's Footwear,4221,1600,999,385,Adidas
1410,Everyday Local Office Supplies Max,4295,3883,299,61,Godrej
1411,Lightweight Deluxe Diapers 2.0,3182,2364,299,96,Tata
1412,Lightweight Mini Academic,1051,1968,249,309,Realme
1413,Deluxe Deluxe Aquarium X1,1937,778,19999,378,Nestle
1414,Eco Classic Laptops Plus,2473,2761,14999,175,Bata
1415,Smart Smart Washing Machines,4898,4181,799,498,Tata
1416,Pro Deluxe Home & Kitchen X1,945,137,3999,0,Wildcraft
1417,Premium Imported Air Conditioners Max,157,919,499,484,Prestige
1418,Eco Premium Ayurveda Max,451,2349,799,375,Tata
1419,Premium Eco-Friendly Cycling Pro,1978,676,299,168,Bajaj
1420,Lightweight Pro Ayurveda Lite,3127,4116,699,285,Wildcraft
1421,Advanced Eco-Friendly Tyres,2570,4882,299,182,Apple
1422,Deluxe Local Electronics,705,3517,599,213,Samsung
1423,Eco Smart Educational Toys,3638,1845,49999,349,Adidas
1424,Classic Deluxe Home & Kitchen Pro,4506,875,19999,157,Prestige
1425,Wireless Premium Earrings Plus,3988,2845,799,325,Godrej
1426,Smart Mini Speakers,2512,4361,799,272,Titan
1427,Eco Smart Running Pro,3717,3319,599,165,Milton
1428,Premium Mini Smartwatches Lite,1893,1070,29999,142,Samsung
1429,Portable Pro Smartwatches 2.0,3606,3304,249,207,Nestle
1430,Advanced Local Speakers,2899,1383,6999,456,Lenovo
1431,Everyday Pro Sofas 2.0,4146,4885,2999,480,Milton
1432,Pro Local Aquarium Lite,1811,4139,599,132,Titan
1433,Pro Mini Garden Tools Pro,2270,3645,499,33,Mi
1434,Classic Classic Pet Grooming,3026,3829,199,3,Puma
1435,Wireless Pro Speakers,4503,664,49999,206,Amul
1436,Ultra Premium Cat Food Pro,1262,2779,599,401,Bata
1437,Wireless Premium Spices Max,1718,2974,799,185,Woodland
1438,Advanced Smart Men's Clothing Plus,3802,4751,999,350,Noise
1439,Classic Imported Violins Pro,2370,2625,6999,259,HP
1440,Ultra Deluxe Pet Toys Pro,1060,3580,1199,133,Samsung
1441,Deluxe Eco-Friendly Women's Clothing,4417,4441,999,292,Mi
1442,Premium Imported Comics 2.0,2789,4398,14999,283,Samsung
1443,Lightweight Deluxe Electronics Pro,3101,1554,6999,421,Havells
1444,Pro Smart Men's Clothing Max,2411,881,599,93,Milton
1445,Deluxe Premium Appliances,649,4170,499,230,Titan
1446,Ultra Eco-Friendly Smartphones X1,3413,1705,1499,51,Fabindia
1447,Deluxe Eco-Friendly Mobiles & Accessories Max,197,274,2999,248,Lenovo
1448,Stylish Washing Machines 2.0,88,3676,199,61,Noise
1449,Wireless Classic Tyres X1,3981,4041,9999,207,Nike
1450,Ultra Budget Medical Devices Pro,579,406,6999,162,Boat
1451,Stylish Eco-Friendly Violins,2412,3613,199,47,Titan
1452,Ultra Mini Chargers Pro,269,4197,699,177,Nestle
1453,Premium Classic Accessories,3727,85,299,228,Lenovo
1454,Classic Deluxe Medical Devices Pro,3920,3722,499,283,Fabindia
1455,Pro Eco-Friendly Chairs,4869,1921,1499,350,Boat
1456,Advanced Mini Beauty & Personal Care,4771,3849,799,233,Realme
1457,Advanced Eco-Friendly Automotive X1,4005,2499,9999,68,Samsung
1458,Ultra Mini Necklaces,1363,1914,499,96,Tata
1459,Durable Imported Televisions Pro,4912,2005,9999,391,Wildcraft
1460,Deluxe Mini Fiction Max,2475,27,6999,475,Realme
1461,Everyday Smart Jewellery Lite,4184,590,799,380,Mi
1462,Wireless Smart Musical Instruments,4865,4475,49999,493,Boat
1463,Smart Mini Grills,3292,4212,1999,8,Wildcraft
1464,Compact Deluxe Bike Accessories 2.0,2226,1776,1199,123,Samsung
1465,Smart Imported Non-Fiction Max,1320,1373,799,92,Bajaj
1466,Compact Premium Accessories X1,4786,3802,1199,305,Dell
1467,Compact Classic Lighting 2.0,2474,1993,4999,411,Puma
1468,Advanced Smart Power Banks,1991,4578,4999,448,Dell
1469,Everyday Pro Board Games Max,3864,938,999,61,Mi
1470,Advanced Mini Violins,2258,2325,399,153,Fabindia
1471,Smart Eco-Friendly Earrings Max,4020,140,2999,243,Woodland
1472,Pro Smart Home & Kitchen,433,1022,1499,456,Titan
1473,Ultra Imported Kids Wear Plus,4932,1885,6999,111,Lenovo
1474,Durable Mini Refrigerators,2565,441,6999,210,Sony
1475,Durable Eco-Friendly Men's Clothing 2.0,756,569,2499,148,Bata
1476,Wireless Premium Drums Max,1067,2776,9999,499,Woodland
1477,Pro Pet Toys,104,4232,1499,491,Amul
1478,Classic Local Bike Accessories X1,416,970,249,308,Havells
1479,Advanced Pro Health Care Max,342,1101,399,470,Bajaj
1480,Deluxe Imported Cat Food Max,2521,2176,199,465,LG
1481,Everyday Mini Car Accessories Lite,455,302,9999,155,Bajaj
1482,Durable Imported Educational Toys Lite,1688,1667,49999,419,Havells
1483,Compact Pro Earphones Pro,1137,4531,199,314,Nike
1484,Lightweight Classic Diapers Pro,4901,1589,3999,102,Adidas
1485,Eco Deluxe First Aid,1404,3338,499,246,LG
1486,Deluxe Smart Lighting,4080,3867,19999,152,Mi
1487,Pro Budget Kids Wear Plus,3575,4271,3999,60,Nike
1488,Eco Smart Non-Fiction,4531,1810,999,386,Lenovo
1489,Lightweight Classic Cases & Covers Plus,4461,1219,399,141,Boat
1490,Wireless Imported Cat Food Max,2521,582,699,154,Titan
1491,Stylish Mini Lubricants,1821,2185,19999,226,Havells
1492,Everyday Eco-Friendly Pet Toys Max,1906,3714,2999,220,Milton
1493,Smart Smart Board Games,3945,3483,2999,457,Mi
1494,Portable Classic Drums 2.0,3810,983,249,455,Milton
1495,Lightweight Local Grooming X1,3670,4503,799,452,Havells
1496,Everyday Eco-Friendly Smartwatches 2.0,367,1352,1199,221,Milton
1497,Everyday Imported Home Decor Pro,247,2116,799,259,Prestige
1498,Durable Mini Musical Instruments Plus,606,3521,1499,381,Havells
1499,Lightweight Pro Chargers X1,1444,1434,299,447,Bajaj
1500,Premium Pro Aquarium Lite,4122,4389,1199,334,HP
1501,Classic Deluxe Cameras Plus,1763,1204,3999,285,Philips
1502,Stylish Mini Haircare X1,4761,3139,699,96,Prestige
1503,Compact Classic Televisions Pro,2607,3184,6999,414,Nestle
1504,Portable Imported Plants,1849,2060,2999,71,Sony
1505,Premium Imported Drums Lite,1983,2885,699,253,LG
1506,Portable Local Baby Clothing,4614,4390,3999,460,Philips
1507,Ultra Budget Furniture Pro,3030,3430,999,189,Godrej
1508,Wireless Imported Home Decor,3336,527,1199,358,Mi
1509,Smart Smart Kids Wear Lite,3154,2774,349,147,Fabindia
1510,Lightweight Classic Appliances 2.0,4097,156,499,383,Realme
1511,Durable Local Air Conditioners 2.0,2343,869,1199,17,Nike
1512,Classic Local Spices Lite,2297,466,399,5,Dell
1513,Stylish Deluxe Beds,3525,1241,299,294,Realme
1514,Durable Deluxe Academic Max,889,2103,1499,468,Dell
1515,Durable Deluxe Staples X1,1799,3092,249,242,Adidas
1516,Pro Baby Products,18,4864,699,216,Havells
1517,Stylish Mini Car Accessories 2.0,4627,4137,3999,424,Samsung
1518,Deluxe Classic Ethnic Wear Plus,2626,2580,2499,202,Noise
1519,Deluxe Local Office Supplies,4207,105,999,485,Havells
1520,Pro Comics Lite,50,2313,1499,127,Apple
1521,Durable Smart Pens X1,4342,702,399,200,Noise
1522,Lightweight Budget Tables,4560,2850,699,474,Prestige
1523,Classic Deluxe Women's Clothing,1101,3611,1999,478,HP
1524,Lightweight Premium Fragrances Plus,4205,4871,349,347,Fabindia
1525,Stylish Pro Diapers Lite,1242,429,499,478,Mi
1526,Deluxe Imported Toys X1,4731,1699,14999,240,Godrej
1527,Classic Imported Toys X1,796,711,1999,350,Adidas
1528,Pro Premium Cases & Covers X1,1465,4325,299,56,Nike
1529,Eco Smart Winter Wear Max,2280,4147,999,273,Realme
1530,Everyday Pro Toys & Games Pro,1850,3554,14999,110,Woodland
1531,Premium Local Violins 2.0,1796,563,999,320,Milton
1532,Deluxe Eco-Friendly Speakers Plus,308,4679,4999,136,Lenovo
1533,Deluxe Eco-Friendly Toys X1,578,2351,999,138,Nike
1534,Compact Classic Pet Toys,161,2218,2999,468,HP
1535,Classic Eco-Friendly Wardrobes Pro,4152,1168,199,57,Sony
1536,Eco Mini Non-Fiction,1026,1362,14999,148,Adidas
1537,Eco Local Books Lite,1523,671,249,217,Philips
1538,Smart Premium Spices X1,3633,2764,1999,187,Nike
1539,Portable Deluxe Musical Instruments,296,2174,19999,109,Lenovo
1540,Compact Deluxe Musical Instruments 2.0,1318,821,9999,373,Woodland
1541,Classic Classic Outdoor Toys Pro,3656,3862,29999,138,Realme
1542,Lightweight Imported Pet Toys Lite,1096,792,6999,191,Nestle
1543,Ultra Smart Lubricants Max,4723,3308,599,147,Havells
1544,Compact Classic Cameras Lite,2190,3147,349,265,Bajaj
1545,Wireless Premium Grills Lite,1311,85,9999,350,Godrej
1546,Eco Local Storage Plus,192,4163,1999,375,Fabindia
1547,Lightweight Deluxe Action Figures,3948,1138,19999,490,Prestige
1548,Everyday Smart Pet Grooming Pro,3819,634,1199,193,LG
1549,Eco Eco-Friendly Sofas X1,225,416,4999,420,Adidas
1550,Eco Eco-Friendly Comics,2872,2523,249,230,Adidas
1551,Stylish Deluxe Aquarium Lite,202,4029,29999,185,Tata
1552,Pro Eco-Friendly Men's Clothing,3113,1665,1999,467,Adidas
1553,Ultra Deluxe Rings 2.0,306,4715,349,128,Lenovo
1554,Stylish Mini Home Decor Max,1837,4492,599,71,Nike
1555,Portable Local Staples,3852,3351,6999,498,Mi
1556,Everyday Imported Outdoor Furniture,1078,3124,2499,173,Amul
1557,Eco Local Sports & Fitness,3170,3761,14999,83,Milton
1558,Classic Local Yoga 2.0,210,1774,399,169,Apple
1559,Portable Budget Puzzles Plus,1008,2476,19999,10,Boat
1560,Eco Imported Accessories,418,2188,199,422,Godrej
1561,Premium Eco-Friendly Appliances,2588,3859,249,309,Woodland
1562,Durable Outdoor Toys X1,55,4243,399,236,Apple
1563,Durable Budget Board Games,2784,4383,3999,399,Fabindia
1564,Pro Premium Aquarium Pro,3742,1152,14999,245,Wildcraft
1565,Classic Local Electronics,705,1917,249,88,Nestle
1566,Portable Mini Automotive Plus,1927,4471,199,370,HP
1567,Eco Local Cricket Gear 2.0,3629,4147,3999,150,Sony
1568,Classic Imported Beverages Max,518,18,799,236,Havells
1569,Durable Premium Plants Lite,3592,3574,2999,201,Amul
1570,Lightweight Smart Dog Food Pro,1778,4735,1499,432,Nike
1571,Lightweight Mini Grills Lite,318,4474,399,449,Havells
1572,Portable Budget Staples,4199,2097,299,181,Cello
1573,Eco Imported Mixers Pro,646,2173,1199,273,Puma
1574,Wireless Budget Violins Pro,4134,3982,6999,129,OnePlus
1575,Premium Pro Keyboards Plus,1220,2025,199,201,Prestige
1576,Smart Smart Mobiles & Accessories Max,4680,4666,1199,87,Wildcraft
1577,Compact Pro Musical Instruments 2.0,627,616,4999,465,LG
1578,Advanced Premium Supplements 2.0,1046,3505,2499,487,Wildcraft
1579,Pro Pro Garden Tools Max,1159,3994,799,17,LG
1580,Smart Pro Toys & Games X1,3438,3740,49999,256,Fabindia
1581,Ultra Premium Health Care Lite,170,3335,4999,390,LG
1582,Smart Eco-Friendly Fragrances Pro,1287,2177,499,279,LG
1583,Pro Imported Comics Lite,1974,780,2499,370,HP
1584,Eco Eco-Friendly Sofas,4747,177,349,215,Fabindia
1585,Ultra Smart Women's Footwear Lite,125,4364,1199,159,Havells
1586,Ultra Mini Bedding Lite,4413,3753,349,95,Amul
1587,Eco Imported Staples Pro,3243,4085,19999,5,Adidas
1588,Advanced Imported Appliances,1870,827,1999,85,Puma
1589,Eco Eco-Friendly Stationery Max,2319,571,249,48,Puma
1590,Portable Budget Yoga 2.0,4344,1227,999,85,Samsung
1591,Stylish Imported Toys Lite,4974,1173,399,418,Fabindia
1592,Lightweight Imported Home & Kitchen,3081,525,1999,231,Bata
1593,Wireless Eco-Friendly Educational Toys Max,4856,3102,4999,499,Wildcraft
1594,Pro Local Car Accessories 2.0,4015,3184,199,294,Titan
1595,Advanced Imported Beverages,746,1720,6999,93,Noise
1596,Advanced Budget Microwaves Plus,2919,1716,29999,207,Realme
1597,Pro Local Outdoor Toys Lite,1270,4832,14999,494,Fabindia
1598,Portable Smart Mobiles & Accessories Plus,4680,2387,49999,11,Godrej
1599,Ultra Mini Mobiles & Accessories Pro,990,3772,9999,82,Samsung
1600,Smart Eco-Friendly Comics 2.0,2872,429,499,96,Philips
1601,Lightweight Eco-Friendly Pet Grooming Plus,895,3908,3999,103,Bata
1602,Compact Smart Dairy,2376,741,1199,125,Fabindia
1603,Compact Mini Keyboards 2.0,4821,4133,399,346,Boat
1604,Advanced Budget Cricket Gear,1216,3361,699,6,Dell
1605,Ultra Eco-Friendly Action Figures Pro,1278,4524,199,414,Amul
1606,Deluxe Budget Toys & Games Pro,2569,1367,19999,418,Havells
1607,Premium Budget Jewellery,1955,1583,1499,466,Adidas
1608,Compact Eco-Friendly Educational Toys X1,2856,1049,599,380,LG
1609,Deluxe Pro Baby Food 2.0,137,984,349,263,Sony
1610,Wireless Premium Haircare Max,690,1765,4999,305,Apple
1611,Lightweight Mini Aquarium Pro,1410,1445,599,364,HP
1612,Ultra Premium Pet Supplies Max,2670,1779,999,123,Sony
1613,Everyday Imported Snacks Pro,1577,590,2499,67,OnePlus
1614,Deluxe Imported Health Care Pro,1972,2195,1199,317,Cello
1615,Wireless Pro Pet Grooming X1,4160,148,399,236,Tata
1616,Ultra Smart Ethnic Wear Plus,583,617,2499,471,Nike
1617,Durable Classic Books 2.0,3728,707,1999,54,Lenovo
1618,Eco Imported Skincare 2.0,1466,4047,599,64,Fabindia
1619,Pro Mini Lighting 2.0,2505,4720,6999,143,Milton
1620,Stylish Budget Non-Fiction Max,2811,4385,349,74,Bajaj
1621,Compact Premium Gym Equipment,241,4182,199,200,Adidas
1622,Wireless Local Rings Pro,472,374,9999,197,Samsung
1623,Premium Local Mixers,1731,4590,9999,269,Sony
1624,Wireless Personal Hygiene Lite,96,1823,29999,388,Adidas
1625,Pro Deluxe Musical Instruments,2759,2081,999,362,Mi
1626,Pro Budget Dairy Pro,2804,1571,399,168,Godrej
1627,Compact Deluxe Jewellery Lite,3034,1306,999,158,Samsung
1628,Compact Mini Comics Plus,3595,2483,3999,271,Mi
1629,Everyday Mini Outdoor Toys Max,814,4078,249,117,Fabindia
1630,Wireless Deluxe Dog Food Pro,1157,2259,19999,287,Mi
1631,Premium Premium Aquarium X1,700,3397,249,371,Havells
1632,Smart Pro Office Supplies,234,237,799,289,Havells
1633,Portable Smart Electronics Lite,3125,4583,999,47,Titan
1634,Ultra Eco-Friendly Books X1,543,2579,199,479,Bajaj
1635,Durable Imported Televisions Lite,2480,4557,49999,284,Realme
1636,Deluxe Deluxe Sandals 2.0,4050,1908,999,158,HP
1637,Ultra Premium Tools Lite,1650,1958,14999,408,Sony
1638,Ultra Budget Gym Equipment,4142,2664,599,236,Nike
1639,Portable Eco-Friendly Cases & Covers,3812,4107,49999,391,Milton
1640,Deluxe Local Smartphones 2.0,620,3596,399,225,Woodland
1641,Everyday Classic Makeup X1,1883,1015,999,302,Puma
1642,Smart Mini Office Supplies,3514,3636,9999,141,Tata
1643,Eco Pro Sandals Max,3416,3015,1999,49,Amul
1644,Pro Classic Groceries 2.0,1246,4360,349,63,Realme
1645,Stylish Classic Cricket Gear Max,4089,2053,49999,449,Boat
1646,Lightweight Local Tools X1,4592,3107,399,176,LG
1647,Everyday Classic Car Accessories Max,2160,275,9999,5,Bajaj
1648,Durable Pro Pet Grooming,4708,2537,4999,115,Havells
1649,Ultra Eco-Friendly Fiction Lite,1764,3277,349,357,Bajaj
1650,Deluxe Local Supplements 2.0,1451,869,1999,459,Woodland
1651,Stylish Budget Smartwatches 2.0,2939,1652,399,28,Mi
1652,Deluxe Eco-Friendly Books Max,543,2128,1199,181,Prestige
1653,Pro Local Keyboards Lite,2140,3890,2999,66,Puma
1654,Deluxe Eco-Friendly Men's Clothing Lite,4212,1157,49999,187,Adidas
1655,Everyday Local Speakers Pro,2899,1347,9999,314,Cello
1656,Wireless Mini Lubricants X1,4018,1342,6999,480,Nestle
1657,Ultra Classic Rings 2.0,3041,4416,6999,381,Realme
1658,Deluxe Eco-Friendly Earrings X1,4380,4960,399,353,HP
1659,Classic Eco-Friendly Beauty & Personal Care Max,3235,1892,29999,246,Fabindia
1660,Compact Classic Jewellery,4696,4340,14999,276,Fabindia
1661,Ultra Mini Snacks Pro,4378,1835,1199,71,Prestige
1662,Wireless Budget Fragrances Plus,4520,363,299,497,Fabindia
1663,Pro Classic Personal Hygiene,1695,4703,999,378,Tata
1664,Deluxe Eco-Friendly Cycling Pro,3181,4555,19999,354,Bata
1665,Pro Local Baby Clothing Max,4614,2376,249,66,Puma
1666,Durable Premium Rings Lite,1702,296,3999,227,Godrej
1667,Deluxe Premium Cat Food Max,1187,4927,3999,121,Prestige
1668,Stylish Local Board Games Pro,2840,1586,3999,324,Amul
1669,Lightweight Imported Ayurveda Plus,2575,4015,699,25,HP
1670,Classic Classic Pet Grooming Plus,2088,1389,499,288,Bata
1671,Eco Imported Smartphones 2.0,3675,4998,349,69,Noise
1672,Premium Mini Fashion Max,2121,4885,9999,353,Nike
1673,Compact Premium Earphones X1,1114,2789,299,42,Nike
1674,Smart Smart Men's Footwear Max,198,334,199,22,Titan
1675,Ultra Mini Earrings,876,4792,699,321,Bata
1676,Wireless Budget Cricket Gear X1,1216,1110,49999,106,Woodland
1677,Lightweight Smart Outdoor Toys,3839,4102,1199,405,Adidas
1678,Advanced Imported Kids Footwear 2.0,4187,1165,6999,214,Bajaj
1679,Everyday Imported Refrigerators Pro,1521,364,49999,404,Puma
1680,Stylish Premium Automotive,2850,2484,199,17,Adidas
1681,Classic Deluxe Sports Shoes Pro,4757,1508,1999,334,HP
1682,Eco Local Speakers,751,1138,199,305,Sony
1683,Compact Imported Makeup Lite,1354,2887,349,271,Lenovo
1684,Stylish Mini Garden Tools Max,1401,3856,9999,100,HP
1685,Advanced Eco-Friendly Bike Accessories,1755,3047,349,460,LG
1686,Pro Premium Car Accessories Max,3608,4354,199,212,Noise
1687,Advanced Premium Toys Plus,1694,3576,2499,410,Boat
1688,Classic Classic Grills Lite,2857,586,699,81,Titan
1689,Premium Budget Snacks Max,1773,3619,4999,316,Samsung
1690,Everyday Premium Staples Lite,2105,1228,3999,23,Philips
1691,Stylish Eco-Friendly Fragrances Max,953,1106,499,329,LG
1692,Wireless Classic Spices,2066,3652,299,278,Adidas
1693,Deluxe Eco-Friendly Outdoor Toys X1,4177,2794,9999,312,Dell
1694,Eco Eco-Friendly Smartwatches,1588,3488,2499,98,Mi
1695,Classic Classic Diapers,4875,945,199,439,Titan
1696,Deluxe Smart Keyboards,1527,3320,299,20,Adidas
1697,Stylish Imported Sandals Pro,3854,3427,6999,169,Puma
1698,Premium Classic Cameras Max,2153,1645,399,249,Dell
1699,Everyday Eco-Friendly Beds 2.0,440,3310,1999,337,Noise
1700,Eco Pro Earrings X1,3723,2153,4999,245,Amul
1701,Smart Smart Garden Tools Max,2736,4718,4999,366,Sony
1702,Everyday Local Dog Food Lite,2289,3363,49999,119,Tata
1703,Deluxe Budget Personal Hygiene Lite,1914,1715,249,440,Milton
1704,Lightweight Imported Home Decor 2.0,4643,1822,249,230,Fabindia
1705,Advanced Local Cases & Covers Max,3505,1454,49999,433,Boat
1706,Lightweight Pro Laptops Plus,2651,722,1999,384,Nestle
1707,Advanced Mini Stationery X1,2236,4267,1199,463,OnePlus
1708,Pro Imported Educational Toys,4162,3245,9999,301,Tata
1709,Smart Local Baby Clothing,4614,498,1999,6,Adidas
1710,Wireless Imported Power Banks Max,4878,549,1499,99,Havells
1711,Wireless Pro Laptops,1795,4909,699,434,Milton
1712,Deluxe Mini Baby Clothing,4072,3396,6999,389,Titan
1713,Lightweight Premium Kids Wear,2785,1018,2499,415,Sony
1714,Deluxe Smart Art Supplies Lite,4938,4931,14999,373,Fabindia
1715,Ultra Smart Car Accessories,4489,506,2499,82,OnePlus
1716,Deluxe Supplements Max,92,4376,2999,480,Havells
1717,Lightweight Pro Beverages,2433,1574,2499,427,Adidas
1718,Smart Imported Home Decor,196,3037,4999,28,Philips
1719,Portable Pro Grills X1,2434,4178,249,355,OnePlus
1720,Portable Premium Lighting Pro,278,1990,3999,343,Adidas
1721,Portable Smart Washing Machines,1956,352,299,166,Woodland
1722,Portable Premium Kids Footwear Pro,4077,3375,399,194,Adidas
1723,Deluxe Pet Supplies Pro,17,2479,14999,147,Bata
1724,Ultra Deluxe Cycling X1,1045,3291,799,187,LG
1725,Lightweight Local Pet Toys Pro,781,1136,3999,358,LG
1726,Durable Local Baby Products Plus,376,1764,3999,379,Dell
1727,Everyday Car Accessories Plus,62,3823,999,477,Puma
1728,Everyday Deluxe Children's Books Lite,3869,1187,1999,273,OnePlus
1729,Durable Imported Outdoor Toys,3068,579,1199,301,Mi
1730,Classic Premium Bracelets Lite,2747,4631,199,394,Tata
1731,Wireless Classic Men's Footwear,1725,40,4999,491,Nike
1732,Everyday Budget Makeup Plus,4995,2287,1199,349,Tata
1733,Classic Imported Action Figures Plus,1192,992,999,417,Milton
1734,Advanced Pro Toys & Games 2.0,1850,2137,19999,17,Bata
1735,Deluxe Pro Educational Toys X1,2678,3938,19999,259,Lenovo
1736,Ultra Premium Health Care 2.0,2440,4981,499,50,Amul
1737,Portable Smart Chairs Max,1083,4675,799,63,Apple
1738,Smart Deluxe Cat Food Lite,4216,2284,699,348,Amul
1739,Premium Pro Winter Wear,918,809,9999,449,Prestige
1740,Portable Imported Skincare,4222,581,999,487,Milton
1741,Lightweight Premium Earrings Max,1236,3853,49999,135,Realme
1742,Classic Eco-Friendly Drums Max,1095,1997,249,280,Woodland
1743,Ultra Premium Sports & Fitness Pro,4067,2249,2999,83,Milton
1744,Smart Deluxe Fashion 2.0,959,433,2499,431,Tata
1745,Eco Mini Comics Plus,809,3866,9999,193,Milton
1746,Portable Eco-Friendly Non-Fiction Max,2681,4498,6999,19,Apple
1747,Everyday Smart Toys Pro,4281,4182,599,35,Samsung
1748,Deluxe Eco-Friendly Toys & Games Lite,1979,891,699,330,Prestige
1749,Stylish Imported Grills Pro,4777,4225,3999,263,Puma
1750,Advanced Budget Dog Food 2.0,3877,4120,19999,495,Amul
1751,Stylish Classic Beauty & Personal Care,1614,4521,249,311,Puma
1752,Advanced Budget Furniture Max,861,2481,499,494,Mi
1753,Compact Smart Tyres,462,4784,799,401,Cello
1754,Wireless Eco-Friendly Baby Gear X1,3515,3796,2499,66,HP
1755,Deluxe Deluxe Grooming 2.0,4046,3709,199,343,Mi
1756,Portable Deluxe Speakers,2300,256,399,319,Noise
1757,Classic Budget Women's Clothing X1,1543,2537,1199,98,Realme
1758,Stylish Classic Fiction 2.0,4124,2928,199,319,Adidas
1759,Compact Eco-Friendly Spices,2040,1031,29999,244,HP
1760,Portable Deluxe Earphones Plus,3281,3920,349,391,Prestige
1761,Deluxe Smart Footwear,4668,1768,249,159,Mi
1762,Ultra Eco-Friendly Laptops,3484,3884,599,186,Fabindia
1763,Pro Local Automotive Plus,2041,988,2499,112,OnePlus
1764,Smart Premium Baby Products Pro,2795,2897,49999,18,Milton
1765,Durable Budget Bangles Pro,4850,3849,799,487,Woodland
1766,Premium Local Automotive,2041,3226,29999,119,OnePlus
1767,Wireless Imported Refrigerators X1,3911,4220,1199,7,Philips
1768,Wireless Premium Tyres Pro,4338,419,4999,49,Titan
1769,Compact Premium Sofas,887,1581,19999,363,Noise
1770,Ultra Local Men's Clothing 2.0,2812,2123,49999,269,Cello
1771,Lightweight Classic Earphones,820,4830,599,427,HP
1772,Advanced Premium Rings,3175,3282,2999,493,Lenovo
1773,Compact Mini Beauty & Personal Care X1,3086,4315,1499,382,Sony
1774,Deluxe Smart Cookware X1,539,3372,499,431,Bajaj
1775,Smart Premium Spices,4908,2601,599,97,Havells
1776,Pro Imported First Aid Lite,4843,3906,2999,155,Apple
1777,Eco Pro Rings 2.0,4603,3319,199,403,Boat
1778,Deluxe Classic Spices Plus,1750,288,349,192,Wildcraft
1779,Deluxe Mini Tables Pro,951,3043,199,86,Boat
1780,Smart Pro Rings Lite,3779,550,249,301,Realme
1781,Wireless Smart Dog Food Plus,387,3789,349,236,Bata
1782,Pro Deluxe Musical Instruments,2759,3323,299,452,Boat
1783,Wireless Classic Sofas Max,3048,4111,1199,460,Lenovo
1784,Deluxe Eco-Friendly Automotive Plus,2509,1909,6999,396,Boat
1785,Ultra Eco-Friendly Comics,555,33,1499,109,Wildcraft
1786,Ultra Classic Cat Food X1,2913,890,249,199,Havells
1787,Durable Eco-Friendly Comics Lite,2872,3506,2999,490,Titan
1788,Pro Pro Jewellery,4994,4035,29999,413,Cello
1789,Compact Eco-Friendly Sandals 2.0,4790,1975,199,490,OnePlus
1790,Classic Smart Chairs,3348,4750,3999,79,Milton
1791,Eco Pro Pet Supplies,1391,4161,999,74,Bajaj
1792,Compact Eco-Friendly Medical Devices Pro,360,3229,199,141,Nestle
1793,Portable Mini Jewellery,4377,3527,29999,50,Apple
1794,Ultra Smart Bangles Plus,851,4921,599,461,Tata
1795,Lightweight Pro Cameras Max,3581,625,399,181,Cello
1796,Pro Budget Medical Devices Lite,4435,4241,699,399,Puma
1797,Stylish Local Rings Lite,724,3554,699,177,Nestle
1798,Durable Deluxe Comics,180,1356,29999,187,OnePlus
1799,Smart Pro Dairy Plus,1476,2151,399,254,Samsung
1800,Deluxe Pro Academic Lite,4672,4166,19999,300,Mi
1801,Classic Budget Chairs,1288,1734,299,67,Dell
1802,Premium Eco-Friendly Pet Grooming 2.0,4622,3131,2499,74,Havells
1803,Portable Eco-Friendly Cookware Plus,4897,2006,299,360,OnePlus
1804,Deluxe Mini Art Supplies X1,144,1669,4999,122,Philips
1805,Deluxe Eco-Friendly Home & Kitchen 2.0,1556,272,999,166,Mi
1806,Premium Premium Staples Pro,3347,1030,6999,478,Philips
1807,Eco Mini Televisions Plus,1787,1917,1199,153,Wildcraft
1808,Eco Deluxe Earrings Lite,4173,1178,1999,101,Fabindia
1809,Deluxe Classic Laptops X1,2473,4084,14999,460,Milton
1810,Stylish Premium Non-Fiction Plus,419,490,999,248,Noise
1811,Durable Budget Appliances,3975,4019,399,407,Boat
1812,Deluxe Pro Appliances Pro,546,1335,6999,244,Apple
1813,Everyday Pro Women's Footwear Max,4241,1908,699,234,Adidas
1814,Premium Local Men's Footwear Max,417,3592,6999,192,Dell
1815,Portable Imported Running Pro,460,1420,2499,481,Bata
1816,Everyday Premium Skincare X1,3530,900,499,224,Adidas
1817,Deluxe Eco-Friendly Chairs X1,132,2586,14999,129,HP
1818,Pro Eco-Friendly Lighting 2.0,741,4371,29999,234,Nestle
1819,Compact Local Sofas Max,3858,2179,1999,389,Fabindia
1820,Lightweight Classic Automotive,3799,2325,299,48,Adidas
1821,Eco Classic Mixers Plus,1602,4387,299,191,Godrej
1822,Portable Premium Fragrances,1619,2744,1499,29,Adidas
1823,Portable Eco-Friendly Appliances,1119,4628,2499,319,Tata
1824,Compact Classic Office Supplies Plus,4813,4943,199,467,Samsung
1825,Portable Premium Tools,4902,745,399,365,Boat
1826,Compact Budget Smartphones,3688,1115,1499,86,Boat
1827,Ultra Premium Pet Grooming Pro,199,1097,799,337,Noise
1828,Premium Eco-Friendly Violins Plus,488,4670,2999,162,Titan
1829,Durable Eco-Friendly Fiction Max,3716,3360,1499,27,Havells
1830,Stylish Premium Televisions Plus,2024,4230,699,461,Godrej
1831,Durable Budget Violins,4134,456,599,264,Adidas
1832,Smart Budget Running X1,3678,1978,799,462,HP
1833,Stylish Imported Drums 2.0,1542,390,9999,323,Lenovo
1834,Premium Deluxe Diapers Max,3482,423,3999,485,Adidas
1835,Everyday Smart Storage Max,3813,3682,249,490,Mi
1836,Wireless Eco-Friendly Grooming 2.0,2360,2034,699,55,Titan
1837,Everyday Mini Furniture Lite,2346,2814,19999,113,Godrej
1838,Smart Eco-Friendly Fragrances X1,3361,1521,599,224,Philips
1839,Durable Budget Academic 2.0,1660,1055,9999,381,Puma
1840,Compact Smart Televisions 2.0,3130,3465,9999,371,Titan
1841,Durable Premium Musical Instruments Plus,4328,1527,999,414,Philips
1842,Wireless Premium Ayurveda,1204,1877,399,461,Amul
1843,Durable Budget Pet Toys 2.0,4023,4333,399,400,Bata
1844,Smart Premium Grooming Max,995,2077,29999,51,Milton
1845,Portable Eco-Friendly Bedding Max,3117,2600,199,41,Apple
1846,Portable Premium Furniture Lite,4307,126,1499,446,Bajaj
1847,Compact Imported Women's Footwear Max,466,2727,2999,117,Nestle
1848,Lightweight Budget Cat Food Lite,3492,4125,2999,361,Mi
1849,Smart Eco-Friendly Cookware,3953,2889,6999,495,Adidas
1850,Durable Pro Aquarium,4122,3414,299,37,Noise
1851,Eco Premium Spices Plus,4724,1697,499,485,Titan
1852,Pro Budget Wardrobes Plus,2564,2547,199,159,Fabindia
1853,Deluxe Imported Tyres,1378,1760,999,139,Lenovo
1854,Pro Smart Microwaves,1667,687,3999,217,Samsung
1855,Eco Local Files & Folders Max,1210,2948,349,217,Nike
1856,Lightweight Budget Ethnic Wear Max,752,752,2999,345,Sony
1857,Premium Budget Action Figures 2.0,605,2617,49999,56,Adidas
1858,Portable Mini Power Banks Pro,3261,4798,349,142,Cello
1859,Portable Smart Electronics Lite,3125,1134,299,122,Samsung
1860,Compact Budget Personal Hygiene,2801,4175,499,434,Prestige
1861,Advanced Imported Winter Wear,1510,2618,14999,274,HP
1862,Deluxe Budget Bangles X1,4651,1886,349,431,Bata
1863,Classic Local Dairy X1,3357,2154,9999,246,Bata
1864,Smart Deluxe Grooming Pro,4046,2900,1999,19,Woodland
1865,Eco Pro Kids Footwear 2.0,2045,990,799,383,Mi
1866,Pro Deluxe Garden Tools 2.0,474,4628,2499,437,Wildcraft
1867,Portable Deluxe Aquarium 2.0,4047,1519,1999,212,Adidas
1868,Ultra Local Sandals X1,1682,2123,2499,298,Lenovo
1869,Portable Eco-Friendly Medical Devices Lite,360,3050,6999,130,Adidas
1870,Smart Mini Skincare Max,4247,2884,6999,278,Havells
1871,Advanced Classic Chairs,2776,3861,349,66,Realme
1872,Wireless Pro Art Supplies 2.0,3397,4171,299,125,Tata
1873,Ultra Mini Rings Max,1995,2176,9999,490,Nestle
1874,Classic Mini Mobiles & Accessories Pro,1537,345,2499,9,Lenovo
1875,Advanced Fragrances X1,40,4887,2499,158,OnePlus
1876,Stylish Deluxe Ayurveda Plus,2955,3403,49999,127,Bajaj
1877,Classic Classic Musical Instruments Pro,4175,893,19999,402,Nestle
1878,Deluxe Smart Grooming X1,1845,587,9999,386,Fabindia
1879,Lightweight Imported Pet Grooming,4459,444,19999,149,Wildcraft
1880,Ultra Budget Puzzles Plus,1008,4700,14999,406,LG
1881,Ultra Smart Groceries,3937,4431,1999,20,Godrej
1882,Durable Premium Televisions Max,1566,1545,3999,500,Philips
1883,Portable Budget Medical Devices Lite,579,3871,14999,59,Bata
1884,Pro Mini Air Conditioners Max,175,1445,349,144,Realme
1885,Stylish Premium Home & Kitchen,664,3587,1199,429,Puma
1886,Stylish Smart Baby Products 2.0,4612,3872,19999,230,Nike
1887,Eco Smart Bangles 2.0,4588,2720,29999,266,Bata
1888,Classic Smart Educational Toys 2.0,4217,4981,4999,334,Mi
1889,Everyday Local Footwear,1754,3681,399,52,Nike
1890,Wireless Classic Skincare Pro,4678,505,599,280,Noise
1891,Pro Local Health Care Lite,4439,693,499,157,Noise
1892,Durable Smart Mobiles & Accessories Lite,818,2737,1499,34,Boat
1893,Lightweight Mini Keyboards Pro,3440,4403,249,375,LG
1894,Everyday Pro Pet Grooming 2.0,4708,3177,3999,159,LG
1895,Classic Budget Educational Toys Plus,2500,2311,19999,96,Boat
1896,Durable Budget Ayurveda Plus,2001,3719,9999,406,Titan
1897,Premium Smart Accessories Max,2792,767,499,63,Samsung
1898,Wireless Eco-Friendly Dairy Pro,492,83,3999,141,Woodland
1899,Wireless Premium Health Care,2440,3865,1999,463,Noise
1900,Lightweight Eco-Friendly Office Supplies,1017,3328,1499,56,Dell
1901,Eco Pro Tables Plus,2392,3866,1499,46,Nestle
1902,Eco Eco-Friendly Musical Instruments,4768,1958,1499,83,Woodland
1903,Compact Imported Car Accessories Pro,1255,4385,9999,58,Puma
1904,Premium Imported Sandals Max,2790,1732,19999,31,Samsung
1905,Compact Deluxe Children's Books X1,2940,3207,799,62,Wildcraft
1906,Eco Classic Staples Max,1145,1590,599,142,Prestige
1907,Pro Deluxe Action Figures,4418,1706,29999,196,Fabindia
1908,Classic Mini Bedding Pro,4930,4796,199,202,Titan
1909,Eco Pro Files & Folders X1,2567,25,3999,380,Wildcraft
1910,Lightweight Local Board Games X1,3547,2843,999,291,Realme
1911,Durable Classic Toys,680,2314,19999,284,Tata
1912,Deluxe Pro Jewellery Plus,4994,494,19999,165,Mi
1913,Smart Premium Cameras,3551,283,1199,402,Tata
1914,Durable Imported Cricket Gear Pro,2885,4937,1499,431,LG
1915,Durable Imported Mobiles & Accessories X1,1708,416,9999,220,Bata
1916,Stylish Smart Office Supplies,594,1066,1199,348,HP
1917,Pro Eco-Friendly Stationery Max,1160,3482,29999,297,Nike
1918,Eco Eco-Friendly Chairs Lite,4864,2792,499,470,Adidas
1919,Portable Washing Machines Plus,88,3975,599,243,Bata
1920,Portable Budget Fashion Lite,4393,4102,699,324,Dell
1921,Wireless Deluxe Car Accessories 2.0,1268,1025,1499,61,Sony
1922,Classic Classic Headphones,4116,4643,299,5,Bata
1923,Classic Deluxe Sports Shoes Plus,3751,605,6999,227,HP
1924,Deluxe Deluxe Speakers Plus,2525,891,349,309,Dell
1925,Premium Premium Toys Max,4078,2460,999,413,Godrej
1926,Stylish Deluxe Air Conditioners Max,4540,2917,349,493,Tata
1927,Stylish Classic Aquarium Max,4472,2278,3999,64,Samsung
1928,Wireless Health Care Pro,15,4528,499,80,Adidas
1929,Compact Eco-Friendly Toys X1,191,3453,799,428,Milton
1930,Eco Mini Earrings Lite,4826,2327,499,350,LG
1931,Eco Classic Cycling Pro,2007,1397,1499,155,Samsung
1932,Advanced Imported Microwaves 2.0,4035,2580,19999,254,Nestle
1933,Eco Classic Books 2.0,922,3340,6999,229,Lenovo
1934,Ultra Mini Lighting,3672,4697,14999,35,Puma
1935,Premium Premium Groceries X1,2302,2670,6999,467,Woodland
1936,Smart Classic Office Supplies Pro,1138,862,499,79,Fabindia
1937,Compact Deluxe Garden & Outdoor,3876,2736,14999,303,Boat
1938,Lightweight Pro Earrings X1,1713,2979,699,310,HP
1939,Advanced Smart Skincare Plus,1377,2421,4999,101,Realme
1940,Eco Imported Staples,1900,2131,3999,464,Noise
1941,Deluxe Eco-Friendly Plants X1,2958,2140,6999,38,Havells
1942,Lightweight Classic Kids Wear Max,3142,4011,349,55,Godrej
1943,Smart Premium Electronics 2.0,1615,2111,799,270,Samsung
1944,Durable Classic Speakers Max,4071,282,349,463,LG
1945,Pro Smart Educational Toys,2347,3283,1499,441,Wildcraft
1946,Wireless Eco-Friendly Cookware 2.0,3953,2038,1499,387,Prestige
1947,Stylish Imported Drums Pro,1983,2652,399,190,Milton
1948,Premium Imported Footwear,793,660,1999,190,Samsung
1949,Pro Eco-Friendly Beds Max,989,3629,1199,132,LG
1950,Eco Makeup Plus,39,2039,699,58,Godrej
1951,Wireless Classic Men's Footwear Max,1725,3447,9999,56,Lenovo
1952,Compact Deluxe Staples 2.0,1001,4366,349,91,OnePlus
1953,Pro Imported Keyboards 2.0,4021,4259,2999,292,Godrej
1954,Advanced Local Board Games,2840,157,999,172,Mi
1955,Wireless Premium Rings,3175,2751,199,368,Bata
1956,Wireless Premium Baby Gear X1,4481,2997,399,269,Realme
1957,Premium Classic Bedding X1,1990,3497,199,312,LG
1958,Premium Smart Smartwatches Lite,4751,1033,29999,384,Lenovo
1959,Stylish Eco-Friendly Appliances,2588,354,29999,14,Samsung
1960,Smart Deluxe Sandals Lite,3702,2757,999,211,Bajaj
1961,Portable Pro Non-Fiction Pro,4174,4046,1199,454,Samsung
1962,Advanced Car Accessories Lite,62,2853,3999,182,Samsung
1963,Deluxe Premium Cat Food X1,4636,3335,4999,177,Prestige
1964,Classic Local Chargers Plus,2243,1760,1999,231,Tata
1965,Lightweight Pro Earrings Lite,2758,2707,249,307,Prestige
1966,Premium Grooming Lite,41,1362,299,234,Bajaj
1967,Deluxe Eco-Friendly Microwaves Pro,1790,1689,2999,450,Realme
1968,Advanced Premium Smartwatches X1,2970,4640,199,367,Noise
1969,Deluxe Premium Plants,3124,4380,599,276,Godrej
1970,Ultra Deluxe Medical Devices Lite,3316,1059,4999,368,Godrej
1971,Everyday Classic Kids Footwear Lite,2294,3587,249,342,Lenovo
1972,Everyday Imported Chairs Pro,482,4708,9999,367,OnePlus
1973,Eco Premium Non-Fiction Lite,3576,1247,399,324,Woodland
1974,Classic Mini Wardrobes 2.0,3111,4004,2999,373,Havells
1975,Deluxe Classic First Aid 2.0,1332,950,349,424,Amul
1976,Compact Smart Outdoor Furniture,3422,2772,249,16,Puma
1977,Smart Smart Chairs 2.0,2469,4482,349,317,Wildcraft
1978,Compact Imported Yoga Max,748,754,6999,234,Bata
1979,Everyday Premium Spices Lite,4724,171,499,297,Titan
1980,Stylish Smart Stationery Plus,4999,3536,1199,484,Prestige
1981,Wireless Premium Footwear Pro,3160,1812,699,349,Woodland
1982,Wireless Imported Plants,2740,2666,1199,382,HP
1983,Premium Eco-Friendly Chargers 2.0,3341,75,2499,72,Titan
1984,Deluxe Smart Outdoor Toys 2.0,2673,4348,4999,86,Lenovo
1985,Lightweight Budget Action Figures,4972,114,799,167,Lenovo
1986,Pro Pro Outdoor Furniture Pro,4516,4839,9999,38,Dell
1987,Classic Smart Lighting Lite,3226,1363,799,4,Sony
1988,Everyday Premium Staples 2.0,4983,3881,3999,7,Nestle
1989,Smart Budget Bracelets Plus,1299,64,799,252,Nestle
1990,Durable Eco-Friendly Fiction Lite,1111,3809,399,442,Tata
1991,Eco Imported Action Figures Plus,2039,830,249,198,Mi
1992,Deluxe Classic Office Supplies,3660,2227,2499,0,LG
1993,Compact Local Gym Equipment Plus,1596,3459,49999,236,Dell
1994,Premium Deluxe Aquarium Max,2956,4766,14999,493,Boat
1995,Compact Local Power Banks,493,1960,249,276,Bata
1996,Wireless Smart Toys Lite,324,900,2999,285,LG
1997,Wireless Premium Washing Machines X1,1458,3926,4999,278,Wildcraft
1998,Eco Deluxe Sports Shoes 2.0,2425,188,3999,346,Fabindia
1999,Portable Mini Files & Folders X1,1915,3266,19999,244,Philips
2000,Premium Local Sofas 2.0,2124,3826,249,356,Fabindia
2001,Wireless Eco-Friendly Speakers Lite,1774,3378,2499,269,Nike
2002,Stylish Premium Mobiles & Accessories,2657,4052,249,292,Mi
2003,Premium Premium Microwaves Lite,4706,1442,19999,317,Bata
2004,Everyday Eco-Friendly Beauty & Personal Care Pro,3235,3805,699,143,Nestle
2005,Eco Budget Gym Equipment Pro,2113,4734,599,82,Prestige
2006,Durable Deluxe Women's Clothing,3536,4298,999,187,Bata
2007,Stylish Imported Skincare Plus,2893,1562,399,382,Samsung
2008,Smart Pro Comics Lite,2761,3939,249,107,Apple
2009,Wireless Pro Plants Lite,3695,4432,4999,421,Wildcraft
2010,Advanced Imported Bedding 2.0,1291,3942,1999,495,Bajaj
2011,Stylish Eco-Friendly Educational Toys Plus,2228,199,599,48,Tata
2012,Deluxe Mini Mobiles & Accessories Max,2629,4754,1999,439,Philips
2013,Ultra Smart Baby Food Max,450,3560,599,60,Nestle
2014,Lightweight Premium Grills Plus,3947,1352,1199,20,Godrej
2015,Ultra Local Board Games X1,3708,1088,14999,324,Realme
2016,Everyday Local Running Lite,3133,3955,599,66,Dell
2017,Durable Eco-Friendly Supplements Plus,718,3052,29999,294,Havells
2018,Ultra Mini Files & Folders X1,262,645,799,309,Cello
2019,Smart Smart Board Games,1463,3440,9999,116,Cello
2020,Advanced Pro Furniture,123,231,249,242,Puma
2021,Stylish Eco-Friendly Grills Pro,4641,4268,14999,419,Havells
2022,Advanced Deluxe Earrings Pro,3903,1471,2999,350,Samsung
2023,Pro Deluxe Garden Tools,122,2485,299,228,Mi
2024,Premium Local Microwaves Plus,3258,97,2499,289,Godrej
2025,Wireless Premium Women's Clothing 2.0,4787,1168,1499,394,OnePlus
2026,Advanced Premium Baby Products Plus,3737,2619,49999,150,Puma
2027,Smart Eco-Friendly Sandals Lite,3897,3207,2999,361,Tata
2028,Durable Premium Speakers Lite,4527,1968,49999,51,Mi
2029,Everyday Deluxe Aquarium Plus,202,4350,9999,241,Bajaj
2030,Lightweight Premium Non-Fiction,3569,2640,799,236,Puma
2031,Lightweight Eco-Friendly Cases & Covers,1924,1631,2999,380,Apple
2032,Ultra Eco-Friendly Men's Footwear Plus,2292,662,349,215,Boat
2033,Portable Deluxe Fashion,911,3440,3999,161,Boat
2034,Premium Pro Mobiles & Accessories Plus,1165,1570,6999,329,Nike
2035,Eco Budget Men's Footwear,4838,1090,799,400,Wildcraft
2036,Lightweight Pro Jewellery,3171,857,599,189,Puma
2037,Stylish Classic Lighting 2.0,2474,1452,14999,137,Fabindia
2038,Compact Mini Baby Clothing Max,4072,449,199,127,Nestle
2039,Portable Pro Gym Equipment,3268,1394,9999,69,Amul
2040,Eco Smart Televisions Lite,4045,557,199,29,Noise
2041,Wireless Premium Diapers Plus,3545,4972,3999,445,Prestige
2042,Ultra Local Automotive Plus,4825,2225,1999,476,Titan
2043,Stylish Smart Electronics 2.0,3125,2011,2999,52,Samsung
2044,Eco Smart Men's Footwear Plus,4561,1442,999,145,Puma
2045,Stylish Eco-Friendly First Aid 2.0,2598,4107,29999,404,Titan
2046,Premium Premium Plants Lite,3651,2254,1199,73,Cello
2047,Pro Classic Automotive Pro,4151,614,249,283,Wildcraft
2048,Durable Pro First Aid Max,2685,4744,699,372,Boat
2049,Deluxe Eco-Friendly Sandals X1,3394,596,299,55,Samsung
2050,Pro Smart Outdoor Furniture Pro,1674,1484,1499,354,Lenovo
2051,Compact Imported Sandals,3503,3316,4999,25,Sony
2052,Advanced Premium Bracelets X1,1930,2741,49999,424,Nestle
2053,Premium Smart Furniture X1,856,434,49999,334,Bajaj
2054,Lightweight Eco-Friendly Cameras,979,2702,4999,128,Prestige
2055,Deluxe Eco-Friendly Action Figures Max,1038,4705,2999,6,Mi
2056,Compact Premium Outdoor Toys,2136,2769,6999,260,Titan
2057,Deluxe Classic Guitars Pro,3850,3612,349,283,Wildcraft
2058,Smart Mini Sandals Plus,2765,469,249,57,OnePlus
2059,Eco Classic Cat Food X1,1290,750,2499,158,Havells
2060,Smart Eco-Friendly Academic X1,4542,2232,299,231,Dell
2061,Stylish Smart Stationery,783,1559,6999,183,Mi
2062,Deluxe Eco-Friendly Necklaces,1441,2814,2499,479,Godrej
2063,Wireless Deluxe Home & Kitchen,945,2554,29999,75,Fabindia
2064,Advanced Deluxe Pet Toys Pro,896,1863,2499,490,Godrej
2065,Compact Deluxe Fiction,2253,3138,299,86,Bata
2066,Pro Deluxe Chairs X1,4432,384,1999,222,Havells
2067,Advanced Classic Medical Devices X1,4789,3733,249,8,Philips
2068,Lightweight Eco-Friendly Laptops Pro,1334,970,19999,314,Havells
2069,Eco Pro Sandals Pro,3768,4707,999,485,Tata
2070,Wireless Pro Rings Max,2614,3445,29999,294,Bajaj
2071,Lightweight Eco-Friendly Women's Clothing Max,4417,2645,499,291,Noise
2072,Durable Mini Outdoor Furniture Max,4082,992,599,389,Puma
2073,Advanced Smart Baby Gear,2637,1551,999,68,Milton
2074,Compact Local Books X1,4581,25,349,301,Boat
2075,Stylish Local Headphones,2237,3821,9999,210,Mi
2076,Advanced Pro Medical Devices Max,4416,4485,249,322,Adidas
2077,Wireless Local Lighting Max,1776,1044,4999,199,Adidas
2078,Premium Premium Lighting Plus,1115,4406,599,374,Philips
2079,Advanced Classic Fashion 2.0,1851,983,2999,172,Nestle
2080,Portable Premium Footwear,3160,1178,399,64,Adidas
2081,Advanced Local Earphones Plus,1982,3682,299,432,Woodland
2082,Classic Classic Cookware Lite,4084,1152,14999,321,Titan
2083,Smart Budget Beds X1,848,2203,299,18,Nestle
2084,Lightweight Mini Children's Books Max,4467,3390,499,271,Milton
2085,Pro Local Toys X1,4936,904,1999,252,LG
2086,Stylish Premium Diapers,391,4955,1999,276,Milton
2087,Premium Smart Puzzles 2.0,2315,1714,2499,289,Bajaj
2088,Smart Pro Comics 2.0,2394,173,2999,30,Sony
2089,Compact Classic Academic Lite,2251,879,199,314,Noise
2090,Compact Classic Cricket Gear X1,2590,2347,2499,60,Fabindia
2091,Ultra Deluxe Smartphones Max,4366,4121,14999,460,Samsung
2092,Stylish Mini Microwaves Lite,340,170,6999,161,Titan
2093,Smart Local Tables,1839,4156,599,176,Milton
2094,Eco Local Electronics 2.0,3821,154,2999,298,Puma
2095,Durable Mini Musical Instruments Lite,3001,4561,999,263,Sony
2096,Stylish Imported Plants Plus,1849,2801,14999,252,Noise
2097,Lightweight Eco-Friendly Washing Machines 2.0,3447,1120,699,420,Adidas
2098,Advanced Budget Automotive Pro,1792,3009,999,129,Fabindia
2099,Premium Mini Women's Clothing,1730,2623,249,260,Realme
2100,Classic Imported Cat Food Lite,863,1374,599,15,Fabindia
2101,Deluxe Premium Plants,3651,3231,9999,74,Havells
2102,Classic Deluxe Women's Footwear,2106,4620,299,296,Noise
2103,Lightweight Budget Books X1,2649,2997,1199,334,Milton
2104,Everyday Premium Stationery Pro,4386,4306,349,441,Bata
2105,Compact Deluxe Musical Instruments,2976,1083,199,442,Prestige
2106,Pro Imported Pens,1490,3903,699,260,Prestige
2107,Premium Pro Mobiles & Accessories 2.0,1165,1394,799,254,Amul
2108,Pro Eco-Friendly Bracelets 2.0,1330,591,399,294,Godrej
2109,Everyday Smart Appliances Plus,4959,357,299,390,Sony
2110,Deluxe Local Children's Books,2371,644,999,431,Havells
2111,Everyday Deluxe Cricket Gear Max,2483,2187,499,167,Bajaj
2112,Wireless Budget Cookware X1,3382,2845,399,295,Prestige
2113,Advanced Mini Speakers,4772,4378,299,288,Cello
2114,Ultra Deluxe First Aid Max,2027,1470,19999,395,Woodland
2115,Portable Classic Grooming X1,3960,455,199,61,Lenovo
2116,Advanced Premium Sports Shoes Plus,4079,484,349,278,Nike
2117,Pro Premium Tools Max,3244,2880,699,208,Nike
2118,Pro Deluxe Cat Food,4216,3159,699,80,Samsung
2119,Stylish Budget Tyres Pro,2610,3391,4999,486,Bata
2120,Stylish Local Dog Food Pro,4649,3493,2999,292,Boat
2121,Wireless Premium Headphones 2.0,1944,3428,999,295,Dell
2122,Deluxe Imported Baby Gear,2741,808,349,227,Titan
2123,Compact Smart Women's Clothing Pro,1019,4396,399,434,Bajaj
2124,Wireless Premium Grills Plus,1311,736,1199,265,Amul
2125,Durable Imported Yoga,748,2789,2499,432,Bajaj
2126,Advanced Deluxe Garden Tools X1,474,4338,14999,145,HP
2127,Deluxe Deluxe Action Figures Max,3481,848,499,286,Titan
2128,Lightweight Deluxe Snacks Lite,194,1279,799,104,Apple
2129,Classic Premium Tables Lite,1207,4453,49999,473,Cello
2130,Compact Classic Non-Fiction Max,1481,1407,19999,362,Philips
2131,Compact Smart Chairs Plus,3348,4783,249,402,Nike
2132,Smart Pro Winter Wear Plus,4198,2339,29999,277,Realme
2133,Portable Premium Chairs Plus,2580,2757,999,488,Wildcraft
2134,Eco Local Garden & Outdoor X1,139,1778,399,28,OnePlus
2135,Premium Local Books X1,2187,4089,1999,444,Mi
2136,Classic Local Lighting,1598,4896,249,260,Amul
2137,Pro Smart Children's Books,4070,4051,1199,261,Apple
2138,Compact Classic Fashion,553,3884,2499,374,LG
2139,Classic Eco-Friendly Bangles,2746,42,999,203,Sony
2140,Everyday Pro Musical Instruments,3803,3543,1999,261,Bata
2141,Ultra Pro Ayurveda Plus,4374,1383,29999,176,Titan
2142,Pro Mini Cat Food Max,693,935,699,58,Lenovo
2143,Durable Classic Tyres X1,2201,3737,6999,355,Realme
2144,Durable Mini Grills,1757,139,1999,215,Tata
2145,Premium Classic Home Decor 2.0,999,2516,199,67,Puma
2146,Pro Pro Grills Max,993,4405,299,155,Lenovo
2147,Smart Mini Air Conditioners,2953,108,14999,352,Sony
2148,Pro Eco-Friendly Lighting Plus,1337,4581,2999,262,Dell
2149,Compact Mini Footwear X1,3736,1365,6999,60,Sony
2150,Eco Smart Kids Wear Plus,1803,1715,29999,386,Havells
2151,Eco Mini Toys & Games X1,3830,2679,799,52,Godrej
2152,Everyday Deluxe Baby Gear,530,2855,14999,78,Prestige
2153,Everyday Mini Spices,3715,1284,14999,470,Sony
2154,Deluxe Local First Aid Max,1506,3416,49999,393,Mi
2155,Compact Smart Dog Food Pro,1778,3786,2499,240,Milton
2156,Lightweight Smart Bracelets X1,2299,1271,49999,108,OnePlus
2157,Pro Smart Outdoor Toys Max,3839,1329,49999,304,Lenovo
2158,Deluxe Eco-Friendly Snacks,3792,457,14999,91,Havells
2159,Compact Imported Power Banks 2.0,3644,4744,49999,140,Prestige
2160,Classic Smart Groceries Lite,3976,3601,2999,453,LG
2161,Lightweight Classic Cricket Gear 2.0,4604,4000,249,402,Dell
2162,Eco Classic Automotive,2086,3900,3999,81,OnePlus
2163,Smart Mini First Aid 2.0,2879,1477,799,45,Lenovo
2164,Deluxe Local Garden & Outdoor 2.0,139,4106,49999,147,Boat
2165,Premium Eco-Friendly Women's Clothing,4417,2361,599,335,Godrej
2166,Lightweight Imported Violins Pro,2054,2005,19999,294,Adidas
2167,Durable Budget Televisions 2.0,2387,1689,399,466,Nike
2168,Durable Premium Health Care,1443,605,14999,451,Prestige
2169,Compact Mini Dog Food Pro,178,4465,4999,66,Titan
2170,Lightweight Classic Children's Books X1,569,817,49999,23,Milton
2171,Lightweight Imported Outdoor Toys X1,3579,3787,249,325,Wildcraft
2172,Deluxe Premium Cookware 2.0,1828,1691,29999,151,Samsung
2173,Eco Imported Staples Plus,1183,1077,299,249,Fabindia
2174,Stylish Deluxe Spices 2.0,2982,1219,1199,94,Havells
2175,Premium Deluxe Supplements Pro,1393,4189,499,9,Samsung
2176,Stylish Mini Snacks Lite,1581,4599,49999,340,Bajaj
2177,Pro Budget Earrings,1218,4866,1499,45,Nestle
2178,Everyday Premium Drums Plus,1984,1867,1999,187,Bajaj
2179,Portable Eco-Friendly Aquarium,491,3341,9999,51,HP
2180,Pro Eco-Friendly Spices,3582,1437,599,274,Titan
2181,Durable Smart Rings X1,3445,1992,499,329,Havells
2182,Wireless Local Fashion X1,2846,2295,299,17,Lenovo
2183,Pro Imported Lubricants X1,4977,3088,49999,322,Mi
2184,Advanced Pro Art Supplies,634,610,4999,313,Puma
2185,Portable Smart Sports Shoes Pro,4213,4609,6999,73,HP
2186,Portable Local Academic Max,2215,1568,599,398,Amul
2187,Eco Laptops,21,12,1199,94,Havells
2188,Smart Eco-Friendly Medical Devices,360,3692,2999,81,Boat
2189,Ultra Budget Kids Wear Max,3575,703,199,74,Lenovo
2190,Eco Classic Fashion Max,2943,4290,1999,414,Tata
2191,Portable Local Keyboards X1,2318,2077,9999,1,Tata
2192,Portable Eco-Friendly Car Accessories Lite,4543,1989,349,255,Lenovo
2193,Portable Smart Bike Accessories X1,1230,1704,499,359,Apple
2194,Stylish Smart Cricket Gear Lite,4128,1834,14999,70,HP
2195,Lightweight Premium Men's Footwear X1,4422,2666,499,160,Philips
2196,Advanced Smart Educational Toys Pro,3638,2971,3999,279,Nestle
2197,Ultra Local Cases & Covers Plus,3847,4803,299,173,OnePlus
2198,Lightweight Deluxe Health Care Max,4913,4789,199,473,Titan
2199,Wireless Eco-Friendly Action Figures Lite,1278,390,349,5,Tata
2200,Everyday Imported Home Decor Plus,3336,4610,599,166,Adidas
2201,Advanced Budget Lighting Max,3153,3478,699,325,Prestige
2202,Advanced Mini Smartphones,630,4883,19999,340,LG
2203,Portable Classic Beverages,4098,1927,299,339,Havells
2204,Wireless Mini Cat Food Plus,3427,327,699,130,Titan
2205,Pro Classic Skincare Lite,4916,2861,49999,461,Philips
2206,Smart Pro Drums Plus,2256,4647,9999,174,Godrej
2207,Portable Local Necklaces Plus,4329,179,1499,491,Fabindia
2208,Durable Imported Car Accessories,3763,4733,199,75,Wildcraft
2209,Advanced Deluxe Beds Pro,503,1911,599,156,Tata
2210,Ultra Eco-Friendly Microwaves Plus,3386,1040,2999,86,Havells
2211,Deluxe Eco-Friendly Health Care 2.0,245,3621,199,418,Boat
2212,Premium Eco-Friendly Puzzles X1,658,3353,1199,359,Havells
2213,Ultra Premium Medical Devices,2155,3769,799,179,Prestige
2214,Lightweight Local Files & Folders X1,1960,3541,599,247,Amul
2215,Everyday Classic Non-Fiction Max,3374,1305,1499,196,Prestige
2216,Advanced Budget Board Games Plus,629,4034,14999,276,Sony
2217,Durable Budget Lighting,1222,4039,2499,206,Bata
2218,Advanced Classic Cricket Gear Plus,4604,2890,1999,82,Havells
2219,Eco Deluxe Baby Clothing Plus,1011,4286,349,318,Prestige
2220,Classic Budget Bike Accessories,4941,232,49999,177,Woodland
2221,Deluxe Smart Children's Books Lite,3166,4831,3999,431,Nestle
2222,Classic Local Aquarium,541,3404,799,192,Apple
2223,Ultra Premium Garden & Outdoor X1,3023,930,49999,225,Tata
2224,Durable Eco-Friendly Office Supplies,3894,3647,14999,465,Philips
2225,Lightweight Wardrobes,71,4391,299,154,Sony
2226,Durable Premium Ayurveda 2.0,1620,3978,499,329,Realme
2227,Eco Budget Beds Pro,4804,2731,4999,233,Fabindia
2228,Durable Classic Drums,3984,3975,399,453,Nike
2229,Deluxe Budget Pet Grooming,4003,4810,599,264,Realme
2230,Premium Deluxe Rings,4210,3786,2999,394,Realme
2231,Everyday Eco-Friendly Beds X1,904,2276,9999,195,Godrej
2232,Deluxe Ethnic Wear Lite,31,371,14999,109,Nike
2233,Smart Deluxe Baby Gear,4673,386,29999,62,Adidas
2234,Advanced Budget Mixers Pro,3650,3686,599,110,Titan
2235,Everyday Pro Men's Footwear,4001,3419,699,399,Realme
2236,Ultra Premium Keyboards X1,1804,3243,299,143,Boat
2237,Wireless Smart Washing Machines Max,4898,3418,3999,62,Prestige
2238,Ultra Pro Puzzles Pro,375,4781,599,381,Fabindia
2239,Compact Local Furniture Max,3051,1704,499,169,Boat
2240,Portable Eco-Friendly Kids Footwear X1,3611,2021,2499,185,Tata
2241,Smart Budget Bracelets 2.0,313,414,14999,15,Bata
2242,Deluxe Smart Toys Pro,321,4631,1999,495,Adidas
2243,Stylish Budget Cat Food X1,3492,4911,349,168,Sony
2244,Durable Classic Toys X1,1142,220,199,343,Samsung
2245,Everyday Smart Garden & Outdoor,4215,1213,49999,30,LG
2246,Advanced Premium Tyres,1147,1869,699,61,Cello
2247,Deluxe Eco-Friendly Puzzles Plus,3276,3106,199,322,Amul
2248,Smart Budget Earrings X1,2882,4170,799,298,Titan
2249,Advanced Eco-Friendly Wardrobes Plus,4558,4418,699,374,Nestle
2250,Classic Premium Comics Lite,2890,4822,199,88,Puma
2251,Everyday Budget Board Games 2.0,2784,3064,799,369,Bata
2252,Classic Mini Bracelets Lite,788,312,699,431,LG
2253,Durable Eco-Friendly Health Care,3762,3404,29999,170,Amul
2254,Portable Eco-Friendly Sandals,4857,4991,299,257,Adidas
2255,Everyday Classic Gym Equipment Plus,1557,2150,499,309,Nike
2256,Premium Eco-Friendly Ayurveda 2.0,1259,1895,29999,126,Realme
2257,Compact Classic Bangles Max,4384,1223,2999,351,Tata
2258,Durable Budget Files & Folders Lite,3015,3057,1199,288,Sony
2259,Everyday Budget Beverages 2.0,4475,4338,3999,226,Nike
2260,Lightweight Smart Winter Wear Lite,1805,404,249,321,Nestle
2261,Premium Mini Educational Toys Max,666,4465,14999,484,Titan
2262,Lightweight Local Staples,2455,4206,6999,115,Havells
2263,Durable Classic Tyres 2.0,3208,2268,1199,335,Philips
2264,Advanced Pro Books,2210,2720,3999,246,Philips
2265,Ultra Eco-Friendly Appliances,2588,1086,799,381,Havells
2266,Durable Deluxe Drums Max,4862,2834,2499,251,Fabindia
2267,Eco Pro Beds X1,4687,2470,299,16,Godrej
2268,Ultra Smart Diapers Lite,1902,3818,29999,411,Wildcraft
2269,Ultra Premium Washing Machines Pro,956,2590,2999,401,Mi
2270,Smart Budget Chargers Lite,1678,3519,299,156,Adidas
2271,Portable Eco-Friendly Smartphones X1,4081,2179,3999,53,HP
2272,Compact Smart Health Care Plus,1364,2367,699,72,Cello
2273,Advanced Classic Beverages,1559,4295,1499,227,Wildcraft
2274,Lightweight Deluxe Dog Food 2.0,1157,4050,49999,138,Lenovo
2275,Classic Classic Cameras Pro,1267,593,4999,330,Prestige
2276,Stylish Pro Makeup Pro,4340,1147,6999,111,Boat
2277,Stylish Budget Baby Gear Plus,1190,1198,49999,307,LG
2278,Everyday Imported Tables 2.0,955,4438,599,425,Apple
2279,Durable Classic Speakers 2.0,836,1886,9999,97,Bajaj
2280,Deluxe Mini Washing Machines Lite,2547,561,29999,275,Puma
2281,Advanced Imported Men's Clothing Plus,754,3870,1199,246,Nestle
2282,Lightweight Smart Groceries 2.0,3937,623,599,474,Sony
2283,Portable Local Guitars Plus,560,151,999,359,Bajaj
2284,Premium Imported Dog Food,983,3841,349,195,Apple
2285,Wireless Mini Tyres Lite,456,2559,399,59,Noise
2286,Premium Smart Grills Pro,179,2051,49999,471,LG
2287,Compact Mini Mixers,3007,3141,249,34,Woodland
2288,Compact Mini Refrigerators Lite,3092,538,499,241,LG
2289,Ultra Smart Pet Toys Plus,3003,844,1199,368,Milton
2290,Smart Classic Yoga Max,2753,4677,9999,347,Realme
2291,Smart Imported Home & Kitchen 2.0,1459,3269,9999,387,Apple
2292,Wireless Deluxe Bike Accessories 2.0,2226,223,799,209,OnePlus
2293,Smart Smart Dairy Max,2376,2593,29999,347,HP
2294,Everyday Local Wardrobes 2.0,1684,3192,2499,321,Nestle
2295,Deluxe Local Home Decor 2.0,865,3141,2499,249,Samsung
2296,Classic Pro Women's Footwear Pro,4241,1750,199,486,Wildcraft
2297,Wireless Classic Haircare Plus,2619,3582,599,201,Tata
2298,Ultra Local Notebooks 2.0,374,4561,4999,410,Philips
2299,Deluxe Smart Garden & Outdoor Pro,2597,4045,1999,245,Milton
2300,Pro Earrings X1,83,2640,499,361,Amul
2301,Premium Budget Wardrobes 2.0,591,110,3999,473,Wildcraft
2302,Classic Imported Pet Toys Plus,1951,4750,2999,433,Bajaj
2303,Compact Budget Car Accessories,2520,2342,1499,393,Wildcraft
2304,Everyday Local Cricket Gear Lite,1064,2625,4999,396,LG
2305,Advanced Pro Garden Tools,1487,1711,599,414,Amul
2306,Ultra Smart Chairs Lite,1083,4368,29999,181,HP
2307,Pro Eco-Friendly Drums Plus,3062,3646,249,139,Adidas
2308,Wireless Premium Groceries Max,2199,2690,499,317,Bata
2309,Durable Deluxe Bike Accessories,4471,3928,799,485,Tata
2310,Eco Eco-Friendly Bangles,2746,4514,1499,105,Realme
2311,Premium Local Lubricants Pro,309,4535,1499,330,Woodland
2312,Compact Eco-Friendly Storage Lite,4697,4105,9999,318,Titan
2313,Pro Eco-Friendly Automotive Plus,4782,3990,499,473,Realme
2314,Wireless Deluxe Automotive Lite,305,3967,2499,429,Lenovo
2315,Advanced Deluxe Refrigerators X1,3391,488,399,243,Cello
2316,Smart Mini Garden Tools,2270,3157,1499,396,Samsung
2317,Portable Mini Televisions Max,1787,3973,1499,452,Milton
2318,Smart Budget Educational Toys 2.0,566,1635,19999,419,Sony
2319,Eco Deluxe Speakers X1,2008,2506,999,95,Wildcraft
2320,Pro Budget First Aid Plus,3213,47,399,237,Lenovo
2321,Pro Premium Staples X1,3347,1195,1999,396,Cello
2322,Advanced Pro Educational Toys,2095,3227,2499,8,Puma
2323,Stylish Imported Violins,513,2764,399,443,Puma
2324,Classic Imported Bracelets,2325,3962,2999,352,Puma
2325,Eco Local Tools Pro,1746,1201,699,410,Noise
2326,Premium Classic Men's Clothing Pro,2675,4369,1499,394,Nike
2327,Durable Smart Lighting 2.0,3040,1357,299,267,Godrej
2328,Lightweight Eco-Friendly Chairs Pro,4864,3801,499,48,Woodland
2329,Eco Eco-Friendly Aquarium Pro,491,1701,349,431,Fabindia
2330,Lightweight Mini Lighting Plus,2668,4800,2499,297,Woodland
2331,Advanced Groceries Max,8,466,199,338,Mi
2332,Lightweight Premium Cases & Covers,1465,4772,49999,288,Dell
2333,Smart Imported Notebooks,4879,318,199,253,Nike
2334,Portable Imported Plants,4951,4663,699,158,Adidas
2335,Lightweight Premium Violins Max,2004,3560,599,83,Puma
2336,Everyday Pro Drums 2.0,2396,4206,349,61,Dell
2337,Pro Mini Files & Folders X1,262,1740,399,264,Boat
2338,Eco Classic Washing Machines X1,2749,4429,1999,57,LG
2339,Lightweight Premium Women's Clothing Lite,4787,1594,999,88,Amul
2340,Compact Imported Pet Grooming X1,4322,3453,19999,457,Sony
2341,Ultra Deluxe Rings Lite,1536,4920,9999,434,Apple
2342,Ultra Mini Speakers,4772,1961,499,438,HP
2343,Deluxe Premium Aquarium Lite,3742,1798,599,416,Cello
2344,Lightweight Eco-Friendly Cases & Covers 2.0,3640,1579,999,20,Prestige
2345,Durable Deluxe Diapers X1,3182,3143,799,287,Tata
2346,Pro Smart Puzzles X1,2315,4070,699,32,Titan
2347,Compact Mini Comics Pro,4441,2743,499,17,Apple
2348,Everyday Budget Home Decor 2.0,3933,4976,599,342,OnePlus
2349,Wireless Smart Bedding Pro,771,525,399,50,Bajaj
2350,Everyday Mini Smartphones,1585,2998,199,322,Adidas
2351,Eco Local Ethnic Wear Pro,4091,576,199,297,Titan
2352,Deluxe Local Beverages 2.0,4954,3466,3999,18,Mi
2353,Everyday Classic Ethnic Wear 2.0,1649,3604,1499,156,Cello
2354,Classic Mini Art Supplies X1,3253,3293,499,147,Nike
2355,Portable Budget Toys 2.0,4375,4802,199,374,Adidas
2356,Stylish Mini Running Plus,381,2550,999,274,Woodland
2357,Classic Mini Stationery Max,430,1802,14999,432,Havells
2358,Advanced Classic Pet Toys Plus,3109,753,599,400,LG
2359,Compact Lubricants,65,4161,3999,240,HP
2360,Premium Eco-Friendly Fashion Plus,3300,4792,29999,302,HP
2361,Deluxe Smart Beauty & Personal Care 2.0,537,606,2499,99,Sony
2362,Compact Smart Necklaces 2.0,577,2942,699,26,OnePlus
2363,Deluxe Budget Women's Footwear,2484,480,999,16,Amul
2364,Smart Local Bike Accessories Pro,416,2073,6999,357,Boat
2365,Wireless Smart Puzzles,1257,3893,19999,497,Lenovo
2366,Compact Mini Mobiles & Accessories 2.0,3314,288,599,152,Adidas
2367,Portable Eco-Friendly Dog Food Lite,2666,3000,1499,380,Sony
2368,Deluxe Classic Children's Books 2.0,3380,2751,1999,75,Bata
2369,Compact Eco-Friendly Musical Instruments 2.0,798,3649,2999,229,Philips
2370,Deluxe Budget Chairs 2.0,1288,2149,199,170,Lenovo
2371,Ultra Mini Fashion X1,2121,2186,499,320,LG
2372,Deluxe Eco-Friendly Violins 2.0,2412,1017,349,402,Tata
2373,Wireless Local Laptops,4552,3796,399,178,LG
2374,Lightweight Mini Spices 2.0,2488,4745,6999,246,Woodland
2375,Compact Premium Televisions X1,2024,739,799,332,Amul
2376,Wireless Mini Beverages,3233,478,599,198,Mi
2377,Premium Deluxe Sandals Max,4050,171,4999,477,Nestle
2378,Durable Pro Guitars,1812,2273,49999,37,Bajaj
2379,Wireless Imported Cookware Lite,2123,1460,299,43,Milton
2380,Deluxe Deluxe Pet Toys 2.0,1386,456,14999,11,Bata
2381,Smart Eco-Friendly Cases & Covers Lite,3812,92,2999,497,Samsung
2382,Premium Imported Notebooks,4879,1315,2999,250,Boat
2383,Classic Classic Children's Books Plus,4090,1527,6999,424,Sony
2384,Classic Local Fragrances 2.0,4741,3614,14999,130,Nestle
2385,Deluxe Drums,114,4524,9999,426,Boat
2386,Lightweight Classic Lighting X1,1672,4451,699,238,Realme
2387,Premium Budget Bangles Max,2328,1492,2999,459,Lenovo
2388,Classic Mini Musical Instruments X1,3001,3790,19999,13,LG
2389,Deluxe Deluxe Baby Products Max,4960,4179,2999,159,Titan
2390,Premium Mini Personal Hygiene,4066,3840,799,235,Amul
2391,Durable Premium Women's Clothing Pro,2470,1847,2999,439,Dell
2392,Deluxe Deluxe Cat Food,4674,3436,2499,244,Noise
2393,Portable Smart Groceries Pro,3976,3191,1999,393,Realme
2394,Wireless Classic Violins Pro,1107,3668,3999,482,Puma
2395,Eco Mini Cricket Gear 2.0,2336,4410,799,463,Boat
2396,Durable Eco-Friendly Toys Lite,1373,1510,399,251,Philips
2397,Eco Premium Cycling X1,729,366,1999,163,Amul
2398,Eco Deluxe Electronics Plus,3101,4500,19999,136,Titan
2399,Wireless Premium Pet Grooming,199,516,699,176,Dell
2400,Pro Smart Haircare,3464,3752,799,379,Lenovo
2401,Durable Imported Bracelets X1,4733,581,249,70,Puma
2402,Pro Classic Tables,3320,4455,1999,285,Wildcraft
2403,Classic Mini Pet Grooming,3454,3305,299,443,Bata
2404,Smart Imported Baby Products Max,3615,2655,2499,68,Adidas
2405,Everyday Classic Snacks,758,106,49999,178,Mi
2406,Wireless Classic Lighting Plus,897,2806,249,202,Cello
2407,Durable Mini Makeup Plus,3909,2741,6999,420,Havells
2408,Eco Premium Baby Clothing Plus,1041,1399,14999,142,Cello
2409,Eco Budget Cameras Pro,2963,4908,499,240,Titan
2410,Stylish Premium Outdoor Toys Pro,4274,31,399,149,Boat
2411,Wireless Premium Health Care Lite,170,1992,1199,428,Woodland
2412,Smart Classic First Aid Plus,1332,4180,399,371,Bajaj
2413,Ultra Premium Beds Max,3955,3834,349,0,Cello
2414,Ultra Smart Supplements Pro,2941,4590,699,238,Adidas
2415,Compact Eco-Friendly Pet Grooming X1,3795,4072,49999,216,Tata
2416,Smart Classic Bedding X1,4918,3818,199,93,Godrej
2417,Everyday Eco-Friendly Supplements Lite,718,2765,1199,366,Nike
2418,Portable Deluxe Sandals Plus,3702,2887,1199,364,Mi
2419,Durable Classic Guitars 2.0,4528,1633,599,498,Havells
2420,Advanced Local Tyres Max,3231,2098,29999,48,Lenovo
2421,Eco Premium Cookware,2380,3375,2499,104,Adidas
2422,Pro Pro Cameras Plus,4760,4411,1499,42,Cello
2423,Portable Premium Violins,3578,2239,199,229,Amul
2424,Eco Eco-Friendly Rings Max,270,3408,9999,184,Mi
2425,Classic Budget Laptops Plus,2231,777,49999,52,Puma
2426,Deluxe Local Baby Gear X1,916,2904,499,307,Fabindia
2427,Portable Premium Groceries Lite,4484,1363,1199,379,Samsung
2428,Eco Eco-Friendly Microwaves Lite,3386,2662,1499,26,Realme
2429,Smart Premium Toys Lite,1939,2082,4999,60,Apple
2430,Stylish Mini Mobiles & Accessories 2.0,1692,1113,1999,327,Dell
2431,Ultra Mini Sports Shoes,4291,70,399,11,Philips
2432,Classic Grooming,41,768,1199,275,Amul
2433,Classic Smart Women's Footwear,4326,1879,3999,476,Adidas
2434,Smart Deluxe Chairs,4906,494,6999,403,Mi
2435,Lightweight Pro Toys & Games 2.0,762,854,499,403,Cello
2436,Classic Budget Skincare 2.0,4073,1155,1499,121,Adidas
2437,Eco Mini Pet Grooming Max,3454,1938,6999,415,Adidas
2438,Compact Pro Smartwatches,2639,2609,4999,85,OnePlus
2439,Smart Budget Kids Footwear X1,1371,4059,2499,326,Nike
2440,Classic Budget Grooming Plus,2191,2073,1199,412,Titan
2441,Premium Classic Office Supplies,4813,1577,1199,273,Lenovo
2442,Portable Deluxe Personal Hygiene X1,3580,3072,249,198,Noise
2443,Deluxe Deluxe Action Figures Lite,3567,1665,4999,460,Bajaj
2444,Stylish Smart Cases & Covers Lite,1233,986,349,237,Bajaj
2445,Stylish Local Cricket Gear Pro,1064,533,3999,283,Amul
2446,Everyday Local Cameras Max,3120,947,349,119,Amul
2447,Premium Mini Outdoor Toys X1,394,1125,2499,25,Realme
2448,Classic Mini Sofas,1489,3263,599,490,Apple
2449,Stylish Classic Lighting Max,3740,3992,399,27,Titan
2450,Stylish Local Baby Gear Plus,3407,4083,1499,302,Milton
2451,Portable Pro Toys & Games X1,1462,3477,299,4,Woodland
2452,Deluxe Local Yoga,3771,743,399,96,Bata
2453,Advanced Local Tools Pro,2848,3425,249,161,Milton
2454,Premium Pro Cricket Gear Max,792,3911,699,33,Bajaj
2455,Eco Budget Office Supplies,3825,553,1199,237,Dell
2456,Everyday Imported Mobiles & Accessories Pro,1084,3873,399,50,Samsung
2457,Lightweight Classic Earphones Pro,2517,473,6999,312,Lenovo
2458,Premium Budget Accessories 2.0,3516,4975,1199,416,Godrej
2459,Eco Local Lighting X1,738,4011,49999,226,Wildcraft
2460,Everyday Budget Furniture X1,1014,3525,999,391,Puma
2461,Pro Budget Sports Shoes X1,2755,927,3999,163,Woodland
2462,Wireless Premium Electronics Pro,4218,3713,999,437,Nike
2463,Pro Imported Non-Fiction Pro,3344,306,49999,478,Bata
2464,Wireless Pro Men's Clothing,4754,4568,599,361,Mi
2465,Advanced Budget Beds Plus,4671,1880,799,317,Tata
2466,Stylish Budget Academic 2.0,3468,589,1199,271,Mi
2467,Eco Local Wardrobes Pro,1710,3611,349,109,Mi
2468,Ultra Eco-Friendly Beverages X1,3601,2093,2999,229,Lenovo
2469,Eco Local Beauty & Personal Care X1,3836,478,699,238,Bata
2470,Durable Smart Footwear Lite,582,4953,14999,221,Milton
2471,Advanced Eco-Friendly Health Care Max,828,4581,249,232,Apple
2472,Deluxe Imported Smartwatches Plus,1945,3448,19999,50,Mi
2473,Premium Pro Rings,4603,4176,1199,289,HP
2474,Smart Premium Bike Accessories Max,2886,2146,4999,352,Godrej
2475,Advanced Fragrances Pro,40,4745,299,365,Apple
2476,Smart Classic Earrings 2.0,3339,3437,1499,145,Noise
2477,Classic Deluxe Books Lite,2692,4103,29999,91,Cello
2478,Classic Speakers X1,24,4554,2499,122,Nestle
2479,Advanced Classic Bangles,250,3277,1499,460,Nestle
2480,Deluxe Budget Home Decor Pro,3933,1313,799,106,Sony
2481,Eco Imported Televisions Lite,2480,3578,3999,5,Fabindia
2482,Compact Pro Baby Clothing,3271,2861,6999,444,Bajaj
2483,Compact Eco-Friendly Beds Lite,1942,4024,3999,85,Cello
2484,Eco Imported Kids Wear Max,4834,56,9999,210,Adidas
2485,Advanced Pro Plants X1,2277,3792,349,129,Fabindia
2486,Ultra Pro Tools X1,3158,4233,1199,141,Amul
2487,Stylish Mini Chairs 2.0,485,2425,2499,300,Boat
2488,Stylish Premium Haircare Max,690,1324,19999,121,Amul
2489,Compact Eco-Friendly Cookware Plus,3793,2430,4999,143,LG
2490,Pro Pro Ayurveda Lite,2605,2631,1499,330,Dell
2491,Portable Local Bangles Pro,3055,4001,399,163,Apple
2492,Ultra Imported Microwaves 2.0,4035,3903,14999,362,Noise
2493,Smart Classic Keyboards 2.0,212,1317,399,410,Mi
2494,Everyday Pro Lighting,3871,2177,4999,239,Bata
2495,Pro Premium Snacks Plus,4666,2494,499,421,Amul
2496,Deluxe Smart Outdoor Furniture Plus,3422,1306,1199,68,Boat
2497,Durable Premium Office Supplies 2.0,2232,2262,299,107,Havells
2498,Ultra Budget Beds Plus,4671,4584,9999,197,Godrej
2499,Pro Deluxe Guitars Pro,4294,2431,699,209,Boat
2500,Durable Eco-Friendly Sports Shoes Lite,390,2045,2999,339,Amul
2501,Everyday Imported Jewellery,2602,1813,6999,199,Puma
2502,Classic Deluxe Chairs 2.0,4432,4561,499,195,Boat
2503,Pro Pro Art Supplies,3397,2192,4999,296,Milton
2504,Compact Premium Earrings,3988,1931,349,66,Havells
2505,Portable Eco-Friendly Diapers Plus,1595,2004,3999,254,Adidas
2506,Smart Imported Outdoor Toys,4631,3188,4999,351,Adidas
2507,Ultra Smart Chairs Pro,4911,527,199,43,Woodland
2508,Advanced Eco-Friendly Drums,3062,3394,699,319,Puma
2509,Eco Mini Office Supplies Pro,1700,4400,1499,117,Titan
2510,Deluxe Eco-Friendly Plants Pro,4054,2667,1499,485,Apple
2511,Advanced Pro Cases & Covers,3714,3056,2999,247,Fabindia
2512,Wireless Budget Books,1918,3291,249,337,Noise
2513,Compact Classic Women's Clothing Pro,4621,3786,1199,13,Cello
2514,Wireless Smart Power Banks X1,1172,3555,299,355,LG
2515,Advanced Deluxe Home Decor,3184,3902,299,170,OnePlus
2516,Smart Smart Appliances X1,2742,1335,6999,313,Titan
2517,Deluxe Imported Men's Clothing,3431,3347,3999,75,Nestle
2518,Classic Budget Bracelets Pro,313,3516,1499,402,Fabindia
2519,Deluxe Smart Art Supplies,4938,298,349,468,Prestige
2520,Stylish Eco-Friendly Action Figures Plus,1038,1653,3999,352,Cello
2521,Durable Eco-Friendly Chargers,3341,2732,249,68,Amul
2522,Smart Budget Footwear Lite,2307,1728,699,217,Prestige
2523,Lightweight Pro Rings,4603,4910,799,420,Titan
2524,Compact Mini Women's Footwear Plus,3855,1964,2499,19,Adidas
2525,Deluxe Local Grills Max,404,3930,399,175,Wildcraft
2526,Ultra Budget Earrings X1,2490,729,499,460,Bata
2527,Portable Imported Baby Products Lite,2889,745,399,115,Boat
2528,Classic Pro Children's Books Lite,4126,1956,2499,209,Apple
2529,Compact Mini Action Figures Pro,1600,4417,699,325,Tata
2530,Wireless Eco-Friendly Headphones,3360,4466,999,115,Havells
2531,Durable Premium Keyboards Plus,1804,2556,6999,280,Sony
2532,Deluxe Eco-Friendly Drums,3062,6,1499,267,Prestige
2533,Smart Pro Kids Footwear,2634,841,349,474,Amul
2534,Stylish Local Beauty & Personal Care Lite,3836,4999,3999,114,Dell
2535,Portable Deluxe Baby Gear,530,2419,14999,456,Havells
2536,Premium Budget Lighting,2896,2388,399,455,Samsung
2537,Durable Deluxe Plants Lite,4293,1034,14999,84,Apple
2538,Everyday Imported Sofas,3753,4453,49999,56,Amul
2539,Ultra Eco-Friendly Personal Hygiene 2.0,4112,4221,49999,103,Titan
2540,Stylish Mini Keyboards Max,833,3963,999,62,Nestle
2541,Premium Deluxe Kids Footwear,2852,3982,19999,358,Apple
2542,Eco Premium Baby Food,1261,1039,19999,110,Lenovo
2543,Premium Deluxe Baby Gear Max,1149,4014,1999,468,OnePlus
2544,Lightweight Imported Garden & Outdoor Lite,2492,1800,599,180,Cello
2545,Compact Budget Automotive Plus,1258,2235,599,30,OnePlus
2546,Lightweight Mini Aquarium Lite,1469,4238,799,242,Puma
2547,Eco Premium Fashion Plus,473,4184,599,81,Cello
2548,Lightweight Classic Accessories,2267,2024,499,255,Milton
2549,Stylish Deluxe Lubricants,1680,495,399,103,Titan
2550,Compact Pro Bike Accessories Max,3076,3585,1499,388,OnePlus
2551,Durable Deluxe Books X1,2961,4655,399,128,Godrej
2552,Compact Deluxe Electronics 2.0,2053,3415,349,444,Bajaj
2553,Classic Pro Grills 2.0,1808,2412,349,445,Realme
2554,Everyday Budget Tables Plus,4610,813,2499,31,Tata
2555,Classic Budget Baby Products,3425,796,499,232,Titan
2556,Compact Classic Baby Products Plus,356,3751,4999,12,Realme
2557,Eco Smart Ethnic Wear Plus,4158,1736,599,311,Bata
2558,Wireless Local Women's Footwear Lite,3733,4119,249,433,Nike
2559,Wireless Local Air Conditioners Plus,2461,3322,14999,392,Sony
2560,Premium Budget Chairs X1,1645,759,1199,29,Milton
2561,Compact Classic Smartwatches Pro,1522,915,14999,36,Adidas
2562,Ultra Smart Lighting Plus,4008,1495,49999,330,Boat
2563,Eco Premium Men's Footwear Max,2049,660,14999,325,Tata
2564,Advanced Eco-Friendly First Aid Plus,3387,2672,2999,18,Amul
2565,Everyday Classic Men's Footwear Plus,2620,3837,599,500,Philips
2566,Portable Premium Bedding,2985,2806,1999,350,Nestle
2567,Classic Local Tables Max,4891,2478,499,385,Amul
2568,Everyday Imported Automotive Lite,3126,3367,1999,372,Sony
2569,Ultra Smart Smartwatches 2.0,4814,1036,4999,2,Noise
2570,Everyday Classic Electronics Lite,2323,818,499,173,Bajaj
2571,Compact Mini Gym Equipment Lite,4137,3076,349,340,Adidas
2572,Advanced Budget Furniture Plus,3287,2383,999,500,Mi
2573,Compact Classic Laptops 2.0,1608,2030,1999,457,Nestle
2574,Everyday Local Haircare Lite,3692,2577,799,30,Tata
2575,Stylish Premium Skincare 2.0,4312,720,1199,161,Godrej
2576,Deluxe Smart Dairy 2.0,2909,1327,29999,431,Godrej
2577,Everyday Staples,59,4416,799,480,Prestige
2578,Stylish Imported Chairs Lite,4108,4020,349,370,Amul
2579,Pro Smart Wardrobes,1887,4144,19999,2,Lenovo
2580,Portable Deluxe Pet Toys Max,1386,2328,249,485,Lenovo
2581,Stylish Premium Tyres,4338,3263,19999,448,Sony
2582,Smart Pro Chargers Plus,1444,1987,699,26,Realme
2583,Durable Budget Footwear Max,677,3684,1999,33,HP
2584,Portable Deluxe First Aid 2.0,2142,4379,349,185,HP
2585,Ultra Premium Medical Devices Plus,4075,2827,19999,166,Realme
2586,Stylish Classic Cases & Covers X1,4461,4857,9999,152,Bata
2587,Stylish Eco-Friendly Cookware Lite,3953,4691,49999,56,Cello
2588,Lightweight Classic Furniture X1,823,2827,3999,315,Amul
2589,Lightweight Eco-Friendly Makeup Pro,3197,1805,1199,27,Sony
2590,Pro Budget Fiction,1959,1901,14999,24,Nestle
2591,Lightweight Local Pet Toys Lite,3342,1428,999,343,Titan
2592,Durable Eco-Friendly Office Supplies Pro,4780,4442,999,227,Cello
2593,Everyday Deluxe Washing Machines X1,1932,1904,799,356,Bajaj
2594,Deluxe Mini Footwear X1,2446,2266,199,251,Apple
2595,Eco Smart Power Banks Pro,3363,3116,3999,15,Godrej
2596,Compact Premium Lubricants 2.0,3939,458,29999,330,Boat
2597,Compact Local Storage Plus,192,864,19999,415,Sony
2598,Smart Mixers,91,1690,9999,355,Nike
2599,Everyday Eco-Friendly Skincare,3192,2621,3999,95,Amul
2600,Smart Eco-Friendly Diapers,4820,31,349,70,Wildcraft
2601,Smart Eco-Friendly Bangles Max,2746,4130,1999,186,Titan
2602,Ultra Yoga,42,2830,249,315,Dell
2603,Smart Premium Aquarium Max,3706,1428,2499,147,Amul
2604,Durable Classic Toys Plus,3755,1886,2999,167,Milton
2605,Stylish Local Wardrobes,1684,204,1499,166,Havells
2606,Ultra Smart Jewellery,3280,1104,49999,246,Nike
2607,Classic Local Sports & Fitness Plus,3138,775,499,189,Realme
2608,Smart Deluxe Aquarium Lite,202,3555,249,74,Boat
2609,Stylish Budget Gym Equipment,1528,2680,2999,323,Godrej
2610,Stylish Pro Educational Toys Max,2095,847,199,24,Nestle
2611,Lightweight Aquarium Pro,106,4401,4999,448,Puma
2612,Stylish Mini Lubricants Plus,2691,232,14999,400,Mi
2613,Eco Budget Supplements 2.0,4716,1568,19999,236,Woodland
2614,Premium Smart Diapers Max,3321,1673,399,128,Apple
2615,Lightweight Classic Bedding Lite,3946,3523,4999,34,Bajaj
2616,Wireless Mini Skincare,3922,4076,799,439,Cello
2617,Eco Imported Fashion,380,2167,2499,123,Milton
2618,Eco Deluxe Microwaves X1,2051,3211,49999,488,Prestige
2619,Classic Premium Chargers 2.0,3486,121,3999,262,Milton
2620,Everyday Mini Art Supplies Pro,3288,1160,4999,357,Realme
2621,Stylish Tyres,64,3393,19999,103,Milton
2622,Compact Eco-Friendly Earphones X1,3809,1497,299,247,Prestige
2623,Deluxe Premium Outdoor Toys 2.0,615,4266,6999,371,Fabindia
2624,Smart Smart Staples Pro,2989,301,299,59,Prestige
2625,Wireless Deluxe Automotive,3334,2152,599,291,Bata
2626,Eco Classic Earphones X1,2966,1517,199,322,Boat
2627,Wireless Imported Drums X1,232,3585,799,257,Puma
2628,Premium Deluxe Outdoor Furniture,2032,3525,29999,312,Wildcraft
2629,Ultra Smart Tools X1,3180,4291,9999,169,Godrej
2630,Advanced Premium Kids Wear Max,2381,973,6999,43,Sony
2631,Ultra Imported Cases & Covers Lite,329,2965,1999,326,Lenovo
2632,Classic Budget Haircare X1,3168,2973,699,191,Bata
2633,Compact Premium Lighting 2.0,1115,1514,14999,1,Philips
2634,Deluxe Premium Garden Tools X1,1587,1904,19999,360,Bajaj
2635,Deluxe Budget Women's Footwear X1,2034,2114,699,490,Fabindia
2636,Portable Budget Outdoor Furniture,702,1264,19999,440,Havells
2637,Smart Pro Lighting X1,2978,3134,199,280,Tata
2638,Classic Mini Headphones,2430,2336,349,394,LG
2639,Lightweight Eco-Friendly Garden & Outdoor Plus,3756,1404,1499,483,OnePlus
2640,Deluxe Smart Kids Wear 2.0,4574,2349,349,343,Dell
2641,Ultra Local Plants 2.0,4282,3253,19999,33,Nike
2642,Compact Premium Appliances 2.0,4396,4277,2499,198,OnePlus
2643,Advanced Premium Fragrances X1,1191,1609,4999,165,Fabindia
2644,Durable Premium Health Care,1443,2259,29999,114,Bajaj
2645,Lightweight Classic Musical Instruments 2.0,4244,1958,249,313,Prestige
2646,Eco Premium Appliances Max,484,1368,6999,183,Havells
2647,Eco Budget Beds Lite,848,2824,599,424,Mi
2648,Stylish Local Toys Max,4936,2730,699,12,Puma
2649,Premium Mini Wardrobes,1396,3544,19999,317,Milton
2650,Pro Classic Cases & Covers,4474,300,199,462,Godrej
2651,Wireless Premium Aquarium X1,4841,3980,29999,59,Bata
2652,Lightweight Deluxe Winter Wear Max,388,2938,14999,379,Bajaj
2653,Eco Eco-Friendly Non-Fiction,3782,4437,49999,404,Amul
2654,Wireless Mini Mobiles & Accessories Lite,990,157,19999,158,Mi
2655,Durable Mini Bracelets Lite,3577,3808,1999,36,Godrej
2656,Premium Pro Microwaves Max,3744,2461,199,11,Mi
2657,Portable Premium Earrings Plus,1532,1082,1199,348,Tata
2658,Classic Premium Cookware Pro,1828,2109,49999,139,Apple
2659,Lightweight Eco-Friendly Health Care,1889,3474,299,213,Godrej
2660,Compact Eco-Friendly Beauty & Personal Care,2445,225,299,160,Lenovo
2661,Advanced Eco-Friendly Aquarium Pro,4229,2591,49999,317,Realme
2662,Pro Smart Notebooks,150,1042,2999,157,Prestige
2663,Smart Local Mobiles & Accessories Pro,930,1210,799,244,Dell
2664,Deluxe Premium Groceries X1,2498,1631,349,17,LG
2665,Eco Eco-Friendly Files & Folders,4765,3449,1499,29,HP
2666,Compact Deluxe Bangles 2.0,3841,495,499,398,Apple
2667,Ultra Smart Diapers X1,1289,833,249,179,Boat
2668,Classic Deluxe Violins,1591,4915,999,333,Lenovo
2669,Compact Premium Cookware X1,2380,4049,2999,72,Nike
2670,Pro Cycling,43,3501,3999,211,Philips
2671,Pro Premium Necklaces,552,3067,1999,120,Cello
2672,Eco Pro Running Lite,2641,4693,399,15,Tata
2673,Classic Classic Ayurveda Plus,3225,2943,4999,19,Amul
2674,Lightweight Pro Academic,4672,2592,19999,117,Woodland
2675,Smart Classic Children's Books Pro,569,3299,1499,65,HP
2676,Compact Mini Women's Footwear Pro,3259,685,1499,41,Nestle
2677,Durable Smart Dog Food Lite,387,4186,699,364,Havells
2678,Lightweight Smart Kids Wear,3154,4387,6999,60,Mi
2679,Deluxe Budget Lighting Plus,3968,2265,599,414,Sony
2680,Compact Deluxe Automotive Max,3334,1250,2499,60,Godrej
2681,Advanced Pro Pet Grooming,1767,2928,29999,200,Philips
2682,Compact Classic Lubricants Lite,3330,35,199,426,Lenovo
2683,Premium Eco-Friendly Keyboards,3237,2661,399,389,Milton
2684,Classic Mini Fragrances,4882,1441,2999,132,Puma
2685,Eco Imported Appliances X1,4120,3834,29999,459,Havells
2686,Everyday Deluxe Baby Gear Max,4673,3690,349,326,Bata
2687,Stylish Deluxe Footwear Pro,648,2972,299,359,LG
2688,Wireless Imported Health Care,3018,677,2999,141,Wildcraft
2689,Advanced Budget Action Figures,605,250,2999,340,Godrej
2690,Classic Budget Medical Devices,1847,2173,19999,298,Apple
2691,Classic Smart Personal Hygiene Max,1439,2907,9999,434,Milton
2692,Advanced Mini Makeup,2438,1089,14999,137,Fabindia
2693,Stylish Groceries Plus,8,216,4999,109,Bata
2694,Advanced Eco-Friendly Skincare X1,3192,4051,49999,367,Tata
2695,Wireless Imported Speakers,1035,4063,299,480,Apple
2696,Durable Eco-Friendly Wardrobes Pro,4558,421,499,401,Dell
2697,Portable Premium Board Games Plus,2988,4295,3999,76,Philips
2698,Wireless Mini Speakers Plus,3472,4594,2499,281,Philips
2699,Premium Lubricants Lite,65,660,199,109,Puma
2700,Advanced Deluxe Sofas 2.0,499,4686,14999,104,Nestle
2701,Pro Local Sofas X1,3858,3181,9999,214,OnePlus
2702,Pro Smart Lubricants Pro,3889,31,49999,397,Mi
2703,Wireless Smart Cases & Covers Plus,671,2511,2499,368,Havells
2704,Premium Classic Automotive Pro,2086,3307,699,403,Titan
2705,Smart Eco-Friendly Men's Clothing Max,2197,3182,299,361,Milton
2706,Smart Pro Skincare,4988,3532,19999,124,LG
2707,Compact Pro Air Conditioners Pro,4010,550,3999,13,Fabindia
2708,Ultra Eco-Friendly Wardrobes Lite,4558,2806,6999,204,Realme
2709,Deluxe Premium Earrings Plus,1151,3566,2499,221,Mi
2710,Everyday Pro Mixers Pro,4509,78,799,196,LG
2711,Classic Smart Comics Lite,3013,1996,49999,318,Wildcraft
2712,Advanced Local Personal Hygiene Pro,1424,529,399,484,Titan
2713,Portable Imported Mixers X1,1762,933,19999,359,Milton
2714,Advanced Mini Sofas Lite,3635,2564,799,182,Philips
2715,Compact Classic Mobiles & Accessories 2.0,446,3284,14999,7,Puma
2716,Portable Imported Running X1,3665,2263,4999,433,Samsung
2717,Eco Deluxe Staples Max,288,2080,2499,246,Havells
2718,Durable Smart Pet Toys Pro,3098,4198,1499,410,Fabindia
2719,Compact Imported Fiction Lite,765,2913,14999,235,Realme
2720,Pro Imported Women's Clothing Lite,803,3723,2499,121,Realme
2721,Classic Budget Lighting Pro,2896,2939,249,139,Philips
2722,Durable Classic Ethnic Wear Lite,4832,4507,29999,443,HP
2723,Everyday Deluxe Bike Accessories,1473,4083,6999,378,Realme
2724,Smart Classic Board Games Plus,1958,3978,1199,228,Noise
2725,Advanced Premium Pens Max,4997,30,1999,182,Dell
2726,Advanced Imported Sandals Pro,3489,618,3999,339,Noise
2727,Deluxe Local Lighting,2836,2857,199,103,Woodland
2728,Portable Mini Fashion Lite,2121,1047,19999,266,Amul
2729,Lightweight Local Haircare,2677,102,2999,283,Titan
2730,Everyday Deluxe Air Conditioners Plus,1492,1915,599,272,Amul
2731,Compact Pet Toys Max,104,4896,1499,214,Boat
2732,Portable Imported Outdoor Toys,525,1082,1199,307,Sony
2733,Lightweight Eco-Friendly Gym Equipment 2.0,2957,2552,499,361,Tata
2734,Premium Imported Chairs Pro,482,667,2499,309,Titan
2735,Eco Deluxe Appliances Max,3449,2926,249,248,Lenovo
2736,Lightweight Pro Car Accessories Max,3653,4704,249,482,Puma
2737,Pro Local Storage,4095,1289,6999,364,Lenovo
2738,Ultra Eco-Friendly Sandals Pro,3831,1395,6999,372,Puma
2739,Premium Premium Tables,1207,3490,2499,461,Philips
2740,Advanced Smart Baby Clothing Plus,1387,747,3999,134,Woodland
2741,Classic Pro Garden & Outdoor Max,1049,152,399,139,Wildcraft
2742,Deluxe Eco-Friendly Comics Max,2872,1295,2999,97,Woodland
2743,Deluxe Deluxe Violins Pro,1591,3224,14999,425,Boat
2744,Pro Eco-Friendly Sandals 2.0,2925,2443,799,6,Milton
2745,Eco Imported Cycling,4675,4669,19999,137,Fabindia
2746,Lightweight Budget Fashion X1,810,3454,29999,93,LG
2747,Everyday Smart Grills Lite,2182,1553,999,346,Fabindia
2748,Compact Imported Kids Wear,3914,414,2999,489,Sony
2749,Classic Deluxe Academic 2.0,889,2901,349,430,Cello
2750,Wireless Premium Tables Plus,1207,4807,19999,307,Wildcraft
2751,Deluxe Premium Men's Footwear Plus,3024,419,249,186,Godrej
2752,Eco Smart Earphones,366,1049,249,86,Noise
2753,Classic Budget Laptops Plus,2562,1743,599,496,Apple
2754,Eco Budget Car Accessories Pro,1351,207,3999,81,Nike
2755,Durable Premium Air Conditioners Lite,829,2045,699,308,Wildcraft
2756,Classic Local Ethnic Wear Max,568,4496,14999,140,Apple
2757,Everyday Eco-Friendly Chairs X1,4869,3058,199,65,Boat
2758,Premium Premium Home Decor 2.0,4628,4523,199,171,Fabindia
2759,Ultra Mini Power Banks,3261,556,19999,178,OnePlus
2760,Compact Imported Appliances,1870,3097,14999,144,Puma
2761,Ultra Imported First Aid 2.0,4496,3546,49999,62,Tata
2762,Wireless Classic Yoga Lite,4448,897,29999,431,Bajaj
2763,Durable Pro Snacks Max,3616,1997,249,237,Tata
2764,Wireless Imported Violins Lite,1253,3976,199,295,HP
2765,Smart Classic Refrigerators X1,2891,1261,49999,90,Wildcraft
2766,Wireless Deluxe Dog Food Max,1611,4868,999,481,Philips
2767,Eco Imported Accessories Lite,418,1604,799,411,Woodland
2768,Advanced Classic Wardrobes 2.0,2895,2675,6999,229,Noise
2769,Lightweight Stationery X1,16,822,599,16,Bata
2770,Everyday Imported Speakers Plus,1035,2349,249,233,Amul
2771,Smart Deluxe Furniture Lite,3324,4553,9999,64,Bajaj
2772,Stylish Smart Diapers Pro,3107,4448,249,340,Sony
2773,Compact Premium Women's Footwear Lite,2615,2057,1999,44,Nike
2774,Compact Eco-Friendly Plants 2.0,4033,4253,799,169,Fabindia
2775,Portable Premium Pens,4469,4177,399,432,Fabindia
2776,Pro Imported Fiction Lite,403,2375,14999,276,Bata
2777,Wireless Eco-Friendly Washing Machines Max,448,3083,49999,237,Boat
2778,Wireless Eco-Friendly Microwaves Lite,1790,945,1999,346,Boat
2779,Classic Eco-Friendly Cookware Max,2576,3510,2499,428,Nike
2780,Deluxe Pro Appliances Pro,1819,4249,9999,144,Apple
2781,Wireless Budget Earrings Pro,2490,1559,799,4,Puma
2782,Everyday Mini Board Games Max,1998,1253,799,90,Dell
2783,Smart Deluxe Dairy Lite,2715,739,19999,72,Godrej
2784,Stylish Smart Men's Footwear,2968,2886,599,372,Woodland
2785,Compact Budget Jewellery X1,1955,4092,199,284,Prestige
2786,Smart Deluxe Jewellery Plus,3034,2766,599,16,Nike
2787,Stylish Premium Baby Gear Pro,1408,589,1199,201,Prestige
2788,Advanced Budget Beverages,3626,2942,249,52,Noise
2789,Premium Smart Toys Max,841,664,1499,455,OnePlus
2790,Ultra Eco-Friendly Haircare,4419,1695,349,499,Titan
2791,Wireless Imported Electronics,347,2515,799,67,Titan
2792,Eco Eco-Friendly Diapers Pro,3061,2614,19999,57,Titan
2793,Durable Deluxe Cookware Pro,4483,3895,299,95,Titan
2794,Classic Imported First Aid Lite,4041,4277,199,159,Nestle
2795,Wireless Mini Diapers,712,719,2999,184,Nestle
2796,Ultra Budget Chairs X1,1288,3236,249,190,Samsung
2797,Durable Smart Lighting 2.0,3040,950,2499,384,Samsung
2798,Ultra Bike Accessories Max,63,2904,499,322,Noise
2799,Classic Imported Refrigerators 2.0,4306,4506,2499,91,Lenovo
2800,Wireless Premium Jewellery,4888,3390,19999,240,Noise
2801,Compact Smart Stationery Lite,529,3088,499,396,Lenovo
2802,Premium Budget Puzzles,3703,391,19999,342,Mi
2803,Advanced Mini Beverages Max,4667,4705,2999,297,Wildcraft
2804,Portable Imported Beverages Plus,518,2077,4999,452,Bata
2805,Pro Budget Beds X1,3893,3036,2999,228,Nike
2806,Classic Smart Lighting Max,4008,4834,9999,64,Amul
2807,Advanced Local Garden & Outdoor Lite,3179,546,349,220,Godrej
2808,Advanced Mini Toys & Games,3830,792,6999,290,Nestle
2809,Everyday Classic Medical Devices Pro,1321,3338,2499,236,Realme
2810,Portable Eco-Friendly Mobiles & Accessories Pro,4816,3315,799,309,Apple
2811,Durable Imported Outdoor Toys,3068,1486,699,201,HP
2812,Everyday Local Keyboards Plus,4961,4295,1199,53,Havells
2813,Durable Budget Smartwatches Max,2057,1796,1499,321,Titan
2814,Durable Classic Outdoor Furniture Max,1025,1565,199,18,Sony
2815,Stylish Premium Toys Lite,1939,996,14999,20,Philips
2816,Eco Premium Drums Max,2701,1899,2999,418,Samsung
2817,Eco Mini Winter Wear 2.0,1965,2711,249,87,Godrej
2818,Ultra Pro Skincare Max,4412,4500,9999,112,HP
2819,Classic Budget Kids Wear 2.0,4519,711,4999,135,Woodland
2820,Lightweight Budget Spices Plus,914,120,1999,135,Bajaj
2821,Durable Eco-Friendly Board Games Max,4131,4378,499,321,Philips
2822,Premium Deluxe Storage Lite,4595,245,19999,359,Philips
2823,Deluxe Premium Footwear Pro,3160,2800,14999,263,Puma
2824,Classic Mini Beverages 2.0,4667,4175,399,332,Cello
2825,Durable Pro Beds X1,2146,2092,6999,122,Sony
2826,Portable Local Medical Devices X1,457,1387,49999,300,Amul
2827,Ultra Deluxe Home & Kitchen Max,2907,747,799,290,Prestige
2828,Ultra Smart Women's Footwear 2.0,2287,2569,699,300,Dell
2829,Pro Pro Pet Toys Plus,1784,3106,199,186,Bajaj
2830,Eco Budget Rings X1,4738,3196,3999,174,Puma
2831,Everyday Eco-Friendly Kids Footwear,2203,2420,3999,467,Tata
2832,Smart Deluxe Fashion 2.0,4919,4834,14999,112,Adidas
2833,Portable Pro Sofas Plus,1475,2794,9999,394,Amul
2834,Premium Classic Sandals Plus,2030,653,699,329,OnePlus
2835,Classic Imported Yoga X1,3450,3116,2499,39,Apple
2836,Portable Budget Action Figures,605,1096,599,63,OnePlus
2837,Stylish Budget Bracelets,3222,568,6999,261,Sony
2838,Durable Imported Spices,1728,2543,249,482,Boat
2839,Smart Local Files & Folders,519,1660,249,111,Wildcraft
2840,Deluxe Eco-Friendly Board Games,486,3294,1999,411,Woodland
2841,Durable Budget Comics Max,226,1297,19999,247,Dell
2842,Wireless Mini Lubricants Plus,4889,4455,14999,318,Apple
2843,Compact Premium Staples X1,4983,1707,199,119,Dell
2844,Eco Pro Keyboards,3572,3619,14999,496,Mi
2845,Premium Tyres,64,2785,199,411,Realme
2846,Compact Deluxe Home & Kitchen Pro,4506,4533,9999,124,Boat
2847,Compact Eco-Friendly Dog Food,3286,3559,1499,111,HP
2848,Pro Local Toys & Games,2930,273,4999,135,Bata
2849,Durable Deluxe Microwaves Lite,969,733,699,37,Godrej
2850,Lightweight Budget Women's Clothing,1543,1489,1499,308,LG
2851,Deluxe Imported Cookware 2.0,1411,1602,1499,364,Apple
2852,Premium Local Musical Instruments 2.0,4606,3082,299,19,HP
2853,Advanced Deluxe Plants 2.0,4293,1803,299,285,Titan
2854,Lightweight Imported Sports & Fitness Plus,3045,4122,399,312,Adidas
2855,Portable Mini Speakers,3472,2941,29999,135,Woodland
2856,Compact Pro Spices,2568,2659,19999,35,Tata
2857,Compact Premium Makeup,3815,2103,29999,40,Titan
2858,Ultra Pro Cameras,4760,4954,299,37,Godrej
2859,Advanced Imported Plants Pro,4951,621,1999,90,OnePlus
2860,Wireless Smart Toys & Games Lite,4539,940,799,418,Nestle
2861,Advanced Eco-Friendly Wardrobes,4558,696,499,266,Amul
2862,Portable Smart Garden Tools,2627,1694,999,327,Boat
2863,Stylish Local Grooming Max,3670,3747,199,301,Amul
2864,Classic Imported Necklaces Max,984,3232,19999,110,Titan
2865,Portable Local Office Supplies,4207,1676,999,347,Amul
2866,Everyday Budget Aquarium 2.0,2888,3180,49999,411,Adidas
2867,Eco Premium Home Decor,3194,2426,14999,81,Mi
2868,Premium Eco-Friendly Air Conditioners Max,1642,546,49999,183,Boat
2869,Portable Eco-Friendly Toys,191,4613,599,375,Havells
2870,Everyday Deluxe Smartphones Plus,4366,4834,399,471,Boat
2871,Eco Smart Keyboards Max,1638,2032,499,275,Havells
2872,Premium Pro Pet Grooming,1549,4347,1499,409,Philips
2873,Pro Smart Washing Machines Pro,4898,3002,6999,244,LG
2874,Compact Premium Grooming Plus,995,3039,19999,260,Nike
2875,Classic Eco-Friendly Puzzles,658,2020,2499,367,Bata
2876,Everyday Local Lighting,2405,2311,49999,363,OnePlus
2877,Compact Pro Automotive,3239,4513,349,199,Godrej
2878,Ultra Smart Tools Pro,4447,458,29999,418,Wildcraft
2879,Ultra Smart Appliances Plus,2742,1756,2499,461,Noise
2880,Compact Air Conditioners,90,856,14999,463,Milton
2881,Everyday Garden & Outdoor X1,20,1541,4999,211,Puma
2882,Wireless Garden Tools Lite,118,2564,299,378,Godrej
2883,Smart Mini Garden Tools,1401,4526,1499,124,Amul
2884,Durable Local Winter Wear Pro,3969,2234,9999,69,Lenovo
2885,Premium Imported Cat Food X1,2863,840,3999,455,Tata
2886,Wireless Smart Academic X1,601,1480,699,461,Prestige
2887,Deluxe Classic Appliances Max,1020,2211,199,223,Prestige
2888,Eco Classic Furniture Lite,823,942,6999,88,Cello
2889,Smart Eco-Friendly Automotive 2.0,947,4980,14999,26,Milton
2890,Advanced Smart Winter Wear Max,2193,3005,799,189,Adidas
2891,Deluxe Smart Action Figures Max,704,1078,599,393,Wildcraft
2892,Smart Mini Chairs,1512,3085,999,277,Woodland
2893,Stylish Imported Storage Plus,4985,2728,1199,263,Sony
2894,Everyday Imported First Aid Lite,3730,1668,14999,400,Cello
2895,Deluxe Classic Children's Books Max,4090,1225,4999,413,HP
2896,Classic Imported Bike Accessories Max,2843,4533,199,39,Fabindia
2897,Compact Imported Automotive Lite,3494,820,299,181,Cello
2898,Eco Deluxe Puzzles,3037,1044,299,496,Adidas
2899,Deluxe Pro Dog Food Lite,645,1050,1499,351,Apple
2900,Portable Local Women's Footwear,2771,2342,1199,192,Lenovo
2901,Everyday Premium Haircare,3636,3646,2999,187,Puma
2902,Classic Smart Academic X1,1741,818,1199,235,Sony
2903,Smart Premium Mobiles & Accessories,2548,1601,599,20,Apple
2904,Advanced Premium Spices Pro,1718,922,599,167,OnePlus
2905,Durable Classic Aquarium,1070,726,1499,199,Philips
2906,Lightweight Eco-Friendly Toys & Games X1,1979,830,1999,13,Apple
2907,Eco Eco-Friendly Educational Toys,4686,2685,2999,52,Havells
2908,Advanced Pro Drums 2.0,1483,3903,799,415,Havells
2909,Stylish Budget Dog Food,3877,4247,199,7,Tata
2910,Premium Deluxe Dairy Plus,2715,3271,799,65,Wildcraft
2911,Wireless Budget Rings Lite,2064,69,249,403,Titan
2912,Ultra Smart Car Accessories,4489,584,199,478,LG
2913,Ultra Classic Power Banks X1,172,2703,699,51,Bajaj
2914,Stylish Eco-Friendly Beauty & Personal Care Max,2445,2130,299,20,Realme
2915,Classic Premium Garden & Outdoor Pro,4632,4715,499,310,Boat
2916,Stylish Deluxe Chargers Max,3563,2963,29999,248,Tata
2917,Everyday Local Board Games,2840,3318,199,372,Mi
2918,Classic Budget Garden Tools Pro,2219,1882,249,109,Noise
2919,Everyday Mini Grooming,2416,3181,999,393,Godrej
2920,Classic Budget Non-Fiction Lite,1073,1705,699,288,Puma
2921,Classic Budget Accessories,847,4577,14999,244,Realme
2922,Eco Eco-Friendly Speakers,1774,4454,249,327,Bata
2923,Ultra Premium Educational Toys,699,1057,1199,351,Nestle
2924,Lightweight Budget Sofas,3273,2591,349,297,Titan
2925,Deluxe Classic Office Supplies X1,3603,689,399,306,Realme
2926,Advanced Premium Cat Food 2.0,1187,2762,19999,294,Dell
2927,Advanced Mini Ayurveda X1,1342,3920,249,483,Puma
2928,Portable Eco-Friendly Plants X1,2958,2604,49999,40,Nestle
2929,Pro Eco-Friendly Makeup,3197,3471,1999,432,Nestle
2930,Stylish Deluxe Gym Equipment Pro,4368,2512,29999,303,Lenovo
2931,Wireless Classic Cases & Covers Max,2616,1666,3999,53,Adidas
2932,Eco Pro Grooming X1,2204,1753,349,206,Apple
2933,Compact Local Laptops Pro,3788,4200,1999,387,Woodland
2934,Compact Imported Medical Devices Pro,3508,2295,699,139,Woodland
2935,Portable Pro Yoga Pro,1372,4210,6999,40,Titan
2936,Everyday Deluxe Personal Hygiene Pro,3643,1108,499,206,Puma
2937,Premium Premium Cookware,2450,4152,3999,281,Nike
2938,Everyday Pro Guitars Lite,4258,498,14999,421,Bata
2939,Smart Deluxe Garden Tools Plus,2448,4840,2999,188,Titan
2940,Lightweight Smart Pet Toys Max,2788,228,2999,160,OnePlus
2941,Ultra Budget Kids Footwear,1371,3636,29999,413,Bata
2942,Lightweight Imported Laptops,4555,630,4999,342,Milton
2943,Advanced Classic Health Care X1,535,3051,6999,485,Wildcraft
2944,Everyday Pro Appliances X1,1036,2083,799,357,Havells
2945,Premium Deluxe Puzzles X1,3037,2120,49999,9,Nestle
2946,Pro Premium Cookware Max,2450,2826,3999,115,Apple
2947,Eco Classic Pet Supplies 2.0,1516,3647,349,198,Noise
2948,Smart Budget Staples Lite,4564,4398,14999,50,Bata
2949,Compact Classic Laptops Pro,2754,1516,9999,84,Titan
2950,Wireless Local Pet Supplies 2.0,264,2993,399,240,Philips
2951,Wireless Pro Smartwatches X1,3790,3616,1999,289,Realme
2952,Stylish Eco-Friendly Footwear X1,4770,2737,249,155,Wildcraft
2953,Everyday Smart Kids Wear 2.0,4578,4939,499,115,Fabindia
2954,Advanced Smart Speakers Lite,2085,2917,3999,334,Bata
2955,Stylish Mini Garden & Outdoor 2.0,3520,3802,199,218,Cello
2956,Lightweight Eco-Friendly Home Decor Pro,2145,1366,499,19,Sony
2957,Classic Eco-Friendly Rings Max,1447,2011,3999,127,Philips
2958,Deluxe Premium Electronics,3393,2477,4999,489,Fabindia
2959,Stylish Mini Files & Folders,2296,3152,4999,367,Wildcraft
2960,Ultra Mini Earphones Plus,392,4205,29999,484,LG
2961,Durable Mini Keyboards X1,2901,108,2499,216,Puma
2962,Wireless Premium Violins,2004,607,14999,354,Woodland
2963,Portable Deluxe Mixers Max,1953,4470,349,398,Nestle
2964,Durable Mini Microwaves,4414,2677,49999,348,Wildcraft
2965,Classic Deluxe Speakers 2.0,4436,3145,19999,273,Sony
2966,Premium Imported Pet Toys 2.0,1951,220,4999,457,Puma
2967,Everyday Smart Sandals Max,3412,1660,799,246,Fabindia
2968,Durable Local Chargers Lite,2706,3793,499,159,LG
2969,Everyday Premium Headphones Lite,659,3179,1199,207,Nike
2970,Portable Classic Beauty & Personal Care,1614,3410,249,463,Godrej
2971,Smart Pro Smartwatches,3606,1897,799,131,Apple
2972,Smart Imported Groceries,382,3736,499,415,Woodland
2973,Everyday Smart Supplements 2.0,2941,1239,1499,144,Apple
2974,Pro Deluxe Cases & Covers,3752,1207,349,415,Havells
2975,Smart Premium Chargers Plus,3486,276,249,434,HP
2976,Wireless Budget Garden Tools Plus,4341,2374,2999,403,Titan
2977,Classic Pro First Aid Max,283,1748,249,330,OnePlus
2978,Pro Local Appliances 2.0,227,3910,1999,25,Puma
2979,Deluxe Pro Comics Plus,4624,843,14999,227,Puma
2980,Stylish Local Action Figures Plus,3144,3882,2499,250,Noise
2981,Advanced Mini Chargers,1205,3691,699,89,LG
2982,Durable Eco-Friendly Violins X1,2929,2594,2999,493,LG
2983,Compact Imported Educational Toys,4162,1641,3999,37,Philips
2984,Classic Eco-Friendly Electronics Plus,1816,2078,14999,71,Amul
2985,Smart Local Speakers Max,2078,4434,399,158,Nestle
2986,Portable Smart Chargers,4623,35,799,92,Prestige
2987,Stylish Imported Footwear Max,4526,1845,2999,440,Bajaj
2988,Durable Local Garden Tools X1,4354,1660,799,173,Havells
2989,Premium Eco-Friendly Rings Pro,270,4078,399,1,Fabindia
2990,Everyday Eco-Friendly Office Supplies,2048,342,349,218,Nike
2991,Portable Imported Skincare,4222,653,199,420,Fabindia
2992,Eco Classic Grooming Plus,1225,804,2999,290,Noise
2993,Premium Deluxe Spices Max,2982,295,1999,315,Bata
2994,Compact Smart Makeup,3685,2216,6999,355,Philips
2995,Stylish Eco-Friendly Ayurveda,3223,239,499,53,Realme
2996,Classic Mini Cat Food,693,522,349,358,Lenovo
2997,Ultra Budget Tables 2.0,1920,1220,349,327,Cello
2998,Pro Deluxe Headphones,2967,1427,799,362,Titan
2999,Ultra Pro Aquarium Max,3873,228,599,169,Sony
3000,Smart Budget Dog Food Plus,3877,2099,249,325,Boat
3001,Ultra Imported Sports Shoes 2.0,3229,2131,9999,399,Samsung
3002,Durable Imported Outdoor Toys Pro,4631,1948,14999,441,Sony
3003,Wireless Imported Pet Toys,1096,383,19999,188,Mi
3004,Deluxe Classic Lubricants Plus,3083,3807,2499,89,OnePlus
3005,Durable Pro Action Figures,3974,2730,199,154,Bajaj
3006,Everyday Smart Sports & Fitness 2.0,2826,3432,9999,447,Amul
3007,Stylish Budget Snacks,1305,1952,199,265,Apple
3008,Durable Mini Rings Plus,1493,4766,29999,12,Nike
3009,Everyday Deluxe Bike Accessories,4500,1164,1199,446,Lenovo
3010,Pro Classic Tools Pro,4044,3124,2499,390,Dell
3011,Classic Budget Headphones Max,2577,1055,19999,429,Bata
3012,Smart Mini Musical Instruments,2922,2078,2999,130,OnePlus
3013,Advanced Budget Speakers,128,4749,799,16,Titan
3014,Ultra Premium Guitars X1,4609,2155,3999,488,Apple
3015,Compact Classic Toys X1,1142,4834,9999,351,OnePlus
3016,Stylish Local Pet Toys Max,596,4138,1999,419,Godrej
3017,Smart Premium Action Figures,4012,883,2499,185,Bajaj
3018,Ultra Mini Violins,1898,4150,1199,308,LG
3019,Premium Classic Cat Food 2.0,2303,2972,2999,396,Realme
3020,Advanced Smart Beauty & Personal Care,3345,627,4999,24,Godrej
3021,Everyday Local Winter Wear Lite,714,14,29999,343,Dell
3022,Portable Premium Air Conditioners 2.0,829,1041,199,147,HP
3023,Classic Smart Makeup Pro,3800,4728,3999,177,Nestle
3024,Advanced Smart Fragrances Lite,3786,1293,499,454,Adidas
3025,Everyday Eco-Friendly Cookware 2.0,2576,4502,699,309,Milton
3026,Pro Pro Rings 2.0,4830,3535,999,46,OnePlus
3027,Portable Local Lighting Max,611,4749,399,194,Nike
3028,Deluxe Local Footwear Lite,1406,125,799,421,Noise
3029,Durable Smart Personal Hygiene X1,1878,2272,699,396,Adidas
3030,Wireless Imported Baby Food 2.0,4314,2124,1199,359,Godrej
3031,Compact Classic Lubricants Lite,992,2698,49999,265,Adidas
3032,Pro Pro Smartphones Plus,1855,580,199,184,Bata
3033,Everyday Mini Baby Gear,2541,4505,2999,458,Tata
3034,Ultra Mini Office Supplies,3473,2271,49999,183,OnePlus
3035,Wireless Premium Earphones Pro,4811,3796,249,419,Noise
3036,Everyday Imported Books 2.0,2344,3226,399,79,Nestle
3037,Advanced Smart Grooming Pro,2764,3439,699,474,Adidas
3038,Premium Mini Lubricants 2.0,4018,2701,49999,37,Realme
3039,Ultra Local Baby Food 2.0,2209,765,4999,463,Samsung
3040,Deluxe Premium Toys X1,3977,4055,3999,305,Philips
3041,Everyday Deluxe Tyres,4147,489,199,71,Bata
3042,Ultra Local Toys & Games Pro,1243,1186,2499,209,Nike
3043,Eco Premium Furniture Lite,4863,2523,9999,76,Adidas
3044,Compact Eco-Friendly Grooming Lite,3488,2344,1199,212,Godrej
3045,Wireless Premium Televisions X1,386,2620,1499,278,Boat
3046,Compact Local Musical Instruments Lite,3019,214,249,244,OnePlus
3047,Deluxe Mini Board Games Lite,127,4654,49999,343,Prestige
3048,Compact Classic Diapers,4901,4128,499,424,OnePlus
3049,Premium Smart Supplements Max,2941,1799,799,303,Wildcraft
3050,Deluxe Smart Earrings 2.0,697,1617,6999,276,Noise
3051,Wireless Smart Speakers Pro,4105,793,799,61,Milton
3052,Pro Eco-Friendly Sofas 2.0,3555,4407,6999,490,Puma
3053,Deluxe Classic Academic Max,3679,3339,2999,83,Havells
3054,Durable Local Storage 2.0,1966,1736,349,248,Noise
3055,Stylish Smart Sandals Max,614,598,299,4,HP
3056,Wireless Mini Automotive X1,3654,1951,14999,42,LG
3057,Portable Mini Grooming Plus,557,1179,799,472,Lenovo
3058,Deluxe Deluxe Sports & Fitness,2081,1517,49999,323,Realme
3059,Ultra Pro Aquarium Pro,4122,2090,1199,83,Nestle
3060,Portable Mini Appliances Lite,1104,4607,2499,317,Samsung
3061,Durable Eco-Friendly Washing Machines 2.0,448,2905,1199,191,Nestle
3062,Everyday Mini Cameras,1634,2532,4999,340,Fabindia
3063,Advanced Eco-Friendly Spices Max,3582,36,1199,400,Philips
3064,Pro Local Beauty & Personal Care Pro,4336,766,2499,405,Lenovo
3065,Ultra Keyboards X1,113,2358,1999,364,Bata
3066,Premium Premium Lubricants,4582,529,2499,382,Godrej
3067,Pro Premium Makeup Pro,3815,1292,399,398,OnePlus
3068,Portable Imported Baby Clothing,3906,1725,2499,479,Dell
3069,Lightweight Premium Rings Max,2383,3329,1999,451,Bata
3070,Lightweight Deluxe Pet Toys Pro,896,1074,1499,19,Prestige
3071,Pro Premium Keyboards Plus,3429,2101,1499,231,Puma
3072,Smart Local Children's Books Plus,2107,1360,349,446,Realme
3073,Eco Eco-Friendly Mobiles & Accessories X1,3256,3928,199,54,Lenovo
3074,Lightweight Eco-Friendly Bike Accessories Lite,2043,3259,1999,423,Prestige
3075,Durable Budget Bracelets Lite,313,4113,699,369,OnePlus
3076,Ultra Imported Guitars X1,407,2099,29999,252,Bajaj
3077,Deluxe Bracelets Max,86,4963,249,111,Noise
3078,Ultra Classic Bedding Max,338,3682,799,349,Realme
3079,Ultra Classic Car Accessories Max,2762,2297,4999,70,Amul
3080,Deluxe Deluxe Sports & Fitness Lite,2081,3711,6999,253,Cello
3081,Everyday Mini Educational Toys Pro,1063,4756,2999,254,Nike
3082,Pro Premium Bike Accessories Max,977,2848,499,184,Woodland
3083,Portable Local Academic 2.0,2215,4219,2999,2,OnePlus
3084,Pro Premium Spices X1,4908,238,14999,485,Noise
3085,Lightweight Smart Home & Kitchen X1,3837,1034,4999,355,Godrej
3086,Advanced Stationery Plus,16,2838,1499,42,Havells
3087,Classic Imported Fashion Max,4093,2948,699,351,Dell
3088,Advanced Local Running Plus,143,2533,1199,419,Mi
3089,Ultra Pro Rings Max,2858,1391,4999,484,Adidas
3090,Durable Budget Car Accessories,4549,2046,9999,274,Amul
3091,Stylish Classic Cat Food,2303,2262,599,484,Apple
3092,Ultra Classic Groceries Plus,1246,2920,499,176,LG
3093,Wireless Pro Action Figures 2.0,3974,4814,3999,311,Havells
3094,Durable Pro Snacks X1,1448,1385,499,52,Titan
3095,Classic Eco-Friendly Tyres,2570,1932,2499,53,Sony
3096,Durable Mini Non-Fiction 2.0,4710,3416,14999,38,Bata
3097,Compact Classic Gym Equipment X1,4698,4512,799,341,Samsung
3098,Compact Deluxe Headphones Pro,4148,3704,249,148,Titan
3099,Smart Eco-Friendly Gym Equipment Pro,4113,4438,2499,393,Puma
3100,Wireless Mini Board Games Plus,3183,1754,249,149,HP
3101,Pro Eco-Friendly Garden & Outdoor Max,2735,4160,19999,304,Havells
3102,Wireless Smart Pet Toys Plus,4732,4587,1999,216,Tata
3103,Eco Classic Grooming X1,1089,3840,3999,330,Apple
3104,Ultra Pro Automotive,3239,1969,6999,38,Dell
3105,Compact Deluxe Automotive Plus,3334,1061,699,333,Dell
3106,Ultra Mini Spices,3715,4615,599,229,Philips
3107,Smart Premium Toys & Games Lite,915,4176,399,384,Realme
3108,Durable Deluxe Tables 2.0,1709,188,799,68,Nike
3109,Everyday Eco-Friendly Laptops Plus,1334,4447,699,352,Titan
3110,Pro Pro Art Supplies X1,572,2629,14999,303,Adidas
3111,Smart Local Haircare 2.0,2119,1528,14999,401,Puma
3112,Advanced Budget Educational Toys,2500,3354,1499,260,Bata
3113,Premium Local Pens Plus,337,618,599,131,Samsung
3114,Everyday Local Rings Lite,472,930,6999,434,Mi
3115,Durable Eco-Friendly Pet Supplies Lite,3375,2930,29999,209,Apple
3116,Lightweight Smart Toys,321,3015,49999,54,LG
3117,Classic Budget Women's Footwear 2.0,3533,3774,999,421,HP
3118,Advanced Premium Headphones 2.0,3000,413,799,107,Noise
3119,Ultra Imported Toys Pro,2847,3495,249,65,Realme
3120,Lightweight Classic Board Games 2.0,1610,1152,699,432,Philips
3121,Portable Eco-Friendly Televisions,1399,3118,3999,190,Wildcraft
3122,Stylish Mini Snacks 2.0,1813,2091,1999,89,Samsung
3123,Lightweight Deluxe Tables Max,1709,1018,29999,432,OnePlus
3124,Ultra Rings X1,84,3194,1999,220,OnePlus
3125,Advanced Pro Televisions 2.0,3074,3633,29999,208,Nike
3126,Eco Deluxe Aquarium X1,4707,136,399,180,Boat
3127,Compact Home & Kitchen Lite,3,1896,399,181,Wildcraft
3128,Stylish Classic Smartwatches Pro,2341,4798,699,95,Bata
3129,Smart Budget Fashion 2.0,4783,2909,299,386,Realme
3130,Wireless Local Televisions Plus,662,3024,3999,107,Noise
3131,Deluxe Premium Beverages Pro,4729,2624,299,341,LG
3132,Everyday Deluxe Fashion Lite,4547,3090,349,418,Noise
3133,Classic Budget Chargers,610,4647,1999,237,Philips
3134,Classic Eco-Friendly Jewellery Max,1761,162,799,379,OnePlus
3135,Smart Classic Skincare,4678,4451,9999,233,Fabindia
3136,Eco Local Home Decor Plus,4049,3767,29999,251,Wildcraft
3137,Advanced Refrigerators Lite,87,935,699,448,Tata
3138,Deluxe Imported Necklaces X1,984,4487,29999,126,Mi
3139,Lightweight Budget Baby Food Lite,3566,4631,14999,180,Woodland
3140,Lightweight Budget Bike Accessories Lite,2860,2507,14999,321,OnePlus
3141,Wireless Pro Laptops Pro,3666,1546,29999,276,Havells
3142,Stylish Deluxe Garden & Outdoor 2.0,3531,1978,2999,67,Amul
3143,Lightweight Classic Non-Fiction X1,1186,4552,999,164,Godrej
3144,Deluxe Pro Men's Footwear Max,4444,4634,999,438,Bata
3145,Durable Mini Toys Pro,2406,4663,4999,348,Prestige
3146,Pro Eco-Friendly Comics Lite,2872,3494,2999,194,Lenovo
3147,Advanced Mini Automotive,3654,2429,9999,449,Prestige
3148,Compact Imported Baby Gear,2741,3557,29999,469,Titan
3149,Durable Classic Grills X1,2724,2693,299,419,Havells
3150,Stylish Smart Pet Toys Lite,4732,1014,599,80,Bajaj
3151,Everyday Pro Beverages Max,2467,4523,1499,124,Titan
3152,Wireless Mini Grills 2.0,318,2342,799,304,Bajaj
3153,Ultra Deluxe Televisions Max,3236,2375,349,250,Adidas
3154,Wireless Local Cases & Covers,3505,3249,49999,200,Realme
3155,Classic Premium Action Figures 2.0,371,315,599,181,Wildcraft
3156,Deluxe Smart Aquarium Lite,4389,1011,9999,129,Sony
3157,Everyday Eco-Friendly Washing Machines X1,448,2453,3999,285,Realme
3158,Stylish Pro Jewellery Pro,1229,4385,49999,355,Godrej
3159,Premium Classic Musical Instruments X1,4317,4179,399,217,Tata
3160,Smart Premium Toys Max,1939,3556,599,317,Puma
3161,Compact Budget Cookware,3382,2097,699,225,Puma
3162,Eco Premium Health Care X1,3091,4239,49999,358,Boat
3163,Wireless Eco-Friendly Health Care,828,964,1199,367,Cello
3164,Smart Local Footwear Plus,4172,3997,2999,406,OnePlus
3165,Classic Classic Non-Fiction Lite,3374,4721,199,196,Apple
3166,Pro Local Women's Footwear,2771,4542,1999,409,Sony
3167,Everyday Classic Mobiles & Accessories X1,4362,2811,999,476,Prestige
3168,Stylish Local Rings Pro,1877,4937,599,88,Godrej
3169,Pro Smart Pet Toys Plus,2788,3884,1999,16,Dell
3170,Everyday Smart Footwear Max,4668,3646,999,393,Bajaj
3171,Advanced Pro Children's Books,3032,2431,1999,259,Puma
3172,Ultra Classic Cameras Max,2015,3138,6999,397,Amul
3173,Pro Classic Cat Food 2.0,1290,73,299,10,Bajaj
3174,Compact Classic Baby Clothing Pro,471,2271,3999,147,Sony
3175,Premium Local Personal Hygiene X1,2172,700,3999,278,Amul
3176,Durable Deluxe Garden & Outdoor Max,1434,4554,999,25,Wildcraft
3177,Classic Eco-Friendly Smartwatches X1,3444,4925,599,417,Puma
3178,Advanced Smart Women's Footwear Lite,2720,1000,3999,36,Titan
3179,Ultra Eco-Friendly Women's Clothing Lite,1560,1689,19999,405,Fabindia
3180,Smart Deluxe Diapers Pro,4196,2952,399,79,Boat
3181,Smart Wardrobes,71,3708,6999,322,Nike
3182,Classic Pro Furniture,1668,3303,2999,20,Cello
3183,Smart Imported Garden & Outdoor,260,149,1499,65,Amul
3184,Eco Premium Skincare,4705,3877,2999,269,Godrej
3185,Pro Local Musical Instruments,3019,2595,599,116,Nike
3186,Everyday Mini Grills,3177,3998,49999,17,Adidas
3187,Advanced Imported Running,3665,4307,699,339,Philips
3188,Everyday Premium First Aid Pro,4521,92,29999,350,Wildcraft
3189,Lightweight Deluxe Aquarium,4943,2032,199,152,Dell
3190,Smart Imported Board Games,3156,2404,1499,399,Apple
3191,Everyday Women's Footwear Max,78,1999,1199,182,Nestle
3192,Durable Pro Refrigerators Max,3630,3741,599,94,HP
3193,Durable Pro Beds,2146,2245,2499,421,Boat
3194,Wireless Pro Sofas,1475,1714,499,29,Fabindia
3195,Smart Imported Violins Lite,2054,3808,4999,313,Titan
3196,Wireless Smart Tyres Pro,462,4342,4999,18,Realme
3197,Lightweight Imported Baby Products Plus,1580,2676,999,394,Fabindia
3198,Deluxe Pro Winter Wear Plus,918,1292,1199,219,Amul
3199,Lightweight Eco-Friendly Garden & Outdoor Max,3835,3541,199,42,Realme
3200,Ultra Pro Dog Food Max,3063,3177,49999,109,LG
3201,Durable Eco-Friendly Smartphones,3353,2136,299,185,LG
3202,Durable Smart Educational Toys Pro,401,2437,299,121,Titan
3203,Compact Deluxe Winter Wear Lite,253,1006,299,300,Sony
3204,Deluxe Imported Comics,1974,4155,299,443,Havells
3205,Deluxe Classic Cameras Pro,1267,3891,699,323,Amul
3206,Premium Premium Smartphones Lite,165,3382,29999,487,Godrej
3207,Portable Smart Storage Pro,3813,1050,1499,378,Woodland
3208,Wireless Budget Automotive 2.0,1703,2945,1199,74,Bajaj
3209,Smart Classic Aquarium,4548,2726,19999,280,Adidas
3210,Smart Pro Sports & Fitness,431,1547,3999,499,Puma
3211,Eco Budget Groceries Lite,617,182,699,408,Godrej
3212,Smart Classic Mixers X1,3542,989,349,279,Nestle
3213,Portable Cat Food,103,2800,4999,9,Noise
3214,Advanced Imported Chargers Pro,1789,1713,1499,367,Prestige
3215,Portable Smart Men's Clothing 2.0,136,3376,4999,479,Mi
3216,Compact Smart Comics X1,3013,4208,9999,278,Bata
3217,Advanced Mini Lubricants Pro,1821,1879,599,383,HP
3218,Ultra Budget Home Decor X1,3933,3326,799,104,Amul
3219,Compact Eco-Friendly Haircare X1,3829,1839,2999,64,Sony
3220,Ultra Imported Health Care X1,311,2005,14999,164,Puma
3221,Everyday Local Pet Toys Plus,4334,4149,1999,153,Nestle
3222,Wireless Smart Fragrances Pro,1407,233,6999,134,Mi
3223,Premium Deluxe Keyboards Max,4978,2099,29999,267,Noise
3224,Wireless Premium Haircare Plus,2971,260,2499,380,Titan
3225,Smart Imported Guitars Plus,4223,1977,1999,11,LG
3226,Classic Pro Speakers Max,4503,3953,699,100,Nestle
3227,Premium Pro Guitars,1812,498,499,385,Titan
3228,Stylish Local Ethnic Wear X1,4091,3972,999,74,Milton
3229,Advanced Local Children's Books Lite,2371,1734,499,99,Tata
3230,Deluxe Budget Chairs Max,1645,2443,9999,174,Noise
3231,Portable Local Mixers Plus,1328,4954,699,207,Dell
3232,Pro Smart Chargers 2.0,1488,4331,1999,300,Nestle
3233,Eco Pro Lighting Pro,2978,2843,499,327,Bajaj
3234,Stylish Eco-Friendly Wardrobes Pro,2423,3135,1999,319,Noise
3235,Pro Local Academic X1,2215,4287,399,63,Sony
3236,Everyday Automotive Max,9,834,19999,392,Wildcraft
3237,Advanced Premium Bike Accessories,2886,6,4999,274,Wildcraft
3238,Wireless Mini Rings Max,1493,3869,4999,494,Mi
3239,Pro Mini Dog Food X1,215,3431,699,43,Noise
3240,Advanced Deluxe Fragrances,3052,4274,399,270,Boat
3241,Pro Smart Winter Wear 2.0,279,3390,699,382,Philips
3242,Portable Budget Cameras,3388,94,49999,425,Tata
3243,Pro Eco-Friendly Garden & Outdoor Pro,3835,3836,699,148,Fabindia
3244,Everyday Eco-Friendly Beauty & Personal Care X1,1273,962,299,82,Cello
3245,Classic Wardrobes,71,830,1199,27,HP
3246,Portable Premium Dog Food Pro,2417,4264,349,100,Samsung
3247,Pro Deluxe Educational Toys,4569,3695,499,228,Noise
3248,Eco Premium Staples Max,2105,4704,1199,82,Puma
3249,Deluxe Smart Academic,870,3532,349,87,Godrej
3250,Advanced Pro Toys & Games X1,3438,3707,29999,277,Prestige
3251,Portable Smart Spices Max,3378,3812,1199,328,Mi
3252,Lightweight Mini Footwear Pro,540,2177,599,71,Nestle
3253,Advanced Deluxe Refrigerators X1,2077,1947,799,467,Fabindia
3254,Durable Smart Keyboards Plus,4011,4642,2999,283,LG
3255,Everyday Eco-Friendly Ethnic Wear Lite,4464,1377,599,284,Milton
3256,Pro Pro Air Conditioners 2.0,4010,490,999,230,Lenovo
3257,Durable Mini Aquarium,389,4264,699,21,OnePlus
3258,Classic Budget Health Care Lite,3384,1973,9999,241,Apple
3259,Premium Smart Dog Food Lite,2542,3321,199,439,Godrej
3260,Everyday Deluxe Aquarium,4707,4556,4999,398,Cello
3261,Advanced Deluxe Mixers Plus,1952,630,299,302,Apple
3262,Ultra Mini Kids Footwear Lite,763,1252,1199,370,Tata
3263,Portable Smart Earphones Plus,366,4121,699,295,Boat
3264,Advanced Premium Outdoor Furniture X1,2133,2479,599,421,HP
3265,Smart Smart Fiction,171,4587,999,67,Prestige
3266,Stylish Imported Keyboards,4021,2363,29999,386,LG
3267,Everyday Local Headphones X1,2237,363,399,371,Noise
3268,Premium Eco-Friendly Dog Food Max,3286,4737,2999,108,Sony
3269,Ultra Budget Comics Plus,2379,3899,599,219,Samsung
3270,Ultra Eco-Friendly Mobiles & Accessories Lite,4816,2600,499,241,Apple
3271,Ultra Premium Cases & Covers 2.0,1465,751,19999,25,Apple
3272,Eco Imported Groceries Lite,259,3047,699,431,Prestige
3273,Smart Pro Fiction X1,2494,3273,599,303,Realme
3274,Advanced Eco-Friendly Comics Max,2872,748,29999,322,Nestle
3275,Compact Deluxe Guitars 2.0,4294,835,499,357,Sony
3276,Smart Eco-Friendly Lighting,741,4643,14999,384,Dell
3277,Ultra Classic Appliances Max,1524,1551,2999,180,HP
3278,Stylish Mini Pet Grooming Plus,2655,1179,499,276,Bajaj
3279,Compact Pro Automotive Pro,558,4173,19999,321,Nestle
3280,Everyday Deluxe Cricket Gear Lite,4228,4276,599,438,Boat
3281,Pro Premium Beds Max,4839,2026,49999,472,Realme
3282,Advanced Smart Musical Instruments Pro,2725,4721,14999,245,Fabindia
3283,Portable Imported Chairs,1797,2366,699,344,Realme
3284,Deluxe Deluxe First Aid,3778,1815,6999,349,Philips
3285,Lightweight Smart Diapers,3107,2358,9999,172,Nike
3286,Pro Eco-Friendly Chargers Lite,1237,2290,249,130,Wildcraft
3287,Premium Eco-Friendly Microwaves,1790,4187,249,341,Noise
3288,Advanced Premium Smartphones Max,273,4499,799,284,Milton
3289,Eco Classic Pet Grooming Plus,4157,3161,249,404,Fabindia
3290,Deluxe Imported Office Supplies,2830,1785,2999,88,Nestle
3291,Durable Eco-Friendly Keyboards 2.0,3614,1653,1499,382,Boat
3292,Compact Budget Diapers Plus,1094,1981,199,417,Woodland
3293,Durable Classic Cricket Gear Max,4604,608,1999,140,Samsung
3294,Wireless Local Ethnic Wear,2543,2522,4999,493,Amul
3295,Smart Classic Cat Food X1,787,1972,1199,301,Realme
3296,Compact Pro Running Lite,2415,2494,349,326,Titan
3297,Ultra Imported Jewellery X1,639,2362,699,475,Dell
3298,Compact Local Haircare,2119,1734,19999,399,Realme
3299,Lightweight Classic Supplements,1423,995,349,409,Puma
3300,Portable Smart Women's Footwear,2287,3947,1199,243,Milton
3301,Deluxe Eco-Friendly Cameras 2.0,556,3909,29999,282,HP
3302,Portable Mini Storage Max,1105,3040,49999,298,Lenovo
3303,Deluxe Premium Art Supplies Plus,4014,1783,199,241,LG
3304,Premium Deluxe Sandals X1,3408,3824,199,92,HP
3305,Durable Local Mixers X1,1731,2219,2499,186,HP
3306,Smart Budget Health Care Pro,2991,680,4999,90,Philips
3307,Compact Budget Fashion Max,2799,4933,2999,292,Tata
3308,Deluxe Budget Comics X1,2379,4801,49999,93,Sony
3309,Premium Smart Aquarium,1721,2811,599,320,Cello
3310,Premium Eco-Friendly Medical Devices Lite,360,886,399,112,Nestle
3311,Premium Smart Comics,3013,3978,1199,497,Samsung
3312,Deluxe Imported Footwear,4526,2062,1499,386,Apple
3313,Pro Smart Beds Lite,4399,615,499,270,Godrej
3314,Advanced Local Sofas X1,1630,4396,1199,280,Nestle
3315,Classic Classic Lubricants Plus,632,4490,699,392,Nike
3316,Pro Premium Fragrances Plus,4205,4656,199,101,Wildcraft
3317,Compact Imported Garden & Outdoor,260,1971,49999,164,Fabindia
3318,Deluxe Smart Action Figures 2.0,4949,28,19999,276,Bata
3319,Compact Imported Air Conditioners Plus,511,2312,29999,305,Cello
3320,Pro Classic Men's Clothing 2.0,2675,2549,6999,306,Prestige
3321,Everyday Imported Tools X1,4239,594,2999,260,Woodland
3322,Eco Eco-Friendly Keyboards Plus,124,3930,299,206,Nike
3323,Everyday Premium Guitars Lite,3410,3402,49999,223,Woodland
3324,Everyday Classic Drums,1822,724,199,198,Lenovo
3325,Pro Mini Bracelets Pro,1603,575,499,180,Milton
3326,Compact Premium Baby Clothing Lite,2070,4654,599,282,Amul
3327,Compact Budget Men's Clothing Plus,4330,2705,2999,478,LG
3328,Smart Premium Furniture Pro,804,2851,19999,383,Woodland
3329,Smart Eco-Friendly Jewellery Pro,2600,1978,19999,27,Sony
3330,Compact Premium Drums 2.0,1810,2774,1499,341,Fabindia
3331,Everyday Smart Baby Clothing 2.0,4086,4013,4999,266,Philips
3332,Lightweight Premium Headphones Plus,4427,2100,2999,76,Samsung
3333,Advanced Eco-Friendly Non-Fiction Plus,3926,4628,3999,429,Samsung
3334,Deluxe Premium Tools Pro,3244,914,1199,212,OnePlus
3335,Classic Imported Stationery X1,1062,2929,999,420,Woodland
3336,Eco Pro Microwaves Plus,3070,4237,1999,16,Noise
3337,Smart Smart Headphones,2878,1171,9999,356,Samsung
3338,Ultra Smart Books Lite,570,4342,1199,346,Godrej
3339,Advanced Smart Supplements X1,1029,4962,999,95,Mi
3340,Durable Deluxe Sandals,4050,4466,399,109,LG
3341,Eco Mini Comics Max,809,4027,1199,121,Sony
3342,Lightweight Classic Smartphones Lite,2056,912,49999,372,Wildcraft
3343,Premium Premium Tyres,4338,3999,2999,227,HP
3344,Portable Eco-Friendly Jewellery Plus,4171,1342,2499,373,Samsung
3345,Deluxe Mini Art Supplies 2.0,1739,2445,2499,33,Nestle
3346,Portable Local Garden & Outdoor Lite,4571,2047,2999,216,Philips
3347,Ultra Budget Home Decor Max,3933,3007,1999,105,Fabindia
3348,Premium Pro Men's Clothing Lite,2979,3540,399,217,Nestle
3349,Classic Eco-Friendly Educational Toys Max,3134,2641,49999,62,Titan
3350,Stylish Pro Outdoor Toys Lite,217,2403,19999,412,Prestige
3351,Portable Pens Max,98,1622,29999,281,Dell
3352,Everyday Smart Ethnic Wear 2.0,603,2207,1499,401,Cello
3353,Durable Premium Footwear Lite,976,2978,249,230,HP
3354,Pro Pro Lighting X1,3871,3433,29999,465,Noise
3355,Durable Budget Jewellery Max,1955,4021,999,252,Bata
3356,Compact Mini Grooming Lite,1398,1068,4999,420,Titan
3357,Everyday Budget Speakers Lite,4670,1895,799,395,Havells
3358,Pro Imported Dairy Pro,1563,435,3999,79,HP
3359,Deluxe Premium Grooming 2.0,2708,1492,19999,74,Milton
3360,Classic Smart Notebooks Pro,3698,2838,1999,355,Fabindia
3361,Everyday Eco-Friendly Footwear Pro,4770,1543,4999,461,Fabindia
3362,Classic Premium Dog Food,2417,3978,4999,337,Nestle
3363,Advanced Smart Grooming,2764,104,299,74,Bata
3364,Stylish Premium Drums Lite,1067,496,2999,307,Mi
3365,Classic Classic Lubricants,3083,3221,3999,498,Milton
3366,Premium Eco-Friendly Microwaves,3838,1053,249,332,Boat
3367,Stylish Mini Bracelets Max,788,2510,19999,297,Wildcraft
3368,Deluxe Local Files & Folders,519,3395,49999,383,OnePlus
3369,Durable Premium Keyboards 2.0,1052,641,3999,179,Noise
3370,Durable Pro Art Supplies Max,3397,4546,3999,199,Bajaj
3371,Stylish Premium Smartphones,273,1685,2999,12,Tata
3372,Pro Deluxe Refrigerators 2.0,3391,1086,4999,441,Philips
3373,Eco Budget Tables,2768,4141,299,113,Apple
3374,Stylish Deluxe Beds X1,3525,1080,14999,300,Fabindia
3375,Stylish Mini Grooming,557,4558,49999,260,Bajaj
3376,Stylish Eco-Friendly Pet Supplies Lite,160,4850,4999,427,Prestige
3377,Wireless Premium Microwaves Pro,2181,1078,29999,111,Bata
3378,Portable Deluxe Keyboards Plus,761,317,299,17,Dell
3379,Wireless Eco-Friendly Guitars X1,1711,4796,9999,281,OnePlus
3380,Premium Imported Tables X1,3477,1257,19999,185,Prestige
3381,Pro Mini Men's Clothing Lite,2613,2895,999,255,Boat
3382,Eco Budget Medical Devices Max,579,2688,499,213,Prestige
3383,Wireless Local Outdoor Furniture 2.0,4144,320,1999,371,Cello
3384,Stylish Imported Violins,2810,444,3999,41,Noise
3385,Premium Imported Furniture Pro,3522,1406,6999,401,Sony
3386,Stylish Smart Action Figures,2952,2592,1499,470,Bajaj
3387,Durable Deluxe Pet Supplies,3929,2708,199,433,Nestle
3388,Stylish Budget Microwaves,982,1524,699,301,LG
3389,Wireless Smart Groceries Pro,3976,3693,49999,346,Adidas
3390,Smart Deluxe Home Decor Plus,3709,978,19999,285,Sony
3391,Smart Eco-Friendly Fragrances Pro,3361,2389,349,209,Wildcraft
3392,Lightweight Classic Spices X1,1504,1166,4999,187,Cello
3393,Stylish Deluxe Pet Supplies 2.0,4617,989,799,202,Fabindia
3394,Wireless Budget Staples Max,4564,273,599,75,Boat
3395,Portable Classic Lubricants Max,926,441,599,389,Mi
3396,Ultra Pro Keyboards Plus,1180,3523,49999,250,Amul
3397,Lightweight Pro Women's Footwear X1,3827,2970,349,302,Wildcraft
3398,Premium Budget Baby Products,757,4573,199,208,Wildcraft
3399,Smart Imported Beverages 2.0,4655,2842,14999,210,Lenovo
3400,Premium Local Musical Instruments Pro,4606,2549,4999,118,Nestle
3401,Durable Deluxe Chairs Lite,2208,844,199,337,Nike
3402,Smart Pro Cameras Plus,1867,803,49999,318,Havells
3403,Eco Pro Smartphones Max,3151,1876,399,223,Woodland
3404,Pro Budget Action Figures Lite,695,4859,6999,223,Bata
3405,Lightweight Budget Storage 2.0,1275,958,199,438,Nike
3406,Lightweight Smart Tyres Max,330,135,2499,453,Wildcraft
3407,Classic Budget Tables X1,4299,1306,2499,267,Noise
3408,Advanced Pro Jewellery Plus,4468,2318,19999,57,HP
3409,Pro Budget Women's Footwear 2.0,651,2072,1999,143,Godrej
3410,Advanced Eco-Friendly Electronics Plus,1816,2033,6999,177,Nestle
3411,Classic Imported Tyres,1403,3853,19999,404,Realme
3412,Premium Premium Toys & Games Lite,915,2552,6999,470,Wildcraft
3413,Wireless Imported Educational Toys X1,4513,3482,1499,292,Cello
3414,Smart Classic Men's Clothing Max,4129,3905,2999,6,Havells
3415,Classic Local Electronics Pro,3521,1903,249,341,Realme
3416,Portable Eco-Friendly Baby Products Max,893,1701,249,274,Apple
3417,Stylish Mini Necklaces X1,780,589,29999,426,Wildcraft
3418,Pro Classic Bedding,1048,2027,999,497,Tata
3419,Premium Eco-Friendly Cookware,3793,3381,999,483,Titan
3420,Portable Budget Beauty & Personal Care Plus,4746,21,249,26,OnePlus
3421,Deluxe Deluxe First Aid,1801,4740,1999,172,Milton
3422,Deluxe Mini Beverages Max,1976,2000,999,77,Noise
3423,Portable Pro Staples,4337,703,6999,325,Nike
3424,Stylish Pro Snacks 2.0,4976,210,3999,249,Apple
3425,Wireless Imported Baby Products Pro,3372,2531,4999,373,Fabindia
3426,Durable Eco-Friendly Action Figures X1,3293,2331,6999,138,Bajaj
3427,Compact Mini Stationery Plus,2157,103,499,229,Wildcraft
3428,Wireless Classic Grooming,2385,4341,299,11,Boat
3429,Everyday Eco-Friendly Pet Toys Plus,1331,1088,299,28,Puma
3430,Eco Classic Dairy X1,4734,124,29999,487,Tata
3431,Compact Eco-Friendly Garden & Outdoor 2.0,3835,3335,599,449,Realme
3432,Everyday Budget Pens,1963,758,6999,24,Boat
3433,Pro Local Bangles Pro,3055,525,349,411,Cello
3434,Lightweight Smart Lubricants,4723,2096,4999,378,Mi
3435,Classic Imported Office Supplies,214,4238,699,461,Samsung
3436,Everyday Classic Files & Folders,3902,2327,49999,111,Godrej
3437,Pro Classic Pens X1,719,3964,1499,233,Godrej
3438,Portable Smart Pet Toys,2805,4476,9999,277,Realme
3439,Premium Smart Speakers,4927,2931,699,239,Dell
3440,Portable Deluxe Academic X1,3185,2255,499,272,Havells
3441,Compact Pro Sports & Fitness Lite,3760,3012,6999,113,Samsung
3442,Classic Classic Action Figures Pro,4637,3420,299,343,Noise
3443,Portable Classic Garden & Outdoor Max,943,2424,299,471,Samsung
3444,Smart Deluxe Haircare 2.0,1234,3072,1999,375,Bata
3445,Deluxe Smart First Aid,588,4037,19999,491,Puma
3446,Deluxe Budget Medical Devices X1,1467,1417,349,95,Woodland
3447,Deluxe Eco-Friendly Earrings Lite,4020,3606,2999,427,Nike
3448,Portable Classic Bedding,1048,2397,29999,148,Boat
3449,Durable Classic Aquarium Max,1070,178,29999,228,Apple
3450,Portable Budget Non-Fiction X1,2811,4375,1199,111,Lenovo
3451,Compact Smart Headphones Lite,2878,253,9999,394,Fabindia
3452,Stylish Eco-Friendly Educational Toys Plus,3134,3471,49999,374,Bata
3453,Advanced Mini Automotive Lite,2452,1419,3999,109,Sony
3454,Eco Smart Children's Books Pro,4166,789,499,103,Tata
3455,Eco Classic Bike Accessories,1573,3735,999,130,Havells
3456,Lightweight Eco-Friendly Sofas Lite,3555,1465,1999,369,OnePlus
3457,Premium Mini Cameras 2.0,2903,2248,29999,187,Wildcraft
3458,Premium Budget Toys Max,4375,3708,29999,107,Nike
3459,Pro Classic Speakers 2.0,2082,3460,599,282,Amul
3460,Deluxe Deluxe Headphones Pro,2967,1016,1499,439,Samsung
3461,Eco Budget Footwear Max,2775,1714,6999,13,Dell
3462,Compact Mini Sports & Fitness 2.0,939,4509,699,223,HP
3463,Durable Premium Snacks Plus,3991,2066,699,331,Sony
3464,Advanced Local Bangles 2.0,3055,4592,14999,479,Bajaj
3465,Durable Imported Violins,2810,2215,4999,27,Cello
3466,Wireless Deluxe Speakers Max,1010,3417,499,50,LG
3467,Deluxe Classic Gym Equipment 2.0,1552,215,2999,19,Titan
3468,Portable Deluxe Tyres 2.0,4147,3832,2499,331,Adidas
3469,Portable Budget Fiction X1,4714,800,249,362,Nike
3470,Stylish Eco-Friendly Dairy X1,1136,2525,1199,350,HP
3471,Pro Budget Board Games Plus,1479,2506,9999,312,Cello
3472,Stylish Budget Car Accessories,1715,918,399,340,Tata
3473,Lightweight Premium Cameras,3551,4436,4999,44,Prestige
3474,Ultra Budget Furniture Pro,3030,2515,2999,99,Titan
3475,Durable Eco-Friendly Ethnic Wear Max,4269,1965,399,237,Nestle
3476,Smart Mini Ethnic Wear,2241,3896,349,471,LG
3477,Classic Budget Kids Wear X1,1240,4147,599,153,Mi
3478,Portable Local Guitars Max,1002,1970,3999,161,Boat
3479,Eco Imported Drums Max,4491,1369,699,7,Dell
3480,Wireless Imported Stationery Pro,1062,815,4999,36,Tata
3481,Eco Winter Wear X1,30,4204,9999,445,Lenovo
3482,Classic Imported Beverages Plus,2075,3777,599,46,Godrej
3483,Ultra Smart Fiction Pro,4536,976,19999,71,Boat
3484,Classic Pro Sandals,2544,4208,6999,415,Sony
3485,Portable Imported Garden Tools Pro,3944,3607,699,161,Apple
3486,Premium Mini Toys X1,3439,4931,1999,430,Amul
3487,Everyday Mini Mixers,3159,4972,14999,259,Samsung
3488,Advanced Imported Cookware Plus,1411,1884,49999,80,Lenovo
3489,Advanced Classic Headphones 2.0,1871,438,2499,404,Godrej
3490,Durable Smart Diapers 2.0,1902,450,499,198,Milton
3491,Compact Deluxe Haircare,2363,4873,999,284,Milton
3492,Portable Deluxe Keyboards Pro,4343,3002,249,163,Mi
3493,Pro Smart Toys Max,321,4260,1499,82,Bata
3494,Compact Classic Gym Equipment Max,2999,2452,29999,151,OnePlus
3495,Classic Local Beauty & Personal Care Plus,235,478,14999,389,Godrej
3496,Durable Mini Earphones Plus,3446,1455,699,299,Noise
3497,Eco Eco-Friendly Home & Kitchen Max,3941,1121,19999,7,Realme
3498,Classic Classic Smartwatches,2341,753,49999,165,Philips
3499,Compact Deluxe Sofas Pro,4248,1595,29999,495,Samsung
3500,Deluxe Budget Lubricants Lite,779,4374,199,3,Havells
3501,Deluxe Smart Cases & Covers 2.0,1891,836,2499,272,Woodland
3502,Compact Smart Automotive Lite,1108,1913,349,151,Adidas
3503,Ultra Pro First Aid,4615,1815,799,37,Havells
3504,Premium Mini Televisions Max,3479,4190,499,362,Dell
3505,Eco Deluxe Stationery X1,4568,4201,2999,486,Cello
3506,Premium Premium Cricket Gear,2022,4111,49999,272,Amul
3507,Lightweight Local Keyboards Lite,1885,4114,399,285,Bajaj
3508,Advanced Premium Non-Fiction Lite,3569,3871,19999,312,Havells
3509,Stylish Pro Tyres,1279,3262,29999,418,Dell
3510,Advanced Storage,33,2296,9999,447,Bata
3511,Premium Classic Pet Supplies,1516,592,199,294,Prestige
3512,Durable Classic Laptops Pro,3828,4786,49999,445,Havells
3513,Smart Pro Car Accessories Pro,789,4392,2499,472,Cello
3514,Deluxe Pro Spices Plus,1962,1473,19999,394,Puma
3515,Eco Mini Diapers X1,4303,3663,1999,134,HP
3516,Compact Deluxe Dog Food,1176,1442,499,230,Noise
3517,Wireless Local Wardrobes Plus,1710,460,1199,62,Samsung
3518,Wireless Budget Grills,4440,1303,499,349,Bata
3519,Stylish Imported Lubricants Max,4977,2601,1199,464,Titan
3520,Lightweight Pro Beverages Plus,2433,3157,999,204,Prestige
3521,Ultra Pro Grooming 2.0,2204,3999,249,14,Amul
3522,Compact Rings Pro,84,319,1499,417,Dell
3523,Classic Budget Sofas Plus,3921,3861,49999,252,Dell
3524,Stylish Local Wardrobes Lite,1684,3632,6999,86,Apple
3525,Stylish Smart Beauty & Personal Care Plus,4648,319,2499,11,Adidas
3526,Compact Mini Dog Food Plus,1018,4654,299,28,Puma
3527,Stylish Premium Drums Lite,2701,1406,299,374,Titan
3528,Wireless Budget Chargers Max,2936,4729,9999,178,Noise
3529,Premium Local Pet Supplies Max,2476,4769,799,135,Mi
3530,Wireless Smart Groceries,3976,1049,349,140,HP
3531,Pro Mini Footwear 2.0,540,4655,14999,7,Wildcraft
3532,Portable Smart Sports Shoes Plus,2698,709,14999,478,Philips
3533,Premium Budget Beverages Lite,3626,2913,349,2,Lenovo
3534,Portable Mobiles & Accessories Lite,11,4241,19999,329,Mi
3535,Compact Smart Action Figures 2.0,704,1735,599,238,Prestige
3536,Stylish Pro Cycling Pro,3738,3627,49999,296,Godrej
3537,Advanced Imported Office Supplies X1,4195,3086,14999,173,Samsung
3538,Wireless Rings Max,84,4855,29999,127,LG
3539,Classic Classic Personal Hygiene Max,1695,1128,999,109,Bata
3540,Smart Classic Mixers Pro,4773,4762,1499,224,Mi
3541,Everyday Deluxe Women's Footwear Plus,1365,419,1499,243,Adidas
3542,Pro Mini Haircare Lite,4117,3390,699,106,Puma
3543,Deluxe Budget Car Accessories Plus,1715,4568,1199,269,Samsung
3544,Durable Eco-Friendly Air Conditioners Plus,1642,147,4999,401,Titan
3545,Portable Imported Beauty & Personal Care,4700,1192,2499,154,Nestle
3546,Compact Premium Grills Lite,1311,510,14999,54,Havells
3547,Everyday Mini Women's Clothing 2.0,2456,4551,3999,115,Nike
3548,Durable Imported Action Figures 2.0,4958,906,999,224,Prestige
3549,Pro Smart Academic,597,2345,349,263,Dell
3550,Smart Pro Ayurveda,4374,4774,19999,374,LG
3551,Everyday Budget Comics Pro,1412,4324,9999,163,Havells
3552,Ultra Eco-Friendly Pet Grooming Plus,895,978,249,130,Samsung
3553,Pro Smart Comics Lite,2338,1081,199,72,Boat
3554,Deluxe Musical Instruments Max,19,4033,29999,52,Dell
3555,Advanced Deluxe Health Care Pro,3317,3557,3999,358,Tata
3556,Premium Pro Toys & Games Max,1462,3084,699,277,Philips
3557,Durable Budget Mobiles & Accessories Lite,1144,4682,14999,40,Amul
3558,Compact Local Action Figures,4664,4337,199,477,Boat
3559,Portable Classic Rings Plus,4424,3827,1999,202,HP
3560,Wireless Local Personal Hygiene,2172,3681,4999,36,Cello
3561,Premium Eco-Friendly Baby Food,749,3809,499,212,Realme
3562,Stylish Budget Snacks Pro,1305,2833,799,431,Fabindia
3563,Ultra Mini Medical Devices 2.0,2229,341,599,190,Mi
3564,Classic Eco-Friendly Baby Clothing Pro,4679,3017,4999,254,Puma
3565,Durable Imported Medical Devices Pro,2757,266,6999,379,Fabindia
3566,Portable Classic Grills,285,2288,4999,467,Boat
3567,Pro Pro Staples 2.0,3255,2074,699,19,Lenovo
3568,Eco Eco-Friendly Laptops Lite,2921,3165,799,329,Milton
3569,Portable Pro Wardrobes X1,4776,3972,9999,80,Fabindia
3570,Everyday Imported Medical Devices Lite,4057,1621,49999,233,Adidas
3571,Portable Pro Beds,2587,4885,599,77,Dell
3572,Advanced Premium Grooming Lite,995,3999,399,217,Cello
3573,Advanced Mini Ayurveda,1342,3679,3999,182,Havells
3574,Ultra Guitars Plus,112,3140,2499,220,Fabindia
3575,Advanced Eco-Friendly Office Supplies Plus,4780,2740,299,393,Dell
3576,Compact Classic Men's Clothing,2675,4864,699,332,Cello
3577,Deluxe Mini Grills,2732,195,599,106,LG
3578,Lightweight Mini Microwaves,4206,1311,9999,16,Woodland
3579,Portable Imported Kids Wear,4834,1235,4999,429,Dell
3580,Compact Smart Power Banks,3363,1835,4999,274,Realme
3581,Compact Smart Medical Devices 2.0,592,1053,29999,356,Realme
3582,Pro Premium Cookware Max,1323,4332,19999,134,Tata
3583,Portable Eco-Friendly Office Supplies 2.0,4780,1142,1199,133,Samsung
3584,Wireless Mini Medical Devices Pro,2229,1862,1999,252,Noise
3585,Lightweight Imported Sports Shoes Lite,898,3165,2999,124,Titan
3586,Lightweight Classic Home Decor,999,2345,349,70,Nestle
3587,Wireless Classic Men's Clothing 2.0,2675,2446,29999,345,Realme
3588,Deluxe Mini First Aid,2879,4083,19999,80,Amul
3589,Pro Eco-Friendly Educational Toys 2.0,4856,2360,19999,408,HP
3590,Portable Smart Car Accessories Plus,1499,1926,199,366,Mi
3591,Durable Classic Garden & Outdoor Plus,943,480,49999,120,Noise
3592,Advanced Smart Fashion 2.0,427,3699,2499,382,Milton
3593,Premium Pro Sofas,3436,4904,199,200,Fabindia
3594,Eco Pro Baby Products X1,3212,541,19999,127,Prestige
3595,Ultra Imported Lighting X1,2143,4842,1499,166,Prestige
3596,Pro Budget Baby Gear Plus,1190,676,49999,197,Wildcraft
3597,Classic Mini Baby Clothing X1,3625,3798,2499,65,HP
3598,Lightweight Eco-Friendly Men's Footwear,2292,4136,499,379,Boat
3599,Smart Smart Baby Gear,4873,2915,399,492,Samsung
3600,Advanced Budget Car Accessories X1,1351,149,199,479,Wildcraft
3601,Pro Imported Staples X1,980,839,9999,499,Prestige
3602,Pro Pro Laptops Pro,3856,3710,399,122,Havells
3603,Pro Mini Outdoor Toys Pro,4168,4913,29999,320,Sony
3604,Portable Deluxe Tyres Plus,944,3328,9999,453,Realme
3605,Premium Pro Garden Tools Lite,3065,4303,1499,85,LG
3606,Compact Drums Lite,114,2358,1499,114,Prestige
3607,Ultra Pro Pet Toys X1,1385,1452,29999,71,Philips
3608,Premium Budget Ayurveda X1,2001,2984,799,347,Milton
3609,Eco Mini Wardrobes Max,4894,470,699,315,Titan
3610,Classic Premium Refrigerators Lite,2883,2187,349,345,HP
3611,Portable Eco-Friendly Groceries Plus,910,714,3999,205,Nestle
3612,Pro Classic Baby Food Max,393,1207,1199,322,Cello
3613,Premium Pro Puzzles Max,1894,1861,6999,354,Cello
3614,Classic Smart Electronics Max,775,2265,599,46,Godrej
3615,Classic Premium Makeup X1,2914,1912,14999,155,Tata
3616,Pro Eco-Friendly Smartphones X1,265,1343,29999,331,Nestle
3617,Classic Deluxe First Aid 2.0,3279,548,29999,131,Milton
3618,Portable Classic Pens Max,345,403,349,56,OnePlus
3619,Ultra Imported Men's Clothing,754,650,6999,415,Mi
3620,Lightweight Eco-Friendly Sports Shoes,3746,1301,349,429,Noise
3621,Pro Premium Baby Food Plus,2716,441,199,352,Sony
3622,Advanced Classic Home Decor Pro,384,2698,4999,301,Wildcraft
3623,Advanced Pro Laptops 2.0,1864,398,29999,499,Wildcraft
3624,Wireless Classic Garden & Outdoor,2593,1846,6999,446,Tata
3625,Eco Classic Spices,1504,2415,399,219,Milton
3626,Eco Deluxe Lighting,436,2997,999,272,Nike
3627,Eco Eco-Friendly Women's Clothing Pro,4417,4211,299,480,Nike
3628,Stylish Classic Sandals Max,3050,4127,1199,283,Wildcraft
3629,Wireless Smart Books X1,1607,4205,499,60,Lenovo
3630,Everyday Pro Refrigerators,4699,1281,399,451,Wildcraft
3631,Lightweight Imported Footwear,4526,1937,1999,449,Fabindia
3632,Premium Imported Snacks Pro,1346,1495,9999,85,Tata
3633,Advanced Mini Cat Food Pro,4584,2341,249,250,Sony
3634,Stylish Lighting X1,121,3169,2499,125,OnePlus
3635,Lightweight Local Men's Footwear 2.0,1482,2306,6999,67,Puma
3636,Wireless Smart Snacks Max,1457,1307,999,293,Lenovo
3637,Deluxe Eco-Friendly Beauty & Personal Care Max,1273,4340,1199,183,Tata
3638,Pro Premium Men's Clothing X1,1617,4859,299,33,HP
3639,Eco Smart Chairs 2.0,3348,1263,1499,153,Prestige
3640,Stylish Budget Running 2.0,3678,2542,49999,217,Wildcraft
3641,Durable Deluxe Baby Products Pro,2304,2843,999,270,Prestige
3642,Stylish Classic Power Banks,2507,3988,1499,308,Cello
3643,Premium Local Baby Products,2583,1170,19999,228,HP
3644,Advanced Local Bracelets Pro,3304,4473,199,240,OnePlus
3645,Eco Pro Sofas X1,316,1475,29999,27,Noise
3646,Compact Deluxe Garden Tools,716,4897,599,23,Adidas
3647,Wireless Mini Comics,4441,531,499,219,Philips
3648,Premium Pro Ayurveda,3127,4711,49999,89,Dell
3649,Deluxe Local Cricket Gear,3629,4113,299,245,Wildcraft
3650,Classic Budget Groceries X1,617,933,999,296,Noise
3651,Everyday Deluxe Children's Books Lite,3869,3537,999,274,HP
3652,Durable Imported Power Banks Lite,4256,2359,1999,311,Nike
3653,Ultra Eco-Friendly Storage Pro,1541,3234,349,275,Tata
3654,Wireless Pro Toys & Games Pro,762,1204,14999,445,Tata
3655,Everyday Deluxe Mixers Plus,1953,3837,19999,104,Mi
3656,Premium Mini Baby Products 2.0,3368,3275,6999,112,Bajaj
3657,Premium Budget Grills,4440,3148,2499,330,HP
3658,Compact Smart Furniture Plus,4530,3224,2499,43,Milton
3659,Compact Budget Headphones,2577,1004,1499,383,Apple
3660,Pro Smart Comics Max,2338,1744,799,300,Bajaj
3661,Eco Pro Bangles Lite,4659,2097,14999,41,Nike
3662,Smart Budget Puzzles Lite,2865,2314,1199,481,Prestige
3663,Advanced Classic Smartphones Pro,1863,4144,1199,412,Cello
3664,Classic Budget Bike Accessories X1,2090,1071,3999,400,Samsung
3665,Everyday Smart Staples,4576,4413,4999,207,Amul
3666,Smart Classic Violins Lite,4709,2755,6999,221,Noise
3667,Smart Mini Beds X1,1349,4496,19999,316,Fabindia
3668,Pro Mini Baby Clothing,361,2688,1999,240,Cello
3669,Deluxe Mini Lighting Max,2505,4811,49999,53,Tata
3670,Lightweight Local Aquarium,2905,949,1999,197,Nestle
3671,Ultra Imported Books Pro,2344,1731,799,102,Nestle
3672,Wireless Imported Outdoor Furniture Lite,1078,4059,19999,340,Godrej
3673,Compact Smart Baby Food Pro,4304,2495,4999,256,Tata
3674,Premium Classic Microwaves X1,4884,2194,6999,398,LG
3675,Wireless Eco-Friendly Wardrobes X1,1992,3278,999,452,Bata
3676,Portable Local Makeup Lite,2458,3945,699,43,Woodland
3677,Premium Pro Garden Tools Plus,3365,1269,999,52,Wildcraft
3678,Durable Premium Rings,3798,423,49999,54,Puma
3679,Portable Premium Toys Pro,4078,2083,499,108,Puma
3680,Wireless Premium Appliances 2.0,4396,2211,2499,282,Puma
3681,Eco Pro Cameras Plus,3581,4592,799,413,Cello
3682,Compact Imported Home & Kitchen,3081,4392,1199,484,Noise
3683,Compact Smart Pens 2.0,4342,4286,1999,145,Wildcraft
3684,Pro Imported Drums Pro,1542,3496,999,153,HP
3685,Eco Eco-Friendly Automotive,4005,3537,249,106,Tata
3686,Deluxe Budget Groceries Plus,2839,977,49999,207,Havells
3687,Lightweight Premium Kids Footwear 2.0,3499,3751,299,71,Philips
3688,Pro Pro Washing Machines Lite,2014,274,999,175,Wildcraft
3689,Compact Local Toys,4566,3456,249,244,Puma
3690,Ultra Eco-Friendly Appliances Max,2588,4526,9999,183,Philips
3691,Everyday Smart Supplements,2941,1276,1199,210,Apple
3692,Everyday Imported Men's Footwear Max,4039,2157,9999,292,Puma
3693,Eco Budget Pet Grooming,4003,1662,499,431,Samsung
3694,Premium Imported Appliances Max,4120,3709,3999,131,Prestige
3695,Advanced Deluxe Fiction Plus,4388,2895,249,270,Amul
3696,Eco Deluxe Women's Clothing X1,2523,3393,399,336,Sony
3697,Advanced Budget Beverages,4475,1316,4999,443,Bajaj
3698,Ultra Imported Outdoor Furniture Lite,706,1368,14999,190,Boat
3699,Deluxe Classic Musical Instruments X1,211,4860,1199,207,Sony
3700,Everyday Mini Mixers X1,2245,4319,14999,134,Bata
3701,Portable Pro Baby Food,137,2237,399,473,Nike
3702,Portable Premium Drums X1,1783,2809,199,272,Noise
3703,Eco Eco-Friendly Snacks,1324,4217,29999,254,Mi
3704,Compact Local Beauty & Personal Care,235,661,19999,329,Sony
3705,Everyday Imported Beverages Plus,559,236,1499,119,Realme
3706,Pro Smart Sandals X1,3412,2900,199,386,HP
3707,Smart Eco-Friendly Women's Footwear Pro,2096,477,299,234,Milton
3708,Durable Imported Comics Pro,4311,4041,199,362,Puma
3709,Eco Local Earrings Lite,4392,2727,499,18,Mi
3710,Smart Smart Books,570,127,3999,336,Philips
3711,Ultra Smart Fragrances,4895,4687,299,60,Wildcraft
3712,Durable Mini Lighting,2668,1956,249,111,Godrej
3713,Compact Budget Pet Supplies Max,3039,1407,249,260,Apple
3714,Stylish Deluxe Fiction X1,4388,1973,19999,236,OnePlus
3715,Classic Smart Beverages 2.0,1768,3724,499,196,Apple
3716,Durable Deluxe Comics,3791,262,349,342,Wildcraft
3717,Stylish Premium Fiction Max,2660,3343,499,324,LG
3718,Deluxe Eco-Friendly Ethnic Wear Max,2059,4267,199,207,Bajaj
3719,Durable Imported Staples,1140,1448,3999,184,Wildcraft
3720,Premium Pro Dog Food,645,2782,799,298,Havells
3721,Everyday Mini Headphones Max,3668,2292,349,461,Philips
3722,Deluxe Budget Cameras,2963,371,199,95,Apple
3723,Advanced Eco-Friendly Drums Max,4150,3432,199,97,Woodland
3724,Smart Budget Drums Pro,3983,1903,599,420,Bajaj
3725,Portable Budget Automotive X1,4372,4234,999,323,Puma
3726,Lightweight Imported Jewellery Pro,2602,3720,1999,369,Woodland
3727,Premium Budget Fashion,674,3246,399,96,Nike
3728,Pro Classic Musical Instruments Pro,211,3205,699,402,Apple
3729,Deluxe Smart Pet Toys Plus,4408,2640,499,63,Fabindia
3730,Classic Eco-Friendly Toys X1,3748,2130,49999,103,Bata
3731,Classic Budget Mixers Plus,3650,1680,19999,97,Adidas
3732,Premium Smart Toys & Games X1,4661,168,249,135,Titan
3733,Portable Mini Lighting X1,2959,491,4999,217,Wildcraft
3734,Advanced Premium Accessories Pro,4786,1906,999,91,Dell
3735,Smart Mini Lubricants X1,1798,253,2999,240,Noise
3736,Advanced Deluxe Keyboards Lite,2752,2907,49999,90,Wildcraft
3737,Advanced Pro Storage Pro,1080,2251,799,395,Tata
3738,Wireless Local Lighting 2.0,2836,523,14999,156,Havells
3739,Wireless Smart Power Banks,4827,344,499,164,Puma
3740,Deluxe Classic Refrigerators 2.0,3399,3960,999,145,Nestle
3741,Lightweight Budget Home Decor Max,4885,1338,6999,349,Nestle
3742,Compact Premium Sports & Fitness Plus,2733,2683,2499,394,Nestle
3743,Eco Imported Sandals Pro,4842,2473,49999,128,Philips
3744,Premium Eco-Friendly Medical Devices X1,4411,4967,399,137,Puma
3745,Wireless Eco-Friendly Beverages Lite,3601,1844,1199,247,Samsung
3746,Advanced Imported Men's Footwear,1090,1705,2499,302,Milton
3747,Classic Smart Mobiles & Accessories Pro,2689,411,1499,346,HP
3748,Eco Mini Mobiles & Accessories Max,3314,1424,2999,403,Bata
3749,Everyday Budget Academic,1660,4843,2999,176,Dell
3750,Wireless Smart Microwaves X1,4785,4763,349,346,Apple
3751,Premium Pro Refrigerators Max,1515,2169,249,43,Woodland
3752,Wireless Eco-Friendly Medical Devices,1325,4031,49999,200,Lenovo
3753,Stylish Pro Sandals Plus,1723,4614,6999,472,Dell
3754,Compact Classic Aquarium Max,1070,4016,6999,387,Amul
3755,Classic Mini Washing Machines 2.0,1158,4715,2499,110,Titan
3756,Eco Local Sports Shoes Max,4231,280,349,416,Havells
3757,Deluxe Imported Kids Wear,580,3439,14999,411,Noise
3758,Wireless Eco-Friendly Dairy 2.0,1136,3915,399,433,Philips
3759,Ultra Smart Electronics,1677,1671,399,420,Apple
3760,Portable Smart Baby Clothing X1,1097,558,349,238,Bata
3761,Everyday Imported Notebooks 2.0,4879,1898,499,346,Puma
3762,Premium Budget Beds,1919,1130,1499,187,Havells
3763,Smart Local Microwaves Plus,3258,4212,349,401,Milton
3764,Pro Mini Smartphones Pro,3712,351,199,225,Woodland
3765,Compact Classic Cycling Pro,711,3593,299,61,Wildcraft
3766,Advanced Premium Bedding Max,2985,4590,2999,189,HP
3767,Premium Budget Car Accessories,4549,4083,349,70,Titan
3768,Premium Classic Office Supplies,4813,1386,349,107,Fabindia
3769,Advanced Budget Fashion,2799,3909,799,295,Mi
3770,Durable Imported Beauty & Personal Care Max,3294,3006,299,184,Godrej
3771,Lightweight Classic Gym Equipment Plus,4013,4139,1199,427,Prestige
3772,Deluxe Pro Cameras Lite,1732,3649,4999,280,Philips
3773,Advanced Eco-Friendly Headphones,950,2706,499,59,Havells
3774,Smart Smart Lighting,4056,3417,19999,56,Havells
3775,Classic Mini Chairs,2697,4906,699,78,Tata
3776,Eco Smart Fragrances X1,929,1510,499,220,Bajaj
3777,Stylish Local Children's Books 2.0,2339,1721,9999,97,Bata
3778,Durable Imported Cat Food Pro,154,4658,349,418,HP
3779,Ultra Smart Televisions Lite,3307,1029,6999,490,Samsung
3780,Stylish Mini Non-Fiction Plus,2797,88,999,380,Samsung
3781,Eco Eco-Friendly Baby Products 2.0,3220,974,1199,497,Woodland
3782,Compact Pro Laptops,931,4654,249,316,Titan
3783,Deluxe Imported Winter Wear Pro,3867,1894,399,40,Bajaj
3784,Ultra Notebooks Plus,97,4080,349,395,Havells
3785,Pro Classic Chargers Pro,1375,1471,1499,204,HP
3786,Wireless Premium Tyres Plus,1571,210,14999,222,Dell
3787,Premium Eco-Friendly Televisions X1,1212,130,1999,318,HP
3788,Pro Local Power Banks,493,4834,29999,295,Amul
3789,Pro Eco-Friendly Speakers X1,308,1565,999,228,Cello
3790,Portable Classic Bedding 2.0,3946,1512,9999,15,Boat
3791,Durable Mini Air Conditioners Lite,2953,1116,9999,314,Realme
3792,Wireless Mini Cookware,4589,4890,299,184,Havells
3793,Lightweight Classic Toys & Games 2.0,249,785,2999,427,OnePlus
3794,Advanced Imported Health Care X1,4141,1442,49999,126,Godrej
3795,Wireless Eco-Friendly Skincare Max,204,217,1499,205,Nestle
3796,Pro Eco-Friendly Pens Plus,190,4132,799,354,Nike
3797,Wireless Local Car Accessories,2002,2203,49999,160,Samsung
3798,Classic Budget Pet Grooming,3549,3131,2999,126,Titan
3799,Wireless Pro Keyboards,1616,4957,29999,159,Woodland
3800,Classic Smart Yoga Lite,2158,818,1199,121,Sony
3801,Wireless Pro Kids Footwear Max,2045,364,9999,497,Lenovo
3802,Eco Classic Bangles,2536,4115,599,279,Godrej
3803,Premium Eco-Friendly Beds Plus,228,4465,599,436,Boat
3804,Durable Smart Tools Lite,4335,4068,249,456,Realme
3805,Compact Imported Books Lite,1047,4478,699,349,Bajaj
3806,Smart Eco-Friendly Health Care Plus,3762,1466,29999,428,Godrej
3807,Compact Deluxe Baby Food 2.0,3961,1717,799,65,Dell
3808,Lightweight Budget Bracelets Pro,1299,2770,6999,446,Fabindia
3809,Durable Mini Baby Clothing,361,1432,399,474,Sony
3810,Classic Eco-Friendly Academic,4542,2645,3999,380,Prestige
3811,Stylish Smart Tools X1,4447,3377,299,327,Amul
3812,Durable Smart Winter Wear X1,279,3734,599,237,Lenovo
3813,Smart Imported Storage 2.0,4985,4554,499,56,Dell
3814,Premium Imported Beds,4518,2923,299,229,OnePlus
3815,Lightweight Imported Non-Fiction Pro,2432,1379,49999,483,LG
3816,Lightweight Deluxe Lighting Lite,2904,3689,249,144,Mi
3817,Durable Premium Kids Footwear Lite,4077,4368,6999,498,Nestle
3818,Advanced Pro Toys & Games Pro,1850,4737,249,389,Tata
3819,Pro Eco-Friendly Furniture,1146,1659,199,269,Bajaj
3820,Ultra Smart Footwear,4514,320,799,140,Mi
3821,Advanced Pro Bangles Max,1057,1460,6999,419,Lenovo
3822,Portable Eco-Friendly Jewellery Plus,2600,650,49999,35,Nestle
3823,Advanced Local Garden & Outdoor Pro,4571,3586,599,134,Boat
3824,Eco Pro Baby Clothing,2737,70,1999,441,Tata
3825,Advanced Premium Refrigerators,880,4339,1499,266,Samsung
3826,Ultra Premium Lighting Lite,1115,56,699,90,Nike
3827,Durable Budget Chairs,2148,92,1499,88,Tata
3828,Advanced Smart Ethnic Wear Plus,844,3994,2499,298,Apple
3829,Portable Eco-Friendly Jewellery Pro,1938,4124,399,55,Sony
3830,Compact Eco-Friendly Smartphones,4081,2382,14999,313,LG
3831,Deluxe Smart Electronics,1675,2096,49999,73,Prestige
3832,Stylish Budget Educational Toys Pro,1751,2402,349,443,Realme
3833,Eco Classic Tools Plus,4044,4860,2999,120,Tata
3834,Durable Budget Action Figures Lite,4972,3659,6999,37,Sony
3835,Durable Imported Cat Food X1,2863,4882,49999,62,Bajaj
3836,Ultra Budget Automotive X1,4805,2942,1199,475,Puma
3837,Portable Premium Bracelets Max,2747,4923,799,159,Adidas
3838,Smart Eco-Friendly Men's Footwear Lite,2292,1345,6999,10,Nike
3839,Premium Pro Board Games,3864,478,699,492,Adidas
3840,Advanced Classic Puzzles,2044,1903,2999,373,Milton
3841,Compact Imported Mobiles & Accessories Max,4191,4438,499,293,Dell
3842,Ultra Smart Speakers Pro,4105,1058,19999,297,Cello
3843,Ultra Pro Aquarium X1,987,1885,49999,359,Bata
3844,Portable Smart Cameras,2468,2220,1999,145,Tata
3845,Deluxe Smart Winter Wear Plus,1805,4339,29999,26,Cello
3846,Eco Local Toys & Games Max,2930,2840,9999,296,Samsung
3847,Premium Premium Haircare X1,2971,3813,349,334,Realme
3848,Premium Local Pet Toys Lite,4334,2552,6999,131,Havells
3849,Lightweight Classic Furniture Plus,1357,4165,699,478,Lenovo
3850,Deluxe Classic Washing Machines 2.0,4257,4712,2999,288,Titan
3851,Wireless Local Cookware Max,1740,1706,19999,105,Havells
3852,Lightweight Eco-Friendly Home & Kitchen X1,3941,2371,2999,411,Woodland
3853,Stylish Deluxe Sports & Fitness 2.0,517,2539,14999,341,Milton
3854,Classic Budget Academic X1,3468,1635,4999,482,Fabindia
3855,Deluxe Smart Rings,589,2133,1999,36,Nike
3856,Pro Classic Lighting 2.0,2497,1917,2499,428,Dell
3857,Classic Premium Cases & Covers,4715,4171,9999,58,Sony
3858,Smart Smart Ethnic Wear,603,509,14999,116,Bata
3859,Compact Classic Yoga Plus,2309,575,4999,271,Prestige
3860,Portable Mini Personal Hygiene Max,1553,4941,1199,327,Dell
3861,Eco Pro Sandals Pro,2519,540,999,411,Dell
3862,Everyday Premium Yoga,3776,3606,49999,381,Havells
3863,Wireless Mini First Aid X1,3264,3262,349,387,Philips
3864,Pro Classic Sandals X1,4182,2163,4999,466,Cello
3865,Premium Smart Ethnic Wear Lite,1687,3076,999,44,Puma
3866,Ultra Deluxe Medical Devices Max,3920,159,1499,65,Woodland
3867,Portable Pro Dairy Max,1405,2709,399,368,Samsung
3868,Ultra Deluxe Kids Wear Pro,3693,3161,499,113,Nike
3869,Premium Budget Beds Pro,848,1701,9999,330,Milton
3870,Advanced Budget Puzzles 2.0,2554,1585,9999,490,Mi
3871,Premium Local Bike Accessories X1,2696,3303,599,271,Apple
3872,Wireless Deluxe Sofas 2.0,4248,4581,1199,404,Apple
3873,Premium Smart Dog Food Pro,2646,115,49999,111,Cello
3874,Durable Eco-Friendly Books,1182,4114,49999,224,Noise
3875,Portable Premium Art Supplies Plus,1841,729,2999,105,Bata
3876,Smart Budget Haircare 2.0,2156,535,2999,92,Mi
3877,Stylish Pro Health Care X1,342,670,1499,185,Prestige
3878,Advanced Classic Lighting Plus,897,2780,1999,245,Godrej
3879,Classic Local Plants,4282,2728,9999,365,Bajaj
3880,Deluxe Imported Educational Toys,4162,3249,4999,378,Wildcraft
3881,Everyday Mini Sports & Fitness Max,4650,226,249,370,Dell
3882,Pro Mini Smartphones,1585,1149,399,451,Milton
3883,Eco Local Car Accessories Plus,1934,472,499,274,Samsung
3884,Pro Imported Books Pro,2344,2381,399,1,Milton
3885,Premium Pro Storage 2.0,364,3545,3999,188,Nestle
3886,Advanced Classic Fashion 2.0,1851,3607,1199,47,Bata
3887,Everyday Imported Home & Kitchen X1,1459,4864,1499,292,Bata
3888,Everyday Pro Pet Toys 2.0,2246,2281,2999,0,Apple
3889,Deluxe Imported Earrings,565,3137,399,413,Apple
3890,Pro Deluxe Sandals Lite,3880,3069,1199,203,Tata
3891,Lightweight Pro Chairs X1,3646,3675,599,361,Adidas
3892,Premium Budget Bracelets Pro,2003,1343,249,23,Dell
3893,Advanced Imported Jewellery Max,1671,3915,49999,386,Tata
3894,Stylish Deluxe Tyres X1,4147,2782,249,385,Prestige
3895,Stylish Eco-Friendly Earrings Lite,4020,3794,6999,390,Titan
3896,Lightweight Eco-Friendly Electronics X1,3663,4326,999,423,Nike
3897,Advanced Premium Grooming Pro,307,3290,1499,197,Wildcraft
3898,Smart Pro Board Games Max,2283,1715,249,227,Tata
3899,Deluxe Mini First Aid Lite,1285,1836,199,232,Woodland
3900,Smart Eco-Friendly Car Accessories Lite,4717,276,1499,86,Boat
3901,Classic Local Cycling X1,438,3767,49999,470,Lenovo
3902,Lightweight Pro Plants,2471,445,249,337,Lenovo
3903,Advanced Smart Non-Fiction,4531,3376,2999,120,Godrej
3904,Stylish Smart Cases & Covers X1,4966,3880,3999,331,Apple
3905,Smart Smart Cycling Lite,806,3461,1999,410,Boat
3906,Advanced Budget Cases & Covers Lite,3424,946,6999,242,Titan
3907,Everyday Imported Electronics Plus,4986,4790,999,496,Realme
3908,Lightweight Local Automotive Max,3011,2028,19999,344,Sony
3909,Deluxe Premium Garden Tools Lite,1587,1801,4999,49,Woodland
3910,Pro Premium Drums,133,2356,29999,422,Puma
3911,Advanced Classic Men's Clothing 2.0,2240,4447,299,187,Amul
3912,Premium Classic Violins,1107,3214,199,340,Bajaj
3913,Lightweight Televisions Pro,25,3305,9999,287,Puma
3914,Ultra Smart Home & Kitchen,433,2612,1999,143,LG
3915,Stylish Mini Pet Grooming Max,1040,4817,49999,91,Wildcraft
3916,Lightweight Budget Home Decor X1,4238,4766,349,413,Nike
3917,Stylish Classic Diapers Lite,4901,3669,2499,322,Nike
3918,Ultra Smart Women's Clothing Lite,3979,2747,1199,123,Apple
3919,Durable Smart Kids Wear X1,1803,1295,399,439,Godrej
3920,Stylish Premium Bike Accessories Plus,2945,4214,799,349,Cello
3921,Everyday Mini Beverages 2.0,3233,1353,599,37,Puma
3922,Stylish Local Men's Footwear Pro,3453,4269,349,146,Havells
3923,Compact Premium Musical Instruments Max,602,514,1999,408,Milton
3924,Pro Premium Spices,1718,4277,14999,314,Sony
3925,Deluxe Deluxe Medical Devices X1,3920,772,1199,435,Fabindia
3926,Deluxe Pro Board Games Pro,4250,2832,4999,103,LG
3927,Everyday Mini Mixers Lite,4140,4944,1499,290,Amul
3928,Portable Pro Home Decor Max,3554,2909,199,394,Adidas
3929,Premium Eco-Friendly Grills 2.0,4641,2076,1999,414,Woodland
3930,Ultra Classic Lighting Lite,1831,777,4999,347,Fabindia
3931,Classic Pro Baby Food 2.0,137,4477,499,166,Dell
3932,Stylish Budget First Aid X1,1312,1387,6999,212,Realme
3933,Everyday Smart Cricket Gear,1513,696,9999,322,Apple
3934,Pro Budget Sofas 2.0,275,450,999,326,Noise
3935,Compact Premium Televisions Lite,2024,2880,19999,244,Philips
3936,Lightweight Mini Wardrobes Plus,1396,4638,249,331,Philips
3937,Durable Classic Women's Footwear Lite,1699,2581,9999,9,Milton
3938,Portable Smart Action Figures,4949,81,499,270,Wildcraft
3939,Lightweight Mini Notebooks,857,3242,399,97,Puma
3940,Everyday Budget Tables Max,4299,4402,29999,421,Puma
3941,Deluxe Classic Yoga Lite,4448,779,3999,450,Tata
3942,Advanced Mini Violins Plus,2258,1,2499,188,Havells
3943,Pro Deluxe Home & Kitchen Max,2907,1084,799,241,Titan
3944,Durable Eco-Friendly Smartwatches,1588,1974,6999,231,Cello
3945,Wireless Eco-Friendly Action Figures,1278,1583,3999,390,Nike
3946,Lightweight Deluxe Sofas X1,499,2158,999,113,Philips
3947,Everyday Premium Baby Food Max,1261,2623,2499,417,Nike
3948,Durable Imported Toys Plus,796,3083,1499,92,Havells
3949,Pro Imported Grooming Lite,2174,4462,799,498,Woodland
3950,Advanced Eco-Friendly Winter Wear X1,3080,1636,4999,473,Woodland
3951,Smart Premium Fashion,473,2838,19999,122,Lenovo
3952,Deluxe Local Academic,2215,4134,6999,204,Milton
3953,Smart Premium Spices Plus,3633,3277,2499,143,Puma
3954,Stylish Premium Toys & Games 2.0,3009,280,199,310,Dell
3955,Lightweight Local Comics Max,1194,2924,4999,468,Cello
3956,Lightweight Budget Chairs Lite,2515,2940,1199,102,Havells
3957,Premium Premium Cameras,3551,1564,699,267,Bajaj
3958,Lightweight Budget Tyres Pro,1314,2353,9999,337,Bajaj
3959,Smart Classic Tyres Max,2201,2833,499,178,Noise
3960,Ultra Budget Furniture 2.0,1014,4361,249,172,Nike
3961,Classic Eco-Friendly Keyboards X1,124,3461,2999,322,Titan
3962,Premium Classic Health Care Pro,4704,4931,2999,404,Cello
3963,Eco Premium Jewellery Plus,2161,1790,799,328,Godrej
3964,Lightweight Mini Bedding 2.0,4413,1795,49999,408,Boat
3965,Everyday Budget Lighting,3012,4401,249,409,Apple
3966,Pro Local Appliances 2.0,4443,786,29999,170,Milton
3967,Advanced Deluxe Microwaves Max,2051,4081,1999,368,OnePlus
3968,Classic Smart Grills 2.0,179,853,6999,387,Cello
3969,Durable Imported Grills X1,4777,331,1999,455,Milton
3970,Stylish Budget Washing Machines Max,3824,4232,29999,165,Philips
3971,Lightweight Smart Appliances Pro,4779,1523,1499,406,Lenovo
3972,Eco Eco-Friendly Smartwatches Lite,3631,4473,1199,362,Apple
3973,Wireless Pro Automotive X1,3239,2231,9999,394,Tata
3974,Stylish Smart Cycling 2.0,806,97,499,330,Lenovo
3975,Durable Premium Cat Food,1187,4064,349,448,Mi
3976,Premium Mini Furniture Lite,726,826,249,249,Realme
3977,Ultra Deluxe Gym Equipment Pro,2935,1670,349,312,HP
3978,Advanced Imported Outdoor Toys Plus,3579,2376,19999,269,OnePlus
3979,Advanced Smart Academic,601,4371,3999,337,Havells
3980,Everyday Pro Cases & Covers 2.0,2828,2828,349,187,Cello
3981,Premium Mini Keyboards,2901,3096,2999,215,Samsung
3982,Everyday Smart Headphones X1,3493,1145,699,313,Boat
3983,Portable Smart Keyboards,4011,3394,199,241,Dell
3984,Smart Smart Home Decor Lite,3565,3960,3999,231,Cello
3985,Lightweight Pro First Aid,2493,4066,499,130,Adidas
3986,Lightweight Mini Cat Food,4584,1226,2999,22,Apple
3987,Deluxe Classic Snacks,3964,889,6999,119,OnePlus
3988,Premium Deluxe Sandals,4677,2208,599,122,Milton
3989,Portable Pro Baby Products X1,297,4001,2499,42,Amul
3990,Classic Imported Health Care Pro,311,4426,599,281,Adidas
3991,Pro Smart Books Max,4702,4341,1199,76,Puma
3992,Everyday Smart Earrings Max,2431,4415,1499,192,Nestle
3993,Stylish Mini Pet Grooming Lite,1040,4425,4999,202,Realme
3994,Deluxe Mini Academic X1,2186,2084,1199,97,Amul
3995,Durable Deluxe Winter Wear Pro,388,1988,999,180,Dell
3996,Smart Pro Dairy,3729,3610,999,88,Nike
3997,Wireless Pro Bedding Lite,2868,4718,2999,38,Dell
3998,Advanced Imported Jewellery X1,639,1449,699,226,Milton
3999,Premium Classic Fashion,1835,1010,299,471,Cello
4000,Lightweight Pro Pet Supplies 2.0,147,2206,4999,104,Sony
4001,Classic Pro Pet Supplies,1391,3929,6999,269,Sony
4002,Stylish Deluxe Guitars,3060,4652,1999,110,Godrej
4003,Everyday Deluxe Guitars 2.0,1890,4643,1499,336,Puma
4004,Portable Pro Winter Wear 2.0,4145,1946,299,450,Sony
4005,Smart Classic Laptops,1608,3598,2499,370,Havells
4006,Lightweight Budget Toys & Games,616,4799,4999,137,Realme
4007,Ultra Local Refrigerators Pro,1604,4256,2999,458,Godrej
4008,Durable Eco-Friendly Bike Accessories,1755,3087,699,130,Bajaj
4009,Lightweight Premium Women's Footwear 2.0,1719,2004,699,346,Samsung
4010,Lightweight Premium Earrings,1532,2626,2499,465,Apple
4011,Lightweight Pro Gym Equipment X1,3268,3188,999,381,Nike
4012,Wireless Eco-Friendly Gym Equipment X1,2957,928,2499,81,HP
4013,Lightweight Budget Microwaves,2919,1053,4999,2,Lenovo
4014,Stylish Budget Pet Supplies Plus,641,194,599,401,Puma
4015,Smart Smart Home & Kitchen X1,2397,4395,1999,15,Bajaj
4016,Stylish Eco-Friendly Snacks Plus,3792,4386,2499,116,Amul
4017,Everyday Eco-Friendly Smartphones,3413,1109,799,22,Puma
4018,Portable Smart Action Figures Pro,2952,1082,499,176,Amul
4019,Stylish Budget Mobiles & Accessories Max,1144,92,699,182,Sony
4020,Ultra Smart Lubricants,1322,1700,2999,145,Wildcraft
4021,Classic Eco-Friendly Dairy Plus,3042,667,499,472,Bajaj
4022,Durable Pro Electronics,497,1981,9999,148,Amul
4023,Ultra Home Decor Plus,34,2261,1199,362,HP
4024,Lightweight Deluxe Fragrances 2.0,3052,3849,399,89,Mi
4025,Advanced Mini Haircare,4761,3807,349,86,Cello
4026,Ultra Classic Rings 2.0,4424,2821,3999,24,Havells
4027,Everyday Art Supplies,99,1325,49999,99,Bata
4028,Ultra Imported Pet Toys X1,1951,4282,3999,185,Boat
4029,Portable Local Winter Wear Lite,3284,3833,199,279,Realme
4030,Smart Eco-Friendly Sandals Lite,4857,4893,29999,374,Adidas
4031,Advanced Budget Footwear Plus,2307,4782,2999,42,HP
4032,Ultra Premium Baby Food X1,3687,89,999,88,LG
4033,Portable Premium Pet Supplies Max,2670,1686,999,99,Bata
4034,Premium Local Sports & Fitness Max,3206,2846,2999,460,Wildcraft
4035,Deluxe Smart Refrigerators,882,3374,499,319,Samsung
4036,Lightweight Pro Office Supplies 2.0,234,997,14999,337,Dell
4037,Lightweight Premium Cookware Lite,2450,1575,1199,18,Mi
4038,Classic Mini Beauty & Personal Care X1,3086,4817,29999,364,Prestige
4039,Ultra Deluxe First Aid,3279,3617,2999,271,Titan
4040,Durable Pro Baby Products,487,3038,199,442,Milton
4041,Durable Budget Car Accessories Plus,1351,2172,499,301,Bajaj
4042,Eco Mini Cookware 2.0,4693,4436,29999,484,Noise
4043,Lightweight Pro Comics Max,2761,24,399,342,Sony
4044,Deluxe Deluxe Garden Tools Lite,2448,4580,29999,398,Puma
4045,Portable Premium Gym Equipment Plus,241,3776,19999,445,Havells
4046,Durable Deluxe Diapers Lite,4196,2897,1199,212,Havells
4047,Pro Eco-Friendly Wardrobes X1,2423,2967,9999,208,Bajaj
4048,Stylish Eco-Friendly Air Conditioners 2.0,1642,460,599,35,Amul
4049,Stylish Classic Speakers X1,2082,203,9999,471,Milton
4050,Everyday Pro Ayurveda Max,4278,2039,1199,465,Boat
4051,Stylish Budget Gym Equipment,2462,584,699,15,Bata
4052,Everyday Baby Products Plus,18,3161,2999,88,HP
4053,Durable Premium Kids Wear Pro,2514,4728,699,40,Boat
4054,Wireless Deluxe Baby Clothing X1,1011,3397,6999,96,HP
4055,Wireless Premium Electronics,4218,260,699,33,Nestle
4056,Deluxe Smart Educational Toys Plus,2347,3126,399,389,Titan
4057,Durable Imported Groceries Max,259,4990,1499,206,Havells
4058,Compact Imported Laptops Pro,4026,2181,49999,454,Havells
4059,Premium Pro Pens X1,1880,2147,399,40,Woodland
4060,Advanced Mini Beds 2.0,770,3557,599,488,Bajaj
4061,Deluxe Mini Toys & Games Pro,3830,3409,1499,355,LG
4062,Deluxe Classic Headphones X1,4116,3518,299,339,Samsung
4063,Advanced Mini Appliances Max,1104,4024,29999,259,Woodland
4064,Advanced Smart Cases & Covers,671,4910,4999,25,Woodland
4065,Compact Pro Women's Clothing Pro,186,1124,2499,180,Nestle
4066,Stylish Deluxe Beverages,2023,2248,49999,208,Woodland
4067,Smart Local Cricket Gear 2.0,1064,1042,599,279,Woodland
4068,Portable Smart Home & Kitchen Lite,433,4038,349,128,Woodland
4069,Eco Premium Baby Clothing 2.0,3315,3820,4999,50,Nike
4070,Advanced Budget Yoga Max,4553,3546,699,436,Philips
4071,Eco Smart Lubricants Pro,886,1406,3999,237,Wildcraft
4072,Classic Local Educational Toys Pro,1954,4344,249,303,Prestige
4073,Ultra Budget Air Conditioners Pro,3593,2366,249,381,Havells
4074,Ultra Deluxe Chairs,4432,3029,19999,74,LG
4075,Pro Local Bedding X1,3710,894,349,450,Titan
4076,Portable Deluxe Spices,1631,1559,1499,216,Nestle
4077,Durable Imported Kids Wear Max,4932,903,1499,154,Godrej
4078,Classic Deluxe Ayurveda Plus,3966,4642,399,455,Milton
4079,Smart Mini Home & Kitchen,3511,4975,399,243,Philips
4080,Pro Eco-Friendly Educational Toys,1480,3866,1999,106,OnePlus
4081,Durable Eco-Friendly Cookware Max,2576,4163,499,36,Bajaj
4082,Lightweight Pro Baby Clothing Max,3271,2995,499,184,Dell
4083,Durable Eco-Friendly Jewellery,1200,1709,599,251,Tata
4084,Premium Local Garden & Outdoor Plus,2915,887,249,21,Dell
4085,Stylish Budget Keyboards Pro,933,2203,19999,73,Boat
4086,Premium Grills 2.0,120,354,999,357,Adidas
4087,Advanced Deluxe Children's Books Lite,3869,3572,1499,363,HP
4088,Portable Eco-Friendly Beds 2.0,440,4595,6999,416,Cello
4089,Compact Imported Storage Pro,4985,1454,1499,39,Noise
4090,Compact Local Books,4581,2448,2499,473,Titan
4091,Durable Fiction Pro,47,1273,249,287,Milton
4092,Lightweight Deluxe Personal Hygiene Lite,3643,2448,29999,416,Tata
4093,Premium Deluxe Violins Max,1591,22,49999,221,Sony
4094,Eco Pro Car Accessories 2.0,222,1822,1999,371,Puma
4095,Portable Budget Dairy X1,2804,4885,249,467,Fabindia
4096,Deluxe Deluxe Home & Kitchen 2.0,2581,2009,999,72,OnePlus
4097,Eco Mini Ethnic Wear 2.0,4292,3486,799,375,Amul
4098,Smart Classic Notebooks,1027,3103,599,107,Cello
4099,Eco Budget Health Care 2.0,4167,2957,399,75,Tata
4100,Pro Smart Toys & Games,4661,3946,6999,128,Mi
4101,Compact Premium Microwaves Max,1066,1904,299,265,Adidas
4102,Classic Smart Pet Toys Plus,2805,1396,399,198,Milton
4103,Advanced Pro Furniture,420,4594,999,196,Cello
4104,Wireless Budget Tables X1,2768,1165,49999,224,Cello
4105,Eco Deluxe Baby Gear Pro,1149,2683,9999,274,Mi
4106,Deluxe Mini Cricket Gear 2.0,4797,1322,14999,130,Godrej
4107,Lightweight Classic Spices Max,1504,1290,349,252,Philips
4108,Eco Deluxe Books Pro,2961,1500,1499,143,OnePlus
4109,Classic Classic Drums Lite,3984,225,3999,247,Apple
4110,Deluxe Classic Televisions Pro,2643,2642,1199,201,Adidas
4111,Ultra Deluxe Jewellery,3034,3679,2499,6,Philips
4112,Smart Budget Tables X1,2768,4585,499,317,HP
4113,Classic Premium Pet Supplies Plus,2375,155,699,327,Bata
4114,Wireless Headphones Plus,23,2265,1499,76,Bata
4115,Deluxe Deluxe Haircare Plus,3451,3062,6999,232,Woodland
4116,Smart Imported Groceries X1,259,4914,999,299,Nestle
4117,Compact Imported Washing Machines 2.0,4457,1753,299,489,Nestle
4118,Classic Premium Grills,1311,3543,2499,326,Nike
4119,Eco Mini Academic,2179,1407,4999,303,Adidas
4120,Compact Smart Footwear 2.0,917,3834,1199,249,Milton
4121,Premium Deluxe Beds X1,4956,4256,349,189,Godrej
4122,Pro Smart Storage,3813,4930,1199,12,Tata
4123,Durable Eco-Friendly Microwaves Lite,1327,4273,1499,301,HP
4124,Deluxe Mini Jewellery,1824,2241,3999,187,Nike
4125,Compact Smart Home Decor Pro,3565,4991,6999,457,Nestle
4126,Pro Classic Headphones,4116,4106,9999,266,Nike
4127,Eco Smart Earphones Max,1228,199,199,353,Godrej
4128,Durable Premium Baby Products Pro,238,2668,49999,293,Amul
4129,Eco Mini Wardrobes Pro,3406,4076,399,314,Mi
4130,Premium Eco-Friendly Headphones,950,1601,3999,409,Samsung
4131,Durable Imported Aquarium,2472,2052,2499,154,Samsung
4132,Compact Classic Earrings,2183,4917,9999,101,Amul
4133,Wireless Pro Women's Footwear,4241,53,3999,53,Dell
4134,Durable Classic Bangles 2.0,4384,928,799,50,Nike
4135,Stylish Smart Toys Lite,321,773,2999,44,Nike
4136,Ultra Imported Sports & Fitness 2.0,1068,2474,49999,377,Lenovo
4137,Classic Local Pet Supplies,3735,1928,3999,326,Mi
4138,Classic Classic Dog Food Plus,2870,3785,599,271,Samsung
4139,Advanced Local Beverages,3209,1761,29999,284,Milton
4140,Compact Eco-Friendly Outdoor Toys X1,2069,2886,49999,40,Tata
4141,Advanced Classic Skincare 2.0,4678,4339,699,408,Nestle
4142,Everyday Deluxe Drums Lite,437,1579,49999,242,Milton
4143,Durable Mini Academic Plus,2149,1027,1499,448,Philips
4144,Everyday Budget Smartwatches Max,531,3406,6999,157,Cello
4145,Eco Mini Skincare X1,3922,2865,1199,108,OnePlus
4146,Lightweight Haircare Plus,38,4977,249,82,Godrej
4147,Portable Deluxe Baby Clothing Max,1127,4208,349,385,Philips
4148,Stylish Local Cat Food X1,1317,4709,19999,145,HP
4149,Portable Eco-Friendly Sports Shoes,3746,2130,499,55,Adidas
4150,Ultra Classic Tools Max,4044,25,699,390,Wildcraft
4151,Deluxe Local Haircare Max,2399,854,14999,92,Tata
4152,Everyday Imported Smartphones X1,3675,4451,699,387,Bajaj
4153,Advanced Budget Cookware 2.0,1548,3972,199,172,Fabindia
4154,Advanced Eco-Friendly Spices,1826,936,49999,105,Tata
4155,Portable Budget Dairy Pro,1131,3970,999,219,Cello
4156,Everyday Local Haircare Lite,2677,283,249,404,Woodland
4157,Premium Smart Puzzles Max,2584,665,999,169,Philips
4158,Eco Mini Supplements 2.0,3785,806,29999,4,Puma
4159,Durable Deluxe Winter Wear Pro,1069,4851,49999,227,Amul
4160,Premium Deluxe Furniture,2609,3383,399,166,Milton
4161,Pro Imported Cricket Gear,2885,1257,29999,110,Philips
4162,Eco Deluxe Men's Clothing,145,1289,199,445,Bata
4163,Premium Eco-Friendly Winter Wear X1,4737,893,49999,350,Adidas
4164,Compact Budget Non-Fiction Plus,1073,3750,3999,328,Fabindia
4165,Durable Premium Microwaves,3356,186,499,224,Boat
4166,Everyday Pro Cameras Pro,2717,120,29999,304,Samsung
4167,Advanced Premium Rings Max,3175,4826,1199,161,Boat
4168,Advanced Pro Women's Footwear,3827,1899,19999,186,Philips
4169,Smart Classic Fiction Lite,4124,5000,699,152,LG
4170,Classic Local Guitars,827,3669,9999,311,Apple
4171,Portable Imported Health Care,3018,2733,199,97,Samsung
4172,Smart Pro Baby Clothing Max,528,371,349,325,Realme
4173,Eco Pro Jewellery,4818,418,3999,413,Prestige
4174,Compact Mini Home Decor,1837,67,399,430,Apple
4175,Durable Premium Ethnic Wear X1,3297,3845,19999,316,Puma
4176,Everyday Eco-Friendly Groceries Lite,910,4918,6999,264,Philips
4177,Durable Eco-Friendly Plants,4033,141,9999,7,Godrej
4178,Everyday Deluxe Home & Kitchen,3669,780,299,166,HP
4179,Eco Premium Haircare Lite,3636,3161,249,222,LG
4180,Premium Imported Sandals Plus,3489,2840,3999,96,Havells
4181,Wireless Local Sandals Lite,4367,4769,1199,100,Cello
4182,Ultra Eco-Friendly Pens X1,4202,3697,1199,484,LG
4183,Advanced Imported Baby Clothing Plus,477,1037,2499,194,Realme
4184,Ultra Pro Spices Plus,4127,2740,699,448,Sony
4185,Lightweight Mini Toys 2.0,3439,129,4999,406,Mi
4186,Wireless Classic Men's Footwear X1,1725,4680,49999,200,Tata
4187,Premium Budget Home & Kitchen Lite,2699,1242,49999,24,Dell
4188,Everyday Eco-Friendly Winter Wear Pro,4224,1920,4999,201,Tata
4189,Portable Imported Women's Footwear 2.0,3949,1103,6999,150,Boat
4190,Advanced Pro Cycling Lite,2924,4114,49999,198,Milton
4191,Stylish Premium Bedding Plus,1546,2,14999,55,Apple
4192,Smart Eco-Friendly Home & Kitchen Pro,3434,3604,1199,117,Nestle
4193,Deluxe Local Yoga X1,3771,3878,1199,2,Apple
4194,Durable Local Car Accessories X1,2002,2250,4999,246,Noise
4195,Portable Smart Office Supplies X1,2238,2985,1199,366,Apple
4196,Eco Mini Cameras,3302,2944,399,405,Woodland
4197,Ultra Premium Academic X1,2278,64,699,500,Realme
4198,Everyday Smart Cricket Gear Lite,4833,1994,699,74,Milton
4199,Wireless Deluxe Supplements,3043,1198,1499,199,HP
4200,Deluxe Smart Sandals Pro,1338,3389,199,229,Sony
4201,Advanced Imported Staples Pro,3243,401,29999,239,Adidas
4202,Premium Eco-Friendly Mobiles & Accessories Pro,2707,4511,29999,443,HP
4203,Deluxe Smart Furniture Pro,4567,3379,599,397,Nestle
4204,Deluxe Premium Pet Grooming 2.0,1698,3217,29999,488,Tata
4205,Deluxe Budget Musical Instruments Lite,2739,3287,699,483,Woodland
4206,Classic Imported Spices Pro,4802,4653,19999,62,Prestige
4207,Pro Imported Gym Equipment,2683,3463,349,58,Fabindia
4208,Compact Pro Sandals,1723,1391,999,260,Noise
4209,Advanced Pro Notebooks Plus,894,1682,2499,498,Bajaj
4210,Premium Budget Dairy 2.0,4194,1945,699,287,Boat
4211,Wireless Budget Keyboards,1583,4843,1199,204,Nestle
4212,Pro Smart Tables Lite,4504,3407,1499,254,Boat
4213,Durable Classic Action Figures Max,4287,3636,499,92,Wildcraft
4214,Ultra Chairs,70,300,199,59,Philips
4215,Premium Smart Beauty & Personal Care,2606,4247,499,271,Nike
4216,Pro Mini Grills X1,318,3180,9999,279,Noise
4217,Durable Deluxe Books Lite,4179,88,2999,327,Wildcraft
4218,Durable Smart Staples,2989,3471,799,438,Mi
4219,Advanced Deluxe Washing Machines Plus,1669,2689,9999,372,Nike
4220,Ultra Classic Cat Food Lite,398,492,9999,34,Prestige
4221,Advanced Smart Art Supplies Lite,1012,2618,1499,175,Dell
4222,Everyday Imported Laptops Lite,4555,3975,9999,67,Cello
4223,Lightweight Budget Baby Food,3720,1095,19999,175,Philips
4224,Ultra Smart Dog Food Pro,4993,3390,2999,482,Havells
4225,Pro Budget Puzzles,1008,1387,199,416,Adidas
4226,Compact Local Action Figures Plus,3144,4927,2499,316,Samsung
4227,Advanced Local Cat Food Lite,1578,2460,199,200,Bajaj
4228,Wireless Smart Kids Wear X1,1803,3473,1199,213,Woodland
4229,Durable Pro Laptops 2.0,1864,2378,2499,317,Noise
4230,Wireless Mini Dog Food Lite,1432,3363,999,15,Cello
4231,Eco Deluxe Cases & Covers,4405,977,49999,102,Bata
4232,Compact Imported Books X1,1047,1868,599,255,Realme
4233,Wireless Deluxe Toys Plus,1199,1280,499,207,Mi
4234,Classic Deluxe Laptops,3137,3207,6999,69,HP
4235,Lightweight Local Air Conditioners Plus,2343,1269,19999,129,Cello
4236,Classic Deluxe Cameras Pro,3622,793,1199,166,Mi
4237,Portable Budget Mobiles & Accessories 2.0,1486,4955,349,218,Adidas
4238,Everyday Deluxe Storage 2.0,967,2531,599,305,Milton
4239,Premium Imported Chairs Lite,1484,3773,999,80,Milton
4240,Pro Premium Smartwatches Plus,2393,4333,19999,333,Titan
4241,Stylish Mini Sandals Plus,3891,4474,9999,493,Realme
4242,Ultra Imported Art Supplies Pro,948,4293,499,386,Lenovo
4243,Eco Premium Microwaves Max,2181,8,249,245,Milton
4244,Ultra Local Bike Accessories Max,1729,1283,999,284,Nestle
4245,Eco Eco-Friendly Mixers X1,1967,4650,999,452,Nike
4246,Ultra Local Ethnic Wear,568,188,4999,3,Mi
4247,Compact Mini Wardrobes Lite,1538,751,19999,35,Amul
4248,Portable Local Drums,3892,3482,1499,7,Nestle
4249,Classic Classic Fashion Max,2943,898,249,117,Wildcraft
4250,Durable Premium Washing Machines,956,1888,249,98,Puma
4251,Pro Premium Outdoor Furniture Max,1130,3364,299,437,Bajaj
4252,Ultra Pro Wardrobes X1,2481,3592,9999,359,Amul
4253,Lightweight Mini Garden Tools Lite,1368,2632,9999,26,Bajaj
4254,Portable Pro Bedding Pro,2248,2328,399,127,Titan
4255,Portable Mini Beds Plus,1349,538,249,469,Fabindia
4256,Premium Classic Skincare,4421,2069,9999,187,Dell
4257,Portable Classic Supplements Lite,1446,2003,999,421,Milton
4258,Wireless Pro Refrigerators 2.0,3930,4076,199,88,Lenovo
4259,Eco Local Baby Clothing Pro,4201,1338,49999,402,Apple
4260,Classic Eco-Friendly Beverages 2.0,3538,2099,499,193,Titan
4261,Ultra Premium Skincare Max,3530,1824,1199,116,Boat
4262,Classic Mini Appliances,935,4386,49999,175,Amul
4263,Eco Budget Cricket Gear,2532,3650,1199,92,Milton
4264,Premium Laptops Lite,21,4853,199,301,Lenovo
4265,Stylish Pro Men's Clothing X1,2979,2047,249,164,Bajaj
4266,Premium Smart Lubricants 2.0,4407,4433,799,315,HP
4267,Everyday Imported Home Decor Lite,888,528,6999,459,Realme
4268,Everyday Eco-Friendly Washing Machines Pro,3447,66,599,410,Bajaj
4269,Deluxe Classic Toys Lite,4803,1625,999,329,Cello
4270,Portable Imported Aquarium X1,2772,3450,599,94,Havells
4271,Advanced Pro Art Supplies X1,572,1371,1199,164,Milton
4272,Pro Smart Comics Pro,4449,1281,4999,305,HP
4273,Ultra Local Haircare 2.0,2285,2704,799,498,Puma
4274,Wireless Local Baby Products Lite,2583,4300,19999,75,Prestige
4275,Deluxe Smart Baby Clothing Pro,4086,3051,299,255,Lenovo
4276,Durable Premium Storage Lite,2260,1360,29999,178,Amul
4277,Pro Premium Men's Footwear,2049,4308,699,54,Adidas
4278,Eco Smart Lubricants,4855,976,1199,126,Apple
4279,Everyday Eco-Friendly Car Accessories Pro,4543,1532,699,279,Noise
4280,Pro Eco-Friendly Furniture Pro,4607,3857,249,358,Boat
4281,Premium Eco-Friendly Smartwatches Pro,367,2596,1199,101,HP
4282,Advanced Premium Spices 2.0,835,3829,4999,283,Boat
4283,Ultra Local Running,3133,97,199,92,Nike
4284,Everyday Pet Grooming,105,4036,349,222,Cello
4285,Portable Classic Notebooks Pro,303,4594,9999,472,Wildcraft
4286,Lightweight Televisions Pro,25,1771,299,233,Woodland
4287,Stylish Local Bangles,435,1532,29999,230,Adidas
4288,Deluxe Smart Grooming 2.0,554,4254,1199,396,Noise
4289,Deluxe Budget Haircare,2501,2453,999,256,Bajaj
4290,Pro Budget Kids Wear 2.0,444,755,19999,369,Sony
4291,Wireless Mini Haircare,4117,4589,1499,485,Wildcraft
4292,Ultra Classic Groceries Lite,4153,2692,19999,94,Boat
4293,Advanced Deluxe Smartphones,2974,805,29999,392,Lenovo
4294,Everyday Classic Outdoor Furniture X1,3376,2014,3999,425,Mi
4295,Stylish Smart Bracelets,4688,3879,249,413,Nike
4296,Premium Pro Beverages,151,3470,4999,401,Puma
4297,Compact Budget Guitars,3409,1748,1199,222,Havells
4298,Everyday Pro Sports & Fitness Pro,3760,2559,49999,145,Puma
4299,Stylish Eco-Friendly Puzzles Pro,658,3859,199,49,Amul
4300,Smart Premium Pet Grooming,199,2256,1499,283,Philips
4301,Eco Eco-Friendly Skincare Pro,3351,4954,29999,302,Adidas
4302,Advanced Smart Grills,1296,3810,1199,249,Apple
4303,Lightweight Imported Men's Footwear 2.0,1090,2156,299,150,Puma
4304,Advanced Pro Running,2415,2932,399,59,Nike
4305,Everyday Classic Toys Pro,3755,765,4999,421,LG
4306,Premium Pro Sofas 2.0,1475,1684,799,238,Noise
4307,Ultra Deluxe Automotive X1,3053,4766,499,52,Cello
4308,Premium Imported Baby Products Max,1580,4234,2499,172,LG
4309,Portable Premium Toys Plus,1939,3495,699,499,Philips
4310,Deluxe Local Art Supplies Max,1897,4667,9999,192,Prestige
4311,Smart Deluxe Cases & Covers Max,246,1999,999,92,Titan
4312,Lightweight Imported Stationery 2.0,4266,4836,299,34,Fabindia
4313,Ultra Local Car Accessories 2.0,2002,243,29999,452,OnePlus
4314,Smart Pro Mixers Pro,4509,493,2499,42,Fabindia
4315,Stylish Mini Musical Instruments X1,3888,1420,14999,275,Mi
4316,Everyday Pet Supplies,17,2091,9999,251,Samsung
4317,Ultra Premium Action Figures Plus,371,69,249,110,Bajaj
4318,Deluxe Mini Office Supplies 2.0,1700,3488,1499,152,Cello
4319,Deluxe Mini Outdoor Toys X1,814,2206,799,1,Amul
4320,Premium Eco-Friendly Beds 2.0,3346,3027,2999,239,Titan
4321,Pro Imported Pet Toys,1951,620,1499,252,Sony
4322,Compact Pro Haircare Pro,4319,652,9999,265,Cello
4323,Wireless Imported Earrings Max,565,4696,249,218,Havells
4324,Ultra Budget Home Decor,4238,2656,499,148,Bata
4325,Eco Smart Baby Clothing Lite,1387,2828,1999,334,Adidas
4326,Compact Deluxe Drums Max,3557,660,19999,475,Nike
4327,Wireless Cycling,43,2080,6999,210,Mi
4328,Compact Laptops X1,21,2559,29999,367,Philips
4329,Ultra Premium Action Figures,791,2816,599,337,Woodland
4330,Eco Classic Musical Instruments Lite,1188,2765,999,307,Prestige
4331,Ultra Smart Children's Books Pro,1640,3805,9999,388,Realme
4332,Premium Smart Stationery,3047,4386,49999,11,Philips
4333,Lightweight Pro Educational Toys Pro,1842,3879,399,33,Apple
4334,Classic Eco-Friendly Files & Folders Max,2902,4504,199,15,Realme
4335,Lightweight Local Headphones Max,3326,3116,349,404,Havells
4336,Lightweight Eco-Friendly Personal Hygiene Pro,4112,77,3999,350,Realme
4337,Compact Smart Beds Max,263,4750,3999,497,Nestle
4338,Deluxe Eco-Friendly Mixers Pro,3732,3833,29999,383,Milton
4339,Deluxe Premium Refrigerators,1208,1567,6999,11,Bajaj
4340,Portable Imported Appliances Plus,3649,1405,999,390,Realme
4341,Premium Classic Non-Fiction,1186,1797,1199,34,Tata
4342,Deluxe Classic Laptops X1,4309,3817,699,159,Prestige
4343,Portable Local Academic X1,940,3130,599,292,Nike
4344,Classic Classic Laptops,4309,210,3999,124,Apple
4345,Pro Deluxe Laptops Plus,409,4215,19999,231,Puma
4346,Durable Classic Action Figures Pro,4115,4262,6999,404,Bajaj
4347,Everyday Local Women's Footwear 2.0,3733,4183,3999,312,Titan
4348,Advanced Smart Power Banks X1,3008,735,199,396,Dell
4349,Stylish Premium Health Care,1443,308,699,245,Sony
4350,Compact Premium Grills Max,3947,3690,9999,234,Cello
4351,Pro Deluxe Electronics Lite,2680,789,2499,444,Milton
4352,Ultra Classic Fashion,553,2174,49999,118,Cello
4353,Smart Deluxe Snacks Lite,4261,1046,799,329,Fabindia
4354,Everyday Imported Jewellery Pro,4662,785,3999,231,Cello
4355,Classic Imported Ayurveda 2.0,839,1204,499,161,OnePlus
4356,Everyday Mini Art Supplies Plus,3887,3048,999,296,Fabindia
4357,Deluxe Deluxe Spices Plus,1631,2623,2999,244,Wildcraft
4358,Eco Classic Children's Books,3380,2195,299,139,Cello
4359,Wireless Deluxe Lubricants,1881,4915,3999,126,Godrej
4360,Advanced Budget Women's Footwear X1,4221,4285,2999,196,Prestige
4361,Ultra Smart Speakers X1,4024,611,299,169,Havells
4362,Advanced Classic Smartphones Plus,2056,3838,199,399,Noise
4363,Premium Budget Makeup 2.0,4332,2951,9999,482,Mi
4364,Lightweight Classic Cases & Covers Max,4461,3105,9999,433,Nike
4365,Pro Classic Beds 2.0,2239,1155,14999,21,Amul
4366,Pro Smart Non-Fiction,156,2281,999,436,Puma
4367,Deluxe Deluxe Chargers Pro,768,1532,699,421,Titan
4368,Eco Imported Home Decor,3241,1264,4999,391,Woodland
4369,Wireless Classic Violins,4709,1064,599,134,Bata
4370,Portable Classic Wardrobes Lite,3986,4436,599,110,Samsung
4371,Lightweight Imported Tables X1,3711,2502,14999,425,Adidas
4372,Wireless Premium Refrigerators Pro,2883,3724,199,117,Sony
4373,Classic Eco-Friendly Bracelets,2345,2333,199,142,LG
4374,Wireless Deluxe Automotive 2.0,305,564,199,153,Philips
4375,Classic Premium Lighting Plus,957,2297,6999,423,Sony
4376,Premium Mini Sofas Lite,3635,3951,699,320,Wildcraft
4377,Ultra Pro Earphones X1,1379,3180,3999,269,Puma
4378,Portable Premium Baby Clothing Max,1041,3815,19999,496,Realme
4379,Premium Smart Car Accessories,4489,261,1199,248,Havells
4380,Eco Imported First Aid X1,3730,4404,49999,294,Cello
4381,Everyday Smart Headphones Lite,2878,2253,249,230,Puma
4382,Deluxe Eco-Friendly First Aid 2.0,3211,2643,14999,449,Bajaj
4383,Classic Smart Sandals 2.0,2212,3890,6999,44,Boat
4384,Stylish Budget Wardrobes,591,2240,29999,404,Nestle
4385,Classic Eco-Friendly Skincare Lite,3351,3748,199,465,Sony
4386,Classic Pro Speakers,2404,1200,14999,50,Amul
4387,Everyday Premium Kids Footwear,3437,3258,499,67,Adidas
4388,Wireless Pro Office Supplies,234,1839,349,313,Realme
4389,Eco Premium Skincare Plus,4957,4327,14999,382,Amul
4390,Advanced Premium Art Supplies X1,4014,4410,2999,202,Noise
4391,Eco Budget Outdoor Furniture Plus,3340,4427,1999,319,Realme
4392,Lightweight Premium Rings X1,3798,2588,49999,27,Bajaj
4393,Classic Imported Files & Folders Lite,1904,1121,399,338,Adidas
4394,Everyday Deluxe Keyboards Lite,4978,781,2999,63,Realme
4395,Stylish Local Office Supplies 2.0,4207,3680,2999,335,Nike
4396,Classic Premium Tools,363,748,9999,92,Cello
4397,Everyday Mini Earrings Pro,4042,1594,14999,339,Sony
4398,Compact Air Conditioners 2.0,90,2903,6999,387,Wildcraft
4399,Portable Classic Cat Food,2303,4527,1499,410,Fabindia
4400,Stylish Premium Action Figures Plus,791,1420,599,211,Cello
4401,Everyday Pro Cycling,3738,2699,349,54,Boat
4402,Premium Premium Cat Food Lite,1187,4723,1499,393,Sony
4403,Wireless Eco-Friendly Women's Footwear 2.0,201,4500,799,77,Adidas
4404,Compact Mini Outdoor Furniture X1,463,2930,499,397,Wildcraft
4405,Deluxe Smart Non-Fiction Lite,2738,2631,999,369,LG
4406,Ultra Imported Mobiles & Accessories,4191,4969,3999,306,HP
4407,Deluxe Mini Home Decor Pro,3128,3507,499,251,Fabindia
4408,Portable Pro Board Games Pro,1643,2884,14999,187,Puma
4409,Eco Classic Mixers,3114,3230,3999,469,Samsung
4410,Premium Local Aquarium,1935,4607,2499,55,Amul
4411,Durable Classic Stationery Plus,266,4137,2499,260,Sony
4412,Compact Classic Snacks Lite,3964,1029,1999,453,Adidas
4413,Classic Deluxe Fashion,4190,293,249,75,Mi
4414,Stylish Mini Stationery,4296,4459,399,21,Nike
4415,Eco Pro Garden & Outdoor,2621,3999,29999,470,Cello
4416,Ultra Mini Rings Pro,1995,1424,349,40,Tata
4417,Eco Local Sports & Fitness Plus,3138,807,1499,252,Bajaj
4418,Eco Pro Lubricants Max,1118,2132,999,375,Puma
4419,Smart Classic Violins Max,1107,2302,1499,479,Samsung
4420,Wireless Deluxe Snacks 2.0,194,3289,6999,290,Godrej
4421,Ultra Mini Televisions Max,571,4231,199,256,Bajaj
4422,Ultra Puzzles,54,4464,19999,303,Noise
4423,Compact Eco-Friendly Winter Wear Lite,4737,3959,399,21,Amul
4424,Deluxe Eco-Friendly Running,1697,4253,4999,463,Havells
4425,Wireless Premium Jewellery X1,3832,1539,1199,167,LG
4426,Classic Local Laptops Plus,3788,394,799,175,Godrej
4427,Durable Imported Cameras Pro,1503,3229,49999,311,OnePlus
4428,Portable Deluxe Accessories Plus,1592,532,4999,328,Cello
4429,Durable Smart Books X1,4702,4984,199,313,Samsung
4430,Durable Premium Women's Footwear Pro,1449,2926,999,466,Nike
4431,Stylish Mini Cameras Lite,3302,4337,1999,213,Bajaj
4432,Stylish Smart Microwaves Max,4785,1246,999,256,Woodland
4433,Compact Budget Pens Lite,2636,2093,1199,371,Woodland
4434,Ultra Deluxe Lighting Plus,3546,1239,1199,291,Fabindia
4435,Ultra Smart Aquarium,1721,3560,9999,323,LG
4436,Lightweight Imported Puzzles Pro,4358,2034,999,171,Realme
4437,Everyday Budget Mobiles & Accessories X1,1486,4741,299,255,Nike
4438,Pro Mini Comics Pro,4441,1767,14999,497,Adidas
4439,Smart Smart Lighting Pro,4008,3445,3999,233,Godrej
4440,Durable Budget Lubricants,779,3487,6999,206,Tata
4441,Portable Premium Health Care Pro,3994,3,2999,249,Bajaj
4442,Lightweight Smart Chargers Pro,2558,1834,29999,290,Prestige
4443,Classic Eco-Friendly Baby Gear Max,2252,3766,19999,349,Amul
4444,Smart Deluxe Storage X1,4387,3391,599,1,LG
4445,Lightweight Deluxe Books Lite,2961,3527,14999,367,Milton
4446,Eco Classic Women's Footwear Lite,1699,2617,699,287,OnePlus
4447,Classic Eco-Friendly Fragrances Plus,1287,1472,29999,448,Nestle
4448,Stylish Premium Outdoor Toys Plus,615,4442,1499,284,Bata
4449,Premium Deluxe Refrigerators Lite,1535,2519,2499,481,Adidas
4450,Stylish Deluxe Women's Footwear,2106,3535,199,354,Godrej
4451,Pro Imported Keyboards Pro,1251,1096,699,380,LG
4452,Classic Local Men's Footwear Plus,1975,2077,599,68,LG
4453,Smart Eco-Friendly Bedding Lite,4220,2149,499,153,Boat
4454,Deluxe Imported Lubricants 2.0,2711,2197,1499,392,Mi
4455,Eco Eco-Friendly Home & Kitchen X1,358,1609,4999,372,LG
4456,Lightweight Premium Refrigerators Pro,963,2023,249,451,HP
4457,Smart Imported Personal Hygiene Plus,3178,3744,249,23,Milton
4458,Stylish Mini Notebooks Pro,3857,1987,29999,308,Cello
4459,Ultra Mini Notebooks X1,857,4931,29999,156,Godrej
4460,Stylish Deluxe Women's Clothing Plus,4769,1312,1999,377,Dell
4461,Everyday Local Art Supplies,1897,2025,249,2,Nestle
4462,Advanced Imported Cameras Lite,1503,4734,349,315,Sony
4463,Durable Budget Non-Fiction X1,3570,1031,29999,173,Puma
4464,Pro Premium Women's Footwear Lite,1449,2595,349,81,Woodland
4465,Ultra Classic Sandals Lite,1621,4615,249,44,Puma
4466,Premium Eco-Friendly Makeup,355,1765,6999,246,Titan
4467,Smart Deluxe Pet Toys Max,1060,2422,14999,465,Amul
4468,Everyday Budget Stationery,411,4282,799,429,Titan
4469,Premium Eco-Friendly Fashion Max,3300,2704,1199,266,LG
4470,Stylish Premium Grooming Pro,995,4577,199,151,Milton
4471,Classic Premium Violins,2004,186,1999,480,Nestle
4472,Stylish Classic Yoga Lite,2286,4823,799,125,Cello
4473,Portable Home & Kitchen X1,3,4747,2499,9,Amul
4474,Wireless Premium Laptops Pro,1575,2313,29999,229,Amul
4475,Durable Deluxe Children's Books X1,1413,2474,1499,7,Woodland
4476,Smart Imported Ayurveda,839,3158,1499,18,Samsung
4477,Eco Smart Stationery,529,2452,3999,100,HP
4478,Classic Imported Drums,1542,4270,29999,448,Noise
4479,Lightweight Smart Washing Machines Pro,1956,3540,14999,245,Fabindia
4480,Portable Premium Cameras Max,3201,202,599,192,Apple
4481,Lightweight Premium Tools 2.0,1574,889,199,179,LG
4482,Smart Smart Headphones X1,2878,194,1199,155,Apple
4483,Smart Premium Outdoor Furniture Lite,1130,4968,19999,246,Nike
4484,Pro Deluxe Earrings X1,794,3620,4999,43,LG
4485,Advanced Imported Automotive,3126,3592,2499,41,LG
4486,Everyday Deluxe First Aid Pro,1551,4792,699,363,Titan
4487,Everyday Classic Sandals Plus,2030,3756,399,175,Nike
4488,Eco Mini Appliances X1,1383,2062,1199,222,Adidas
4489,Everyday Budget Files & Folders X1,3550,2239,2999,64,Nike
4490,Stylish Budget Fragrances,4520,3746,2999,227,Woodland
4491,Ultra Mini Air Conditioners Max,2403,3716,499,399,Nestle
4492,Advanced Eco-Friendly Toys Max,1779,4052,499,257,Bajaj
4493,Eco Classic Gym Equipment 2.0,4013,3598,999,487,Godrej
4494,Lightweight Budget Speakers Lite,454,3959,19999,365,Boat
4495,Eco Budget Personal Hygiene,1914,4761,349,411,Samsung
4496,Smart Pro Furniture 2.0,123,2754,14999,280,Bata
4497,Durable Eco-Friendly Office Supplies X1,2048,1605,299,462,Noise
4498,Classic Smart Health Care Lite,3252,4305,199,192,Mi
4499,Wireless Pro Staples,2553,1973,14999,241,LG
4500,Classic Imported Aquarium,766,4859,399,322,HP
4501,Smart Imported Bracelets Pro,2844,4446,29999,267,Nestle
4502,Stylish Classic Women's Clothing,2071,1162,3999,208,Puma
4503,Eco Classic Women's Footwear Max,972,3590,249,140,Amul
4504,Ultra Imported Office Supplies,2830,4460,4999,115,Bata
4505,Wireless Pro Plants 2.0,2357,4120,2999,317,Godrej
4506,Portable Pro Office Supplies 2.0,234,17,799,175,LG
4507,Compact Eco-Friendly Cycling 2.0,3181,743,199,425,HP
4508,Durable Pet Toys X1,104,334,9999,124,Lenovo
4509,Ultra Premium Wardrobes Max,2781,1470,299,330,Milton
4510,Wireless Pro Groceries,2354,3882,2499,141,Amul
4511,Durable Deluxe Mobiles & Accessories,4903,3719,4999,295,Titan
4512,Lightweight Mini Action Figures Lite,1600,257,499,474,Tata
4513,Deluxe Eco-Friendly Dairy,2912,2430,49999,280,Prestige
4514,Lightweight Budget Chargers 2.0,2936,4138,49999,190,Nike
4515,Smart Imported Groceries Lite,382,433,2999,323,Bajaj
4516,Smart Imported Staples X1,980,464,49999,406,Amul
4517,Wireless Local Personal Hygiene Max,1424,4506,2999,353,Nike
4518,Advanced Budget Action Figures Max,3054,496,6999,472,Bata
4519,Durable Classic Fragrances Max,141,2289,49999,400,Philips
4520,Premium Pro Appliances Lite,546,4775,1499,97,Amul
4521,Everyday Eco-Friendly Fashion 2.0,4853,1946,799,465,Amul
4522,Wireless Eco-Friendly Cookware,3953,1506,199,27,Cello
4523,Eco Local Aquarium Max,3600,222,6999,98,Adidas
4524,Deluxe Pro Pet Supplies Plus,147,2796,249,467,Noise
4525,Premium Budget Baby Food Pro,3720,4500,1499,92,Fabindia
4526,Premium Premium Skincare Plus,3530,2083,249,168,Cello
4527,Classic Eco-Friendly Drums,4505,2863,2999,279,Dell
4528,Advanced Smart Toys & Games Pro,3169,4832,799,92,Lenovo
4529,Ultra Mini Outdoor Toys Pro,4168,394,599,146,Boat
4530,Deluxe Local Comics 2.0,1194,444,1199,283,Noise
4531,Portable Budget Washing Machines Lite,2635,1856,249,198,Dell
4532,Advanced Budget Mobiles & Accessories Max,4017,1472,349,338,Lenovo
4533,Smart Mini Smartwatches Lite,4069,310,3999,492,Boat
4534,Pro Deluxe Furniture Max,3324,12,399,248,Wildcraft
4535,Ultra Premium Haircare Max,3636,4412,999,138,Fabindia
4536,Smart Classic Aquarium Lite,1070,1928,999,296,Titan
4537,Classic Mini Cameras Plus,1634,2026,249,191,Lenovo
4538,Durable Premium Winter Wear,4264,2425,14999,464,Dell
4539,Ultra Premium Fiction Max,2265,4936,1999,142,Tata
4540,Ultra Classic Rings Pro,2224,2530,4999,200,Godrej
4541,Wireless Smart Home & Kitchen,3837,4720,2499,16,Nestle
4542,Lightweight Premium Cat Food Pro,1262,1209,29999,242,Samsung
4543,Advanced Deluxe Fragrances Plus,619,1965,399,278,Lenovo
4544,Ultra Eco-Friendly Ayurveda,3223,2534,6999,60,Amul
4545,Stylish Smart Dog Food Max,387,3279,599,157,Bata
4546,Lightweight Eco-Friendly Necklaces,3313,1452,2999,126,Noise
4547,Pro Premium Sofas 2.0,1590,966,29999,167,Prestige
4548,Durable Local Non-Fiction Pro,966,2853,249,209,Bata
4549,Compact Smart Beds Pro,1356,4455,2999,289,Noise
4550,Premium Classic Earrings Pro,2183,1047,2999,391,Woodland
4551,Deluxe Deluxe Musical Instruments Max,2306,603,699,91,Lenovo
4552,Everyday Premium Home Decor Plus,4628,17,599,263,Wildcraft
4553,Compact Imported Cameras 2.0,654,4841,1199,407,Dell
4554,Everyday Classic Cameras Lite,1381,2608,799,437,Tata
4555,Compact Classic Bedding Lite,251,112,399,51,Bata
4556,Eco Smart Lighting,2748,2424,599,218,Sony
4557,Ultra Eco-Friendly Gym Equipment,3152,2498,349,121,Noise
4558,Compact Pro Bedding 2.0,2868,301,349,369,Puma
4559,Premium Local Appliances Lite,4443,2532,19999,491,Woodland
4560,Stylish Local Speakers X1,1310,452,249,431,Nestle
4561,Wireless Local Guitars,434,840,4999,199,Prestige
4562,Durable Mini Art Supplies 2.0,3253,2197,4999,152,LG
4563,Stylish Eco-Friendly Bracelets 2.0,1330,911,4999,340,Realme
4564,Pro Local Groceries Pro,1627,1721,19999,254,Havells
4565,Pro Smart Headphones Max,884,2236,6999,492,OnePlus
4566,Lightweight Smart Dairy X1,4100,3563,999,265,Mi
4567,Smart Classic Makeup Pro,1883,3478,349,224,Prestige
4568,Pro Premium Electronics Lite,1615,4116,49999,61,LG
4569,Ultra Budget Furniture,1154,890,1499,296,Woodland
4570,Pro Eco-Friendly Home & Kitchen Lite,1556,371,49999,209,Prestige
4571,Premium Pro Televisions Pro,3074,3441,14999,151,Tata
4572,Premium Imported Beverages Max,2075,978,399,211,Fabindia
4573,Lightweight Art Supplies X1,99,3284,799,402,Havells
4574,Everyday Eco-Friendly Smartphones X1,4492,1147,29999,147,Adidas
4575,Lightweight Imported Cycling Pro,4675,4933,1199,46,Nestle
4576,Compact Imported Beverages Plus,518,2091,699,315,Tata
4577,Smart Premium Furniture,2537,2870,19999,96,Bata
4578,Deluxe Dairy Lite,60,3072,9999,58,Prestige
4579,Premium Smart Outdoor Toys,2673,3066,2499,9,Nike
4580,Stylish Smart Lighting 2.0,3040,2029,14999,269,Philips
4581,Stylish Deluxe Tools X1,1526,2495,49999,340,Wildcraft
4582,Portable Budget Car Accessories Plus,1715,3277,349,31,HP
4583,Premium Eco-Friendly Beds Plus,1942,936,1199,143,Mi
4584,Compact Premium Musical Instruments X1,4982,3063,199,496,Amul
4585,Advanced Budget Winter Wear Plus,879,4207,799,404,Havells
4586,Ultra Budget Tyres 2.0,3421,1288,799,76,Apple
4587,Portable Budget Office Supplies Plus,635,3063,599,458,Realme
4588,Classic Imported Outdoor Toys Lite,3610,1488,399,313,Milton
4589,Stylish Local Educational Toys,1858,426,799,346,Noise
4590,Portable Pro Bracelets X1,521,3692,499,413,Havells
4591,Stylish Eco-Friendly Women's Clothing X1,1560,4806,599,319,Nike
4592,Deluxe Deluxe Headphones Pro,2967,3754,499,406,Boat
4593,Lightweight Pro Educational Toys X1,2095,1961,699,141,Nestle
4594,Lightweight Premium Violins,2004,284,14999,497,Bajaj
4595,Classic Mini Smartwatches Lite,4193,1837,14999,456,Cello
4596,Smart Premium Notebooks 2.0,1498,1487,2499,26,Woodland
4597,Premium Classic Medical Devices Plus,522,1627,299,19,Tata
4598,Durable Budget Footwear Max,1184,150,599,19,Mi
4599,Portable Budget Dog Food Plus,3877,4851,2999,349,Amul
4600,Premium Mini Cat Food Plus,4759,2600,19999,172,HP
4601,Premium Deluxe Automotive,3053,4270,3999,308,Bata
4602,Stylish Mini Aquarium X1,389,3283,249,337,Nestle
4603,Premium Classic Microwaves Plus,2122,2378,249,44,Dell
4604,Stylish Smart Puzzles Pro,1706,3247,49999,71,Boat
4605,Durable Premium Fragrances,1191,1721,14999,112,Bata
4606,Everyday Smart Storage Max,2894,384,4999,90,Samsung
4607,Pro Mini Diapers X1,712,1562,1999,320,Mi
4608,Stylish Smart Men's Footwear,585,307,29999,450,HP
4609,Everyday Eco-Friendly Yoga Plus,4758,4256,249,432,Apple
4610,Wireless Imported Appliances,3649,4806,4999,309,Cello
4611,Classic Premium Cases & Covers Max,1465,4005,2499,274,Fabindia
4612,Ultra Local Cameras,284,2104,1999,433,Godrej
4613,Ultra Mini Baby Food,1315,1894,499,500,Philips
4614,Ultra Imported Kids Wear Lite,4834,1598,599,184,Boat
4615,Everyday Imported Furniture,163,3307,29999,494,Cello
4616,Eco Imported Violins 2.0,2054,2911,399,24,HP
4617,Classic Eco-Friendly Diapers,3913,988,1999,260,Lenovo
4618,Classic Budget Kids Wear,3575,3929,19999,188,Samsung
4619,Smart Pro Jewellery Plus,3164,3540,14999,443,Philips
4620,Premium Smart Diapers Plus,3321,3302,2999,143,Havells
4621,Deluxe Snacks,57,255,6999,208,Nestle
4622,Portable Classic Grooming,1225,4020,999,223,Woodland
4623,Ultra Mini Garden Tools X1,4276,3756,14999,445,Adidas
4624,Ultra Imported Cat Food Plus,863,4702,349,306,Havells
4625,Classic Local Accessories 2.0,2923,3696,299,473,Amul
4626,Durable Mini Office Supplies Plus,2731,2524,199,31,Havells
4627,Classic Eco-Friendly Ethnic Wear X1,4269,3014,1499,233,Realme
4628,Compact Pro Women's Footwear 2.0,4241,2853,299,241,Bajaj
4629,Stylish Eco-Friendly Bike Accessories,2043,1269,6999,261,Realme
4630,Classic Pro Keyboards,1180,3826,399,32,Bajaj
4631,Ultra Budget Baby Food,3720,3219,49999,441,Nestle
4632,Eco Classic First Aid Lite,3618,2175,999,436,Philips
4633,Advanced Smart Musical Instruments Plus,2725,476,4999,236,Tata
4634,Pro Pro Ayurveda,442,4408,299,104,Realme
4635,Stylish Classic Lubricants,992,3492,499,23,Wildcraft
4636,Smart Local Rings,472,1063,249,98,OnePlus
4637,Advanced Classic Chargers Plus,3956,4627,599,369,Cello
4638,Advanced Eco-Friendly Women's Footwear Lite,3823,4739,2499,250,Titan
4639,Wireless Smart Beverages X1,3240,2604,699,170,Cello
4640,Portable Eco-Friendly Beverages 2.0,845,2670,999,143,Dell
4641,Stylish Deluxe Sandals,3408,3844,499,391,LG
4642,Smart Budget Sofas Lite,3273,1004,599,324,Amul
4643,Premium Pro Rings Lite,4830,2900,14999,417,Bata
4644,Wireless Mini Smartwatches,1893,2618,699,413,Titan
4645,Deluxe Smart Academic Lite,1266,291,9999,244,Nestle
4646,Compact Mini Smartwatches,1893,3414,29999,298,Fabindia
4647,Premium Premium Drums Max,1810,1458,399,41,Puma
4648,Smart Local Wardrobes Plus,3495,74,49999,311,Fabindia
4649,Smart Imported Air Conditioners Max,157,4708,49999,267,Noise
4650,Eco Mini Washing Machines X1,2547,831,14999,77,Adidas
4651,Compact Classic Cases & Covers Pro,4461,1644,9999,149,LG
4652,Pro Eco-Friendly Rings Pro,1447,3117,14999,357,Lenovo
4653,Eco Premium Washing Machines Pro,2259,4489,299,53,Philips
4654,Premium Deluxe Televisions,4361,4598,2499,491,Bata
4655,Eco Eco-Friendly Drums Max,4150,3782,6999,461,Boat
4656,Everyday Pro Personal Hygiene Max,2355,1308,1199,357,Prestige
4657,Eco Classic Yoga Lite,2753,1314,4999,138,Titan
4658,Smart Deluxe Beauty & Personal Care Lite,2530,2704,49999,499,Milton
4659,Compact Imported Bracelets Plus,4952,3765,3999,324,Titan
4660,Wireless Imported Skincare Lite,2756,1287,2499,475,Boat
4661,Ultra Pro Sandals,2544,2433,999,277,Tata
4662,Stylish Pro Skincare,2661,1307,299,161,Milton
4663,Compact Local Bedding,2093,1841,249,287,OnePlus
4664,Lightweight Mini Washing Machines Max,1158,1898,349,355,Fabindia
4665,Premium Smart Air Conditioners,3954,3032,299,475,Tata
4666,Pro Office Supplies Lite,100,168,599,114,Boat
4667,Eco Budget Fragrances Plus,2709,4125,49999,422,Mi
4668,Durable Budget Toys,4375,1009,19999,12,Amul
4669,Compact Budget Washing Machines Plus,2635,2115,19999,131,Amul
4670,Premium Budget Lighting,3968,794,799,225,Havells
4671,Classic Classic Electronics Lite,2073,2985,29999,203,Woodland
4672,Pro Local Men's Footwear,417,404,9999,45,Nestle
4673,Everyday Imported Pet Toys,1951,1363,1499,210,Woodland
4674,Everyday Budget Staples X1,2298,1916,2499,305,Tata
4675,Deluxe Deluxe Bangles,3841,1454,49999,191,Adidas
4676,Wireless Eco-Friendly Ayurveda Plus,3523,749,249,338,Boat
4677,Lightweight Imported Bedding,1491,4052,19999,330,HP
4678,Classic Smart Men's Clothing Lite,3919,1858,2999,389,Sony
4679,Classic Smart Wardrobes Lite,3161,4941,2999,91,Adidas
4680,Portable Budget Office Supplies 2.0,3825,804,6999,152,Godrej
4681,Stylish Accessories,116,3850,399,404,Philips
4682,Ultra Pro Speakers X1,3912,630,4999,139,Cello
4683,Durable Budget Tyres,3172,3049,3999,216,Amul
4684,Compact Eco-Friendly Men's Clothing,1704,2287,14999,3,Sony
4685,Classic Premium Microwaves Lite,3356,4263,6999,361,Amul
4686,Everyday Smart Ethnic Wear Lite,4158,2975,9999,203,OnePlus
4687,Classic Local Groceries Max,905,4649,799,125,Samsung
4688,Eco Pro Air Conditioners Pro,802,635,799,478,Cello
4689,Pro Mini Women's Clothing Lite,2456,3560,249,372,Milton
4690,Everyday Smart Pens Max,4342,3837,249,137,Amul
4691,Wireless Local Car Accessories Plus,2002,682,1499,456,Boat
4692,Pro Imported Diapers,3143,2360,6999,215,Wildcraft
4693,Lightweight Imported Office Supplies Lite,1517,1024,349,21,HP
4694,Deluxe Eco-Friendly Home & Kitchen Max,3434,1780,249,32,Prestige
4695,Premium Classic Violins Plus,723,2519,2499,371,Boat
4696,Compact Imported Educational Toys Lite,2326,724,3999,75,Bajaj
4697,Premium Eco-Friendly Chargers Lite,1409,4271,299,331,Samsung
4698,Ultra Pro Non-Fiction Max,881,3480,2499,261,Adidas
4699,Eco Imported Grooming Max,3826,4762,19999,219,Samsung
4700,Premium Deluxe Air Conditioners Pro,207,1406,499,267,Godrej
4701,Ultra Pro Garden & Outdoor Pro,734,4720,4999,4,Amul
4702,Eco Mini Wardrobes 2.0,1925,3748,299,388,Prestige
4703,Lightweight Deluxe Sports & Fitness Max,255,905,19999,91,Puma
4704,Portable Imported Kids Footwear X1,3362,1735,9999,373,Apple
4705,Stylish Eco-Friendly Men's Clothing Plus,2197,4789,799,297,Boat
4706,Pro Pro Car Accessories Pro,1879,2221,4999,273,Realme
4707,Eco Premium Cases & Covers X1,1362,1382,14999,415,Godrej
4708,Pro Premium Baby Products Lite,2795,3477,349,351,Adidas
4709,Wireless Pro Cycling Lite,350,3759,14999,216,Boat
4710,Pro Budget Snacks Max,2603,1186,19999,147,Realme
4711,Advanced Deluxe Health Care,4913,4402,4999,345,Bata
4712,Smart Premium Rings,576,1162,2999,207,Puma
4713,Stylish Budget Automotive Pro,344,4965,6999,166,Apple
4714,Eco Mini Rings Lite,1995,2664,999,405,HP
4715,Ultra Deluxe Sports & Fitness Plus,4980,1414,2499,65,Milton
4716,Pro Classic Pet Grooming,2088,241,349,408,Prestige
4717,Eco Smart Board Games Lite,4487,3795,799,389,Bata
4718,Lightweight Local Haircare Pro,2677,4645,1199,491,Godrej
4719,Everyday Imported Plants X1,3882,1004,1199,82,HP
4720,Portable Premium Cases & Covers,1362,1175,999,397,Havells
4721,Durable Premium Garden Tools Plus,1428,1068,249,143,Milton
4722,Pro Chargers 2.0,74,1707,14999,392,HP
4723,Premium Smart Health Care Max,3252,2884,6999,388,HP
4724,Classic Budget Staples 2.0,4199,2111,499,371,Realme
4725,Classic Deluxe Bedding,2511,3518,49999,482,Milton
4726,Durable Imported Pens Pro,1490,3251,1499,8,Milton
4727,Stylish Budget Haircare 2.0,4807,1570,19999,219,Bata
4728,Premium Eco-Friendly Home & Kitchen 2.0,358,1903,19999,58,Dell
4729,Wireless Budget Appliances X1,4950,2143,349,151,Amul
4730,Durable Classic Cricket Gear Max,4604,4540,29999,42,LG
4731,Lightweight Budget Cameras Lite,2667,1194,699,400,Sony
4732,Wireless Eco-Friendly Office Supplies,1017,2228,1499,351,Godrej
4733,Everyday Classic Supplements X1,1423,2983,2999,223,Titan
4734,Wireless Mini Home Decor,1837,3135,2999,378,Cello
4735,Lightweight Budget Car Accessories,4549,4402,1199,476,Bajaj
4736,Advanced Pro Smartwatches Max,2662,1725,499,497,Fabindia
4737,Deluxe Budget Diapers Pro,1094,4029,14999,314,Puma
4738,Stylish Premium Children's Books 2.0,3265,2927,349,125,Cello
4739,Durable Eco-Friendly Files & Folders,3725,3270,3999,176,Wildcraft
4740,Everyday Smart Women's Footwear Pro,125,2117,299,286,Bata
4741,Advanced Eco-Friendly Haircare Pro,728,4394,4999,3,Havells
4742,Deluxe Classic Cricket Gear,1415,10,1499,381,Cello
4743,Classic Imported Jewellery Lite,1671,2671,3999,434,Nestle
4744,Everyday Imported Lighting 2.0,2538,4915,349,207,Cello
4745,Smart Deluxe Health Care 2.0,4913,2261,14999,59,Philips
4746,Portable Budget Gym Equipment Plus,1528,2042,399,63,Dell
4747,Smart Deluxe Laptops Pro,3915,3160,1199,348,Tata
4748,Compact Pro Baby Products Lite,3028,4257,3999,137,Apple
4749,Pro Smart Tools,3180,1748,999,368,Titan
4750,Pro Deluxe Beds Plus,503,2722,19999,363,Dell
4751,Ultra Mini Tables Max,1641,3128,2999,451,HP
4752,Advanced Mini Garden & Outdoor Lite,3520,1572,599,383,Nestle
4753,Smart Smart Mixers 2.0,4800,1485,199,252,Fabindia
4754,Stylish Deluxe Comics Lite,1206,217,349,175,Dell
4755,Portable Smart Bike Accessories Max,1230,4755,4999,9,Boat
4756,Ultra Deluxe Televisions Plus,1876,255,299,38,Titan
4757,Classic Smart Lubricants,886,628,2499,155,Prestige
4758,Portable Eco-Friendly Earrings Plus,764,2497,29999,232,Dell
4759,Compact Pro Earrings,824,3332,799,22,Bajaj
4760,Smart Deluxe Guitars X1,3689,2784,999,177,Adidas
4761,Stylish Mini Notebooks 2.0,3857,1253,1199,417,Amul
4762,Wireless Local Smartphones X1,620,3658,19999,54,Tata
4763,Ultra Pro Tyres X1,146,1242,499,160,Noise
4764,Everyday Deluxe Speakers X1,2300,1799,2499,352,LG
4765,Everyday Local Ethnic Wear Plus,568,3000,2499,312,Mi
4766,Durable Deluxe Health Care Lite,3761,2178,249,424,LG
4767,Portable Deluxe Lighting Plus,3513,14,1199,13,Cello
4768,Compact Mini Cricket Gear,4797,3276,299,404,Samsung
4769,Compact Smart Cookware Max,3426,2850,199,224,Fabindia
4770,Wireless Imported Groceries Max,3501,3095,2999,119,Samsung
4771,Everyday Mini Bedding Max,1625,1671,29999,214,Nestle
4772,Lightweight Classic Keyboards Pro,2378,2115,9999,190,Bajaj
4773,Classic Local Kids Footwear Max,4689,4541,699,186,Lenovo
4774,Deluxe Eco-Friendly Sports Shoes,390,2528,19999,300,Puma
4775,Classic Local Baby Products Max,2934,2391,999,224,HP
4776,Lightweight Eco-Friendly Fashion Plus,4533,474,599,61,Dell
4777,Lightweight Smart Power Banks 2.0,3008,1427,14999,100,Milton
4778,Advanced Premium Winter Wear Pro,3381,776,6999,315,Cello
4779,Smart Local Health Care,4439,2782,199,132,Realme
4780,Compact Deluxe Bedding,2511,3858,1499,459,Bata
4781,Wireless Imported Beauty & Personal Care Pro,4700,2119,999,285,Nike
4782,Smart Eco-Friendly Home & Kitchen 2.0,1556,3719,349,203,Lenovo
4783,Wireless Mini First Aid Plus,2879,4628,699,493,OnePlus
4784,Smart Classic Diapers,4901,3231,49999,247,Tata
4785,Portable Deluxe Earrings Plus,4890,2514,1499,475,Nestle
4786,Portable Deluxe Pet Grooming 2.0,3686,4107,4999,155,Apple
4787,Compact Premium Kids Wear,3662,3952,699,394,Bajaj
4788,Deluxe Mini Health Care Plus,4554,1230,1199,318,Woodland
4789,Compact Smart Mobiles & Accessories Plus,2463,4605,9999,143,Prestige
4790,Stylish Budget Beverages,2719,1585,1499,201,Philips
4791,Deluxe Premium Guitars X1,4609,4073,299,253,Puma
4792,Everyday Budget Washing Machines Lite,2006,3949,2499,239,Nike
4793,Durable Mini Cycling Plus,3870,1179,499,169,Godrej
4794,Portable Premium Medical Devices Max,2155,2911,2999,244,Nike
4795,Portable Smart Pet Toys,3003,3584,4999,425,Prestige
4796,Durable Eco-Friendly Automotive Pro,2509,641,9999,31,OnePlus
4797,Smart Classic Cases & Covers X1,561,2019,1199,455,Tata
4798,Portable Classic Cases & Covers Lite,4461,2757,2999,310,Godrej
4799,Durable Pro Baby Products X1,297,3351,199,166,Philips
4800,Advanced Pro Air Conditioners Plus,802,2811,3999,312,Titan
4801,Wireless Imported Ayurveda,839,4733,299,188,Lenovo
4802,Advanced Baby Gear Max,109,2730,6999,426,Bata
4803,Pro Imported Cat Food X1,1722,3119,349,419,Mi
4804,Stylish Classic Toys,3755,4663,399,34,Cello
4805,Eco Local Chargers,2706,2768,9999,372,Godrej
4806,Lightweight Premium Lubricants X1,4582,8,6999,149,Woodland
4807,Pro Budget Lubricants,4455,4188,9999,423,Lenovo
4808,Wireless Eco-Friendly Women's Footwear 2.0,3823,1277,6999,446,Milton
4809,Portable Local Tyres,3231,2508,1999,150,Boat
4810,Advanced Mini Refrigerators X1,3092,3267,499,162,Adidas
4811,Durable Mini Appliances Plus,3049,2046,1999,326,Samsung
4812,Pro Imported Books Max,3228,4071,349,383,Nestle
4813,Pro Smart Stationery Max,4999,3683,1499,186,Mi
4814,Durable Eco-Friendly Toys & Games Lite,353,4589,799,99,Philips
4815,Premium Classic Cases & Covers Lite,2616,4766,349,416,Samsung
4816,Portable Classic Bike Accessories,3990,1028,1499,172,Milton
4817,Classic Eco-Friendly Car Accessories Pro,4717,1560,19999,297,Dell
4818,Compact Pro Cycling X1,1568,4291,3999,56,Sony
4819,Stylish Smart First Aid Lite,588,3144,1499,455,Godrej
4820,Pro Premium Cameras,3551,393,999,15,Puma
4821,Deluxe Sofas,67,2276,399,43,Tata
4822,Classic Budget Pens,4434,2631,2999,194,LG
4823,Everyday Sofas,67,4907,1199,10,LG
4824,Smart Budget Beverages Pro,4475,3296,29999,212,Apple
4825,Classic Mini Notebooks Max,1908,1085,1999,2,Milton
4826,Pro Deluxe Sports & Fitness,255,4210,9999,263,Milton
4827,Wireless Premium Bracelets,544,2298,2499,328,Woodland
4828,Lightweight Deluxe Outdoor Furniture Lite,2032,1814,499,148,Nike
4829,Advanced Classic Lighting,2138,4332,799,127,Realme
4830,Eco Classic Televisions Lite,2643,1985,29999,71,Realme
4831,Advanced Cameras Plus,22,1570,299,266,Nestle
4832,Deluxe Classic Comics Lite,3401,1222,349,390,Nike
4833,Stylish Budget Air Conditioners Plus,2312,4937,349,409,Noise
4834,Smart Classic Power Banks Lite,2507,1286,1999,140,Fabindia
4835,Classic Premium Cycling 2.0,3270,4690,2499,105,Fabindia
4836,Stylish Imported Tables 2.0,3711,3731,2499,89,HP
4837,Everyday Premium Groceries Lite,4484,2655,699,233,Lenovo
4838,Premium Pro Skincare X1,2661,4818,1499,173,Apple
4839,Ultra Budget Makeup Lite,4332,310,399,105,Amul
4840,Classic Budget Lighting Pro,293,4698,2999,173,OnePlus
4841,Durable Mini Washing Machines X1,3210,1149,9999,415,Bajaj
4842,Eco Classic Automotive 2.0,4438,1619,199,442,Sony
4843,Ultra Eco-Friendly Children's Books Lite,1508,1753,1499,402,Puma
4844,Deluxe Local Accessories X1,2923,332,999,177,Havells
4845,Portable Mini Haircare,722,4137,19999,409,Prestige
4846,Premium Eco-Friendly Smartphones Plus,265,3813,999,79,Nestle
4847,Pro Mini Tables Lite,1641,1060,29999,434,Adidas
4848,Durable Eco-Friendly Staples X1,4657,4143,349,107,Sony
4849,Durable Deluxe Keyboards,4585,949,249,488,Mi
4850,Compact Mixers Plus,91,3869,1199,141,Mi
4851,Portable Eco-Friendly Comics,2872,3185,699,31,Samsung
4852,Compact Budget Dairy Lite,4262,3181,1499,392,Bata
4853,Pro Pro Lubricants Plus,3102,1471,199,441,Dell
4854,Everyday Deluxe Sandals X1,4050,2576,1499,379,Samsung
4855,Durable Budget Furniture Plus,4192,966,699,203,Bajaj
4856,Premium Smart Pens,4342,1967,6999,56,Godrej
4857,Compact Eco-Friendly Children's Books X1,688,4655,999,327,Realme
4858,Portable Eco-Friendly Board Games,1613,3952,499,354,Tata
4859,Classic Smart Fashion X1,2098,3597,14999,480,Prestige
4860,Eco Premium Baby Clothing,3315,234,199,157,Milton
4861,Durable Local Smartwatches Plus,2060,407,49999,430,Philips
4862,Pro Deluxe Educational Toys 2.0,786,4427,1499,429,Fabindia
4863,Portable Smart Fiction,2954,292,399,86,Nestle
4864,Deluxe Premium Rings Lite,2383,3104,19999,376,HP
4865,Advanced Eco-Friendly Puzzles Max,3276,3434,1199,473,Realme
4866,Durable Imported Bangles 2.0,2196,2435,1199,487,Nestle
4867,Smart Classic Academic Max,683,3507,399,130,Milton
4868,Durable Eco-Friendly Keyboards,846,3276,999,161,OnePlus
4869,Wireless Classic Jewellery Lite,3506,2859,199,130,Wildcraft
4870,Smart Mini Gym Equipment Max,4255,376,4999,434,Realme
4871,Stylish Budget Air Conditioners Lite,4271,4640,349,90,Philips
4872,Everyday Pro Cameras 2.0,4760,3354,299,156,Mi
4873,Classic Budget Pens,4395,3261,6999,273,Bata
4874,Classic Local Educational Toys,1954,1952,6999,201,Woodland
4875,Premium Local Sports & Fitness 2.0,526,2559,249,476,Godrej
4876,Ultra Premium Kids Wear Pro,3106,2806,1999,161,Nike
4877,Lightweight Eco-Friendly Appliances Pro,2588,3155,1199,91,Fabindia
4878,Lightweight Smart Beauty & Personal Care Lite,533,480,4999,305,Amul
4879,Lightweight Smart Lighting,4080,1371,699,145,HP
4880,Eco Smart Wardrobes,3161,4915,49999,22,Samsung
4881,Advanced Smart Comics X1,970,3655,14999,268,Adidas
4882,Everyday Premium Snacks Pro,637,4863,49999,4,Godrej
4883,Premium Local Bracelets 2.0,3304,3719,199,108,Havells
4884,Ultra Local Wardrobes,3495,403,6999,89,Nike
4885,Portable Imported Cookware Lite,1411,1982,6999,77,Wildcraft
4886,Portable Eco-Friendly Chairs Plus,4864,3586,9999,226,Sony
4887,Advanced Pro Non-Fiction Lite,4174,590,199,340,Adidas
4888,Compact Deluxe Dog Food 2.0,1157,4331,19999,214,Lenovo
4889,Portable Imported Office Supplies Plus,4195,457,999,84,Prestige
4890,Compact Pro Cameras,3295,3707,29999,106,Realme
4891,Stylish Mini Beverages,1976,113,2499,306,Tata
4892,Compact Budget Fashion Max,674,4226,49999,411,Milton
4893,Durable Smart Bike Accessories Pro,2353,1855,4999,459,Prestige
4894,Stylish Eco-Friendly Toys Lite,1418,4441,19999,171,Woodland
4895,Advanced Budget Educational Toys 2.0,566,4371,1499,419,Nestle
4896,Compact Smart Cricket Gear,3405,1010,249,435,Havells
4897,Compact Mini Automotive Plus,1927,4808,599,198,Puma
4898,Smart Budget Dairy 2.0,2804,3830,6999,259,Apple
4899,Portable Premium Snacks Pro,3991,3577,19999,352,Samsung
4900,Pro Premium Tools Lite,3859,1757,799,146,Bata
4901,Ultra Classic Non-Fiction,2743,1773,999,90,Havells
4902,Pro Premium Lubricants Pro,2137,4675,799,39,Boat
4903,Classic Deluxe Violins Pro,1591,4260,1499,425,Titan
4904,Durable Mini Board Games 2.0,1769,4793,6999,432,Amul
4905,Deluxe Mini Academic X1,2149,4832,19999,179,Philips
4906,Eco Mini Fragrances Pro,4882,3928,49999,29,Fabindia
4907,Ultra Classic Home Decor Pro,999,2181,3999,166,Tata
4908,Durable Smart Dog Food Max,652,2057,799,30,Apple
4909,Portable Classic Personal Hygiene,4265,4013,249,408,Puma
4910,Classic Smart Car Accessories Max,3623,4967,9999,277,Boat
4911,Lightweight Deluxe Plants,2751,1882,349,311,Bata
4912,Smart Budget Washing Machines 2.0,2006,3367,299,232,Cello
4913,Eco Classic Necklaces Lite,1866,2226,499,50,Philips
4914,Stylish Budget Sofas 2.0,275,2371,19999,262,Lenovo
4915,Stylish Mini Office Supplies Max,1254,3321,199,80,Noise
4916,Lightweight Imported Pet Grooming Max,4743,1407,3999,452,Prestige
4917,Everyday Eco-Friendly Aquarium X1,491,4219,2499,215,Noise
4918,Stylish Premium Smartphones,165,1142,14999,233,Fabindia
4919,Smart Smart Power Banks Plus,1766,3095,1999,338,LG
4920,Wireless Imported Beverages 2.0,559,1619,349,249,Mi
4921,Stylish Pro Refrigerators 2.0,4123,1694,9999,258,Tata
4922,Advanced Classic Cricket Gear,4604,2973,19999,253,OnePlus
4923,Wireless Budget Snacks Max,1773,2009,1999,456,Godrej
4924,Classic Premium Baby Gear,1495,4158,4999,310,Lenovo
4925,Ultra Classic Power Banks Pro,172,4257,3999,225,Titan
4926,Wireless Pro Cricket Gear Plus,2454,3837,199,206,Bata
4927,Premium Premium Toys Max,3977,3122,2999,157,Realme
4928,Pro Pro Beverages Lite,1653,3995,1199,378,Fabindia
4929,Classic Premium Washing Machines,725,3406,699,152,Fabindia
4930,Wireless Mini Fragrances Plus,4882,3734,19999,90,Tata
4931,Pro Eco-Friendly Bedding Max,3117,2885,29999,388,Dell
4932,Everyday Eco-Friendly Lighting 2.0,741,362,3999,209,Puma
4933,Premium Premium Grills Plus,3947,4978,14999,242,Prestige
4934,Pro Eco-Friendly Cookware X1,2576,1354,299,99,Samsung
4935,Stylish Premium Car Accessories X1,3608,4970,3999,392,Lenovo
4936,Everyday Local Keyboards,1885,196,1499,53,OnePlus
4937,Ultra Mini First Aid Plus,3264,1532,399,42,Sony
4938,Eco Imported Supplements Pro,665,4240,2499,17,Milton
4939,Ultra Local Lighting Lite,1598,4089,1199,420,Fabindia
4940,Smart Classic Stationery X1,266,2346,2999,55,Amul
4941,Deluxe Local Air Conditioners Lite,2343,1109,999,114,Bajaj
4942,Everyday Local Speakers Plus,2078,563,399,11,Realme
4943,Pro Eco-Friendly Jewellery Lite,1200,1232,4999,378,Nike
4944,Smart Pens,98,599,399,458,Fabindia
4945,Pro Classic Car Accessories Pro,2762,441,399,108,Apple
4946,Eco Smart Medical Devices 2.0,592,2590,299,190,Fabindia
4947,Compact Eco-Friendly Musical Instruments,798,4040,799,262,Samsung
4948,Classic Premium Kids Wear Lite,3662,952,349,253,HP
4949,Deluxe Smart Beauty & Personal Care Lite,4648,2559,249,321,Adidas
4950,Eco Pro Comics,4624,2457,349,152,Philips
4951,Everyday Premium Keyboards 2.0,2320,989,1499,243,Nestle
4952,Deluxe Local Groceries Lite,905,1031,9999,303,Fabindia
4953,Premium Budget Action Figures 2.0,4893,3494,1499,296,Nestle
4954,Eco Local Bangles 2.0,3055,3191,349,141,Philips
4955,Advanced Imported Baby Clothing Pro,3906,3424,299,157,Lenovo
4956,Ultra Deluxe Keyboards,4585,4526,1499,375,Bajaj
4957,Pro Budget Home Decor Pro,830,3764,249,2,LG
4958,Deluxe Imported Kids Wear X1,1554,1256,349,90,Titan
4959,Ultra Budget Air Conditioners X1,4809,3534,6999,229,LG
4960,Lightweight Premium Bike Accessories X1,2886,764,349,193,Noise
4961,Pro Budget Board Games,4240,1392,6999,13,Havells
4962,Premium Eco-Friendly Cookware,2576,60,499,29,Adidas
4963,Stylish Smart Books X1,4702,808,14999,188,Nestle
4964,Eco Deluxe Men's Clothing X1,3890,1987,29999,211,Fabindia
4965,Pro Deluxe Chargers Plus,3563,4646,599,94,Realme
4966,Classic Premium Dairy,668,619,249,243,Godrej
4967,Everyday Eco-Friendly Lubricants,2152,4093,799,256,HP
4968,Smart Budget Beverages Pro,4475,683,699,414,Bajaj
4969,Advanced Budget Spices,216,931,499,337,Nestle
4970,Lightweight Deluxe Garden Tools Lite,716,1822,9999,227,Prestige
4971,Everyday Smart Dairy X1,4626,3187,399,108,Realme
4972,Smart Smart Chargers X1,2558,4504,499,167,Bajaj
4973,Portable Pro Rings Plus,2858,3404,599,97,Boat
4974,Portable Smart Fashion X1,427,1366,699,122,Milton
4975,Portable Local Medical Devices 2.0,3396,4272,2999,266,Nike
4976,Eco Classic Outdoor Toys Pro,3656,2766,9999,438,LG
4977,Advanced Mini Snacks,4378,1045,249,39,HP
4978,Durable Sandals,81,4366,14999,347,Puma
4979,Stylish Eco-Friendly Fiction,1764,3151,199,60,Sony
4980,Wireless Eco-Friendly Medical Devices Plus,2591,771,2499,297,Boat
4981,Lightweight Local Notebooks Pro,374,3577,4999,348,Mi
4982,Classic Imported Tools X1,747,552,999,136,Wildcraft
4983,Wireless Smart Wardrobes Plus,1887,1233,349,273,Cello
4984,Durable Imported Health Care,4141,301,29999,114,Nestle
4985,Smart Imported Outdoor Toys Plus,3068,1951,2999,461,Puma
4986,Deluxe Local Power Banks Pro,1219,2951,499,376,Havells
4987,Deluxe Budget Electronics,4462,191,999,266,Nestle
4988,Classic Pro Keyboards Lite,4226,3349,349,119,Wildcraft
4989,Stylish Classic Laptops Lite,4766,3091,699,383,Wildcraft
4990,Compact Classic Beverages Lite,1559,1537,49999,327,Bajaj
4991,Portable Deluxe Smartwatches Plus,2809,2171,49999,266,Sony
4992,Durable Deluxe Cookware Plus,1618,1932,1499,1,Godrej
4993,Premium Premium First Aid Plus,2556,3090,19999,239,Titan
4994,Durable Premium Grills,1311,701,499,277,Prestige
4995,Durable Mini Baby Gear,4420,1220,1499,343,Realme
4996,Lightweight Deluxe Books 2.0,2692,2312,299,106,Fabindia
4997,Compact Classic Necklaces,1866,1756,19999,7,OnePlus
4998,Ultra Violins Lite,115,1870,1499,257,Amul
4999,Portable Eco-Friendly Guitars 2.0,282,2599,1199,14,Prestige
5000,Stylish Pro Jewellery Lite,4468,816,349,467,OnePlus
