ReturnID,OrderItemID,Reason,ReturnStatus,RefundAmount
1,2629,Quality not as expected,Approved,1499
2,1053,Received duplicate item,Requested,3999
3,2843,Size issue,Approved,199
4,2295,Quality not as expected,Rejected,2999
5,747,Size issue,Approved,1999
6,1146,Size issue,Rejected,3999
7,1621,Item defective,Approved,1499
8,2610,Quality not as expected,Approved,999
9,1883,Changed my mind,Requested,2999
10,2864,Size issue,Rejected,1999
11,3785,Changed my mind,Refunded,2999
12,1421,"Late delivery, no longer needed",Approved,1999
13,1624,Size issue,Picked Up,1499
14,183,Received duplicate item,Approved,1999
15,4109,Changed my mind,Rejected,0
16,1156,Changed my mind,Approved,3999
17,480,Size issue,Rejected,3999
18,2666,Item defective,Picked Up,999
19,3663,"Late delivery, no longer needed",Requested,299
20,732,Product damaged,Picked Up,3999
21,4845,Wrong item delivered,Picked Up,999
22,1168,Wrong item delivered,Approved,999
23,4498,Wrong item delivered,Approved,299
24,241,Received duplicate item,Requested,0
25,883,Wrong item delivered,Rejected,999
26,4385,Wrong item delivered,Rejected,1999
27,1426,Received duplicate item,Requested,199
28,2198,Received duplicate item,Approved,299
29,547,Changed my mind,Picked Up,3999
30,1140,Quality not as expected,Picked Up,499
31,108,Size issue,Refunded,499
32,1746,"Late delivery, no longer needed",Rejected,499
33,1885,Quality not as expected,Refunded,199
34,719,Product damaged,Picked Up,199
35,799,"Late delivery, no longer needed",Picked Up,3999
36,2838,Size issue,Picked Up,299
37,680,Quality not as expected,Rejected,999
38,2964,Quality not as expected,Rejected,299
39,1782,Size issue,Rejected,999
40,1846,Quality not as expected,Picked Up,999
41,4458,"Late delivery, no longer needed",Picked Up,999
42,3227,Product damaged,Refunded,2999
43,4016,Quality not as expected,Refunded,0
44,3741,Size issue,Refunded,1999
45,1369,Size issue,Requested,3999
46,2946,Received duplicate item,Requested,199
47,1130,Product damaged,Requested,499
48,3537,Wrong item delivered,Rejected,199
49,4951,Received duplicate item,Requested,3999
50,1157,Quality not as expected,Rejected,0
51,3458,Quality not as expected,Picked Up,2999
52,330,"Late delivery, no longer needed",Picked Up,499
53,2154,Wrong item delivered,Rejected,199
54,4039,"Late delivery, no longer needed",Approved,999
55,1407,Item defective,Picked Up,999
56,3404,Wrong item delivered,Picked Up,1499
57,682,Quality not as expected,Rejected,999
58,1111,Wrong item delivered,Requested,1999
59,3452,"Late delivery, no longer needed",Picked Up,1499
60,1131,Quality not as expected,Approved,499
61,4200,"Late delivery, no longer needed",Requested,0
62,4383,Item defective,Requested,199
63,2214,Size issue,Picked Up,2999
64,3975,Quality not as expected,Requested,2999
65,4013,Changed my mind,Rejected,199
66,4210,"Late delivery, no longer needed",Rejected,499
67,3569,Size issue,Rejected,2999
68,4972,Wrong item delivered,Picked Up,999
69,1802,Size issue,Approved,1499
70,3009,Wrong item delivered,Requested,1999
71,3544,Quality not as expected,Refunded,999
72,3868,Wrong item delivered,Picked Up,1999
73,1498,Size issue,Refunded,0
74,732,Size issue,Approved,199
75,3696,Item defective,Refunded,999
76,2597,Changed my mind,Refunded,499
77,3710,Changed my mind,Approved,499
78,4865,Received duplicate item,Approved,199
79,1463,Quality not as expected,Refunded,999
80,3738,Quality not as expected,Refunded,199
81,1685,Quality not as expected,Approved,1499
82,1886,Wrong item delivered,Rejected,499
83,2400,Item defective,Rejected,299
84,223,Product damaged,Picked Up,0
85,1478,Received duplicate item,Approved,3999
86,4163,Changed my mind,Picked Up,3999
87,3726,Received duplicate item,Requested,1999
88,3250,Wrong item delivered,Refunded,999
89,2684,Changed my mind,Requested,3999
90,1146,Wrong item delivered,Approved,199
91,2070,Product damaged,Refunded,199
92,4395,Received duplicate item,Picked Up,499
93,336,"Late delivery, no longer needed",Rejected,499
94,2254,Product damaged,Picked Up,1999
95,4406,Size issue,Picked Up,199
96,4288,Wrong item delivered,Picked Up,299
97,2497,Wrong item delivered,Refunded,199
98,2489,"Late delivery, no longer needed",Refunded,999
99,257,Product damaged,Requested,2999
100,3279,Changed my mind,Refunded,1999
101,1239,"Late delivery, no longer needed",Approved,499
102,2192,Item defective,Refunded,999
103,3941,Product damaged,Rejected,2999
104,1036,Received duplicate item,Approved,499
105,2862,Changed my mind,Rejected,0
106,3272,"Late delivery, no longer needed",Rejected,2999
107,4912,Product damaged,Approved,3999
108,4376,Changed my mind,Picked Up,1499
109,4762,Size issue,Approved,999
110,2251,Wrong item delivered,Requested,3999
111,3315,Product damaged,Picked Up,2999
112,3967,Received duplicate item,Rejected,199
113,926,"Late delivery, no longer needed",Rejected,499
114,551,Item defective,Rejected,0
115,1535,Quality not as expected,Refunded,3999
116,1139,Changed my mind,Rejected,1499
117,4361,"Late delivery, no longer needed",Rejected,299
118,3464,Size issue,Requested,0
119,4987,Product damaged,Requested,3999
120,1938,Item defective,Approved,2999
121,820,Received duplicate item,Picked Up,1999
122,2995,Product damaged,Requested,3999
123,1147,Product damaged,Approved,1999
124,1983,Quality not as expected,Picked Up,3999
125,4911,Quality not as expected,Requested,499
126,2226,Wrong item delivered,Requested,299
127,648,Product damaged,Rejected,3999
128,4638,Product damaged,Requested,999
129,1510,Product damaged,Refunded,999
130,1390,"Late delivery, no longer needed",Rejected,199
131,3314,Received duplicate item,Approved,299
132,186,Item defective,Rejected,999
133,1455,Wrong item delivered,Requested,1499
134,3739,Item defective,Approved,1999
135,859,"Late delivery, no longer needed",Approved,0
136,1139,Quality not as expected,Refunded,1499
137,2241,Product damaged,Picked Up,2999
138,4796,Received duplicate item,Requested,499
139,3947,Size issue,Requested,1999
140,2699,Product damaged,Approved,199
141,1067,Product damaged,Approved,2999
142,2606,"Late delivery, no longer needed",Refunded,1999
143,1826,Size issue,Refunded,499
144,1886,Item defective,Rejected,2999
145,1402,Item defective,Picked Up,1999
146,299,Item defective,Picked Up,499
147,1922,"Late delivery, no longer needed",Refunded,0
148,1332,Received duplicate item,Rejected,3999
149,3673,Received duplicate item,Rejected,499
150,722,Size issue,Refunded,199
151,4967,Item defective,Picked Up,1499
152,506,Wrong item delivered,Requested,1499
153,1388,"Late delivery, no longer needed",Refunded,2999
154,696,Product damaged,Picked Up,0
155,511,Size issue,Refunded,999
156,4697,"Late delivery, no longer needed",Rejected,199
157,4955,"Late delivery, no longer needed",Requested,199
158,460,Received duplicate item,Refunded,999
159,1663,Wrong item delivered,Approved,999
160,780,Changed my mind,Rejected,1499
161,3391,Changed my mind,Approved,1999
162,4409,"Late delivery, no longer needed",Requested,0
163,4541,"Late delivery, no longer needed",Approved,3999
164,3122,Quality not as expected,Refunded,999
165,4332,Item defective,Rejected,199
166,1716,Changed my mind,Picked Up,1999
167,3411,Wrong item delivered,Picked Up,1499
168,2063,Quality not as expected,Requested,2999
169,2009,Product damaged,Picked Up,2999
170,320,Size issue,Picked Up,199
171,1124,Product damaged,Approved,1999
172,1211,"Late delivery, no longer needed",Refunded,199
173,2466,Wrong item delivered,Picked Up,1999
174,2328,Size issue,Picked Up,299
175,1841,Quality not as expected,Refunded,499
176,2731,Received duplicate item,Refunded,999
177,3712,Received duplicate item,Picked Up,2999
178,4171,Quality not as expected,Requested,1499
179,3847,Item defective,Refunded,3999
180,522,Product damaged,Requested,1499
181,1839,Product damaged,Rejected,1999
182,2664,Wrong item delivered,Rejected,999
183,1495,Quality not as expected,Requested,999
184,4214,Quality not as expected,Approved,1999
185,1934,Quality not as expected,Rejected,499
186,93,Quality not as expected,Requested,999
187,2469,Quality not as expected,Approved,999
188,3960,Item defective,Rejected,3999
189,4566,Quality not as expected,Rejected,0
190,2718,"Late delivery, no longer needed",Approved,499
191,4977,Received duplicate item,Picked Up,1499
192,837,Changed my mind,Rejected,299
193,4034,Product damaged,Picked Up,2999
194,1746,Size issue,Requested,3999
195,818,Item defective,Rejected,199
196,4819,Quality not as expected,Approved,499
197,4572,"Late delivery, no longer needed",Requested,2999
198,4255,Wrong item delivered,Refunded,199
199,4605,Size issue,Rejected,499
200,4480,"Late delivery, no longer needed",Picked Up,1999
201,267,Item defective,Approved,1999
202,3425,Wrong item delivered,Approved,1499
203,4635,Product damaged,Approved,199
204,366,"Late delivery, no longer needed",Requested,0
205,690,Changed my mind,Refunded,0
206,4149,Product damaged,Requested,3999
207,528,"Late delivery, no longer needed",Approved,1499
208,3710,Received duplicate item,Picked Up,1999
209,1056,Quality not as expected,Approved,1499
210,2729,Item defective,Refunded,499
211,185,Received duplicate item,Picked Up,299
212,1438,Changed my mind,Refunded,299
213,4573,Size issue,Rejected,0
214,1773,Size issue,Picked Up,0
215,35,Received duplicate item,Picked Up,1499
216,560,Product damaged,Refunded,499
217,4109,Changed my mind,Requested,2999
218,1096,"Late delivery, no longer needed",Picked Up,1999
219,1603,Received duplicate item,Approved,999
220,377,Product damaged,Refunded,999
221,3279,Quality not as expected,Refunded,0
222,2002,Received duplicate item,Refunded,1499
223,1758,Received duplicate item,Approved,1999
224,509,"Late delivery, no longer needed",Refunded,199
225,1408,Wrong item delivered,Requested,1499
226,4142,Quality not as expected,Requested,299
227,850,Size issue,Requested,0
228,2277,Size issue,Rejected,2999
229,4993,Product damaged,Picked Up,0
230,767,Item defective,Requested,0
231,398,Wrong item delivered,Picked Up,0
232,1660,Size issue,Picked Up,499
233,4179,Item defective,Approved,1999
234,1875,Size issue,Rejected,0
235,766,Item defective,Approved,1499
236,4558,Quality not as expected,Requested,499
237,1729,Quality not as expected,Rejected,299
238,958,Wrong item delivered,Rejected,1999
239,324,Quality not as expected,Refunded,2999
240,4956,Changed my mind,Approved,199
241,2599,Quality not as expected,Approved,499
242,1960,Item defective,Requested,999
243,104,Quality not as expected,Requested,0
244,830,Received duplicate item,Rejected,1499
245,4240,Product damaged,Requested,2999
246,4960,Received duplicate item,Refunded,299
247,4486,Changed my mind,Requested,999
248,2251,"Late delivery, no longer needed",Rejected,999
249,2605,Changed my mind,Requested,1499
250,4057,Item defective,Rejected,2999
251,2570,Quality not as expected,Rejected,299
252,2972,Changed my mind,Rejected,1999
253,1179,Item defective,Refunded,2999
254,3371,Wrong item delivered,Requested,0
255,4241,Changed my mind,Refunded,1499
256,3847,Wrong item delivered,Picked Up,0
257,171,"Late delivery, no longer needed",Requested,3999
258,4953,Item defective,Picked Up,199
259,118,Quality not as expected,Picked Up,0
260,2952,Wrong item delivered,Approved,1999
261,3608,Product damaged,Requested,3999
262,1804,Item defective,Picked Up,1499
263,4345,"Late delivery, no longer needed",Picked Up,1999
264,1332,"Late delivery, no longer needed",Picked Up,199
265,3693,Product damaged,Picked Up,0
266,4880,Received duplicate item,Rejected,299
267,1817,Size issue,Refunded,0
268,1574,Wrong item delivered,Approved,299
269,1608,Quality not as expected,Picked Up,1999
270,274,Size issue,Rejected,0
271,1684,Wrong item delivered,Refunded,299
272,4887,Product damaged,Picked Up,1499
273,4653,"Late delivery, no longer needed",Approved,199
274,2786,Size issue,Rejected,2999
275,1537,Wrong item delivered,Picked Up,2999
276,314,Received duplicate item,Approved,199
277,2175,Wrong item delivered,Requested,1999
278,2015,Quality not as expected,Picked Up,199
279,1172,Wrong item delivered,Refunded,499
280,2748,Size issue,Approved,1499
281,3967,Quality not as expected,Approved,1499
282,3355,Product damaged,Rejected,299
283,3651,Wrong item delivered,Requested,999
284,4722,Quality not as expected,Rejected,999
285,3070,Changed my mind,Approved,999
286,2019,Size issue,Approved,499
287,3103,Wrong item delivered,Requested,299
288,1965,Quality not as expected,Rejected,999
289,2032,Wrong item delivered,Rejected,499
290,1003,"Late delivery, no longer needed",Picked Up,2999
291,4153,Size issue,Refunded,2999
292,3592,"Late delivery, no longer needed",Picked Up,999
293,530,Size issue,Refunded,299
294,4310,Quality not as expected,Rejected,299
295,789,Changed my mind,Approved,1499
296,2095,Wrong item delivered,Rejected,2999
297,4428,"Late delivery, no longer needed",Rejected,499
298,2656,"Late delivery, no longer needed",Approved,499
299,408,Product damaged,Rejected,1499
300,4167,Wrong item delivered,Refunded,1499
301,3256,Product damaged,Rejected,3999
302,3723,Quality not as expected,Rejected,999
303,3279,"Late delivery, no longer needed",Refunded,1999
304,3145,Product damaged,Picked Up,199
305,2806,Wrong item delivered,Requested,299
306,386,Item defective,Requested,2999
307,150,Changed my mind,Picked Up,999
308,85,Item defective,Approved,1499
309,2919,Size issue,Requested,199
310,3527,Item defective,Picked Up,2999
311,2282,Item defective,Picked Up,499
312,895,Quality not as expected,Refunded,1499
313,4466,Wrong item delivered,Picked Up,1499
314,4106,Product damaged,Approved,299
315,2076,Item defective,Rejected,499
316,789,Changed my mind,Refunded,0
317,4800,Received duplicate item,Requested,2999
318,2140,Product damaged,Approved,3999
319,1408,Size issue,Picked Up,299
320,1732,Item defective,Requested,999
321,4134,Size issue,Refunded,999
322,2303,Item defective,Rejected,299
323,959,Item defective,Rejected,0
324,1541,Item defective,Approved,499
325,4499,Size issue,Refunded,3999
326,137,Size issue,Approved,499
327,4739,"Late delivery, no longer needed",Requested,0
328,2137,"Late delivery, no longer needed",Picked Up,1999
329,3069,Changed my mind,Approved,1499
330,649,Quality not as expected,Refunded,1999
331,124,Wrong item delivered,Picked Up,299
332,522,Product damaged,Refunded,3999
333,2226,"Late delivery, no longer needed",Picked Up,2999
334,4500,Size issue,Refunded,0
335,4006,Product damaged,Approved,499
336,785,Quality not as expected,Requested,1999
337,4628,Product damaged,Rejected,499
338,4970,Quality not as expected,Requested,1499
339,81,Item defective,Approved,999
340,3025,Wrong item delivered,Rejected,299
341,2994,Changed my mind,Refunded,199
342,1428,Size issue,Refunded,999
343,1195,Size issue,Requested,0
344,4705,"Late delivery, no longer needed",Refunded,999
345,603,"Late delivery, no longer needed",Rejected,2999
346,4388,Received duplicate item,Refunded,3999
347,2754,Wrong item delivered,Requested,0
348,1163,Quality not as expected,Approved,299
349,2186,"Late delivery, no longer needed",Picked Up,0
350,1219,Item defective,Rejected,299
351,1687,Wrong item delivered,Refunded,299
352,1365,Wrong item delivered,Rejected,499
353,2930,Size issue,Approved,1499
354,2192,Quality not as expected,Requested,499
355,332,Quality not as expected,Refunded,999
356,4026,Changed my mind,Picked Up,1999
357,620,"Late delivery, no longer needed",Rejected,3999
358,3126,Size issue,Refunded,3999
359,1991,Item defective,Approved,1499
360,1724,Quality not as expected,Picked Up,199
361,4695,Wrong item delivered,Refunded,0
362,1870,Wrong item delivered,Picked Up,1499
363,1651,Size issue,Rejected,3999
364,3109,"Late delivery, no longer needed",Approved,499
365,1652,Quality not as expected,Requested,1499
366,32,Product damaged,Refunded,0
367,2021,Quality not as expected,Refunded,0
368,2620,"Late delivery, no longer needed",Approved,1499
369,1102,Wrong item delivered,Requested,199
370,4201,Received duplicate item,Requested,3999
371,1085,Item defective,Requested,999
372,3509,Changed my mind,Rejected,3999
373,227,Item defective,Picked Up,199
374,736,Changed my mind,Requested,1999
375,3647,Quality not as expected,Picked Up,1499
376,2438,Product damaged,Picked Up,2999
377,4521,Product damaged,Approved,299
378,2969,Wrong item delivered,Refunded,199
379,230,Product damaged,Rejected,499
380,740,"Late delivery, no longer needed",Picked Up,299
381,13,Wrong item delivered,Requested,999
382,4388,"Late delivery, no longer needed",Approved,0
383,4929,Changed my mind,Refunded,499
384,237,Received duplicate item,Rejected,299
385,2264,Wrong item delivered,Rejected,199
386,3505,Item defective,Requested,199
387,1466,Received duplicate item,Picked Up,2999
388,4831,Received duplicate item,Picked Up,1999
389,2437,Item defective,Approved,2999
390,4,Received duplicate item,Requested,1499
391,2503,Quality not as expected,Picked Up,1499
392,4076,Changed my mind,Rejected,999
393,4671,"Late delivery, no longer needed",Picked Up,2999
394,286,Changed my mind,Rejected,1499
395,831,Size issue,Rejected,1999
396,4021,Size issue,Requested,999
397,2919,Product damaged,Requested,1499
398,205,Size issue,Picked Up,499
399,2133,Changed my mind,Requested,299
400,4921,Item defective,Picked Up,499
401,4736,Quality not as expected,Requested,0
402,654,Product damaged,Picked Up,0
403,3390,Size issue,Picked Up,0
404,1147,Item defective,Refunded,199
405,208,"Late delivery, no longer needed",Requested,0
406,4841,Item defective,Rejected,299
407,4247,Received duplicate item,Requested,0
408,3160,Received duplicate item,Rejected,1999
409,845,Product damaged,Refunded,199
410,3268,Product damaged,Rejected,3999
411,2901,Item defective,Picked Up,1499
412,1086,Changed my mind,Refunded,299
413,4791,Changed my mind,Requested,199
414,2460,Changed my mind,Picked Up,1499
415,4283,Product damaged,Requested,999
416,2131,Received duplicate item,Approved,299
417,10,Size issue,Requested,2999
418,1030,Size issue,Requested,3999
419,2234,Received duplicate item,Refunded,299
420,1333,Item defective,Refunded,2999
421,3259,Quality not as expected,Rejected,2999
422,2945,Item defective,Picked Up,299
423,341,Received duplicate item,Refunded,2999
424,4439,Received duplicate item,Picked Up,3999
425,2410,Received duplicate item,Refunded,2999
426,3980,Product damaged,Requested,499
427,3489,Quality not as expected,Requested,3999
428,4421,Quality not as expected,Approved,1499
429,3978,Size issue,Picked Up,3999
430,2513,Item defective,Rejected,1999
431,162,Quality not as expected,Refunded,2999
432,2990,Wrong item delivered,Approved,1499
433,766,"Late delivery, no longer needed",Refunded,1999
434,1490,Quality not as expected,Refunded,0
435,357,Item defective,Rejected,199
436,860,Quality not as expected,Approved,3999
437,1993,Quality not as expected,Picked Up,499
438,3362,Product damaged,Picked Up,3999
439,4956,Item defective,Rejected,1499
440,458,Quality not as expected,Approved,2999
441,2967,Received duplicate item,Refunded,199
442,4839,Changed my mind,Rejected,499
443,1545,Changed my mind,Rejected,199
444,4989,Product damaged,Rejected,0
445,2894,Changed my mind,Approved,1499
446,4709,Received duplicate item,Requested,199
447,4037,Received duplicate item,Rejected,499
448,1182,Received duplicate item,Approved,499
449,93,Changed my mind,Picked Up,999
450,4914,Wrong item delivered,Requested,299
451,1705,Changed my mind,Requested,1999
452,1495,"Late delivery, no longer needed",Picked Up,2999
453,2350,Received duplicate item,Requested,1999
454,1210,Item defective,Picked Up,3999
455,4882,Wrong item delivered,Approved,0
456,4790,Size issue,Refunded,1999
457,705,"Late delivery, no longer needed",Approved,1499
458,3540,Received duplicate item,Picked Up,2999
459,246,Size issue,Picked Up,299
460,574,Quality not as expected,Picked Up,499
461,195,Received duplicate item,Refunded,1999
462,1590,Wrong item delivered,Picked Up,499
463,3849,Quality not as expected,Rejected,2999
464,4403,Product damaged,Refunded,1499
465,3911,Size issue,Refunded,299
466,4622,Changed my mind,Approved,299
467,728,Received duplicate item,Approved,2999
468,4742,Size issue,Picked Up,1499
469,1040,Wrong item delivered,Approved,2999
470,4816,Product damaged,Rejected,299
471,2031,Quality not as expected,Requested,299
472,158,"Late delivery, no longer needed",Picked Up,3999
473,1022,Changed my mind,Rejected,299
474,1847,Quality not as expected,Requested,199
475,1516,Changed my mind,Picked Up,999
476,1093,Changed my mind,Refunded,1999
477,454,Received duplicate item,Approved,299
478,2325,"Late delivery, no longer needed",Approved,3999
479,1357,Received duplicate item,Refunded,499
480,2865,Received duplicate item,Refunded,3999
481,4178,Product damaged,Requested,1999
482,3836,Size issue,Requested,1999
483,318,"Late delivery, no longer needed",Picked Up,199
484,2041,Changed my mind,Approved,199
485,847,Wrong item delivered,Requested,0
486,563,Quality not as expected,Picked Up,3999
487,730,Wrong item delivered,Approved,199
488,1074,"Late delivery, no longer needed",Picked Up,299
489,1375,Wrong item delivered,Picked Up,499
490,2697,Quality not as expected,Rejected,3999
491,1899,Quality not as expected,Picked Up,3999
492,1816,Product damaged,Picked Up,1999
493,935,"Late delivery, no longer needed",Requested,999
494,4834,Wrong item delivered,Picked Up,2999
495,3661,Size issue,Rejected,1499
496,1062,Size issue,Approved,0
497,2668,Received duplicate item,Refunded,3999
498,4330,Wrong item delivered,Refunded,1499
499,3216,Item defective,Refunded,0
500,354,Item defective,Picked Up,1999
501,3986,Size issue,Picked Up,3999
502,2458,Quality not as expected,Refunded,299
503,4863,Received duplicate item,Picked Up,1499
504,58,Product damaged,Picked Up,0
505,845,Quality not as expected,Refunded,2999
506,1298,Product damaged,Approved,0
507,3056,Received duplicate item,Picked Up,499
508,3801,Product damaged,Refunded,1999
509,4341,Quality not as expected,Picked Up,1999
510,2341,Quality not as expected,Rejected,2999
511,2110,Item defective,Rejected,2999
512,2747,Wrong item delivered,Rejected,2999
513,1898,"Late delivery, no longer needed",Picked Up,199
514,4479,Quality not as expected,Approved,499
515,281,Item defective,Requested,2999
516,2545,Size issue,Picked Up,299
517,1195,Size issue,Approved,1499
518,1929,"Late delivery, no longer needed",Picked Up,199
519,354,Quality not as expected,Approved,0
520,3777,Size issue,Requested,1499
521,934,Size issue,Rejected,999
522,4978,Wrong item delivered,Picked Up,2999
523,3681,Product damaged,Refunded,0
524,4203,Item defective,Approved,1999
525,4406,Changed my mind,Requested,1999
526,1960,Quality not as expected,Rejected,299
527,976,Item defective,Picked Up,499
528,3079,Size issue,Picked Up,1499
529,4819,Changed my mind,Picked Up,2999
530,667,Item defective,Rejected,999
531,4307,Product damaged,Approved,299
532,3665,Item defective,Picked Up,3999
533,3031,Item defective,Refunded,199
534,1011,"Late delivery, no longer needed",Rejected,999
535,4219,Changed my mind,Refunded,1999
536,555,Item defective,Rejected,199
537,409,Item defective,Refunded,499
538,1324,Changed my mind,Refunded,3999
539,3824,Size issue,Approved,2999
540,1383,Item defective,Approved,999
541,4669,Changed my mind,Refunded,3999
542,2439,Wrong item delivered,Rejected,1999
543,3875,Quality not as expected,Approved,299
544,4976,Product damaged,Refunded,0
545,93,Product damaged,Approved,199
546,4061,Changed my mind,Rejected,1999
547,2276,Changed my mind,Approved,1499
548,3588,Changed my mind,Rejected,2999
549,3287,Wrong item delivered,Requested,1499
550,3583,"Late delivery, no longer needed",Picked Up,999
551,1182,Size issue,Rejected,999
552,2145,Quality not as expected,Refunded,1999
553,3767,Received duplicate item,Requested,999
554,2831,Item defective,Picked Up,0
555,1923,Wrong item delivered,Refunded,0
556,4432,Wrong item delivered,Picked Up,499
557,2362,Received duplicate item,Picked Up,199
558,1123,"Late delivery, no longer needed",Picked Up,1999
559,272,Product damaged,Picked Up,999
560,198,Wrong item delivered,Rejected,0
561,943,Size issue,Refunded,1999
562,424,Product damaged,Requested,299
563,4913,Size issue,Picked Up,999
564,935,"Late delivery, no longer needed",Picked Up,499
565,1518,Product damaged,Picked Up,1999
566,3761,Received duplicate item,Approved,999
567,3578,Item defective,Refunded,3999
568,2574,Received duplicate item,Rejected,2999
569,4260,Size issue,Requested,999
570,1994,Changed my mind,Rejected,499
571,2459,Wrong item delivered,Refunded,1499
572,4581,"Late delivery, no longer needed",Refunded,3999
573,1226,Wrong item delivered,Refunded,2999
574,1374,Received duplicate item,Picked Up,0
575,320,Size issue,Rejected,999
576,3207,Size issue,Approved,0
577,992,Product damaged,Requested,3999
578,1411,Item defective,Approved,3999
579,3101,Item defective,Approved,1999
580,3454,Quality not as expected,Picked Up,1999
581,3489,Changed my mind,Approved,0
582,4067,Wrong item delivered,Requested,199
583,4597,Changed my mind,Picked Up,0
584,3146,Item defective,Requested,2999
585,2031,Received duplicate item,Requested,1999
586,2985,Received duplicate item,Refunded,499
587,2992,Wrong item delivered,Requested,199
588,1657,Product damaged,Rejected,999
589,4126,Received duplicate item,Approved,3999
590,4068,Received duplicate item,Approved,1499
591,527,Quality not as expected,Picked Up,3999
592,4316,Product damaged,Refunded,499
593,1990,Product damaged,Requested,499
594,4926,Changed my mind,Rejected,2999
595,4119,Quality not as expected,Approved,199
596,69,Size issue,Approved,0
597,271,"Late delivery, no longer needed",Requested,1499
598,1855,Size issue,Rejected,1499
599,563,Wrong item delivered,Refunded,3999
600,1121,Received duplicate item,Refunded,1499
601,1306,Quality not as expected,Rejected,1999
602,4198,Product damaged,Rejected,199
603,688,Item defective,Refunded,999
604,531,Item defective,Approved,299
605,2928,Product damaged,Refunded,3999
606,2887,Changed my mind,Refunded,999
607,2181,Item defective,Requested,2999
608,2293,Wrong item delivered,Refunded,299
609,3276,Wrong item delivered,Refunded,199
610,604,Changed my mind,Requested,0
611,2525,Item defective,Approved,299
612,1920,Received duplicate item,Refunded,299
613,1165,Size issue,Approved,299
614,3444,Item defective,Requested,1499
615,1677,Product damaged,Approved,999
616,3772,Product damaged,Refunded,999
617,1590,Quality not as expected,Picked Up,3999
618,4641,Item defective,Requested,1499
619,289,Item defective,Requested,1999
620,1438,Quality not as expected,Refunded,1499
621,3906,Received duplicate item,Requested,3999
622,2391,Item defective,Requested,1499
623,4756,Size issue,Requested,499
624,689,Received duplicate item,Approved,199
625,1223,Item defective,Refunded,999
626,2830,Product damaged,Rejected,199
627,1456,Item defective,Approved,2999
628,2504,Quality not as expected,Requested,1999
629,3084,Size issue,Approved,999
630,3446,"Late delivery, no longer needed",Refunded,299
631,1116,Wrong item delivered,Rejected,1499
632,4428,Size issue,Approved,2999
633,2227,Wrong item delivered,Approved,0
634,874,Quality not as expected,Refunded,999
635,1360,Quality not as expected,Picked Up,999
636,2988,Changed my mind,Requested,999
637,519,Wrong item delivered,Approved,299
638,825,Size issue,Approved,0
639,1880,Quality not as expected,Rejected,499
640,3737,Changed my mind,Rejected,3999
641,2921,Product damaged,Refunded,499
642,1415,"Late delivery, no longer needed",Picked Up,2999
643,1983,Item defective,Approved,3999
644,2789,Item defective,Approved,2999
645,3796,Received duplicate item,Approved,2999
646,4676,Size issue,Refunded,299
647,4057,Changed my mind,Requested,1499
648,3804,Size issue,Requested,999
649,1221,Item defective,Requested,1999
650,2422,Quality not as expected,Requested,199
651,1611,Changed my mind,Rejected,1999
652,2401,Wrong item delivered,Requested,1499
653,1420,Changed my mind,Requested,1499
654,4336,Product damaged,Refunded,499
655,3218,Wrong item delivered,Requested,2999
656,1721,Product damaged,Approved,299
657,865,Size issue,Approved,3999
658,1129,Quality not as expected,Rejected,3999
659,1078,Item defective,Picked Up,499
660,301,Wrong item delivered,Requested,199
661,3320,Wrong item delivered,Rejected,1499
662,2826,Item defective,Picked Up,1499
663,3265,"Late delivery, no longer needed",Requested,299
664,218,Item defective,Approved,3999
665,1109,Changed my mind,Approved,999
666,1780,Product damaged,Refunded,999
667,3355,Changed my mind,Approved,0
668,363,"Late delivery, no longer needed",Requested,2999
669,2831,Quality not as expected,Requested,1999
670,1704,Changed my mind,Approved,1999
671,2622,Quality not as expected,Refunded,499
672,4340,Size issue,Rejected,1999
673,4931,Quality not as expected,Approved,499
674,2808,Received duplicate item,Requested,199
675,3375,Item defective,Rejected,0
676,1542,Received duplicate item,Requested,299
677,2619,Changed my mind,Requested,3999
678,4347,Wrong item delivered,Rejected,199
679,3618,Received duplicate item,Picked Up,3999
680,4921,Changed my mind,Picked Up,0
681,273,Received duplicate item,Refunded,3999
682,1280,Item defective,Refunded,299
683,1564,Changed my mind,Refunded,999
684,4325,Received duplicate item,Refunded,3999
685,4032,"Late delivery, no longer needed",Rejected,299
686,4121,Changed my mind,Refunded,299
687,393,Received duplicate item,Refunded,999
688,1406,Changed my mind,Picked Up,3999
689,353,Product damaged,Refunded,199
690,4559,Item defective,Requested,3999
691,3543,Quality not as expected,Approved,499
692,880,Product damaged,Requested,2999
693,2602,Received duplicate item,Rejected,999
694,3964,Product damaged,Approved,499
695,404,Product damaged,Picked Up,999
696,3631,"Late delivery, no longer needed",Requested,1499
697,2683,"Late delivery, no longer needed",Approved,1999
698,593,Wrong item delivered,Picked Up,1999
699,2068,Quality not as expected,Rejected,499
700,1858,Item defective,Refunded,2999
701,2705,"Late delivery, no longer needed",Rejected,1999
702,223,Product damaged,Approved,2999
703,4729,Size issue,Requested,1999
704,484,"Late delivery, no longer needed",Approved,2999
705,1012,Quality not as expected,Rejected,299
706,2155,"Late delivery, no longer needed",Picked Up,499
707,234,Wrong item delivered,Requested,3999
708,4184,Received duplicate item,Requested,199
709,4506,Received duplicate item,Approved,2999
710,2682,Item defective,Rejected,0
711,95,Changed my mind,Picked Up,199
712,2376,Product damaged,Rejected,299
713,104,Changed my mind,Rejected,999
714,3484,Received duplicate item,Refunded,0
715,3698,Item defective,Picked Up,499
716,1677,Wrong item delivered,Refunded,499
717,3903,Product damaged,Picked Up,999
718,1725,Received duplicate item,Approved,199
719,232,Size issue,Refunded,3999
720,1454,"Late delivery, no longer needed",Requested,199
721,1510,Product damaged,Approved,499
722,4208,Received duplicate item,Picked Up,1499
723,2534,Size issue,Requested,1999
724,3723,Item defective,Refunded,1499
725,230,Received duplicate item,Rejected,1999
726,1072,Item defective,Refunded,2999
727,917,Wrong item delivered,Rejected,199
728,913,"Late delivery, no longer needed",Requested,999
729,4291,Item defective,Rejected,1999
730,2712,"Late delivery, no longer needed",Picked Up,1999
731,3668,Product damaged,Refunded,0
732,3141,"Late delivery, no longer needed",Approved,499
733,4317,Wrong item delivered,Approved,199
734,3801,Quality not as expected,Picked Up,299
735,4333,Size issue,Requested,499
736,2712,Size issue,Approved,299
737,1762,Item defective,Refunded,2999
738,1721,"Late delivery, no longer needed",Refunded,499
739,3344,Quality not as expected,Picked Up,0
740,4287,Item defective,Rejected,999
741,375,Wrong item delivered,Approved,999
742,3695,Changed my mind,Rejected,1999
743,2653,Changed my mind,Rejected,499
744,1942,Size issue,Approved,499
745,4917,Changed my mind,Picked Up,1499
746,4412,Changed my mind,Picked Up,0
747,1633,Wrong item delivered,Rejected,199
748,1937,Quality not as expected,Refunded,499
749,1757,Received duplicate item,Picked Up,2999
750,1731,"Late delivery, no longer needed",Rejected,0
751,700,Product damaged,Refunded,1499
752,1461,Wrong item delivered,Approved,3999
753,376,Wrong item delivered,Approved,299
754,3540,Quality not as expected,Picked Up,2999
755,1100,Quality not as expected,Picked Up,0
756,1711,Size issue,Approved,2999
757,232,"Late delivery, no longer needed",Picked Up,999
758,1679,Size issue,Approved,999
759,950,Item defective,Refunded,0
760,3399,Product damaged,Requested,0
761,3858,Size issue,Rejected,1499
762,3972,Item defective,Approved,0
763,4397,Size issue,Approved,499
764,588,Item defective,Picked Up,499
765,2323,Changed my mind,Approved,299
766,252,Product damaged,Requested,2999
767,2757,"Late delivery, no longer needed",Refunded,1499
768,3188,Received duplicate item,Picked Up,2999
769,3689,Changed my mind,Refunded,3999
770,4854,Product damaged,Refunded,999
771,3374,Product damaged,Refunded,1499
772,4228,Size issue,Refunded,1499
773,3964,Size issue,Rejected,1499
774,188,"Late delivery, no longer needed",Rejected,999
775,3504,Changed my mind,Refunded,999
776,2972,Wrong item delivered,Refunded,299
777,2006,Size issue,Requested,1499
778,386,Item defective,Refunded,1999
779,4916,Item defective,Requested,3999
780,2420,"Late delivery, no longer needed",Requested,299
781,846,Item defective,Approved,199
782,2838,"Late delivery, no longer needed",Approved,299
783,2493,Changed my mind,Requested,1999
784,2974,Product damaged,Approved,499
785,604,Size issue,Approved,299
786,224,Received duplicate item,Refunded,2999
787,1561,"Late delivery, no longer needed",Picked Up,499
788,3006,Size issue,Rejected,999
789,3977,"Late delivery, no longer needed",Rejected,3999
790,629,Wrong item delivered,Picked Up,0
791,845,Changed my mind,Picked Up,499
792,500,Wrong item delivered,Approved,999
793,1517,Wrong item delivered,Requested,0
794,4853,Size issue,Rejected,2999
795,4915,Changed my mind,Refunded,3999
796,2251,Item defective,Requested,2999
797,2785,Product damaged,Approved,2999
798,2513,Wrong item delivered,Requested,199
799,2861,Received duplicate item,Requested,1499
800,559,Wrong item delivered,Approved,299
801,2404,Item defective,Requested,999
802,3122,"Late delivery, no longer needed",Requested,1499
803,4413,Quality not as expected,Picked Up,3999
804,2903,"Late delivery, no longer needed",Approved,3999
805,1597,Item defective,Picked Up,2999
806,1939,Quality not as expected,Approved,3999
807,336,"Late delivery, no longer needed",Requested,1499
808,3918,Item defective,Picked Up,299
809,336,Product damaged,Picked Up,1499
810,712,Size issue,Approved,0
811,57,Changed my mind,Rejected,299
812,849,Received duplicate item,Refunded,299
813,116,Quality not as expected,Refunded,299
814,2343,Product damaged,Rejected,2999
815,4929,Product damaged,Picked Up,3999
816,3339,Quality not as expected,Approved,2999
817,4856,Wrong item delivered,Picked Up,499
818,985,Received duplicate item,Picked Up,299
819,450,Changed my mind,Refunded,499
820,4262,Item defective,Requested,1999
821,818,Wrong item delivered,Approved,1999
822,2337,Received duplicate item,Rejected,499
823,1672,Changed my mind,Rejected,999
824,1659,Size issue,Approved,299
825,323,Received duplicate item,Requested,2999
826,522,Item defective,Requested,1999
827,4170,Size issue,Picked Up,1499
828,2593,Size issue,Approved,499
829,3424,Product damaged,Rejected,3999
830,3887,Size issue,Requested,499
831,139,Quality not as expected,Refunded,1999
832,414,Item defective,Requested,199
833,202,"Late delivery, no longer needed",Requested,0
834,555,Product damaged,Refunded,999
835,2745,Item defective,Requested,2999
836,3315,Size issue,Requested,999
837,4466,Item defective,Picked Up,199
838,552,Product damaged,Approved,1999
839,3184,Quality not as expected,Refunded,999
840,1692,Wrong item delivered,Rejected,199
841,2534,Item defective,Picked Up,299
842,3330,Item defective,Requested,1999
843,4028,Wrong item delivered,Requested,1499
844,4116,Received duplicate item,Rejected,499
845,2732,Wrong item delivered,Requested,199
846,492,Wrong item delivered,Rejected,999
847,4857,Item defective,Approved,299
848,3886,"Late delivery, no longer needed",Requested,999
849,3306,Product damaged,Picked Up,999
850,767,"Late delivery, no longer needed",Approved,999
851,2618,Product damaged,Refunded,3999
852,4833,Changed my mind,Approved,2999
853,1489,Product damaged,Picked Up,1999
854,4647,Received duplicate item,Picked Up,1499
855,523,Quality not as expected,Approved,1999
856,3210,"Late delivery, no longer needed",Rejected,0
857,3778,Wrong item delivered,Requested,199
858,1618,Item defective,Approved,2999
859,3954,Changed my mind,Refunded,2999
860,3094,Item defective,Refunded,1999
861,3524,Changed my mind,Requested,999
862,1622,Changed my mind,Rejected,2999
863,4347,Size issue,Picked Up,1999
864,2080,Item defective,Requested,299
865,187,Received duplicate item,Approved,299
866,1560,Size issue,Picked Up,3999
867,2955,Product damaged,Approved,299
868,4576,Quality not as expected,Picked Up,199
869,774,Wrong item delivered,Rejected,999
870,3825,"Late delivery, no longer needed",Approved,0
871,1732,Quality not as expected,Refunded,2999
872,1059,Size issue,Refunded,0
873,931,Size issue,Requested,3999
874,2886,Product damaged,Refunded,299
875,1070,Wrong item delivered,Rejected,0
876,3019,Wrong item delivered,Refunded,2999
877,4371,Wrong item delivered,Approved,199
878,2134,Changed my mind,Rejected,1499
879,904,Size issue,Picked Up,1499
880,3,Item defective,Approved,0
881,4028,Product damaged,Picked Up,499
882,2192,Changed my mind,Requested,1999
883,1198,Quality not as expected,Picked Up,199
884,4,Quality not as expected,Approved,1499
885,2963,Changed my mind,Refunded,199
886,1477,Size issue,Requested,1999
887,2540,Item defective,Requested,1999
888,2970,Received duplicate item,Picked Up,299
889,2318,Quality not as expected,Picked Up,1499
890,3089,Item defective,Requested,0
891,2246,Received duplicate item,Refunded,3999
892,486,Product damaged,Approved,1999
893,241,Item defective,Picked Up,3999
894,4530,Product damaged,Refunded,0
895,806,Product damaged,Rejected,1999
896,3857,Wrong item delivered,Requested,0
897,4799,Changed my mind,Requested,3999
898,2297,Received duplicate item,Refunded,199
899,1326,Quality not as expected,Refunded,299
900,329,"Late delivery, no longer needed",Requested,199
901,2936,"Late delivery, no longer needed",Picked Up,2999
902,4370,Item defective,Picked Up,1499
903,179,Wrong item delivered,Rejected,499
904,2186,Wrong item delivered,Picked Up,3999
905,4070,Item defective,Picked Up,1999
906,2297,Wrong item delivered,Rejected,0
907,3270,"Late delivery, no longer needed",Refunded,499
908,803,Product damaged,Requested,499
909,716,Quality not as expected,Rejected,3999
910,2724,Size issue,Approved,299
911,2590,Received duplicate item,Rejected,999
912,4359,Wrong item delivered,Approved,499
913,507,Received duplicate item,Refunded,499
914,4506,Changed my mind,Approved,2999
915,4922,Product damaged,Approved,2999
916,1026,Size issue,Requested,499
917,345,Product damaged,Requested,1999
918,2371,Quality not as expected,Requested,1499
919,4599,Received duplicate item,Rejected,199
920,1037,Product damaged,Refunded,1999
921,1840,Changed my mind,Picked Up,1499
922,3023,Changed my mind,Refunded,199
923,3093,Received duplicate item,Requested,0
924,1618,Received duplicate item,Picked Up,499
925,3896,Changed my mind,Picked Up,1999
926,4021,Product damaged,Rejected,0
927,2040,Item defective,Approved,0
928,3294,Quality not as expected,Rejected,499
929,1747,Size issue,Picked Up,499
930,3242,"Late delivery, no longer needed",Requested,2999
931,2993,"Late delivery, no longer needed",Approved,499
932,128,Wrong item delivered,Rejected,199
933,768,Received duplicate item,Rejected,2999
934,1246,Changed my mind,Picked Up,199
935,113,Size issue,Refunded,2999
936,3771,Wrong item delivered,Approved,2999
937,3120,Changed my mind,Requested,0
938,2411,Product damaged,Refunded,0
939,2197,Received duplicate item,Requested,1999
940,1975,Size issue,Approved,1999
941,4866,Wrong item delivered,Rejected,199
942,1556,Size issue,Refunded,0
943,3724,Item defective,Refunded,1499
944,2622,Wrong item delivered,Approved,499
945,671,Received duplicate item,Approved,1499
946,3016,Received duplicate item,Refunded,3999
947,4839,Size issue,Requested,499
948,448,Size issue,Approved,1999
949,2881,Changed my mind,Rejected,499
950,1869,Size issue,Rejected,299
951,2821,Item defective,Picked Up,3999
952,3997,"Late delivery, no longer needed",Approved,999
953,2297,"Late delivery, no longer needed",Refunded,199
954,896,Size issue,Approved,2999
955,635,Wrong item delivered,Refunded,2999
956,510,Size issue,Rejected,499
957,1223,Product damaged,Approved,1999
958,1421,Changed my mind,Rejected,199
959,3811,Wrong item delivered,Picked Up,3999
960,3755,Item defective,Picked Up,499
961,3742,Changed my mind,Refunded,299
962,341,Changed my mind,Picked Up,999
963,509,Received duplicate item,Requested,2999
964,3805,Changed my mind,Rejected,1499
965,1259,Changed my mind,Approved,999
966,2192,"Late delivery, no longer needed",Approved,0
967,3965,Item defective,Rejected,0
968,3746,Changed my mind,Refunded,999
969,2042,Received duplicate item,Approved,0
970,553,Quality not as expected,Refunded,199
971,830,Size issue,Refunded,2999
972,1239,Changed my mind,Refunded,2999
973,4811,Product damaged,Refunded,1499
974,1281,"Late delivery, no longer needed",Refunded,0
975,1363,Received duplicate item,Rejected,999
976,1319,Quality not as expected,Picked Up,0
977,1338,Received duplicate item,Picked Up,2999
978,1406,Product damaged,Refunded,499
979,3791,Changed my mind,Requested,499
980,3709,Size issue,Requested,1999
981,3674,"Late delivery, no longer needed",Rejected,299
982,4629,Item defective,Approved,199
983,4348,Changed my mind,Requested,3999
984,3886,Product damaged,Picked Up,0
985,3679,Size issue,Rejected,2999
986,2789,Quality not as expected,Refunded,499
987,1414,Changed my mind,Picked Up,299
988,1671,Product damaged,Picked Up,999
989,4185,Size issue,Refunded,1999
990,1340,Received duplicate item,Requested,0
991,2758,Size issue,Picked Up,1999
992,3874,Wrong item delivered,Rejected,499
993,2357,Item defective,Requested,2999
994,1714,Size issue,Approved,299
995,4114,Item defective,Requested,999
996,2731,Quality not as expected,Approved,1999
997,2051,Changed my mind,Requested,2999
998,3174,Product damaged,Refunded,3999
999,1823,"Late delivery, no longer needed",Refunded,0
1000,2390,Product damaged,Requested,0
1001,3054,Received duplicate item,Rejected,1499
1002,3925,Wrong item delivered,Approved,199
1003,2104,Wrong item delivered,Refunded,0
1004,1735,Wrong item delivered,Approved,299
1005,3850,"Late delivery, no longer needed",Rejected,2999
1006,3837,Wrong item delivered,Requested,1499
1007,585,"Late delivery, no longer needed",Refunded,0
1008,2997,"Late delivery, no longer needed",Picked Up,299
1009,3387,"Late delivery, no longer needed",Requested,1499
1010,3230,Changed my mind,Requested,499
1011,4729,Wrong item delivered,Rejected,2999
1012,1879,Size issue,Rejected,299
1013,3658,Quality not as expected,Rejected,999
1014,3150,Product damaged,Refunded,3999
1015,4411,"Late delivery, no longer needed",Picked Up,1499
1016,1997,Size issue,Picked Up,3999
1017,3270,Product damaged,Picked Up,1999
1018,3688,Size issue,Approved,1999
1019,3727,Received duplicate item,Requested,2999
1020,1090,Wrong item delivered,Picked Up,3999
1021,4911,Product damaged,Refunded,1999
1022,4021,Quality not as expected,Picked Up,0
1023,4806,Size issue,Approved,1499
1024,4086,Wrong item delivered,Approved,999
1025,1422,Wrong item delivered,Refunded,999
1026,1172,Received duplicate item,Refunded,1499
1027,1294,"Late delivery, no longer needed",Rejected,499
1028,64,Received duplicate item,Requested,2999
1029,3886,Item defective,Refunded,0
1030,4173,Product damaged,Approved,299
1031,1587,Quality not as expected,Picked Up,2999
1032,1513,Item defective,Refunded,3999
1033,1167,"Late delivery, no longer needed",Refunded,1999
1034,8,Item defective,Rejected,999
1035,1813,"Late delivery, no longer needed",Picked Up,499
1036,192,Quality not as expected,Picked Up,2999
1037,1678,Changed my mind,Requested,499
1038,2785,Product damaged,Approved,1999
1039,3349,Quality not as expected,Requested,2999
1040,2776,"Late delivery, no longer needed",Requested,199
1041,2439,Size issue,Approved,2999
1042,1723,Changed my mind,Picked Up,199
1043,4376,Product damaged,Approved,0
1044,1326,Item defective,Refunded,2999
1045,4307,Quality not as expected,Rejected,3999
1046,1836,Quality not as expected,Picked Up,299
1047,1393,Received duplicate item,Approved,199
1048,1174,Wrong item delivered,Rejected,3999
1049,2105,Quality not as expected,Refunded,0
1050,3009,Product damaged,Approved,1499
1051,1876,Item defective,Picked Up,0
1052,1322,"Late delivery, no longer needed",Picked Up,299
1053,4029,Changed my mind,Picked Up,299
1054,1007,Wrong item delivered,Requested,0
1055,4882,Product damaged,Requested,299
1056,1787,Product damaged,Approved,0
1057,2653,Item defective,Rejected,1499
1058,1389,Item defective,Refunded,299
1059,4021,Product damaged,Picked Up,2999
1060,3493,"Late delivery, no longer needed",Rejected,499
1061,936,Item defective,Requested,2999
1062,3287,Quality not as expected,Refunded,0
1063,4273,Received duplicate item,Picked Up,0
1064,3141,Product damaged,Rejected,2999
1065,3588,"Late delivery, no longer needed",Rejected,2999
1066,685,Item defective,Refunded,0
1067,161,Product damaged,Picked Up,1999
1068,3278,Changed my mind,Picked Up,3999
1069,3719,Changed my mind,Requested,499
1070,4409,Wrong item delivered,Refunded,2999
1071,1443,Item defective,Approved,1499
1072,2039,"Late delivery, no longer needed",Approved,3999
1073,1676,Changed my mind,Picked Up,499
1074,81,Quality not as expected,Requested,2999
1075,2865,"Late delivery, no longer needed",Rejected,2999
1076,2870,Changed my mind,Rejected,299
1077,2987,Received duplicate item,Rejected,999
1078,3579,Item defective,Approved,499
1079,3435,Changed my mind,Rejected,499
1080,325,Changed my mind,Rejected,299
1081,1051,Quality not as expected,Rejected,2999
1082,3249,Received duplicate item,Picked Up,999
1083,300,Item defective,Picked Up,199
1084,4793,Product damaged,Rejected,1999
1085,1489,Item defective,Refunded,999
1086,946,Product damaged,Approved,0
1087,4487,Product damaged,Rejected,0
1088,953,Size issue,Requested,1499
1089,36,Quality not as expected,Requested,0
1090,3583,Product damaged,Refunded,3999
1091,4286,Wrong item delivered,Requested,3999
1092,3441,Item defective,Picked Up,999
1093,4981,Product damaged,Rejected,0
1094,1499,Product damaged,Rejected,499
1095,1940,Size issue,Requested,999
1096,4035,Item defective,Refunded,1499
1097,561,Wrong item delivered,Refunded,3999
1098,2292,"Late delivery, no longer needed",Approved,199
1099,2082,Size issue,Refunded,1999
1100,715,Product damaged,Picked Up,499
1101,355,Size issue,Refunded,1999
1102,2211,Product damaged,Refunded,199
1103,1052,Wrong item delivered,Approved,199
1104,1483,Changed my mind,Refunded,1499
1105,4689,Item defective,Picked Up,0
1106,4630,Received duplicate item,Picked Up,1499
1107,2636,"Late delivery, no longer needed",Approved,999
1108,3598,"Late delivery, no longer needed",Approved,999
1109,4826,Quality not as expected,Requested,1999
1110,22,Changed my mind,Picked Up,3999
1111,2162,Received duplicate item,Picked Up,299
1112,2213,"Late delivery, no longer needed",Rejected,999
1113,61,Wrong item delivered,Rejected,299
1114,4057,"Late delivery, no longer needed",Rejected,1999
1115,1989,Changed my mind,Rejected,3999
1116,3470,Wrong item delivered,Approved,299
1117,4386,Quality not as expected,Refunded,499
1118,2787,Changed my mind,Rejected,999
1119,1665,Received duplicate item,Requested,499
1120,4966,Item defective,Refunded,1999
1121,3526,"Late delivery, no longer needed",Requested,3999
1122,4181,Received duplicate item,Picked Up,299
1123,4941,Size issue,Refunded,499
1124,2245,Quality not as expected,Refunded,299
1125,2260,Size issue,Rejected,199
1126,3110,Size issue,Rejected,999
1127,2977,Product damaged,Requested,199
1128,3192,Size issue,Refunded,999
1129,3669,Size issue,Requested,3999
1130,2975,Received duplicate item,Approved,0
1131,4319,Item defective,Requested,0
1132,3110,"Late delivery, no longer needed",Refunded,1999
1133,2852,Received duplicate item,Approved,1499
1134,2018,Changed my mind,Requested,1499
1135,3934,Item defective,Rejected,199
1136,1551,Received duplicate item,Rejected,299
1137,1916,Item defective,Refunded,3999
1138,668,Item defective,Rejected,199
1139,1034,Quality not as expected,Rejected,1499
1140,391,Size issue,Approved,499
1141,1942,Product damaged,Rejected,199
1142,4123,Received duplicate item,Picked Up,299
1143,2383,"Late delivery, no longer needed",Requested,499
1144,1035,Received duplicate item,Rejected,3999
1145,2953,Quality not as expected,Requested,999
1146,4774,"Late delivery, no longer needed",Approved,1499
1147,984,Wrong item delivered,Picked Up,999
1148,2609,Wrong item delivered,Approved,199
1149,640,"Late delivery, no longer needed",Picked Up,0
1150,3845,Quality not as expected,Requested,199
1151,1045,Item defective,Requested,199
1152,4030,Item defective,Approved,3999
1153,1175,Item defective,Picked Up,199
1154,2809,Product damaged,Approved,2999
1155,4931,Product damaged,Refunded,199
1156,3298,Product damaged,Requested,999
1157,4940,Size issue,Approved,499
1158,2445,Product damaged,Requested,299
1159,341,Received duplicate item,Approved,1499
1160,2901,Wrong item delivered,Requested,199
1161,3036,Received duplicate item,Rejected,2999
1162,2051,Product damaged,Picked Up,499
1163,4674,Product damaged,Refunded,299
1164,1,Size issue,Approved,2999
1165,3824,"Late delivery, no longer needed",Approved,2999
1166,4301,Received duplicate item,Requested,199
1167,4300,Item defective,Rejected,3999
1168,4329,Product damaged,Rejected,0
1169,2505,"Late delivery, no longer needed",Approved,1999
1170,1042,Size issue,Rejected,3999
1171,2625,Wrong item delivered,Requested,999
1172,1283,Changed my mind,Picked Up,1499
1173,1557,Changed my mind,Rejected,2999
1174,2386,Product damaged,Rejected,299
1175,585,Changed my mind,Picked Up,499
1176,3058,Quality not as expected,Refunded,1499
1177,1983,Wrong item delivered,Rejected,199
1178,4317,Quality not as expected,Picked Up,0
1179,2370,Quality not as expected,Picked Up,1499
1180,56,Wrong item delivered,Approved,499
1181,3100,Wrong item delivered,Approved,199
1182,1385,Size issue,Rejected,199
1183,3248,Changed my mind,Approved,299
1184,2349,Wrong item delivered,Refunded,3999
1185,3548,"Late delivery, no longer needed",Requested,499
1186,4483,"Late delivery, no longer needed",Rejected,999
1187,1160,Changed my mind,Approved,499
1188,4723,Size issue,Picked Up,199
1189,505,"Late delivery, no longer needed",Refunded,3999
1190,1667,Item defective,Rejected,999
1191,966,Product damaged,Picked Up,3999
1192,3114,Product damaged,Refunded,499
1193,55,Changed my mind,Approved,999
1194,4471,Received duplicate item,Rejected,0
1195,737,Size issue,Approved,1499
1196,2868,Product damaged,Approved,499
1197,3082,Received duplicate item,Refunded,1999
1198,1801,Product damaged,Rejected,499
1199,3627,Quality not as expected,Rejected,0
1200,4904,Received duplicate item,Refunded,0
1201,4512,Changed my mind,Rejected,3999
1202,3909,Changed my mind,Approved,299
1203,2435,Wrong item delivered,Requested,1999
1204,2022,Product damaged,Picked Up,3999
1205,1068,Size issue,Rejected,2999
1206,4677,Wrong item delivered,Picked Up,499
1207,4731,Quality not as expected,Rejected,2999
1208,1873,Size issue,Picked Up,1999
1209,4129,Quality not as expected,Rejected,299
1210,347,Size issue,Picked Up,3999
1211,4176,Changed my mind,Requested,999
1212,4473,Changed my mind,Picked Up,199
1213,274,"Late delivery, no longer needed",Picked Up,0
1214,1877,Product damaged,Requested,1999
1215,161,"Late delivery, no longer needed",Rejected,1499
1216,2453,Item defective,Rejected,199
1217,999,Product damaged,Refunded,299
1218,3322,Wrong item delivered,Approved,1499
1219,3391,Quality not as expected,Refunded,299
1220,4688,Received duplicate item,Approved,2999
1221,3326,Size issue,Requested,199
1222,1434,Item defective,Approved,999
1223,3666,Size issue,Refunded,499
1224,4328,"Late delivery, no longer needed",Rejected,299
1225,2494,Received duplicate item,Refunded,0
1226,4931,Wrong item delivered,Approved,999
1227,779,Received duplicate item,Refunded,0
1228,1301,Wrong item delivered,Approved,999
1229,3777,Item defective,Refunded,0
1230,748,Received duplicate item,Rejected,0
1231,1432,Wrong item delivered,Requested,999
1232,4539,Changed my mind,Requested,2999
1233,3116,Product damaged,Approved,199
1234,1619,"Late delivery, no longer needed",Rejected,1499
1235,4329,Wrong item delivered,Picked Up,0
1236,4660,Received duplicate item,Requested,999
1237,1848,Wrong item delivered,Picked Up,299
1238,4351,Quality not as expected,Approved,999
1239,2017,Item defective,Rejected,0
1240,423,Product damaged,Approved,299
1241,992,Changed my mind,Picked Up,1499
1242,1736,Size issue,Rejected,3999
1243,3295,Quality not as expected,Refunded,999
1244,1897,"Late delivery, no longer needed",Rejected,0
1245,3877,Item defective,Refunded,2999
1246,3558,Quality not as expected,Refunded,199
1247,1249,Item defective,Picked Up,1499
1248,3126,Changed my mind,Picked Up,2999
1249,3948,Wrong item delivered,Refunded,0
1250,3460,Size issue,Rejected,199
1251,4250,Received duplicate item,Rejected,3999
1252,883,Received duplicate item,Refunded,999
1253,4125,Product damaged,Rejected,1999
1254,1475,Wrong item delivered,Refunded,1999
1255,3025,Product damaged,Requested,499
1256,3678,Changed my mind,Picked Up,499
1257,1219,"Late delivery, no longer needed",Requested,1499
1258,1469,Received duplicate item,Refunded,0
1259,2185,Wrong item delivered,Picked Up,0
1260,1437,Size issue,Refunded,199
1261,1506,Product damaged,Requested,3999
1262,1502,Quality not as expected,Approved,299
1263,2009,Item defective,Rejected,499
1264,1993,Quality not as expected,Approved,2999
1265,1299,Received duplicate item,Requested,299
1266,3213,Received duplicate item,Picked Up,199
1267,4849,"Late delivery, no longer needed",Refunded,3999
1268,2541,"Late delivery, no longer needed",Refunded,199
1269,1840,Received duplicate item,Rejected,1999
1270,4107,Changed my mind,Approved,299
1271,3222,Quality not as expected,Picked Up,199
1272,565,Changed my mind,Picked Up,299
1273,4207,Wrong item delivered,Refunded,0
1274,2354,Wrong item delivered,Rejected,1999
1275,4216,Product damaged,Rejected,2999
1276,2412,Product damaged,Requested,1499
1277,76,Changed my mind,Refunded,1999
1278,2238,Item defective,Requested,1999
1279,1548,Quality not as expected,Rejected,199
1280,474,"Late delivery, no longer needed",Picked Up,199
1281,627,Received duplicate item,Picked Up,299
1282,3059,Wrong item delivered,Refunded,3999
1283,2752,"Late delivery, no longer needed",Requested,299
1284,4885,Item defective,Approved,0
1285,1291,Changed my mind,Refunded,3999
1286,4265,Size issue,Requested,0
1287,1094,Quality not as expected,Approved,299
1288,658,"Late delivery, no longer needed",Approved,0
1289,4536,Quality not as expected,Picked Up,0
1290,1842,Size issue,Picked Up,199
1291,3265,Quality not as expected,Refunded,0
1292,2617,Changed my mind,Approved,1999
1293,2719,Item defective,Requested,999
1294,1485,Item defective,Picked Up,199
1295,2634,Product damaged,Refunded,1999
1296,922,Changed my mind,Picked Up,3999
1297,716,"Late delivery, no longer needed",Requested,299
1298,3170,Item defective,Rejected,2999
1299,981,Size issue,Approved,0
1300,1147,Received duplicate item,Approved,999
1301,3665,Item defective,Requested,199
1302,1573,Changed my mind,Approved,0
1303,1191,Received duplicate item,Picked Up,0
1304,4418,Item defective,Rejected,199
1305,3833,Received duplicate item,Refunded,1999
1306,2159,Item defective,Approved,499
1307,1419,Wrong item delivered,Picked Up,3999
1308,3820,Item defective,Picked Up,999
1309,3023,Item defective,Picked Up,0
1310,1955,Wrong item delivered,Rejected,199
1311,1974,Quality not as expected,Approved,3999
1312,4032,Size issue,Picked Up,199
1313,2886,Received duplicate item,Requested,1499
1314,333,"Late delivery, no longer needed",Requested,3999
1315,3924,"Late delivery, no longer needed",Picked Up,3999
1316,61,Item defective,Rejected,1999
1317,1012,Size issue,Refunded,499
1318,939,Received duplicate item,Refunded,499
1319,4287,Changed my mind,Approved,1999
1320,4921,Size issue,Approved,499
1321,272,Wrong item delivered,Rejected,1999
1322,932,"Late delivery, no longer needed",Rejected,499
1323,357,Received duplicate item,Picked Up,1999
1324,154,Changed my mind,Picked Up,199
1325,4540,Changed my mind,Approved,499
1326,247,Quality not as expected,Rejected,2999
1327,2407,Quality not as expected,Rejected,0
1328,1164,"Late delivery, no longer needed",Refunded,2999
1329,2996,Changed my mind,Rejected,1499
1330,1367,Changed my mind,Refunded,0
1331,281,Changed my mind,Requested,2999
1332,3940,Size issue,Requested,1999
1333,3658,Item defective,Refunded,299
1334,3253,Item defective,Approved,999
1335,4379,Product damaged,Approved,2999
1336,1647,Quality not as expected,Refunded,2999
1337,4857,"Late delivery, no longer needed",Refunded,199
1338,3510,Wrong item delivered,Approved,3999
1339,2080,Item defective,Picked Up,999
1340,4666,Size issue,Rejected,1499
1341,1033,"Late delivery, no longer needed",Approved,2999
1342,4910,Changed my mind,Picked Up,3999
1343,2160,Received duplicate item,Picked Up,0
1344,3848,Quality not as expected,Approved,0
1345,1359,Quality not as expected,Approved,2999
1346,661,"Late delivery, no longer needed",Refunded,3999
1347,84,Item defective,Rejected,999
1348,2203,Size issue,Approved,2999
1349,1747,Wrong item delivered,Rejected,499
1350,237,"Late delivery, no longer needed",Picked Up,199
1351,926,Changed my mind,Picked Up,2999
1352,4631,Size issue,Picked Up,199
1353,2992,Received duplicate item,Picked Up,2999
1354,664,Changed my mind,Approved,999
1355,3677,Received duplicate item,Rejected,0
1356,3710,Item defective,Requested,3999
1357,3772,Wrong item delivered,Rejected,2999
1358,542,Wrong item delivered,Approved,2999
1359,997,Wrong item delivered,Requested,1499
1360,184,"Late delivery, no longer needed",Requested,3999
1361,1414,Received duplicate item,Approved,2999
1362,1633,Received duplicate item,Approved,299
1363,3618,Size issue,Approved,1499
1364,3624,"Late delivery, no longer needed",Requested,1999
1365,391,Product damaged,Approved,999
1366,857,Received duplicate item,Rejected,299
1367,3280,Quality not as expected,Requested,299
1368,3828,Size issue,Rejected,499
1369,3239,Quality not as expected,Picked Up,299
1370,4264,Wrong item delivered,Rejected,199
1371,3990,Size issue,Picked Up,0
1372,2119,Wrong item delivered,Rejected,3999
1373,3852,Size issue,Approved,3999
1374,1902,Item defective,Refunded,299
1375,3546,Received duplicate item,Approved,299
1376,4006,Changed my mind,Picked Up,2999
1377,3971,Received duplicate item,Refunded,1999
1378,990,Item defective,Rejected,2999
1379,1130,Received duplicate item,Requested,2999
1380,3992,Item defective,Requested,3999
1381,3529,Quality not as expected,Requested,299
1382,1133,Size issue,Picked Up,299
1383,2087,"Late delivery, no longer needed",Requested,1999
1384,3799,Size issue,Requested,0
1385,75,Changed my mind,Picked Up,1499
1386,249,Wrong item delivered,Approved,1999
1387,3317,Quality not as expected,Approved,3999
1388,4462,Size issue,Rejected,0
1389,2182,Product damaged,Requested,3999
1390,4432,Size issue,Rejected,199
1391,3027,Changed my mind,Requested,2999
1392,1504,Received duplicate item,Requested,1999
1393,1782,Item defective,Approved,999
1394,4803,Product damaged,Picked Up,199
1395,4452,Wrong item delivered,Rejected,1999
1396,4949,Product damaged,Picked Up,299
1397,1043,Quality not as expected,Refunded,199
1398,2239,Changed my mind,Rejected,499
1399,969,Wrong item delivered,Picked Up,3999
1400,3718,Size issue,Requested,1499
1401,3164,Received duplicate item,Refunded,499
1402,157,Quality not as expected,Picked Up,0
1403,195,Item defective,Approved,2999
1404,693,Wrong item delivered,Approved,1999
1405,2798,Quality not as expected,Picked Up,999
1406,3368,Product damaged,Rejected,2999
1407,4713,Size issue,Approved,1499
1408,1294,"Late delivery, no longer needed",Picked Up,2999
1409,547,Changed my mind,Rejected,2999
1410,509,Wrong item delivered,Rejected,1999
1411,3179,Wrong item delivered,Approved,199
1412,3493,Product damaged,Refunded,1999
1413,1046,Quality not as expected,Refunded,299
1414,202,Received duplicate item,Requested,499
1415,2512,Wrong item delivered,Approved,999
1416,913,Size issue,Refunded,1499
1417,718,Received duplicate item,Requested,999
1418,548,Product damaged,Approved,3999
1419,2158,Product damaged,Picked Up,1499
1420,3795,Received duplicate item,Requested,999
1421,2532,Wrong item delivered,Picked Up,1999
1422,1683,"Late delivery, no longer needed",Refunded,299
1423,1267,Item defective,Requested,499
1424,2130,Received duplicate item,Requested,199
1425,2606,"Late delivery, no longer needed",Refunded,1499
1426,488,Changed my mind,Approved,199
1427,2478,Received duplicate item,Requested,999
1428,2006,Quality not as expected,Approved,3999
1429,4111,Size issue,Picked Up,299
1430,2707,Product damaged,Approved,3999
1431,4300,Item defective,Approved,999
1432,246,Size issue,Rejected,499
1433,4832,Quality not as expected,Refunded,3999
1434,3743,Item defective,Refunded,1999
1435,4957,Item defective,Refunded,1499
1436,2407,Quality not as expected,Picked Up,499
1437,892,Received duplicate item,Rejected,1499
1438,3853,Quality not as expected,Requested,999
1439,1112,Size issue,Refunded,1499
1440,926,Item defective,Rejected,1499
1441,1802,Changed my mind,Picked Up,199
1442,4687,Wrong item delivered,Requested,0
1443,3520,Product damaged,Refunded,999
1444,944,"Late delivery, no longer needed",Approved,2999
1445,3321,Quality not as expected,Rejected,0
1446,199,"Late delivery, no longer needed",Picked Up,1499
1447,82,Item defective,Picked Up,1999
1448,2561,Received duplicate item,Requested,499
1449,1797,Wrong item delivered,Approved,499
1450,3965,Product damaged,Refunded,1499
1451,1184,Changed my mind,Rejected,2999
1452,4379,Changed my mind,Refunded,3999
1453,2914,Changed my mind,Requested,0
1454,4416,Wrong item delivered,Rejected,0
1455,4362,Product damaged,Refunded,1499
1456,2865,"Late delivery, no longer needed",Requested,0
1457,1183,Changed my mind,Requested,499
1458,520,Changed my mind,Refunded,999
1459,3312,Size issue,Requested,1499
1460,580,Wrong item delivered,Picked Up,1499
1461,2342,Size issue,Rejected,999
1462,2099,Wrong item delivered,Rejected,1499
1463,3328,"Late delivery, no longer needed",Rejected,1499
1464,4862,"Late delivery, no longer needed",Requested,199
1465,554,Product damaged,Rejected,1499
1466,3272,Size issue,Refunded,3999
1467,2406,Wrong item delivered,Approved,3999
1468,972,Item defective,Requested,199
1469,2537,Size issue,Picked Up,199
1470,3469,Changed my mind,Rejected,499
1471,4795,Size issue,Rejected,2999
1472,1865,Item defective,Picked Up,1999
1473,718,Quality not as expected,Requested,499
1474,4397,Item defective,Picked Up,2999
1475,3596,Item defective,Refunded,299
1476,2944,Product damaged,Refunded,0
1477,2665,Wrong item delivered,Picked Up,499
1478,4166,Quality not as expected,Picked Up,1999
1479,1408,Product damaged,Approved,3999
1480,714,Size issue,Requested,199
1481,3535,"Late delivery, no longer needed",Approved,3999
1482,2867,Product damaged,Approved,0
1483,2852,"Late delivery, no longer needed",Refunded,1499
1484,2799,Wrong item delivered,Rejected,1999
1485,1622,"Late delivery, no longer needed",Picked Up,199
1486,2002,Quality not as expected,Approved,499
1487,4628,Item defective,Picked Up,2999
1488,4886,"Late delivery, no longer needed",Picked Up,2999
1489,4994,Received duplicate item,Picked Up,1999
1490,3208,Item defective,Approved,499
1491,1004,"Late delivery, no longer needed",Requested,199
1492,775,Item defective,Requested,2999
1493,2578,Quality not as expected,Rejected,1499
1494,1353,Changed my mind,Picked Up,199
1495,1353,Product damaged,Approved,0
1496,427,"Late delivery, no longer needed",Rejected,0
1497,2860,Item defective,Rejected,999
1498,1254,Changed my mind,Rejected,1499
1499,1320,Product damaged,Rejected,299
1500,2486,Product damaged,Requested,999
1501,1409,Item defective,Rejected,2999
1502,255,Item defective,Requested,1999
1503,807,Item defective,Rejected,499
1504,3478,"Late delivery, no longer needed",Approved,999
1505,1187,Wrong item delivered,Refunded,1999
1506,3275,Size issue,Picked Up,299
1507,3651,Received duplicate item,Approved,199
1508,3715,Product damaged,Picked Up,199
1509,226,Quality not as expected,Rejected,199
1510,2331,Received duplicate item,Rejected,499
1511,2659,Received duplicate item,Picked Up,2999
1512,3431,"Late delivery, no longer needed",Requested,299
1513,4087,Changed my mind,Picked Up,3999
1514,2135,Received duplicate item,Requested,2999
1515,4805,Wrong item delivered,Refunded,0
1516,3061,"Late delivery, no longer needed",Refunded,2999
1517,1499,Received duplicate item,Requested,2999
1518,3267,Wrong item delivered,Refunded,1499
1519,2292,Received duplicate item,Picked Up,2999
1520,3450,"Late delivery, no longer needed",Refunded,499
1521,3626,Quality not as expected,Approved,999
1522,623,Size issue,Rejected,0
1523,1441,Quality not as expected,Rejected,3999
1524,316,Received duplicate item,Approved,3999
1525,3298,Changed my mind,Refunded,999
1526,3106,Quality not as expected,Picked Up,999
1527,408,Wrong item delivered,Approved,0
1528,2814,Changed my mind,Picked Up,1999
1529,3281,Quality not as expected,Rejected,3999
1530,1959,Wrong item delivered,Requested,2999
1531,4405,Wrong item delivered,Approved,3999
1532,2276,"Late delivery, no longer needed",Rejected,3999
1533,2564,Wrong item delivered,Requested,999
1534,4464,Size issue,Requested,999
1535,4302,Item defective,Approved,0
1536,4629,Product damaged,Requested,999
1537,1284,Wrong item delivered,Requested,999
1538,4045,Changed my mind,Refunded,2999
1539,4694,Quality not as expected,Picked Up,0
1540,283,Received duplicate item,Requested,499
1541,4923,Size issue,Refunded,0
1542,2722,Received duplicate item,Picked Up,1999
1543,3891,Product damaged,Picked Up,299
1544,2829,Item defective,Approved,1499
1545,3639,Received duplicate item,Requested,999
1546,3065,Product damaged,Refunded,1999
1547,2136,"Late delivery, no longer needed",Approved,1499
1548,2768,Wrong item delivered,Requested,999
1549,2425,Wrong item delivered,Picked Up,2999
1550,1166,Quality not as expected,Refunded,999
1551,4502,Product damaged,Requested,1499
1552,4116,"Late delivery, no longer needed",Requested,1999
1553,3169,Product damaged,Picked Up,1999
1554,680,Product damaged,Picked Up,1499
1555,2401,Wrong item delivered,Requested,3999
1556,1068,Changed my mind,Picked Up,999
1557,798,"Late delivery, no longer needed",Approved,499
1558,2333,Item defective,Rejected,499
1559,4980,Size issue,Picked Up,1999
1560,3535,Item defective,Rejected,1499
1561,1496,Size issue,Picked Up,0
1562,943,Item defective,Approved,3999
1563,4661,Changed my mind,Requested,2999
1564,581,Wrong item delivered,Requested,499
1565,636,Received duplicate item,Refunded,3999
1566,2157,Product damaged,Approved,199
1567,4174,Wrong item delivered,Refunded,3999
1568,271,Wrong item delivered,Rejected,499
1569,2775,Quality not as expected,Approved,1999
1570,3586,Quality not as expected,Approved,199
1571,4854,Wrong item delivered,Rejected,1499
1572,3328,Item defective,Rejected,999
1573,1277,"Late delivery, no longer needed",Approved,2999
1574,2442,Wrong item delivered,Requested,0
1575,847,Changed my mind,Requested,199
1576,1796,Wrong item delivered,Rejected,299
1577,648,Wrong item delivered,Approved,1499
1578,3661,Size issue,Requested,999
1579,1350,Product damaged,Refunded,499
1580,249,Item defective,Picked Up,299
1581,503,Received duplicate item,Requested,999
1582,3895,Size issue,Rejected,199
1583,3956,"Late delivery, no longer needed",Rejected,499
1584,3197,Wrong item delivered,Picked Up,2999
1585,3524,Received duplicate item,Requested,299
1586,869,"Late delivery, no longer needed",Approved,1999
1587,1746,Size issue,Rejected,299
1588,2872,Wrong item delivered,Rejected,299
1589,4246,Wrong item delivered,Approved,499
1590,2333,"Late delivery, no longer needed",Requested,199
1591,4922,"Late delivery, no longer needed",Requested,1499
1592,3136,Received duplicate item,Approved,199
1593,2736,Changed my mind,Picked Up,299
1594,1337,Quality not as expected,Refunded,2999
1595,312,Changed my mind,Picked Up,199
1596,2060,Changed my mind,Approved,2999
1597,1746,Product damaged,Refunded,0
1598,3826,Wrong item delivered,Picked Up,1999
1599,295,Wrong item delivered,Requested,1999
1600,4550,Item defective,Rejected,0
1601,3415,Changed my mind,Refunded,999
1602,1931,Item defective,Picked Up,2999
1603,3654,Product damaged,Rejected,1499
1604,1122,Received duplicate item,Refunded,1999
1605,198,Product damaged,Picked Up,1499
1606,2673,Changed my mind,Rejected,0
1607,887,Item defective,Requested,1499
1608,1709,Item defective,Refunded,0
1609,4605,Wrong item delivered,Requested,1499
1610,4648,Size issue,Refunded,999
1611,3742,Size issue,Requested,0
1612,4415,Quality not as expected,Approved,1999
1613,2645,Received duplicate item,Picked Up,199
1614,1003,Size issue,Rejected,299
1615,2603,"Late delivery, no longer needed",Refunded,0
1616,4152,Quality not as expected,Approved,2999
1617,1930,Size issue,Refunded,0
1618,4336,Item defective,Requested,499
1619,4869,Received duplicate item,Approved,2999
1620,30,Product damaged,Requested,1499
1621,453,Changed my mind,Requested,499
1622,2375,Wrong item delivered,Picked Up,0
1623,3607,Quality not as expected,Rejected,3999
1624,3158,Received duplicate item,Requested,1499
1625,475,Changed my mind,Picked Up,0
1626,886,Size issue,Refunded,499
1627,14,Wrong item delivered,Rejected,1499
1628,1560,Received duplicate item,Rejected,199
1629,2472,"Late delivery, no longer needed",Picked Up,499
1630,2544,Received duplicate item,Rejected,299
1631,4390,Changed my mind,Rejected,299
1632,4347,"Late delivery, no longer needed",Picked Up,2999
1633,3125,Wrong item delivered,Refunded,199
1634,3730,Item defective,Refunded,1499
1635,3115,Item defective,Rejected,3999
1636,667,"Late delivery, no longer needed",Picked Up,1499
1637,4366,Size issue,Requested,3999
1638,2226,Size issue,Rejected,199
1639,4500,"Late delivery, no longer needed",Rejected,999
1640,2696,Item defective,Picked Up,1499
1641,1362,Quality not as expected,Rejected,1999
1642,3736,Wrong item delivered,Rejected,3999
1643,1811,Changed my mind,Rejected,1499
1644,3462,Item defective,Rejected,499
1645,1934,"Late delivery, no longer needed",Picked Up,3999
1646,3276,Changed my mind,Approved,2999
1647,1678,Wrong item delivered,Picked Up,299
1648,4227,Item defective,Picked Up,199
1649,1166,Received duplicate item,Picked Up,0
1650,2196,Product damaged,Refunded,199
1651,3675,Item defective,Picked Up,199
1652,1563,Received duplicate item,Rejected,299
1653,2153,Quality not as expected,Approved,2999
1654,1880,Item defective,Requested,0
1655,82,Quality not as expected,Rejected,199
1656,827,Received duplicate item,Requested,0
1657,2456,Received duplicate item,Picked Up,1999
1658,471,Product damaged,Refunded,1999
1659,3190,Item defective,Picked Up,999
1660,2125,Product damaged,Picked Up,299
1661,1861,Size issue,Picked Up,299
1662,245,Item defective,Refunded,1999
1663,2844,Wrong item delivered,Rejected,2999
1664,3233,Changed my mind,Rejected,299
1665,1108,Wrong item delivered,Requested,999
1666,3804,Item defective,Picked Up,199
1667,836,Changed my mind,Refunded,3999
1668,2027,Product damaged,Requested,1499
1669,3993,"Late delivery, no longer needed",Requested,2999
1670,1538,Wrong item delivered,Rejected,0
1671,1102,Changed my mind,Picked Up,1499
1672,915,Size issue,Requested,0
1673,2208,Size issue,Requested,0
1674,1888,Received duplicate item,Picked Up,0
1675,1263,Item defective,Approved,3999
1676,2436,Size issue,Approved,1999
1677,2750,Received duplicate item,Rejected,199
1678,2928,"Late delivery, no longer needed",Picked Up,999
1679,3207,Item defective,Requested,2999
1680,358,Product damaged,Picked Up,1499
1681,2308,Product damaged,Approved,1999
1682,926,Wrong item delivered,Picked Up,1499
1683,2248,Product damaged,Requested,2999
1684,4499,Wrong item delivered,Requested,199
1685,1602,Wrong item delivered,Approved,299
1686,1159,Item defective,Refunded,1999
1687,526,Changed my mind,Requested,1499
1688,2914,Product damaged,Rejected,2999
1689,1337,Quality not as expected,Approved,0
1690,4899,Changed my mind,Refunded,3999
1691,339,Item defective,Requested,1999
1692,3479,Product damaged,Rejected,199
1693,1396,Size issue,Refunded,1999
1694,2169,Changed my mind,Approved,1999
1695,2648,Quality not as expected,Picked Up,2999
1696,4165,Product damaged,Rejected,2999
1697,3381,Received duplicate item,Approved,299
1698,1579,Changed my mind,Approved,2999
1699,1608,Product damaged,Rejected,0
1700,1918,Size issue,Picked Up,499
1701,2290,Quality not as expected,Requested,3999
1702,533,Product damaged,Rejected,1999
1703,69,"Late delivery, no longer needed",Rejected,0
1704,3146,Wrong item delivered,Approved,0
1705,656,Quality not as expected,Approved,499
1706,2494,Wrong item delivered,Approved,299
1707,3148,Received duplicate item,Requested,999
1708,3452,Changed my mind,Picked Up,0
1709,3761,Product damaged,Approved,1499
1710,2449,"Late delivery, no longer needed",Picked Up,3999
1711,2547,Product damaged,Requested,0
1712,4476,Received duplicate item,Requested,1999
1713,437,Item defective,Rejected,299
1714,1676,Changed my mind,Picked Up,2999
1715,3873,Wrong item delivered,Refunded,499
1716,4567,Quality not as expected,Refunded,299
1717,2901,Changed my mind,Refunded,999
1718,1377,Received duplicate item,Rejected,199
1719,2573,Size issue,Refunded,2999
1720,3947,Wrong item delivered,Approved,199
1721,2913,Product damaged,Requested,1999
1722,1907,Wrong item delivered,Rejected,1499
1723,1352,Product damaged,Picked Up,499
1724,2226,Received duplicate item,Refunded,499
1725,4747,Wrong item delivered,Approved,3999
1726,4137,Item defective,Refunded,999
1727,3301,Quality not as expected,Rejected,499
1728,3751,"Late delivery, no longer needed",Requested,999
1729,4168,"Late delivery, no longer needed",Requested,999
1730,4497,Changed my mind,Picked Up,299
1731,3492,Size issue,Requested,0
1732,513,Size issue,Picked Up,499
1733,2926,"Late delivery, no longer needed",Requested,0
1734,1409,Item defective,Approved,199
1735,3724,Received duplicate item,Requested,2999
1736,4220,Item defective,Picked Up,3999
1737,1631,Size issue,Refunded,0
1738,1796,Product damaged,Picked Up,499
1739,1550,"Late delivery, no longer needed",Rejected,0
1740,840,Changed my mind,Picked Up,2999
1741,567,Quality not as expected,Approved,2999
1742,2884,Product damaged,Picked Up,199
1743,1405,Wrong item delivered,Requested,0
1744,2125,Received duplicate item,Refunded,2999
1745,3828,Wrong item delivered,Refunded,1999
1746,4501,"Late delivery, no longer needed",Requested,999
1747,1402,Received duplicate item,Approved,1499
1748,4709,Wrong item delivered,Rejected,299
1749,3136,Received duplicate item,Picked Up,1499
1750,2189,Received duplicate item,Rejected,1499
1751,3732,Changed my mind,Approved,1999
1752,1543,Item defective,Requested,1499
1753,50,Item defective,Approved,499
1754,3878,Wrong item delivered,Requested,199
1755,3254,Size issue,Picked Up,3999
1756,2829,Wrong item delivered,Approved,0
1757,3314,Changed my mind,Rejected,0
1758,1247,Quality not as expected,Picked Up,0
1759,4460,Item defective,Rejected,999
1760,3133,Product damaged,Requested,2999
1761,3512,Quality not as expected,Requested,499
1762,3355,Changed my mind,Requested,1499
1763,1523,Size issue,Requested,199
1764,3271,Received duplicate item,Picked Up,1499
1765,3635,Received duplicate item,Requested,0
1766,4361,Quality not as expected,Requested,999
1767,4996,Quality not as expected,Refunded,299
1768,6,Wrong item delivered,Picked Up,199
1769,3930,Product damaged,Refunded,3999
1770,3689,Changed my mind,Picked Up,1499
1771,4921,Received duplicate item,Refunded,3999
1772,1159,Size issue,Rejected,299
1773,526,Changed my mind,Refunded,1499
1774,11,Wrong item delivered,Requested,499
1775,4794,Quality not as expected,Refunded,499
1776,378,Received duplicate item,Refunded,2999
1777,2675,Product damaged,Approved,0
1778,4976,Product damaged,Requested,1999
1779,3224,Quality not as expected,Requested,299
1780,4593,Item defective,Requested,1499
1781,4000,Quality not as expected,Approved,3999
1782,1368,Size issue,Requested,499
1783,279,Size issue,Approved,2999
1784,1589,Received duplicate item,Refunded,3999
1785,3720,Changed my mind,Rejected,1499
1786,3436,Changed my mind,Approved,499
1787,3540,Size issue,Refunded,2999
1788,942,Item defective,Refunded,199
1789,391,Item defective,Refunded,1999
1790,3827,"Late delivery, no longer needed",Refunded,3999
1791,2304,Size issue,Refunded,199
1792,4575,Changed my mind,Picked Up,299
1793,4000,Item defective,Approved,0
1794,304,Item defective,Refunded,499
1795,4945,Changed my mind,Refunded,1499
1796,1377,Changed my mind,Refunded,1999
1797,2077,Product damaged,Requested,0
1798,1460,Changed my mind,Rejected,499
1799,4284,Item defective,Picked Up,1999
1800,517,Received duplicate item,Rejected,0
1801,2344,"Late delivery, no longer needed",Picked Up,999
1802,2805,Size issue,Rejected,1999
1803,909,Wrong item delivered,Approved,299
1804,354,"Late delivery, no longer needed",Approved,0
1805,4735,Received duplicate item,Refunded,999
1806,1796,"Late delivery, no longer needed",Refunded,1499
1807,3585,Product damaged,Refunded,1499
1808,2517,Product damaged,Picked Up,1999
1809,2768,Item defective,Refunded,3999
1810,1022,Quality not as expected,Approved,1999
1811,1257,Wrong item delivered,Requested,2999
1812,3911,Quality not as expected,Requested,299
1813,2518,Wrong item delivered,Picked Up,199
1814,4715,"Late delivery, no longer needed",Rejected,299
1815,915,Item defective,Refunded,0
1816,4748,Product damaged,Requested,1999
1817,2092,Quality not as expected,Rejected,3999
1818,2977,Product damaged,Picked Up,1499
1819,4530,Product damaged,Approved,1999
1820,2148,Size issue,Picked Up,299
1821,2151,Wrong item delivered,Refunded,299
1822,4692,Size issue,Requested,499
1823,2613,Received duplicate item,Approved,999
1824,1842,Changed my mind,Rejected,1999
1825,3225,Quality not as expected,Requested,999
1826,3417,Quality not as expected,Refunded,199
1827,3769,"Late delivery, no longer needed",Approved,999
1828,534,Size issue,Approved,1499
1829,102,Received duplicate item,Rejected,1999
1830,4046,Changed my mind,Picked Up,1499
1831,4488,"Late delivery, no longer needed",Refunded,199
1832,4661,Changed my mind,Requested,2999
1833,665,Size issue,Rejected,299
1834,4604,Size issue,Approved,2999
1835,4599,Product damaged,Refunded,299
1836,1199,Quality not as expected,Picked Up,0
1837,3394,"Late delivery, no longer needed",Picked Up,499
1838,1172,Size issue,Requested,3999
1839,1182,"Late delivery, no longer needed",Picked Up,999
1840,352,Changed my mind,Refunded,3999
1841,97,Quality not as expected,Rejected,3999
1842,789,Wrong item delivered,Rejected,0
1843,4664,Received duplicate item,Rejected,1499
1844,2803,"Late delivery, no longer needed",Approved,299
1845,3872,Wrong item delivered,Requested,999
1846,3315,Quality not as expected,Approved,3999
1847,204,Wrong item delivered,Rejected,299
1848,486,Changed my mind,Refunded,2999
1849,1821,Size issue,Picked Up,0
1850,4510,"Late delivery, no longer needed",Picked Up,0
1851,4985,Product damaged,Approved,1499
1852,3216,Quality not as expected,Requested,1499
1853,313,"Late delivery, no longer needed",Rejected,3999
1854,42,Wrong item delivered,Requested,499
1855,4016,Product damaged,Refunded,1999
1856,2796,Item defective,Picked Up,0
1857,844,Product damaged,Approved,499
1858,4257,Item defective,Requested,0
1859,3880,Product damaged,Refunded,2999
1860,3447,"Late delivery, no longer needed",Approved,299
1861,44,Size issue,Refunded,1999
1862,398,Size issue,Refunded,499
1863,817,Changed my mind,Picked Up,299
1864,2687,Size issue,Refunded,499
1865,3626,Item defective,Refunded,999
1866,1857,Received duplicate item,Refunded,499
1867,2492,Item defective,Picked Up,499
1868,1770,Wrong item delivered,Picked Up,999
1869,4395,Wrong item delivered,Approved,1499
1870,3029,Wrong item delivered,Rejected,2999
1871,1621,Received duplicate item,Requested,1999
1872,2898,"Late delivery, no longer needed",Approved,199
1873,3571,Quality not as expected,Picked Up,1499
1874,4622,Product damaged,Rejected,1999
1875,2397,"Late delivery, no longer needed",Rejected,0
1876,2479,Wrong item delivered,Requested,1999
1877,1046,Size issue,Refunded,299
1878,2700,Changed my mind,Picked Up,999
1879,176,Received duplicate item,Picked Up,999
1880,1587,Received duplicate item,Approved,999
1881,2049,Product damaged,Approved,3999
1882,4113,Quality not as expected,Rejected,2999
1883,3891,Wrong item delivered,Refunded,199
1884,2827,Received duplicate item,Refunded,199
1885,3031,Wrong item delivered,Refunded,199
1886,3702,Item defective,Refunded,199
1887,134,Quality not as expected,Picked Up,999
1888,4424,Wrong item delivered,Rejected,199
1889,3738,Product damaged,Requested,3999
1890,3556,Product damaged,Picked Up,2999
1891,3066,Wrong item delivered,Refunded,299
1892,4794,Size issue,Picked Up,2999
1893,2753,Item defective,Rejected,1999
1894,2942,Product damaged,Approved,1999
1895,2269,Wrong item delivered,Rejected,2999
1896,4362,Product damaged,Rejected,2999
1897,1558,Size issue,Picked Up,299
1898,2056,Changed my mind,Approved,1499
1899,343,Wrong item delivered,Rejected,299
1900,1932,Changed my mind,Refunded,1499
1901,3221,"Late delivery, no longer needed",Approved,3999
1902,2511,Product damaged,Rejected,0
1903,266,Received duplicate item,Rejected,1999
1904,409,Changed my mind,Picked Up,199
1905,4464,Received duplicate item,Refunded,0
1906,164,"Late delivery, no longer needed",Rejected,999
1907,3255,Wrong item delivered,Picked Up,199
1908,4785,Wrong item delivered,Approved,2999
1909,560,Quality not as expected,Rejected,1499
1910,2713,Product damaged,Refunded,999
1911,2063,Wrong item delivered,Requested,199
1912,4519,Product damaged,Approved,299
1913,2364,Quality not as expected,Picked Up,3999
1914,1036,Wrong item delivered,Picked Up,499
1915,3084,Received duplicate item,Refunded,1499
1916,478,Quality not as expected,Picked Up,2999
1917,518,Changed my mind,Requested,3999
1918,4944,Item defective,Requested,2999
1919,2233,"Late delivery, no longer needed",Rejected,3999
1920,2177,Wrong item delivered,Picked Up,499
1921,2502,Quality not as expected,Rejected,1999
1922,56,Changed my mind,Picked Up,0
1923,1300,Item defective,Rejected,199
1924,2261,Size issue,Refunded,2999
1925,2141,"Late delivery, no longer needed",Requested,2999
1926,2658,"Late delivery, no longer needed",Approved,1499
1927,4298,Received duplicate item,Picked Up,0
1928,1377,Item defective,Rejected,299
1929,4662,Product damaged,Picked Up,199
1930,1373,Received duplicate item,Picked Up,999
1931,4932,"Late delivery, no longer needed",Picked Up,2999
1932,2015,Changed my mind,Requested,0
1933,1975,Wrong item delivered,Rejected,3999
1934,3475,Size issue,Requested,1999
1935,887,Size issue,Approved,499
1936,2283,Size issue,Picked Up,299
1937,2188,Received duplicate item,Refunded,0
1938,1616,Item defective,Requested,0
1939,122,Item defective,Refunded,0
1940,3227,Received duplicate item,Refunded,299
1941,3411,"Late delivery, no longer needed",Refunded,499
1942,4093,"Late delivery, no longer needed",Approved,199
1943,2860,Item defective,Requested,3999
1944,815,Wrong item delivered,Refunded,0
1945,859,"Late delivery, no longer needed",Requested,299
1946,1648,Item defective,Picked Up,299
1947,356,Item defective,Requested,1499
1948,557,Size issue,Picked Up,499
1949,798,Quality not as expected,Refunded,299
1950,2779,Product damaged,Rejected,1499
1951,196,Changed my mind,Requested,1999
1952,3564,Wrong item delivered,Approved,1999
1953,4599,Changed my mind,Requested,2999
1954,4867,Wrong item delivered,Requested,1499
1955,4792,Item defective,Rejected,999
1956,3222,Changed my mind,Rejected,1499
1957,2909,Size issue,Rejected,3999
1958,12,Changed my mind,Approved,299
1959,3933,Changed my mind,Requested,1999
1960,4231,Received duplicate item,Refunded,3999
1961,1165,Item defective,Rejected,1999
1962,1389,Received duplicate item,Refunded,0
1963,2670,Item defective,Picked Up,2999
1964,4500,Wrong item delivered,Picked Up,999
1965,2051,"Late delivery, no longer needed",Approved,1999
1966,1640,Quality not as expected,Picked Up,299
1967,1036,Received duplicate item,Requested,2999
1968,842,Product damaged,Picked Up,0
1969,19,Changed my mind,Picked Up,3999
1970,3305,Wrong item delivered,Rejected,999
1971,4543,"Late delivery, no longer needed",Picked Up,1499
1972,4652,Received duplicate item,Rejected,3999
1973,2380,Received duplicate item,Approved,299
1974,2257,Item defective,Requested,0
1975,3036,Product damaged,Refunded,1999
1976,2047,Product damaged,Rejected,199
1977,539,Quality not as expected,Rejected,1499
1978,2434,Size issue,Refunded,1999
1979,4526,Size issue,Requested,2999
1980,4719,Received duplicate item,Approved,1499
1981,1740,"Late delivery, no longer needed",Refunded,1499
1982,3416,Wrong item delivered,Approved,3999
1983,3252,Item defective,Requested,1499
1984,2649,Item defective,Refunded,1999
1985,754,Received duplicate item,Approved,999
1986,278,"Late delivery, no longer needed",Approved,0
1987,3076,Size issue,Refunded,1499
1988,4667,Product damaged,Approved,199
1989,2857,Received duplicate item,Approved,2999
1990,909,Changed my mind,Approved,299
1991,1031,Changed my mind,Picked Up,3999
1992,4721,Product damaged,Approved,299
1993,1880,Changed my mind,Requested,2999
1994,4504,Received duplicate item,Requested,3999
1995,1270,Wrong item delivered,Rejected,0
1996,3778,Received duplicate item,Refunded,1999
1997,4303,Size issue,Picked Up,999
1998,4561,Received duplicate item,Picked Up,299
1999,26,Item defective,Requested,499
2000,3174,Wrong item delivered,Rejected,999
2001,2085,"Late delivery, no longer needed",Requested,2999
2002,299,Size issue,Requested,299
2003,2074,"Late delivery, no longer needed",Refunded,3999
2004,4069,Product damaged,Refunded,299
2005,4424,Product damaged,Requested,1499
2006,4637,Product damaged,Rejected,3999
2007,2709,Wrong item delivered,Picked Up,199
2008,867,Product damaged,Requested,1499
2009,3723,"Late delivery, no longer needed",Rejected,499
2010,3633,Product damaged,Approved,499
2011,2784,"Late delivery, no longer needed",Rejected,3999
2012,139,Product damaged,Picked Up,499
2013,2101,Product damaged,Rejected,1999
2014,862,Item defective,Rejected,3999
2015,3481,Product damaged,Approved,2999
2016,1260,"Late delivery, no longer needed",Refunded,499
2017,4709,Changed my mind,Requested,2999
2018,3496,Size issue,Requested,0
2019,4816,Size issue,Refunded,2999
2020,3870,Size issue,Rejected,499
2021,10,Received duplicate item,Picked Up,299
2022,1752,Received duplicate item,Approved,0
2023,3705,"Late delivery, no longer needed",Rejected,499
2024,3132,Item defective,Refunded,1499
2025,1818,Changed my mind,Approved,0
2026,2559,Quality not as expected,Refunded,499
2027,3931,Changed my mind,Refunded,999
2028,2926,"Late delivery, no longer needed",Rejected,999
2029,503,Changed my mind,Requested,1999
2030,1599,Wrong item delivered,Picked Up,1999
2031,4808,Size issue,Requested,499
2032,127,Changed my mind,Requested,1499
2033,4204,Product damaged,Rejected,499
2034,4633,Size issue,Picked Up,0
2035,1320,Product damaged,Picked Up,999
2036,4612,Quality not as expected,Approved,1999
2037,907,Quality not as expected,Approved,199
2038,2574,Received duplicate item,Rejected,199
2039,2487,Product damaged,Rejected,2999
2040,2892,"Late delivery, no longer needed",Approved,0
2041,2046,Item defective,Requested,999
2042,4206,"Late delivery, no longer needed",Rejected,1499
2043,1322,Size issue,Approved,3999
2044,93,Size issue,Picked Up,2999
2045,4109,Wrong item delivered,Picked Up,299
2046,1221,Wrong item delivered,Picked Up,0
2047,3790,Received duplicate item,Picked Up,999
2048,378,Received duplicate item,Approved,499
2049,4293,Product damaged,Picked Up,499
2050,2115,Product damaged,Refunded,3999
2051,2271,Quality not as expected,Picked Up,3999
2052,878,"Late delivery, no longer needed",Rejected,299
2053,80,Item defective,Approved,999
2054,4968,"Late delivery, no longer needed",Requested,1499
2055,1844,Quality not as expected,Picked Up,1999
2056,4842,Size issue,Picked Up,999
2057,2543,Product damaged,Approved,1499
2058,1998,Item defective,Picked Up,499
2059,929,Wrong item delivered,Refunded,299
2060,4318,Wrong item delivered,Approved,199
2061,3130,Received duplicate item,Approved,2999
2062,4916,Quality not as expected,Approved,1499
2063,1985,"Late delivery, no longer needed",Requested,0
2064,3646,Item defective,Approved,1999
2065,4982,Received duplicate item,Requested,3999
2066,3620,Wrong item delivered,Rejected,499
2067,1990,Changed my mind,Rejected,999
2068,1186,Received duplicate item,Picked Up,1499
2069,3941,Product damaged,Picked Up,0
2070,2912,"Late delivery, no longer needed",Picked Up,299
2071,1026,Size issue,Approved,199
2072,3239,Changed my mind,Refunded,1499
2073,2831,Wrong item delivered,Refunded,1999
2074,2956,Product damaged,Rejected,199
2075,4087,Quality not as expected,Rejected,1499
2076,3652,"Late delivery, no longer needed",Approved,3999
2077,1907,Changed my mind,Picked Up,999
2078,1060,Size issue,Picked Up,1499
2079,3758,"Late delivery, no longer needed",Refunded,3999
2080,4478,Changed my mind,Requested,499
2081,1438,"Late delivery, no longer needed",Rejected,299
2082,4629,Received duplicate item,Requested,299
2083,17,Wrong item delivered,Refunded,3999
2084,536,Wrong item delivered,Refunded,499
2085,2175,Changed my mind,Rejected,0
2086,1516,Product damaged,Requested,999
2087,508,Item defective,Requested,3999
2088,530,Received duplicate item,Picked Up,199
2089,1975,Quality not as expected,Approved,999
2090,4043,Size issue,Approved,3999
2091,4929,Quality not as expected,Approved,299
2092,3835,Size issue,Requested,199
2093,914,Product damaged,Picked Up,2999
2094,2889,Wrong item delivered,Requested,499
2095,1335,Wrong item delivered,Picked Up,1999
2096,1907,Received duplicate item,Rejected,999
2097,2388,Wrong item delivered,Rejected,1999
2098,3531,Product damaged,Refunded,2999
2099,1034,Quality not as expected,Rejected,1499
2100,3648,Product damaged,Picked Up,1499
2101,2834,"Late delivery, no longer needed",Picked Up,1499
2102,742,Item defective,Refunded,499
2103,4549,Item defective,Requested,299
2104,4024,Quality not as expected,Approved,299
2105,3534,Changed my mind,Picked Up,499
2106,2233,Received duplicate item,Requested,0
2107,1339,Received duplicate item,Requested,3999
2108,4756,Item defective,Requested,3999
2109,4825,Size issue,Requested,1999
2110,2535,Size issue,Rejected,999
2111,4328,Changed my mind,Picked Up,1499
2112,2270,Product damaged,Requested,0
2113,4765,"Late delivery, no longer needed",Rejected,1499
2114,1672,Size issue,Requested,999
2115,4919,Size issue,Approved,0
2116,2737,Received duplicate item,Rejected,499
2117,2881,Item defective,Refunded,3999
2118,4955,Quality not as expected,Approved,299
2119,4678,"Late delivery, no longer needed",Refunded,3999
2120,2027,Quality not as expected,Approved,299
2121,4933,Product damaged,Approved,999
2122,2501,Item defective,Approved,199
2123,3947,Changed my mind,Rejected,999
2124,4429,Quality not as expected,Picked Up,1999
2125,2422,"Late delivery, no longer needed",Approved,499
2126,1300,Received duplicate item,Rejected,499
2127,4043,Wrong item delivered,Rejected,1999
2128,1104,Item defective,Rejected,1499
2129,3970,Changed my mind,Rejected,3999
2130,2894,Size issue,Rejected,499
2131,955,Changed my mind,Picked Up,999
2132,3133,"Late delivery, no longer needed",Rejected,199
2133,1516,"Late delivery, no longer needed",Refunded,199
2134,4037,Size issue,Requested,3999
2135,749,Product damaged,Requested,3999
2136,3790,Wrong item delivered,Rejected,1499
2137,415,Changed my mind,Refunded,999
2138,751,Item defective,Requested,199
2139,3332,Size issue,Picked Up,999
2140,1310,Item defective,Requested,299
2141,694,"Late delivery, no longer needed",Rejected,999
2142,4890,Received duplicate item,Refunded,199
2143,219,Wrong item delivered,Rejected,199
2144,2743,"Late delivery, no longer needed",Refunded,3999
2145,1473,Received duplicate item,Picked Up,2999
2146,2433,"Late delivery, no longer needed",Picked Up,299
2147,2904,Size issue,Rejected,999
2148,2064,Quality not as expected,Rejected,1499
2149,10,Product damaged,Approved,299
2150,644,Item defective,Picked Up,0
2151,1277,"Late delivery, no longer needed",Requested,299
2152,1665,Wrong item delivered,Rejected,1499
2153,2403,Size issue,Refunded,3999
2154,1086,Product damaged,Rejected,0
2155,621,Size issue,Picked Up,3999
2156,2543,Changed my mind,Rejected,299
2157,1595,Received duplicate item,Approved,1999
2158,2388,Size issue,Picked Up,1999
2159,1096,Wrong item delivered,Picked Up,0
2160,3360,Size issue,Requested,499
2161,2156,Size issue,Refunded,299
2162,2682,Item defective,Refunded,3999
2163,4299,Item defective,Approved,999
2164,4520,Changed my mind,Rejected,1499
2165,912,Size issue,Approved,199
2166,3647,Item defective,Picked Up,1499
2167,918,Changed my mind,Picked Up,499
2168,4600,Item defective,Requested,2999
2169,3153,Product damaged,Requested,1999
2170,1924,Product damaged,Requested,3999
2171,1266,Item defective,Picked Up,1499
2172,3978,"Late delivery, no longer needed",Picked Up,1999
2173,4936,Size issue,Rejected,499
2174,2180,"Late delivery, no longer needed",Approved,3999
2175,165,"Late delivery, no longer needed",Refunded,1499
2176,1084,Product damaged,Picked Up,1999
2177,680,Wrong item delivered,Picked Up,1499
2178,4895,Product damaged,Rejected,499
2179,2532,"Late delivery, no longer needed",Requested,1999
2180,989,Quality not as expected,Requested,0
2181,988,Quality not as expected,Requested,499
2182,1208,Quality not as expected,Refunded,0
2183,3474,Item defective,Approved,499
2184,2433,Quality not as expected,Picked Up,499
2185,638,Received duplicate item,Refunded,499
2186,4188,Received duplicate item,Rejected,0
2187,2133,Quality not as expected,Refunded,1499
2188,3731,"Late delivery, no longer needed",Picked Up,199
2189,4511,Received duplicate item,Rejected,1999
2190,2920,Product damaged,Approved,1499
2191,691,Size issue,Refunded,1499
2192,3826,Item defective,Picked Up,2999
2193,4995,Changed my mind,Picked Up,499
2194,1936,Product damaged,Picked Up,1999
2195,783,Changed my mind,Approved,999
2196,2313,Product damaged,Picked Up,999
2197,4229,Size issue,Rejected,999
2198,2168,Changed my mind,Picked Up,0
2199,683,Wrong item delivered,Refunded,199
2200,408,Changed my mind,Requested,1999
2201,2102,Received duplicate item,Requested,1499
2202,3345,Item defective,Rejected,199
2203,4111,Size issue,Requested,999
2204,1040,Size issue,Rejected,3999
2205,4445,Quality not as expected,Rejected,199
2206,3801,Wrong item delivered,Requested,1499
2207,4086,Wrong item delivered,Rejected,299
2208,1267,Product damaged,Rejected,299
2209,3877,Item defective,Approved,1499
2210,3120,Size issue,Refunded,1999
2211,3328,Wrong item delivered,Requested,499
2212,4018,Wrong item delivered,Rejected,199
2213,1223,Wrong item delivered,Rejected,999
2214,4152,Quality not as expected,Rejected,999
2215,952,Changed my mind,Rejected,1499
2216,1136,Item defective,Requested,1999
2217,265,Product damaged,Requested,299
2218,4313,Received duplicate item,Picked Up,199
2219,1239,Quality not as expected,Picked Up,2999
2220,4823,Size issue,Rejected,0
2221,2468,Changed my mind,Rejected,299
2222,333,"Late delivery, no longer needed",Rejected,3999
2223,3109,Size issue,Requested,1999
2224,2506,Received duplicate item,Approved,1499
2225,1836,Changed my mind,Refunded,999
2226,248,Item defective,Refunded,499
2227,4617,Item defective,Rejected,1499
2228,3709,Changed my mind,Refunded,1999
2229,711,Changed my mind,Rejected,3999
2230,2123,Wrong item delivered,Requested,999
2231,253,Received duplicate item,Rejected,499
2232,3620,Size issue,Approved,299
2233,1137,Size issue,Approved,499
2234,1622,Product damaged,Requested,1499
2235,4178,Received duplicate item,Refunded,1999
2236,2106,Size issue,Rejected,1999
2237,1843,Item defective,Refunded,499
2238,2145,Wrong item delivered,Refunded,1999
2239,4846,Changed my mind,Requested,999
2240,4442,"Late delivery, no longer needed",Picked Up,3999
2241,3420,Product damaged,Refunded,3999
2242,1240,Product damaged,Refunded,299
2243,4188,Received duplicate item,Picked Up,499
2244,2329,Received duplicate item,Picked Up,199
2245,3616,Product damaged,Requested,199
2246,400,Size issue,Rejected,3999
2247,3457,Changed my mind,Picked Up,299
2248,2580,Received duplicate item,Rejected,199
2249,3153,Quality not as expected,Picked Up,3999
2250,3601,Wrong item delivered,Requested,199
2251,3954,Product damaged,Rejected,3999
2252,1098,Product damaged,Picked Up,3999
2253,3737,"Late delivery, no longer needed",Refunded,999
2254,2728,Wrong item delivered,Refunded,3999
2255,2277,Item defective,Requested,2999
2256,4477,Changed my mind,Requested,3999
2257,168,Product damaged,Approved,3999
2258,1729,Size issue,Picked Up,199
2259,1142,Changed my mind,Rejected,299
2260,1362,Size issue,Picked Up,999
2261,2506,Changed my mind,Requested,199
2262,1915,Size issue,Requested,2999
2263,1180,Wrong item delivered,Requested,1499
2264,763,Quality not as expected,Requested,199
2265,301,Size issue,Requested,199
2266,4610,Changed my mind,Picked Up,2999
2267,3904,Wrong item delivered,Picked Up,499
2268,2158,Changed my mind,Refunded,499
2269,4249,Product damaged,Picked Up,199
2270,4696,Product damaged,Picked Up,499
2271,3615,Wrong item delivered,Approved,3999
2272,2372,Product damaged,Rejected,3999
2273,1834,Size issue,Approved,0
2274,1084,Product damaged,Picked Up,1499
2275,2691,"Late delivery, no longer needed",Refunded,1999
2276,4714,Received duplicate item,Picked Up,0
2277,3874,"Late delivery, no longer needed",Picked Up,1499
2278,1768,Wrong item delivered,Picked Up,2999
2279,4317,Changed my mind,Approved,2999
2280,3221,Quality not as expected,Approved,3999
2281,2172,Received duplicate item,Rejected,299
2282,110,Changed my mind,Refunded,999
2283,1275,Quality not as expected,Refunded,0
2284,3288,Changed my mind,Requested,999
2285,775,Changed my mind,Requested,999
2286,2188,"Late delivery, no longer needed",Approved,1999
2287,68,Item defective,Picked Up,1999
2288,3336,Product damaged,Approved,3999
2289,1684,"Late delivery, no longer needed",Picked Up,299
2290,710,Received duplicate item,Picked Up,299
2291,4076,"Late delivery, no longer needed",Refunded,3999
2292,1490,Quality not as expected,Rejected,1999
2293,1186,Changed my mind,Refunded,499
2294,3511,Received duplicate item,Requested,0
2295,2315,Wrong item delivered,Picked Up,3999
2296,4126,Quality not as expected,Picked Up,1499
2297,4318,Changed my mind,Picked Up,1499
2298,4564,"Late delivery, no longer needed",Picked Up,199
2299,1648,Quality not as expected,Picked Up,1499
2300,4685,Size issue,Picked Up,1499
2301,813,Item defective,Picked Up,999
2302,2260,Size issue,Rejected,3999
2303,874,Product damaged,Refunded,499
2304,1083,Wrong item delivered,Rejected,0
2305,3395,"Late delivery, no longer needed",Approved,999
2306,3251,Changed my mind,Refunded,999
2307,3147,Received duplicate item,Refunded,2999
2308,2961,Item defective,Approved,1499
2309,471,Changed my mind,Requested,3999
2310,1346,Quality not as expected,Requested,0
2311,3500,Size issue,Rejected,0
2312,2634,Quality not as expected,Rejected,1999
2313,4856,Wrong item delivered,Refunded,299
2314,3631,Received duplicate item,Picked Up,299
2315,4603,Changed my mind,Refunded,3999
2316,1102,Item defective,Requested,999
2317,2410,Changed my mind,Rejected,299
2318,1165,"Late delivery, no longer needed",Approved,1499
2319,2531,Wrong item delivered,Rejected,499
2320,2249,Size issue,Picked Up,1999
2321,2478,Quality not as expected,Approved,1999
2322,3162,Product damaged,Rejected,1999
2323,793,Item defective,Picked Up,199
2324,3978,Product damaged,Refunded,199
2325,1924,Received duplicate item,Rejected,3999
2326,1739,Wrong item delivered,Approved,1499
2327,4707,Quality not as expected,Approved,199
2328,3527,Product damaged,Requested,0
2329,3576,Wrong item delivered,Refunded,3999
2330,431,"Late delivery, no longer needed",Approved,2999
2331,3049,Item defective,Picked Up,2999
2332,2192,Wrong item delivered,Requested,999
2333,467,Changed my mind,Rejected,0
2334,1017,Size issue,Requested,499
2335,1849,Received duplicate item,Requested,1499
2336,1716,Received duplicate item,Refunded,499
2337,569,Changed my mind,Approved,1499
2338,2668,Size issue,Picked Up,999
2339,1929,Changed my mind,Requested,0
2340,2378,Quality not as expected,Refunded,199
2341,4475,Product damaged,Requested,2999
2342,4029,Product damaged,Rejected,299
2343,3697,Quality not as expected,Rejected,199
2344,3009,Quality not as expected,Requested,3999
2345,3804,Size issue,Rejected,499
2346,4194,Product damaged,Picked Up,1999
2347,4,Size issue,Rejected,1999
2348,3114,Quality not as expected,Approved,499
2349,1226,Size issue,Picked Up,3999
2350,3696,Wrong item delivered,Requested,499
2351,500,Product damaged,Requested,299
2352,1838,"Late delivery, no longer needed",Approved,999
2353,1915,Wrong item delivered,Picked Up,3999
2354,1749,Item defective,Rejected,2999
2355,4473,"Late delivery, no longer needed",Refunded,999
2356,3543,"Late delivery, no longer needed",Picked Up,199
2357,4915,Changed my mind,Refunded,2999
2358,1325,Size issue,Requested,499
2359,3068,Received duplicate item,Approved,0
2360,1216,Size issue,Picked Up,1999
2361,3160,Quality not as expected,Refunded,199
2362,3746,Product damaged,Refunded,1499
2363,4504,Received duplicate item,Approved,2999
2364,3118,Item defective,Rejected,0
2365,302,Size issue,Picked Up,3999
2366,3978,Quality not as expected,Refunded,3999
2367,3997,Size issue,Rejected,299
2368,2269,Quality not as expected,Approved,0
2369,1035,Wrong item delivered,Rejected,1999
2370,3858,Item defective,Picked Up,2999
2371,4383,Product damaged,Rejected,2999
2372,2198,"Late delivery, no longer needed",Approved,3999
2373,336,Changed my mind,Picked Up,1999
2374,2139,Received duplicate item,Approved,299
2375,1494,Received duplicate item,Rejected,499
2376,2559,Size issue,Approved,0
2377,2299,Product damaged,Picked Up,1999
2378,2324,Changed my mind,Picked Up,3999
2379,2754,"Late delivery, no longer needed",Rejected,199
2380,3269,"Late delivery, no longer needed",Refunded,3999
2381,1795,Changed my mind,Requested,1499
2382,774,Item defective,Rejected,299
2383,4364,Product damaged,Refunded,2999
2384,3048,Changed my mind,Requested,199
2385,57,Size issue,Rejected,199
2386,4812,Changed my mind,Refunded,2999
2387,180,Changed my mind,Rejected,199
2388,3361,"Late delivery, no longer needed",Rejected,3999
2389,3107,Changed my mind,Approved,499
2390,999,Changed my mind,Refunded,199
2391,2117,Quality not as expected,Requested,1999
2392,4153,Size issue,Picked Up,3999
2393,1950,Changed my mind,Approved,2999
2394,88,"Late delivery, no longer needed",Approved,1499
2395,2239,Product damaged,Picked Up,2999
2396,4085,Item defective,Refunded,3999
2397,3534,Changed my mind,Rejected,299
2398,4580,Item defective,Approved,0
2399,2101,Item defective,Picked Up,999
2400,516,Wrong item delivered,Picked Up,0
2401,4578,Wrong item delivered,Picked Up,2999
2402,2913,Size issue,Rejected,2999
2403,1591,Item defective,Picked Up,0
2404,2327,Wrong item delivered,Approved,2999
2405,582,Size issue,Approved,0
2406,3286,Received duplicate item,Approved,299
2407,1944,Changed my mind,Requested,299
2408,3302,Item defective,Picked Up,199
2409,1874,"Late delivery, no longer needed",Picked Up,2999
2410,2782,Quality not as expected,Picked Up,499
2411,3718,Quality not as expected,Requested,199
2412,4360,"Late delivery, no longer needed",Approved,199
2413,902,Quality not as expected,Picked Up,2999
2414,2238,Changed my mind,Requested,1499
2415,3311,Item defective,Picked Up,1499
2416,3973,Item defective,Refunded,1999
2417,282,Item defective,Requested,1499
2418,2232,Product damaged,Refunded,299
2419,1413,Received duplicate item,Approved,2999
2420,2384,Product damaged,Approved,1499
2421,747,Product damaged,Refunded,299
2422,3966,Size issue,Refunded,999
2423,545,"Late delivery, no longer needed",Picked Up,299
2424,290,Changed my mind,Rejected,199
2425,1657,Item defective,Picked Up,199
2426,2405,"Late delivery, no longer needed",Rejected,299
2427,4219,Item defective,Approved,199
2428,3692,Quality not as expected,Refunded,1999
2429,1386,Received duplicate item,Rejected,2999
2430,4128,"Late delivery, no longer needed",Approved,199
2431,2874,Size issue,Approved,499
2432,741,Size issue,Rejected,2999
2433,121,Product damaged,Requested,3999
2434,1575,Changed my mind,Approved,0
2435,2575,Received duplicate item,Approved,199
2436,760,Product damaged,Approved,1499
2437,4817,Quality not as expected,Refunded,299
2438,2361,Changed my mind,Requested,299
2439,4746,Wrong item delivered,Approved,299
2440,1258,"Late delivery, no longer needed",Approved,3999
2441,1920,Changed my mind,Refunded,0
2442,2412,Changed my mind,Picked Up,199
2443,1970,Quality not as expected,Refunded,299
2444,1872,Item defective,Requested,1999
2445,4663,Item defective,Rejected,2999
2446,651,Size issue,Rejected,1499
2447,198,Changed my mind,Requested,299
2448,2898,Quality not as expected,Rejected,3999
2449,1042,Size issue,Approved,1499
2450,1422,Wrong item delivered,Requested,499
2451,855,Wrong item delivered,Picked Up,1999
2452,1884,Product damaged,Refunded,2999
2453,1137,Item defective,Approved,2999
2454,874,Item defective,Refunded,0
2455,4687,Product damaged,Requested,0
2456,1336,Product damaged,Requested,999
2457,168,Quality not as expected,Refunded,1999
2458,1267,Quality not as expected,Refunded,499
2459,2456,Item defective,Refunded,199
2460,3378,Quality not as expected,Picked Up,999
2461,1853,Quality not as expected,Requested,0
2462,4515,Size issue,Approved,0
2463,3558,Quality not as expected,Requested,199
2464,3180,Quality not as expected,Approved,999
2465,2709,Quality not as expected,Refunded,1499
2466,4673,Quality not as expected,Requested,999
2467,1987,"Late delivery, no longer needed",Approved,1499
2468,2114,Changed my mind,Rejected,1999
2469,780,Quality not as expected,Rejected,1499
2470,2214,Wrong item delivered,Requested,1999
2471,4072,Product damaged,Rejected,1499
2472,3704,Wrong item delivered,Refunded,3999
2473,4765,Changed my mind,Approved,999
2474,4538,Changed my mind,Rejected,299
2475,2231,Item defective,Refunded,0
2476,4901,Quality not as expected,Requested,999
2477,4724,Size issue,Requested,1999
2478,1462,Quality not as expected,Requested,2999
2479,1911,Item defective,Requested,499
2480,2282,"Late delivery, no longer needed",Picked Up,199
2481,2217,Changed my mind,Picked Up,199
2482,2070,Item defective,Requested,1999
2483,1921,Changed my mind,Requested,199
2484,2294,Received duplicate item,Approved,2999
2485,4159,Quality not as expected,Approved,299
2486,391,Item defective,Picked Up,0
2487,4670,Item defective,Rejected,3999
2488,1666,Product damaged,Rejected,299
2489,650,Wrong item delivered,Picked Up,199
2490,559,Quality not as expected,Requested,0
2491,4524,Changed my mind,Picked Up,199
2492,2937,Item defective,Approved,2999
2493,2991,Quality not as expected,Rejected,2999
2494,108,"Late delivery, no longer needed",Approved,1999
2495,46,Quality not as expected,Picked Up,999
2496,2637,Wrong item delivered,Picked Up,1999
2497,2796,Changed my mind,Refunded,199
2498,312,Received duplicate item,Approved,999
2499,2849,"Late delivery, no longer needed",Approved,1999
2500,1848,Product damaged,Requested,199
2501,4327,Size issue,Picked Up,299
2502,417,Quality not as expected,Approved,299
2503,315,Received duplicate item,Picked Up,1999
2504,4657,Size issue,Requested,1499
2505,4379,Changed my mind,Picked Up,199
2506,1700,Quality not as expected,Picked Up,299
2507,2577,Changed my mind,Refunded,499
2508,2511,"Late delivery, no longer needed",Approved,199
2509,3507,Quality not as expected,Picked Up,999
2510,1478,"Late delivery, no longer needed",Approved,1499
2511,1614,Quality not as expected,Picked Up,2999
2512,2570,Product damaged,Requested,299
2513,4473,Wrong item delivered,Rejected,999
2514,3695,Changed my mind,Refunded,999
2515,2683,Quality not as expected,Refunded,1999
2516,426,"Late delivery, no longer needed",Picked Up,0
2517,1095,Wrong item delivered,Approved,0
2518,214,Item defective,Picked Up,2999
2519,4999,Item defective,Rejected,999
2520,4275,Changed my mind,Picked Up,3999
2521,3545,Wrong item delivered,Refunded,0
2522,2387,Size issue,Approved,1999
2523,3740,Quality not as expected,Requested,999
2524,3028,Item defective,Approved,999
2525,4134,Changed my mind,Rejected,0
2526,1262,Quality not as expected,Requested,3999
2527,985,Item defective,Approved,0
2528,1345,Item defective,Approved,3999
2529,151,Quality not as expected,Picked Up,999
2530,4711,Changed my mind,Requested,499
2531,757,Quality not as expected,Refunded,299
2532,4681,Wrong item delivered,Rejected,3999
2533,3928,Wrong item delivered,Requested,499
2534,4269,Product damaged,Requested,999
2535,3835,Changed my mind,Rejected,499
2536,4042,Wrong item delivered,Picked Up,0
2537,4407,Size issue,Rejected,0
2538,4384,Size issue,Picked Up,199
2539,2215,Size issue,Rejected,499
2540,2506,Product damaged,Approved,499
2541,4474,Quality not as expected,Refunded,999
2542,611,Product damaged,Refunded,1999
2543,1903,Item defective,Picked Up,0
2544,2637,Quality not as expected,Rejected,299
2545,4258,"Late delivery, no longer needed",Requested,999
2546,1110,"Late delivery, no longer needed",Picked Up,1499
2547,1229,Wrong item delivered,Refunded,1999
2548,3521,Wrong item delivered,Requested,299
2549,1910,Received duplicate item,Rejected,199
2550,1976,Changed my mind,Requested,299
2551,2948,Product damaged,Rejected,1499
2552,1309,"Late delivery, no longer needed",Picked Up,2999
2553,4200,"Late delivery, no longer needed",Approved,199
2554,4291,Received duplicate item,Rejected,3999
2555,301,Quality not as expected,Refunded,3999
2556,841,Wrong item delivered,Refunded,1999
2557,2609,Received duplicate item,Rejected,2999
2558,1583,Product damaged,Refunded,199
2559,4746,Quality not as expected,Rejected,0
2560,1576,"Late delivery, no longer needed",Requested,0
2561,3452,Item defective,Picked Up,199
2562,1556,Received duplicate item,Picked Up,499
2563,2813,Quality not as expected,Requested,499
2564,1929,Wrong item delivered,Approved,499
2565,4550,Quality not as expected,Picked Up,299
2566,4273,Product damaged,Rejected,199
2567,724,Product damaged,Approved,199
2568,3618,Product damaged,Approved,999
2569,296,"Late delivery, no longer needed",Rejected,499
2570,3394,Item defective,Approved,2999
2571,2955,Changed my mind,Requested,999
2572,3722,Changed my mind,Approved,1999
2573,4634,Product damaged,Approved,0
2574,2946,Received duplicate item,Refunded,1999
2575,4887,Quality not as expected,Rejected,299
2576,755,"Late delivery, no longer needed",Picked Up,199
2577,4823,Changed my mind,Approved,199
2578,4212,Wrong item delivered,Requested,3999
2579,4431,Product damaged,Picked Up,199
2580,2859,Item defective,Requested,3999
2581,815,Received duplicate item,Rejected,3999
2582,62,Item defective,Approved,1499
2583,1084,Item defective,Refunded,0
2584,3423,Wrong item delivered,Approved,1499
2585,2790,Size issue,Refunded,0
2586,1724,Size issue,Approved,499
2587,3942,"Late delivery, no longer needed",Rejected,0
2588,3487,Wrong item delivered,Picked Up,3999
2589,1278,Item defective,Refunded,299
2590,106,Quality not as expected,Picked Up,499
2591,2785,Product damaged,Requested,0
2592,1412,Quality not as expected,Approved,1499
2593,824,"Late delivery, no longer needed",Picked Up,299
2594,1642,Product damaged,Refunded,199
2595,3774,Received duplicate item,Rejected,499
2596,864,Item defective,Picked Up,3999
2597,579,Product damaged,Refunded,2999
2598,2294,Received duplicate item,Requested,1999
2599,3921,"Late delivery, no longer needed",Picked Up,499
2600,3981,Quality not as expected,Requested,3999
2601,4941,Size issue,Picked Up,0
2602,2917,Received duplicate item,Refunded,1999
2603,4237,Received duplicate item,Refunded,3999
2604,3688,Quality not as expected,Approved,1999
2605,436,Quality not as expected,Refunded,1999
2606,3069,Item defective,Rejected,0
2607,1171,Quality not as expected,Rejected,0
2608,1895,Quality not as expected,Picked Up,999
2609,4246,Changed my mind,Rejected,999
2610,457,Size issue,Rejected,499
2611,3387,Wrong item delivered,Rejected,1999
2612,3756,Changed my mind,Refunded,2999
2613,2245,Changed my mind,Approved,1499
2614,2825,Size issue,Approved,999
2615,1413,Wrong item delivered,Requested,1999
2616,3955,Quality not as expected,Refunded,199
2617,2353,Product damaged,Refunded,299
2618,3065,"Late delivery, no longer needed",Approved,3999
2619,1025,Product damaged,Rejected,999
2620,2539,Wrong item delivered,Requested,3999
2621,2266,Received duplicate item,Approved,999
2622,4105,Wrong item delivered,Rejected,199
2623,3296,Item defective,Approved,999
2624,4254,Quality not as expected,Picked Up,3999
2625,4386,Product damaged,Approved,999
2626,2579,Size issue,Approved,3999
2627,4976,"Late delivery, no longer needed",Picked Up,199
2628,3251,Product damaged,Requested,1499
2629,2075,Size issue,Picked Up,1999
2630,3392,Wrong item delivered,Rejected,1499
2631,282,Quality not as expected,Picked Up,1999
2632,4573,"Late delivery, no longer needed",Requested,499
2633,3345,Product damaged,Requested,499
2634,2267,"Late delivery, no longer needed",Requested,1999
2635,3805,Received duplicate item,Rejected,3999
2636,2255,Wrong item delivered,Refunded,199
2637,467,Quality not as expected,Refunded,499
2638,3539,Wrong item delivered,Requested,3999
2639,565,Quality not as expected,Rejected,1999
2640,1781,Size issue,Approved,3999
2641,4658,"Late delivery, no longer needed",Rejected,999
2642,1003,Quality not as expected,Refunded,999
2643,1721,"Late delivery, no longer needed",Approved,0
2644,4949,Received duplicate item,Requested,2999
2645,861,Quality not as expected,Picked Up,1999
2646,2253,Changed my mind,Picked Up,299
2647,2421,"Late delivery, no longer needed",Rejected,2999
2648,1234,Product damaged,Approved,2999
2649,1769,Size issue,Approved,1499
2650,4714,Quality not as expected,Picked Up,199
2651,388,Size issue,Requested,199
2652,3906,Received duplicate item,Refunded,1999
2653,4140,Wrong item delivered,Refunded,3999
2654,221,Wrong item delivered,Requested,2999
2655,4946,Product damaged,Picked Up,1499
2656,1393,Received duplicate item,Refunded,1999
2657,1059,Quality not as expected,Requested,199
2658,2194,Wrong item delivered,Requested,499
2659,4118,"Late delivery, no longer needed",Rejected,3999
2660,4813,Wrong item delivered,Refunded,1999
2661,225,Size issue,Picked Up,1499
2662,291,Wrong item delivered,Picked Up,999
2663,4915,Product damaged,Approved,499
2664,2155,Size issue,Rejected,0
2665,4269,Received duplicate item,Rejected,999
2666,642,Product damaged,Approved,299
2667,3830,Product damaged,Rejected,199
2668,4491,"Late delivery, no longer needed",Picked Up,999
2669,3779,Wrong item delivered,Refunded,2999
2670,1087,Item defective,Requested,199
2671,2587,Wrong item delivered,Rejected,0
2672,708,Item defective,Rejected,499
2673,4157,"Late delivery, no longer needed",Requested,999
2674,722,Received duplicate item,Requested,499
2675,3555,Product damaged,Picked Up,1999
2676,2795,Product damaged,Rejected,299
2677,983,Received duplicate item,Refunded,299
2678,653,"Late delivery, no longer needed",Rejected,299
2679,879,Quality not as expected,Picked Up,2999
2680,1767,Changed my mind,Picked Up,0
2681,925,Product damaged,Requested,199
2682,1785,Changed my mind,Picked Up,499
2683,3811,Item defective,Refunded,1499
2684,2788,Wrong item delivered,Refunded,3999
2685,2799,Quality not as expected,Refunded,199
2686,2042,Size issue,Picked Up,3999
2687,2678,Quality not as expected,Rejected,1499
2688,332,Quality not as expected,Refunded,299
2689,2789,Size issue,Rejected,1999
2690,2049,Product damaged,Requested,999
2691,1382,Size issue,Refunded,2999
2692,3981,Received duplicate item,Picked Up,3999
2693,586,Size issue,Requested,1999
2694,1452,"Late delivery, no longer needed",Rejected,1999
2695,3079,Wrong item delivered,Requested,499
2696,1128,Wrong item delivered,Requested,999
2697,4810,Size issue,Refunded,3999
2698,3792,Product damaged,Approved,3999
2699,1625,Size issue,Picked Up,1999
2700,761,Size issue,Rejected,2999
2701,734,Item defective,Picked Up,499
2702,4048,Item defective,Approved,1499
2703,3939,Item defective,Approved,499
2704,3216,Item defective,Picked Up,299
2705,2267,Quality not as expected,Picked Up,199
2706,64,Received duplicate item,Picked Up,1499
2707,2837,Product damaged,Refunded,299
2708,476,Wrong item delivered,Rejected,199
2709,369,Wrong item delivered,Rejected,1499
2710,1408,Product damaged,Refunded,1999
2711,3845,Product damaged,Requested,2999
2712,4242,Item defective,Rejected,199
2713,4549,Product damaged,Rejected,999
2714,941,Changed my mind,Approved,499
2715,1530,Item defective,Approved,499
2716,3727,Product damaged,Rejected,299
2717,486,Size issue,Approved,999
2718,1594,"Late delivery, no longer needed",Rejected,199
2719,1564,Wrong item delivered,Picked Up,299
2720,4610,Changed my mind,Rejected,499
2721,3543,Item defective,Picked Up,199
2722,4199,"Late delivery, no longer needed",Picked Up,2999
2723,2794,Wrong item delivered,Refunded,199
2724,4962,Product damaged,Approved,0
2725,693,Wrong item delivered,Picked Up,999
2726,4181,Changed my mind,Picked Up,299
2727,3971,Quality not as expected,Approved,1999
2728,1912,Changed my mind,Approved,499
2729,4759,Size issue,Requested,299
2730,2651,Wrong item delivered,Approved,299
2731,3761,Wrong item delivered,Requested,299
2732,1333,Wrong item delivered,Approved,999
2733,2752,Product damaged,Refunded,1499
2734,1604,Size issue,Approved,1999
2735,4583,"Late delivery, no longer needed",Requested,2999
2736,1792,Product damaged,Requested,2999
2737,4296,Changed my mind,Refunded,0
2738,1158,Wrong item delivered,Rejected,1999
2739,3164,Quality not as expected,Requested,0
2740,3489,Changed my mind,Refunded,3999
2741,3040,Changed my mind,Approved,1499
2742,3577,"Late delivery, no longer needed",Approved,499
2743,2850,Quality not as expected,Requested,1999
2744,1009,Wrong item delivered,Approved,999
2745,1309,Product damaged,Requested,499
2746,1035,Quality not as expected,Requested,0
2747,747,Changed my mind,Requested,999
2748,3927,Quality not as expected,Picked Up,0
2749,899,Quality not as expected,Rejected,1999
2750,3433,"Late delivery, no longer needed",Requested,1999
2751,2099,Changed my mind,Picked Up,1499
2752,536,Wrong item delivered,Picked Up,3999
2753,2141,"Late delivery, no longer needed",Approved,299
2754,4281,Item defective,Requested,0
2755,200,Received duplicate item,Approved,499
2756,4394,Size issue,Rejected,299
2757,2726,Received duplicate item,Requested,199
2758,3385,Quality not as expected,Requested,1999
2759,2178,Changed my mind,Refunded,3999
2760,3844,Product damaged,Requested,1999
2761,1599,Changed my mind,Picked Up,2999
2762,3148,Wrong item delivered,Refunded,299
2763,1914,Wrong item delivered,Requested,199
2764,486,Product damaged,Approved,1499
2765,4702,Received duplicate item,Requested,299
2766,2195,"Late delivery, no longer needed",Rejected,3999
2767,2114,Product damaged,Requested,3999
2768,4750,Product damaged,Approved,199
2769,891,Item defective,Approved,1499
2770,770,"Late delivery, no longer needed",Approved,499
2771,3392,Size issue,Rejected,3999
2772,1035,Changed my mind,Picked Up,1499
2773,1446,Size issue,Picked Up,199
2774,2234,Product damaged,Rejected,1499
2775,2899,Size issue,Refunded,999
2776,2771,"Late delivery, no longer needed",Picked Up,199
2777,2171,Item defective,Requested,1999
2778,4499,Size issue,Refunded,199
2779,3467,Item defective,Refunded,2999
2780,4942,Quality not as expected,Approved,999
2781,95,Product damaged,Refunded,1999
2782,1284,Changed my mind,Rejected,499
2783,2689,Quality not as expected,Refunded,999
2784,799,Item defective,Approved,2999
2785,2988,Item defective,Requested,499
2786,2011,Product damaged,Requested,199
2787,3123,Product damaged,Approved,0
2788,314,Product damaged,Refunded,499
2789,4889,Changed my mind,Refunded,3999
2790,1663,Size issue,Rejected,3999
2791,331,Received duplicate item,Picked Up,0
2792,3587,Quality not as expected,Refunded,1499
2793,4768,Size issue,Picked Up,1999
2794,1133,Product damaged,Refunded,2999
2795,515,Item defective,Approved,1499
2796,3857,Wrong item delivered,Rejected,2999
2797,4255,Wrong item delivered,Requested,3999
2798,4839,"Late delivery, no longer needed",Refunded,199
2799,658,Received duplicate item,Refunded,2999
2800,1104,Quality not as expected,Approved,2999
2801,3097,Item defective,Refunded,1999
2802,2621,Changed my mind,Rejected,299
2803,2553,Changed my mind,Refunded,499
2804,4887,Item defective,Picked Up,299
2805,4831,Size issue,Requested,199
2806,90,Product damaged,Picked Up,2999
2807,3753,Product damaged,Picked Up,1999
2808,4739,Changed my mind,Approved,499
2809,1274,Received duplicate item,Requested,199
2810,4192,Wrong item delivered,Rejected,999
2811,483,Quality not as expected,Picked Up,999
2812,4714,Size issue,Rejected,3999
2813,2887,Quality not as expected,Refunded,499
2814,87,Size issue,Requested,499
2815,4307,Received duplicate item,Refunded,1999
2816,2523,Received duplicate item,Refunded,2999
2817,1398,Product damaged,Picked Up,1499
2818,3746,Size issue,Refunded,2999
2819,2364,Changed my mind,Requested,199
2820,3856,Product damaged,Rejected,2999
2821,1231,Wrong item delivered,Requested,199
2822,311,Wrong item delivered,Requested,199
2823,3735,Changed my mind,Approved,3999
2824,4554,Product damaged,Requested,0
2825,4575,Quality not as expected,Requested,499
2826,4282,Item defective,Rejected,999
2827,1864,Quality not as expected,Rejected,0
2828,4714,Quality not as expected,Picked Up,0
2829,3624,Wrong item delivered,Picked Up,3999
2830,950,Item defective,Rejected,3999
2831,1450,Changed my mind,Requested,3999
2832,1514,Product damaged,Requested,199
2833,3062,Quality not as expected,Approved,299
2834,2895,Item defective,Requested,999
2835,4792,Received duplicate item,Refunded,1499
2836,2693,Wrong item delivered,Requested,1499
2837,2050,Product damaged,Rejected,499
2838,879,Quality not as expected,Approved,299
2839,4902,Wrong item delivered,Refunded,0
2840,3852,Size issue,Picked Up,2999
2841,3249,Received duplicate item,Rejected,499
2842,2752,Size issue,Approved,999
2843,3964,Size issue,Requested,1999
2844,1125,Changed my mind,Rejected,499
2845,2143,"Late delivery, no longer needed",Requested,2999
2846,2862,Product damaged,Requested,2999
2847,2997,Wrong item delivered,Picked Up,1999
2848,1657,Size issue,Picked Up,1499
2849,4953,Size issue,Rejected,199
2850,64,Product damaged,Approved,299
2851,2467,Quality not as expected,Rejected,199
2852,749,Product damaged,Approved,2999
2853,497,Changed my mind,Requested,299
2854,686,Changed my mind,Approved,1499
2855,2411,Wrong item delivered,Refunded,0
2856,342,Changed my mind,Refunded,499
2857,3363,Quality not as expected,Approved,0
2858,3163,Item defective,Picked Up,499
2859,2975,Received duplicate item,Requested,1499
2860,2442,Wrong item delivered,Rejected,999
2861,2055,Changed my mind,Requested,0
2862,2449,Item defective,Refunded,199
2863,2356,Received duplicate item,Approved,499
2864,4119,Received duplicate item,Requested,3999
2865,3417,Received duplicate item,Requested,1999
2866,2218,Changed my mind,Approved,0
2867,2417,"Late delivery, no longer needed",Approved,1499
2868,1615,Quality not as expected,Approved,999
2869,1194,Size issue,Requested,499
2870,2257,Wrong item delivered,Approved,499
2871,1602,Size issue,Approved,199
2872,940,Received duplicate item,Picked Up,1999
2873,4386,Received duplicate item,Requested,499
2874,1178,Size issue,Picked Up,499
2875,3108,Size issue,Approved,0
2876,3020,Quality not as expected,Refunded,499
2877,641,Received duplicate item,Rejected,1499
2878,2792,Size issue,Requested,499
2879,3688,Wrong item delivered,Rejected,499
2880,1060,Size issue,Requested,499
2881,1781,Product damaged,Requested,3999
2882,4149,Product damaged,Picked Up,299
2883,755,Changed my mind,Picked Up,1499
2884,3634,Item defective,Requested,0
2885,3351,Changed my mind,Requested,0
2886,868,Item defective,Refunded,1499
2887,1830,Changed my mind,Approved,3999
2888,2252,Received duplicate item,Picked Up,999
2889,3730,Quality not as expected,Approved,2999
2890,1603,"Late delivery, no longer needed",Rejected,2999
2891,2432,Wrong item delivered,Rejected,199
2892,3728,Received duplicate item,Picked Up,3999
2893,774,Item defective,Rejected,1999
2894,4329,Size issue,Refunded,0
2895,2377,Quality not as expected,Refunded,199
2896,3242,Item defective,Rejected,2999
2897,1147,Changed my mind,Rejected,199
2898,3945,Item defective,Approved,0
2899,1922,"Late delivery, no longer needed",Rejected,499
2900,485,Changed my mind,Picked Up,1999
2901,863,Changed my mind,Picked Up,1999
2902,4374,Wrong item delivered,Picked Up,999
2903,2865,Changed my mind,Picked Up,1999
2904,1405,Changed my mind,Picked Up,299
2905,3678,Product damaged,Requested,1999
2906,664,Wrong item delivered,Refunded,299
2907,2963,Size issue,Refunded,3999
2908,4244,Quality not as expected,Approved,3999
2909,3717,Received duplicate item,Requested,999
2910,4097,Quality not as expected,Requested,299
2911,3577,Received duplicate item,Requested,199
2912,1525,Quality not as expected,Approved,299
2913,3105,Quality not as expected,Approved,299
2914,806,Quality not as expected,Requested,499
2915,2381,Changed my mind,Picked Up,999
2916,2863,Changed my mind,Refunded,2999
2917,299,Received duplicate item,Refunded,3999
2918,4287,Quality not as expected,Rejected,1499
2919,599,Product damaged,Refunded,299
2920,4805,Changed my mind,Refunded,299
2921,825,Item defective,Approved,1999
2922,1353,Item defective,Refunded,1999
2923,4775,Item defective,Rejected,2999
2924,217,Item defective,Rejected,0
2925,3705,Size issue,Requested,1999
2926,1841,Changed my mind,Refunded,999
2927,111,Quality not as expected,Rejected,0
2928,2811,Changed my mind,Picked Up,2999
2929,1111,Item defective,Picked Up,199
2930,3527,Size issue,Picked Up,3999
2931,575,Received duplicate item,Picked Up,2999
2932,1021,Wrong item delivered,Approved,499
2933,2312,Item defective,Requested,1999
2934,21,Received duplicate item,Rejected,999
2935,4575,Size issue,Approved,1499
2936,4745,Wrong item delivered,Picked Up,3999
2937,1797,Received duplicate item,Requested,0
2938,527,Quality not as expected,Requested,0
2939,3794,"Late delivery, no longer needed",Rejected,3999
2940,808,Changed my mind,Approved,0
2941,3283,Quality not as expected,Refunded,999
2942,4236,Quality not as expected,Rejected,1499
2943,871,"Late delivery, no longer needed",Rejected,2999
2944,3838,Product damaged,Refunded,299
2945,955,Quality not as expected,Approved,1999
2946,3499,Changed my mind,Approved,999
2947,1275,Quality not as expected,Picked Up,299
2948,4360,Item defective,Refunded,999
2949,2111,Quality not as expected,Approved,1499
2950,3311,Product damaged,Requested,499
2951,2915,Item defective,Picked Up,299
2952,1724,Size issue,Rejected,499
2953,4539,Changed my mind,Picked Up,2999
2954,869,Product damaged,Requested,1499
2955,1182,Received duplicate item,Requested,0
2956,4180,Changed my mind,Picked Up,299
2957,3595,Wrong item delivered,Rejected,499
2958,1605,Wrong item delivered,Refunded,199
2959,2191,Changed my mind,Requested,199
2960,1000,Wrong item delivered,Approved,2999
2961,2176,Product damaged,Refunded,1999
2962,3399,Item defective,Rejected,1499
2963,3260,"Late delivery, no longer needed",Rejected,499
2964,3959,Product damaged,Rejected,999
2965,1696,Item defective,Picked Up,199
2966,392,Quality not as expected,Picked Up,499
2967,4215,Size issue,Requested,1999
2968,4145,Changed my mind,Refunded,1499
2969,2626,Product damaged,Requested,1999
2970,4964,Item defective,Requested,3999
2971,3954,Changed my mind,Refunded,3999
2972,4698,"Late delivery, no longer needed",Picked Up,299
2973,1036,Size issue,Picked Up,499
2974,1030,Item defective,Approved,299
2975,3995,Wrong item delivered,Approved,299
2976,2444,"Late delivery, no longer needed",Requested,999
2977,2718,Size issue,Rejected,499
2978,4396,Size issue,Rejected,1499
2979,782,"Late delivery, no longer needed",Picked Up,999
2980,2449,Received duplicate item,Rejected,3999
2981,158,Received duplicate item,Approved,499
2982,4780,Wrong item delivered,Approved,299
2983,698,Quality not as expected,Requested,499
2984,3746,Changed my mind,Rejected,3999
2985,4705,Quality not as expected,Rejected,999
2986,4735,Received duplicate item,Rejected,999
2987,4870,Changed my mind,Refunded,3999
2988,4342,Quality not as expected,Rejected,1999
2989,3076,Received duplicate item,Requested,1499
2990,3318,Item defective,Picked Up,499
2991,3272,Quality not as expected,Rejected,199
2992,1413,Quality not as expected,Approved,1999
2993,4784,"Late delivery, no longer needed",Requested,1999
2994,1104,"Late delivery, no longer needed",Requested,0
2995,1428,Wrong item delivered,Approved,499
2996,4304,"Late delivery, no longer needed",Rejected,3999
2997,2791,Product damaged,Approved,299
2998,3834,Item defective,Requested,1499
2999,3872,Product damaged,Picked Up,1999
3000,1968,Changed my mind,Refunded,3999
3001,3990,Item defective,Picked Up,2999
3002,2937,Size issue,Approved,299
3003,2534,"Late delivery, no longer needed",Requested,1999
3004,2569,Quality not as expected,Approved,199
3005,1741,Size issue,Approved,2999
3006,1899,Item defective,Picked Up,199
3007,917,Quality not as expected,Approved,199
3008,2040,Item defective,Refunded,3999
3009,389,Wrong item delivered,Approved,0
3010,264,Changed my mind,Requested,199
3011,2938,Changed my mind,Rejected,199
3012,2692,Product damaged,Approved,999
3013,3518,Item defective,Picked Up,499
3014,1292,Size issue,Picked Up,299
3015,246,Wrong item delivered,Approved,1499
3016,1102,Size issue,Refunded,499
3017,4756,Product damaged,Rejected,1499
3018,501,Product damaged,Approved,1999
3019,1136,"Late delivery, no longer needed",Picked Up,999
3020,204,Changed my mind,Picked Up,1999
3021,1513,Item defective,Refunded,499
3022,3543,Wrong item delivered,Picked Up,0
3023,1732,Wrong item delivered,Picked Up,1499
3024,3126,Wrong item delivered,Refunded,999
3025,2990,Size issue,Requested,3999
3026,44,Quality not as expected,Rejected,299
3027,241,Changed my mind,Refunded,299
3028,1536,Item defective,Requested,299
3029,1746,Received duplicate item,Refunded,1999
3030,2003,Wrong item delivered,Rejected,299
3031,3862,Item defective,Picked Up,299
3032,4967,"Late delivery, no longer needed",Refunded,299
3033,2574,Product damaged,Requested,3999
3034,4498,Size issue,Picked Up,199
3035,534,Size issue,Picked Up,199
3036,884,Product damaged,Requested,2999
3037,3928,Quality not as expected,Requested,999
3038,1691,Item defective,Requested,1499
3039,896,Received duplicate item,Approved,1999
3040,1786,Product damaged,Approved,0
3041,2331,Received duplicate item,Rejected,0
3042,2352,"Late delivery, no longer needed",Refunded,199
3043,2868,Wrong item delivered,Rejected,1499
3044,3093,Changed my mind,Rejected,299
3045,1225,Product damaged,Refunded,199
3046,1264,Wrong item delivered,Picked Up,999
3047,2389,Quality not as expected,Approved,199
3048,218,Product damaged,Rejected,1999
3049,2724,Size issue,Picked Up,0
3050,3943,Size issue,Rejected,299
3051,1578,Item defective,Refunded,299
3052,3695,Product damaged,Approved,999
3053,3150,Wrong item delivered,Picked Up,499
3054,3898,Size issue,Rejected,1499
3055,875,Changed my mind,Picked Up,3999
3056,2456,Quality not as expected,Picked Up,0
3057,807,Product damaged,Rejected,199
3058,4768,Wrong item delivered,Requested,499
3059,1651,Item defective,Requested,0
3060,951,Received duplicate item,Approved,1499
3061,2911,Changed my mind,Approved,299
3062,3802,Received duplicate item,Rejected,499
3063,1973,Wrong item delivered,Refunded,299
3064,1684,Product damaged,Rejected,299
3065,4913,Received duplicate item,Approved,299
3066,1385,Quality not as expected,Requested,199
3067,1829,Size issue,Requested,1499
3068,4820,Item defective,Requested,299
3069,3948,Changed my mind,Requested,499
3070,3471,Size issue,Approved,2999
3071,4389,Item defective,Rejected,199
3072,92,Changed my mind,Refunded,0
3073,4168,Product damaged,Approved,499
3074,3517,Received duplicate item,Rejected,1999
3075,3277,Quality not as expected,Picked Up,999
3076,3055,Quality not as expected,Requested,999
3077,2735,"Late delivery, no longer needed",Picked Up,299
3078,1954,Received duplicate item,Requested,2999
3079,3395,"Late delivery, no longer needed",Approved,0
3080,3301,"Late delivery, no longer needed",Rejected,0
3081,262,Product damaged,Rejected,3999
3082,1474,Changed my mind,Rejected,1499
3083,2564,Quality not as expected,Rejected,2999
3084,2,Wrong item delivered,Refunded,199
3085,3623,Wrong item delivered,Requested,199
3086,4329,Wrong item delivered,Rejected,299
3087,1720,"Late delivery, no longer needed",Rejected,299
3088,903,Quality not as expected,Refunded,499
3089,838,Quality not as expected,Picked Up,1499
3090,4223,Product damaged,Rejected,1499
3091,1857,Wrong item delivered,Refunded,499
3092,3661,Wrong item delivered,Approved,1999
3093,3727,"Late delivery, no longer needed",Requested,199
3094,130,Size issue,Picked Up,3999
3095,3563,Wrong item delivered,Refunded,299
3096,2594,Received duplicate item,Approved,0
3097,523,"Late delivery, no longer needed",Refunded,1499
3098,2552,Received duplicate item,Refunded,299
3099,2348,Size issue,Picked Up,299
3100,1666,Item defective,Requested,0
3101,4947,Received duplicate item,Requested,3999
3102,2636,"Late delivery, no longer needed",Refunded,1499
3103,876,Item defective,Requested,1999
3104,469,Changed my mind,Rejected,2999
3105,176,Product damaged,Picked Up,3999
3106,2642,Quality not as expected,Requested,0
3107,3269,Wrong item delivered,Picked Up,2999
3108,2915,Size issue,Refunded,1499
3109,2069,Wrong item delivered,Approved,199
3110,1114,Size issue,Rejected,499
3111,2311,Size issue,Picked Up,499
3112,3201,"Late delivery, no longer needed",Picked Up,199
3113,3190,Quality not as expected,Refunded,299
3114,2381,Quality not as expected,Rejected,1499
3115,1662,Wrong item delivered,Requested,299
3116,2081,Product damaged,Approved,2999
3117,4212,Changed my mind,Approved,2999
3118,587,"Late delivery, no longer needed",Approved,299
3119,4052,Received duplicate item,Requested,199
3120,2253,"Late delivery, no longer needed",Rejected,0
3121,422,Product damaged,Requested,299
3122,3482,Received duplicate item,Approved,299
3123,1655,Wrong item delivered,Approved,499
3124,251,Quality not as expected,Approved,2999
3125,4665,"Late delivery, no longer needed",Requested,199
3126,2426,Item defective,Approved,499
3127,1566,Size issue,Approved,999
3128,4343,Product damaged,Requested,1999
3129,4241,Quality not as expected,Picked Up,0
3130,3256,Received duplicate item,Refunded,999
3131,3859,Size issue,Requested,1999
3132,2802,Product damaged,Approved,1999
3133,2629,Size issue,Refunded,1999
3134,1049,Quality not as expected,Approved,999
3135,1457,Item defective,Requested,299
3136,639,Product damaged,Rejected,0
3137,1204,Received duplicate item,Picked Up,1999
3138,2160,Changed my mind,Approved,199
3139,4491,Changed my mind,Rejected,299
3140,1393,Product damaged,Requested,999
3141,2474,Wrong item delivered,Picked Up,0
3142,1874,Changed my mind,Requested,299
3143,2839,Changed my mind,Rejected,3999
3144,4669,Changed my mind,Approved,299
3145,2498,Product damaged,Approved,2999
3146,3152,Size issue,Refunded,199
3147,3734,Wrong item delivered,Picked Up,0
3148,213,Received duplicate item,Picked Up,1999
3149,2750,Size issue,Picked Up,2999
3150,3646,Received duplicate item,Picked Up,499
3151,2393,Item defective,Refunded,499
3152,1987,Size issue,Rejected,199
3153,4179,Quality not as expected,Requested,299
3154,4339,"Late delivery, no longer needed",Refunded,0
3155,1957,Quality not as expected,Refunded,1999
3156,3531,Size issue,Rejected,0
3157,586,Received duplicate item,Picked Up,2999
3158,2515,"Late delivery, no longer needed",Requested,3999
3159,3166,"Late delivery, no longer needed",Refunded,3999
3160,1554,"Late delivery, no longer needed",Picked Up,2999
3161,4689,Received duplicate item,Picked Up,0
3162,425,"Late delivery, no longer needed",Requested,299
3163,1667,Changed my mind,Approved,1499
3164,4416,"Late delivery, no longer needed",Rejected,2999
3165,756,Received duplicate item,Refunded,199
3166,2134,Changed my mind,Refunded,999
3167,2661,Wrong item delivered,Rejected,3999
3168,4105,Product damaged,Approved,299
3169,2142,"Late delivery, no longer needed",Rejected,1499
3170,1438,Product damaged,Refunded,299
3171,4148,Changed my mind,Approved,1999
3172,4331,Changed my mind,Requested,499
3173,927,Changed my mind,Picked Up,3999
3174,3261,"Late delivery, no longer needed",Picked Up,1999
3175,2082,Product damaged,Picked Up,499
3176,1995,Product damaged,Approved,499
3177,2358,Received duplicate item,Refunded,499
3178,2104,Quality not as expected,Approved,999
3179,1088,Wrong item delivered,Refunded,299
3180,1001,Quality not as expected,Rejected,1999
3181,1139,Item defective,Approved,999
3182,868,"Late delivery, no longer needed",Refunded,999
3183,2219,Quality not as expected,Rejected,199
3184,3922,Quality not as expected,Refunded,3999
3185,1632,Product damaged,Refunded,199
3186,2334,Size issue,Approved,0
3187,1685,Quality not as expected,Picked Up,299
3188,338,Quality not as expected,Refunded,3999
3189,1129,Item defective,Refunded,2999
3190,3883,Quality not as expected,Requested,199
3191,4397,Quality not as expected,Picked Up,999
3192,1047,Received duplicate item,Requested,299
3193,3528,Changed my mind,Approved,1999
3194,1486,Quality not as expected,Approved,3999
3195,198,Wrong item delivered,Rejected,1499
3196,2460,"Late delivery, no longer needed",Requested,1999
3197,104,"Late delivery, no longer needed",Rejected,0
3198,2292,Wrong item delivered,Approved,299
3199,2939,Wrong item delivered,Picked Up,1499
3200,4377,Product damaged,Requested,499
3201,1032,Product damaged,Requested,0
3202,3993,Size issue,Refunded,2999
3203,115,Changed my mind,Picked Up,299
3204,3372,Item defective,Picked Up,999
3205,4033,Quality not as expected,Approved,999
3206,2904,Changed my mind,Requested,3999
3207,3976,"Late delivery, no longer needed",Picked Up,499
3208,2580,Received duplicate item,Rejected,1499
3209,1768,Size issue,Requested,3999
3210,3137,Wrong item delivered,Approved,299
3211,898,Wrong item delivered,Refunded,499
3212,1265,Quality not as expected,Approved,199
3213,2159,Size issue,Requested,1499
3214,675,Changed my mind,Refunded,499
3215,880,Size issue,Approved,299
3216,1070,Changed my mind,Rejected,499
3217,551,Item defective,Requested,0
3218,4007,Changed my mind,Requested,1499
3219,4977,Changed my mind,Refunded,2999
3220,2699,Item defective,Refunded,199
3221,698,Product damaged,Rejected,1499
3222,1136,Wrong item delivered,Picked Up,3999
3223,1120,Size issue,Picked Up,499
3224,2446,Product damaged,Approved,0
3225,1187,Item defective,Requested,0
3226,287,Item defective,Picked Up,199
3227,4490,Product damaged,Picked Up,1499
3228,3320,Size issue,Requested,1499
3229,2698,Wrong item delivered,Rejected,1999
3230,3479,Size issue,Picked Up,299
3231,368,Quality not as expected,Refunded,1499
3232,1234,"Late delivery, no longer needed",Requested,1999
3233,256,Item defective,Requested,999
3234,2046,Received duplicate item,Approved,199
3235,3333,Wrong item delivered,Requested,1499
3236,2407,"Late delivery, no longer needed",Picked Up,999
3237,2438,Size issue,Picked Up,299
3238,3189,Changed my mind,Requested,2999
3239,2294,Changed my mind,Requested,1499
3240,1223,Changed my mind,Picked Up,2999
3241,2456,"Late delivery, no longer needed",Picked Up,1999
3242,96,Received duplicate item,Approved,1499
3243,2986,"Late delivery, no longer needed",Approved,299
3244,2111,Received duplicate item,Picked Up,0
3245,1115,Product damaged,Rejected,2999
3246,326,Changed my mind,Picked Up,1499
3247,2323,Wrong item delivered,Requested,199
3248,3964,Size issue,Requested,1999
3249,1911,Quality not as expected,Refunded,499
3250,3159,"Late delivery, no longer needed",Requested,499
3251,3733,Item defective,Refunded,199
3252,2901,Product damaged,Refunded,2999
3253,3524,Wrong item delivered,Picked Up,3999
3254,1196,Product damaged,Requested,0
3255,290,Product damaged,Refunded,199
3256,2277,Wrong item delivered,Requested,0
3257,3741,Product damaged,Picked Up,2999
3258,4593,Quality not as expected,Requested,999
3259,2042,Size issue,Requested,299
3260,3749,Item defective,Rejected,2999
3261,3328,Received duplicate item,Requested,2999
3262,2119,"Late delivery, no longer needed",Approved,199
3263,4619,Received duplicate item,Picked Up,199
3264,3769,Changed my mind,Refunded,299
3265,3730,"Late delivery, no longer needed",Refunded,0
3266,1724,Size issue,Refunded,2999
3267,4010,Product damaged,Requested,199
3268,2650,Wrong item delivered,Picked Up,0
3269,3823,Received duplicate item,Refunded,2999
3270,4168,Changed my mind,Refunded,1999
3271,796,Wrong item delivered,Picked Up,1499
3272,1606,Wrong item delivered,Picked Up,199
3273,2053,Quality not as expected,Requested,199
3274,1232,Changed my mind,Picked Up,999
3275,2949,Changed my mind,Rejected,3999
3276,253,Quality not as expected,Requested,499
3277,1930,Changed my mind,Requested,2999
3278,2117,Product damaged,Approved,199
3279,582,Size issue,Rejected,999
3280,4501,Item defective,Picked Up,199
3281,3680,Item defective,Refunded,3999
3282,1292,Wrong item delivered,Picked Up,999
3283,2755,Received duplicate item,Requested,1499
3284,4645,Size issue,Approved,499
3285,2950,Received duplicate item,Approved,199
3286,2413,Quality not as expected,Refunded,299
3287,2901,Quality not as expected,Picked Up,1999
3288,2508,"Late delivery, no longer needed",Approved,0
3289,387,"Late delivery, no longer needed",Rejected,2999
3290,3682,Product damaged,Refunded,299
3291,451,Size issue,Refunded,1999
3292,1339,Quality not as expected,Requested,1499
3293,4079,Product damaged,Requested,999
3294,1384,"Late delivery, no longer needed",Refunded,999
3295,2201,Quality not as expected,Requested,999
3296,4320,Received duplicate item,Picked Up,2999
3297,439,Item defective,Rejected,1499
3298,2281,Item defective,Picked Up,199
3299,1342,Received duplicate item,Picked Up,2999
3300,4660,"Late delivery, no longer needed",Approved,2999
3301,3010,Quality not as expected,Picked Up,0
3302,370,Quality not as expected,Refunded,1499
3303,4311,Item defective,Picked Up,1499
3304,2756,Quality not as expected,Approved,199
3305,1200,"Late delivery, no longer needed",Approved,999
3306,4803,Quality not as expected,Requested,1999
3307,3445,Received duplicate item,Rejected,1499
3308,4687,Quality not as expected,Requested,3999
3309,4500,Product damaged,Picked Up,3999
3310,554,Wrong item delivered,Requested,0
3311,1681,Product damaged,Approved,299
3312,3207,Product damaged,Picked Up,299
3313,1177,Size issue,Rejected,3999
3314,3380,Changed my mind,Rejected,1499
3315,4152,Changed my mind,Approved,3999
3316,3931,Size issue,Requested,1999
3317,1859,Received duplicate item,Rejected,999
3318,3368,Wrong item delivered,Requested,2999
3319,68,Wrong item delivered,Approved,499
3320,2711,Product damaged,Picked Up,2999
3321,2253,Wrong item delivered,Picked Up,1999
3322,3135,Product damaged,Picked Up,1499
3323,2025,Item defective,Rejected,2999
3324,254,Received duplicate item,Picked Up,499
3325,3486,Wrong item delivered,Picked Up,999
3326,1297,Wrong item delivered,Rejected,2999
3327,980,Wrong item delivered,Refunded,3999
3328,2005,Product damaged,Picked Up,2999
3329,1320,Product damaged,Approved,1999
3330,4488,Wrong item delivered,Rejected,3999
3331,3901,Wrong item delivered,Picked Up,499
3332,1075,Item defective,Rejected,1499
3333,1153,Item defective,Picked Up,299
3334,3651,Item defective,Approved,1499
3335,4229,Product damaged,Picked Up,999
3336,207,Product damaged,Rejected,0
3337,1763,Size issue,Requested,0
3338,1499,Changed my mind,Picked Up,1999
3339,4502,Product damaged,Requested,499
3340,3849,Product damaged,Refunded,199
3341,4957,Item defective,Rejected,299
3342,4393,Quality not as expected,Picked Up,199
3343,1224,Quality not as expected,Requested,2999
3344,2373,"Late delivery, no longer needed",Rejected,3999
3345,2772,Received duplicate item,Approved,2999
3346,1857,Item defective,Requested,1999
3347,3607,Received duplicate item,Rejected,499
3348,2016,"Late delivery, no longer needed",Requested,499
3349,770,Size issue,Picked Up,499
3350,1893,Item defective,Requested,199
3351,3522,Product damaged,Picked Up,499
3352,4031,Item defective,Refunded,3999
3353,1870,Changed my mind,Picked Up,1999
3354,1082,Changed my mind,Approved,0
3355,999,Item defective,Refunded,1499
3356,4620,Changed my mind,Rejected,499
3357,3758,Wrong item delivered,Picked Up,3999
3358,844,Size issue,Requested,199
3359,4374,Quality not as expected,Approved,1499
3360,3954,Item defective,Requested,2999
3361,1308,"Late delivery, no longer needed",Rejected,1999
3362,1882,Wrong item delivered,Rejected,1499
3363,1613,Item defective,Rejected,0
3364,2268,Product damaged,Requested,1499
3365,2405,Product damaged,Rejected,999
3366,278,Item defective,Approved,0
3367,1197,Size issue,Rejected,999
3368,1277,Received duplicate item,Picked Up,999
3369,3271,Changed my mind,Refunded,3999
3370,3205,Item defective,Approved,1999
3371,2001,Wrong item delivered,Approved,3999
3372,328,Product damaged,Rejected,199
3373,4776,Quality not as expected,Approved,3999
3374,169,Size issue,Picked Up,499
3375,333,Changed my mind,Approved,2999
3376,1686,Received duplicate item,Picked Up,0
3377,688,Changed my mind,Refunded,499
3378,3220,Product damaged,Rejected,999
3379,712,Changed my mind,Picked Up,1499
3380,4384,Received duplicate item,Picked Up,1999
3381,4424,Item defective,Refunded,1499
3382,4825,Received duplicate item,Requested,2999
3383,4433,Item defective,Approved,199
3384,388,Quality not as expected,Requested,2999
3385,1833,Item defective,Rejected,499
3386,977,Size issue,Refunded,299
3387,2241,Changed my mind,Rejected,299
3388,4791,Received duplicate item,Requested,999
3389,2105,Size issue,Approved,499
3390,2093,Changed my mind,Rejected,999
3391,3279,Item defective,Requested,2999
3392,3726,"Late delivery, no longer needed",Rejected,999
3393,727,Quality not as expected,Approved,1499
3394,1267,Item defective,Requested,1999
3395,4828,Changed my mind,Requested,3999
3396,3932,Size issue,Refunded,2999
3397,1623,Wrong item delivered,Approved,2999
3398,4380,Product damaged,Refunded,0
3399,3546,Changed my mind,Requested,299
3400,4554,Changed my mind,Rejected,1999
3401,1730,Item defective,Rejected,0
3402,1311,Item defective,Picked Up,999
3403,2554,Product damaged,Rejected,199
3404,321,Item defective,Requested,2999
3405,795,Quality not as expected,Approved,1999
3406,1871,Size issue,Refunded,199
3407,1764,Wrong item delivered,Rejected,3999
3408,78,"Late delivery, no longer needed",Picked Up,0
3409,3729,Product damaged,Picked Up,499
3410,4609,Quality not as expected,Rejected,3999
3411,2670,Product damaged,Picked Up,499
3412,4080,Product damaged,Approved,299
3413,561,Received duplicate item,Picked Up,3999
3414,4647,Wrong item delivered,Refunded,499
3415,2412,Item defective,Requested,0
3416,3390,Quality not as expected,Requested,499
3417,41,Received duplicate item,Approved,1999
3418,450,Item defective,Refunded,299
3419,3813,Item defective,Refunded,1499
3420,1421,Changed my mind,Picked Up,499
3421,701,Wrong item delivered,Refunded,0
3422,1341,Item defective,Refunded,0
3423,2902,Size issue,Refunded,999
3424,855,Item defective,Rejected,1999
3425,4597,Product damaged,Approved,199
3426,2333,Wrong item delivered,Approved,199
3427,2097,Quality not as expected,Requested,1999
3428,1312,Received duplicate item,Refunded,1999
3429,88,Item defective,Requested,199
3430,4017,Product damaged,Rejected,1999
3431,1049,Item defective,Refunded,1999
3432,1554,Received duplicate item,Picked Up,1499
3433,2758,Size issue,Refunded,499
3434,4176,Size issue,Requested,0
3435,891,Received duplicate item,Requested,2999
3436,2167,Quality not as expected,Requested,299
3437,839,Changed my mind,Rejected,3999
3438,2591,Received duplicate item,Rejected,0
3439,1647,Size issue,Picked Up,299
3440,3987,Quality not as expected,Rejected,1499
3441,1120,Product damaged,Approved,3999
3442,804,Changed my mind,Picked Up,3999
3443,3982,Received duplicate item,Requested,1499
3444,2057,Received duplicate item,Rejected,1999
3445,1082,Size issue,Refunded,999
3446,587,Size issue,Picked Up,3999
3447,1281,Received duplicate item,Rejected,0
3448,295,Received duplicate item,Requested,1999
3449,3299,Received duplicate item,Approved,499
3450,2211,Product damaged,Requested,2999
3451,4531,Received duplicate item,Rejected,3999
3452,1266,Item defective,Refunded,1999
3453,488,"Late delivery, no longer needed",Refunded,3999
3454,608,Product damaged,Approved,1499
3455,3388,"Late delivery, no longer needed",Refunded,1999
3456,4670,Size issue,Rejected,199
3457,3293,Item defective,Refunded,199
3458,4708,Quality not as expected,Rejected,0
3459,2937,Quality not as expected,Rejected,1999
3460,327,Product damaged,Picked Up,1499
3461,3459,Product damaged,Picked Up,1999
3462,127,Product damaged,Rejected,2999
3463,2216,Received duplicate item,Requested,999
3464,2351,Changed my mind,Requested,299
3465,699,Item defective,Rejected,999
3466,2274,Received duplicate item,Approved,499
3467,4255,Received duplicate item,Rejected,0
3468,3934,"Late delivery, no longer needed",Rejected,499
3469,570,Received duplicate item,Requested,0
3470,4886,Item defective,Approved,1499
3471,4497,"Late delivery, no longer needed",Refunded,3999
3472,4001,Product damaged,Requested,999
3473,756,Quality not as expected,Refunded,0
3474,799,Changed my mind,Requested,1999
3475,846,Item defective,Picked Up,0
3476,4222,Product damaged,Refunded,0
3477,3151,Product damaged,Requested,499
3478,2115,Size issue,Approved,0
3479,3329,Received duplicate item,Rejected,1499
3480,510,Received duplicate item,Refunded,3999
3481,1281,Quality not as expected,Approved,999
3482,4089,Size issue,Refunded,2999
3483,2422,Item defective,Requested,1999
3484,1580,Wrong item delivered,Refunded,999
3485,3584,Product damaged,Refunded,999
3486,1382,Quality not as expected,Picked Up,0
3487,2761,Changed my mind,Requested,3999
3488,4374,Changed my mind,Refunded,2999
3489,191,Product damaged,Requested,499
3490,2674,"Late delivery, no longer needed",Picked Up,1999
3491,2827,Size issue,Refunded,3999
3492,704,Item defective,Rejected,0
3493,2905,Item defective,Rejected,1499
3494,4629,Received duplicate item,Approved,0
3495,1286,Received duplicate item,Picked Up,1999
3496,268,Wrong item delivered,Requested,3999
3497,1117,Quality not as expected,Approved,3999
3498,340,Item defective,Refunded,3999
3499,2817,Received duplicate item,Picked Up,499
3500,4286,Item defective,Refunded,3999
3501,129,Product damaged,Picked Up,3999
3502,4818,Received duplicate item,Picked Up,499
3503,2225,Received duplicate item,Approved,2999
3504,2175,Item defective,Requested,1999
3505,4830,"Late delivery, no longer needed",Refunded,0
3506,2204,Item defective,Rejected,199
3507,551,Received duplicate item,Picked Up,199
3508,939,Received duplicate item,Picked Up,499
3509,2233,Size issue,Refunded,3999
3510,4354,Quality not as expected,Picked Up,999
3511,607,Received duplicate item,Picked Up,0
3512,2551,Product damaged,Refunded,2999
3513,4247,Wrong item delivered,Requested,1499
3514,373,Quality not as expected,Approved,199
3515,4060,Quality not as expected,Approved,2999
3516,911,Quality not as expected,Picked Up,0
3517,4159,Item defective,Approved,499
3518,1697,"Late delivery, no longer needed",Picked Up,199
3519,2176,Wrong item delivered,Approved,999
3520,752,Wrong item delivered,Rejected,2999
3521,3883,Size issue,Refunded,2999
3522,1155,Size issue,Refunded,1999
3523,2616,Item defective,Picked Up,499
3524,15,Item defective,Rejected,3999
3525,1070,Received duplicate item,Requested,299
3526,2198,Received duplicate item,Picked Up,0
3527,3051,Quality not as expected,Refunded,1999
3528,871,Quality not as expected,Refunded,2999
3529,328,Item defective,Refunded,199
3530,4015,Received duplicate item,Picked Up,2999
3531,1645,Size issue,Requested,0
3532,208,Received duplicate item,Rejected,1499
3533,2346,Wrong item delivered,Picked Up,2999
3534,2228,Item defective,Approved,999
3535,2504,Wrong item delivered,Refunded,199
3536,3202,Size issue,Requested,499
3537,13,Size issue,Approved,1999
3538,1924,Changed my mind,Picked Up,199
3539,1581,Wrong item delivered,Requested,499
3540,4650,Received duplicate item,Refunded,1999
3541,1341,Quality not as expected,Rejected,0
3542,380,Item defective,Requested,299
3543,4763,Changed my mind,Requested,999
3544,1914,Size issue,Picked Up,499
3545,506,Product damaged,Approved,199
3546,1102,Size issue,Requested,0
3547,117,Size issue,Picked Up,999
3548,2373,Size issue,Refunded,499
3549,2451,Size issue,Picked Up,0
3550,1473,"Late delivery, no longer needed",Picked Up,2999
3551,1660,Size issue,Refunded,199
3552,3801,Item defective,Approved,2999
3553,193,Received duplicate item,Picked Up,1499
3554,1048,Size issue,Approved,1999
3555,3472,Received duplicate item,Approved,199
3556,3050,"Late delivery, no longer needed",Picked Up,299
3557,108,Changed my mind,Picked Up,2999
3558,4938,Size issue,Approved,2999
3559,2068,"Late delivery, no longer needed",Requested,499
3560,4557,Product damaged,Refunded,499
3561,437,Size issue,Refunded,199
3562,4564,Item defective,Refunded,1999
3563,1216,Changed my mind,Approved,499
3564,4303,Wrong item delivered,Rejected,1999
3565,2573,Changed my mind,Refunded,999
3566,36,Wrong item delivered,Rejected,999
3567,1872,Changed my mind,Refunded,299
3568,2905,Size issue,Refunded,499
3569,196,Product damaged,Approved,999
3570,1838,Changed my mind,Approved,2999
3571,3058,Changed my mind,Rejected,0
3572,1413,Product damaged,Picked Up,999
3573,1278,Received duplicate item,Requested,3999
3574,4541,Size issue,Picked Up,999
3575,3042,Received duplicate item,Picked Up,1999
3576,4349,Item defective,Requested,2999
3577,3620,Quality not as expected,Approved,499
3578,3859,Quality not as expected,Refunded,199
3579,4491,Size issue,Rejected,1499
3580,3226,Received duplicate item,Rejected,199
3581,1662,Product damaged,Picked Up,199
3582,449,Received duplicate item,Rejected,1499
3583,1537,Size issue,Picked Up,2999
3584,2291,Item defective,Refunded,199
3585,541,Item defective,Refunded,1999
3586,199,"Late delivery, no longer needed",Picked Up,199
3587,2260,Changed my mind,Refunded,2999
3588,235,Item defective,Refunded,199
3589,3802,Size issue,Picked Up,999
3590,4588,Wrong item delivered,Picked Up,499
3591,1274,Size issue,Requested,0
3592,88,Item defective,Approved,3999
3593,4023,Size issue,Requested,1999
3594,4973,Changed my mind,Picked Up,999
3595,3207,Received duplicate item,Approved,0
3596,3337,Quality not as expected,Approved,2999
3597,3626,Item defective,Rejected,499
3598,3593,Item defective,Approved,1499
3599,2132,Received duplicate item,Rejected,199
3600,1307,Item defective,Picked Up,3999
3601,646,Size issue,Picked Up,1999
3602,4251,Changed my mind,Rejected,3999
3603,3258,Changed my mind,Approved,1999
3604,4436,Quality not as expected,Refunded,999
3605,1285,Item defective,Approved,499
3606,3739,Product damaged,Approved,199
3607,1638,"Late delivery, no longer needed",Approved,499
3608,1714,Quality not as expected,Picked Up,499
3609,963,Quality not as expected,Refunded,499
3610,2064,Wrong item delivered,Requested,0
3611,112,Item defective,Picked Up,2999
3612,3551,Received duplicate item,Requested,0
3613,787,Quality not as expected,Requested,0
3614,736,Wrong item delivered,Picked Up,1999
3615,3160,Product damaged,Picked Up,1499
3616,3552,Product damaged,Picked Up,3999
3617,2553,Product damaged,Rejected,3999
3618,1850,"Late delivery, no longer needed",Requested,0
3619,2679,Item defective,Approved,299
3620,3438,Changed my mind,Approved,299
3621,3358,Received duplicate item,Rejected,199
3622,991,Product damaged,Rejected,199
3623,1429,Wrong item delivered,Picked Up,1499
3624,797,Size issue,Refunded,0
3625,1449,Item defective,Approved,0
3626,4426,Product damaged,Picked Up,0
3627,1970,Item defective,Picked Up,299
3628,2483,Product damaged,Refunded,2999
3629,3391,Item defective,Refunded,999
3630,4772,Size issue,Approved,3999
3631,3571,Item defective,Picked Up,0
3632,650,Item defective,Picked Up,499
3633,2325,Item defective,Approved,3999
3634,2412,Quality not as expected,Rejected,999
3635,2216,Quality not as expected,Picked Up,299
3636,2143,Received duplicate item,Approved,499
3637,4875,"Late delivery, no longer needed",Picked Up,2999
3638,1268,Quality not as expected,Refunded,199
3639,448,Quality not as expected,Approved,499
3640,1587,"Late delivery, no longer needed",Requested,1499
3641,2959,Size issue,Rejected,1499
3642,3209,Item defective,Refunded,0
3643,3061,Quality not as expected,Refunded,1499
3644,3383,Changed my mind,Picked Up,499
3645,4850,Changed my mind,Picked Up,1499
3646,4150,Wrong item delivered,Refunded,1499
3647,3859,Changed my mind,Picked Up,1499
3648,571,Item defective,Refunded,0
3649,3416,Item defective,Refunded,499
3650,2326,"Late delivery, no longer needed",Rejected,1499
3651,617,"Late delivery, no longer needed",Picked Up,499
3652,452,Item defective,Picked Up,199
3653,75,Item defective,Rejected,0
3654,1950,"Late delivery, no longer needed",Picked Up,2999
3655,2416,Quality not as expected,Rejected,3999
3656,1787,Received duplicate item,Picked Up,1499
3657,4055,Quality not as expected,Picked Up,3999
3658,4218,Changed my mind,Picked Up,999
3659,1646,Size issue,Approved,3999
3660,2892,Item defective,Picked Up,1499
3661,452,Wrong item delivered,Rejected,1999
3662,3551,Wrong item delivered,Picked Up,999
3663,3965,Size issue,Requested,299
3664,759,Item defective,Refunded,999
3665,2833,Item defective,Approved,0
3666,3762,Item defective,Refunded,999
3667,125,Wrong item delivered,Refunded,299
3668,3453,Size issue,Approved,3999
3669,793,Item defective,Requested,2999
3670,2306,Item defective,Picked Up,1999
3671,3294,Wrong item delivered,Picked Up,0
3672,2953,Wrong item delivered,Approved,499
3673,4843,Item defective,Requested,2999
3674,4152,Received duplicate item,Picked Up,299
3675,3883,"Late delivery, no longer needed",Refunded,0
3676,4372,Changed my mind,Approved,2999
3677,424,Wrong item delivered,Requested,999
3678,108,"Late delivery, no longer needed",Rejected,499
3679,1984,Quality not as expected,Refunded,999
3680,2361,"Late delivery, no longer needed",Refunded,199
3681,346,"Late delivery, no longer needed",Refunded,499
3682,4795,Item defective,Rejected,1499
3683,4742,"Late delivery, no longer needed",Approved,199
3684,4813,Changed my mind,Rejected,3999
3685,2385,Received duplicate item,Approved,199
3686,3020,Changed my mind,Requested,299
3687,2354,"Late delivery, no longer needed",Rejected,299
3688,623,Quality not as expected,Rejected,299
3689,1744,Item defective,Picked Up,2999
3690,1259,Changed my mind,Refunded,199
3691,1705,Changed my mind,Rejected,1999
3692,1567,Product damaged,Rejected,999
3693,4136,Received duplicate item,Approved,199
3694,4698,Changed my mind,Refunded,1499
3695,114,Changed my mind,Approved,3999
3696,4012,Product damaged,Rejected,3999
3697,2298,"Late delivery, no longer needed",Requested,299
3698,128,Received duplicate item,Requested,3999
3699,2821,Item defective,Approved,299
3700,4898,"Late delivery, no longer needed",Requested,3999
3701,3454,Wrong item delivered,Picked Up,299
3702,2524,Item defective,Rejected,1499
3703,1156,Item defective,Picked Up,2999
3704,2861,"Late delivery, no longer needed",Picked Up,999
3705,799,Received duplicate item,Picked Up,199
3706,2800,Received duplicate item,Picked Up,499
3707,1016,Item defective,Rejected,199
3708,1201,Received duplicate item,Approved,1999
3709,4755,Wrong item delivered,Requested,999
3710,4912,Changed my mind,Refunded,499
3711,3713,Quality not as expected,Picked Up,199
3712,2178,Size issue,Refunded,299
3713,4901,"Late delivery, no longer needed",Rejected,199
3714,296,"Late delivery, no longer needed",Approved,999
3715,1734,Size issue,Requested,3999
3716,3768,Item defective,Requested,999
3717,3786,"Late delivery, no longer needed",Rejected,1999
3718,1715,Item defective,Refunded,1999
3719,3650,"Late delivery, no longer needed",Refunded,299
3720,4465,"Late delivery, no longer needed",Requested,2999
3721,2555,Product damaged,Picked Up,1999
3722,4510,Item defective,Rejected,2999
3723,1038,Received duplicate item,Approved,1499
3724,2593,Changed my mind,Requested,299
3725,3286,Quality not as expected,Approved,999
3726,2547,Changed my mind,Refunded,2999
3727,4666,Quality not as expected,Requested,3999
3728,185,Changed my mind,Refunded,999
3729,4791,"Late delivery, no longer needed",Picked Up,499
3730,4007,Quality not as expected,Picked Up,299
3731,3511,Size issue,Picked Up,0
3732,3021,"Late delivery, no longer needed",Rejected,299
3733,2035,Item defective,Requested,1999
3734,3989,Wrong item delivered,Picked Up,1999
3735,2949,Quality not as expected,Approved,999
3736,1551,Item defective,Picked Up,499
3737,988,Item defective,Picked Up,199
3738,4365,Wrong item delivered,Approved,299
3739,2118,Quality not as expected,Requested,0
3740,622,Changed my mind,Picked Up,299
3741,364,Wrong item delivered,Picked Up,999
3742,2895,Size issue,Refunded,1499
3743,3498,Item defective,Requested,299
3744,944,Quality not as expected,Rejected,1999
3745,2110,"Late delivery, no longer needed",Picked Up,0
3746,526,Quality not as expected,Refunded,1499
3747,733,Quality not as expected,Approved,199
3748,1640,"Late delivery, no longer needed",Refunded,3999
3749,4659,Size issue,Requested,0
3750,780,Wrong item delivered,Picked Up,199
3751,1528,Quality not as expected,Picked Up,3999
3752,1630,"Late delivery, no longer needed",Picked Up,3999
3753,626,Quality not as expected,Refunded,3999
3754,4669,Changed my mind,Requested,299
3755,4264,Item defective,Rejected,1499
3756,832,Received duplicate item,Picked Up,999
3757,289,Wrong item delivered,Approved,199
3758,3797,Changed my mind,Requested,299
3759,1129,"Late delivery, no longer needed",Approved,2999
3760,2820,Product damaged,Requested,3999
3761,3368,Changed my mind,Refunded,3999
3762,1415,Quality not as expected,Refunded,499
3763,2017,Changed my mind,Requested,3999
3764,351,Item defective,Approved,999
3765,3961,"Late delivery, no longer needed",Approved,1999
3766,4070,Received duplicate item,Picked Up,2999
3767,4522,Changed my mind,Rejected,1499
3768,2063,Product damaged,Rejected,999
3769,3961,Size issue,Rejected,3999
3770,4636,Size issue,Picked Up,1999
3771,1846,Size issue,Rejected,2999
3772,4226,Size issue,Requested,299
3773,2046,Quality not as expected,Picked Up,499
3774,1880,"Late delivery, no longer needed",Requested,0
3775,4547,Size issue,Rejected,3999
3776,4787,Quality not as expected,Requested,999
3777,3804,"Late delivery, no longer needed",Approved,999
3778,1555,Wrong item delivered,Rejected,2999
3779,2248,Wrong item delivered,Requested,3999
3780,799,"Late delivery, no longer needed",Requested,0
3781,2105,"Late delivery, no longer needed",Picked Up,1499
3782,4766,Wrong item delivered,Approved,299
3783,1924,Quality not as expected,Rejected,499
3784,940,Changed my mind,Refunded,1499
3785,2711,Item defective,Requested,2999
3786,4260,Quality not as expected,Approved,3999
3787,1009,Size issue,Approved,2999
3788,482,Changed my mind,Rejected,199
3789,1841,Wrong item delivered,Picked Up,199
3790,1363,Item defective,Refunded,999
3791,4170,Quality not as expected,Requested,3999
3792,1667,Received duplicate item,Picked Up,3999
3793,1409,"Late delivery, no longer needed",Requested,2999
3794,4650,Changed my mind,Requested,999
3795,276,Changed my mind,Refunded,3999
3796,3097,Changed my mind,Refunded,1999
3797,2475,Product damaged,Requested,3999
3798,4771,Product damaged,Requested,299
3799,3485,Product damaged,Picked Up,0
3800,3620,Product damaged,Approved,0
3801,3741,Received duplicate item,Approved,2999
3802,4761,Wrong item delivered,Approved,2999
3803,4216,Received duplicate item,Requested,499
3804,4776,Changed my mind,Requested,1499
3805,1953,Wrong item delivered,Approved,999
3806,1175,Size issue,Approved,1499
3807,4412,Product damaged,Picked Up,2999
3808,1836,"Late delivery, no longer needed",Picked Up,2999
3809,4964,"Late delivery, no longer needed",Refunded,1999
3810,4820,Product damaged,Requested,499
3811,1179,Item defective,Refunded,3999
3812,3122,Received duplicate item,Refunded,1999
3813,4233,Size issue,Approved,999
3814,4734,Product damaged,Picked Up,2999
3815,707,Changed my mind,Rejected,0
3816,4965,"Late delivery, no longer needed",Refunded,0
3817,3927,Received duplicate item,Requested,1499
3818,111,Size issue,Refunded,199
3819,1464,Item defective,Approved,1999
3820,904,Wrong item delivered,Requested,199
3821,1679,Changed my mind,Rejected,999
3822,3104,Product damaged,Approved,999
3823,3157,Changed my mind,Rejected,2999
3824,562,Wrong item delivered,Picked Up,499
3825,3474,Product damaged,Picked Up,3999
3826,4414,Size issue,Refunded,1499
3827,1913,Changed my mind,Refunded,199
3828,2973,Quality not as expected,Requested,199
3829,252,Item defective,Rejected,0
3830,2860,Item defective,Approved,199
3831,434,Size issue,Refunded,199
3832,1757,"Late delivery, no longer needed",Requested,2999
3833,4186,Changed my mind,Rejected,2999
3834,2805,Item defective,Rejected,2999
3835,883,Quality not as expected,Refunded,199
3836,3318,"Late delivery, no longer needed",Picked Up,1499
3837,1260,Wrong item delivered,Rejected,999
3838,108,Size issue,Refunded,199
3839,4529,Received duplicate item,Requested,2999
3840,4512,Quality not as expected,Picked Up,499
3841,1865,"Late delivery, no longer needed",Rejected,1499
3842,4331,"Late delivery, no longer needed",Picked Up,3999
3843,4630,Changed my mind,Approved,3999
3844,2966,Item defective,Approved,199
3845,1650,Changed my mind,Refunded,299
3846,3120,Product damaged,Picked Up,999
3847,2945,Received duplicate item,Approved,499
3848,4095,Received duplicate item,Picked Up,3999
3849,1086,Received duplicate item,Refunded,1999
3850,448,Wrong item delivered,Rejected,3999
3851,1070,Size issue,Requested,0
3852,2889,"Late delivery, no longer needed",Picked Up,1499
3853,4593,Quality not as expected,Requested,999
3854,841,Changed my mind,Rejected,1999
3855,378,Size issue,Picked Up,999
3856,4136,Received duplicate item,Picked Up,0
3857,1858,Quality not as expected,Approved,0
3858,1442,Quality not as expected,Requested,499
3859,163,Size issue,Approved,0
3860,1294,Item defective,Rejected,1999
3861,4849,"Late delivery, no longer needed",Refunded,199
3862,1695,Product damaged,Refunded,299
3863,118,Received duplicate item,Requested,2999
3864,4000,Size issue,Requested,2999
3865,1327,Received duplicate item,Requested,1999
3866,2214,Changed my mind,Requested,199
3867,3720,Item defective,Approved,0
3868,694,"Late delivery, no longer needed",Refunded,499
3869,2247,Wrong item delivered,Refunded,1999
3870,3916,Quality not as expected,Requested,999
3871,2410,Changed my mind,Refunded,199
3872,3418,Quality not as expected,Refunded,299
3873,408,Wrong item delivered,Requested,299
3874,2376,Wrong item delivered,Picked Up,1499
3875,1019,Quality not as expected,Rejected,999
3876,3904,Received duplicate item,Picked Up,2999
3877,1615,Quality not as expected,Approved,3999
3878,2293,Changed my mind,Approved,199
3879,440,Item defective,Rejected,199
3880,3041,Received duplicate item,Refunded,2999
3881,3543,Wrong item delivered,Requested,199
3882,3367,Item defective,Rejected,999
3883,838,Wrong item delivered,Requested,999
3884,1598,Product damaged,Requested,2999
3885,132,Product damaged,Refunded,1999
3886,2704,Product damaged,Rejected,999
3887,4608,Received duplicate item,Rejected,499
3888,3470,"Late delivery, no longer needed",Picked Up,299
3889,3764,Changed my mind,Picked Up,2999
3890,812,Size issue,Refunded,999
3891,3237,"Late delivery, no longer needed",Approved,199
3892,1813,Size issue,Requested,0
3893,3013,Wrong item delivered,Requested,999
3894,241,Size issue,Approved,299
3895,4252,Changed my mind,Approved,0
3896,2218,Wrong item delivered,Refunded,499
3897,2292,Product damaged,Approved,199
3898,221,Received duplicate item,Rejected,2999
3899,4746,Size issue,Requested,299
3900,3667,Changed my mind,Rejected,3999
3901,1460,"Late delivery, no longer needed",Requested,2999
3902,2287,Size issue,Picked Up,1499
3903,1710,"Late delivery, no longer needed",Approved,0
3904,2361,Quality not as expected,Rejected,299
3905,259,Received duplicate item,Refunded,0
3906,2184,"Late delivery, no longer needed",Refunded,199
3907,4444,Wrong item delivered,Picked Up,299
3908,2475,Wrong item delivered,Refunded,0
3909,4732,Changed my mind,Approved,3999
3910,1705,Item defective,Requested,1499
3911,3108,Size issue,Refunded,299
3912,4496,Changed my mind,Refunded,1999
3913,3501,Wrong item delivered,Rejected,1999
3914,2454,Quality not as expected,Picked Up,199
3915,4382,Received duplicate item,Picked Up,1999
3916,2082,Changed my mind,Refunded,299
3917,4706,Changed my mind,Approved,0
3918,618,Product damaged,Refunded,2999
3919,3504,Changed my mind,Approved,1499
3920,1779,Wrong item delivered,Requested,1999
3921,3134,Changed my mind,Approved,299
3922,2202,Wrong item delivered,Rejected,1999
3923,2352,Received duplicate item,Approved,0
3924,545,Item defective,Refunded,1499
3925,1582,Item defective,Picked Up,499
3926,4458,Item defective,Rejected,1499
3927,4924,Size issue,Picked Up,499
3928,485,Received duplicate item,Approved,1499
3929,2413,Received duplicate item,Refunded,1499
3930,1831,Quality not as expected,Refunded,1499
3931,3866,Size issue,Requested,499
3932,3355,Size issue,Rejected,999
3933,4939,Changed my mind,Requested,1999
3934,4420,Received duplicate item,Refunded,1999
3935,3460,Changed my mind,Picked Up,499
3936,3087,Quality not as expected,Picked Up,0
3937,1540,Changed my mind,Requested,499
3938,322,Item defective,Approved,2999
3939,4357,Quality not as expected,Picked Up,499
3940,2683,Changed my mind,Rejected,199
3941,3116,Changed my mind,Picked Up,3999
3942,1099,Wrong item delivered,Approved,1999
3943,4864,"Late delivery, no longer needed",Approved,2999
3944,114,Product damaged,Rejected,199
3945,298,Size issue,Refunded,499
3946,1176,Received duplicate item,Rejected,299
3947,477,Size issue,Approved,3999
3948,3812,Item defective,Picked Up,299
3949,1555,Changed my mind,Rejected,499
3950,186,Product damaged,Requested,999
3951,3652,Product damaged,Rejected,2999
3952,2178,Item defective,Rejected,1999
3953,1239,Size issue,Refunded,2999
3954,817,Wrong item delivered,Approved,1499
3955,4120,Received duplicate item,Requested,2999
3956,2278,Changed my mind,Refunded,299
3957,1372,Item defective,Refunded,1499
3958,3556,Wrong item delivered,Requested,299
3959,2768,"Late delivery, no longer needed",Approved,999
3960,4513,Wrong item delivered,Approved,999
3961,2731,Item defective,Rejected,0
3962,3043,Wrong item delivered,Refunded,3999
3963,3413,Received duplicate item,Refunded,3999
3964,3551,"Late delivery, no longer needed",Rejected,499
3965,2806,Wrong item delivered,Requested,1499
3966,4118,Size issue,Rejected,0
3967,3547,"Late delivery, no longer needed",Picked Up,299
3968,367,Item defective,Requested,299
3969,2311,Quality not as expected,Picked Up,1999
3970,191,Received duplicate item,Refunded,1999
3971,2968,Received duplicate item,Approved,2999
3972,4800,Wrong item delivered,Approved,999
3973,1979,Changed my mind,Requested,0
3974,4062,Changed my mind,Rejected,0
3975,2939,Size issue,Approved,499
3976,3483,"Late delivery, no longer needed",Requested,299
3977,2219,Received duplicate item,Requested,1499
3978,1254,Quality not as expected,Approved,3999
3979,4355,Quality not as expected,Rejected,499
3980,776,"Late delivery, no longer needed",Requested,0
3981,4586,Size issue,Refunded,999
3982,4871,Item defective,Approved,299
3983,2312,Received duplicate item,Picked Up,299
3984,3422,Item defective,Refunded,199
3985,2473,Product damaged,Rejected,2999
3986,2380,Size issue,Rejected,0
3987,4525,Product damaged,Approved,1499
3988,2779,Quality not as expected,Refunded,199
3989,1986,Item defective,Picked Up,499
3990,1778,Size issue,Approved,199
3991,2265,"Late delivery, no longer needed",Refunded,199
3992,2772,Wrong item delivered,Requested,3999
3993,513,Wrong item delivered,Approved,3999
3994,1399,Changed my mind,Rejected,1999
3995,1622,Quality not as expected,Requested,2999
3996,4272,Product damaged,Approved,2999
3997,1099,Product damaged,Requested,0
3998,1579,Wrong item delivered,Requested,2999
3999,1684,Quality not as expected,Refunded,2999
4000,4624,Received duplicate item,Rejected,1499
4001,1808,Quality not as expected,Rejected,299
4002,646,Received duplicate item,Approved,3999
4003,2117,Received duplicate item,Rejected,3999
4004,3492,Size issue,Picked Up,2999
4005,1022,Changed my mind,Refunded,3999
4006,3718,Product damaged,Picked Up,499
4007,3537,Wrong item delivered,Approved,199
4008,1061,Received duplicate item,Refunded,0
4009,546,Wrong item delivered,Refunded,1499
4010,4617,Received duplicate item,Refunded,999
4011,3574,Received duplicate item,Refunded,199
4012,4623,Product damaged,Approved,1499
4013,2273,Changed my mind,Rejected,2999
4014,4086,Product damaged,Approved,999
4015,274,Product damaged,Picked Up,499
4016,408,Received duplicate item,Rejected,2999
4017,3294,Product damaged,Rejected,3999
4018,4384,"Late delivery, no longer needed",Approved,3999
4019,1333,Received duplicate item,Picked Up,299
4020,509,Wrong item delivered,Rejected,3999
4021,3535,Received duplicate item,Picked Up,1499
4022,2759,Quality not as expected,Requested,499
4023,2092,Changed my mind,Approved,0
4024,3297,Product damaged,Approved,999
4025,953,Wrong item delivered,Rejected,0
4026,1585,Changed my mind,Refunded,299
4027,3013,Item defective,Picked Up,0
4028,3650,Received duplicate item,Approved,3999
4029,336,Item defective,Requested,1499
4030,2126,Product damaged,Requested,1999
4031,2323,Item defective,Approved,1999
4032,4432,Item defective,Refunded,999
4033,210,Changed my mind,Picked Up,3999
4034,773,Quality not as expected,Refunded,499
4035,3662,Quality not as expected,Picked Up,2999
4036,4570,Received duplicate item,Refunded,1499
4037,1310,Wrong item delivered,Picked Up,999
4038,4576,Size issue,Rejected,999
4039,630,Product damaged,Picked Up,199
4040,3812,"Late delivery, no longer needed",Approved,1499
4041,2935,Received duplicate item,Approved,1999
4042,3016,Quality not as expected,Requested,999
4043,602,Changed my mind,Picked Up,2999
4044,2693,Item defective,Picked Up,199
4045,3683,Item defective,Requested,299
4046,4056,Item defective,Refunded,1999
4047,4549,Quality not as expected,Requested,3999
4048,1895,"Late delivery, no longer needed",Refunded,2999
4049,3937,Wrong item delivered,Approved,199
4050,491,Received duplicate item,Requested,1499
4051,103,Size issue,Approved,1999
4052,2198,Size issue,Rejected,199
4053,3858,Size issue,Rejected,1999
4054,3239,Wrong item delivered,Rejected,299
4055,2588,Product damaged,Requested,299
4056,4599,Quality not as expected,Requested,299
4057,4055,Item defective,Requested,199
4058,1181,Size issue,Rejected,299
4059,4878,"Late delivery, no longer needed",Rejected,0
4060,148,Wrong item delivered,Refunded,3999
4061,1065,Received duplicate item,Refunded,3999
4062,241,Product damaged,Requested,199
4063,54,Item defective,Requested,1499
4064,530,Received duplicate item,Refunded,499
4065,4828,"Late delivery, no longer needed",Rejected,299
4066,4249,Received duplicate item,Requested,2999
4067,571,Wrong item delivered,Requested,299
4068,3384,Item defective,Requested,999
4069,2756,Changed my mind,Approved,1999
4070,4727,Quality not as expected,Picked Up,999
4071,4511,Product damaged,Rejected,199
4072,2593,Wrong item delivered,Approved,2999
4073,3021,"Late delivery, no longer needed",Rejected,999
4074,1103,Changed my mind,Picked Up,3999
4075,453,Product damaged,Refunded,3999
4076,3275,"Late delivery, no longer needed",Picked Up,3999
4077,1121,Changed my mind,Approved,2999
4078,4066,Product damaged,Picked Up,0
4079,2346,Received duplicate item,Refunded,999
4080,4509,Changed my mind,Rejected,0
4081,3314,Received duplicate item,Requested,999
4082,4901,Wrong item delivered,Requested,999
4083,2168,"Late delivery, no longer needed",Picked Up,199
4084,837,Received duplicate item,Refunded,999
4085,4350,Wrong item delivered,Requested,1499
4086,383,Size issue,Approved,1499
4087,4652,Item defective,Rejected,299
4088,1639,Received duplicate item,Rejected,999
4089,313,Received duplicate item,Rejected,299
4090,4523,Wrong item delivered,Picked Up,1999
4091,913,"Late delivery, no longer needed",Approved,2999
4092,2242,Wrong item delivered,Picked Up,199
4093,2704,Product damaged,Requested,199
4094,3988,"Late delivery, no longer needed",Approved,1499
4095,13,Received duplicate item,Refunded,999
4096,1711,Received duplicate item,Refunded,199
4097,4519,Changed my mind,Picked Up,499
4098,882,Quality not as expected,Requested,499
4099,2370,Size issue,Rejected,3999
4100,4601,Product damaged,Requested,199
4101,704,Product damaged,Refunded,1499
4102,3731,Changed my mind,Requested,999
4103,344,Quality not as expected,Requested,499
4104,1086,Size issue,Picked Up,299
4105,1443,Quality not as expected,Requested,3999
4106,4987,Quality not as expected,Requested,2999
4107,2400,Product damaged,Rejected,0
4108,2367,Product damaged,Rejected,2999
4109,4022,Item defective,Refunded,1999
4110,4440,Item defective,Rejected,0
4111,2374,Wrong item delivered,Rejected,999
4112,4811,Wrong item delivered,Picked Up,2999
4113,4285,Quality not as expected,Refunded,0
4114,3777,Wrong item delivered,Approved,3999
4115,337,Size issue,Approved,3999
4116,127,Item defective,Picked Up,2999
4117,2080,Size issue,Rejected,199
4118,457,Changed my mind,Approved,3999
4119,2641,Quality not as expected,Picked Up,1999
4120,939,Received duplicate item,Picked Up,3999
4121,2744,Changed my mind,Approved,0
4122,1480,Quality not as expected,Picked Up,999
4123,1696,Item defective,Refunded,499
4124,6,Received duplicate item,Rejected,0
4125,2885,Product damaged,Refunded,0
4126,828,Item defective,Approved,3999
4127,2120,Item defective,Refunded,0
4128,2493,Quality not as expected,Approved,999
4129,3227,Item defective,Refunded,0
4130,2291,Wrong item delivered,Picked Up,999
4131,4449,Item defective,Requested,0
4132,1629,"Late delivery, no longer needed",Picked Up,999
4133,4617,Item defective,Approved,3999
4134,2494,Received duplicate item,Rejected,999
4135,2344,Size issue,Refunded,1999
4136,862,Item defective,Picked Up,0
4137,2632,Quality not as expected,Requested,1499
4138,3476,Size issue,Requested,0
4139,3301,Changed my mind,Approved,0
4140,1518,Wrong item delivered,Requested,2999
4141,261,Wrong item delivered,Rejected,299
4142,3616,"Late delivery, no longer needed",Approved,299
4143,3661,Changed my mind,Requested,0
4144,1708,Changed my mind,Refunded,2999
4145,2034,Quality not as expected,Requested,1499
4146,1434,Product damaged,Requested,0
4147,1509,Quality not as expected,Refunded,499
4148,1322,Item defective,Requested,999
4149,3315,Size issue,Picked Up,0
4150,1217,Quality not as expected,Refunded,199
4151,396,"Late delivery, no longer needed",Requested,999
4152,3186,Size issue,Rejected,2999
4153,4082,Received duplicate item,Requested,499
4154,1422,Wrong item delivered,Requested,1999
4155,2347,Product damaged,Rejected,299
4156,2714,Product damaged,Picked Up,0
4157,295,Wrong item delivered,Refunded,2999
4158,3056,Received duplicate item,Requested,0
4159,4092,Size issue,Approved,299
4160,2482,Quality not as expected,Picked Up,3999
4161,3445,Item defective,Approved,199
4162,1505,Quality not as expected,Approved,1999
4163,3912,Item defective,Requested,299
4164,834,Received duplicate item,Picked Up,299
4165,1963,Wrong item delivered,Picked Up,499
4166,4196,Changed my mind,Refunded,1499
4167,2484,Changed my mind,Requested,199
4168,3734,Size issue,Requested,299
4169,4494,Product damaged,Refunded,299
4170,53,Product damaged,Refunded,2999
4171,1522,Size issue,Picked Up,2999
4172,1260,Item defective,Refunded,0
4173,4929,Received duplicate item,Picked Up,2999
4174,4761,Changed my mind,Rejected,1499
4175,3258,"Late delivery, no longer needed",Requested,3999
4176,385,"Late delivery, no longer needed",Requested,299
4177,908,"Late delivery, no longer needed",Refunded,0
4178,1568,Size issue,Refunded,2999
4179,3612,Item defective,Approved,199
4180,4026,Received duplicate item,Picked Up,499
4181,3951,Product damaged,Approved,999
4182,2320,Received duplicate item,Rejected,3999
4183,3042,Changed my mind,Requested,2999
4184,3100,Product damaged,Requested,499
4185,2981,Size issue,Refunded,999
4186,2647,Item defective,Picked Up,999
4187,1465,Item defective,Requested,2999
4188,2987,Quality not as expected,Refunded,2999
4189,1761,Product damaged,Refunded,299
4190,4004,Received duplicate item,Rejected,2999
4191,1214,Received duplicate item,Picked Up,299
4192,3473,Quality not as expected,Requested,999
4193,1448,"Late delivery, no longer needed",Rejected,3999
4194,4687,Size issue,Picked Up,1499
4195,2582,Received duplicate item,Requested,199
4196,4843,Quality not as expected,Picked Up,1499
4197,4521,Item defective,Picked Up,1999
4198,825,Received duplicate item,Picked Up,1999
4199,1285,Wrong item delivered,Rejected,299
4200,3107,Changed my mind,Requested,3999
4201,2064,Received duplicate item,Picked Up,199
4202,4569,Received duplicate item,Approved,499
4203,4152,Item defective,Approved,499
4204,3240,Item defective,Rejected,999
4205,3001,"Late delivery, no longer needed",Approved,299
4206,4391,Quality not as expected,Refunded,499
4207,1822,"Late delivery, no longer needed",Approved,3999
4208,11,Item defective,Picked Up,499
4209,1755,Wrong item delivered,Picked Up,1999
4210,4442,"Late delivery, no longer needed",Requested,299
4211,3665,"Late delivery, no longer needed",Requested,999
4212,1887,Wrong item delivered,Picked Up,299
4213,549,Product damaged,Approved,2999
4214,3268,Size issue,Requested,199
4215,698,Product damaged,Approved,1499
4216,2615,Product damaged,Requested,199
4217,3010,Received duplicate item,Rejected,299
4218,600,Changed my mind,Requested,1499
4219,1951,Received duplicate item,Picked Up,499
4220,3684,Item defective,Rejected,3999
4221,1427,Changed my mind,Approved,299
4222,4135,Quality not as expected,Requested,999
4223,2620,Product damaged,Picked Up,999
4224,2132,"Late delivery, no longer needed",Refunded,299
4225,3749,Quality not as expected,Refunded,0
4226,1354,"Late delivery, no longer needed",Approved,1499
4227,2050,Size issue,Picked Up,299
4228,1572,Item defective,Refunded,1999
4229,1429,Size issue,Approved,1499
4230,3035,Size issue,Rejected,1999
4231,181,Item defective,Refunded,299
4232,2771,Quality not as expected,Picked Up,0
4233,1563,Changed my mind,Requested,299
4234,1174,Received duplicate item,Requested,299
4235,3071,Received duplicate item,Approved,0
4236,4765,Item defective,Picked Up,1499
4237,4137,Changed my mind,Refunded,0
4238,386,Received duplicate item,Picked Up,499
4239,2682,Changed my mind,Picked Up,999
4240,1531,Wrong item delivered,Requested,0
4241,3061,Size issue,Rejected,1999
4242,4038,Received duplicate item,Refunded,499
4243,1522,Size issue,Refunded,3999
4244,2159,Changed my mind,Approved,1499
4245,4576,Quality not as expected,Requested,0
4246,1627,"Late delivery, no longer needed",Approved,1999
4247,3903,Size issue,Picked Up,0
4248,21,Changed my mind,Picked Up,0
4249,4160,Wrong item delivered,Requested,499
4250,3222,Size issue,Approved,299
4251,1212,Changed my mind,Picked Up,299
4252,4152,Product damaged,Refunded,1499
4253,2343,Item defective,Approved,999
4254,2783,Size issue,Rejected,999
4255,1434,Item defective,Picked Up,1999
4256,582,Item defective,Approved,3999
4257,939,"Late delivery, no longer needed",Picked Up,199
4258,4201,Changed my mind,Rejected,1999
4259,1499,Wrong item delivered,Refunded,1999
4260,385,Item defective,Refunded,1499
4261,1158,Item defective,Approved,499
4262,1463,"Late delivery, no longer needed",Requested,199
4263,3328,Received duplicate item,Approved,2999
4264,673,Received duplicate item,Refunded,1499
4265,853,Received duplicate item,Requested,499
4266,3060,Product damaged,Requested,499
4267,4361,Item defective,Approved,199
4268,3334,Wrong item delivered,Rejected,1999
4269,2452,Quality not as expected,Picked Up,199
4270,3968,Wrong item delivered,Requested,199
4271,1615,Quality not as expected,Refunded,299
4272,4948,Quality not as expected,Picked Up,2999
4273,2919,Received duplicate item,Approved,3999
4274,1001,Changed my mind,Approved,1499
4275,476,Quality not as expected,Picked Up,299
4276,513,Received duplicate item,Approved,199
4277,683,Changed my mind,Approved,3999
4278,99,Size issue,Rejected,1999
4279,4833,Item defective,Requested,1499
4280,1000,Received duplicate item,Requested,999
4281,2782,Size issue,Picked Up,0
4282,4732,Quality not as expected,Approved,499
4283,2153,"Late delivery, no longer needed",Picked Up,499
4284,1698,Quality not as expected,Approved,0
4285,2078,Item defective,Rejected,1499
4286,2462,"Late delivery, no longer needed",Refunded,999
4287,3489,Quality not as expected,Rejected,2999
4288,2884,"Late delivery, no longer needed",Approved,1999
4289,1552,Received duplicate item,Approved,1499
4290,1080,Quality not as expected,Refunded,999
4291,399,Wrong item delivered,Refunded,2999
4292,1056,Item defective,Rejected,0
4293,1307,"Late delivery, no longer needed",Approved,299
4294,558,Received duplicate item,Approved,3999
4295,2849,Received duplicate item,Picked Up,2999
4296,1038,Quality not as expected,Requested,499
4297,962,Changed my mind,Refunded,299
4298,1589,Item defective,Approved,999
4299,4059,Quality not as expected,Requested,2999
4300,2887,Received duplicate item,Picked Up,1499
4301,605,Received duplicate item,Approved,1999
4302,4439,Size issue,Requested,1499
4303,1606,"Late delivery, no longer needed",Picked Up,1999
4304,429,Wrong item delivered,Requested,1499
4305,1675,Item defective,Refunded,299
4306,522,Size issue,Rejected,499
4307,672,Changed my mind,Requested,999
4308,439,"Late delivery, no longer needed",Requested,999
4309,316,Wrong item delivered,Rejected,1999
4310,3524,Product damaged,Refunded,1999
4311,4286,"Late delivery, no longer needed",Picked Up,0
4312,2977,Product damaged,Rejected,1999
4313,4429,Received duplicate item,Picked Up,1499
4314,3401,Item defective,Picked Up,2999
4315,2097,Product damaged,Approved,0
4316,3185,Item defective,Rejected,199
4317,4920,Received duplicate item,Requested,499
4318,4278,Wrong item delivered,Rejected,499
4319,4467,Received duplicate item,Approved,999
4320,1728,Quality not as expected,Rejected,1999
4321,4079,Received duplicate item,Approved,1499
4322,3460,Wrong item delivered,Picked Up,199
4323,1627,Product damaged,Approved,499
4324,3850,Changed my mind,Rejected,1999
4325,3275,Size issue,Refunded,2999
4326,1918,Item defective,Requested,1499
4327,713,Quality not as expected,Refunded,3999
4328,589,Quality not as expected,Requested,0
4329,3285,Received duplicate item,Approved,1499
4330,1555,Quality not as expected,Rejected,2999
4331,2169,"Late delivery, no longer needed",Approved,299
4332,4767,Item defective,Rejected,1999
4333,917,Size issue,Refunded,199
4334,1080,Quality not as expected,Refunded,1999
4335,2632,Item defective,Picked Up,0
4336,379,Product damaged,Requested,3999
4337,3944,Product damaged,Picked Up,499
4338,3893,Quality not as expected,Rejected,499
4339,1856,Quality not as expected,Refunded,2999
4340,10,Quality not as expected,Approved,299
4341,253,Received duplicate item,Picked Up,1499
4342,428,Wrong item delivered,Requested,1999
4343,436,Product damaged,Picked Up,199
4344,4441,"Late delivery, no longer needed",Approved,1999
4345,3958,"Late delivery, no longer needed",Refunded,199
4346,994,Wrong item delivered,Picked Up,499
4347,1862,Size issue,Approved,1499
4348,1330,Received duplicate item,Approved,1999
4349,2878,Received duplicate item,Requested,3999
4350,1295,Wrong item delivered,Requested,2999
4351,1709,Quality not as expected,Refunded,1999
4352,1284,Received duplicate item,Picked Up,199
4353,1283,Received duplicate item,Picked Up,999
4354,4497,"Late delivery, no longer needed",Refunded,199
4355,2346,Item defective,Requested,299
4356,822,Item defective,Refunded,2999
4357,2116,Product damaged,Requested,299
4358,4851,Item defective,Rejected,0
4359,2085,Changed my mind,Rejected,2999
4360,1114,Wrong item delivered,Refunded,499
4361,3416,Wrong item delivered,Rejected,999
4362,4838,Wrong item delivered,Rejected,199
4363,3602,Quality not as expected,Picked Up,499
4364,1650,Size issue,Approved,0
4365,564,Size issue,Picked Up,1999
4366,2556,"Late delivery, no longer needed",Picked Up,199
4367,4340,Received duplicate item,Requested,1499
4368,3597,Size issue,Picked Up,499
4369,4633,Changed my mind,Requested,299
4370,3430,"Late delivery, no longer needed",Refunded,3999
4371,1367,Item defective,Requested,1499
4372,295,"Late delivery, no longer needed",Rejected,1499
4373,3269,Received duplicate item,Rejected,0
4374,907,Quality not as expected,Requested,299
4375,1841,Item defective,Approved,199
4376,3761,Size issue,Rejected,199
4377,3824,"Late delivery, no longer needed",Picked Up,999
4378,233,Item defective,Picked Up,299
4379,1876,Size issue,Rejected,199
4380,733,Product damaged,Requested,199
4381,453,Changed my mind,Requested,1499
4382,3473,Size issue,Picked Up,1499
4383,4417,"Late delivery, no longer needed",Approved,999
4384,1197,Product damaged,Requested,499
4385,4898,Received duplicate item,Approved,499
4386,568,Quality not as expected,Picked Up,299
4387,1326,Item defective,Picked Up,999
4388,1810,"Late delivery, no longer needed",Refunded,1999
4389,235,Quality not as expected,Rejected,2999
4390,507,Product damaged,Approved,199
4391,1952,Changed my mind,Picked Up,3999
4392,3082,Wrong item delivered,Requested,199
4393,3004,Received duplicate item,Picked Up,0
4394,4866,Product damaged,Picked Up,1999
4395,4864,Item defective,Approved,199
4396,1026,Size issue,Refunded,3999
4397,4530,Wrong item delivered,Approved,3999
4398,3215,Product damaged,Approved,999
4399,101,Product damaged,Approved,299
4400,3854,"Late delivery, no longer needed",Refunded,199
4401,1067,Product damaged,Picked Up,1499
4402,2506,Wrong item delivered,Rejected,2999
4403,911,Item defective,Requested,1499
4404,4941,Changed my mind,Picked Up,0
4405,1709,Quality not as expected,Picked Up,199
4406,4724,Wrong item delivered,Requested,299
4407,1698,Item defective,Approved,299
4408,4985,Product damaged,Requested,3999
4409,1985,Changed my mind,Approved,299
4410,666,Size issue,Rejected,1499
4411,4879,Quality not as expected,Refunded,3999
4412,2818,Product damaged,Requested,199
4413,4235,Changed my mind,Rejected,0
4414,1212,"Late delivery, no longer needed",Approved,999
4415,1247,Quality not as expected,Requested,1999
4416,2661,Received duplicate item,Requested,3999
4417,2571,Quality not as expected,Requested,299
4418,1824,Quality not as expected,Picked Up,499
4419,4894,Wrong item delivered,Approved,199
4420,4698,Item defective,Picked Up,499
4421,736,Wrong item delivered,Rejected,499
4422,723,"Late delivery, no longer needed",Picked Up,199
4423,4979,Product damaged,Approved,1499
4424,9,Changed my mind,Approved,3999
4425,920,Wrong item delivered,Approved,999
4426,803,Item defective,Picked Up,1499
4427,2525,Changed my mind,Rejected,1999
4428,3266,Changed my mind,Requested,299
4429,353,Size issue,Refunded,3999
4430,2424,Wrong item delivered,Rejected,1499
4431,3355,"Late delivery, no longer needed",Rejected,2999
4432,507,Quality not as expected,Approved,299
4433,2419,"Late delivery, no longer needed",Requested,999
4434,3722,Size issue,Rejected,299
4435,3547,Quality not as expected,Picked Up,1499
4436,4504,"Late delivery, no longer needed",Rejected,1999
4437,1662,Wrong item delivered,Rejected,3999
4438,1503,Item defective,Picked Up,0
4439,485,Product damaged,Picked Up,199
4440,3014,Item defective,Approved,299
4441,4676,Received duplicate item,Refunded,1999
4442,4876,Size issue,Requested,1999
4443,3116,Item defective,Requested,1499
4444,1724,"Late delivery, no longer needed",Rejected,2999
4445,3416,Size issue,Approved,299
4446,2199,Item defective,Rejected,999
4447,1920,Size issue,Refunded,499
4448,1134,Product damaged,Rejected,199
4449,1682,Product damaged,Rejected,1999
4450,1900,Wrong item delivered,Picked Up,0
4451,2170,Changed my mind,Requested,3999
4452,4538,"Late delivery, no longer needed",Requested,3999
4453,2822,Received duplicate item,Requested,1999
4454,2721,Size issue,Picked Up,499
4455,523,Quality not as expected,Requested,999
4456,1576,Size issue,Requested,999
4457,1184,Item defective,Requested,1999
4458,3688,Product damaged,Approved,999
4459,1616,Quality not as expected,Requested,0
4460,4223,"Late delivery, no longer needed",Picked Up,0
4461,3232,Item defective,Requested,1999
4462,77,Quality not as expected,Rejected,499
4463,1671,Item defective,Requested,2999
4464,4697,"Late delivery, no longer needed",Rejected,2999
4465,1756,Product damaged,Picked Up,1999
4466,1393,"Late delivery, no longer needed",Picked Up,0
4467,994,Changed my mind,Refunded,299
4468,1673,"Late delivery, no longer needed",Approved,999
4469,4775,Changed my mind,Requested,199
4470,4778,Wrong item delivered,Requested,199
4471,216,"Late delivery, no longer needed",Approved,999
4472,210,Product damaged,Refunded,999
4473,83,Product damaged,Picked Up,1499
4474,3949,Item defective,Rejected,3999
4475,4942,Size issue,Approved,0
4476,43,Item defective,Requested,3999
4477,1625,Size issue,Rejected,199
4478,3863,Wrong item delivered,Rejected,299
4479,586,Size issue,Refunded,1999
4480,2265,Quality not as expected,Refunded,2999
4481,390,Size issue,Rejected,199
4482,40,Item defective,Rejected,299
4483,2103,Wrong item delivered,Approved,2999
4484,196,"Late delivery, no longer needed",Picked Up,999
4485,3695,Wrong item delivered,Picked Up,0
4486,4724,Quality not as expected,Picked Up,499
4487,3822,Received duplicate item,Refunded,1499
4488,4841,Changed my mind,Requested,499
4489,3011,"Late delivery, no longer needed",Approved,299
4490,751,"Late delivery, no longer needed",Rejected,1499
4491,2277,Quality not as expected,Approved,199
4492,4681,Size issue,Refunded,1499
4493,4376,Size issue,Requested,999
4494,3752,Item defective,Picked Up,0
4495,2877,"Late delivery, no longer needed",Picked Up,199
4496,2267,Size issue,Picked Up,199
4497,1533,"Late delivery, no longer needed",Picked Up,1999
4498,2218,Size issue,Rejected,2999
4499,1838,Wrong item delivered,Approved,3999
4500,4721,Quality not as expected,Refunded,3999
4501,1090,Wrong item delivered,Rejected,199
4502,883,Product damaged,Refunded,199
4503,1907,Item defective,Requested,1999
4504,940,Wrong item delivered,Requested,199
4505,3657,"Late delivery, no longer needed",Rejected,3999
4506,1962,Received duplicate item,Picked Up,2999
4507,3641,Changed my mind,Refunded,0
4508,595,Size issue,Picked Up,299
4509,3770,Changed my mind,Approved,1999
4510,4647,Item defective,Picked Up,2999
4511,3404,"Late delivery, no longer needed",Requested,1999
4512,2973,Size issue,Requested,299
4513,1404,Size issue,Refunded,1999
4514,2231,Wrong item delivered,Requested,3999
4515,4378,Quality not as expected,Approved,3999
4516,1316,Product damaged,Requested,1999
4517,1054,Size issue,Rejected,1999
4518,444,Quality not as expected,Approved,299
4519,4307,Size issue,Refunded,2999
4520,188,Item defective,Rejected,999
4521,2112,Received duplicate item,Refunded,1499
4522,3543,"Late delivery, no longer needed",Requested,2999
4523,2255,Changed my mind,Refunded,1499
4524,1428,"Late delivery, no longer needed",Requested,3999
4525,4244,"Late delivery, no longer needed",Approved,299
4526,3740,Wrong item delivered,Requested,2999
4527,3277,Quality not as expected,Rejected,3999
4528,2002,Wrong item delivered,Rejected,3999
4529,1609,Item defective,Approved,999
4530,4566,Item defective,Picked Up,499
4531,4742,Wrong item delivered,Refunded,3999
4532,915,Wrong item delivered,Requested,499
4533,125,Size issue,Requested,1499
4534,4507,Wrong item delivered,Approved,3999
4535,3932,Changed my mind,Approved,1499
4536,2965,Item defective,Approved,199
4537,1706,Wrong item delivered,Rejected,1999
4538,3348,Wrong item delivered,Approved,299
4539,3505,Size issue,Requested,999
4540,2198,Size issue,Approved,1999
4541,2921,Wrong item delivered,Rejected,1499
4542,4334,Received duplicate item,Refunded,1999
4543,3912,Item defective,Rejected,299
4544,1943,"Late delivery, no longer needed",Approved,299
4545,2887,Size issue,Requested,1999
4546,2811,Product damaged,Picked Up,1499
4547,1966,Wrong item delivered,Approved,2999
4548,3607,Changed my mind,Rejected,3999
4549,3179,Received duplicate item,Picked Up,2999
4550,691,Size issue,Requested,2999
4551,4691,"Late delivery, no longer needed",Rejected,3999
4552,4456,"Late delivery, no longer needed",Approved,0
4553,2151,Wrong item delivered,Requested,299
4554,4267,Received duplicate item,Picked Up,1999
4555,2613,Item defective,Picked Up,199
4556,4787,Size issue,Refunded,3999
4557,3515,Quality not as expected,Approved,499
4558,3344,Wrong item delivered,Requested,199
4559,3461,Wrong item delivered,Approved,2999
4560,1414,Quality not as expected,Refunded,299
4561,3873,Product damaged,Refunded,999
4562,4763,"Late delivery, no longer needed",Refunded,1499
4563,1099,Size issue,Picked Up,0
4564,2175,Quality not as expected,Refunded,999
4565,2342,Size issue,Approved,1499
4566,3758,"Late delivery, no longer needed",Approved,1499
4567,1328,Product damaged,Refunded,499
4568,352,"Late delivery, no longer needed",Refunded,1499
4569,585,Product damaged,Picked Up,499
4570,2457,Size issue,Refunded,2999
4571,3933,Item defective,Rejected,1499
4572,3125,Item defective,Rejected,999
4573,687,Wrong item delivered,Approved,0
4574,4641,Product damaged,Picked Up,199
4575,1530,Changed my mind,Picked Up,3999
4576,2061,Item defective,Approved,2999
4577,2234,Wrong item delivered,Rejected,1999
4578,2625,Quality not as expected,Requested,2999
4579,1590,Quality not as expected,Rejected,3999
4580,2856,Received duplicate item,Requested,499
4581,3756,Wrong item delivered,Requested,1999
4582,1290,Wrong item delivered,Approved,999
4583,4398,Changed my mind,Approved,0
4584,1846,Changed my mind,Approved,0
4585,2328,Wrong item delivered,Approved,299
4586,38,Quality not as expected,Refunded,1999
4587,3730,Wrong item delivered,Rejected,0
4588,920,Product damaged,Rejected,999
4589,387,"Late delivery, no longer needed",Refunded,999
4590,2349,"Late delivery, no longer needed",Refunded,999
4591,397,Changed my mind,Requested,199
4592,782,Quality not as expected,Rejected,299
4593,4462,Received duplicate item,Requested,1999
4594,1786,"Late delivery, no longer needed",Rejected,3999
4595,2325,Changed my mind,Approved,2999
4596,1181,"Late delivery, no longer needed",Refunded,499
4597,116,Product damaged,Approved,0
4598,3481,Quality not as expected,Requested,1499
4599,4363,Wrong item delivered,Refunded,499
4600,3306,Size issue,Requested,299
4601,2249,Received duplicate item,Refunded,2999
4602,2485,Quality not as expected,Requested,299
4603,1087,Changed my mind,Refunded,2999
4604,4334,Quality not as expected,Requested,199
4605,2549,Product damaged,Approved,999
4606,3759,Received duplicate item,Picked Up,999
4607,999,Quality not as expected,Picked Up,0
4608,1259,Quality not as expected,Rejected,1499
4609,3451,Item defective,Rejected,0
4610,996,Size issue,Requested,1999
4611,1722,Item defective,Picked Up,3999
4612,810,Changed my mind,Requested,1999
4613,2537,Received duplicate item,Rejected,499
4614,4230,Item defective,Picked Up,0
4615,1720,Changed my mind,Requested,2999
4616,4872,Product damaged,Approved,3999
4617,3976,Quality not as expected,Approved,999
4618,1725,Product damaged,Picked Up,1999
4619,4262,Size issue,Approved,499
4620,1187,"Late delivery, no longer needed",Picked Up,199
4621,1287,Quality not as expected,Picked Up,0
4622,375,Product damaged,Requested,299
4623,3245,"Late delivery, no longer needed",Approved,2999
4624,1618,Quality not as expected,Picked Up,1999
4625,864,Size issue,Approved,199
4626,2562,Wrong item delivered,Requested,2999
4627,3102,Size issue,Requested,999
4628,1604,Product damaged,Refunded,299
4629,3171,Quality not as expected,Refunded,2999
4630,1625,Item defective,Requested,999
4631,3081,Product damaged,Requested,0
4632,756,Quality not as expected,Approved,1499
4633,4776,Wrong item delivered,Requested,2999
4634,4892,Quality not as expected,Picked Up,199
4635,4964,Changed my mind,Approved,1499
4636,1430,Wrong item delivered,Approved,299
4637,4857,Item defective,Refunded,0
4638,1868,Item defective,Refunded,999
4639,3980,Size issue,Approved,1999
4640,2410,Product damaged,Picked Up,3999
4641,387,Quality not as expected,Refunded,199
4642,1213,Size issue,Approved,3999
4643,2171,Product damaged,Picked Up,499
4644,3322,Item defective,Rejected,0
4645,2472,"Late delivery, no longer needed",Requested,999
4646,4079,Received duplicate item,Approved,199
4647,4358,"Late delivery, no longer needed",Rejected,499
4648,160,Wrong item delivered,Requested,999
4649,4720,Wrong item delivered,Approved,499
4650,4554,Wrong item delivered,Approved,2999
4651,1793,Received duplicate item,Rejected,1499
4652,179,Size issue,Picked Up,2999
4653,2240,Size issue,Rejected,999
4654,4112,"Late delivery, no longer needed",Refunded,3999
4655,561,Wrong item delivered,Approved,299
4656,657,Wrong item delivered,Rejected,299
4657,744,Changed my mind,Approved,2999
4658,3508,"Late delivery, no longer needed",Picked Up,1999
4659,3203,Product damaged,Requested,1499
4660,3015,Wrong item delivered,Picked Up,499
4661,1114,"Late delivery, no longer needed",Approved,3999
4662,2390,Item defective,Requested,299
4663,2188,Wrong item delivered,Rejected,3999
4664,2551,Received duplicate item,Rejected,299
4665,1064,Item defective,Requested,2999
4666,1247,"Late delivery, no longer needed",Refunded,2999
4667,2494,Received duplicate item,Rejected,999
4668,910,"Late delivery, no longer needed",Rejected,3999
4669,3960,Changed my mind,Requested,999
4670,1250,"Late delivery, no longer needed",Picked Up,3999
4671,2729,Item defective,Refunded,199
4672,3361,Item defective,Refunded,499
4673,1081,"Late delivery, no longer needed",Picked Up,3999
4674,2346,"Late delivery, no longer needed",Refunded,0
4675,2901,Quality not as expected,Requested,0
4676,3600,Size issue,Approved,199
4677,1927,"Late delivery, no longer needed",Refunded,0
4678,1863,Product damaged,Picked Up,1999
4679,2988,Product damaged,Picked Up,299
4680,3353,"Late delivery, no longer needed",Refunded,199
4681,4763,Wrong item delivered,Approved,199
4682,3675,Product damaged,Picked Up,499
4683,4710,Product damaged,Approved,199
4684,2861,"Late delivery, no longer needed",Refunded,499
4685,987,Size issue,Picked Up,1999
4686,4574,Size issue,Picked Up,3999
4687,213,Product damaged,Requested,199
4688,4768,"Late delivery, no longer needed",Refunded,299
4689,1328,Quality not as expected,Approved,499
4690,4881,Size issue,Rejected,0
4691,3407,Size issue,Approved,199
4692,3759,"Late delivery, no longer needed",Refunded,1499
4693,1618,"Late delivery, no longer needed",Picked Up,199
4694,4750,Item defective,Refunded,0
4695,381,"Late delivery, no longer needed",Picked Up,3999
4696,3336,"Late delivery, no longer needed",Refunded,299
4697,850,Size issue,Refunded,1999
4698,2711,"Late delivery, no longer needed",Rejected,1999
4699,1938,Item defective,Approved,299
4700,4080,Item defective,Requested,199
4701,4180,Quality not as expected,Requested,199
4702,2831,Changed my mind,Rejected,3999
4703,3932,Item defective,Requested,1999
4704,4058,Item defective,Approved,1999
4705,2009,Quality not as expected,Requested,299
4706,1865,Changed my mind,Approved,299
4707,2765,Changed my mind,Approved,2999
4708,1954,Changed my mind,Refunded,999
4709,1174,Item defective,Approved,299
4710,4172,Item defective,Rejected,199
4711,3580,Quality not as expected,Refunded,199
4712,2197,"Late delivery, no longer needed",Refunded,999
4713,66,Changed my mind,Picked Up,299
4714,1854,Received duplicate item,Requested,3999
4715,3763,Wrong item delivered,Rejected,3999
4716,2307,Received duplicate item,Picked Up,199
4717,492,Wrong item delivered,Rejected,499
4718,2023,Wrong item delivered,Approved,0
4719,3567,Item defective,Refunded,3999
4720,1901,"Late delivery, no longer needed",Requested,999
4721,2545,"Late delivery, no longer needed",Requested,299
4722,4335,Changed my mind,Requested,299
4723,3025,Changed my mind,Requested,199
4724,1202,Changed my mind,Approved,199
4725,3368,Quality not as expected,Requested,3999
4726,2646,Item defective,Picked Up,1999
4727,4942,"Late delivery, no longer needed",Picked Up,0
4728,2320,Item defective,Approved,499
4729,2706,Wrong item delivered,Approved,0
4730,746,Item defective,Approved,1999
4731,628,Size issue,Picked Up,0
4732,1794,Quality not as expected,Requested,499
4733,4320,Product damaged,Refunded,999
4734,3927,Wrong item delivered,Rejected,299
4735,732,Quality not as expected,Approved,999
4736,4761,Size issue,Picked Up,1499
4737,3352,Wrong item delivered,Refunded,999
4738,115,Size issue,Approved,199
4739,1861,Size issue,Approved,3999
4740,1006,Item defective,Picked Up,3999
4741,563,Changed my mind,Rejected,1499
4742,2622,Quality not as expected,Rejected,199
4743,765,Item defective,Picked Up,0
4744,4662,Size issue,Refunded,3999
4745,2866,"Late delivery, no longer needed",Picked Up,199
4746,4106,Product damaged,Approved,299
4747,4717,Quality not as expected,Picked Up,299
4748,2986,"Late delivery, no longer needed",Picked Up,2999
4749,4218,"Late delivery, no longer needed",Picked Up,0
4750,2542,Size issue,Requested,299
4751,3220,"Late delivery, no longer needed",Approved,1999
4752,3776,Received duplicate item,Requested,1999
4753,4653,Changed my mind,Rejected,0
4754,387,Product damaged,Approved,1499
4755,2122,Item defective,Approved,299
4756,1948,Product damaged,Picked Up,499
4757,3708,Wrong item delivered,Refunded,0
4758,2418,"Late delivery, no longer needed",Picked Up,2999
4759,105,Quality not as expected,Requested,1499
4760,3141,Changed my mind,Picked Up,199
4761,2623,Wrong item delivered,Picked Up,299
4762,2231,Product damaged,Requested,1499
4763,1343,"Late delivery, no longer needed",Rejected,1999
4764,1054,Changed my mind,Rejected,999
4765,1708,Product damaged,Requested,499
4766,2115,Size issue,Approved,1999
4767,3528,Received duplicate item,Refunded,199
4768,3101,Wrong item delivered,Rejected,199
4769,4047,Changed my mind,Approved,1999
4770,4025,"Late delivery, no longer needed",Refunded,999
4771,2427,Changed my mind,Rejected,1999
4772,2402,Received duplicate item,Picked Up,3999
4773,2156,"Late delivery, no longer needed",Picked Up,299
4774,1292,Size issue,Requested,499
4775,2201,Product damaged,Rejected,0
4776,4182,Item defective,Approved,1999
4777,3061,Size issue,Refunded,299
4778,4852,"Late delivery, no longer needed",Picked Up,1999
4779,1040,Changed my mind,Rejected,1499
4780,1830,"Late delivery, no longer needed",Requested,199
4781,252,Size issue,Approved,1999
4782,2492,Quality not as expected,Refunded,199
4783,7,Quality not as expected,Requested,1999
4784,2641,Item defective,Requested,2999
4785,4129,Product damaged,Approved,1999
4786,2383,"Late delivery, no longer needed",Refunded,2999
4787,2820,Changed my mind,Refunded,2999
4788,1798,"Late delivery, no longer needed",Requested,499
4789,2397,Changed my mind,Rejected,1999
4790,2527,Changed my mind,Approved,1499
4791,1880,Quality not as expected,Rejected,499
4792,1843,Size issue,Picked Up,999
4793,3131,Size issue,Requested,199
4794,3717,Changed my mind,Picked Up,1999
4795,4920,Quality not as expected,Rejected,499
4796,3949,Received duplicate item,Approved,0
4797,2793,Received duplicate item,Rejected,1499
4798,1217,Product damaged,Refunded,199
4799,1772,Item defective,Rejected,299
4800,490,Quality not as expected,Refunded,0
4801,1170,Changed my mind,Rejected,0
4802,1548,Received duplicate item,Picked Up,1499
4803,1523,Product damaged,Requested,0
4804,105,Quality not as expected,Requested,999
4805,4864,Item defective,Refunded,1499
4806,874,Item defective,Requested,0
4807,2002,Product damaged,Refunded,199
4808,656,Received duplicate item,Rejected,999
4809,2802,Size issue,Refunded,3999
4810,1419,Quality not as expected,Approved,1999
4811,1532,Item defective,Requested,0
4812,2674,Changed my mind,Requested,499
4813,3259,Item defective,Requested,299
4814,2177,Wrong item delivered,Rejected,1999
4815,4845,Changed my mind,Approved,0
4816,1118,Size issue,Approved,999
4817,4278,"Late delivery, no longer needed",Picked Up,2999
4818,3018,Received duplicate item,Approved,3999
4819,4049,Item defective,Refunded,1999
4820,4173,Size issue,Approved,3999
4821,4869,Product damaged,Picked Up,2999
4822,2963,Wrong item delivered,Rejected,299
4823,4268,Item defective,Picked Up,0
4824,4380,Wrong item delivered,Approved,199
4825,4983,Item defective,Approved,299
4826,3265,Wrong item delivered,Rejected,299
4827,3977,Wrong item delivered,Requested,299
4828,3322,Received duplicate item,Approved,2999
4829,4260,Quality not as expected,Refunded,199
4830,777,Quality not as expected,Refunded,499
4831,4276,Wrong item delivered,Approved,1499
4832,725,"Late delivery, no longer needed",Approved,499
4833,4525,Quality not as expected,Refunded,2999
4834,3192,"Late delivery, no longer needed",Picked Up,999
4835,3663,Changed my mind,Approved,0
4836,4376,"Late delivery, no longer needed",Picked Up,299
4837,3492,Quality not as expected,Refunded,3999
4838,4455,Received duplicate item,Rejected,2999
4839,3132,Quality not as expected,Picked Up,1499
4840,985,"Late delivery, no longer needed",Refunded,2999
4841,2832,Product damaged,Rejected,499
4842,1642,Size issue,Approved,499
4843,1128,Changed my mind,Refunded,2999
4844,1241,"Late delivery, no longer needed",Refunded,0
4845,77,Wrong item delivered,Requested,999
4846,1331,Size issue,Picked Up,0
4847,3511,Received duplicate item,Approved,0
4848,3796,Wrong item delivered,Approved,999
4849,3560,Wrong item delivered,Refunded,499
4850,2501,Product damaged,Approved,999
4851,664,Wrong item delivered,Picked Up,299
4852,928,Item defective,Picked Up,0
4853,1426,Quality not as expected,Refunded,499
4854,2340,Size issue,Picked Up,1499
4855,461,Wrong item delivered,Refunded,199
4856,4282,Product damaged,Picked Up,299
4857,4227,Received duplicate item,Rejected,0
4858,2054,Product damaged,Rejected,999
4859,2166,Changed my mind,Rejected,2999
4860,3761,"Late delivery, no longer needed",Approved,1999
4861,4409,Product damaged,Picked Up,499
4862,591,"Late delivery, no longer needed",Picked Up,0
4863,2211,Wrong item delivered,Refunded,499
4864,4979,Item defective,Rejected,2999
4865,2715,Item defective,Rejected,499
4866,2742,Changed my mind,Rejected,1999
4867,4456,Size issue,Approved,3999
4868,4301,"Late delivery, no longer needed",Approved,499
4869,3057,Size issue,Rejected,999
4870,2360,Item defective,Requested,199
4871,3112,Wrong item delivered,Refunded,999
4872,1881,Wrong item delivered,Rejected,2999
4873,3763,Received duplicate item,Refunded,3999
4874,2748,Item defective,Refunded,3999
4875,2894,Size issue,Rejected,1999
4876,4046,Wrong item delivered,Requested,1499
4877,4385,Changed my mind,Requested,199
4878,3339,Product damaged,Refunded,3999
4879,793,Item defective,Approved,1499
4880,707,Item defective,Requested,2999
4881,244,Wrong item delivered,Refunded,999
4882,3016,Item defective,Requested,199
4883,451,Wrong item delivered,Picked Up,199
4884,3274,Size issue,Requested,1999
4885,2010,Quality not as expected,Picked Up,0
4886,3786,Product damaged,Approved,299
4887,2273,Changed my mind,Rejected,0
4888,1306,Product damaged,Picked Up,2999
4889,4191,Quality not as expected,Rejected,0
4890,4973,Quality not as expected,Rejected,199
4891,2453,Item defective,Picked Up,0
4892,28,Product damaged,Rejected,499
4893,4390,Item defective,Approved,3999
4894,112,"Late delivery, no longer needed",Refunded,1999
4895,3309,"Late delivery, no longer needed",Rejected,3999
4896,657,Changed my mind,Requested,299
4897,49,Wrong item delivered,Approved,0
4898,4621,Wrong item delivered,Picked Up,299
4899,1357,Item defective,Requested,2999
4900,1827,Received duplicate item,Refunded,499
4901,3229,Quality not as expected,Picked Up,0
4902,1650,"Late delivery, no longer needed",Approved,1499
4903,1453,Item defective,Refunded,1999
4904,2224,Changed my mind,Rejected,499
4905,1382,Product damaged,Approved,999
4906,4153,Product damaged,Refunded,999
4907,45,Wrong item delivered,Approved,299
4908,2966,Size issue,Approved,199
4909,2451,Changed my mind,Picked Up,3999
4910,182,Changed my mind,Requested,499
4911,3864,Size issue,Refunded,1499
4912,3727,Received duplicate item,Approved,299
4913,220,Item defective,Approved,0
4914,3675,Quality not as expected,Rejected,0
4915,348,Size issue,Refunded,499
4916,4437,Received duplicate item,Rejected,2999
4917,1278,"Late delivery, no longer needed",Rejected,299
4918,773,Wrong item delivered,Picked Up,2999
4919,1290,Changed my mind,Refunded,299
4920,2289,Quality not as expected,Picked Up,0
4921,1442,Size issue,Refunded,499
4922,829,Received duplicate item,Picked Up,3999
4923,601,Received duplicate item,Refunded,299
4924,3158,Item defective,Picked Up,199
4925,356,Item defective,Refunded,2999
4926,1756,Wrong item delivered,Approved,2999
4927,4075,Product damaged,Refunded,199
4928,2312,Size issue,Requested,199
4929,530,Received duplicate item,Picked Up,0
4930,3195,Item defective,Refunded,3999
4931,2215,Item defective,Approved,1499
4932,192,Size issue,Requested,1499
4933,2606,Changed my mind,Picked Up,1499
4934,4151,Quality not as expected,Requested,299
4935,4590,Wrong item delivered,Approved,0
4936,1897,Product damaged,Requested,1999
4937,3076,Quality not as expected,Requested,1999
4938,3183,Size issue,Requested,0
4939,691,Received duplicate item,Picked Up,199
4940,858,Size issue,Requested,999
4941,1950,Wrong item delivered,Rejected,299
4942,2563,Item defective,Requested,999
4943,1648,Wrong item delivered,Rejected,1499
4944,2916,"Late delivery, no longer needed",Rejected,999
4945,685,Received duplicate item,Refunded,2999
4946,3751,Size issue,Refunded,3999
4947,3329,Changed my mind,Picked Up,199
4948,3982,Received duplicate item,Requested,1499
4949,2830,Item defective,Requested,499
4950,3968,Wrong item delivered,Rejected,199
4951,940,Changed my mind,Picked Up,2999
4952,2078,Size issue,Refunded,0
4953,3005,Size issue,Refunded,3999
4954,2867,"Late delivery, no longer needed",Refunded,3999
4955,629,Quality not as expected,Rejected,3999
4956,3672,"Late delivery, no longer needed",Approved,299
4957,3458,Wrong item delivered,Approved,999
4958,515,Wrong item delivered,Approved,2999
4959,4392,Product damaged,Requested,3999
4960,2246,Received duplicate item,Refunded,1999
4961,4099,Changed my mind,Rejected,2999
4962,4676,"Late delivery, no longer needed",Refunded,2999
4963,3978,Item defective,Approved,1999
4964,4742,Product damaged,Requested,1999
4965,1840,Size issue,Refunded,2999
4966,3263,Changed my mind,Refunded,3999
4967,1491,"Late delivery, no longer needed",Refunded,2999
4968,120,"Late delivery, no longer needed",Approved,3999
4969,19,Wrong item delivered,Refunded,0
4970,2009,Quality not as expected,Rejected,2999
4971,176,Changed my mind,Rejected,1499
4972,1361,"Late delivery, no longer needed",Requested,999
4973,4532,Product damaged,Refunded,199
4974,4612,Changed my mind,Rejected,299
4975,1104,Received duplicate item,Refunded,1999
4976,2145,Size issue,Refunded,2999
4977,4124,Changed my mind,Requested,999
4978,4374,Product damaged,Refunded,1999
4979,2801,Quality not as expected,Refunded,3999
4980,3510,"Late delivery, no longer needed",Approved,999
4981,3242,Quality not as expected,Requested,1999
4982,1807,Size issue,Rejected,299
4983,4058,Product damaged,Refunded,0
4984,4595,"Late delivery, no longer needed",Approved,499
4985,4155,Quality not as expected,Requested,999
4986,3008,Product damaged,Rejected,3999
4987,3284,Wrong item delivered,Rejected,499
4988,4269,Changed my mind,Approved,2999
4989,4258,Quality not as expected,Picked Up,199
4990,4115,Item defective,Refunded,3999
4991,1908,Received duplicate item,Approved,199
4992,778,Received duplicate item,Refunded,1499
4993,4308,Item defective,Rejected,999
4994,499,Quality not as expected,Refunded,299
4995,205,Product damaged,Refunded,3999
4996,1226,Changed my mind,Requested,999
4997,4709,Received duplicate item,Refunded,999
4998,2140,Size issue,Refunded,299
4999,1246,Item defective,Approved,299
5000,2609,Wrong item delivered,Picked Up,499
