ReviewID,ProductID,CustomerID,Rating,Comment,ReviewDate
1,2529,820,3,Average experience overall.,2020-01-28
2,1475,2268,5,"Excellent product, highly recommend!",2020-09-24
3,2475,1840,4,"Excellent product, highly recommend!",2025-03-30
4,1265,2158,3,Decent product for daily use.,2020-12-27
5,1906,4047,3,Average experience overall.,2023-12-17
6,2888,1359,5,"Exactly as described, satisfied.",2023-11-20
7,3331,1246,5,Fast delivery and great packaging.,2023-04-10
8,3583,4068,3,"Product is okay, does the job.",2022-10-17
9,4921,4424,4,"Superb product, exceeded expectations.",2021-01-08
10,4927,1594,1,Poor quality material used.,2020-11-08
11,3142,1833,2,Product stopped working after a week.,2020-11-01
12,2102,4771,3,Decent product for daily use.,2020-07-09
13,3351,1246,5,Fast delivery and great packaging.,2020-09-14
14,2746,3685,1,Poor quality material used.,2023-08-25
15,1244,2838,1,Delivery was delayed by many days.,2024-06-18
16,3242,2620,2,Packaging was damaged on arrival.,2021-08-04
17,4198,4560,2,Product stopped working after a week.,2025-06-29
18,2420,4904,4,Amazing value for money.,2020-03-12
19,774,669,5,"Great build quality, will buy again.",2023-09-11
20,2243,2280,5,Amazing value for money.,2020-11-02
21,2774,3633,3,"It's fine, nothing special.",2020-10-22
22,3342,2609,4,Very good quality for the price.,2026-05-05
23,3418,365,4,Amazing value for money.,2023-01-11
24,3716,3823,3,"It's fine, nothing special.",2023-03-08
25,1529,4731,3,"It's fine, nothing special.",2023-12-07
26,2825,4963,1,Item received was different from the picture.,2022-05-11
27,2118,1489,4,"Excellent product, highly recommend!",2021-04-11
28,3364,897,1,Disappointed with the purchase.,2023-07-26
29,3859,3845,2,Disappointed with the purchase.,2020-06-04
30,2546,3735,2,Packaging was damaged on arrival.,2021-10-23
31,4788,277,5,"Superb product, exceeded expectations.",2023-04-21
32,30,3450,5,"Works perfectly, no issues so far.",2024-03-24
33,1872,4283,4,Very good quality for the price.,2024-12-18
34,2752,1025,5,Very good quality for the price.,2021-09-27
35,3494,160,4,"Superb product, exceeded expectations.",2020-01-11
36,1169,4193,2,Product stopped working after a week.,2021-11-21
37,2877,3404,4,Amazing value for money.,2022-06-22
38,769,1587,5,Amazing value for money.,2023-01-24
39,533,3869,2,Poor quality material used.,2022-02-15
40,4760,453,5,"Excellent product, highly recommend!",2021-01-25
41,4461,4549,1,Delivery was delayed by many days.,2024-09-30
42,253,1029,4,"Works perfectly, no issues so far.",2020-10-15
43,2645,1039,1,Packaging was damaged on arrival.,2021-12-13
44,2290,241,4,Amazing value for money.,2024-01-17
45,2466,1640,1,Packaging was damaged on arrival.,2023-04-23
46,4750,4229,2,Delivery was delayed by many days.,2020-12-30
47,1871,3447,2,Packaging was damaged on arrival.,2026-04-20
48,3220,4784,1,Item received was different from the picture.,2024-11-24
49,2366,2752,2,"Not as expected, quality is average.",2024-03-10
50,888,698,4,"Superb product, exceeded expectations.",2024-04-20
51,4582,2565,1,Packaging was damaged on arrival.,2020-08-06
52,204,4515,2,Product stopped working after a week.,2023-12-06
53,3085,3544,1,Packaging was damaged on arrival.,2020-08-02
54,2479,2557,4,"Works perfectly, no issues so far.",2026-01-01
55,42,4249,5,"Works perfectly, no issues so far.",2022-03-25
56,223,3158,5,"Excellent product, highly recommend!",2022-05-15
57,167,3813,2,"Not as expected, quality is average.",2021-05-27
58,2414,1298,4,Very good quality for the price.,2023-01-28
59,490,4674,1,Item received was different from the picture.,2021-03-12
60,2738,1664,4,Amazing value for money.,2026-07-03
61,66,2654,5,Fast delivery and great packaging.,2021-04-21
62,3022,1845,3,"It's fine, nothing special.",2021-09-13
63,2708,4782,1,Disappointed with the purchase.,2025-04-24
64,3329,3583,3,"It's fine, nothing special.",2025-06-21
65,1875,1512,2,Product stopped working after a week.,2026-06-18
66,1732,1326,3,Average experience overall.,2020-02-15
67,3355,4604,5,Amazing value for money.,2022-11-10
68,4075,3590,4,"Works perfectly, no issues so far.",2020-01-07
69,3542,4256,5,"Works perfectly, no issues so far.",2023-10-10
70,1407,3430,3,"It's fine, nothing special.",2026-06-10
71,1253,2671,3,Decent product for daily use.,2021-10-03
72,1902,2605,5,Fast delivery and great packaging.,2023-09-16
73,725,1742,1,"Not as expected, quality is average.",2026-06-19
74,2862,3925,4,Fast delivery and great packaging.,2026-07-09
75,872,54,1,Packaging was damaged on arrival.,2021-04-20
76,735,4321,3,"Product is okay, does the job.",2024-03-29
77,946,3330,3,Average experience overall.,2020-11-03
78,1615,2595,1,Not worth the price.,2026-06-20
79,3717,397,3,Average experience overall.,2025-04-06
80,2024,4566,4,"Superb product, exceeded expectations.",2025-12-05
81,3898,3504,5,"Works perfectly, no issues so far.",2025-03-12
82,1398,4345,2,Delivery was delayed by many days.,2023-01-09
83,403,3272,3,"It's fine, nothing special.",2021-10-15
84,1223,1734,3,"Product is okay, does the job.",2021-10-05
85,4435,965,3,"Product is okay, does the job.",2024-07-12
86,4698,1482,3,Decent product for daily use.,2024-10-11
87,1125,2326,4,"Excellent product, highly recommend!",2023-03-23
88,1048,4198,1,Poor quality material used.,2022-08-08
89,3433,2779,4,"Great build quality, will buy again.",2023-07-12
90,2460,4221,5,"Great build quality, will buy again.",2022-08-06
91,96,1021,2,Delivery was delayed by many days.,2022-03-19
92,4151,1073,4,Amazing value for money.,2021-06-30
93,3291,3102,1,Product stopped working after a week.,2025-04-30
94,1616,1169,5,"Exactly as described, satisfied.",2020-09-24
95,2225,502,3,Average experience overall.,2021-07-22
96,3510,1357,3,Average experience overall.,2022-06-16
97,51,1255,3,Average experience overall.,2020-02-23
98,2725,1687,3,Average experience overall.,2024-12-15
99,1403,52,4,Amazing value for money.,2022-03-06
100,1383,792,1,Not worth the price.,2022-12-09
101,4071,1061,5,"Works perfectly, no issues so far.",2022-08-03
102,4646,1199,5,"Exactly as described, satisfied.",2020-09-14
103,435,2933,5,"Superb product, exceeded expectations.",2024-12-12
104,3832,938,4,"Exactly as described, satisfied.",2026-07-14
105,485,3101,2,Product stopped working after a week.,2023-01-06
106,1467,3907,4,"Works perfectly, no issues so far.",2024-03-02
107,4922,4229,5,"Superb product, exceeded expectations.",2022-05-05
108,3540,2306,2,Disappointed with the purchase.,2020-11-11
109,4770,491,1,Not worth the price.,2020-08-06
110,498,251,5,Amazing value for money.,2020-10-30
111,3534,1527,5,"Excellent product, highly recommend!",2025-10-23
112,1383,1699,5,Amazing value for money.,2021-07-12
113,2977,3495,5,Very good quality for the price.,2023-12-02
114,1652,2638,2,Packaging was damaged on arrival.,2020-10-04
115,4988,1632,1,Item received was different from the picture.,2023-10-26
116,1037,2727,1,Delivery was delayed by many days.,2020-06-13
117,2675,2758,4,Amazing value for money.,2021-10-17
118,4428,4717,3,Decent product for daily use.,2024-03-04
119,4584,4376,5,Very good quality for the price.,2024-05-09
120,3783,43,3,Decent product for daily use.,2021-02-22
121,1468,4332,4,"Superb product, exceeded expectations.",2024-06-22
122,664,3040,5,"Exactly as described, satisfied.",2023-05-18
123,4576,533,2,Item received was different from the picture.,2026-02-22
124,2711,2069,5,Fast delivery and great packaging.,2025-06-06
125,1498,4246,5,Fast delivery and great packaging.,2025-05-23
126,3992,1079,3,"Product is okay, does the job.",2020-08-17
127,1588,727,2,Disappointed with the purchase.,2021-08-29
128,4131,4933,3,Average experience overall.,2022-02-25
129,4621,2041,4,Amazing value for money.,2025-02-09
130,4692,1327,1,Item received was different from the picture.,2020-12-13
131,1560,2750,1,Disappointed with the purchase.,2025-03-19
132,1218,2493,2,Not worth the price.,2022-01-12
133,947,2205,2,Poor quality material used.,2025-08-29
134,2462,3587,2,Item received was different from the picture.,2020-04-29
135,4333,1137,4,"Works perfectly, no issues so far.",2025-03-10
136,3553,2201,3,"It's fine, nothing special.",2024-05-06
137,1402,3890,4,"Works perfectly, no issues so far.",2024-01-04
138,2028,126,4,"Works perfectly, no issues so far.",2023-11-19
139,2432,730,3,"It's fine, nothing special.",2022-01-29
140,666,57,2,Product stopped working after a week.,2025-02-03
141,4606,3464,2,Disappointed with the purchase.,2023-11-27
142,586,3060,4,"Exactly as described, satisfied.",2024-10-25
143,1742,3308,3,Average experience overall.,2020-01-05
144,3202,4698,4,Very good quality for the price.,2026-06-23
145,1322,3600,5,"Works perfectly, no issues so far.",2024-10-29
146,1113,2387,1,Poor quality material used.,2023-12-05
147,322,2767,2,"Not as expected, quality is average.",2024-02-21
148,4180,2772,5,"Works perfectly, no issues so far.",2021-07-15
149,3615,1862,2,Product stopped working after a week.,2025-07-06
150,1404,3443,5,Very good quality for the price.,2022-04-06
151,526,1623,1,"Not as expected, quality is average.",2026-03-08
152,2534,2607,2,"Not as expected, quality is average.",2021-04-18
153,454,2277,1,Delivery was delayed by many days.,2025-01-22
154,860,2455,2,Item received was different from the picture.,2023-01-07
155,4530,3212,5,"Superb product, exceeded expectations.",2024-05-03
156,3442,1366,4,"Excellent product, highly recommend!",2020-03-18
157,934,1470,3,Average experience overall.,2026-07-31
158,52,2528,4,"Great build quality, will buy again.",2023-04-08
159,1029,3489,3,"It's fine, nothing special.",2023-12-18
160,3551,3855,3,"Product is okay, does the job.",2023-02-06
161,1849,1188,5,Very good quality for the price.,2021-02-02
162,2362,2166,4,"Exactly as described, satisfied.",2021-08-13
163,3500,477,1,Not worth the price.,2024-03-27
164,2168,3662,4,Very good quality for the price.,2025-08-27
165,4130,274,4,"Works perfectly, no issues so far.",2023-04-26
166,964,4885,2,Not worth the price.,2022-05-27
167,3243,1645,4,Very good quality for the price.,2023-06-30
168,4822,2762,4,"Great build quality, will buy again.",2026-04-20
169,1767,1908,2,Not worth the price.,2021-04-22
170,1805,2636,5,Very good quality for the price.,2023-08-14
171,4400,2706,3,"It's fine, nothing special.",2021-03-01
172,3118,1045,2,Disappointed with the purchase.,2025-06-30
173,1764,950,5,Very good quality for the price.,2023-03-02
174,4716,2419,2,"Not as expected, quality is average.",2022-02-25
175,2291,3196,2,Poor quality material used.,2022-10-18
176,2766,1408,3,Decent product for daily use.,2020-08-19
177,570,1082,5,"Superb product, exceeded expectations.",2023-01-09
178,3100,4501,4,"Excellent product, highly recommend!",2024-02-14
179,2194,3411,3,Decent product for daily use.,2022-10-09
180,2947,3295,3,Decent product for daily use.,2023-01-18
181,648,831,3,Average experience overall.,2025-08-31
182,96,4973,3,Average experience overall.,2024-02-04
183,1769,4427,2,Item received was different from the picture.,2026-04-05
184,3999,3246,4,Amazing value for money.,2021-04-13
185,4656,4690,4,Very good quality for the price.,2021-09-19
186,4415,2872,4,Very good quality for the price.,2022-09-17
187,4337,692,3,Decent product for daily use.,2021-09-18
188,9,3874,2,Product stopped working after a week.,2020-11-24
189,3583,43,3,Decent product for daily use.,2023-03-14
190,636,4662,3,Decent product for daily use.,2023-08-30
191,3279,787,5,"Superb product, exceeded expectations.",2022-04-04
192,1835,2038,3,"It's fine, nothing special.",2021-08-20
193,2558,346,5,"Superb product, exceeded expectations.",2020-04-04
194,4451,3925,4,"Works perfectly, no issues so far.",2026-07-02
195,654,2118,1,Disappointed with the purchase.,2026-06-23
196,738,1796,5,"Works perfectly, no issues so far.",2020-06-01
197,4721,2417,4,Very good quality for the price.,2021-11-20
198,583,741,3,Decent product for daily use.,2023-01-15
199,784,724,5,"Excellent product, highly recommend!",2024-08-26
200,2284,1633,1,Item received was different from the picture.,2022-10-09
201,3658,3479,1,Delivery was delayed by many days.,2024-07-17
202,4543,1550,2,Item received was different from the picture.,2021-02-26
203,1717,2794,4,Fast delivery and great packaging.,2025-10-26
204,405,225,5,Fast delivery and great packaging.,2020-11-15
205,2081,2559,4,"Exactly as described, satisfied.",2026-03-01
206,3834,1714,5,"Great build quality, will buy again.",2023-11-11
207,2195,1861,2,Product stopped working after a week.,2021-10-31
208,2370,4843,4,Fast delivery and great packaging.,2020-05-20
209,4593,2981,3,"It's fine, nothing special.",2022-03-22
210,320,4884,1,Product stopped working after a week.,2025-06-08
211,4801,3891,2,Poor quality material used.,2025-05-16
212,3867,3792,2,Delivery was delayed by many days.,2024-08-05
213,422,4557,5,"Superb product, exceeded expectations.",2022-01-29
214,4370,2257,4,Amazing value for money.,2023-03-20
215,2842,483,4,"Works perfectly, no issues so far.",2023-10-10
216,1952,4429,2,Delivery was delayed by many days.,2021-11-14
217,1197,3630,4,Fast delivery and great packaging.,2020-06-16
218,29,3378,4,"Exactly as described, satisfied.",2022-07-08
219,1415,4719,3,"It's fine, nothing special.",2021-05-11
220,3716,4912,1,Disappointed with the purchase.,2024-08-20
221,2554,2421,5,"Excellent product, highly recommend!",2024-03-19
222,1062,4320,5,"Superb product, exceeded expectations.",2020-07-04
223,2978,1113,4,Very good quality for the price.,2021-01-02
224,2836,3593,4,Amazing value for money.,2025-12-19
225,703,543,2,"Not as expected, quality is average.",2026-04-09
226,2587,3746,3,Decent product for daily use.,2026-02-01
227,3012,2342,1,"Not as expected, quality is average.",2023-04-27
228,4436,2018,5,Fast delivery and great packaging.,2026-05-01
229,3847,2368,1,Disappointed with the purchase.,2025-12-22
230,526,492,3,"Product is okay, does the job.",2021-07-21
231,1902,1149,1,Disappointed with the purchase.,2025-09-24
232,459,2939,4,"Superb product, exceeded expectations.",2020-09-17
233,510,3353,4,"Excellent product, highly recommend!",2024-08-31
234,3472,1536,5,"Excellent product, highly recommend!",2021-11-20
235,1422,28,5,"Excellent product, highly recommend!",2020-09-21
236,1384,390,4,"Great build quality, will buy again.",2023-06-10
237,4854,3747,4,Amazing value for money.,2026-07-25
238,2562,1226,2,Poor quality material used.,2022-03-21
239,191,4026,2,Disappointed with the purchase.,2025-09-13
240,2727,3195,3,Decent product for daily use.,2025-05-12
241,4211,4633,2,Disappointed with the purchase.,2022-07-03
242,4323,2091,3,Average experience overall.,2022-03-07
243,4937,1006,3,"It's fine, nothing special.",2023-04-01
244,1278,2448,3,Average experience overall.,2026-08-04
245,4179,2189,1,Product stopped working after a week.,2025-07-30
246,4358,3267,3,Decent product for daily use.,2021-07-12
247,2504,1785,4,"Excellent product, highly recommend!",2023-01-13
248,4549,856,4,Very good quality for the price.,2022-08-21
249,1838,4076,1,Poor quality material used.,2021-06-24
250,750,2224,1,Packaging was damaged on arrival.,2020-02-02
251,182,2151,2,Not worth the price.,2020-10-28
252,4909,48,2,Packaging was damaged on arrival.,2023-11-05
253,2554,4616,1,Item received was different from the picture.,2024-05-24
254,1212,4644,4,"Exactly as described, satisfied.",2020-01-25
255,4122,4806,1,Not worth the price.,2021-01-08
256,368,1960,3,"Product is okay, does the job.",2026-01-17
257,1146,3279,3,Decent product for daily use.,2023-10-21
258,3218,2236,3,Average experience overall.,2020-10-22
259,1141,253,2,Packaging was damaged on arrival.,2024-10-26
260,3153,2000,1,Item received was different from the picture.,2021-11-07
261,4650,1700,5,Fast delivery and great packaging.,2021-01-24
262,2961,4349,3,"It's fine, nothing special.",2023-05-29
263,3081,303,2,Disappointed with the purchase.,2020-12-08
264,843,4805,3,"It's fine, nothing special.",2025-01-19
265,1754,3174,4,"Exactly as described, satisfied.",2020-07-29
266,4173,2975,1,Delivery was delayed by many days.,2020-07-17
267,3395,2927,2,Poor quality material used.,2023-05-12
268,1176,338,5,"Exactly as described, satisfied.",2026-03-01
269,350,4956,5,"Great build quality, will buy again.",2025-12-02
270,3535,4920,1,"Not as expected, quality is average.",2023-11-11
271,4397,1763,5,"Excellent product, highly recommend!",2025-02-02
272,758,3570,2,"Not as expected, quality is average.",2020-04-25
273,2691,1846,5,"Exactly as described, satisfied.",2025-11-25
274,809,1501,4,"Superb product, exceeded expectations.",2025-08-20
275,3491,700,1,Packaging was damaged on arrival.,2024-08-28
276,710,2461,5,Very good quality for the price.,2022-03-23
277,3313,2424,3,"It's fine, nothing special.",2022-08-02
278,4115,1099,4,"Excellent product, highly recommend!",2021-07-02
279,661,1105,1,Packaging was damaged on arrival.,2020-11-06
280,495,4458,3,Decent product for daily use.,2026-05-04
281,974,4133,5,Very good quality for the price.,2020-02-04
282,504,2473,4,"Excellent product, highly recommend!",2023-04-11
283,2524,794,5,"Superb product, exceeded expectations.",2021-03-31
284,3862,736,1,Delivery was delayed by many days.,2022-02-23
285,4616,2529,4,Very good quality for the price.,2022-12-05
286,3491,3057,4,"Superb product, exceeded expectations.",2023-07-31
287,168,533,4,Amazing value for money.,2025-10-01
288,3451,635,2,Packaging was damaged on arrival.,2024-01-05
289,2356,3811,2,Packaging was damaged on arrival.,2025-01-10
290,623,1994,5,Fast delivery and great packaging.,2022-03-10
291,3488,2699,1,Item received was different from the picture.,2026-03-09
292,2428,4932,3,Decent product for daily use.,2025-06-28
293,1858,2036,3,Decent product for daily use.,2023-08-06
294,1292,437,5,"Works perfectly, no issues so far.",2025-03-19
295,1540,1036,4,Fast delivery and great packaging.,2024-10-26
296,3620,1449,3,"Product is okay, does the job.",2024-06-23
297,1533,2172,5,"Excellent product, highly recommend!",2020-10-22
298,3186,2483,1,"Not as expected, quality is average.",2020-07-10
299,2219,2794,2,Disappointed with the purchase.,2020-05-17
300,3274,2158,1,Not worth the price.,2021-10-25
301,3890,2296,1,Packaging was damaged on arrival.,2023-11-29
302,3636,988,5,"Superb product, exceeded expectations.",2020-04-04
303,1178,1006,4,Fast delivery and great packaging.,2023-07-19
304,3384,3463,3,Average experience overall.,2022-03-01
305,1282,188,1,Delivery was delayed by many days.,2021-03-07
306,1292,1774,1,Delivery was delayed by many days.,2024-07-11
307,1518,2603,1,"Not as expected, quality is average.",2021-06-03
308,4041,1047,1,Poor quality material used.,2025-09-19
309,2094,1657,4,"Great build quality, will buy again.",2023-03-15
310,3952,4321,1,Disappointed with the purchase.,2025-12-10
311,3762,2213,3,Average experience overall.,2020-08-01
312,3031,4908,3,Decent product for daily use.,2022-09-21
313,1482,2493,3,Average experience overall.,2026-01-07
314,4277,2810,2,Disappointed with the purchase.,2024-09-26
315,1891,4812,4,"Excellent product, highly recommend!",2023-07-20
316,2094,2237,3,Decent product for daily use.,2025-10-13
317,2930,1301,2,Not worth the price.,2022-09-20
318,3338,622,2,Disappointed with the purchase.,2025-12-31
319,4670,367,3,Decent product for daily use.,2025-07-30
320,258,4098,3,Average experience overall.,2024-11-26
321,1365,2853,2,Disappointed with the purchase.,2021-04-12
322,553,1428,1,Disappointed with the purchase.,2023-12-18
323,3053,4822,3,"Product is okay, does the job.",2020-08-30
324,4875,4420,5,"Great build quality, will buy again.",2022-04-08
325,4759,2987,4,Amazing value for money.,2025-06-06
326,22,1069,3,"Product is okay, does the job.",2022-06-28
327,1701,3918,1,Product stopped working after a week.,2022-11-07
328,3512,4209,2,Disappointed with the purchase.,2024-11-02
329,2226,3083,2,Poor quality material used.,2020-07-24
330,144,2048,5,"Exactly as described, satisfied.",2021-03-30
331,1333,1034,5,"Excellent product, highly recommend!",2025-05-21
332,3095,4357,5,"Great build quality, will buy again.",2020-07-14
333,234,3556,4,"Exactly as described, satisfied.",2022-09-29
334,247,4655,1,Poor quality material used.,2025-06-20
335,316,598,1,Delivery was delayed by many days.,2022-12-09
336,850,987,1,Item received was different from the picture.,2022-05-10
337,4964,4005,4,"Excellent product, highly recommend!",2025-10-09
338,4470,2303,1,Item received was different from the picture.,2025-07-25
339,2269,2841,2,Not worth the price.,2025-10-05
340,1736,2648,5,"Exactly as described, satisfied.",2026-03-14
341,385,2140,3,"It's fine, nothing special.",2020-03-15
342,4039,2696,3,"Product is okay, does the job.",2024-11-05
343,4570,3115,2,Item received was different from the picture.,2020-08-10
344,1842,2997,5,"Exactly as described, satisfied.",2020-06-25
345,874,342,3,"It's fine, nothing special.",2022-02-23
346,3209,3144,4,"Works perfectly, no issues so far.",2022-07-20
347,372,442,1,"Not as expected, quality is average.",2023-02-21
348,1958,3931,1,Not worth the price.,2025-07-17
349,4392,2950,1,Not worth the price.,2025-11-06
350,4613,4144,4,"Great build quality, will buy again.",2024-11-19
351,1209,4448,1,Poor quality material used.,2023-04-24
352,1195,1583,5,"Superb product, exceeded expectations.",2020-04-29
353,2030,1671,3,Decent product for daily use.,2022-01-16
354,2326,1025,3,Average experience overall.,2021-04-26
355,794,4597,4,Very good quality for the price.,2020-05-05
356,1724,687,5,"Works perfectly, no issues so far.",2023-08-12
357,3618,1905,4,"Excellent product, highly recommend!",2023-06-27
358,3585,1121,5,"Works perfectly, no issues so far.",2023-01-26
359,4653,1126,1,Item received was different from the picture.,2023-05-02
360,4781,1413,2,Product stopped working after a week.,2020-09-08
361,1149,2160,4,"Great build quality, will buy again.",2025-01-16
362,2821,3794,2,"Not as expected, quality is average.",2021-07-17
363,4834,144,1,Disappointed with the purchase.,2024-07-21
364,3430,259,5,Fast delivery and great packaging.,2024-06-16
365,4286,210,3,"Product is okay, does the job.",2022-12-11
366,1080,4097,3,Decent product for daily use.,2021-02-09
367,1913,3740,3,Average experience overall.,2022-01-03
368,327,3295,3,"Product is okay, does the job.",2022-05-11
369,1289,2172,3,"It's fine, nothing special.",2021-02-21
370,4767,3234,3,Average experience overall.,2022-09-16
371,168,3632,5,"Superb product, exceeded expectations.",2022-03-08
372,4727,2543,2,Packaging was damaged on arrival.,2026-03-25
373,3412,3609,1,Not worth the price.,2021-08-06
374,1403,4240,2,Product stopped working after a week.,2021-10-27
375,448,3423,4,"Excellent product, highly recommend!",2025-04-18
376,2988,578,4,"Superb product, exceeded expectations.",2025-09-20
377,935,4128,1,Packaging was damaged on arrival.,2021-02-14
378,589,69,3,"It's fine, nothing special.",2021-09-12
379,4711,831,2,"Not as expected, quality is average.",2021-03-14
380,1114,2975,5,Very good quality for the price.,2020-07-20
381,4017,118,1,Poor quality material used.,2022-03-06
382,2589,803,3,Average experience overall.,2026-06-08
383,1935,292,1,"Not as expected, quality is average.",2022-05-28
384,3491,4988,4,"Great build quality, will buy again.",2020-07-19
385,709,2955,3,Average experience overall.,2024-11-15
386,4159,3019,5,Fast delivery and great packaging.,2020-12-26
387,4116,1758,5,"Exactly as described, satisfied.",2020-09-27
388,2944,3828,1,Packaging was damaged on arrival.,2024-05-18
389,589,4478,1,Disappointed with the purchase.,2023-03-12
390,3529,226,3,Average experience overall.,2020-01-23
391,1470,2849,5,"Superb product, exceeded expectations.",2024-06-04
392,1564,4294,5,"Great build quality, will buy again.",2024-09-30
393,214,2081,3,"Product is okay, does the job.",2024-08-10
394,1219,179,3,"It's fine, nothing special.",2024-04-05
395,4178,3056,4,Very good quality for the price.,2026-03-01
396,2582,2174,4,"Works perfectly, no issues so far.",2023-04-30
397,4598,945,1,Item received was different from the picture.,2021-12-23
398,3820,4324,2,"Not as expected, quality is average.",2025-09-18
399,2610,713,5,Fast delivery and great packaging.,2024-03-10
400,1956,3988,2,Not worth the price.,2020-01-14
401,3054,2360,3,Decent product for daily use.,2025-11-09
402,3784,4109,5,"Works perfectly, no issues so far.",2026-01-23
403,2391,3908,1,Disappointed with the purchase.,2024-03-02
404,2061,4973,4,"Works perfectly, no issues so far.",2025-12-17
405,511,353,2,Not worth the price.,2020-09-30
406,279,4331,3,"It's fine, nothing special.",2021-09-20
407,4740,58,3,Decent product for daily use.,2023-04-07
408,1765,4480,3,Decent product for daily use.,2024-07-31
409,2423,1146,5,"Superb product, exceeded expectations.",2026-04-11
410,4167,2669,3,"Product is okay, does the job.",2026-02-23
411,4748,1465,1,Packaging was damaged on arrival.,2021-05-06
412,812,3665,1,Poor quality material used.,2021-12-30
413,2842,4910,2,Packaging was damaged on arrival.,2020-04-16
414,1593,1912,2,Not worth the price.,2024-02-04
415,1430,2593,3,"Product is okay, does the job.",2022-07-11
416,3980,604,3,"It's fine, nothing special.",2024-07-22
417,2018,2597,4,"Exactly as described, satisfied.",2025-03-13
418,3075,4745,4,"Excellent product, highly recommend!",2025-08-07
419,359,3851,2,Delivery was delayed by many days.,2024-04-25
420,276,2087,1,Delivery was delayed by many days.,2021-02-15
421,362,2398,3,"Product is okay, does the job.",2023-11-21
422,4124,2949,2,Item received was different from the picture.,2023-01-02
423,3507,4607,3,Average experience overall.,2022-03-08
424,4281,1429,5,Amazing value for money.,2026-03-19
425,741,4062,5,Fast delivery and great packaging.,2024-07-23
426,2017,3646,3,Average experience overall.,2024-12-21
427,4038,3858,4,"Exactly as described, satisfied.",2024-03-08
428,428,3747,4,"Works perfectly, no issues so far.",2022-11-26
429,4521,3570,5,"Great build quality, will buy again.",2026-07-29
430,2410,3463,5,"Great build quality, will buy again.",2021-06-16
431,2139,3040,4,"Great build quality, will buy again.",2024-02-19
432,1020,2167,4,"Superb product, exceeded expectations.",2025-03-16
433,3893,4865,3,"It's fine, nothing special.",2020-03-12
434,4197,2139,2,Disappointed with the purchase.,2022-05-31
435,3937,3336,2,Delivery was delayed by many days.,2025-12-09
436,746,4092,1,Disappointed with the purchase.,2020-07-26
437,62,698,1,Not worth the price.,2020-07-24
438,2724,1572,1,Poor quality material used.,2026-07-31
439,3074,3623,2,Disappointed with the purchase.,2020-04-21
440,4691,1872,4,"Superb product, exceeded expectations.",2025-10-28
441,4614,304,3,"It's fine, nothing special.",2020-05-01
442,1975,2017,5,"Excellent product, highly recommend!",2025-09-01
443,2249,4477,3,Average experience overall.,2023-05-05
444,1573,4095,4,"Excellent product, highly recommend!",2025-12-04
445,1382,3458,2,Disappointed with the purchase.,2024-08-21
446,374,2236,4,"Works perfectly, no issues so far.",2024-07-30
447,743,3945,4,"Excellent product, highly recommend!",2021-07-19
448,941,1430,2,Disappointed with the purchase.,2025-04-05
449,971,556,2,Delivery was delayed by many days.,2025-08-13
450,1659,3297,4,"Exactly as described, satisfied.",2021-06-25
451,1975,2690,3,Decent product for daily use.,2020-03-31
452,3590,2094,3,Decent product for daily use.,2020-01-09
453,1847,4187,4,"Superb product, exceeded expectations.",2022-08-13
454,1096,3176,2,Delivery was delayed by many days.,2023-11-19
455,4165,2226,1,Item received was different from the picture.,2021-07-07
456,1937,2489,4,Very good quality for the price.,2021-03-03
457,959,4778,4,"Superb product, exceeded expectations.",2020-05-09
458,2669,3481,4,"Excellent product, highly recommend!",2026-01-12
459,852,4913,3,Decent product for daily use.,2022-11-23
460,175,4931,5,"Exactly as described, satisfied.",2021-08-30
461,4686,2703,4,Amazing value for money.,2021-10-27
462,4005,1573,3,Average experience overall.,2025-08-07
463,4610,732,5,"Great build quality, will buy again.",2024-04-24
464,3386,81,4,Very good quality for the price.,2021-09-11
465,3426,2486,1,Disappointed with the purchase.,2025-05-03
466,3216,3689,1,Not worth the price.,2021-10-13
467,370,2654,1,"Not as expected, quality is average.",2026-04-11
468,745,2830,2,Product stopped working after a week.,2021-08-10
469,849,4279,5,Fast delivery and great packaging.,2023-05-11
470,2408,1557,3,"Product is okay, does the job.",2022-02-06
471,4015,464,1,Packaging was damaged on arrival.,2022-09-11
472,1084,580,5,"Excellent product, highly recommend!",2025-09-02
473,2460,251,5,"Works perfectly, no issues so far.",2021-12-14
474,4836,3368,4,"Excellent product, highly recommend!",2024-07-17
475,2628,1108,4,Amazing value for money.,2022-03-31
476,4610,608,3,Average experience overall.,2020-06-06
477,272,1743,2,Product stopped working after a week.,2021-07-29
478,4212,2018,4,"Exactly as described, satisfied.",2020-02-24
479,3389,457,1,Packaging was damaged on arrival.,2023-10-28
480,2940,2843,4,Amazing value for money.,2026-01-15
481,2966,660,1,Item received was different from the picture.,2021-02-13
482,3161,928,3,"Product is okay, does the job.",2022-05-28
483,1473,829,2,Not worth the price.,2026-06-01
484,2191,2955,1,"Not as expected, quality is average.",2025-12-13
485,1802,1973,3,Decent product for daily use.,2025-04-08
486,539,2855,3,Decent product for daily use.,2021-09-02
487,3693,1260,4,Very good quality for the price.,2023-02-16
488,1792,3125,5,Very good quality for the price.,2024-07-17
489,685,1330,1,Item received was different from the picture.,2022-11-06
490,3881,4628,5,"Works perfectly, no issues so far.",2021-01-31
491,4169,2509,5,Very good quality for the price.,2021-12-30
492,4575,2505,2,Packaging was damaged on arrival.,2024-03-21
493,3698,154,1,"Not as expected, quality is average.",2023-03-12
494,431,4820,3,Average experience overall.,2022-12-14
495,2107,4873,5,Amazing value for money.,2026-06-09
496,3040,3492,3,Decent product for daily use.,2023-06-29
497,1780,1762,3,"Product is okay, does the job.",2021-06-04
498,484,4193,2,Packaging was damaged on arrival.,2024-06-28
499,4341,253,1,Disappointed with the purchase.,2021-05-16
500,2445,471,4,"Superb product, exceeded expectations.",2020-06-01
501,1805,1401,1,Poor quality material used.,2023-09-28
502,2583,1262,2,Packaging was damaged on arrival.,2022-05-23
503,1463,3568,1,Delivery was delayed by many days.,2020-12-06
504,2301,168,1,Product stopped working after a week.,2025-10-02
505,4278,498,3,Average experience overall.,2020-02-02
506,3846,4827,1,Item received was different from the picture.,2022-08-31
507,1675,4785,1,Delivery was delayed by many days.,2025-10-08
508,3809,4014,3,"It's fine, nothing special.",2023-03-08
509,460,780,4,"Exactly as described, satisfied.",2022-07-18
510,2578,1489,2,Item received was different from the picture.,2022-02-20
511,704,489,2,Disappointed with the purchase.,2023-09-13
512,1617,2739,4,"Works perfectly, no issues so far.",2020-05-30
513,1670,1943,3,Decent product for daily use.,2022-04-05
514,1810,2431,2,Poor quality material used.,2020-07-21
515,166,3668,4,"Exactly as described, satisfied.",2024-10-03
516,73,4218,1,Item received was different from the picture.,2020-12-23
517,4712,143,2,Disappointed with the purchase.,2024-06-23
518,3500,3624,2,"Not as expected, quality is average.",2020-01-30
519,2470,3363,4,"Exactly as described, satisfied.",2020-05-07
520,4879,3929,2,Packaging was damaged on arrival.,2023-01-17
521,4883,358,5,Amazing value for money.,2024-10-04
522,2267,4242,5,Amazing value for money.,2025-07-30
523,4534,1445,1,Poor quality material used.,2024-05-20
524,3907,2778,4,Very good quality for the price.,2025-08-31
525,2123,2429,2,Delivery was delayed by many days.,2020-12-26
526,3439,4853,5,Very good quality for the price.,2020-10-26
527,3225,2882,2,Not worth the price.,2022-01-24
528,4372,2208,2,Packaging was damaged on arrival.,2022-06-21
529,3753,235,2,Packaging was damaged on arrival.,2021-04-21
530,2305,3737,2,Disappointed with the purchase.,2026-05-17
531,4624,36,2,Not worth the price.,2023-06-03
532,799,478,2,Product stopped working after a week.,2024-04-13
533,4194,1135,1,Delivery was delayed by many days.,2020-04-30
534,2875,660,5,Fast delivery and great packaging.,2023-04-13
535,2534,2428,4,"Exactly as described, satisfied.",2021-07-01
536,4089,46,1,"Not as expected, quality is average.",2021-06-20
537,468,1457,2,Packaging was damaged on arrival.,2024-09-06
538,248,1158,1,Packaging was damaged on arrival.,2025-12-27
539,4444,2872,1,Not worth the price.,2023-01-26
540,4268,1817,4,Fast delivery and great packaging.,2020-08-14
541,3846,3559,4,"Great build quality, will buy again.",2023-08-01
542,1680,5000,2,Disappointed with the purchase.,2022-06-11
543,1774,4246,4,"Superb product, exceeded expectations.",2025-11-05
544,3993,2244,4,Very good quality for the price.,2021-03-21
545,718,4923,5,Very good quality for the price.,2024-03-27
546,2762,145,1,Delivery was delayed by many days.,2024-03-30
547,1614,2079,5,"Great build quality, will buy again.",2023-02-20
548,57,1658,3,"It's fine, nothing special.",2024-07-15
549,2541,691,5,"Exactly as described, satisfied.",2025-05-16
550,4816,3931,2,Poor quality material used.,2021-05-09
551,2606,3069,2,Delivery was delayed by many days.,2025-09-02
552,777,1570,4,"Superb product, exceeded expectations.",2026-07-04
553,2577,1616,3,"It's fine, nothing special.",2022-10-23
554,784,1261,1,Product stopped working after a week.,2025-08-06
555,599,491,1,"Not as expected, quality is average.",2023-06-26
556,4507,4925,4,"Excellent product, highly recommend!",2024-01-09
557,721,1786,5,Very good quality for the price.,2024-01-04
558,1112,1221,2,Item received was different from the picture.,2024-11-01
559,29,2925,3,Average experience overall.,2021-06-09
560,4488,4295,1,"Not as expected, quality is average.",2020-07-27
561,1538,4481,3,Decent product for daily use.,2022-11-03
562,858,3604,5,Fast delivery and great packaging.,2021-09-16
563,1092,4778,4,"Works perfectly, no issues so far.",2023-02-18
564,3844,4268,4,"Excellent product, highly recommend!",2023-07-14
565,440,2986,1,Packaging was damaged on arrival.,2020-09-20
566,3474,3133,2,Product stopped working after a week.,2021-10-26
567,4139,4770,3,"It's fine, nothing special.",2021-05-13
568,2156,3932,1,Disappointed with the purchase.,2026-03-17
569,3276,2373,4,"Great build quality, will buy again.",2025-06-15
570,3756,1384,2,Poor quality material used.,2020-01-08
571,4816,4738,4,"Works perfectly, no issues so far.",2023-01-22
572,3848,682,5,"Excellent product, highly recommend!",2025-11-23
573,295,3128,5,"Excellent product, highly recommend!",2023-12-08
574,998,4091,4,Fast delivery and great packaging.,2020-04-25
575,424,1787,2,Poor quality material used.,2023-02-01
576,111,1672,1,Product stopped working after a week.,2026-07-08
577,2091,2566,1,Packaging was damaged on arrival.,2021-12-04
578,3575,2973,3,"Product is okay, does the job.",2022-05-01
579,4380,2281,3,"Product is okay, does the job.",2025-03-19
580,45,4112,4,"Superb product, exceeded expectations.",2025-01-20
581,1,4369,5,"Excellent product, highly recommend!",2021-12-17
582,3217,4640,3,"Product is okay, does the job.",2023-04-15
583,4601,3814,2,Item received was different from the picture.,2026-07-13
584,685,4791,3,"It's fine, nothing special.",2022-12-28
585,1149,4935,4,Amazing value for money.,2020-07-14
586,2805,2603,2,"Not as expected, quality is average.",2020-08-13
587,656,1620,5,Amazing value for money.,2023-12-20
588,2629,1340,4,Fast delivery and great packaging.,2021-05-13
589,2470,2982,1,Poor quality material used.,2020-12-03
590,1215,752,3,"Product is okay, does the job.",2025-01-27
591,3683,2417,1,"Not as expected, quality is average.",2022-05-15
592,361,4720,5,Fast delivery and great packaging.,2025-12-29
593,4402,1793,1,Poor quality material used.,2023-12-06
594,1615,1813,1,Poor quality material used.,2023-01-17
595,3265,3583,1,Packaging was damaged on arrival.,2024-06-05
596,2822,4857,4,"Excellent product, highly recommend!",2023-11-20
597,1208,1323,5,"Works perfectly, no issues so far.",2025-08-01
598,3929,1649,2,"Not as expected, quality is average.",2025-11-17
599,2006,3161,2,Poor quality material used.,2025-04-12
600,1764,3133,3,Average experience overall.,2024-01-24
601,185,3552,4,"Excellent product, highly recommend!",2023-03-03
602,714,1184,2,"Not as expected, quality is average.",2025-12-26
603,2606,1235,2,Packaging was damaged on arrival.,2025-12-09
604,802,1294,3,"Product is okay, does the job.",2020-02-21
605,1692,2388,1,Delivery was delayed by many days.,2020-05-14
606,2594,4296,1,Product stopped working after a week.,2024-01-08
607,655,2440,4,Amazing value for money.,2023-01-01
608,1611,968,1,Delivery was delayed by many days.,2023-07-14
609,2348,1590,3,"It's fine, nothing special.",2022-11-21
610,3606,4129,3,Decent product for daily use.,2020-07-06
611,1640,1544,5,"Works perfectly, no issues so far.",2024-01-22
612,1038,3953,2,Poor quality material used.,2025-04-19
613,1001,1076,3,"Product is okay, does the job.",2022-06-08
614,923,903,4,Very good quality for the price.,2026-01-30
615,135,2326,5,"Great build quality, will buy again.",2025-08-09
616,3828,3862,1,Product stopped working after a week.,2024-08-10
617,2241,1775,2,Disappointed with the purchase.,2022-10-11
618,255,1572,5,Amazing value for money.,2023-05-17
619,4062,1742,1,Poor quality material used.,2020-12-06
620,278,4555,1,Not worth the price.,2022-08-10
621,2250,1306,5,"Superb product, exceeded expectations.",2023-09-21
622,1281,3832,1,Packaging was damaged on arrival.,2024-01-07
623,4549,243,1,Poor quality material used.,2023-09-09
624,390,1639,5,"Great build quality, will buy again.",2023-12-15
625,4736,4285,1,"Not as expected, quality is average.",2022-10-17
626,966,390,5,"Works perfectly, no issues so far.",2025-09-29
627,3498,3385,3,Decent product for daily use.,2020-12-27
628,4497,1269,4,"Superb product, exceeded expectations.",2024-01-31
629,3129,3857,3,"It's fine, nothing special.",2023-11-24
630,4915,1703,1,Packaging was damaged on arrival.,2020-09-27
631,807,2098,4,Very good quality for the price.,2024-05-18
632,1757,4890,3,"Product is okay, does the job.",2022-12-10
633,234,26,1,Product stopped working after a week.,2023-06-25
634,51,1523,5,"Excellent product, highly recommend!",2020-08-10
635,1544,3654,2,Disappointed with the purchase.,2020-10-27
636,963,2456,3,"Product is okay, does the job.",2024-10-18
637,945,207,2,Disappointed with the purchase.,2025-12-21
638,60,2036,1,Poor quality material used.,2022-01-15
639,4666,3790,5,Very good quality for the price.,2024-03-02
640,996,2900,5,"Exactly as described, satisfied.",2025-02-01
641,1170,4040,1,Disappointed with the purchase.,2022-04-26
642,4169,1209,5,Fast delivery and great packaging.,2026-07-03
643,858,4784,1,Disappointed with the purchase.,2024-03-27
644,335,4268,4,"Great build quality, will buy again.",2024-05-22
645,4197,2315,4,Amazing value for money.,2022-09-22
646,1184,1353,5,"Works perfectly, no issues so far.",2023-08-24
647,1446,4989,1,Not worth the price.,2020-08-11
648,3723,2450,1,Disappointed with the purchase.,2023-11-03
649,3792,3961,5,"Exactly as described, satisfied.",2021-10-18
650,3555,3851,4,"Great build quality, will buy again.",2023-03-27
651,3328,1849,1,"Not as expected, quality is average.",2020-06-04
652,2764,2649,4,Very good quality for the price.,2024-03-16
653,3008,2673,5,"Excellent product, highly recommend!",2025-06-12
654,2789,2624,5,Very good quality for the price.,2022-12-17
655,1177,2268,1,Packaging was damaged on arrival.,2024-12-22
656,1421,2412,4,"Excellent product, highly recommend!",2022-11-10
657,1924,4644,5,"Exactly as described, satisfied.",2023-08-03
658,43,3309,4,"Excellent product, highly recommend!",2022-07-14
659,649,3333,5,"Great build quality, will buy again.",2025-08-09
660,474,662,5,"Exactly as described, satisfied.",2024-04-15
661,4183,4914,3,Decent product for daily use.,2020-09-19
662,195,348,1,"Not as expected, quality is average.",2021-07-24
663,3696,4212,3,Decent product for daily use.,2024-03-02
664,2764,4596,5,"Superb product, exceeded expectations.",2020-01-07
665,515,1911,5,Amazing value for money.,2022-05-07
666,1876,1872,2,Disappointed with the purchase.,2025-10-02
667,4195,275,3,"Product is okay, does the job.",2026-04-11
668,2395,2560,1,Delivery was delayed by many days.,2026-06-25
669,1022,2845,2,Poor quality material used.,2025-02-02
670,35,1313,5,Amazing value for money.,2023-07-05
671,1331,2935,3,Average experience overall.,2023-05-12
672,798,2672,1,Packaging was damaged on arrival.,2020-11-30
673,4401,3845,2,Item received was different from the picture.,2024-06-12
674,4141,2249,4,"Superb product, exceeded expectations.",2025-01-04
675,2733,2641,2,Disappointed with the purchase.,2020-07-02
676,3724,2059,1,Product stopped working after a week.,2020-10-26
677,3345,833,1,Item received was different from the picture.,2022-06-18
678,4843,4661,5,"Works perfectly, no issues so far.",2025-10-30
679,3697,2705,1,Poor quality material used.,2024-10-29
680,2554,1624,1,"Not as expected, quality is average.",2025-12-08
681,2319,4157,4,"Works perfectly, no issues so far.",2026-05-03
682,3264,3195,3,"It's fine, nothing special.",2020-06-14
683,4713,1688,3,"It's fine, nothing special.",2024-08-23
684,2729,749,2,"Not as expected, quality is average.",2021-11-14
685,2129,1197,2,Disappointed with the purchase.,2020-11-30
686,2751,2193,4,"Excellent product, highly recommend!",2020-11-06
687,2827,2076,1,Delivery was delayed by many days.,2024-01-01
688,1907,4138,2,Not worth the price.,2022-06-01
689,4423,2629,1,Not worth the price.,2025-08-29
690,194,2162,3,Decent product for daily use.,2022-01-01
691,604,463,4,"Exactly as described, satisfied.",2020-10-05
692,4419,3306,1,Disappointed with the purchase.,2022-03-07
693,1993,476,4,Fast delivery and great packaging.,2023-09-01
694,2209,3893,4,"Great build quality, will buy again.",2026-04-24
695,674,1958,1,Not worth the price.,2020-03-19
696,3630,3003,1,Disappointed with the purchase.,2020-10-20
697,2240,3291,2,Product stopped working after a week.,2026-02-12
698,1276,2714,2,Delivery was delayed by many days.,2020-11-08
699,3287,4278,2,Poor quality material used.,2024-08-31
700,1201,817,3,Average experience overall.,2023-11-01
701,2607,3721,5,"Works perfectly, no issues so far.",2022-08-24
702,3595,1739,3,"It's fine, nothing special.",2024-03-14
703,631,2680,1,Poor quality material used.,2024-10-27
704,2674,280,5,"Works perfectly, no issues so far.",2022-11-28
705,2343,4846,3,Average experience overall.,2023-10-09
706,4276,2652,4,"Great build quality, will buy again.",2024-06-04
707,1272,3896,5,Fast delivery and great packaging.,2024-12-06
708,2530,3031,5,"Great build quality, will buy again.",2026-04-24
709,466,2544,4,Very good quality for the price.,2025-07-23
710,3765,4274,2,Product stopped working after a week.,2025-09-24
711,1465,3627,3,"Product is okay, does the job.",2025-10-22
712,4557,1678,5,Amazing value for money.,2021-02-10
713,975,1270,4,Fast delivery and great packaging.,2023-08-10
714,2074,1478,3,Decent product for daily use.,2025-08-11
715,2770,2028,2,Disappointed with the purchase.,2024-12-05
716,1906,887,5,Very good quality for the price.,2024-04-10
717,2080,4731,4,"Exactly as described, satisfied.",2024-12-27
718,1615,1479,5,Fast delivery and great packaging.,2025-10-30
719,1418,2154,5,Amazing value for money.,2025-09-21
720,1579,4599,1,Packaging was damaged on arrival.,2024-10-01
721,2122,154,1,Product stopped working after a week.,2026-04-22
722,2210,520,4,Very good quality for the price.,2025-01-05
723,814,3429,3,"Product is okay, does the job.",2025-02-16
724,3402,3722,1,Delivery was delayed by many days.,2021-01-07
725,3045,2501,3,"Product is okay, does the job.",2022-03-12
726,4175,3211,1,Packaging was damaged on arrival.,2022-11-12
727,1458,4369,4,Amazing value for money.,2023-07-29
728,2935,915,4,Amazing value for money.,2024-01-21
729,89,4124,3,Decent product for daily use.,2021-05-10
730,3321,4361,3,Average experience overall.,2021-10-05
731,701,4109,2,Product stopped working after a week.,2023-06-11
732,3260,3901,4,"Great build quality, will buy again.",2024-12-07
733,4651,3332,4,Very good quality for the price.,2024-02-07
734,777,4428,5,Very good quality for the price.,2025-02-04
735,2910,915,3,"Product is okay, does the job.",2020-07-22
736,1359,4859,3,"Product is okay, does the job.",2025-06-05
737,225,4941,1,Packaging was damaged on arrival.,2025-06-01
738,2124,3178,5,"Superb product, exceeded expectations.",2021-08-21
739,1795,1888,3,"Product is okay, does the job.",2024-10-24
740,4072,4894,1,Item received was different from the picture.,2020-12-28
741,521,1520,5,"Exactly as described, satisfied.",2022-04-29
742,2153,1084,3,Decent product for daily use.,2025-01-30
743,3815,1320,4,"Exactly as described, satisfied.",2022-06-11
744,3467,2596,3,"Product is okay, does the job.",2020-05-21
745,2941,1958,5,"Superb product, exceeded expectations.",2023-06-29
746,1678,4772,3,"It's fine, nothing special.",2020-05-15
747,1692,775,2,Delivery was delayed by many days.,2023-12-26
748,590,1170,4,Very good quality for the price.,2021-03-23
749,4593,3016,3,Average experience overall.,2024-04-11
750,2088,14,5,"Exactly as described, satisfied.",2020-10-05
751,2749,310,3,"Product is okay, does the job.",2020-09-03
752,4947,1537,1,Not worth the price.,2020-07-22
753,2295,4724,5,"Great build quality, will buy again.",2020-01-27
754,4312,4051,2,Packaging was damaged on arrival.,2021-08-11
755,3972,3581,3,Average experience overall.,2026-06-05
756,3003,1789,5,Amazing value for money.,2024-08-04
757,1150,4571,5,"Exactly as described, satisfied.",2023-08-04
758,2138,3628,3,Average experience overall.,2021-02-20
759,3236,1041,3,Decent product for daily use.,2024-09-15
760,1320,1515,5,"Works perfectly, no issues so far.",2022-10-10
761,3059,4800,3,Decent product for daily use.,2023-08-18
762,3454,4633,5,"Exactly as described, satisfied.",2025-03-08
763,4910,779,2,Disappointed with the purchase.,2026-07-25
764,793,4864,3,Average experience overall.,2025-06-18
765,3699,879,4,"Superb product, exceeded expectations.",2024-06-21
766,2631,4647,4,"Superb product, exceeded expectations.",2023-01-25
767,4150,2169,5,Amazing value for money.,2020-06-17
768,4151,2072,1,Item received was different from the picture.,2020-03-06
769,943,3281,1,Not worth the price.,2022-05-26
770,3394,4795,5,Amazing value for money.,2024-12-26
771,526,2888,1,Packaging was damaged on arrival.,2021-08-19
772,2692,3514,1,Packaging was damaged on arrival.,2025-03-22
773,1784,2485,4,"Works perfectly, no issues so far.",2026-07-25
774,2279,3843,1,Item received was different from the picture.,2026-05-14
775,1977,2263,5,"Exactly as described, satisfied.",2024-01-03
776,27,3855,4,Amazing value for money.,2021-01-01
777,900,979,3,"It's fine, nothing special.",2023-01-17
778,95,1322,2,"Not as expected, quality is average.",2023-08-02
779,4710,1455,3,"It's fine, nothing special.",2026-05-13
780,1133,1677,5,Amazing value for money.,2020-04-10
781,1953,4600,1,Packaging was damaged on arrival.,2020-07-05
782,4817,146,5,"Works perfectly, no issues so far.",2023-09-07
783,1178,609,1,Not worth the price.,2022-07-23
784,3753,4803,3,"Product is okay, does the job.",2020-11-05
785,1670,2717,4,Fast delivery and great packaging.,2021-06-12
786,3459,2230,5,"Exactly as described, satisfied.",2023-01-01
787,4942,2363,4,"Excellent product, highly recommend!",2020-09-20
788,2609,2910,5,"Great build quality, will buy again.",2025-10-14
789,4963,2823,1,Not worth the price.,2023-12-14
790,1508,1101,1,Packaging was damaged on arrival.,2025-12-30
791,489,2308,1,Disappointed with the purchase.,2023-10-03
792,3873,1697,1,Disappointed with the purchase.,2024-03-27
793,4984,1463,5,Very good quality for the price.,2021-10-05
794,4358,1419,1,Packaging was damaged on arrival.,2024-01-30
795,3831,4813,1,Disappointed with the purchase.,2022-10-11
796,1464,1601,5,"Great build quality, will buy again.",2021-08-09
797,4442,1412,5,"Excellent product, highly recommend!",2020-06-18
798,3902,4562,2,Disappointed with the purchase.,2021-03-18
799,2779,2343,5,"Superb product, exceeded expectations.",2021-07-28
800,1930,2895,1,Poor quality material used.,2022-02-18
801,1604,3866,4,Fast delivery and great packaging.,2021-06-04
802,2848,241,4,"Superb product, exceeded expectations.",2025-01-19
803,4624,4293,5,"Works perfectly, no issues so far.",2021-07-26
804,4531,4770,4,"Superb product, exceeded expectations.",2026-06-22
805,4286,3003,4,"Great build quality, will buy again.",2022-08-28
806,2845,4486,2,Disappointed with the purchase.,2021-12-21
807,913,2260,2,Poor quality material used.,2024-03-12
808,3172,577,5,Very good quality for the price.,2024-09-24
809,2665,4876,1,"Not as expected, quality is average.",2020-09-05
810,4886,3493,3,Average experience overall.,2021-10-31
811,3145,4560,3,Decent product for daily use.,2024-04-05
812,2321,4049,1,Packaging was damaged on arrival.,2021-08-15
813,1402,1360,1,Disappointed with the purchase.,2022-01-24
814,2368,127,5,Amazing value for money.,2021-05-09
815,3077,105,3,"It's fine, nothing special.",2024-11-05
816,1595,3471,4,"Excellent product, highly recommend!",2022-05-01
817,4685,221,1,Packaging was damaged on arrival.,2020-10-07
818,2147,1819,5,"Great build quality, will buy again.",2023-08-14
819,2926,3702,5,Very good quality for the price.,2025-07-18
820,2447,3544,3,"It's fine, nothing special.",2024-10-05
821,1770,4695,5,Fast delivery and great packaging.,2023-09-15
822,2519,3865,5,"Superb product, exceeded expectations.",2025-03-09
823,3840,3524,2,Poor quality material used.,2025-04-08
824,263,4647,4,"Works perfectly, no issues so far.",2021-10-24
825,3903,3339,4,"Exactly as described, satisfied.",2022-02-07
826,2612,4468,1,Packaging was damaged on arrival.,2022-10-29
827,3312,3171,5,"Superb product, exceeded expectations.",2022-12-29
828,2648,3500,2,Product stopped working after a week.,2021-07-02
829,1,142,5,"Superb product, exceeded expectations.",2025-11-16
830,646,2137,4,"Exactly as described, satisfied.",2024-02-22
831,2572,1378,4,Amazing value for money.,2021-09-22
832,2158,3453,2,"Not as expected, quality is average.",2022-04-12
833,3115,894,5,Amazing value for money.,2025-01-09
834,3956,4399,1,"Not as expected, quality is average.",2022-05-23
835,3069,2130,5,Amazing value for money.,2020-03-19
836,3323,2243,3,"Product is okay, does the job.",2022-11-09
837,1518,2697,1,Product stopped working after a week.,2023-11-22
838,417,94,5,Fast delivery and great packaging.,2021-03-12
839,2361,2744,2,Disappointed with the purchase.,2022-11-13
840,830,2319,3,Average experience overall.,2025-07-31
841,2514,4427,3,Decent product for daily use.,2021-09-07
842,2736,490,1,Item received was different from the picture.,2025-07-15
843,1876,2395,3,"Product is okay, does the job.",2023-11-09
844,899,794,5,"Excellent product, highly recommend!",2026-08-08
845,2225,782,4,Fast delivery and great packaging.,2026-07-29
846,4987,2131,2,Delivery was delayed by many days.,2023-07-21
847,3044,351,5,"Excellent product, highly recommend!",2022-05-14
848,2874,1036,5,"Excellent product, highly recommend!",2024-07-02
849,985,3417,5,"Exactly as described, satisfied.",2020-10-15
850,2158,749,2,Not worth the price.,2024-08-13
851,2959,1085,5,"Works perfectly, no issues so far.",2022-10-02
852,3160,4871,3,"It's fine, nothing special.",2023-12-06
853,4629,4448,2,Delivery was delayed by many days.,2024-01-25
854,3305,469,4,"Superb product, exceeded expectations.",2021-05-28
855,1182,1145,4,Very good quality for the price.,2021-12-08
856,3399,3713,3,"It's fine, nothing special.",2023-06-11
857,3593,832,2,Delivery was delayed by many days.,2021-12-09
858,3262,4477,5,"Great build quality, will buy again.",2020-03-01
859,3770,2536,5,"Works perfectly, no issues so far.",2020-10-15
860,4104,2100,3,"It's fine, nothing special.",2021-01-01
861,3218,3817,4,Very good quality for the price.,2024-05-07
862,461,4873,3,"Product is okay, does the job.",2021-09-23
863,3288,3948,3,Decent product for daily use.,2022-09-03
864,2645,603,1,Packaging was damaged on arrival.,2020-01-07
865,949,1806,5,"Superb product, exceeded expectations.",2025-08-29
866,4310,3441,3,Decent product for daily use.,2021-08-13
867,4502,297,1,Item received was different from the picture.,2026-05-14
868,2637,2244,4,"Works perfectly, no issues so far.",2021-11-18
869,4144,4174,5,"Great build quality, will buy again.",2021-03-17
870,3647,3901,2,Item received was different from the picture.,2021-05-08
871,2287,3118,1,"Not as expected, quality is average.",2024-06-15
872,4169,2033,5,"Great build quality, will buy again.",2025-02-19
873,702,1808,1,Delivery was delayed by many days.,2022-01-16
874,3120,2550,4,"Exactly as described, satisfied.",2021-11-24
875,1345,238,4,"Superb product, exceeded expectations.",2022-10-14
876,1631,107,5,Fast delivery and great packaging.,2021-10-19
877,1410,2760,1,Item received was different from the picture.,2023-08-15
878,4960,1784,4,"Great build quality, will buy again.",2025-10-29
879,2130,2908,5,"Great build quality, will buy again.",2025-12-23
880,2896,2209,2,"Not as expected, quality is average.",2022-07-18
881,4757,4194,2,Item received was different from the picture.,2024-06-12
882,537,2787,4,Fast delivery and great packaging.,2021-10-27
883,4241,1613,3,"It's fine, nothing special.",2025-02-24
884,164,3226,1,Poor quality material used.,2020-06-02
885,24,4386,5,"Great build quality, will buy again.",2022-10-26
886,2436,3659,2,Disappointed with the purchase.,2021-05-11
887,1681,287,4,Amazing value for money.,2021-05-10
888,3489,4245,2,Poor quality material used.,2026-03-28
889,2003,849,5,"Excellent product, highly recommend!",2021-06-05
890,4896,3977,5,"Works perfectly, no issues so far.",2026-02-10
891,3618,1317,3,Decent product for daily use.,2024-07-10
892,4316,1237,5,Fast delivery and great packaging.,2022-08-21
893,1589,2601,5,Fast delivery and great packaging.,2026-06-23
894,2795,4258,4,"Works perfectly, no issues so far.",2021-07-11
895,3754,943,2,Poor quality material used.,2022-07-14
896,113,3564,2,Packaging was damaged on arrival.,2025-01-18
897,4160,4933,1,Disappointed with the purchase.,2020-01-28
898,720,2033,3,Average experience overall.,2020-09-08
899,529,1628,2,Poor quality material used.,2026-02-25
900,3256,1166,4,"Excellent product, highly recommend!",2023-01-14
901,2964,4532,3,Decent product for daily use.,2025-11-25
902,1034,660,3,Decent product for daily use.,2021-01-07
903,3716,1771,1,Not worth the price.,2023-11-20
904,4869,4180,1,Not worth the price.,2020-12-19
905,1360,1837,3,Average experience overall.,2020-11-15
906,1178,2715,3,Decent product for daily use.,2020-09-13
907,1738,3848,1,"Not as expected, quality is average.",2024-11-03
908,3978,695,2,Packaging was damaged on arrival.,2024-07-21
909,2136,3490,1,Item received was different from the picture.,2022-10-26
910,2498,2516,1,Delivery was delayed by many days.,2023-06-26
911,4201,3461,3,Average experience overall.,2021-03-21
912,832,815,1,Delivery was delayed by many days.,2022-02-19
913,3089,2883,1,Product stopped working after a week.,2021-10-27
914,2302,404,1,Disappointed with the purchase.,2025-05-05
915,4607,2268,3,"Product is okay, does the job.",2024-05-05
916,2573,1325,5,"Exactly as described, satisfied.",2025-09-04
917,2734,4537,3,Average experience overall.,2020-04-28
918,3646,4342,3,Decent product for daily use.,2020-10-10
919,2414,3898,3,Decent product for daily use.,2023-09-19
920,4998,4916,5,"Great build quality, will buy again.",2025-07-15
921,3241,4432,4,"Excellent product, highly recommend!",2022-11-13
922,4950,892,5,"Superb product, exceeded expectations.",2021-05-19
923,4577,3821,5,"Superb product, exceeded expectations.",2024-03-30
924,511,3297,4,Amazing value for money.,2022-04-22
925,430,1124,3,Average experience overall.,2026-08-08
926,185,1306,5,Very good quality for the price.,2023-02-19
927,4241,4756,1,Poor quality material used.,2025-09-13
928,3131,1648,1,Item received was different from the picture.,2025-09-19
929,2983,1217,1,Disappointed with the purchase.,2020-06-25
930,4028,1433,3,"Product is okay, does the job.",2024-08-12
931,4352,2298,5,"Superb product, exceeded expectations.",2025-10-06
932,4643,300,3,"It's fine, nothing special.",2022-01-18
933,4496,2348,1,Item received was different from the picture.,2022-04-03
934,1241,4030,5,"Works perfectly, no issues so far.",2024-08-11
935,4741,4831,1,Disappointed with the purchase.,2023-02-03
936,1817,1323,5,"Superb product, exceeded expectations.",2024-10-30
937,4669,3457,4,Amazing value for money.,2024-03-15
938,857,459,1,"Not as expected, quality is average.",2024-06-25
939,2826,3252,5,Very good quality for the price.,2022-04-12
940,2467,4252,1,Not worth the price.,2025-03-11
941,754,1568,3,"Product is okay, does the job.",2020-07-23
942,1238,715,1,Product stopped working after a week.,2022-10-23
943,3599,1477,2,"Not as expected, quality is average.",2021-10-07
944,3529,823,1,"Not as expected, quality is average.",2020-09-07
945,2363,811,1,Product stopped working after a week.,2023-02-08
946,3316,3829,4,Amazing value for money.,2025-08-31
947,484,4923,2,Packaging was damaged on arrival.,2020-02-14
948,1212,168,3,"Product is okay, does the job.",2023-06-13
949,2694,1792,1,Product stopped working after a week.,2025-06-12
950,3894,640,4,"Exactly as described, satisfied.",2025-07-29
951,3303,4732,4,"Excellent product, highly recommend!",2025-06-01
952,1905,1325,2,Not worth the price.,2024-03-17
953,2167,1808,2,Packaging was damaged on arrival.,2023-05-12
954,1961,60,5,Amazing value for money.,2023-07-07
955,3803,3328,2,Disappointed with the purchase.,2023-11-09
956,541,2,5,"Works perfectly, no issues so far.",2022-02-20
957,2068,3431,2,Not worth the price.,2024-11-07
958,3833,3924,5,"Excellent product, highly recommend!",2023-10-22
959,2847,4210,2,Product stopped working after a week.,2023-01-29
960,1546,2988,5,"Excellent product, highly recommend!",2021-12-01
961,4570,1131,1,Poor quality material used.,2024-12-21
962,2468,2955,1,Disappointed with the purchase.,2022-12-14
963,1150,624,5,Amazing value for money.,2024-04-02
964,3010,4593,4,Very good quality for the price.,2021-04-22
965,1975,3686,5,Amazing value for money.,2020-06-16
966,2969,2938,5,Very good quality for the price.,2025-10-06
967,1340,742,4,"Great build quality, will buy again.",2025-11-06
968,3454,4432,2,"Not as expected, quality is average.",2020-10-18
969,1969,3502,2,Poor quality material used.,2023-08-20
970,2872,4535,4,"Superb product, exceeded expectations.",2021-05-29
971,4026,4930,1,"Not as expected, quality is average.",2020-07-23
972,1635,712,1,Not worth the price.,2025-09-02
973,2639,113,1,"Not as expected, quality is average.",2024-12-10
974,4562,1140,5,"Superb product, exceeded expectations.",2021-11-10
975,2339,3981,3,"Product is okay, does the job.",2021-02-13
976,328,292,4,"Works perfectly, no issues so far.",2021-07-18
977,3674,1005,4,"Great build quality, will buy again.",2022-06-08
978,339,4095,4,"Excellent product, highly recommend!",2025-06-14
979,4570,1905,3,Average experience overall.,2024-01-17
980,1842,2417,2,Disappointed with the purchase.,2023-01-16
981,2383,4192,4,"Excellent product, highly recommend!",2024-09-23
982,202,1795,2,Item received was different from the picture.,2026-07-11
983,383,2486,1,Product stopped working after a week.,2024-11-04
984,551,3541,5,Amazing value for money.,2021-11-18
985,2070,297,1,Packaging was damaged on arrival.,2020-11-30
986,4055,863,2,Item received was different from the picture.,2025-10-03
987,4425,1539,2,Delivery was delayed by many days.,2021-09-22
988,3782,3089,5,Fast delivery and great packaging.,2022-12-22
989,2829,741,1,Delivery was delayed by many days.,2021-03-06
990,1125,3843,4,"Great build quality, will buy again.",2025-04-01
991,982,1802,2,Not worth the price.,2024-10-23
992,656,1121,3,Average experience overall.,2020-11-24
993,3065,4457,5,"Exactly as described, satisfied.",2022-06-16
994,3224,4331,2,"Not as expected, quality is average.",2023-12-13
995,2682,4609,5,"Exactly as described, satisfied.",2025-12-17
996,3514,2565,3,Decent product for daily use.,2021-04-26
997,4966,4923,1,Poor quality material used.,2021-10-07
998,236,163,3,"It's fine, nothing special.",2026-04-15
999,1137,611,3,"It's fine, nothing special.",2022-02-27
1000,4836,1847,1,Not worth the price.,2024-02-03
1001,1218,4172,3,Decent product for daily use.,2026-05-12
1002,4794,4499,1,Item received was different from the picture.,2021-01-05
1003,3196,4874,4,Very good quality for the price.,2021-05-30
1004,3265,1802,4,"Superb product, exceeded expectations.",2021-12-13
1005,1787,4687,3,"It's fine, nothing special.",2025-09-13
1006,1315,4319,2,Poor quality material used.,2021-03-11
1007,388,4526,1,Packaging was damaged on arrival.,2025-09-29
1008,2540,726,1,Item received was different from the picture.,2024-02-17
1009,4554,3072,2,Poor quality material used.,2022-05-04
1010,422,4822,4,Fast delivery and great packaging.,2026-07-26
1011,4703,528,5,"Exactly as described, satisfied.",2021-10-25
1012,467,3838,3,Average experience overall.,2026-01-26
1013,3504,4637,4,"Works perfectly, no issues so far.",2020-05-07
1014,858,781,4,"Excellent product, highly recommend!",2024-08-29
1015,3214,4923,1,Packaging was damaged on arrival.,2021-04-09
1016,3039,4427,1,Not worth the price.,2026-08-07
1017,820,4726,2,"Not as expected, quality is average.",2020-11-05
1018,3081,961,5,"Superb product, exceeded expectations.",2024-05-14
1019,948,4462,4,Amazing value for money.,2020-09-29
1020,4287,3397,5,"Superb product, exceeded expectations.",2024-12-16
1021,3415,540,1,"Not as expected, quality is average.",2026-01-14
1022,4094,2810,3,Decent product for daily use.,2025-06-29
1023,3051,1101,2,Disappointed with the purchase.,2022-04-07
1024,1578,349,1,Not worth the price.,2023-07-23
1025,1701,4923,1,Delivery was delayed by many days.,2024-03-19
1026,2048,4319,2,Poor quality material used.,2024-01-07
1027,249,4426,3,Decent product for daily use.,2025-12-17
1028,4815,3487,2,Delivery was delayed by many days.,2024-05-28
1029,4891,2005,4,"Works perfectly, no issues so far.",2021-02-23
1030,4341,1662,3,Decent product for daily use.,2020-04-02
1031,3517,4455,1,Item received was different from the picture.,2023-08-27
1032,2491,1366,2,Not worth the price.,2026-06-08
1033,3242,1075,5,"Excellent product, highly recommend!",2023-09-29
1034,904,1135,4,"Excellent product, highly recommend!",2022-02-21
1035,4280,1245,5,"Exactly as described, satisfied.",2022-12-08
1036,4830,425,4,"Exactly as described, satisfied.",2024-01-08
1037,3279,2383,5,"Works perfectly, no issues so far.",2022-02-25
1038,1590,116,2,Item received was different from the picture.,2022-12-07
1039,3990,305,1,Packaging was damaged on arrival.,2025-05-10
1040,4634,1309,1,Disappointed with the purchase.,2020-05-23
1041,3572,4179,5,"Works perfectly, no issues so far.",2023-02-28
1042,1217,4733,2,Disappointed with the purchase.,2020-04-21
1043,3469,2610,4,Very good quality for the price.,2025-11-21
1044,1655,4626,4,"Excellent product, highly recommend!",2021-10-05
1045,2874,4979,1,Packaging was damaged on arrival.,2022-01-11
1046,1006,1117,2,Not worth the price.,2025-08-31
1047,1852,1707,1,Packaging was damaged on arrival.,2024-10-06
1048,2733,2445,2,"Not as expected, quality is average.",2024-02-05
1049,57,4555,3,"Product is okay, does the job.",2025-04-02
1050,4262,1565,5,Fast delivery and great packaging.,2025-10-06
1051,2708,531,2,Not worth the price.,2024-01-25
1052,2710,1690,3,Decent product for daily use.,2023-11-03
1053,2046,1098,3,Decent product for daily use.,2020-04-09
1054,4161,2055,1,Product stopped working after a week.,2023-01-13
1055,2094,302,3,"Product is okay, does the job.",2020-04-24
1056,4997,411,2,Product stopped working after a week.,2026-05-23
1057,4850,741,5,"Excellent product, highly recommend!",2020-07-17
1058,1736,1218,5,"Great build quality, will buy again.",2021-07-14
1059,4328,4374,3,"It's fine, nothing special.",2025-10-21
1060,310,4906,3,Average experience overall.,2023-09-29
1061,2656,4314,1,Packaging was damaged on arrival.,2021-06-05
1062,2902,2309,3,Decent product for daily use.,2026-01-03
1063,872,3119,4,"Superb product, exceeded expectations.",2025-10-02
1064,1090,912,1,Packaging was damaged on arrival.,2022-09-21
1065,1188,3755,1,Product stopped working after a week.,2021-07-06
1066,4603,1820,2,Item received was different from the picture.,2024-03-29
1067,3459,4912,4,"Exactly as described, satisfied.",2024-03-27
1068,3141,2555,5,Fast delivery and great packaging.,2024-04-06
1069,1505,4842,1,Disappointed with the purchase.,2021-07-06
1070,4760,125,4,"Works perfectly, no issues so far.",2023-12-30
1071,2043,4416,2,Poor quality material used.,2022-01-12
1072,4145,2719,4,"Great build quality, will buy again.",2021-02-04
1073,4792,4221,4,"Exactly as described, satisfied.",2024-04-01
1074,1700,798,5,Fast delivery and great packaging.,2023-08-25
1075,830,2717,5,Very good quality for the price.,2022-05-17
1076,1046,3759,5,Amazing value for money.,2022-05-20
1077,4233,2761,3,"Product is okay, does the job.",2022-01-07
1078,2158,2566,2,"Not as expected, quality is average.",2024-12-22
1079,3822,4298,1,Poor quality material used.,2021-06-06
1080,3546,1161,2,Poor quality material used.,2021-04-29
1081,2804,3172,3,"It's fine, nothing special.",2025-11-24
1082,1501,42,2,"Not as expected, quality is average.",2023-10-26
1083,1667,3048,4,"Superb product, exceeded expectations.",2021-03-21
1084,3816,2096,2,Product stopped working after a week.,2026-06-05
1085,2520,2732,5,"Superb product, exceeded expectations.",2020-09-22
1086,1432,483,3,"Product is okay, does the job.",2023-03-24
1087,1416,1766,4,"Exactly as described, satisfied.",2025-03-21
1088,4419,689,1,"Not as expected, quality is average.",2022-10-22
1089,2561,4832,5,Fast delivery and great packaging.,2022-06-24
1090,3476,290,4,"Exactly as described, satisfied.",2024-05-22
1091,1688,4130,2,Not worth the price.,2022-12-30
1092,1359,3423,1,Not worth the price.,2021-09-16
1093,4318,82,1,Packaging was damaged on arrival.,2020-03-24
1094,3584,1343,5,"Works perfectly, no issues so far.",2024-07-14
1095,814,2995,3,"It's fine, nothing special.",2025-04-05
1096,4178,928,2,Poor quality material used.,2025-05-07
1097,2367,3786,5,"Excellent product, highly recommend!",2020-09-12
1098,1473,3330,3,"It's fine, nothing special.",2022-08-15
1099,76,2462,5,"Works perfectly, no issues so far.",2026-06-02
1100,4847,3969,2,Delivery was delayed by many days.,2021-03-27
1101,2344,1271,4,"Works perfectly, no issues so far.",2021-07-09
1102,4361,1796,4,"Exactly as described, satisfied.",2025-01-22
1103,2784,2962,2,Delivery was delayed by many days.,2023-10-03
1104,1809,3279,3,Decent product for daily use.,2023-10-20
1105,2348,3309,5,"Great build quality, will buy again.",2024-11-24
1106,275,4582,1,Poor quality material used.,2024-10-08
1107,3574,455,3,Average experience overall.,2026-07-14
1108,898,3599,3,"Product is okay, does the job.",2026-06-23
1109,4645,1941,1,Product stopped working after a week.,2026-02-08
1110,25,2820,3,"Product is okay, does the job.",2021-09-10
1111,1146,45,4,Amazing value for money.,2024-10-11
1112,4756,4767,1,Product stopped working after a week.,2026-07-15
1113,311,2732,1,Not worth the price.,2024-10-12
1114,3898,2066,2,Item received was different from the picture.,2026-05-28
1115,4031,4429,2,Not worth the price.,2024-11-13
1116,3324,1550,1,Delivery was delayed by many days.,2025-04-03
1117,1446,453,2,Disappointed with the purchase.,2022-02-19
1118,2954,2770,4,Very good quality for the price.,2025-05-21
1119,2898,1605,4,"Works perfectly, no issues so far.",2023-06-28
1120,2263,567,2,Not worth the price.,2023-06-07
1121,2629,1329,3,"It's fine, nothing special.",2023-02-04
1122,1551,3330,3,Average experience overall.,2021-11-06
1123,1547,3043,3,"It's fine, nothing special.",2023-03-17
1124,52,378,5,Amazing value for money.,2020-03-25
1125,3608,3864,5,"Superb product, exceeded expectations.",2023-12-16
1126,342,1778,4,"Superb product, exceeded expectations.",2026-05-07
1127,2376,572,1,Not worth the price.,2022-08-20
1128,1549,3668,2,Item received was different from the picture.,2025-10-08
1129,3509,4959,5,Fast delivery and great packaging.,2022-01-03
1130,4046,3627,5,"Excellent product, highly recommend!",2025-12-13
1131,4723,2907,2,Packaging was damaged on arrival.,2024-08-29
1132,56,4267,1,Not worth the price.,2024-09-27
1133,1216,832,3,"It's fine, nothing special.",2020-02-06
1134,3056,72,1,Delivery was delayed by many days.,2021-11-01
1135,893,3079,1,Product stopped working after a week.,2022-07-25
1136,641,4814,2,Packaging was damaged on arrival.,2022-10-04
1137,4434,4774,4,"Works perfectly, no issues so far.",2025-10-23
1138,1626,826,2,Item received was different from the picture.,2024-03-30
1139,120,1572,2,Item received was different from the picture.,2020-11-19
1140,733,1284,3,Average experience overall.,2026-05-14
1141,543,4529,5,"Works perfectly, no issues so far.",2021-09-02
1142,1061,2063,1,Not worth the price.,2023-06-13
1143,2683,4780,1,Not worth the price.,2024-01-25
1144,1876,2610,5,"Superb product, exceeded expectations.",2023-05-14
1145,222,4316,3,Average experience overall.,2025-01-05
1146,2587,650,2,"Not as expected, quality is average.",2024-04-19
1147,747,4871,2,Product stopped working after a week.,2023-06-22
1148,3992,34,4,"Works perfectly, no issues so far.",2025-12-01
1149,703,1286,1,Delivery was delayed by many days.,2022-09-07
1150,4378,1383,1,Poor quality material used.,2025-07-08
1151,4192,3073,4,"Excellent product, highly recommend!",2020-04-13
1152,1419,1757,4,"Works perfectly, no issues so far.",2021-10-10
1153,4095,4705,5,"Exactly as described, satisfied.",2022-11-05
1154,1777,2885,5,Fast delivery and great packaging.,2022-02-16
1155,626,4678,2,Poor quality material used.,2023-11-16
1156,4194,1966,4,"Works perfectly, no issues so far.",2024-08-20
1157,4868,2301,1,Not worth the price.,2026-02-13
1158,1616,228,3,"It's fine, nothing special.",2023-04-19
1159,3339,883,2,Item received was different from the picture.,2024-08-30
1160,959,1998,5,"Great build quality, will buy again.",2021-01-14
1161,1837,3338,2,"Not as expected, quality is average.",2020-11-10
1162,4898,2707,4,Amazing value for money.,2020-02-13
1163,2103,4516,4,"Great build quality, will buy again.",2021-05-04
1164,2823,2171,4,"Great build quality, will buy again.",2020-12-08
1165,738,4331,2,Poor quality material used.,2024-12-01
1166,749,3042,2,Poor quality material used.,2023-11-11
1167,1112,3922,3,Decent product for daily use.,2020-01-21
1168,3887,318,4,"Great build quality, will buy again.",2023-07-11
1169,1615,3831,4,"Great build quality, will buy again.",2026-07-12
1170,2424,198,2,Not worth the price.,2022-02-21
1171,3359,3083,5,Amazing value for money.,2024-02-10
1172,4669,2694,1,Product stopped working after a week.,2022-05-03
1173,3894,4912,3,"It's fine, nothing special.",2026-05-27
1174,419,1961,5,Very good quality for the price.,2023-09-26
1175,3095,2771,1,Packaging was damaged on arrival.,2020-09-25
1176,1315,712,1,Product stopped working after a week.,2022-10-21
1177,67,357,3,"Product is okay, does the job.",2022-07-15
1178,1184,4559,1,Not worth the price.,2020-10-03
1179,1553,1474,3,Decent product for daily use.,2024-12-02
1180,3581,3514,3,Average experience overall.,2025-09-01
1181,307,59,1,Not worth the price.,2022-11-09
1182,791,3854,2,Disappointed with the purchase.,2023-01-01
1183,2680,2760,1,Poor quality material used.,2021-06-23
1184,401,1951,3,Decent product for daily use.,2024-07-05
1185,3803,2706,2,Packaging was damaged on arrival.,2023-04-02
1186,1647,4707,3,Average experience overall.,2021-11-28
1187,1959,4033,3,Average experience overall.,2025-12-05
1188,2981,94,4,"Exactly as described, satisfied.",2024-09-02
1189,1382,129,1,Poor quality material used.,2024-02-04
1190,3687,4638,4,Amazing value for money.,2023-01-18
1191,3758,3485,2,Poor quality material used.,2023-08-06
1192,3226,3655,5,"Superb product, exceeded expectations.",2026-07-19
1193,2814,3877,2,Delivery was delayed by many days.,2023-09-25
1194,2435,4295,5,Fast delivery and great packaging.,2021-05-09
1195,4358,4311,1,Disappointed with the purchase.,2025-07-12
1196,4719,2346,1,Product stopped working after a week.,2020-02-23
1197,2029,4382,4,"Superb product, exceeded expectations.",2024-01-20
1198,4208,3067,2,"Not as expected, quality is average.",2020-04-13
1199,2456,1461,1,Poor quality material used.,2023-05-07
1200,3853,2099,3,Average experience overall.,2025-01-30
1201,4113,1457,3,"Product is okay, does the job.",2024-01-02
1202,3524,1107,2,Product stopped working after a week.,2025-07-24
1203,2882,4120,1,Poor quality material used.,2021-12-19
1204,1458,3686,5,Fast delivery and great packaging.,2020-02-01
1205,3991,4423,5,"Excellent product, highly recommend!",2023-06-11
1206,1042,1085,4,"Excellent product, highly recommend!",2024-05-15
1207,2180,2650,4,Fast delivery and great packaging.,2022-02-23
1208,1095,3205,2,Product stopped working after a week.,2020-07-10
1209,3148,3373,3,"It's fine, nothing special.",2021-06-12
1210,4164,4238,1,Poor quality material used.,2022-11-21
1211,3872,4626,5,Very good quality for the price.,2020-11-14
1212,555,2951,5,"Excellent product, highly recommend!",2022-08-09
1213,4934,3660,3,Average experience overall.,2020-02-12
1214,2360,1817,1,Item received was different from the picture.,2022-10-11
1215,3517,2791,1,Poor quality material used.,2024-09-12
1216,1752,1894,5,"Exactly as described, satisfied.",2021-11-02
1217,1337,1286,1,Packaging was damaged on arrival.,2020-05-17
1218,3950,4447,1,Poor quality material used.,2021-05-11
1219,4514,1686,3,Average experience overall.,2021-12-16
1220,3936,3911,1,Delivery was delayed by many days.,2022-06-16
1221,563,3925,5,"Excellent product, highly recommend!",2023-03-22
1222,2132,3608,4,"Exactly as described, satisfied.",2021-11-02
1223,2039,2612,4,Very good quality for the price.,2020-06-26
1224,1306,1347,1,Item received was different from the picture.,2021-08-23
1225,2401,2743,4,"Excellent product, highly recommend!",2021-02-10
1226,219,190,5,Amazing value for money.,2023-12-28
1227,31,1040,4,Fast delivery and great packaging.,2021-06-07
1228,1865,4111,3,Average experience overall.,2024-05-18
1229,4252,3675,1,Packaging was damaged on arrival.,2020-10-06
1230,3073,1870,1,Item received was different from the picture.,2024-02-01
1231,237,4621,4,"Superb product, exceeded expectations.",2024-10-25
1232,374,511,4,"Great build quality, will buy again.",2020-03-22
1233,1766,4329,2,"Not as expected, quality is average.",2021-12-04
1234,1220,1585,3,"Product is okay, does the job.",2020-02-11
1235,4026,929,4,"Works perfectly, no issues so far.",2024-10-14
1236,2296,2153,1,Poor quality material used.,2020-08-21
1237,4499,3335,3,"Product is okay, does the job.",2021-01-13
1238,1161,1189,4,"Exactly as described, satisfied.",2020-09-22
1239,2493,1266,3,Decent product for daily use.,2021-11-17
1240,918,1741,3,Average experience overall.,2023-10-13
1241,4756,2128,3,"Product is okay, does the job.",2021-11-30
1242,3810,3248,4,"Exactly as described, satisfied.",2025-12-08
1243,140,4976,1,Not worth the price.,2023-10-19
1244,2050,3645,4,"Excellent product, highly recommend!",2026-03-11
1245,2586,4461,2,Not worth the price.,2024-09-10
1246,858,2263,3,Average experience overall.,2021-08-27
1247,2812,4143,1,Item received was different from the picture.,2023-05-21
1248,2634,2215,3,Average experience overall.,2026-02-06
1249,310,2967,2,"Not as expected, quality is average.",2023-01-13
1250,657,4199,2,Delivery was delayed by many days.,2023-02-17
1251,3484,1080,1,Packaging was damaged on arrival.,2021-08-14
1252,306,1615,4,"Exactly as described, satisfied.",2021-03-15
1253,694,1024,3,Average experience overall.,2021-01-26
1254,1852,2262,4,Very good quality for the price.,2022-09-16
1255,1036,1282,4,"Exactly as described, satisfied.",2022-03-16
1256,466,1758,4,Amazing value for money.,2023-03-09
1257,2664,2695,4,"Superb product, exceeded expectations.",2021-03-05
1258,4460,488,5,"Works perfectly, no issues so far.",2022-10-31
1259,1867,4326,5,Fast delivery and great packaging.,2025-11-01
1260,1212,4241,1,Disappointed with the purchase.,2023-09-27
1261,325,171,2,Poor quality material used.,2021-09-10
1262,3748,4340,2,Packaging was damaged on arrival.,2024-03-15
1263,2180,2216,5,"Superb product, exceeded expectations.",2025-03-05
1264,2262,1561,5,"Works perfectly, no issues so far.",2025-08-26
1265,4160,3068,2,Item received was different from the picture.,2026-03-21
1266,726,967,5,Very good quality for the price.,2025-10-02
1267,3835,4479,2,Delivery was delayed by many days.,2021-12-08
1268,1568,3030,2,Disappointed with the purchase.,2021-10-27
1269,554,4143,3,"Product is okay, does the job.",2021-06-27
1270,501,1045,3,Average experience overall.,2021-06-24
1271,2427,1152,3,"Product is okay, does the job.",2025-12-03
1272,1843,4955,1,Item received was different from the picture.,2025-11-23
1273,2042,2329,3,Decent product for daily use.,2024-09-11
1274,783,836,1,Poor quality material used.,2020-06-15
1275,3350,1688,5,Amazing value for money.,2021-08-27
1276,3836,4499,2,Delivery was delayed by many days.,2023-12-26
1277,685,1388,4,"Works perfectly, no issues so far.",2023-06-02
1278,4131,4353,3,"Product is okay, does the job.",2022-08-29
1279,1671,2178,2,Delivery was delayed by many days.,2022-10-12
1280,4676,2718,5,Fast delivery and great packaging.,2024-06-02
1281,505,2560,2,"Not as expected, quality is average.",2020-11-26
1282,4350,3794,5,"Works perfectly, no issues so far.",2026-02-10
1283,2982,4294,3,Decent product for daily use.,2025-07-23
1284,2148,1981,3,"It's fine, nothing special.",2021-06-22
1285,1190,1067,1,"Not as expected, quality is average.",2023-09-21
1286,4963,1486,4,"Great build quality, will buy again.",2023-03-03
1287,979,2218,5,"Superb product, exceeded expectations.",2025-02-10
1288,2783,1811,5,Very good quality for the price.,2023-12-01
1289,3269,516,2,Not worth the price.,2020-12-30
1290,971,3970,1,Delivery was delayed by many days.,2025-08-21
1291,4269,2353,1,Packaging was damaged on arrival.,2025-01-06
1292,3870,82,4,"Great build quality, will buy again.",2023-09-04
1293,1273,4391,3,"It's fine, nothing special.",2022-05-15
1294,769,4138,5,"Great build quality, will buy again.",2021-12-27
1295,1673,1958,5,"Works perfectly, no issues so far.",2026-07-28
1296,2980,4666,5,Very good quality for the price.,2024-11-01
1297,1188,123,4,"Works perfectly, no issues so far.",2024-08-18
1298,2579,3193,3,"Product is okay, does the job.",2020-03-08
1299,3501,2865,1,Product stopped working after a week.,2021-04-22
1300,3935,4687,4,"Exactly as described, satisfied.",2022-08-13
1301,3871,1636,1,Delivery was delayed by many days.,2020-06-16
1302,2260,4797,1,Not worth the price.,2023-11-26
1303,4315,104,4,"Works perfectly, no issues so far.",2023-07-13
1304,10,129,2,"Not as expected, quality is average.",2022-10-17
1305,4792,2958,3,Decent product for daily use.,2024-09-21
1306,1,3049,1,Not worth the price.,2025-05-24
1307,1447,3269,4,Amazing value for money.,2025-07-18
1308,3776,4914,3,Average experience overall.,2023-10-24
1309,2980,4875,2,Disappointed with the purchase.,2025-11-15
1310,2394,4557,2,Poor quality material used.,2026-02-24
1311,3855,727,3,"It's fine, nothing special.",2023-03-15
1312,4267,4735,4,Amazing value for money.,2025-06-06
1313,708,846,3,"It's fine, nothing special.",2021-04-26
1314,2550,3971,5,"Superb product, exceeded expectations.",2022-05-02
1315,3966,1963,3,Decent product for daily use.,2021-01-20
1316,1784,2786,5,Amazing value for money.,2025-12-10
1317,3996,1234,5,"Superb product, exceeded expectations.",2026-01-11
1318,1095,4781,2,Not worth the price.,2026-05-20
1319,3727,446,4,Very good quality for the price.,2024-01-03
1320,1581,192,1,Item received was different from the picture.,2021-08-11
1321,425,776,4,"Works perfectly, no issues so far.",2021-06-12
1322,4456,4706,5,"Exactly as described, satisfied.",2022-12-24
1323,835,1882,1,Disappointed with the purchase.,2023-11-09
1324,3788,4392,4,"Superb product, exceeded expectations.",2023-08-12
1325,3190,2723,5,"Exactly as described, satisfied.",2024-05-10
1326,515,1342,5,Amazing value for money.,2024-01-04
1327,3069,4105,2,Packaging was damaged on arrival.,2025-03-30
1328,2063,4698,2,Product stopped working after a week.,2023-10-14
1329,4240,3011,1,Not worth the price.,2025-09-04
1330,4112,4380,3,Decent product for daily use.,2020-05-25
1331,2290,1752,1,Product stopped working after a week.,2022-07-27
1332,2552,256,1,Packaging was damaged on arrival.,2021-02-13
1333,4397,4201,5,Very good quality for the price.,2020-08-29
1334,2600,2420,4,Amazing value for money.,2025-05-17
1335,4540,3126,5,Very good quality for the price.,2025-03-17
1336,579,2330,3,Decent product for daily use.,2024-10-17
1337,1635,4806,3,"It's fine, nothing special.",2020-03-16
1338,1422,4331,3,Average experience overall.,2024-10-08
1339,1572,4467,3,"It's fine, nothing special.",2025-12-28
1340,4076,2588,1,"Not as expected, quality is average.",2020-12-07
1341,298,1402,5,"Great build quality, will buy again.",2024-04-08
1342,58,2233,4,"Superb product, exceeded expectations.",2023-08-25
1343,4187,1683,4,Fast delivery and great packaging.,2025-10-22
1344,3558,4344,2,"Not as expected, quality is average.",2022-03-21
1345,1508,3067,2,Delivery was delayed by many days.,2026-01-10
1346,1143,3189,3,"Product is okay, does the job.",2025-07-15
1347,2449,3534,2,Disappointed with the purchase.,2020-10-17
1348,4516,442,4,"Exactly as described, satisfied.",2020-06-22
1349,495,775,4,"Great build quality, will buy again.",2022-11-04
1350,3729,4145,2,Poor quality material used.,2024-04-08
1351,2661,3043,3,"It's fine, nothing special.",2026-02-23
1352,1235,4287,4,"Works perfectly, no issues so far.",2026-03-03
1353,2145,283,5,"Exactly as described, satisfied.",2023-04-24
1354,131,826,3,Decent product for daily use.,2021-04-01
1355,3786,4907,3,Average experience overall.,2020-07-14
1356,3710,1962,4,Amazing value for money.,2021-11-09
1357,3368,3474,3,Decent product for daily use.,2021-07-05
1358,488,471,2,"Not as expected, quality is average.",2020-03-01
1359,3191,910,5,"Great build quality, will buy again.",2020-12-15
1360,853,4135,3,Decent product for daily use.,2023-04-08
1361,3103,2317,2,Product stopped working after a week.,2024-03-06
1362,2264,3545,1,Not worth the price.,2024-06-24
1363,2941,3248,1,Product stopped working after a week.,2020-11-15
1364,1001,4944,5,"Works perfectly, no issues so far.",2022-09-27
1365,1506,374,5,"Superb product, exceeded expectations.",2020-10-16
1366,3482,1914,3,Decent product for daily use.,2026-03-28
1367,3763,4808,2,Packaging was damaged on arrival.,2024-01-17
1368,4094,2664,4,Amazing value for money.,2022-12-09
1369,1075,3558,1,Item received was different from the picture.,2023-02-03
1370,3863,2675,5,Fast delivery and great packaging.,2021-09-13
1371,911,1989,5,"Works perfectly, no issues so far.",2025-06-16
1372,1628,1182,3,"It's fine, nothing special.",2023-11-07
1373,3297,211,3,Decent product for daily use.,2022-12-28
1374,2880,2309,2,Product stopped working after a week.,2026-03-07
1375,2552,3580,5,Fast delivery and great packaging.,2024-12-18
1376,1608,313,3,"Product is okay, does the job.",2025-06-25
1377,2937,4825,1,Poor quality material used.,2025-01-06
1378,2571,2676,5,"Exactly as described, satisfied.",2022-02-19
1379,2472,3450,1,Product stopped working after a week.,2026-02-14
1380,2284,986,2,Delivery was delayed by many days.,2021-12-10
1381,4211,2440,5,"Works perfectly, no issues so far.",2021-09-21
1382,77,3818,1,Product stopped working after a week.,2025-12-25
1383,2258,1162,5,Very good quality for the price.,2020-06-20
1384,2912,4179,1,Item received was different from the picture.,2025-12-25
1385,15,2861,3,"It's fine, nothing special.",2026-06-05
1386,2831,1704,2,Item received was different from the picture.,2026-07-11
1387,774,3180,1,Poor quality material used.,2023-12-25
1388,4246,364,3,Decent product for daily use.,2025-02-23
1389,244,2410,3,Decent product for daily use.,2022-03-20
1390,2155,2406,2,Delivery was delayed by many days.,2026-03-02
1391,2366,188,1,Poor quality material used.,2023-10-11
1392,3318,3692,5,"Great build quality, will buy again.",2024-08-26
1393,405,3486,1,"Not as expected, quality is average.",2022-06-19
1394,3699,2112,3,"Product is okay, does the job.",2021-07-11
1395,3229,3230,1,Disappointed with the purchase.,2021-05-22
1396,4069,2985,3,Average experience overall.,2024-09-11
1397,2783,1933,1,Delivery was delayed by many days.,2021-06-30
1398,659,965,4,Fast delivery and great packaging.,2020-03-18
1399,370,925,3,Decent product for daily use.,2023-07-19
1400,1630,4269,4,Amazing value for money.,2020-01-25
1401,1524,4215,4,"Excellent product, highly recommend!",2022-08-06
1402,2140,1575,3,Average experience overall.,2023-10-12
1403,1882,2162,4,Very good quality for the price.,2022-12-21
1404,3295,2567,2,Disappointed with the purchase.,2025-09-15
1405,712,842,1,Delivery was delayed by many days.,2022-07-15
1406,630,326,4,Very good quality for the price.,2020-12-03
1407,4828,959,2,"Not as expected, quality is average.",2021-02-06
1408,1549,4569,5,"Excellent product, highly recommend!",2020-01-21
1409,2623,3268,5,"Works perfectly, no issues so far.",2023-02-17
1410,3982,4851,2,Delivery was delayed by many days.,2024-04-22
1411,4552,1030,3,Decent product for daily use.,2021-11-02
1412,2680,3322,4,"Great build quality, will buy again.",2024-06-29
1413,3769,598,4,"Superb product, exceeded expectations.",2023-02-07
1414,3328,128,2,Packaging was damaged on arrival.,2021-04-07
1415,2691,1387,2,Not worth the price.,2025-08-15
1416,1203,1383,3,Average experience overall.,2022-03-12
1417,997,1763,2,Poor quality material used.,2021-05-10
1418,2279,1956,4,"Great build quality, will buy again.",2025-09-16
1419,76,4285,3,Average experience overall.,2023-01-11
1420,4999,2742,2,Packaging was damaged on arrival.,2025-01-24
1421,3986,1681,1,Poor quality material used.,2021-06-26
1422,2610,1238,4,Fast delivery and great packaging.,2025-11-01
1423,2795,952,5,"Exactly as described, satisfied.",2020-01-28
1424,2046,1615,3,Decent product for daily use.,2025-08-29
1425,1334,3933,3,Average experience overall.,2024-03-14
1426,4116,1224,1,"Not as expected, quality is average.",2021-07-08
1427,3357,368,1,Packaging was damaged on arrival.,2025-08-29
1428,4518,4331,2,Delivery was delayed by many days.,2022-10-08
1429,1500,1006,4,Very good quality for the price.,2023-02-25
1430,2705,2237,1,Packaging was damaged on arrival.,2021-04-20
1431,1355,1376,2,Packaging was damaged on arrival.,2020-01-14
1432,1046,1422,5,Very good quality for the price.,2020-08-08
1433,4978,3577,3,Decent product for daily use.,2026-08-06
1434,2732,585,1,Disappointed with the purchase.,2023-09-11
1435,3117,370,3,"Product is okay, does the job.",2021-11-23
1436,2996,4431,3,"It's fine, nothing special.",2024-10-05
1437,2610,2576,1,Packaging was damaged on arrival.,2025-04-13
1438,3789,1550,4,Fast delivery and great packaging.,2022-05-10
1439,2307,3963,2,Disappointed with the purchase.,2020-01-17
1440,1015,4202,3,Decent product for daily use.,2025-09-10
1441,3594,949,3,Average experience overall.,2026-07-05
1442,4905,1919,4,"Works perfectly, no issues so far.",2021-05-04
1443,1598,1387,1,Not worth the price.,2021-04-01
1444,1987,1359,5,"Superb product, exceeded expectations.",2024-03-14
1445,4473,4005,2,Delivery was delayed by many days.,2025-10-17
1446,1139,1522,1,Product stopped working after a week.,2025-07-30
1447,463,2649,5,"Great build quality, will buy again.",2026-05-01
1448,777,968,2,Disappointed with the purchase.,2024-02-16
1449,510,955,1,Item received was different from the picture.,2020-08-19
1450,4899,3117,1,Product stopped working after a week.,2020-11-09
1451,2015,4180,4,"Excellent product, highly recommend!",2021-09-02
1452,3470,4600,3,"Product is okay, does the job.",2022-09-24
1453,3934,3311,5,Very good quality for the price.,2022-02-28
1454,4656,2855,2,Packaging was damaged on arrival.,2023-09-18
1455,4270,1242,3,"It's fine, nothing special.",2021-09-07
1456,3896,835,5,"Great build quality, will buy again.",2022-08-14
1457,2916,2613,1,Delivery was delayed by many days.,2023-06-30
1458,4199,4922,2,Item received was different from the picture.,2024-05-31
1459,1461,581,3,Decent product for daily use.,2021-08-03
1460,4686,1290,4,Amazing value for money.,2020-08-10
1461,3768,335,3,"Product is okay, does the job.",2024-04-14
1462,344,4841,2,Product stopped working after a week.,2024-03-22
1463,2274,4469,4,"Great build quality, will buy again.",2022-01-06
1464,3469,3686,2,Poor quality material used.,2021-04-11
1465,2707,3341,1,Not worth the price.,2021-05-22
1466,3406,607,5,Very good quality for the price.,2022-09-29
1467,588,3293,1,Product stopped working after a week.,2025-09-18
1468,307,4043,3,Average experience overall.,2021-05-07
1469,601,4015,1,"Not as expected, quality is average.",2023-01-16
1470,1291,1303,2,Poor quality material used.,2026-01-29
1471,3650,3733,2,Disappointed with the purchase.,2025-09-18
1472,278,2354,1,Product stopped working after a week.,2023-11-11
1473,2022,4087,5,"Exactly as described, satisfied.",2025-05-27
1474,605,3844,5,"Excellent product, highly recommend!",2023-12-14
1475,1849,4993,2,Packaging was damaged on arrival.,2022-03-08
1476,1205,3321,4,Fast delivery and great packaging.,2025-03-04
1477,615,1758,2,Packaging was damaged on arrival.,2022-07-12
1478,2969,932,2,Packaging was damaged on arrival.,2024-12-05
1479,3082,4313,2,"Not as expected, quality is average.",2023-05-29
1480,1756,3010,3,Average experience overall.,2021-10-22
1481,1566,830,2,Packaging was damaged on arrival.,2023-10-29
1482,3835,3575,1,Product stopped working after a week.,2020-11-05
1483,3407,4653,3,"Product is okay, does the job.",2026-03-30
1484,2892,3015,3,"It's fine, nothing special.",2020-05-24
1485,1909,1235,1,Disappointed with the purchase.,2026-01-19
1486,2039,2923,4,"Great build quality, will buy again.",2020-09-26
1487,2625,293,2,Delivery was delayed by many days.,2024-03-10
1488,1598,2682,5,Amazing value for money.,2025-07-21
1489,3347,2429,1,Poor quality material used.,2020-05-17
1490,4143,4271,4,Fast delivery and great packaging.,2023-09-20
1491,1656,2217,3,"Product is okay, does the job.",2026-08-05
1492,4658,4766,3,"Product is okay, does the job.",2021-10-07
1493,1173,2402,3,Average experience overall.,2025-06-05
1494,2100,2961,1,Disappointed with the purchase.,2023-06-04
1495,461,1208,3,"Product is okay, does the job.",2024-07-28
1496,1238,2577,4,"Exactly as described, satisfied.",2025-10-12
1497,918,848,5,"Excellent product, highly recommend!",2023-03-29
1498,3585,2733,3,"Product is okay, does the job.",2022-11-13
1499,3397,2941,5,"Superb product, exceeded expectations.",2024-03-24
1500,4354,1230,4,"Works perfectly, no issues so far.",2026-05-04
1501,1268,3656,1,Product stopped working after a week.,2025-08-27
1502,4594,1653,1,Disappointed with the purchase.,2025-07-01
1503,232,3793,5,"Exactly as described, satisfied.",2023-04-21
1504,4052,2205,5,"Excellent product, highly recommend!",2023-06-15
1505,3259,1112,2,Poor quality material used.,2026-04-21
1506,4567,1010,3,Average experience overall.,2026-06-28
1507,4935,2333,1,"Not as expected, quality is average.",2023-06-22
1508,3652,2956,1,Packaging was damaged on arrival.,2020-10-10
1509,3087,4742,1,Delivery was delayed by many days.,2021-08-05
1510,1188,1198,5,"Excellent product, highly recommend!",2026-01-04
1511,3925,4122,2,Product stopped working after a week.,2024-01-19
1512,4228,172,3,Decent product for daily use.,2020-05-27
1513,4855,446,3,"Product is okay, does the job.",2024-09-19
1514,4737,2988,2,Packaging was damaged on arrival.,2024-11-06
1515,938,3366,3,Average experience overall.,2024-06-08
1516,3559,2857,1,Poor quality material used.,2023-03-06
1517,299,4107,2,Product stopped working after a week.,2025-03-17
1518,169,1909,3,Average experience overall.,2025-03-27
1519,4804,179,2,Product stopped working after a week.,2020-10-08
1520,4549,1763,1,Disappointed with the purchase.,2024-09-18
1521,4385,463,3,Average experience overall.,2024-07-26
1522,1101,2181,5,"Great build quality, will buy again.",2025-02-25
1523,1434,3221,3,Average experience overall.,2023-05-29
1524,4857,4611,3,"It's fine, nothing special.",2026-02-27
1525,1053,1820,1,Poor quality material used.,2025-12-20
1526,67,4830,5,"Exactly as described, satisfied.",2024-04-18
1527,4337,3183,4,"Excellent product, highly recommend!",2024-07-13
1528,2835,1856,3,Average experience overall.,2021-12-06
1529,3998,644,2,"Not as expected, quality is average.",2021-09-20
1530,3535,486,2,Not worth the price.,2024-02-20
1531,715,1597,1,Poor quality material used.,2025-11-02
1532,548,4547,5,"Great build quality, will buy again.",2021-05-23
1533,367,3469,3,"Product is okay, does the job.",2023-11-02
1534,4063,2513,1,Packaging was damaged on arrival.,2024-03-31
1535,4099,1771,5,"Great build quality, will buy again.",2024-08-17
1536,4571,986,5,"Works perfectly, no issues so far.",2025-08-19
1537,2949,3485,5,"Exactly as described, satisfied.",2025-01-29
1538,3858,1408,1,Disappointed with the purchase.,2023-12-05
1539,594,4386,4,"Excellent product, highly recommend!",2020-04-19
1540,2490,3762,2,Disappointed with the purchase.,2026-01-09
1541,4519,1420,2,Delivery was delayed by many days.,2026-01-24
1542,10,4426,4,"Superb product, exceeded expectations.",2022-07-16
1543,4752,4004,1,Poor quality material used.,2023-05-15
1544,277,4574,1,Poor quality material used.,2023-02-15
1545,2075,1348,3,"It's fine, nothing special.",2023-09-03
1546,1004,1619,1,Delivery was delayed by many days.,2021-11-19
1547,342,1489,2,"Not as expected, quality is average.",2021-09-16
1548,1314,901,2,"Not as expected, quality is average.",2020-03-01
1549,4957,1120,3,"Product is okay, does the job.",2022-05-02
1550,1024,4345,3,Decent product for daily use.,2026-01-25
1551,4147,2743,1,Not worth the price.,2025-12-05
1552,159,1494,4,"Works perfectly, no issues so far.",2026-02-03
1553,350,266,5,Amazing value for money.,2025-07-27
1554,4727,820,5,"Great build quality, will buy again.",2026-01-27
1555,2464,2918,3,Decent product for daily use.,2021-02-17
1556,4550,1396,4,"Works perfectly, no issues so far.",2020-02-06
1557,4040,635,2,Disappointed with the purchase.,2025-08-07
1558,476,915,4,Very good quality for the price.,2022-11-13
1559,2775,3699,4,Amazing value for money.,2021-05-24
1560,74,2320,2,Product stopped working after a week.,2025-01-31
1561,4160,4675,4,Fast delivery and great packaging.,2023-05-27
1562,3272,1397,1,Not worth the price.,2023-07-21
1563,2951,3964,1,Product stopped working after a week.,2021-03-22
1564,507,3586,2,Poor quality material used.,2023-02-05
1565,3179,1707,1,Packaging was damaged on arrival.,2020-02-10
1566,3586,1229,3,"It's fine, nothing special.",2024-10-24
1567,146,294,1,Packaging was damaged on arrival.,2024-12-15
1568,7,2606,3,Average experience overall.,2023-11-15
1569,1906,3670,4,Very good quality for the price.,2023-08-01
1570,1707,2751,3,"Product is okay, does the job.",2022-05-23
1571,4877,3177,5,Very good quality for the price.,2020-11-08
1572,1932,2075,3,"Product is okay, does the job.",2026-01-19
1573,4277,4558,5,Very good quality for the price.,2020-07-02
1574,3451,1834,5,"Exactly as described, satisfied.",2024-04-04
1575,686,140,1,Delivery was delayed by many days.,2020-03-07
1576,2855,2834,1,Poor quality material used.,2021-05-01
1577,1748,4181,2,Item received was different from the picture.,2025-10-21
1578,3238,2268,5,"Excellent product, highly recommend!",2025-04-10
1579,8,1947,5,"Superb product, exceeded expectations.",2025-04-05
1580,3980,1476,3,Decent product for daily use.,2026-03-22
1581,2991,3218,2,Not worth the price.,2025-06-01
1582,3738,297,3,"Product is okay, does the job.",2023-02-02
1583,3485,877,1,Poor quality material used.,2022-03-26
1584,1004,1917,3,Average experience overall.,2024-06-03
1585,1627,4076,4,"Great build quality, will buy again.",2025-11-08
1586,3988,2012,1,Poor quality material used.,2026-01-08
1587,17,2756,2,Disappointed with the purchase.,2020-02-03
1588,1584,2834,3,Decent product for daily use.,2024-12-04
1589,1803,665,5,"Superb product, exceeded expectations.",2024-04-03
1590,4097,2576,2,Disappointed with the purchase.,2025-09-22
1591,2825,318,3,"It's fine, nothing special.",2024-01-04
1592,789,4515,4,"Works perfectly, no issues so far.",2020-05-27
1593,2065,1811,3,Decent product for daily use.,2021-06-19
1594,2429,2605,4,"Great build quality, will buy again.",2024-09-19
1595,21,2090,2,Delivery was delayed by many days.,2022-08-22
1596,3374,3257,2,Disappointed with the purchase.,2025-10-14
1597,4221,3332,1,Product stopped working after a week.,2025-07-27
1598,3225,2531,1,Not worth the price.,2024-03-08
1599,3573,1896,3,Decent product for daily use.,2026-04-18
1600,318,4291,1,"Not as expected, quality is average.",2024-06-24
1601,3351,1916,1,Delivery was delayed by many days.,2020-05-15
1602,4226,3939,5,Very good quality for the price.,2024-05-17
1603,1443,889,2,Product stopped working after a week.,2023-05-06
1604,43,343,5,"Great build quality, will buy again.",2026-05-20
1605,2259,3780,5,"Great build quality, will buy again.",2025-01-14
1606,4968,4073,5,Very good quality for the price.,2025-04-11
1607,4943,3089,4,"Exactly as described, satisfied.",2026-01-13
1608,3540,1328,4,"Exactly as described, satisfied.",2020-12-06
1609,4412,1007,5,"Works perfectly, no issues so far.",2022-07-28
1610,2490,4717,4,Very good quality for the price.,2024-09-29
1611,2048,3979,4,"Great build quality, will buy again.",2021-05-05
1612,3866,3254,3,Average experience overall.,2022-06-23
1613,4682,966,2,Product stopped working after a week.,2021-09-07
1614,3461,3355,4,"Great build quality, will buy again.",2023-08-10
1615,41,2421,3,Decent product for daily use.,2021-09-11
1616,2629,3560,2,Disappointed with the purchase.,2021-12-06
1617,1701,1380,5,"Excellent product, highly recommend!",2025-08-17
1618,1989,4976,1,Packaging was damaged on arrival.,2024-04-17
1619,4406,747,4,"Exactly as described, satisfied.",2023-04-26
1620,3525,3279,5,Amazing value for money.,2020-09-05
1621,340,3117,3,"It's fine, nothing special.",2025-09-11
1622,2874,1858,4,Very good quality for the price.,2022-09-19
1623,3892,1352,3,Average experience overall.,2024-12-08
1624,3651,3014,4,"Exactly as described, satisfied.",2025-10-21
1625,4787,2943,3,Average experience overall.,2026-06-23
1626,4842,2875,2,Item received was different from the picture.,2026-05-16
1627,4606,2680,2,Disappointed with the purchase.,2020-10-07
1628,1595,3225,1,"Not as expected, quality is average.",2025-03-03
1629,2596,2147,1,Packaging was damaged on arrival.,2021-08-19
1630,4766,3560,4,"Works perfectly, no issues so far.",2021-11-09
1631,2348,1485,3,Decent product for daily use.,2021-09-07
1632,4866,255,1,Item received was different from the picture.,2023-10-17
1633,689,3452,1,"Not as expected, quality is average.",2025-01-15
1634,4799,3138,5,"Works perfectly, no issues so far.",2024-03-30
1635,4023,968,4,"Superb product, exceeded expectations.",2025-08-09
1636,2710,276,3,"It's fine, nothing special.",2024-04-26
1637,163,3912,1,Item received was different from the picture.,2023-12-28
1638,4687,3829,2,Delivery was delayed by many days.,2026-02-14
1639,1938,782,3,Average experience overall.,2026-04-09
1640,592,1412,3,Decent product for daily use.,2022-05-15
1641,1987,3792,1,Item received was different from the picture.,2022-07-21
1642,4221,1507,2,Item received was different from the picture.,2021-02-18
1643,294,2128,5,Fast delivery and great packaging.,2024-08-05
1644,3674,3803,3,"It's fine, nothing special.",2025-09-10
1645,638,1084,1,Item received was different from the picture.,2020-07-08
1646,461,4497,4,Amazing value for money.,2022-06-07
1647,1494,4569,2,Delivery was delayed by many days.,2024-06-08
1648,2126,4783,5,"Great build quality, will buy again.",2026-02-21
1649,2447,3405,4,"Works perfectly, no issues so far.",2021-06-27
1650,64,3042,4,"Works perfectly, no issues so far.",2020-03-17
1651,3854,2037,4,"Superb product, exceeded expectations.",2024-05-22
1652,3613,1889,1,Delivery was delayed by many days.,2020-12-19
1653,911,4463,3,Average experience overall.,2023-01-21
1654,4091,404,2,Delivery was delayed by many days.,2026-05-27
1655,3651,1718,3,Average experience overall.,2024-08-17
1656,221,4387,4,Fast delivery and great packaging.,2023-01-29
1657,4535,4446,5,"Excellent product, highly recommend!",2025-02-07
1658,3835,2645,1,Delivery was delayed by many days.,2021-03-02
1659,1894,4541,5,Fast delivery and great packaging.,2021-12-11
1660,107,1155,4,"Excellent product, highly recommend!",2023-10-27
1661,537,1573,4,"Excellent product, highly recommend!",2024-03-22
1662,4676,3562,4,Very good quality for the price.,2021-02-04
1663,3411,3609,4,Amazing value for money.,2024-12-13
1664,1518,4753,3,Average experience overall.,2024-07-11
1665,3611,1677,3,"Product is okay, does the job.",2020-07-22
1666,1700,1621,1,Not worth the price.,2023-09-18
1667,2660,3493,5,"Excellent product, highly recommend!",2022-03-03
1668,4132,2142,5,"Superb product, exceeded expectations.",2023-06-04
1669,2501,3479,4,Fast delivery and great packaging.,2021-09-28
1670,4281,2351,3,"Product is okay, does the job.",2024-05-12
1671,140,1665,1,Packaging was damaged on arrival.,2020-08-18
1672,310,4679,2,Packaging was damaged on arrival.,2023-03-25
1673,4182,3038,1,Disappointed with the purchase.,2021-09-23
1674,4198,2014,5,"Works perfectly, no issues so far.",2020-04-10
1675,3109,2196,1,Not worth the price.,2023-12-22
1676,2220,2471,1,Packaging was damaged on arrival.,2021-02-27
1677,1239,1933,2,Delivery was delayed by many days.,2021-08-31
1678,894,4064,1,Packaging was damaged on arrival.,2024-01-24
1679,2265,820,4,"Great build quality, will buy again.",2020-10-13
1680,3569,2242,3,Decent product for daily use.,2026-07-10
1681,3805,1491,1,"Not as expected, quality is average.",2021-04-26
1682,50,1608,3,"It's fine, nothing special.",2024-03-10
1683,2940,4053,5,"Superb product, exceeded expectations.",2025-11-02
1684,788,1,2,Not worth the price.,2021-07-08
1685,608,1613,5,Fast delivery and great packaging.,2025-10-27
1686,270,3746,1,Delivery was delayed by many days.,2025-09-17
1687,3546,1057,3,"Product is okay, does the job.",2020-08-08
1688,3336,1886,1,Item received was different from the picture.,2023-11-02
1689,978,4612,4,"Superb product, exceeded expectations.",2024-03-11
1690,3833,3083,1,Item received was different from the picture.,2023-08-15
1691,2339,2004,2,Packaging was damaged on arrival.,2021-03-13
1692,1578,419,4,Very good quality for the price.,2020-03-09
1693,1986,3045,3,"Product is okay, does the job.",2021-11-08
1694,2681,3351,3,"It's fine, nothing special.",2024-06-10
1695,2264,4782,5,Very good quality for the price.,2021-08-06
1696,3748,3359,5,Very good quality for the price.,2024-06-26
1697,3569,2684,3,"Product is okay, does the job.",2022-03-16
1698,3085,3657,2,"Not as expected, quality is average.",2024-09-07
1699,3900,3585,4,Very good quality for the price.,2022-10-15
1700,262,3875,3,"Product is okay, does the job.",2025-03-09
1701,4687,411,4,"Superb product, exceeded expectations.",2021-01-10
1702,361,3091,2,Delivery was delayed by many days.,2020-09-13
1703,1039,4815,3,"It's fine, nothing special.",2023-04-26
1704,2978,2288,5,"Exactly as described, satisfied.",2021-12-15
1705,2670,580,2,Poor quality material used.,2021-06-17
1706,4585,3302,2,Packaging was damaged on arrival.,2020-09-24
1707,2426,2988,2,Poor quality material used.,2025-07-10
1708,4760,678,5,"Exactly as described, satisfied.",2025-09-26
1709,1694,3316,1,Product stopped working after a week.,2023-10-05
1710,100,173,3,Decent product for daily use.,2026-03-18
1711,2307,3256,3,Decent product for daily use.,2021-09-15
1712,4367,3475,5,"Works perfectly, no issues so far.",2025-10-06
1713,2746,4954,4,Amazing value for money.,2022-12-01
1714,3471,3883,2,Disappointed with the purchase.,2026-04-04
1715,3239,4154,5,"Superb product, exceeded expectations.",2020-12-25
1716,1136,2409,2,"Not as expected, quality is average.",2022-12-22
1717,432,187,1,Not worth the price.,2023-02-03
1718,356,2292,3,Decent product for daily use.,2024-01-16
1719,4317,3821,3,Decent product for daily use.,2022-01-10
1720,3757,2854,4,Amazing value for money.,2026-03-08
1721,4355,3091,5,"Exactly as described, satisfied.",2020-11-21
1722,585,119,1,Delivery was delayed by many days.,2025-07-09
1723,3197,3945,3,"It's fine, nothing special.",2021-05-15
1724,629,712,4,"Works perfectly, no issues so far.",2024-11-13
1725,4904,1781,4,Very good quality for the price.,2024-06-15
1726,1565,3166,3,"It's fine, nothing special.",2023-11-20
1727,4571,1167,3,Average experience overall.,2022-02-18
1728,3618,2450,5,"Exactly as described, satisfied.",2024-01-14
1729,1825,1222,4,"Exactly as described, satisfied.",2020-01-11
1730,647,4170,3,"It's fine, nothing special.",2023-01-27
1731,4364,4001,1,Packaging was damaged on arrival.,2024-05-29
1732,868,2119,1,Delivery was delayed by many days.,2023-09-17
1733,51,2532,5,"Great build quality, will buy again.",2025-10-14
1734,1826,181,2,"Not as expected, quality is average.",2021-09-29
1735,2672,1779,1,"Not as expected, quality is average.",2026-07-12
1736,899,715,1,Not worth the price.,2023-08-14
1737,3178,4513,3,"Product is okay, does the job.",2024-05-27
1738,472,811,4,Fast delivery and great packaging.,2020-06-28
1739,1158,1934,4,"Exactly as described, satisfied.",2022-10-10
1740,151,428,5,Fast delivery and great packaging.,2024-08-13
1741,4642,516,5,Fast delivery and great packaging.,2023-10-16
1742,3231,2403,3,Average experience overall.,2024-11-11
1743,3461,873,5,"Excellent product, highly recommend!",2023-10-12
1744,740,3201,1,Poor quality material used.,2025-02-03
1745,3861,2343,1,Poor quality material used.,2021-04-20
1746,513,3049,5,Very good quality for the price.,2022-02-25
1747,4705,3448,2,Disappointed with the purchase.,2025-12-08
1748,303,2836,1,Item received was different from the picture.,2025-11-06
1749,1302,783,1,Poor quality material used.,2025-01-12
1750,151,4640,4,"Great build quality, will buy again.",2022-02-07
1751,1280,3657,4,Fast delivery and great packaging.,2026-04-09
1752,4069,440,5,"Excellent product, highly recommend!",2024-11-27
1753,2702,3502,1,Disappointed with the purchase.,2021-03-21
1754,222,1232,3,"Product is okay, does the job.",2020-12-12
1755,1386,4307,1,Disappointed with the purchase.,2021-02-08
1756,1987,2921,4,Amazing value for money.,2021-12-13
1757,2315,2106,1,Not worth the price.,2024-04-08
1758,4070,2490,5,"Exactly as described, satisfied.",2026-04-01
1759,3759,572,1,Item received was different from the picture.,2022-03-06
1760,2969,2987,2,Not worth the price.,2023-03-27
1761,2673,588,2,Product stopped working after a week.,2020-01-27
1762,4481,4291,1,Product stopped working after a week.,2024-08-15
1763,1375,3925,2,Product stopped working after a week.,2024-09-14
1764,1386,3524,2,Item received was different from the picture.,2020-01-20
1765,785,2008,4,Fast delivery and great packaging.,2021-02-05
1766,4792,1561,5,"Superb product, exceeded expectations.",2026-03-10
1767,3646,3540,1,Packaging was damaged on arrival.,2022-08-27
1768,3945,2309,5,"Excellent product, highly recommend!",2024-08-07
1769,151,3225,1,Delivery was delayed by many days.,2023-05-15
1770,128,83,5,Amazing value for money.,2024-09-21
1771,4988,689,3,Decent product for daily use.,2020-06-20
1772,3088,2035,4,"Exactly as described, satisfied.",2024-10-17
1773,3573,2421,5,"Works perfectly, no issues so far.",2025-04-10
1774,2199,2589,3,"Product is okay, does the job.",2022-11-17
1775,4822,1367,3,"Product is okay, does the job.",2025-06-20
1776,1338,2668,5,Amazing value for money.,2022-01-18
1777,2147,3641,3,Decent product for daily use.,2021-11-29
1778,454,4194,3,Average experience overall.,2022-04-26
1779,3719,4263,4,"Exactly as described, satisfied.",2022-02-08
1780,1061,2947,5,Fast delivery and great packaging.,2023-09-15
1781,2116,309,5,Amazing value for money.,2023-08-19
1782,1715,2932,4,"Exactly as described, satisfied.",2024-12-08
1783,4012,305,2,Item received was different from the picture.,2024-04-20
1784,2449,3433,3,"Product is okay, does the job.",2026-07-27
1785,1665,3436,4,Fast delivery and great packaging.,2024-01-05
1786,2346,2024,4,Amazing value for money.,2020-03-26
1787,3294,1247,3,Decent product for daily use.,2023-10-30
1788,3668,4909,3,Decent product for daily use.,2021-09-20
1789,2992,3493,3,Average experience overall.,2023-09-20
1790,408,3828,2,Delivery was delayed by many days.,2023-05-06
1791,1778,1877,1,Not worth the price.,2025-03-29
1792,4676,1361,2,Product stopped working after a week.,2022-12-01
1793,3194,623,2,Item received was different from the picture.,2022-02-22
1794,4250,2524,2,Delivery was delayed by many days.,2022-01-14
1795,3444,1962,4,Amazing value for money.,2022-07-04
1796,3568,1486,2,Not worth the price.,2023-12-25
1797,799,1360,4,"Exactly as described, satisfied.",2023-05-10
1798,642,2743,5,Very good quality for the price.,2024-06-16
1799,3074,1523,3,Decent product for daily use.,2020-06-20
1800,475,2829,2,Item received was different from the picture.,2021-09-27
1801,4276,4356,1,Product stopped working after a week.,2023-07-18
1802,4862,4745,5,"Excellent product, highly recommend!",2022-02-07
1803,2351,4795,4,"Excellent product, highly recommend!",2020-06-21
1804,210,1319,1,Item received was different from the picture.,2023-05-14
1805,1128,1055,3,Average experience overall.,2021-01-06
1806,645,4738,1,Packaging was damaged on arrival.,2020-08-10
1807,2539,2306,5,Fast delivery and great packaging.,2023-07-06
1808,4058,3167,4,"Great build quality, will buy again.",2022-08-11
1809,522,4397,1,Item received was different from the picture.,2022-08-17
1810,2974,1646,3,Average experience overall.,2021-12-13
1811,3613,463,3,"It's fine, nothing special.",2021-05-24
1812,2616,15,3,Decent product for daily use.,2023-09-16
1813,2378,4386,1,"Not as expected, quality is average.",2025-05-26
1814,2892,4634,2,Delivery was delayed by many days.,2023-10-29
1815,3795,569,4,Fast delivery and great packaging.,2023-10-07
1816,3833,815,1,Disappointed with the purchase.,2023-04-14
1817,2885,420,4,Amazing value for money.,2026-03-31
1818,120,916,5,"Exactly as described, satisfied.",2020-07-16
1819,2457,3912,4,"Great build quality, will buy again.",2024-02-15
1820,85,4007,3,"Product is okay, does the job.",2025-01-02
1821,1492,892,2,Item received was different from the picture.,2022-05-01
1822,1511,2743,3,"Product is okay, does the job.",2024-12-19
1823,573,1193,1,Poor quality material used.,2021-12-19
1824,3458,3154,1,Item received was different from the picture.,2026-04-22
1825,1160,1557,4,Fast delivery and great packaging.,2024-02-21
1826,3316,1164,1,Item received was different from the picture.,2025-10-19
1827,4248,4802,4,"Works perfectly, no issues so far.",2024-07-31
1828,2427,3652,5,"Great build quality, will buy again.",2020-09-10
1829,4031,1070,5,Amazing value for money.,2023-07-11
1830,3691,2886,2,Product stopped working after a week.,2021-03-11
1831,4727,1575,4,"Superb product, exceeded expectations.",2025-11-24
1832,510,2078,2,Disappointed with the purchase.,2025-06-02
1833,2095,3744,4,"Works perfectly, no issues so far.",2022-11-07
1834,2965,4209,1,Disappointed with the purchase.,2022-03-10
1835,275,3581,1,Item received was different from the picture.,2021-06-12
1836,1960,2931,2,Item received was different from the picture.,2025-01-26
1837,1069,3167,5,"Great build quality, will buy again.",2022-09-10
1838,1086,2350,5,Fast delivery and great packaging.,2022-08-15
1839,3751,2478,4,"Works perfectly, no issues so far.",2021-03-23
1840,1577,317,5,"Great build quality, will buy again.",2020-08-23
1841,3547,3718,3,Decent product for daily use.,2021-01-17
1842,2099,4773,4,Very good quality for the price.,2023-05-29
1843,1107,1163,4,"Superb product, exceeded expectations.",2023-02-04
1844,2362,2573,4,"Exactly as described, satisfied.",2021-09-28
1845,799,631,5,"Exactly as described, satisfied.",2025-04-07
1846,3260,461,3,"It's fine, nothing special.",2021-12-27
1847,3925,825,3,"Product is okay, does the job.",2025-08-21
1848,3385,4967,4,Very good quality for the price.,2026-02-09
1849,1725,3476,1,"Not as expected, quality is average.",2025-10-10
1850,3518,122,1,Delivery was delayed by many days.,2023-07-23
1851,4285,2367,3,Decent product for daily use.,2024-10-10
1852,2701,4918,2,Item received was different from the picture.,2023-11-22
1853,1469,45,4,"Works perfectly, no issues so far.",2023-11-13
1854,2208,1027,3,"Product is okay, does the job.",2022-11-30
1855,1925,3312,1,Product stopped working after a week.,2023-01-28
1856,514,3545,1,Delivery was delayed by many days.,2021-11-28
1857,3308,278,1,"Not as expected, quality is average.",2024-09-15
1858,2319,3830,1,Item received was different from the picture.,2023-12-13
1859,2830,2231,2,Item received was different from the picture.,2023-09-07
1860,4515,2771,1,Item received was different from the picture.,2023-05-30
1861,3585,4616,1,"Not as expected, quality is average.",2020-05-04
1862,4118,283,2,Packaging was damaged on arrival.,2022-08-10
1863,246,1639,1,"Not as expected, quality is average.",2025-09-13
1864,341,2105,3,Average experience overall.,2025-01-14
1865,1737,4992,4,"Great build quality, will buy again.",2023-06-07
1866,424,2839,2,"Not as expected, quality is average.",2020-04-12
1867,2011,3219,5,"Superb product, exceeded expectations.",2020-05-20
1868,2858,4664,1,Item received was different from the picture.,2023-01-08
1869,1301,2662,4,"Works perfectly, no issues so far.",2025-05-09
1870,547,3122,2,Item received was different from the picture.,2023-04-23
1871,801,910,4,"Excellent product, highly recommend!",2024-04-11
1872,3405,834,2,Poor quality material used.,2021-06-05
1873,3141,1689,1,Poor quality material used.,2024-07-28
1874,4494,1178,1,"Not as expected, quality is average.",2025-06-08
1875,665,1450,1,"Not as expected, quality is average.",2024-05-15
1876,660,4479,2,Not worth the price.,2024-07-15
1877,3725,162,1,Poor quality material used.,2023-07-04
1878,2132,2204,5,"Superb product, exceeded expectations.",2021-10-05
1879,3428,2651,1,Item received was different from the picture.,2024-07-11
1880,3274,4190,5,"Works perfectly, no issues so far.",2022-12-19
1881,37,2881,2,Item received was different from the picture.,2026-04-01
1882,3137,124,2,Item received was different from the picture.,2023-04-19
1883,1812,2262,3,Average experience overall.,2021-05-28
1884,2765,2240,5,"Exactly as described, satisfied.",2023-04-07
1885,2713,599,2,Packaging was damaged on arrival.,2020-01-25
1886,3375,3622,4,Amazing value for money.,2022-08-16
1887,2771,165,2,Delivery was delayed by many days.,2025-01-29
1888,4744,422,1,Item received was different from the picture.,2021-12-02
1889,3472,1424,1,Item received was different from the picture.,2024-03-03
1890,3339,3273,4,Fast delivery and great packaging.,2026-02-09
1891,1266,1539,4,Very good quality for the price.,2025-03-27
1892,2251,3395,3,Average experience overall.,2023-10-06
1893,2344,2378,4,"Works perfectly, no issues so far.",2025-06-15
1894,735,4548,3,"It's fine, nothing special.",2020-06-28
1895,1531,1714,2,Packaging was damaged on arrival.,2024-09-18
1896,3654,3531,4,"Works perfectly, no issues so far.",2022-12-09
1897,516,4133,5,Fast delivery and great packaging.,2024-10-02
1898,4932,4030,4,Fast delivery and great packaging.,2021-08-14
1899,4743,2139,2,Product stopped working after a week.,2025-11-26
1900,2008,866,1,Delivery was delayed by many days.,2020-10-07
1901,3145,1725,3,Decent product for daily use.,2020-02-17
1902,2321,4939,1,Delivery was delayed by many days.,2026-05-02
1903,3449,3981,5,"Great build quality, will buy again.",2026-01-07
1904,723,3285,1,Poor quality material used.,2020-07-22
1905,713,2395,4,"Great build quality, will buy again.",2022-02-16
1906,2518,89,2,Packaging was damaged on arrival.,2020-08-23
1907,3603,4869,1,Poor quality material used.,2025-11-24
1908,4549,3713,1,"Not as expected, quality is average.",2020-06-06
1909,1354,4596,5,Amazing value for money.,2026-07-16
1910,2958,472,5,Fast delivery and great packaging.,2023-10-26
1911,2232,409,2,Packaging was damaged on arrival.,2023-01-31
1912,4168,2433,1,Item received was different from the picture.,2025-12-19
1913,1002,2979,4,"Superb product, exceeded expectations.",2022-01-29
1914,4373,2415,2,Item received was different from the picture.,2026-02-02
1915,2257,835,5,Amazing value for money.,2020-04-17
1916,4063,4976,4,"Works perfectly, no issues so far.",2025-12-04
1917,328,3745,5,"Great build quality, will buy again.",2025-05-08
1918,4385,1602,4,Amazing value for money.,2023-11-11
1919,3049,2674,4,Very good quality for the price.,2021-02-08
1920,3633,2570,2,Item received was different from the picture.,2023-07-25
1921,2260,1053,1,Product stopped working after a week.,2020-06-27
1922,4826,3547,1,Disappointed with the purchase.,2023-03-26
1923,1470,1617,4,Amazing value for money.,2025-07-21
1924,3949,4099,5,"Works perfectly, no issues so far.",2023-12-23
1925,2516,1613,1,Product stopped working after a week.,2025-09-07
1926,1816,4046,1,Packaging was damaged on arrival.,2024-11-09
1927,2430,3104,2,Packaging was damaged on arrival.,2024-03-31
1928,4752,4398,4,"Superb product, exceeded expectations.",2021-06-02
1929,4801,543,1,Poor quality material used.,2024-06-29
1930,4071,1893,2,Delivery was delayed by many days.,2024-04-18
1931,2712,3902,3,Decent product for daily use.,2023-04-03
1932,4379,1210,3,"It's fine, nothing special.",2022-10-28
1933,1493,3190,4,"Excellent product, highly recommend!",2024-11-03
1934,3152,2635,3,"It's fine, nothing special.",2020-05-28
1935,1319,673,5,"Exactly as described, satisfied.",2022-02-21
1936,2581,3875,5,Amazing value for money.,2025-07-24
1937,946,235,5,"Works perfectly, no issues so far.",2025-08-23
1938,4610,4107,3,Decent product for daily use.,2021-10-02
1939,2753,4263,2,Packaging was damaged on arrival.,2025-08-18
1940,4525,2119,5,Fast delivery and great packaging.,2024-05-18
1941,1389,419,3,Decent product for daily use.,2025-10-31
1942,4836,4514,1,Not worth the price.,2025-11-24
1943,2052,4468,3,"It's fine, nothing special.",2021-02-10
1944,389,1911,5,Fast delivery and great packaging.,2020-08-08
1945,4083,860,3,Average experience overall.,2022-03-27
1946,3461,577,1,Poor quality material used.,2020-07-03
1947,3811,2355,5,"Great build quality, will buy again.",2026-03-10
1948,10,1481,5,"Superb product, exceeded expectations.",2026-06-17
1949,2767,4730,5,Fast delivery and great packaging.,2021-12-01
1950,1393,3237,2,Disappointed with the purchase.,2025-07-13
1951,3403,4236,4,"Works perfectly, no issues so far.",2022-01-26
1952,3596,4350,4,Amazing value for money.,2021-12-17
1953,1195,734,3,Decent product for daily use.,2025-08-20
1954,3643,588,5,"Excellent product, highly recommend!",2026-07-14
1955,2480,3194,3,Decent product for daily use.,2023-06-06
1956,3218,2084,4,"Great build quality, will buy again.",2024-01-15
1957,910,3103,1,Product stopped working after a week.,2023-03-11
1958,2984,69,2,Delivery was delayed by many days.,2021-02-13
1959,3661,2359,4,Fast delivery and great packaging.,2023-03-24
1960,1677,2343,5,Fast delivery and great packaging.,2025-08-18
1961,1432,2426,5,Fast delivery and great packaging.,2026-07-23
1962,1069,1807,1,Delivery was delayed by many days.,2022-12-24
1963,4330,370,2,Poor quality material used.,2025-02-17
1964,2077,1379,1,"Not as expected, quality is average.",2023-07-27
1965,3146,3655,5,"Superb product, exceeded expectations.",2024-10-16
1966,1701,3736,1,Product stopped working after a week.,2025-12-13
1967,2622,1026,2,Item received was different from the picture.,2021-05-31
1968,192,2472,3,Average experience overall.,2023-03-06
1969,289,2790,1,Item received was different from the picture.,2024-09-02
1970,2731,649,5,"Great build quality, will buy again.",2022-06-06
1971,365,322,2,"Not as expected, quality is average.",2023-03-12
1972,2688,3293,5,Very good quality for the price.,2021-11-15
1973,4538,2242,3,"It's fine, nothing special.",2023-07-23
1974,777,3171,1,Delivery was delayed by many days.,2022-05-11
1975,1025,1844,4,Amazing value for money.,2020-05-26
1976,310,4474,3,"Product is okay, does the job.",2020-10-29
1977,636,447,2,"Not as expected, quality is average.",2021-09-13
1978,4959,3599,4,Fast delivery and great packaging.,2025-02-11
1979,1592,887,2,Product stopped working after a week.,2022-06-29
1980,2833,2782,3,Average experience overall.,2025-10-06
1981,79,2365,3,"Product is okay, does the job.",2020-07-04
1982,2548,3940,2,Packaging was damaged on arrival.,2021-10-17
1983,453,94,5,Fast delivery and great packaging.,2022-03-12
1984,231,2055,5,Fast delivery and great packaging.,2021-11-18
1985,2484,439,1,Delivery was delayed by many days.,2025-07-09
1986,3336,1285,1,Not worth the price.,2022-06-16
1987,434,2796,3,"It's fine, nothing special.",2026-06-23
1988,3772,2283,2,Poor quality material used.,2024-06-09
1989,3358,2066,5,Amazing value for money.,2023-09-06
1990,1688,2859,5,Very good quality for the price.,2020-09-02
1991,4417,1393,1,"Not as expected, quality is average.",2024-01-05
1992,1923,1382,5,"Excellent product, highly recommend!",2020-05-27
1993,1822,643,5,"Works perfectly, no issues so far.",2025-06-15
1994,1740,2162,4,Very good quality for the price.,2024-05-05
1995,619,229,1,Product stopped working after a week.,2022-07-01
1996,2020,1674,3,"It's fine, nothing special.",2020-03-21
1997,4913,1682,1,Product stopped working after a week.,2023-04-06
1998,3400,1695,4,Fast delivery and great packaging.,2023-07-25
1999,1240,497,5,"Great build quality, will buy again.",2023-10-04
2000,1208,2406,1,Not worth the price.,2024-03-22
2001,3595,3893,2,Disappointed with the purchase.,2023-11-07
2002,3238,3527,3,Average experience overall.,2025-01-10
2003,1661,1335,2,Packaging was damaged on arrival.,2023-12-02
2004,3314,2068,4,"Great build quality, will buy again.",2022-01-14
2005,4066,931,4,Fast delivery and great packaging.,2026-01-07
2006,995,375,5,"Works perfectly, no issues so far.",2020-07-02
2007,3964,780,1,"Not as expected, quality is average.",2025-01-04
2008,4654,3293,2,"Not as expected, quality is average.",2026-06-20
2009,2626,3489,4,Very good quality for the price.,2020-11-25
2010,794,3208,5,"Great build quality, will buy again.",2025-04-07
2011,4514,2959,5,"Excellent product, highly recommend!",2025-02-09
2012,32,2126,2,Poor quality material used.,2023-06-22
2013,548,4634,2,Poor quality material used.,2026-03-27
2014,4356,4119,2,Delivery was delayed by many days.,2025-03-07
2015,2765,155,2,Poor quality material used.,2024-07-22
2016,2732,1668,3,Decent product for daily use.,2024-08-02
2017,2219,1161,4,"Exactly as described, satisfied.",2025-01-05
2018,2115,570,2,Disappointed with the purchase.,2023-03-12
2019,4412,1710,3,"Product is okay, does the job.",2022-03-10
2020,1003,3217,3,Decent product for daily use.,2021-03-15
2021,1640,701,1,Poor quality material used.,2023-03-24
2022,1765,3552,1,Delivery was delayed by many days.,2021-07-31
2023,3055,3055,3,Decent product for daily use.,2021-06-22
2024,338,4463,4,"Excellent product, highly recommend!",2020-03-17
2025,2971,2573,4,"Excellent product, highly recommend!",2025-06-19
2026,4472,517,5,"Works perfectly, no issues so far.",2022-06-13
2027,695,3991,3,Decent product for daily use.,2020-11-03
2028,683,1263,3,"It's fine, nothing special.",2024-11-22
2029,1191,4029,2,Packaging was damaged on arrival.,2024-04-15
2030,3997,3669,2,Packaging was damaged on arrival.,2026-01-28
2031,4489,2742,4,"Superb product, exceeded expectations.",2022-11-06
2032,3851,3573,4,Fast delivery and great packaging.,2023-05-05
2033,3299,3585,1,Packaging was damaged on arrival.,2020-11-02
2034,3077,1995,1,Not worth the price.,2022-10-29
2035,2993,1276,3,"It's fine, nothing special.",2020-06-09
2036,3425,3968,3,"It's fine, nothing special.",2026-05-03
2037,1118,1904,1,Item received was different from the picture.,2024-03-06
2038,312,1622,4,"Works perfectly, no issues so far.",2024-01-14
2039,3833,4533,2,Delivery was delayed by many days.,2020-05-27
2040,3923,4752,3,"It's fine, nothing special.",2022-02-19
2041,3642,2986,1,Not worth the price.,2022-02-05
2042,1343,3321,2,"Not as expected, quality is average.",2021-07-06
2043,1552,1732,3,"Product is okay, does the job.",2021-10-06
2044,4363,3401,4,"Works perfectly, no issues so far.",2025-06-25
2045,4503,2982,2,Packaging was damaged on arrival.,2024-09-08
2046,1145,2800,2,Delivery was delayed by many days.,2023-03-17
2047,4473,301,2,Packaging was damaged on arrival.,2025-02-24
2048,2078,3181,4,"Great build quality, will buy again.",2025-12-07
2049,538,3600,2,Delivery was delayed by many days.,2023-09-20
2050,2293,169,4,"Works perfectly, no issues so far.",2020-07-12
2051,3805,3640,5,Very good quality for the price.,2023-11-23
2052,4157,3259,5,"Superb product, exceeded expectations.",2025-03-04
2053,993,4011,3,"It's fine, nothing special.",2024-06-15
2054,1062,2976,2,Item received was different from the picture.,2021-10-10
2055,3688,1625,4,"Works perfectly, no issues so far.",2024-09-09
2056,3318,3293,5,"Works perfectly, no issues so far.",2026-02-06
2057,1108,1998,1,Delivery was delayed by many days.,2023-10-12
2058,2277,609,4,Fast delivery and great packaging.,2023-09-28
2059,3683,264,4,Amazing value for money.,2024-02-23
2060,4981,551,1,Packaging was damaged on arrival.,2022-09-08
2061,248,62,1,Item received was different from the picture.,2024-02-08
2062,1054,3868,2,Disappointed with the purchase.,2025-06-21
2063,1606,878,4,"Excellent product, highly recommend!",2026-03-29
2064,2004,4899,1,Not worth the price.,2025-02-18
2065,4865,4712,2,Packaging was damaged on arrival.,2022-09-02
2066,2309,1753,4,"Exactly as described, satisfied.",2025-07-05
2067,3874,1164,3,Average experience overall.,2025-09-04
2068,1531,1785,3,Average experience overall.,2021-09-10
2069,3841,4215,2,Disappointed with the purchase.,2020-12-11
2070,3958,1187,3,"Product is okay, does the job.",2022-02-07
2071,1074,4544,3,"Product is okay, does the job.",2022-08-14
2072,3659,485,1,Not worth the price.,2025-09-07
2073,4050,3606,1,Item received was different from the picture.,2024-06-02
2074,970,2069,4,"Works perfectly, no issues so far.",2020-02-08
2075,268,2758,5,"Superb product, exceeded expectations.",2023-11-02
2076,509,4717,5,Very good quality for the price.,2025-06-30
2077,4253,1186,3,"Product is okay, does the job.",2023-09-25
2078,730,1743,5,"Works perfectly, no issues so far.",2022-04-12
2079,1389,2087,3,"Product is okay, does the job.",2020-11-03
2080,4040,3245,3,"It's fine, nothing special.",2020-06-28
2081,4378,1864,3,"Product is okay, does the job.",2021-11-11
2082,4708,809,3,Decent product for daily use.,2023-05-31
2083,4320,3604,5,"Exactly as described, satisfied.",2025-04-19
2084,1593,587,3,Decent product for daily use.,2022-11-03
2085,4126,2758,4,"Excellent product, highly recommend!",2020-01-11
2086,4964,2901,2,Poor quality material used.,2022-10-24
2087,783,304,3,Decent product for daily use.,2024-06-02
2088,3571,1858,5,"Superb product, exceeded expectations.",2023-06-27
2089,1253,1948,4,"Great build quality, will buy again.",2021-02-06
2090,2690,1059,1,"Not as expected, quality is average.",2025-02-16
2091,1925,1903,3,Decent product for daily use.,2021-08-08
2092,475,962,1,Delivery was delayed by many days.,2023-08-11
2093,1802,4051,2,Poor quality material used.,2021-06-29
2094,3525,3076,5,"Great build quality, will buy again.",2026-04-30
2095,389,1426,1,Product stopped working after a week.,2022-07-01
2096,3398,3104,5,"Superb product, exceeded expectations.",2023-02-08
2097,2666,4184,5,"Great build quality, will buy again.",2022-08-18
2098,2316,3002,1,"Not as expected, quality is average.",2023-09-02
2099,1172,623,1,Not worth the price.,2026-07-31
2100,1497,3415,4,Fast delivery and great packaging.,2022-12-22
2101,483,3582,3,"Product is okay, does the job.",2020-11-11
2102,3567,3222,1,Product stopped working after a week.,2024-06-03
2103,4811,2935,5,"Excellent product, highly recommend!",2024-02-29
2104,769,3470,4,"Exactly as described, satisfied.",2022-04-01
2105,1113,3683,2,"Not as expected, quality is average.",2026-03-18
2106,648,1855,4,Fast delivery and great packaging.,2024-12-04
2107,4278,1470,5,"Exactly as described, satisfied.",2024-08-17
2108,1752,878,1,Product stopped working after a week.,2023-06-14
2109,1583,4428,3,Decent product for daily use.,2025-05-25
2110,1426,4740,4,"Great build quality, will buy again.",2020-09-30
2111,4559,2461,3,Average experience overall.,2022-08-11
2112,714,3021,2,Packaging was damaged on arrival.,2021-03-19
2113,1523,2552,3,Decent product for daily use.,2020-12-12
2114,2998,1458,4,"Excellent product, highly recommend!",2023-07-22
2115,461,4456,1,Product stopped working after a week.,2025-02-16
2116,1327,70,2,Packaging was damaged on arrival.,2023-10-28
2117,4515,3961,3,"It's fine, nothing special.",2026-04-01
2118,331,1290,4,"Superb product, exceeded expectations.",2023-02-09
2119,4912,1280,4,"Excellent product, highly recommend!",2025-06-06
2120,1460,2738,5,"Works perfectly, no issues so far.",2022-09-27
2121,4393,3683,4,"Great build quality, will buy again.",2025-10-15
2122,4916,1668,5,"Works perfectly, no issues so far.",2022-06-08
2123,4854,3522,3,Average experience overall.,2020-05-06
2124,687,180,2,Item received was different from the picture.,2025-01-12
2125,2018,4373,5,Amazing value for money.,2021-02-10
2126,376,1584,2,"Not as expected, quality is average.",2021-02-16
2127,1469,2151,2,Packaging was damaged on arrival.,2023-07-18
2128,3131,169,1,Delivery was delayed by many days.,2024-02-07
2129,3029,1982,3,Average experience overall.,2025-01-25
2130,4962,2333,1,Not worth the price.,2025-04-26
2131,2287,3255,1,Item received was different from the picture.,2021-04-13
2132,2998,900,4,"Works perfectly, no issues so far.",2026-05-26
2133,3383,2360,1,Poor quality material used.,2025-07-17
2134,520,1743,5,Very good quality for the price.,2020-08-24
2135,301,3172,3,Average experience overall.,2025-10-27
2136,288,1267,4,Amazing value for money.,2021-10-22
2137,492,4260,4,"Great build quality, will buy again.",2026-03-01
2138,4439,1020,2,Delivery was delayed by many days.,2022-03-10
2139,4194,1625,3,"It's fine, nothing special.",2023-02-23
2140,4543,4250,3,"It's fine, nothing special.",2025-06-16
2141,3189,4706,4,Fast delivery and great packaging.,2023-11-25
2142,1566,4842,5,"Works perfectly, no issues so far.",2022-03-24
2143,3064,502,3,Average experience overall.,2024-10-25
2144,2499,4672,2,Product stopped working after a week.,2021-02-14
2145,2474,3740,1,Poor quality material used.,2022-04-01
2146,4847,4282,5,Fast delivery and great packaging.,2025-03-26
2147,101,529,4,Very good quality for the price.,2022-10-10
2148,4392,2037,3,Decent product for daily use.,2023-10-16
2149,1770,968,1,Poor quality material used.,2021-01-18
2150,2195,2682,4,"Works perfectly, no issues so far.",2021-04-05
2151,4919,62,5,"Superb product, exceeded expectations.",2023-02-15
2152,4286,4588,5,Amazing value for money.,2021-06-28
2153,2351,3947,2,Poor quality material used.,2020-01-20
2154,2781,1894,1,"Not as expected, quality is average.",2025-07-05
2155,1543,4392,2,Poor quality material used.,2023-05-02
2156,4435,831,5,"Works perfectly, no issues so far.",2024-04-09
2157,525,305,1,Packaging was damaged on arrival.,2021-02-16
2158,445,4496,1,Poor quality material used.,2024-03-08
2159,166,2738,2,Packaging was damaged on arrival.,2023-08-17
2160,250,2536,4,Fast delivery and great packaging.,2024-06-09
2161,3941,4840,4,Fast delivery and great packaging.,2021-01-14
2162,2782,2572,2,Delivery was delayed by many days.,2026-01-15
2163,3653,3940,1,"Not as expected, quality is average.",2022-02-25
2164,4019,2570,1,"Not as expected, quality is average.",2020-09-05
2165,1085,189,1,Poor quality material used.,2023-07-03
2166,2608,3480,3,Decent product for daily use.,2023-09-27
2167,4011,2147,5,"Great build quality, will buy again.",2025-03-31
2168,1926,70,2,"Not as expected, quality is average.",2026-07-12
2169,90,3133,5,"Works perfectly, no issues so far.",2021-07-10
2170,130,508,5,Fast delivery and great packaging.,2024-02-20
2171,951,1686,4,"Great build quality, will buy again.",2026-04-17
2172,2326,2419,5,"Exactly as described, satisfied.",2020-06-24
2173,4877,4441,4,"Works perfectly, no issues so far.",2025-01-13
2174,647,4232,3,Decent product for daily use.,2024-09-01
2175,4592,1788,2,Not worth the price.,2022-10-22
2176,789,586,4,Amazing value for money.,2024-02-17
2177,4980,4599,1,"Not as expected, quality is average.",2022-12-06
2178,3623,1101,1,Delivery was delayed by many days.,2025-07-28
2179,1717,43,5,"Superb product, exceeded expectations.",2026-05-11
2180,3651,3002,5,Very good quality for the price.,2024-03-01
2181,2700,1372,1,Product stopped working after a week.,2024-07-24
2182,1419,3586,4,Fast delivery and great packaging.,2022-06-28
2183,2050,2783,5,"Excellent product, highly recommend!",2021-11-22
2184,1447,4340,3,Decent product for daily use.,2026-02-11
2185,2506,4900,5,Very good quality for the price.,2023-10-06
2186,2570,2585,5,"Exactly as described, satisfied.",2020-04-19
2187,686,1780,4,"Works perfectly, no issues so far.",2021-05-27
2188,1193,3653,5,Very good quality for the price.,2023-01-16
2189,1384,1830,2,Item received was different from the picture.,2021-12-15
2190,3470,3491,2,Disappointed with the purchase.,2020-06-17
2191,2734,635,2,Product stopped working after a week.,2020-10-05
2192,938,3996,4,"Works perfectly, no issues so far.",2021-10-20
2193,541,4411,1,Not worth the price.,2020-09-18
2194,1878,274,4,"Superb product, exceeded expectations.",2020-05-11
2195,1513,4471,5,"Works perfectly, no issues so far.",2025-10-01
2196,3941,3118,3,Decent product for daily use.,2024-01-02
2197,570,1242,2,Product stopped working after a week.,2025-04-12
2198,1725,1143,4,"Exactly as described, satisfied.",2022-09-22
2199,1815,2524,2,Item received was different from the picture.,2021-02-23
2200,2496,2495,4,Amazing value for money.,2022-02-13
2201,2287,835,5,Fast delivery and great packaging.,2024-10-19
2202,482,1440,4,"Great build quality, will buy again.",2021-12-10
2203,231,2492,3,Decent product for daily use.,2024-07-06
2204,182,2259,1,Product stopped working after a week.,2024-07-10
2205,4007,4562,2,Poor quality material used.,2026-03-22
2206,3932,3015,4,"Excellent product, highly recommend!",2026-07-20
2207,3967,266,3,Average experience overall.,2025-09-04
2208,4792,2724,2,Not worth the price.,2025-08-05
2209,4888,498,1,Product stopped working after a week.,2023-11-17
2210,4893,1393,2,Packaging was damaged on arrival.,2025-12-04
2211,2918,4379,4,"Superb product, exceeded expectations.",2023-04-12
2212,2522,4676,3,Decent product for daily use.,2025-07-28
2213,3367,3948,5,"Works perfectly, no issues so far.",2020-06-29
2214,4581,3827,5,"Excellent product, highly recommend!",2025-02-13
2215,3065,531,2,Packaging was damaged on arrival.,2023-04-21
2216,4997,4334,3,"It's fine, nothing special.",2021-09-10
2217,982,2751,3,"It's fine, nothing special.",2020-10-21
2218,4350,712,5,"Works perfectly, no issues so far.",2020-06-01
2219,1100,354,1,Poor quality material used.,2023-09-15
2220,1133,1885,3,"Product is okay, does the job.",2026-02-06
2221,688,2600,4,"Superb product, exceeded expectations.",2021-03-23
2222,2131,3923,1,"Not as expected, quality is average.",2020-08-02
2223,379,1454,1,Not worth the price.,2022-08-06
2224,4204,3303,1,Delivery was delayed by many days.,2025-08-25
2225,1427,57,3,Decent product for daily use.,2021-01-10
2226,1608,1480,5,"Great build quality, will buy again.",2023-01-11
2227,209,180,2,Poor quality material used.,2026-06-09
2228,2888,2813,4,Fast delivery and great packaging.,2021-09-08
2229,3194,1101,3,Average experience overall.,2023-11-18
2230,2574,2761,3,"It's fine, nothing special.",2024-07-12
2231,107,4697,2,Product stopped working after a week.,2024-04-04
2232,1074,2471,1,Item received was different from the picture.,2021-09-23
2233,4267,1662,2,Delivery was delayed by many days.,2026-07-12
2234,1895,2612,5,Amazing value for money.,2024-05-02
2235,4885,128,2,Delivery was delayed by many days.,2023-06-12
2236,4938,4023,5,"Great build quality, will buy again.",2022-02-22
2237,3594,4584,5,"Exactly as described, satisfied.",2023-01-30
2238,4657,533,2,Poor quality material used.,2026-05-21
2239,15,1546,1,Not worth the price.,2022-04-20
2240,1240,3498,3,Average experience overall.,2023-06-01
2241,3445,3601,1,Delivery was delayed by many days.,2022-12-05
2242,1924,1030,5,Fast delivery and great packaging.,2023-01-13
2243,2538,1558,3,Decent product for daily use.,2022-03-21
2244,2939,4955,2,Poor quality material used.,2025-07-29
2245,3485,1296,4,"Works perfectly, no issues so far.",2021-09-29
2246,35,1546,1,"Not as expected, quality is average.",2026-02-28
2247,3852,1263,2,Product stopped working after a week.,2025-01-03
2248,3695,2136,1,Item received was different from the picture.,2022-01-08
2249,4910,4010,2,Delivery was delayed by many days.,2025-11-17
2250,3866,1621,5,Amazing value for money.,2023-09-23
2251,608,884,4,Very good quality for the price.,2022-12-20
2252,886,1697,3,"It's fine, nothing special.",2024-10-25
2253,2988,3115,5,"Exactly as described, satisfied.",2022-05-23
2254,1196,3674,3,"Product is okay, does the job.",2020-12-25
2255,522,1417,3,Decent product for daily use.,2021-08-15
2256,3917,1470,3,Average experience overall.,2024-04-23
2257,3738,3861,4,Fast delivery and great packaging.,2023-10-20
2258,1830,4058,1,Disappointed with the purchase.,2024-09-21
2259,1108,2007,5,Very good quality for the price.,2021-12-23
2260,2560,763,2,Packaging was damaged on arrival.,2022-05-28
2261,3253,4211,1,Poor quality material used.,2021-07-28
2262,754,1614,5,"Exactly as described, satisfied.",2021-02-22
2263,2841,1990,2,Delivery was delayed by many days.,2020-03-30
2264,219,2193,1,"Not as expected, quality is average.",2023-07-23
2265,3314,2750,1,Disappointed with the purchase.,2020-09-20
2266,4711,2329,3,Average experience overall.,2022-06-20
2267,3244,4386,5,Amazing value for money.,2023-06-28
2268,3516,2410,1,Product stopped working after a week.,2024-12-24
2269,2409,328,5,"Excellent product, highly recommend!",2022-02-08
2270,1341,3126,2,Packaging was damaged on arrival.,2020-03-30
2271,1954,2491,3,Decent product for daily use.,2021-03-05
2272,1888,4441,5,"Works perfectly, no issues so far.",2020-03-21
2273,4822,2137,2,"Not as expected, quality is average.",2025-11-26
2274,403,1435,1,Delivery was delayed by many days.,2023-01-12
2275,1613,4066,5,"Superb product, exceeded expectations.",2020-08-06
2276,4839,735,4,"Excellent product, highly recommend!",2022-11-25
2277,176,1423,4,"Excellent product, highly recommend!",2025-03-25
2278,4341,3025,5,Very good quality for the price.,2025-10-16
2279,2465,582,5,"Exactly as described, satisfied.",2020-12-19
2280,4454,1516,1,Packaging was damaged on arrival.,2022-04-30
2281,858,1796,2,Delivery was delayed by many days.,2022-03-30
2282,4526,2978,1,"Not as expected, quality is average.",2024-11-28
2283,2162,3160,3,"It's fine, nothing special.",2026-04-06
2284,2669,4,4,"Great build quality, will buy again.",2024-02-11
2285,4867,268,4,"Great build quality, will buy again.",2026-06-18
2286,3957,2484,2,Poor quality material used.,2023-09-01
2287,4109,53,2,Not worth the price.,2024-08-03
2288,1468,4304,5,Amazing value for money.,2021-07-13
2289,2663,3394,1,Poor quality material used.,2020-02-08
2290,2875,2613,1,"Not as expected, quality is average.",2025-01-02
2291,4126,2669,2,Disappointed with the purchase.,2024-09-18
2292,3069,2110,4,Fast delivery and great packaging.,2022-09-06
2293,971,4609,3,Decent product for daily use.,2021-03-05
2294,1109,1769,1,"Not as expected, quality is average.",2020-07-13
2295,2660,3693,2,Packaging was damaged on arrival.,2020-10-06
2296,296,4415,3,Average experience overall.,2021-07-05
2297,2260,717,2,Delivery was delayed by many days.,2024-07-22
2298,3484,3629,4,"Superb product, exceeded expectations.",2023-03-05
2299,1395,3768,1,Packaging was damaged on arrival.,2021-06-13
2300,1305,359,4,"Works perfectly, no issues so far.",2023-07-09
2301,1496,2327,4,"Exactly as described, satisfied.",2020-09-09
2302,888,1788,3,"It's fine, nothing special.",2022-07-14
2303,790,1311,1,"Not as expected, quality is average.",2022-11-15
2304,3734,4592,3,"It's fine, nothing special.",2023-05-15
2305,1642,4117,3,"Product is okay, does the job.",2021-02-15
2306,3243,2174,1,Not worth the price.,2025-04-29
2307,4250,4249,1,Poor quality material used.,2023-05-03
2308,2584,502,4,"Excellent product, highly recommend!",2020-08-09
2309,1643,4638,3,"It's fine, nothing special.",2021-01-28
2310,3069,3942,1,Product stopped working after a week.,2026-03-08
2311,1257,2053,5,"Exactly as described, satisfied.",2024-02-06
2312,2606,2690,1,Not worth the price.,2021-05-23
2313,958,4405,2,Delivery was delayed by many days.,2022-10-21
2314,2169,2780,4,"Exactly as described, satisfied.",2024-01-17
2315,4357,3426,4,"Excellent product, highly recommend!",2026-01-22
2316,1195,1833,3,Decent product for daily use.,2022-06-25
2317,4772,811,5,Amazing value for money.,2021-01-13
2318,1245,1058,5,"Excellent product, highly recommend!",2021-10-18
2319,3020,4063,2,Item received was different from the picture.,2023-08-13
2320,3866,3475,1,"Not as expected, quality is average.",2022-07-27
2321,2174,2288,4,"Works perfectly, no issues so far.",2025-08-07
2322,1134,3733,4,Very good quality for the price.,2022-03-05
2323,3311,1170,3,"Product is okay, does the job.",2025-05-06
2324,509,3202,4,Very good quality for the price.,2026-04-11
2325,2966,4818,3,Average experience overall.,2021-07-02
2326,3825,1543,4,Very good quality for the price.,2024-08-18
2327,3635,197,1,Disappointed with the purchase.,2023-03-05
2328,1916,4784,3,Decent product for daily use.,2020-12-20
2329,2854,477,3,Decent product for daily use.,2023-10-15
2330,976,723,2,Product stopped working after a week.,2020-05-24
2331,3590,957,2,Not worth the price.,2026-06-08
2332,1631,1663,2,"Not as expected, quality is average.",2021-07-13
2333,1765,2641,4,"Works perfectly, no issues so far.",2024-12-05
2334,4040,2563,4,"Works perfectly, no issues so far.",2023-07-26
2335,369,4234,4,"Great build quality, will buy again.",2024-12-25
2336,4442,2507,4,"Works perfectly, no issues so far.",2021-07-07
2337,857,4717,5,"Great build quality, will buy again.",2024-07-05
2338,1082,1581,3,Average experience overall.,2021-02-22
2339,3232,1571,1,"Not as expected, quality is average.",2021-10-25
2340,3323,4952,2,Disappointed with the purchase.,2025-09-11
2341,2653,920,4,"Great build quality, will buy again.",2024-07-18
2342,1964,1056,4,Fast delivery and great packaging.,2024-10-21
2343,75,3198,1,Packaging was damaged on arrival.,2021-01-06
2344,86,539,4,Fast delivery and great packaging.,2026-02-07
2345,1281,4785,2,Delivery was delayed by many days.,2026-03-18
2346,3935,4086,5,Very good quality for the price.,2024-10-25
2347,4052,946,3,"It's fine, nothing special.",2026-02-22
2348,3836,2956,3,"Product is okay, does the job.",2023-04-09
2349,530,4177,2,"Not as expected, quality is average.",2026-04-21
2350,2978,2889,3,"Product is okay, does the job.",2021-07-16
2351,2233,3408,5,"Superb product, exceeded expectations.",2020-10-10
2352,3540,318,5,"Excellent product, highly recommend!",2021-04-25
2353,2924,3980,3,"Product is okay, does the job.",2023-11-05
2354,521,341,1,Delivery was delayed by many days.,2022-10-12
2355,2593,1624,5,"Superb product, exceeded expectations.",2020-10-27
2356,4865,2346,2,Product stopped working after a week.,2020-03-07
2357,3510,4835,5,Amazing value for money.,2020-06-06
2358,3751,1831,2,Packaging was damaged on arrival.,2025-06-17
2359,4563,3055,3,"Product is okay, does the job.",2025-07-21
2360,4418,1419,5,"Great build quality, will buy again.",2023-03-24
2361,1245,2010,3,Average experience overall.,2023-11-16
2362,4842,3776,3,"Product is okay, does the job.",2025-12-18
2363,2156,2549,2,Product stopped working after a week.,2023-10-14
2364,3126,1305,4,"Great build quality, will buy again.",2021-06-17
2365,971,4322,2,Product stopped working after a week.,2021-05-31
2366,4118,4550,5,"Excellent product, highly recommend!",2020-07-07
2367,1978,4016,3,"It's fine, nothing special.",2025-01-13
2368,3473,1678,5,Amazing value for money.,2020-07-19
2369,426,28,3,"It's fine, nothing special.",2023-09-16
2370,935,4016,4,Amazing value for money.,2023-07-15
2371,3541,1370,5,"Excellent product, highly recommend!",2020-09-04
2372,2565,4626,5,"Exactly as described, satisfied.",2022-12-29
2373,4348,1422,3,Average experience overall.,2022-10-16
2374,1077,3111,3,"Product is okay, does the job.",2024-09-03
2375,2145,1780,4,"Great build quality, will buy again.",2023-12-26
2376,4285,717,5,"Superb product, exceeded expectations.",2024-05-21
2377,4117,1495,3,Decent product for daily use.,2025-04-14
2378,3821,1257,2,Item received was different from the picture.,2025-12-01
2379,4549,748,5,Very good quality for the price.,2025-12-24
2380,2726,2343,5,Amazing value for money.,2021-12-31
2381,2725,4253,4,Very good quality for the price.,2024-11-25
2382,4571,4590,5,Fast delivery and great packaging.,2026-02-25
2383,179,2607,1,Delivery was delayed by many days.,2026-07-10
2384,4758,268,5,"Superb product, exceeded expectations.",2020-10-30
2385,2764,4376,2,Product stopped working after a week.,2026-06-11
2386,3981,1298,2,"Not as expected, quality is average.",2026-04-25
2387,2503,3404,3,"It's fine, nothing special.",2020-08-03
2388,2228,3365,2,Poor quality material used.,2024-04-23
2389,2222,3609,1,Product stopped working after a week.,2025-07-15
2390,2294,3460,4,"Excellent product, highly recommend!",2025-11-25
2391,1272,4811,4,"Works perfectly, no issues so far.",2021-03-17
2392,3072,536,2,Disappointed with the purchase.,2021-04-09
2393,14,2971,4,"Works perfectly, no issues so far.",2026-05-22
2394,1744,2448,4,Amazing value for money.,2025-04-27
2395,704,985,1,Not worth the price.,2025-05-14
2396,3805,667,4,Very good quality for the price.,2022-09-16
2397,1775,2935,4,"Superb product, exceeded expectations.",2021-07-14
2398,1787,3921,4,"Great build quality, will buy again.",2024-08-26
2399,158,2916,3,Decent product for daily use.,2025-02-18
2400,1791,551,1,Packaging was damaged on arrival.,2022-01-07
2401,2806,2807,5,Fast delivery and great packaging.,2021-11-19
2402,1510,3743,5,"Works perfectly, no issues so far.",2020-04-15
2403,4033,3967,4,Fast delivery and great packaging.,2025-09-26
2404,4281,223,5,Very good quality for the price.,2024-05-05
2405,561,3354,3,Average experience overall.,2025-08-07
2406,1524,1083,1,"Not as expected, quality is average.",2023-08-13
2407,3420,526,4,"Works perfectly, no issues so far.",2025-01-02
2408,1894,2827,1,Item received was different from the picture.,2026-06-02
2409,4642,4260,5,"Works perfectly, no issues so far.",2020-03-15
2410,2203,1694,2,Delivery was delayed by many days.,2021-06-12
2411,2982,469,1,Product stopped working after a week.,2020-10-29
2412,660,1608,5,"Superb product, exceeded expectations.",2025-11-14
2413,1852,4407,4,"Excellent product, highly recommend!",2023-08-19
2414,1993,2128,3,Decent product for daily use.,2024-02-18
2415,933,1830,3,"Product is okay, does the job.",2024-02-14
2416,636,2443,2,Delivery was delayed by many days.,2025-12-13
2417,4130,3046,2,Delivery was delayed by many days.,2023-11-20
2418,2688,3462,4,"Superb product, exceeded expectations.",2022-09-26
2419,1825,4311,4,"Works perfectly, no issues so far.",2020-03-10
2420,4072,1548,3,"It's fine, nothing special.",2020-03-24
2421,1685,1764,5,Amazing value for money.,2021-01-03
2422,1106,2064,5,"Works perfectly, no issues so far.",2024-12-25
2423,3184,1159,1,Packaging was damaged on arrival.,2021-05-30
2424,4668,1847,5,"Exactly as described, satisfied.",2023-03-16
2425,4733,39,5,Fast delivery and great packaging.,2022-12-13
2426,165,4059,2,"Not as expected, quality is average.",2024-12-17
2427,1041,3359,3,Average experience overall.,2020-08-03
2428,911,4879,5,"Exactly as described, satisfied.",2022-07-04
2429,3775,2302,2,Packaging was damaged on arrival.,2021-12-23
2430,34,2251,2,Not worth the price.,2023-02-15
2431,4833,2689,3,Average experience overall.,2021-05-16
2432,4821,4788,3,Decent product for daily use.,2025-03-04
2433,2236,809,5,Amazing value for money.,2024-08-11
2434,846,4552,3,"Product is okay, does the job.",2022-02-10
2435,2696,1315,3,Average experience overall.,2021-06-25
2436,3043,1560,1,Packaging was damaged on arrival.,2026-02-10
2437,4301,4196,5,"Superb product, exceeded expectations.",2023-12-31
2438,4203,1383,3,Average experience overall.,2023-12-18
2439,3391,771,4,"Superb product, exceeded expectations.",2024-12-21
2440,2079,1368,2,Delivery was delayed by many days.,2020-06-18
2441,4519,1480,1,Delivery was delayed by many days.,2022-08-09
2442,2535,3359,4,Amazing value for money.,2024-05-20
2443,2116,2149,5,Amazing value for money.,2022-05-06
2444,2491,212,4,"Exactly as described, satisfied.",2020-04-26
2445,2488,4244,2,"Not as expected, quality is average.",2021-05-19
2446,527,757,4,"Works perfectly, no issues so far.",2020-11-09
2447,4317,3258,5,"Exactly as described, satisfied.",2020-06-29
2448,3506,2455,3,"Product is okay, does the job.",2020-08-20
2449,299,899,2,Disappointed with the purchase.,2025-06-21
2450,3751,2994,3,"It's fine, nothing special.",2020-02-16
2451,2605,3998,3,Average experience overall.,2024-08-13
2452,1078,1280,5,"Works perfectly, no issues so far.",2025-10-07
2453,1623,183,4,"Excellent product, highly recommend!",2020-06-10
2454,2412,2248,3,"Product is okay, does the job.",2026-05-25
2455,326,2772,4,"Works perfectly, no issues so far.",2023-11-03
2456,4101,1288,5,Very good quality for the price.,2021-09-24
2457,1093,4742,1,Disappointed with the purchase.,2021-04-12
2458,157,4438,4,Very good quality for the price.,2021-06-26
2459,4942,562,3,Decent product for daily use.,2024-10-28
2460,2609,162,1,Disappointed with the purchase.,2022-03-20
2461,914,3358,4,"Superb product, exceeded expectations.",2026-02-15
2462,3605,1614,1,Item received was different from the picture.,2026-05-25
2463,4778,3095,5,"Excellent product, highly recommend!",2023-08-31
2464,1992,604,1,Product stopped working after a week.,2022-07-14
2465,4523,3272,1,Product stopped working after a week.,2020-11-03
2466,4710,3981,3,Decent product for daily use.,2020-07-23
2467,4376,1426,2,"Not as expected, quality is average.",2020-11-20
2468,4215,2622,5,"Works perfectly, no issues so far.",2022-10-26
2469,3140,1042,4,Amazing value for money.,2024-06-30
2470,3882,1095,1,Poor quality material used.,2022-07-16
2471,289,4285,4,Amazing value for money.,2024-06-13
2472,1083,790,2,Product stopped working after a week.,2023-12-06
2473,2276,2108,4,Fast delivery and great packaging.,2023-08-25
2474,3585,3491,3,Decent product for daily use.,2023-01-16
2475,2921,1841,2,Disappointed with the purchase.,2020-04-25
2476,4602,605,3,"Product is okay, does the job.",2022-11-05
2477,2698,926,3,"It's fine, nothing special.",2020-03-14
2478,1549,689,4,"Exactly as described, satisfied.",2021-02-26
2479,1177,4878,5,Amazing value for money.,2023-08-11
2480,618,4595,5,Very good quality for the price.,2020-12-06
2481,4336,959,2,Product stopped working after a week.,2022-06-28
2482,4851,976,1,Disappointed with the purchase.,2022-08-12
2483,18,212,1,Packaging was damaged on arrival.,2025-08-26
2484,815,3883,4,"Works perfectly, no issues so far.",2022-02-22
2485,2926,2797,1,Not worth the price.,2021-11-20
2486,2774,4042,2,Product stopped working after a week.,2022-01-21
2487,3873,1885,4,Very good quality for the price.,2024-06-28
2488,1889,3826,4,"Exactly as described, satisfied.",2023-07-15
2489,4281,4851,4,"Superb product, exceeded expectations.",2025-08-28
2490,3,676,1,Not worth the price.,2022-07-15
2491,4189,2386,4,"Works perfectly, no issues so far.",2023-09-15
2492,35,3520,2,Product stopped working after a week.,2025-12-31
2493,89,3762,1,Delivery was delayed by many days.,2020-01-12
2494,4168,982,2,Item received was different from the picture.,2020-02-26
2495,547,1871,1,Packaging was damaged on arrival.,2021-01-04
2496,3063,2058,1,Disappointed with the purchase.,2020-07-30
2497,2652,3771,5,Very good quality for the price.,2021-10-27
2498,3387,4943,5,"Exactly as described, satisfied.",2026-05-28
2499,2766,737,1,Item received was different from the picture.,2026-04-24
2500,1534,647,3,Average experience overall.,2021-08-14
2501,1512,1216,1,"Not as expected, quality is average.",2025-11-24
2502,1763,24,5,"Excellent product, highly recommend!",2024-03-02
2503,2134,2494,1,"Not as expected, quality is average.",2022-12-17
2504,4201,4084,5,Very good quality for the price.,2022-12-18
2505,2371,434,2,Item received was different from the picture.,2020-04-09
2506,4166,586,3,"Product is okay, does the job.",2022-01-30
2507,2408,35,5,"Excellent product, highly recommend!",2022-01-25
2508,2249,3493,1,Delivery was delayed by many days.,2025-10-11
2509,4782,1496,3,Decent product for daily use.,2020-04-17
2510,3926,3837,3,Average experience overall.,2020-07-30
2511,191,104,2,Item received was different from the picture.,2021-11-23
2512,3016,3018,3,Decent product for daily use.,2026-05-31
2513,3037,844,4,"Works perfectly, no issues so far.",2022-02-05
2514,2908,3786,3,"It's fine, nothing special.",2020-02-29
2515,1113,1438,5,"Great build quality, will buy again.",2024-12-08
2516,3997,2628,1,"Not as expected, quality is average.",2020-12-27
2517,2783,3708,1,"Not as expected, quality is average.",2021-01-21
2518,3510,385,1,Product stopped working after a week.,2023-06-24
2519,4701,4967,4,"Works perfectly, no issues so far.",2024-02-24
2520,4739,299,2,Not worth the price.,2021-04-30
2521,2439,529,1,Not worth the price.,2023-02-18
2522,430,2371,4,"Great build quality, will buy again.",2023-11-26
2523,3489,2546,3,"Product is okay, does the job.",2021-01-29
2524,3023,1770,2,Product stopped working after a week.,2023-07-15
2525,3815,4246,5,"Works perfectly, no issues so far.",2024-06-29
2526,2251,4675,5,"Superb product, exceeded expectations.",2023-01-20
2527,3628,1809,2,Poor quality material used.,2021-09-02
2528,4704,2897,1,Packaging was damaged on arrival.,2024-11-13
2529,2855,1172,2,"Not as expected, quality is average.",2020-10-13
2530,4537,4668,4,Amazing value for money.,2021-10-01
2531,631,3594,5,"Excellent product, highly recommend!",2024-10-05
2532,3135,3121,2,Item received was different from the picture.,2022-05-19
2533,3700,3242,2,Disappointed with the purchase.,2022-06-24
2534,4454,795,4,Very good quality for the price.,2020-12-18
2535,3592,2075,3,"It's fine, nothing special.",2022-07-04
2536,2894,3554,1,"Not as expected, quality is average.",2023-11-27
2537,1806,4654,1,Not worth the price.,2025-05-09
2538,168,242,2,Packaging was damaged on arrival.,2026-01-10
2539,958,3484,4,Very good quality for the price.,2024-10-21
2540,3873,2262,3,Average experience overall.,2022-09-22
2541,4395,1974,2,Poor quality material used.,2025-02-18
2542,1431,1353,1,Disappointed with the purchase.,2021-06-10
2543,785,4542,5,"Excellent product, highly recommend!",2023-06-03
2544,2767,2297,3,Decent product for daily use.,2026-06-08
2545,1223,2795,1,Delivery was delayed by many days.,2020-03-22
2546,262,1753,4,Fast delivery and great packaging.,2023-10-31
2547,1565,3727,1,Disappointed with the purchase.,2023-01-04
2548,4959,681,2,Packaging was damaged on arrival.,2023-10-31
2549,3695,2407,4,Very good quality for the price.,2023-11-27
2550,2212,329,4,"Superb product, exceeded expectations.",2024-08-24
2551,1014,1181,2,Disappointed with the purchase.,2025-03-16
2552,3845,4437,4,"Excellent product, highly recommend!",2025-06-27
2553,4032,4918,4,"Excellent product, highly recommend!",2024-12-20
2554,1504,3530,5,Very good quality for the price.,2021-01-06
2555,3639,1731,4,"Exactly as described, satisfied.",2023-08-15
2556,856,3839,3,"Product is okay, does the job.",2024-04-13
2557,804,2202,3,Decent product for daily use.,2024-02-19
2558,170,2313,1,Not worth the price.,2024-09-02
2559,3122,870,4,"Works perfectly, no issues so far.",2026-03-13
2560,2380,2118,4,"Works perfectly, no issues so far.",2023-09-05
2561,4326,1444,3,"Product is okay, does the job.",2021-10-02
2562,1746,2246,4,"Great build quality, will buy again.",2023-01-28
2563,1825,3476,4,"Great build quality, will buy again.",2021-02-14
2564,4304,1681,2,Product stopped working after a week.,2024-10-13
2565,3288,1777,5,"Excellent product, highly recommend!",2022-07-31
2566,5000,4833,1,Product stopped working after a week.,2021-09-12
2567,3648,3055,4,"Excellent product, highly recommend!",2022-02-27
2568,3076,1525,4,Very good quality for the price.,2022-02-26
2569,304,3863,2,Delivery was delayed by many days.,2021-12-07
2570,3917,2090,4,"Superb product, exceeded expectations.",2025-10-03
2571,3375,3213,5,Fast delivery and great packaging.,2024-11-01
2572,2146,1654,5,"Excellent product, highly recommend!",2024-10-18
2573,3961,1446,4,Fast delivery and great packaging.,2021-12-07
2574,4659,194,1,Disappointed with the purchase.,2022-08-24
2575,3991,4783,1,Not worth the price.,2025-08-06
2576,2353,3813,3,Average experience overall.,2024-11-01
2577,4378,4609,2,Packaging was damaged on arrival.,2022-08-18
2578,2326,2672,3,"It's fine, nothing special.",2025-05-06
2579,1519,1165,2,Disappointed with the purchase.,2020-12-02
2580,535,1600,1,Not worth the price.,2020-05-21
2581,1664,512,1,Packaging was damaged on arrival.,2024-10-20
2582,4281,4254,4,Very good quality for the price.,2020-07-24
2583,2121,449,3,"Product is okay, does the job.",2022-05-03
2584,961,4572,4,Very good quality for the price.,2022-05-13
2585,4173,3582,2,Not worth the price.,2021-11-11
2586,4970,97,1,Product stopped working after a week.,2020-06-13
2587,3974,3615,1,Poor quality material used.,2025-05-01
2588,3595,4801,1,Packaging was damaged on arrival.,2022-08-11
2589,3742,1405,2,Delivery was delayed by many days.,2022-08-30
2590,4297,3655,2,Product stopped working after a week.,2021-10-22
2591,3938,3430,4,Amazing value for money.,2023-11-01
2592,3756,2683,4,Very good quality for the price.,2022-05-11
2593,4378,1991,3,"Product is okay, does the job.",2020-05-13
2594,1167,2798,4,Very good quality for the price.,2020-11-23
2595,715,2811,4,Amazing value for money.,2023-07-29
2596,4232,2674,3,"It's fine, nothing special.",2024-08-25
2597,1458,1009,3,"It's fine, nothing special.",2021-10-10
2598,722,3036,2,Packaging was damaged on arrival.,2022-03-15
2599,4414,158,1,Packaging was damaged on arrival.,2021-05-25
2600,1634,1806,5,Fast delivery and great packaging.,2020-09-04
2601,204,1579,4,"Great build quality, will buy again.",2023-03-20
2602,1623,236,5,Fast delivery and great packaging.,2022-09-02
2603,4904,3993,1,Product stopped working after a week.,2024-09-11
2604,2594,2896,3,Average experience overall.,2026-06-26
2605,281,139,5,Amazing value for money.,2024-11-22
2606,2800,4281,1,Not worth the price.,2026-04-17
2607,4143,4612,1,Poor quality material used.,2024-08-21
2608,4187,3528,5,"Superb product, exceeded expectations.",2022-05-07
2609,4510,3399,1,Poor quality material used.,2025-02-01
2610,3661,729,4,"Exactly as described, satisfied.",2025-09-19
2611,3748,4636,4,"Works perfectly, no issues so far.",2025-10-21
2612,4212,3702,2,Not worth the price.,2021-09-10
2613,4360,461,5,Very good quality for the price.,2024-09-05
2614,1550,1826,5,"Excellent product, highly recommend!",2021-06-27
2615,391,4389,4,Fast delivery and great packaging.,2022-02-26
2616,449,3938,3,Decent product for daily use.,2022-08-09
2617,302,1947,4,"Works perfectly, no issues so far.",2026-05-21
2618,1896,2044,3,"It's fine, nothing special.",2023-03-24
2619,4219,4883,4,Very good quality for the price.,2024-03-31
2620,1856,4405,2,Item received was different from the picture.,2026-04-30
2621,4489,4792,1,Item received was different from the picture.,2024-05-13
2622,3989,1784,2,Item received was different from the picture.,2023-09-09
2623,343,552,5,"Great build quality, will buy again.",2026-05-10
2624,3146,1397,4,"Superb product, exceeded expectations.",2021-05-12
2625,1423,2931,3,"Product is okay, does the job.",2025-06-17
2626,3573,3638,4,Amazing value for money.,2021-01-15
2627,116,2246,2,Poor quality material used.,2026-01-07
2628,236,4064,2,Not worth the price.,2021-09-13
2629,2399,4425,3,Decent product for daily use.,2020-04-11
2630,505,1895,4,"Exactly as described, satisfied.",2020-01-17
2631,3629,1173,4,"Works perfectly, no issues so far.",2026-07-25
2632,2401,694,3,"Product is okay, does the job.",2024-08-05
2633,1783,7,4,"Excellent product, highly recommend!",2021-12-22
2634,148,3806,1,Product stopped working after a week.,2021-11-04
2635,4522,2842,2,Product stopped working after a week.,2024-01-11
2636,788,4819,3,"Product is okay, does the job.",2020-01-25
2637,4921,2523,1,Packaging was damaged on arrival.,2025-07-20
2638,1474,848,5,"Excellent product, highly recommend!",2022-12-30
2639,4215,2892,2,Item received was different from the picture.,2025-09-28
2640,236,524,4,Amazing value for money.,2024-01-08
2641,1733,2238,1,"Not as expected, quality is average.",2025-11-09
2642,1520,933,1,Not worth the price.,2025-10-31
2643,4311,1710,5,Very good quality for the price.,2025-11-10
2644,1860,3723,3,Average experience overall.,2022-05-08
2645,820,2910,3,"Product is okay, does the job.",2020-06-23
2646,3370,834,4,Very good quality for the price.,2021-04-22
2647,584,3307,3,Decent product for daily use.,2025-02-08
2648,3337,93,4,Amazing value for money.,2026-03-16
2649,2824,338,4,"Exactly as described, satisfied.",2024-01-15
2650,3512,3781,1,Item received was different from the picture.,2020-04-16
2651,1655,1170,2,Not worth the price.,2020-05-01
2652,2100,1953,1,Item received was different from the picture.,2020-10-12
2653,1133,3537,4,Very good quality for the price.,2023-11-18
2654,823,405,2,"Not as expected, quality is average.",2020-06-09
2655,3519,4587,5,"Superb product, exceeded expectations.",2022-06-24
2656,135,2453,2,Product stopped working after a week.,2021-07-27
2657,1304,4400,3,"Product is okay, does the job.",2020-11-17
2658,723,3766,1,Item received was different from the picture.,2022-07-28
2659,3198,483,3,"It's fine, nothing special.",2025-12-02
2660,3252,4535,3,Decent product for daily use.,2020-02-26
2661,3358,2129,5,"Works perfectly, no issues so far.",2024-01-13
2662,4730,730,3,Decent product for daily use.,2022-06-14
2663,4393,736,4,"Exactly as described, satisfied.",2025-03-12
2664,2520,3626,3,"Product is okay, does the job.",2023-12-20
2665,2515,398,3,Average experience overall.,2024-08-18
2666,2491,1014,1,Item received was different from the picture.,2021-01-05
2667,2616,1656,5,Amazing value for money.,2022-10-15
2668,4244,1245,1,Disappointed with the purchase.,2022-02-05
2669,4325,3997,5,Very good quality for the price.,2026-02-01
2670,729,4745,1,Delivery was delayed by many days.,2022-09-27
2671,2722,4638,2,Packaging was damaged on arrival.,2021-05-10
2672,1072,590,3,Average experience overall.,2023-03-05
2673,4990,1138,4,"Exactly as described, satisfied.",2022-08-29
2674,480,4328,4,"Exactly as described, satisfied.",2025-08-14
2675,3343,3238,1,Delivery was delayed by many days.,2020-06-22
2676,1208,3810,3,"It's fine, nothing special.",2023-03-22
2677,2919,860,4,Fast delivery and great packaging.,2025-11-23
2678,3170,274,3,Decent product for daily use.,2023-10-20
2679,2241,1397,5,"Excellent product, highly recommend!",2023-06-23
2680,1910,372,5,"Great build quality, will buy again.",2025-06-27
2681,1985,3996,4,"Works perfectly, no issues so far.",2023-06-10
2682,3890,20,5,"Exactly as described, satisfied.",2025-01-23
2683,3106,2119,5,Fast delivery and great packaging.,2021-07-08
2684,230,86,5,Fast delivery and great packaging.,2021-12-03
2685,3910,1509,3,"It's fine, nothing special.",2022-09-30
2686,1957,3262,3,Decent product for daily use.,2021-11-05
2687,2692,2612,1,Item received was different from the picture.,2022-05-01
2688,4990,4974,1,Packaging was damaged on arrival.,2026-04-22
2689,4597,3825,4,"Excellent product, highly recommend!",2023-03-08
2690,4870,2620,5,"Works perfectly, no issues so far.",2021-10-01
2691,3343,3877,4,"Excellent product, highly recommend!",2026-02-16
2692,4469,4258,2,Not worth the price.,2021-02-24
2693,3668,3257,1,Poor quality material used.,2022-12-05
2694,4757,2807,2,Poor quality material used.,2026-01-30
2695,152,1486,5,"Excellent product, highly recommend!",2024-01-04
2696,4810,1461,1,Product stopped working after a week.,2023-10-13
2697,4360,4262,3,Decent product for daily use.,2023-01-23
2698,3375,489,4,Amazing value for money.,2026-04-20
2699,3142,525,3,Average experience overall.,2020-07-06
2700,844,138,2,Item received was different from the picture.,2020-07-16
2701,3508,2255,1,"Not as expected, quality is average.",2021-06-07
2702,923,688,1,Poor quality material used.,2026-04-09
2703,1297,3309,4,"Works perfectly, no issues so far.",2023-03-22
2704,2586,4099,2,Packaging was damaged on arrival.,2025-12-18
2705,239,3465,3,Decent product for daily use.,2024-11-01
2706,2120,2229,3,Average experience overall.,2021-05-16
2707,2808,2355,3,"It's fine, nothing special.",2023-08-31
2708,4315,2471,4,"Works perfectly, no issues so far.",2024-11-24
2709,2413,1259,1,Product stopped working after a week.,2020-08-19
2710,2660,1953,1,Disappointed with the purchase.,2022-08-07
2711,424,1186,3,Decent product for daily use.,2020-09-01
2712,3268,3343,5,"Works perfectly, no issues so far.",2021-09-24
2713,1380,3305,3,Decent product for daily use.,2020-01-16
2714,4787,2660,1,Item received was different from the picture.,2023-07-08
2715,1481,1686,3,"It's fine, nothing special.",2025-07-13
2716,913,4112,5,"Excellent product, highly recommend!",2020-09-20
2717,937,2055,3,Decent product for daily use.,2025-01-12
2718,736,1408,2,Delivery was delayed by many days.,2024-12-10
2719,4679,2588,3,Decent product for daily use.,2025-04-14
2720,4215,1620,2,Not worth the price.,2021-08-18
2721,2653,3752,3,Decent product for daily use.,2025-05-15
2722,58,1603,4,Fast delivery and great packaging.,2023-08-13
2723,4389,4084,4,"Great build quality, will buy again.",2020-01-22
2724,304,677,1,Disappointed with the purchase.,2025-11-03
2725,3119,314,5,"Great build quality, will buy again.",2021-03-29
2726,4181,852,4,"Superb product, exceeded expectations.",2020-06-04
2727,294,1736,1,"Not as expected, quality is average.",2020-06-27
2728,3143,2567,1,Packaging was damaged on arrival.,2023-02-19
2729,2794,2555,1,Product stopped working after a week.,2020-04-24
2730,4059,3893,5,"Great build quality, will buy again.",2025-07-14
2731,4278,2427,3,Decent product for daily use.,2022-04-19
2732,762,1312,2,Item received was different from the picture.,2020-02-07
2733,2809,2577,3,"It's fine, nothing special.",2023-07-10
2734,4,2777,4,"Excellent product, highly recommend!",2026-04-12
2735,4707,2288,1,Poor quality material used.,2022-05-28
2736,4360,1455,5,Amazing value for money.,2022-08-01
2737,4215,1601,3,"It's fine, nothing special.",2024-02-16
2738,4788,3586,1,Product stopped working after a week.,2020-07-29
2739,4797,865,3,"Product is okay, does the job.",2025-10-29
2740,1430,3468,5,Amazing value for money.,2024-06-05
2741,4577,2440,4,Amazing value for money.,2020-08-27
2742,1905,2108,3,"It's fine, nothing special.",2026-02-09
2743,1393,2188,4,Amazing value for money.,2025-06-30
2744,4458,128,1,Product stopped working after a week.,2023-01-25
2745,4099,2863,4,"Great build quality, will buy again.",2021-11-01
2746,206,4997,1,Product stopped working after a week.,2020-06-06
2747,1770,1853,1,Not worth the price.,2023-07-18
2748,4571,16,3,Average experience overall.,2023-12-23
2749,2473,1854,3,Decent product for daily use.,2022-04-05
2750,2373,932,5,Very good quality for the price.,2021-12-10
2751,4302,3472,3,Decent product for daily use.,2025-11-07
2752,885,1944,5,"Excellent product, highly recommend!",2026-03-25
2753,2366,4522,3,"It's fine, nothing special.",2024-12-23
2754,4808,2639,2,Packaging was damaged on arrival.,2022-10-04
2755,2929,1210,4,"Great build quality, will buy again.",2023-12-26
2756,3388,4490,4,"Excellent product, highly recommend!",2021-05-06
2757,1295,1019,2,Product stopped working after a week.,2024-05-14
2758,4701,4329,3,"It's fine, nothing special.",2026-04-07
2759,2783,448,3,"Product is okay, does the job.",2024-01-12
2760,3919,4964,2,"Not as expected, quality is average.",2026-02-10
2761,1386,1777,3,Average experience overall.,2025-05-12
2762,1186,2540,1,Item received was different from the picture.,2021-10-06
2763,2920,4747,5,Amazing value for money.,2023-03-01
2764,1385,1398,1,Delivery was delayed by many days.,2024-07-23
2765,2028,1384,1,Packaging was damaged on arrival.,2022-03-16
2766,3038,1066,5,"Excellent product, highly recommend!",2024-06-19
2767,1890,289,1,Delivery was delayed by many days.,2021-12-09
2768,1683,3966,5,Very good quality for the price.,2021-04-14
2769,819,4263,3,Average experience overall.,2020-06-22
2770,1853,2317,5,"Exactly as described, satisfied.",2024-01-12
2771,1076,3882,4,Amazing value for money.,2023-09-24
2772,4733,2763,4,"Great build quality, will buy again.",2025-05-21
2773,4701,744,4,"Works perfectly, no issues so far.",2020-01-24
2774,1529,1622,4,Amazing value for money.,2022-05-27
2775,3521,1028,4,Very good quality for the price.,2021-03-27
2776,800,1700,4,"Exactly as described, satisfied.",2020-03-30
2777,4977,4405,1,Disappointed with the purchase.,2022-06-06
2778,3842,1544,3,"Product is okay, does the job.",2021-03-27
2779,3058,3353,2,Product stopped working after a week.,2020-08-15
2780,1575,4326,1,Packaging was damaged on arrival.,2026-04-20
2781,1058,40,1,Disappointed with the purchase.,2025-12-10
2782,2720,1781,1,Product stopped working after a week.,2023-07-23
2783,299,4806,3,"Product is okay, does the job.",2021-04-11
2784,2880,3152,2,Item received was different from the picture.,2020-08-19
2785,1426,4355,2,Product stopped working after a week.,2024-01-23
2786,3403,1612,3,Decent product for daily use.,2023-04-23
2787,4297,2655,1,Not worth the price.,2021-08-28
2788,4646,3453,4,Very good quality for the price.,2022-02-17
2789,2893,4561,5,"Exactly as described, satisfied.",2022-04-08
2790,4950,2659,2,Packaging was damaged on arrival.,2021-05-08
2791,3895,3233,1,Packaging was damaged on arrival.,2024-10-17
2792,2394,950,5,"Exactly as described, satisfied.",2022-10-21
2793,3776,1073,5,Amazing value for money.,2020-12-12
2794,245,3318,4,Amazing value for money.,2023-05-24
2795,4641,837,4,"Exactly as described, satisfied.",2022-02-04
2796,2346,65,3,Average experience overall.,2026-02-28
2797,4535,1684,1,Poor quality material used.,2025-09-04
2798,4416,476,2,Not worth the price.,2024-03-24
2799,3537,2069,1,Poor quality material used.,2022-05-03
2800,833,2973,2,"Not as expected, quality is average.",2021-05-28
2801,3633,4601,4,"Works perfectly, no issues so far.",2020-06-29
2802,2692,4226,4,"Great build quality, will buy again.",2021-05-20
2803,1483,2443,3,Decent product for daily use.,2020-04-17
2804,3798,4975,2,"Not as expected, quality is average.",2023-03-16
2805,1898,4441,4,"Superb product, exceeded expectations.",2025-04-14
2806,1654,1519,1,Delivery was delayed by many days.,2021-05-16
2807,2555,2536,4,Amazing value for money.,2023-10-24
2808,3673,2866,1,Item received was different from the picture.,2023-10-21
2809,3846,1333,2,Item received was different from the picture.,2021-07-26
2810,254,2130,1,Product stopped working after a week.,2024-08-20
2811,4319,4250,1,Poor quality material used.,2022-10-08
2812,195,4206,2,Delivery was delayed by many days.,2025-07-17
2813,3601,1590,2,Product stopped working after a week.,2025-01-14
2814,3386,1692,4,Very good quality for the price.,2022-11-08
2815,1490,1658,1,Product stopped working after a week.,2022-02-05
2816,310,4380,4,Very good quality for the price.,2023-02-07
2817,3578,3073,2,Packaging was damaged on arrival.,2023-01-05
2818,42,2831,3,Average experience overall.,2025-10-10
2819,466,673,1,Packaging was damaged on arrival.,2025-05-25
2820,1559,4508,3,Decent product for daily use.,2022-08-27
2821,536,1731,4,Amazing value for money.,2025-08-19
2822,3204,4770,3,Decent product for daily use.,2026-03-18
2823,4234,420,1,Delivery was delayed by many days.,2020-11-18
2824,2587,3420,5,Fast delivery and great packaging.,2022-12-04
2825,3972,3644,4,"Great build quality, will buy again.",2022-11-09
2826,2537,3502,3,"It's fine, nothing special.",2021-12-23
2827,2027,3097,5,Very good quality for the price.,2020-10-07
2828,4407,2157,5,Amazing value for money.,2021-10-20
2829,1638,2523,4,Fast delivery and great packaging.,2023-06-26
2830,4130,356,4,"Works perfectly, no issues so far.",2024-10-08
2831,1999,1139,2,Packaging was damaged on arrival.,2025-05-12
2832,2088,1664,2,Packaging was damaged on arrival.,2021-10-04
2833,4450,1338,3,Average experience overall.,2022-04-18
2834,941,4943,4,Very good quality for the price.,2024-01-14
2835,2429,4947,1,Product stopped working after a week.,2021-11-15
2836,831,160,5,Fast delivery and great packaging.,2026-03-18
2837,369,2053,2,Delivery was delayed by many days.,2024-09-05
2838,2048,3330,1,Packaging was damaged on arrival.,2022-08-28
2839,1159,505,4,"Excellent product, highly recommend!",2021-04-26
2840,32,2240,5,"Great build quality, will buy again.",2024-06-23
2841,3383,4882,1,Poor quality material used.,2021-01-14
2842,533,2534,2,Disappointed with the purchase.,2024-02-02
2843,3098,2030,2,"Not as expected, quality is average.",2022-04-20
2844,2411,4103,4,Fast delivery and great packaging.,2023-09-27
2845,3793,2762,4,"Great build quality, will buy again.",2022-09-12
2846,20,4938,3,"Product is okay, does the job.",2024-09-06
2847,2811,1055,3,Average experience overall.,2022-10-20
2848,2695,557,1,Item received was different from the picture.,2026-07-29
2849,256,702,5,Very good quality for the price.,2025-11-29
2850,206,2097,5,"Excellent product, highly recommend!",2025-10-28
2851,4523,1442,1,Item received was different from the picture.,2021-11-19
2852,3999,2897,1,"Not as expected, quality is average.",2021-10-23
2853,2016,490,1,Not worth the price.,2023-04-02
2854,1250,35,1,Delivery was delayed by many days.,2022-05-09
2855,2836,4419,3,Average experience overall.,2020-02-21
2856,4367,2237,2,"Not as expected, quality is average.",2024-09-12
2857,1737,2224,1,Poor quality material used.,2021-10-27
2858,505,2153,4,"Great build quality, will buy again.",2024-05-13
2859,280,107,3,Decent product for daily use.,2020-05-25
2860,652,4435,2,Not worth the price.,2022-03-25
2861,2679,2227,3,"Product is okay, does the job.",2023-09-04
2862,3202,3206,5,"Great build quality, will buy again.",2024-11-09
2863,2295,2799,2,Disappointed with the purchase.,2023-01-21
2864,3122,3018,2,Not worth the price.,2024-08-27
2865,1530,2818,3,"Product is okay, does the job.",2025-08-29
2866,4994,916,1,Product stopped working after a week.,2023-08-19
2867,1766,4709,3,Decent product for daily use.,2021-12-10
2868,1803,3103,5,Amazing value for money.,2021-07-31
2869,1694,2182,5,Very good quality for the price.,2021-07-27
2870,317,3832,3,Decent product for daily use.,2026-06-20
2871,1658,3313,1,"Not as expected, quality is average.",2025-07-11
2872,1192,946,2,Packaging was damaged on arrival.,2026-04-15
2873,2124,4288,1,Delivery was delayed by many days.,2020-01-13
2874,3261,3644,1,Disappointed with the purchase.,2024-03-18
2875,4928,2230,2,Disappointed with the purchase.,2024-10-08
2876,220,1913,1,"Not as expected, quality is average.",2022-10-07
2877,361,4984,3,"Product is okay, does the job.",2025-11-10
2878,3619,1677,2,Not worth the price.,2021-03-06
2879,4513,1644,5,"Superb product, exceeded expectations.",2020-04-09
2880,316,870,1,Delivery was delayed by many days.,2023-09-12
2881,38,4691,1,Packaging was damaged on arrival.,2025-05-23
2882,3168,131,2,Product stopped working after a week.,2025-11-15
2883,1749,976,3,"Product is okay, does the job.",2026-01-08
2884,3925,1494,5,"Exactly as described, satisfied.",2023-04-26
2885,3839,4514,1,Packaging was damaged on arrival.,2022-01-24
2886,92,4817,2,Packaging was damaged on arrival.,2025-10-27
2887,4661,2782,3,"Product is okay, does the job.",2023-03-16
2888,148,2601,5,"Excellent product, highly recommend!",2022-11-04
2889,796,4106,2,"Not as expected, quality is average.",2026-03-25
2890,3061,2226,4,"Superb product, exceeded expectations.",2022-12-17
2891,2646,58,1,Disappointed with the purchase.,2020-02-23
2892,2331,975,2,Product stopped working after a week.,2023-07-13
2893,955,1240,1,Poor quality material used.,2021-04-17
2894,2458,2485,3,"It's fine, nothing special.",2021-03-27
2895,1850,4969,2,Packaging was damaged on arrival.,2020-08-15
2896,4510,3668,1,Not worth the price.,2023-11-20
2897,2285,3186,1,Item received was different from the picture.,2021-04-22
2898,3363,3877,5,Amazing value for money.,2021-10-27
2899,3369,3848,1,Delivery was delayed by many days.,2024-07-12
2900,32,4376,5,"Superb product, exceeded expectations.",2020-09-22
2901,244,4838,1,"Not as expected, quality is average.",2022-11-27
2902,717,2975,2,Delivery was delayed by many days.,2022-11-10
2903,4706,4985,1,Packaging was damaged on arrival.,2020-06-17
2904,3037,219,3,Decent product for daily use.,2024-07-27
2905,248,3488,2,Poor quality material used.,2025-08-14
2906,2383,2408,5,Amazing value for money.,2025-07-01
2907,4139,4189,5,Fast delivery and great packaging.,2021-12-23
2908,4931,4570,4,"Exactly as described, satisfied.",2021-09-29
2909,3922,373,5,"Superb product, exceeded expectations.",2020-10-26
2910,1337,3913,1,Delivery was delayed by many days.,2022-04-22
2911,345,2431,2,Item received was different from the picture.,2024-12-04
2912,1532,4990,3,Average experience overall.,2024-03-10
2913,320,1264,4,Very good quality for the price.,2023-12-12
2914,1911,2759,5,Amazing value for money.,2024-07-03
2915,4164,1384,4,"Great build quality, will buy again.",2024-02-03
2916,30,1902,3,"Product is okay, does the job.",2022-01-18
2917,453,263,1,Not worth the price.,2022-04-22
2918,833,697,1,Packaging was damaged on arrival.,2026-03-05
2919,2517,3405,3,"It's fine, nothing special.",2024-10-12
2920,1508,1866,4,"Works perfectly, no issues so far.",2025-03-27
2921,814,3938,4,"Works perfectly, no issues so far.",2023-11-24
2922,4331,500,5,"Works perfectly, no issues so far.",2025-05-18
2923,1228,1105,5,Very good quality for the price.,2020-12-25
2924,4596,1510,5,"Excellent product, highly recommend!",2021-12-22
2925,104,4140,1,"Not as expected, quality is average.",2021-09-23
2926,1684,91,5,"Excellent product, highly recommend!",2024-09-01
2927,4344,969,3,Average experience overall.,2022-03-21
2928,4898,4871,1,Packaging was damaged on arrival.,2022-07-04
2929,4546,2046,4,"Excellent product, highly recommend!",2022-05-31
2930,4780,503,4,Fast delivery and great packaging.,2021-04-07
2931,2231,992,1,Item received was different from the picture.,2020-12-23
2932,2460,3967,5,"Exactly as described, satisfied.",2023-01-14
2933,871,693,3,"It's fine, nothing special.",2026-06-14
2934,3752,561,4,Very good quality for the price.,2025-06-06
2935,3327,3957,5,"Exactly as described, satisfied.",2022-04-23
2936,329,826,1,Not worth the price.,2026-01-03
2937,3795,3423,2,"Not as expected, quality is average.",2021-10-31
2938,2313,3196,5,Fast delivery and great packaging.,2020-01-08
2939,1280,4344,1,Disappointed with the purchase.,2025-07-23
2940,300,1075,3,Average experience overall.,2020-09-13
2941,3644,3620,4,"Exactly as described, satisfied.",2025-09-21
2942,2341,1860,4,"Great build quality, will buy again.",2025-11-07
2943,1176,2218,1,Delivery was delayed by many days.,2020-11-23
2944,4065,2458,5,Very good quality for the price.,2024-08-18
2945,2494,4470,5,Amazing value for money.,2025-01-03
2946,1951,4882,4,Very good quality for the price.,2023-06-17
2947,2524,4218,1,Disappointed with the purchase.,2024-08-07
2948,2707,207,2,Delivery was delayed by many days.,2020-12-09
2949,2324,2746,5,Very good quality for the price.,2023-11-11
2950,4947,673,5,"Great build quality, will buy again.",2022-10-09
2951,3118,1311,5,"Superb product, exceeded expectations.",2025-10-27
2952,2947,2474,1,Not worth the price.,2026-02-26
2953,1113,1367,1,"Not as expected, quality is average.",2026-02-02
2954,4378,4764,3,"Product is okay, does the job.",2024-07-17
2955,1586,755,1,Poor quality material used.,2023-05-20
2956,630,3570,4,Fast delivery and great packaging.,2022-02-06
2957,3250,877,4,"Exactly as described, satisfied.",2021-12-18
2958,2955,4063,5,"Excellent product, highly recommend!",2024-01-15
2959,1336,3078,1,Disappointed with the purchase.,2021-01-16
2960,1179,3930,4,"Superb product, exceeded expectations.",2025-09-21
2961,2900,4538,2,"Not as expected, quality is average.",2020-07-02
2962,4338,2117,5,Fast delivery and great packaging.,2021-04-11
2963,1694,3135,3,"Product is okay, does the job.",2023-04-24
2964,1328,684,4,Very good quality for the price.,2023-02-13
2965,879,103,5,"Excellent product, highly recommend!",2025-05-28
2966,1374,3049,5,Amazing value for money.,2021-09-05
2967,2105,1245,4,"Great build quality, will buy again.",2020-11-07
2968,1277,697,4,Fast delivery and great packaging.,2023-01-15
2969,2092,55,3,Average experience overall.,2024-07-09
2970,2644,3991,3,Decent product for daily use.,2023-09-05
2971,1751,473,3,"Product is okay, does the job.",2022-08-23
2972,3718,790,2,Poor quality material used.,2022-03-12
2973,260,3596,4,Amazing value for money.,2023-08-30
2974,498,1666,4,"Great build quality, will buy again.",2020-11-22
2975,3203,4896,4,"Superb product, exceeded expectations.",2021-07-22
2976,1958,4081,5,"Works perfectly, no issues so far.",2026-03-07
2977,4784,4677,1,Not worth the price.,2023-03-09
2978,2768,4386,5,"Excellent product, highly recommend!",2023-07-15
2979,3697,1974,3,"Product is okay, does the job.",2025-08-30
2980,1681,2572,2,"Not as expected, quality is average.",2025-07-03
2981,1883,25,1,Poor quality material used.,2022-05-26
2982,4815,738,5,"Excellent product, highly recommend!",2025-09-27
2983,4325,3365,4,Fast delivery and great packaging.,2025-08-09
2984,1658,1330,1,Product stopped working after a week.,2023-01-25
2985,2927,453,4,"Exactly as described, satisfied.",2025-09-26
2986,4186,564,3,Average experience overall.,2021-06-27
2987,4247,927,2,Delivery was delayed by many days.,2020-10-11
2988,2144,3307,5,"Great build quality, will buy again.",2021-01-10
2989,833,3775,3,"It's fine, nothing special.",2020-04-21
2990,2403,2357,4,Fast delivery and great packaging.,2023-05-28
2991,4599,3157,5,Amazing value for money.,2025-08-14
2992,4660,3458,5,Very good quality for the price.,2026-07-20
2993,845,4698,2,Product stopped working after a week.,2025-06-11
2994,3679,2549,2,Poor quality material used.,2022-08-08
2995,1448,4557,3,Average experience overall.,2021-02-02
2996,3195,1571,5,"Works perfectly, no issues so far.",2024-08-20
2997,2621,4837,1,Delivery was delayed by many days.,2026-06-02
2998,2596,3401,4,"Exactly as described, satisfied.",2022-09-04
2999,1779,214,1,Not worth the price.,2024-03-02
3000,1379,2090,1,Item received was different from the picture.,2024-12-13
3001,1445,3194,1,Delivery was delayed by many days.,2022-06-02
3002,2703,1168,5,Amazing value for money.,2023-12-16
3003,3370,2045,3,"It's fine, nothing special.",2025-04-07
3004,2003,3479,3,Decent product for daily use.,2025-04-12
3005,1193,3029,5,"Superb product, exceeded expectations.",2026-05-05
3006,1901,3758,5,Fast delivery and great packaging.,2022-10-21
3007,3542,4705,2,Item received was different from the picture.,2023-09-19
3008,2716,1269,3,Decent product for daily use.,2023-03-05
3009,3417,4972,3,Decent product for daily use.,2022-08-10
3010,2906,449,3,Average experience overall.,2025-04-08
3011,3137,2219,3,Decent product for daily use.,2020-06-12
3012,4380,3244,2,Poor quality material used.,2025-01-31
3013,666,1559,4,"Great build quality, will buy again.",2025-01-17
3014,1881,146,1,Poor quality material used.,2023-12-24
3015,3720,4,4,Very good quality for the price.,2023-11-14
3016,2586,4139,3,"Product is okay, does the job.",2024-08-25
3017,30,664,2,Delivery was delayed by many days.,2020-02-18
3018,4838,2548,4,Very good quality for the price.,2025-01-01
3019,1922,771,1,Packaging was damaged on arrival.,2024-06-25
3020,1989,4453,1,Not worth the price.,2023-04-10
3021,924,2798,5,"Great build quality, will buy again.",2026-07-16
3022,1699,43,1,Poor quality material used.,2021-01-20
3023,1972,106,4,"Works perfectly, no issues so far.",2020-04-25
3024,4490,819,3,"It's fine, nothing special.",2020-03-20
3025,1630,3073,3,Decent product for daily use.,2023-01-15
3026,1188,1545,2,Not worth the price.,2025-11-10
3027,3931,2866,2,"Not as expected, quality is average.",2023-01-29
3028,584,4058,4,"Exactly as described, satisfied.",2026-01-10
3029,2695,199,4,Very good quality for the price.,2022-07-23
3030,2409,5,4,Amazing value for money.,2021-04-17
3031,4379,3133,2,Poor quality material used.,2023-01-16
3032,1294,2669,4,Very good quality for the price.,2026-01-17
3033,4824,3402,5,"Superb product, exceeded expectations.",2024-08-24
3034,1891,540,2,Packaging was damaged on arrival.,2024-12-13
3035,4797,3979,1,Delivery was delayed by many days.,2020-06-04
3036,1383,3841,1,Item received was different from the picture.,2021-06-26
3037,4048,1060,2,Packaging was damaged on arrival.,2020-01-04
3038,1240,2237,2,Poor quality material used.,2023-08-01
3039,2826,1701,4,"Superb product, exceeded expectations.",2021-07-05
3040,2832,4177,3,Average experience overall.,2024-10-04
3041,2163,3561,1,Not worth the price.,2022-05-15
3042,320,1424,2,Product stopped working after a week.,2020-08-21
3043,263,2554,5,"Great build quality, will buy again.",2024-07-03
3044,4338,2814,2,Poor quality material used.,2022-06-09
3045,2457,2743,1,Delivery was delayed by many days.,2021-11-04
3046,2555,1170,5,"Works perfectly, no issues so far.",2021-12-11
3047,2050,4381,5,Amazing value for money.,2022-11-07
3048,2540,4161,5,"Exactly as described, satisfied.",2020-05-16
3049,1588,3130,1,Product stopped working after a week.,2021-09-26
3050,95,3013,4,Amazing value for money.,2020-08-29
3051,1031,4843,4,Very good quality for the price.,2024-09-19
3052,1091,2200,4,Very good quality for the price.,2025-03-03
3053,2112,1588,1,Packaging was damaged on arrival.,2020-06-01
3054,2492,142,3,Average experience overall.,2021-01-24
3055,852,363,1,Delivery was delayed by many days.,2021-09-15
3056,1863,3319,1,Packaging was damaged on arrival.,2020-01-31
3057,4530,552,3,Decent product for daily use.,2021-09-05
3058,1401,4495,2,Disappointed with the purchase.,2021-02-07
3059,672,2471,2,"Not as expected, quality is average.",2023-08-22
3060,2898,4602,5,Amazing value for money.,2024-07-30
3061,1384,2127,5,Amazing value for money.,2020-12-29
3062,3243,835,1,Disappointed with the purchase.,2021-02-17
3063,2380,4692,2,Disappointed with the purchase.,2021-04-19
3064,4778,911,1,Product stopped working after a week.,2023-04-15
3065,1150,3824,2,Item received was different from the picture.,2023-09-02
3066,3861,842,3,"It's fine, nothing special.",2024-12-08
3067,2011,854,1,Item received was different from the picture.,2025-05-15
3068,4425,4419,2,Item received was different from the picture.,2025-05-19
3069,524,2984,5,"Works perfectly, no issues so far.",2025-02-23
3070,2347,1346,5,Amazing value for money.,2025-09-30
3071,3577,4579,5,"Exactly as described, satisfied.",2023-09-06
3072,20,3671,3,"It's fine, nothing special.",2021-02-27
3073,4502,1603,2,Poor quality material used.,2020-05-03
3074,3218,1013,4,"Exactly as described, satisfied.",2021-12-12
3075,2533,3651,3,Average experience overall.,2026-03-13
3076,2468,1252,4,Fast delivery and great packaging.,2021-11-28
3077,2070,3106,2,Product stopped working after a week.,2022-06-25
3078,240,751,3,Average experience overall.,2023-11-10
3079,2221,1322,2,"Not as expected, quality is average.",2026-01-13
3080,702,1866,2,Delivery was delayed by many days.,2021-09-19
3081,74,1413,3,Decent product for daily use.,2024-04-22
3082,3011,2552,1,Not worth the price.,2021-08-25
3083,316,2245,5,Amazing value for money.,2021-04-11
3084,552,505,4,Fast delivery and great packaging.,2022-04-06
3085,1277,638,4,Fast delivery and great packaging.,2024-10-29
3086,3316,4026,4,Very good quality for the price.,2024-02-06
3087,3032,2436,5,"Superb product, exceeded expectations.",2022-05-18
3088,1749,599,5,"Excellent product, highly recommend!",2022-09-04
3089,1048,2942,4,Amazing value for money.,2022-07-16
3090,1137,2780,3,"It's fine, nothing special.",2021-11-17
3091,902,2401,4,"Superb product, exceeded expectations.",2021-10-26
3092,3010,4567,4,Very good quality for the price.,2021-09-13
3093,4148,571,4,"Superb product, exceeded expectations.",2024-03-10
3094,4952,3208,3,Average experience overall.,2021-05-03
3095,2175,1811,2,Poor quality material used.,2020-09-30
3096,2375,474,5,"Works perfectly, no issues so far.",2024-01-09
3097,1336,2806,3,"Product is okay, does the job.",2022-04-08
3098,522,2549,5,Fast delivery and great packaging.,2025-10-16
3099,892,46,5,Amazing value for money.,2021-07-05
3100,2530,590,4,"Exactly as described, satisfied.",2024-11-30
3101,3775,368,5,"Works perfectly, no issues so far.",2024-12-02
3102,338,4652,4,"Exactly as described, satisfied.",2022-11-04
3103,789,2431,4,"Excellent product, highly recommend!",2022-02-25
3104,2294,2856,2,Disappointed with the purchase.,2026-03-16
3105,2592,3604,4,"Exactly as described, satisfied.",2023-11-27
3106,3146,4871,1,Disappointed with the purchase.,2026-01-08
3107,2777,1966,1,Packaging was damaged on arrival.,2022-02-04
3108,4525,2735,2,Item received was different from the picture.,2023-12-22
3109,1600,165,1,Delivery was delayed by many days.,2023-11-02
3110,4988,3333,1,"Not as expected, quality is average.",2020-02-29
3111,1252,3878,3,Decent product for daily use.,2021-03-03
3112,4257,2351,4,"Works perfectly, no issues so far.",2020-12-29
3113,2632,2247,1,Item received was different from the picture.,2021-05-26
3114,1295,4556,4,"Works perfectly, no issues so far.",2022-06-14
3115,1658,3262,1,Poor quality material used.,2025-01-05
3116,3216,292,2,Item received was different from the picture.,2024-10-17
3117,532,3243,1,"Not as expected, quality is average.",2021-04-20
3118,3226,4660,5,Amazing value for money.,2025-09-25
3119,458,3291,1,Product stopped working after a week.,2024-04-28
3120,2359,333,4,Fast delivery and great packaging.,2024-06-14
3121,179,2753,2,Product stopped working after a week.,2024-08-10
3122,3274,1591,5,Amazing value for money.,2023-08-31
3123,810,1893,1,Poor quality material used.,2020-05-18
3124,679,3525,1,Product stopped working after a week.,2021-04-24
3125,2607,4573,3,"It's fine, nothing special.",2025-04-12
3126,3865,1564,2,Disappointed with the purchase.,2020-09-18
3127,1226,122,1,Disappointed with the purchase.,2026-02-25
3128,1950,2675,3,Average experience overall.,2023-06-07
3129,396,3201,1,Delivery was delayed by many days.,2025-11-16
3130,4874,4795,2,Packaging was damaged on arrival.,2021-08-11
3131,395,3528,4,"Great build quality, will buy again.",2020-02-27
3132,4086,3385,3,"It's fine, nothing special.",2020-04-19
3133,3399,302,4,"Exactly as described, satisfied.",2024-04-25
3134,4624,1546,2,Poor quality material used.,2021-06-13
3135,1841,1502,3,Average experience overall.,2021-10-10
3136,140,2967,4,"Exactly as described, satisfied.",2023-11-27
3137,3037,2700,4,"Exactly as described, satisfied.",2024-02-12
3138,3500,2218,2,"Not as expected, quality is average.",2021-08-25
3139,2559,3965,5,"Superb product, exceeded expectations.",2024-01-02
3140,4328,3538,4,"Excellent product, highly recommend!",2023-02-07
3141,1151,2645,2,"Not as expected, quality is average.",2024-02-24
3142,4451,2321,5,"Superb product, exceeded expectations.",2024-02-02
3143,1817,4064,3,"It's fine, nothing special.",2020-01-23
3144,4414,341,2,Disappointed with the purchase.,2024-01-29
3145,4342,1670,1,Delivery was delayed by many days.,2023-08-26
3146,302,3566,2,Not worth the price.,2024-02-24
3147,892,4843,2,Packaging was damaged on arrival.,2024-04-17
3148,1972,2466,3,Average experience overall.,2026-02-09
3149,4940,2892,3,"Product is okay, does the job.",2021-07-01
3150,554,1337,4,Very good quality for the price.,2023-10-22
3151,3825,3032,2,Not worth the price.,2022-08-24
3152,3431,861,5,"Superb product, exceeded expectations.",2025-05-03
3153,925,3287,3,"It's fine, nothing special.",2026-01-27
3154,1964,3137,1,Poor quality material used.,2021-06-03
3155,4734,4608,5,Fast delivery and great packaging.,2021-11-22
3156,2579,1793,4,Very good quality for the price.,2021-12-21
3157,2395,4825,5,"Exactly as described, satisfied.",2021-09-10
3158,552,2040,3,Decent product for daily use.,2023-04-25
3159,3037,3805,4,"Exactly as described, satisfied.",2024-06-29
3160,2440,1902,2,Item received was different from the picture.,2025-07-19
3161,1950,2478,4,Amazing value for money.,2021-04-29
3162,4656,2247,2,Disappointed with the purchase.,2022-12-16
3163,2681,1469,4,"Great build quality, will buy again.",2022-01-24
3164,569,4548,2,Item received was different from the picture.,2022-04-29
3165,3925,406,5,"Exactly as described, satisfied.",2024-06-22
3166,4084,2981,2,Item received was different from the picture.,2026-02-14
3167,507,3059,1,Not worth the price.,2023-09-25
3168,1254,4113,3,Average experience overall.,2021-04-11
3169,1501,3614,2,Poor quality material used.,2020-04-15
3170,1497,4544,2,Item received was different from the picture.,2026-03-01
3171,3615,2815,1,Poor quality material used.,2024-07-14
3172,4166,2684,4,"Works perfectly, no issues so far.",2021-09-19
3173,2739,4472,3,"Product is okay, does the job.",2022-08-01
3174,4476,79,2,Packaging was damaged on arrival.,2021-12-18
3175,4339,3467,4,"Superb product, exceeded expectations.",2026-01-05
3176,1073,1104,1,Delivery was delayed by many days.,2020-01-04
3177,3794,1472,4,Very good quality for the price.,2020-05-23
3178,1322,4921,4,"Exactly as described, satisfied.",2020-07-03
3179,1094,3394,5,"Exactly as described, satisfied.",2020-11-21
3180,388,4698,2,Poor quality material used.,2020-04-28
3181,4734,849,2,Product stopped working after a week.,2023-07-21
3182,4477,1598,2,Product stopped working after a week.,2020-11-15
3183,4314,5000,4,"Works perfectly, no issues so far.",2021-03-27
3184,1807,1463,2,Poor quality material used.,2025-08-29
3185,4546,558,5,"Superb product, exceeded expectations.",2023-07-10
3186,1618,2748,5,"Great build quality, will buy again.",2025-10-24
3187,4782,1689,5,"Superb product, exceeded expectations.",2021-11-17
3188,2372,3207,3,Average experience overall.,2021-02-11
3189,2725,4860,3,"It's fine, nothing special.",2025-12-28
3190,2171,4955,4,Very good quality for the price.,2025-05-19
3191,236,2529,3,"It's fine, nothing special.",2022-06-16
3192,4530,4192,2,"Not as expected, quality is average.",2021-03-24
3193,2217,2560,2,Item received was different from the picture.,2020-11-15
3194,337,2178,1,Packaging was damaged on arrival.,2022-09-23
3195,3754,3442,3,Average experience overall.,2025-03-18
3196,2236,4906,5,Very good quality for the price.,2021-09-12
3197,4095,358,1,Packaging was damaged on arrival.,2025-06-24
3198,3215,3424,2,Not worth the price.,2021-12-03
3199,1608,1565,5,"Excellent product, highly recommend!",2026-04-10
3200,3159,3763,3,Decent product for daily use.,2025-06-26
3201,3668,2379,2,Item received was different from the picture.,2026-06-18
3202,3723,3319,1,Item received was different from the picture.,2021-05-14
3203,3312,221,5,Amazing value for money.,2022-09-01
3204,4431,4788,2,Not worth the price.,2020-12-22
3205,2962,3899,5,"Superb product, exceeded expectations.",2022-10-19
3206,1081,887,1,"Not as expected, quality is average.",2020-05-24
3207,4533,2614,5,"Excellent product, highly recommend!",2023-09-03
3208,4078,2153,5,"Works perfectly, no issues so far.",2024-02-03
3209,2495,791,3,"It's fine, nothing special.",2022-09-13
3210,3571,3656,4,"Exactly as described, satisfied.",2024-06-04
3211,212,814,5,"Superb product, exceeded expectations.",2024-05-23
3212,4800,3602,2,"Not as expected, quality is average.",2026-03-20
3213,4379,2348,4,Amazing value for money.,2021-01-23
3214,131,3148,2,Item received was different from the picture.,2022-03-10
3215,1415,1982,4,"Superb product, exceeded expectations.",2023-05-02
3216,4970,4712,4,Very good quality for the price.,2024-06-25
3217,4627,3945,2,Poor quality material used.,2025-06-05
3218,582,4818,1,"Not as expected, quality is average.",2025-07-15
3219,3289,4800,1,Delivery was delayed by many days.,2023-01-14
3220,2578,4143,2,Product stopped working after a week.,2024-11-09
3221,2104,4272,4,Fast delivery and great packaging.,2023-09-09
3222,115,4330,4,"Exactly as described, satisfied.",2023-11-19
3223,2121,737,5,"Superb product, exceeded expectations.",2020-02-10
3224,3129,3419,2,Product stopped working after a week.,2023-03-23
3225,1969,3215,3,"It's fine, nothing special.",2022-05-03
3226,726,820,2,Product stopped working after a week.,2022-10-26
3227,596,4001,1,Delivery was delayed by many days.,2020-03-03
3228,721,2152,1,"Not as expected, quality is average.",2024-12-30
3229,2269,1834,5,"Great build quality, will buy again.",2022-10-29
3230,1568,183,4,"Works perfectly, no issues so far.",2026-06-04
3231,2657,4074,1,Disappointed with the purchase.,2021-01-24
3232,4232,4624,5,"Great build quality, will buy again.",2022-01-03
3233,4840,3600,5,Fast delivery and great packaging.,2021-07-10
3234,97,4708,3,Decent product for daily use.,2022-04-19
3235,1041,1179,1,Product stopped working after a week.,2021-10-28
3236,764,1716,3,"It's fine, nothing special.",2025-12-09
3237,1142,2850,1,Not worth the price.,2024-01-21
3238,2768,27,2,Item received was different from the picture.,2021-02-11
3239,2787,1401,1,Item received was different from the picture.,2022-06-20
3240,4746,3881,2,Poor quality material used.,2023-05-26
3241,2295,1305,3,Average experience overall.,2025-10-11
3242,401,4936,2,Product stopped working after a week.,2020-12-31
3243,3111,2855,1,"Not as expected, quality is average.",2023-06-18
3244,671,3177,2,Item received was different from the picture.,2023-06-15
3245,179,406,1,Packaging was damaged on arrival.,2023-01-23
3246,18,1948,3,"It's fine, nothing special.",2022-05-05
3247,3099,1877,1,Packaging was damaged on arrival.,2021-08-27
3248,4803,261,3,Average experience overall.,2023-03-22
3249,2249,1418,3,"Product is okay, does the job.",2021-03-22
3250,1637,1044,1,Not worth the price.,2022-12-28
3251,4221,60,4,"Works perfectly, no issues so far.",2022-02-26
3252,381,4331,2,Packaging was damaged on arrival.,2020-03-24
3253,625,821,2,Packaging was damaged on arrival.,2022-07-22
3254,1613,2236,5,"Superb product, exceeded expectations.",2021-01-29
3255,2340,4329,3,"Product is okay, does the job.",2023-05-21
3256,4266,3321,5,"Exactly as described, satisfied.",2022-08-07
3257,4553,1266,3,Decent product for daily use.,2020-06-21
3258,1266,1967,1,Poor quality material used.,2023-11-07
3259,3353,3777,2,Delivery was delayed by many days.,2026-01-15
3260,3932,4404,5,"Works perfectly, no issues so far.",2025-06-24
3261,2263,1750,1,"Not as expected, quality is average.",2022-02-09
3262,3218,2460,5,"Superb product, exceeded expectations.",2025-07-01
3263,1386,3747,4,"Works perfectly, no issues so far.",2020-08-11
3264,875,1557,1,Delivery was delayed by many days.,2026-03-13
3265,3318,4164,5,"Works perfectly, no issues so far.",2024-08-23
3266,2072,3366,1,Disappointed with the purchase.,2023-05-03
3267,3396,1748,3,"It's fine, nothing special.",2025-11-13
3268,309,171,5,Very good quality for the price.,2021-01-09
3269,4429,2310,2,"Not as expected, quality is average.",2026-02-12
3270,2047,4213,2,Product stopped working after a week.,2020-05-27
3271,3173,533,4,Very good quality for the price.,2026-01-06
3272,574,292,2,Poor quality material used.,2023-02-16
3273,3593,2370,4,Amazing value for money.,2024-09-19
3274,3996,1579,5,"Excellent product, highly recommend!",2024-05-04
3275,83,1404,3,"Product is okay, does the job.",2020-06-20
3276,1967,273,4,"Excellent product, highly recommend!",2020-04-22
3277,3049,2642,3,"Product is okay, does the job.",2024-04-23
3278,2064,2839,2,Not worth the price.,2026-04-13
3279,3987,4456,4,Fast delivery and great packaging.,2025-08-12
3280,2577,2504,4,Very good quality for the price.,2023-02-10
3281,1292,1895,1,Item received was different from the picture.,2020-06-08
3282,3623,4248,5,"Superb product, exceeded expectations.",2023-07-01
3283,2349,4053,1,Poor quality material used.,2023-02-12
3284,4217,139,3,Average experience overall.,2022-04-28
3285,3820,4330,3,Decent product for daily use.,2026-07-25
3286,1603,2651,1,Item received was different from the picture.,2020-09-20
3287,1773,3715,3,"Product is okay, does the job.",2021-12-14
3288,921,3897,1,Disappointed with the purchase.,2022-11-19
3289,4097,4135,3,Decent product for daily use.,2020-02-20
3290,3452,2318,2,Packaging was damaged on arrival.,2024-07-15
3291,2787,4209,5,"Excellent product, highly recommend!",2022-07-10
3292,314,22,5,"Exactly as described, satisfied.",2025-05-24
3293,4681,3308,3,"It's fine, nothing special.",2025-04-03
3294,2010,3031,5,"Great build quality, will buy again.",2023-10-25
3295,3601,3652,3,Decent product for daily use.,2024-02-12
3296,3730,3447,3,Average experience overall.,2023-03-05
3297,712,3430,1,Packaging was damaged on arrival.,2023-09-11
3298,1503,560,4,"Great build quality, will buy again.",2024-09-18
3299,2689,3759,5,"Excellent product, highly recommend!",2023-11-03
3300,3586,3522,2,Item received was different from the picture.,2020-09-07
3301,183,536,1,Product stopped working after a week.,2023-07-06
3302,3499,1651,5,"Great build quality, will buy again.",2021-08-05
3303,4844,4253,3,Average experience overall.,2021-04-05
3304,3030,1902,2,Not worth the price.,2021-10-22
3305,1508,204,1,Disappointed with the purchase.,2024-12-21
3306,2450,3613,5,"Superb product, exceeded expectations.",2020-01-29
3307,672,3705,4,Fast delivery and great packaging.,2021-04-20
3308,2102,718,5,"Exactly as described, satisfied.",2020-04-21
3309,3065,4400,4,"Works perfectly, no issues so far.",2024-05-24
3310,1940,3637,3,"Product is okay, does the job.",2020-02-27
3311,1619,1162,4,"Exactly as described, satisfied.",2020-06-14
3312,317,4474,3,Average experience overall.,2025-10-03
3313,3017,1131,2,Item received was different from the picture.,2026-01-31
3314,840,2858,5,Amazing value for money.,2021-08-23
3315,4264,4011,4,"Exactly as described, satisfied.",2022-12-08
3316,711,986,3,Decent product for daily use.,2025-01-26
3317,4947,1320,5,"Works perfectly, no issues so far.",2025-10-16
3318,3814,4536,5,"Works perfectly, no issues so far.",2021-09-23
3319,3139,2092,5,"Exactly as described, satisfied.",2024-04-16
3320,1923,3817,2,Disappointed with the purchase.,2025-09-22
3321,1895,4204,5,Fast delivery and great packaging.,2021-01-01
3322,4591,4245,5,"Excellent product, highly recommend!",2022-08-17
3323,1651,2166,1,Poor quality material used.,2025-12-26
3324,1078,573,4,"Great build quality, will buy again.",2022-05-16
3325,4323,1782,5,Fast delivery and great packaging.,2023-11-30
3326,893,3744,3,Decent product for daily use.,2023-11-21
3327,3534,4690,1,Disappointed with the purchase.,2021-08-24
3328,4154,1840,2,Packaging was damaged on arrival.,2023-07-26
3329,3847,4862,4,"Superb product, exceeded expectations.",2020-04-10
3330,727,2140,5,Fast delivery and great packaging.,2026-06-24
3331,4636,483,4,"Superb product, exceeded expectations.",2022-04-18
3332,4029,648,3,"It's fine, nothing special.",2020-05-24
3333,2123,3974,3,"Product is okay, does the job.",2023-10-06
3334,700,1816,3,Average experience overall.,2021-10-13
3335,3402,169,4,"Great build quality, will buy again.",2023-11-29
3336,4590,1166,5,Fast delivery and great packaging.,2023-12-25
3337,4786,1572,3,"Product is okay, does the job.",2020-08-05
3338,3782,4247,3,"Product is okay, does the job.",2023-05-16
3339,3858,1011,1,"Not as expected, quality is average.",2025-03-09
3340,447,269,5,"Exactly as described, satisfied.",2021-08-18
3341,3061,2740,5,"Excellent product, highly recommend!",2026-01-04
3342,2704,3435,4,Amazing value for money.,2022-12-13
3343,323,364,3,"Product is okay, does the job.",2022-09-15
3344,2328,4361,3,Decent product for daily use.,2022-02-10
3345,3213,4698,5,"Superb product, exceeded expectations.",2023-10-23
3346,2287,1956,4,"Excellent product, highly recommend!",2024-11-15
3347,1226,3358,3,Decent product for daily use.,2023-09-23
3348,4592,2169,2,Not worth the price.,2023-10-03
3349,4018,2124,2,Delivery was delayed by many days.,2024-05-12
3350,4802,3127,3,"It's fine, nothing special.",2020-02-01
3351,3781,2648,3,"It's fine, nothing special.",2023-10-31
3352,2414,1915,2,Not worth the price.,2024-11-26
3353,2941,841,4,Amazing value for money.,2023-07-03
3354,2006,4582,3,Decent product for daily use.,2022-02-15
3355,3450,2851,1,Item received was different from the picture.,2021-04-11
3356,2997,4065,3,"It's fine, nothing special.",2021-10-04
3357,910,1796,1,Product stopped working after a week.,2024-11-13
3358,3791,3361,2,Not worth the price.,2023-11-23
3359,1101,4492,3,"It's fine, nothing special.",2022-04-12
3360,1529,1476,1,Poor quality material used.,2025-11-24
3361,2384,3857,3,"Product is okay, does the job.",2024-02-28
3362,4739,3762,1,"Not as expected, quality is average.",2022-10-16
3363,101,3348,2,Poor quality material used.,2023-09-28
3364,979,964,3,"Product is okay, does the job.",2023-12-13
3365,821,1499,1,Delivery was delayed by many days.,2025-09-20
3366,2383,3440,3,Average experience overall.,2025-08-23
3367,3747,879,1,Delivery was delayed by many days.,2023-08-08
3368,78,962,5,"Great build quality, will buy again.",2024-03-16
3369,1512,4029,1,Packaging was damaged on arrival.,2020-09-20
3370,1745,831,1,Disappointed with the purchase.,2025-07-06
3371,1525,751,2,Delivery was delayed by many days.,2020-04-03
3372,1758,42,3,Decent product for daily use.,2022-06-25
3373,317,159,4,"Superb product, exceeded expectations.",2024-04-12
3374,3301,14,1,Poor quality material used.,2025-04-22
3375,1009,3762,2,Poor quality material used.,2025-04-10
3376,3197,3448,5,"Exactly as described, satisfied.",2024-12-10
3377,4000,2104,4,"Superb product, exceeded expectations.",2023-01-03
3378,2103,898,4,Very good quality for the price.,2021-11-02
3379,1346,1101,1,Disappointed with the purchase.,2021-05-06
3380,2285,2904,1,"Not as expected, quality is average.",2025-04-11
3381,2949,3127,1,Not worth the price.,2020-07-05
3382,2427,3198,3,"Product is okay, does the job.",2022-12-27
3383,1024,2196,3,Average experience overall.,2026-04-29
3384,3473,3458,2,Delivery was delayed by many days.,2020-01-05
3385,4508,2190,3,Decent product for daily use.,2021-09-03
3386,3802,4610,1,Not worth the price.,2026-03-07
3387,4666,754,5,Very good quality for the price.,2022-11-11
3388,3336,1348,1,Disappointed with the purchase.,2023-06-07
3389,2697,3045,4,"Excellent product, highly recommend!",2020-04-14
3390,2405,1422,1,Not worth the price.,2025-05-03
3391,561,2027,5,"Excellent product, highly recommend!",2026-07-27
3392,2787,1688,5,Fast delivery and great packaging.,2023-06-02
3393,4717,561,5,Fast delivery and great packaging.,2023-05-06
3394,3195,1549,1,Product stopped working after a week.,2020-03-28
3395,604,1288,1,"Not as expected, quality is average.",2025-02-09
3396,1437,582,1,Packaging was damaged on arrival.,2026-01-20
3397,153,4225,5,Very good quality for the price.,2025-12-22
3398,4417,3705,3,Decent product for daily use.,2023-12-19
3399,4877,286,5,"Excellent product, highly recommend!",2020-01-01
3400,2527,4547,2,Poor quality material used.,2022-09-02
3401,2833,4798,1,Item received was different from the picture.,2024-10-22
3402,4290,524,3,Average experience overall.,2024-06-07
3403,4732,556,3,"Product is okay, does the job.",2021-08-10
3404,3943,4082,3,"It's fine, nothing special.",2025-04-20
3405,4116,1291,3,"Product is okay, does the job.",2023-10-10
3406,1628,3001,2,Not worth the price.,2020-01-28
3407,4646,170,5,"Excellent product, highly recommend!",2026-01-18
3408,3961,2910,3,"It's fine, nothing special.",2024-02-15
3409,3770,4646,1,Poor quality material used.,2022-04-06
3410,692,2561,5,"Excellent product, highly recommend!",2024-09-23
3411,4605,1971,3,"It's fine, nothing special.",2025-04-30
3412,1268,487,3,Average experience overall.,2022-09-16
3413,1743,2309,5,"Excellent product, highly recommend!",2021-11-06
3414,1927,3650,3,Decent product for daily use.,2025-07-18
3415,2634,3071,4,"Exactly as described, satisfied.",2023-08-01
3416,4240,254,2,Disappointed with the purchase.,2020-06-15
3417,1085,2572,3,Average experience overall.,2024-08-20
3418,994,4933,5,"Exactly as described, satisfied.",2025-01-11
3419,3124,2390,1,Not worth the price.,2025-08-15
3420,3665,4078,4,Fast delivery and great packaging.,2020-06-11
3421,1098,1167,2,Disappointed with the purchase.,2021-07-27
3422,2855,933,3,Average experience overall.,2021-12-25
3423,358,1290,5,"Exactly as described, satisfied.",2024-08-03
3424,599,4819,1,Product stopped working after a week.,2023-06-23
3425,729,1190,2,"Not as expected, quality is average.",2020-06-02
3426,2376,839,4,"Exactly as described, satisfied.",2026-06-05
3427,912,4330,5,"Great build quality, will buy again.",2025-03-18
3428,3610,4269,4,Amazing value for money.,2026-05-25
3429,4288,1363,4,Very good quality for the price.,2025-09-27
3430,4423,1588,4,Amazing value for money.,2024-02-18
3431,2827,1341,1,Product stopped working after a week.,2020-02-13
3432,657,63,3,Decent product for daily use.,2023-01-12
3433,4884,3933,2,Disappointed with the purchase.,2020-08-21
3434,1995,2618,4,Very good quality for the price.,2025-07-13
3435,1978,2693,2,Poor quality material used.,2026-01-14
3436,2587,2824,1,Delivery was delayed by many days.,2024-07-06
3437,4417,2070,2,Disappointed with the purchase.,2026-01-17
3438,1578,1550,1,Disappointed with the purchase.,2025-07-15
3439,3383,2872,1,"Not as expected, quality is average.",2024-01-28
3440,2695,2911,4,Amazing value for money.,2020-05-30
3441,508,2695,1,Disappointed with the purchase.,2023-10-27
3442,2752,4484,5,Amazing value for money.,2026-05-19
3443,351,1097,2,Item received was different from the picture.,2025-10-26
3444,135,429,5,Very good quality for the price.,2023-02-20
3445,2997,265,3,"Product is okay, does the job.",2023-04-10
3446,575,968,3,"Product is okay, does the job.",2020-12-31
3447,3968,2638,2,Not worth the price.,2026-07-19
3448,3146,2104,4,Amazing value for money.,2021-08-05
3449,3910,3266,2,Not worth the price.,2024-12-29
3450,3890,1267,2,Not worth the price.,2025-07-27
3451,4143,961,5,"Exactly as described, satisfied.",2023-02-07
3452,742,1253,3,Decent product for daily use.,2020-08-21
3453,2577,2008,1,Disappointed with the purchase.,2022-08-15
3454,2141,3648,5,"Excellent product, highly recommend!",2023-02-09
3455,2472,2961,3,Average experience overall.,2022-09-05
3456,3303,3483,4,"Excellent product, highly recommend!",2022-03-05
3457,946,1276,3,Average experience overall.,2023-12-30
3458,1896,3708,3,"Product is okay, does the job.",2023-11-13
3459,258,2371,2,Disappointed with the purchase.,2022-04-06
3460,1084,4254,3,"It's fine, nothing special.",2022-09-14
3461,3833,2357,1,Delivery was delayed by many days.,2026-03-12
3462,3512,2281,1,"Not as expected, quality is average.",2020-06-30
3463,3320,1186,2,Delivery was delayed by many days.,2024-10-07
3464,1021,1828,2,Disappointed with the purchase.,2020-01-10
3465,2170,3738,3,Average experience overall.,2021-12-23
3466,3631,1861,3,Decent product for daily use.,2022-04-11
3467,1413,702,2,Disappointed with the purchase.,2025-07-15
3468,646,3555,4,"Works perfectly, no issues so far.",2020-04-02
3469,4233,988,5,"Great build quality, will buy again.",2024-01-16
3470,4617,696,2,Packaging was damaged on arrival.,2025-08-09
3471,875,2379,2,"Not as expected, quality is average.",2022-09-13
3472,407,3698,4,"Works perfectly, no issues so far.",2026-02-22
3473,51,1751,1,Poor quality material used.,2024-05-17
3474,593,1950,4,Fast delivery and great packaging.,2020-10-29
3475,548,1904,4,"Exactly as described, satisfied.",2021-07-24
3476,1703,4066,1,"Not as expected, quality is average.",2025-03-14
3477,4222,4671,5,"Works perfectly, no issues so far.",2020-05-17
3478,3071,120,3,"It's fine, nothing special.",2020-11-25
3479,1158,2678,1,Not worth the price.,2025-08-23
3480,3844,1970,1,Delivery was delayed by many days.,2026-07-29
3481,1399,3693,4,"Great build quality, will buy again.",2022-10-15
3482,3868,2852,4,Fast delivery and great packaging.,2020-06-06
3483,193,848,3,Average experience overall.,2023-04-04
3484,671,3295,2,Disappointed with the purchase.,2025-01-06
3485,1315,547,1,"Not as expected, quality is average.",2022-11-07
3486,1280,2651,3,"Product is okay, does the job.",2020-02-05
3487,3028,1449,4,"Superb product, exceeded expectations.",2022-05-10
3488,145,2676,1,Product stopped working after a week.,2025-09-19
3489,6,3947,5,"Works perfectly, no issues so far.",2024-05-31
3490,1981,1960,3,Decent product for daily use.,2023-02-11
3491,1308,2258,2,"Not as expected, quality is average.",2022-07-10
3492,1711,3742,5,Fast delivery and great packaging.,2022-09-01
3493,3676,2741,2,Packaging was damaged on arrival.,2025-07-16
3494,4925,3092,4,Fast delivery and great packaging.,2022-08-16
3495,1306,2498,4,"Exactly as described, satisfied.",2020-04-30
3496,4921,1024,3,Decent product for daily use.,2025-12-30
3497,1217,4121,4,Very good quality for the price.,2022-07-15
3498,4057,533,1,Poor quality material used.,2021-01-10
3499,2229,4303,5,"Works perfectly, no issues so far.",2025-02-23
3500,2570,1562,2,Not worth the price.,2024-12-15
3501,1083,3680,2,Delivery was delayed by many days.,2023-08-04
3502,2987,1047,1,Packaging was damaged on arrival.,2026-08-01
3503,931,1048,3,"It's fine, nothing special.",2022-07-24
3504,1215,428,5,Very good quality for the price.,2025-03-12
3505,1464,1807,5,"Works perfectly, no issues so far.",2022-02-25
3506,3327,2314,5,"Great build quality, will buy again.",2021-11-13
3507,1345,1769,3,Average experience overall.,2020-11-13
3508,783,2264,4,"Works perfectly, no issues so far.",2022-12-27
3509,829,2108,2,Poor quality material used.,2021-04-29
3510,4881,4336,3,"Product is okay, does the job.",2022-06-05
3511,4534,2537,3,"Product is okay, does the job.",2025-09-05
3512,1247,4856,2,Disappointed with the purchase.,2022-02-21
3513,2080,4713,2,Not worth the price.,2022-03-23
3514,2213,3267,4,Amazing value for money.,2022-05-08
3515,3909,534,2,Poor quality material used.,2023-08-28
3516,1286,2830,1,"Not as expected, quality is average.",2025-02-25
3517,2861,1548,5,"Great build quality, will buy again.",2023-01-27
3518,1215,1568,2,Packaging was damaged on arrival.,2022-04-05
3519,14,1295,4,"Works perfectly, no issues so far.",2021-05-21
3520,3696,36,5,Amazing value for money.,2023-12-18
3521,3449,192,2,Packaging was damaged on arrival.,2024-03-16
3522,2977,2329,5,Amazing value for money.,2024-05-15
3523,2561,4402,1,Item received was different from the picture.,2022-10-11
3524,488,3538,2,Item received was different from the picture.,2022-12-05
3525,3108,1129,2,Not worth the price.,2022-01-31
3526,4108,1437,2,Delivery was delayed by many days.,2026-02-16
3527,1963,4669,1,Product stopped working after a week.,2025-12-30
3528,4625,721,3,Decent product for daily use.,2024-06-05
3529,3228,3857,4,"Excellent product, highly recommend!",2025-12-15
3530,993,49,4,"Great build quality, will buy again.",2025-08-21
3531,2276,225,5,"Great build quality, will buy again.",2020-01-28
3532,456,1163,1,Packaging was damaged on arrival.,2024-05-22
3533,4738,424,5,"Works perfectly, no issues so far.",2024-09-30
3534,190,3661,4,Amazing value for money.,2022-11-23
3535,1149,2053,2,"Not as expected, quality is average.",2021-01-22
3536,904,2552,1,Delivery was delayed by many days.,2023-11-14
3537,4105,1810,1,Product stopped working after a week.,2023-02-19
3538,4966,2357,2,Disappointed with the purchase.,2021-04-09
3539,4944,2734,3,"Product is okay, does the job.",2022-08-23
3540,882,2658,5,"Excellent product, highly recommend!",2023-05-16
3541,434,3842,3,"Product is okay, does the job.",2022-07-11
3542,2738,3638,1,"Not as expected, quality is average.",2022-07-02
3543,4809,1842,2,"Not as expected, quality is average.",2023-01-28
3544,1757,1386,4,"Exactly as described, satisfied.",2020-03-31
3545,3996,3325,2,Packaging was damaged on arrival.,2026-05-09
3546,2356,4348,4,"Superb product, exceeded expectations.",2022-08-27
3547,509,1941,2,Poor quality material used.,2023-01-04
3548,1885,1107,4,Very good quality for the price.,2020-01-07
3549,4666,846,2,Not worth the price.,2024-02-05
3550,2886,4486,1,Item received was different from the picture.,2024-04-24
3551,2604,3866,3,Average experience overall.,2025-05-11
3552,1028,4102,4,Fast delivery and great packaging.,2023-09-06
3553,4338,3533,2,Item received was different from the picture.,2026-07-13
3554,2422,847,5,"Exactly as described, satisfied.",2020-06-12
3555,4538,3320,3,"Product is okay, does the job.",2022-09-07
3556,1499,4911,2,Item received was different from the picture.,2023-10-15
3557,4849,3653,4,Very good quality for the price.,2025-04-15
3558,3389,934,1,"Not as expected, quality is average.",2026-08-01
3559,276,2295,5,"Exactly as described, satisfied.",2025-04-14
3560,1684,1782,4,"Exactly as described, satisfied.",2023-11-21
3561,886,3343,2,Item received was different from the picture.,2024-04-02
3562,4811,2303,2,"Not as expected, quality is average.",2023-12-06
3563,1157,1249,1,Item received was different from the picture.,2020-09-02
3564,3777,195,5,"Exactly as described, satisfied.",2021-10-18
3565,3565,1923,5,"Superb product, exceeded expectations.",2022-03-04
3566,975,1323,4,"Works perfectly, no issues so far.",2026-01-03
3567,3659,2404,4,"Superb product, exceeded expectations.",2026-07-17
3568,1350,2664,4,Very good quality for the price.,2025-05-18
3569,2648,219,3,"It's fine, nothing special.",2021-09-10
3570,3038,765,2,"Not as expected, quality is average.",2025-08-10
3571,2325,4542,3,Decent product for daily use.,2023-07-03
3572,2562,1042,4,"Excellent product, highly recommend!",2025-11-03
3573,3865,2083,2,Packaging was damaged on arrival.,2023-12-27
3574,721,4167,5,Very good quality for the price.,2020-03-27
3575,3354,1260,1,Not worth the price.,2022-09-19
3576,3982,4853,3,Decent product for daily use.,2021-07-10
3577,2412,4485,3,Decent product for daily use.,2023-03-02
3578,2465,4981,3,"It's fine, nothing special.",2024-04-06
3579,1068,1723,4,"Works perfectly, no issues so far.",2020-10-26
3580,2886,3922,1,Packaging was damaged on arrival.,2021-03-30
3581,2921,3072,3,"It's fine, nothing special.",2025-12-27
3582,1549,2158,3,Decent product for daily use.,2023-06-12
3583,3173,4,4,Fast delivery and great packaging.,2024-01-09
3584,3163,523,2,Item received was different from the picture.,2022-01-06
3585,1396,590,5,"Exactly as described, satisfied.",2020-07-01
3586,2891,4626,1,Not worth the price.,2025-10-07
3587,4274,885,2,Disappointed with the purchase.,2025-04-01
3588,1065,779,1,Not worth the price.,2020-11-12
3589,4957,1230,3,Decent product for daily use.,2021-05-30
3590,2658,1220,5,Amazing value for money.,2020-07-28
3591,3260,3493,3,"It's fine, nothing special.",2024-03-20
3592,2875,2170,2,Not worth the price.,2023-06-05
3593,4619,3485,1,Poor quality material used.,2025-09-03
3594,2500,1871,3,"It's fine, nothing special.",2025-02-12
3595,3249,1030,3,"It's fine, nothing special.",2020-07-12
3596,998,4225,2,Delivery was delayed by many days.,2025-10-19
3597,715,2702,2,Packaging was damaged on arrival.,2026-08-05
3598,3240,764,4,"Exactly as described, satisfied.",2023-07-19
3599,2631,4611,2,Disappointed with the purchase.,2024-06-03
3600,585,1035,1,Item received was different from the picture.,2024-05-20
3601,3114,4189,5,Very good quality for the price.,2023-08-03
3602,104,2760,5,"Works perfectly, no issues so far.",2021-07-21
3603,2331,3489,2,Item received was different from the picture.,2025-12-03
3604,1426,1817,2,Product stopped working after a week.,2022-03-14
3605,2168,2664,1,Item received was different from the picture.,2025-01-09
3606,1904,3244,5,"Works perfectly, no issues so far.",2021-01-12
3607,662,2399,4,"Works perfectly, no issues so far.",2021-06-18
3608,3535,122,1,Product stopped working after a week.,2020-02-18
3609,2670,928,1,Product stopped working after a week.,2025-05-10
3610,1787,4971,1,Disappointed with the purchase.,2024-09-13
3611,2518,3460,5,"Excellent product, highly recommend!",2020-06-30
3612,4288,2872,1,Product stopped working after a week.,2021-07-20
3613,2339,1452,2,Disappointed with the purchase.,2022-03-24
3614,2982,3160,4,Amazing value for money.,2023-05-07
3615,4985,3563,2,Packaging was damaged on arrival.,2023-11-04
3616,2824,2327,3,"It's fine, nothing special.",2026-01-09
3617,620,387,3,Decent product for daily use.,2024-04-05
3618,4127,1776,4,"Superb product, exceeded expectations.",2021-09-11
3619,494,1888,3,"It's fine, nothing special.",2026-04-24
3620,435,1315,1,Delivery was delayed by many days.,2022-10-15
3621,465,4856,3,Average experience overall.,2025-04-03
3622,4500,2338,1,"Not as expected, quality is average.",2022-04-24
3623,818,2266,5,Very good quality for the price.,2023-06-04
3624,393,2748,1,Not worth the price.,2022-06-04
3625,1605,4957,1,Delivery was delayed by many days.,2024-03-01
3626,1479,587,2,Product stopped working after a week.,2026-03-25
3627,511,3057,5,"Works perfectly, no issues so far.",2025-04-01
3628,532,4479,3,"Product is okay, does the job.",2021-05-18
3629,2371,253,1,Packaging was damaged on arrival.,2020-10-04
3630,2180,878,3,"Product is okay, does the job.",2024-03-19
3631,1329,1444,3,Decent product for daily use.,2025-08-07
3632,2449,2027,5,Very good quality for the price.,2026-06-26
3633,1447,2787,4,"Superb product, exceeded expectations.",2022-02-04
3634,4355,1716,4,"Superb product, exceeded expectations.",2024-05-11
3635,3027,105,1,Delivery was delayed by many days.,2020-06-02
3636,2369,281,5,Fast delivery and great packaging.,2021-06-18
3637,3541,289,3,Average experience overall.,2022-02-07
3638,1274,3417,1,"Not as expected, quality is average.",2020-05-03
3639,2678,1328,2,Not worth the price.,2024-02-27
3640,3245,4309,1,Not worth the price.,2024-10-04
3641,3619,593,3,Average experience overall.,2022-05-23
3642,91,2630,2,Packaging was damaged on arrival.,2026-01-10
3643,3313,4818,5,"Excellent product, highly recommend!",2020-11-03
3644,842,3384,4,Fast delivery and great packaging.,2026-06-11
3645,3161,70,3,"It's fine, nothing special.",2021-03-28
3646,3893,2920,4,Very good quality for the price.,2025-03-12
3647,1752,2323,2,Disappointed with the purchase.,2022-06-14
3648,1890,4869,4,"Works perfectly, no issues so far.",2026-02-10
3649,4879,874,4,Very good quality for the price.,2023-07-18
3650,1992,1038,2,Poor quality material used.,2023-06-25
3651,3889,1357,1,Delivery was delayed by many days.,2020-12-14
3652,4672,3245,3,"It's fine, nothing special.",2022-02-17
3653,3293,3994,4,Amazing value for money.,2022-11-27
3654,4228,3192,5,Amazing value for money.,2025-04-19
3655,4992,2094,1,"Not as expected, quality is average.",2021-11-08
3656,1907,607,3,Average experience overall.,2024-10-04
3657,608,2093,3,Average experience overall.,2023-07-29
3658,1664,1234,1,Item received was different from the picture.,2020-07-28
3659,1482,1400,5,Amazing value for money.,2020-01-30
3660,2788,1612,1,Delivery was delayed by many days.,2020-10-12
3661,422,1487,2,Poor quality material used.,2026-03-04
3662,2821,4483,5,"Great build quality, will buy again.",2020-10-15
3663,38,428,5,"Great build quality, will buy again.",2020-06-14
3664,1762,1691,1,Delivery was delayed by many days.,2024-05-06
3665,1340,3971,3,"Product is okay, does the job.",2022-12-02
3666,736,1032,2,"Not as expected, quality is average.",2022-11-25
3667,4399,3757,5,Fast delivery and great packaging.,2024-10-24
3668,4501,4888,2,"Not as expected, quality is average.",2023-06-12
3669,1287,383,5,Amazing value for money.,2020-04-20
3670,1889,644,2,Product stopped working after a week.,2022-09-15
3671,1769,1195,4,Amazing value for money.,2023-08-18
3672,2004,1723,5,"Exactly as described, satisfied.",2026-03-03
3673,1661,955,5,"Works perfectly, no issues so far.",2021-08-17
3674,1216,635,1,Product stopped working after a week.,2022-05-12
3675,3762,1175,5,"Excellent product, highly recommend!",2025-02-15
3676,1525,2148,4,"Excellent product, highly recommend!",2025-08-29
3677,839,4090,1,Item received was different from the picture.,2020-06-17
3678,1172,4655,3,"Product is okay, does the job.",2021-07-18
3679,3646,1652,5,Very good quality for the price.,2020-02-21
3680,1969,3390,5,"Exactly as described, satisfied.",2025-11-19
3681,2786,1625,4,"Great build quality, will buy again.",2022-11-22
3682,740,4224,1,"Not as expected, quality is average.",2020-08-31
3683,4316,4998,1,Item received was different from the picture.,2026-02-14
3684,4301,281,2,Disappointed with the purchase.,2026-07-15
3685,497,4176,2,"Not as expected, quality is average.",2024-09-20
3686,1713,3701,1,Product stopped working after a week.,2021-05-07
3687,4638,2084,3,Decent product for daily use.,2022-03-27
3688,4086,2513,2,Delivery was delayed by many days.,2021-10-18
3689,1318,379,1,Packaging was damaged on arrival.,2024-01-22
3690,3620,343,3,Decent product for daily use.,2022-12-11
3691,2126,4234,2,Not worth the price.,2020-10-30
3692,1796,4226,1,Product stopped working after a week.,2025-02-16
3693,3371,689,3,Decent product for daily use.,2021-03-11
3694,339,2577,4,"Superb product, exceeded expectations.",2026-02-25
3695,3142,1189,3,Decent product for daily use.,2023-09-15
3696,107,4776,2,Poor quality material used.,2022-09-14
3697,3378,314,4,"Superb product, exceeded expectations.",2023-09-26
3698,4917,4206,5,Very good quality for the price.,2020-01-20
3699,147,3402,2,Item received was different from the picture.,2025-05-26
3700,1465,3670,4,"Exactly as described, satisfied.",2025-09-18
3701,3753,1445,5,"Great build quality, will buy again.",2026-05-26
3702,2349,1414,3,"It's fine, nothing special.",2026-04-09
3703,2214,2079,4,Amazing value for money.,2023-07-15
3704,257,2813,2,Packaging was damaged on arrival.,2022-02-22
3705,786,1087,5,"Great build quality, will buy again.",2025-03-19
3706,825,279,4,Fast delivery and great packaging.,2021-09-13
3707,4055,981,4,Very good quality for the price.,2022-03-26
3708,1107,1884,4,Fast delivery and great packaging.,2021-07-27
3709,4495,3165,4,"Great build quality, will buy again.",2025-11-18
3710,1224,4464,2,Item received was different from the picture.,2023-05-24
3711,1267,4320,2,Not worth the price.,2024-01-11
3712,4219,640,1,Item received was different from the picture.,2022-12-13
3713,4171,234,5,Amazing value for money.,2024-10-22
3714,2500,1386,5,"Works perfectly, no issues so far.",2020-11-26
3715,4490,2807,3,Average experience overall.,2021-09-27
3716,4345,3938,4,"Exactly as described, satisfied.",2026-05-20
3717,2379,4896,2,Disappointed with the purchase.,2025-01-31
3718,4757,2475,4,"Superb product, exceeded expectations.",2024-07-31
3719,3511,421,1,Product stopped working after a week.,2021-04-24
3720,1346,2735,1,Disappointed with the purchase.,2022-08-31
3721,2614,57,5,"Works perfectly, no issues so far.",2020-01-24
3722,3856,1025,2,Delivery was delayed by many days.,2024-03-29
3723,3412,2291,1,Poor quality material used.,2025-04-03
3724,1081,3656,5,Fast delivery and great packaging.,2020-11-08
3725,2362,3017,5,"Works perfectly, no issues so far.",2021-05-09
3726,1796,1082,5,Amazing value for money.,2026-01-22
3727,644,1466,5,"Exactly as described, satisfied.",2020-03-28
3728,2389,4854,5,"Great build quality, will buy again.",2023-05-05
3729,1658,1902,5,Amazing value for money.,2026-06-18
3730,965,3408,5,"Exactly as described, satisfied.",2025-05-23
3731,628,4556,5,"Superb product, exceeded expectations.",2023-08-06
3732,3764,4673,3,Decent product for daily use.,2026-05-08
3733,4555,3773,4,"Works perfectly, no issues so far.",2025-01-28
3734,4940,3666,1,Disappointed with the purchase.,2024-01-04
3735,4650,4840,2,Not worth the price.,2022-04-30
3736,3263,3684,1,Packaging was damaged on arrival.,2021-12-26
3737,2170,4079,5,"Superb product, exceeded expectations.",2025-10-16
3738,2434,4632,5,"Great build quality, will buy again.",2022-01-13
3739,1402,3099,1,Product stopped working after a week.,2021-07-04
3740,1349,1145,3,Average experience overall.,2025-05-31
3741,3324,1011,4,"Exactly as described, satisfied.",2025-12-13
3742,4337,3082,2,Poor quality material used.,2025-04-01
3743,1316,2301,5,"Exactly as described, satisfied.",2020-03-20
3744,2662,256,4,"Great build quality, will buy again.",2021-07-20
3745,918,1409,5,"Superb product, exceeded expectations.",2025-04-19
3746,2556,131,4,Very good quality for the price.,2021-04-28
3747,1644,2779,4,"Works perfectly, no issues so far.",2026-07-02
3748,2757,84,1,Item received was different from the picture.,2023-11-08
3749,4609,2487,2,Poor quality material used.,2025-04-07
3750,351,1526,4,"Great build quality, will buy again.",2021-12-27
3751,644,3293,2,Delivery was delayed by many days.,2020-08-11
3752,2630,1035,4,"Works perfectly, no issues so far.",2026-01-18
3753,3875,4695,2,Packaging was damaged on arrival.,2023-09-22
3754,1501,4114,3,Average experience overall.,2024-06-15
3755,3492,2455,4,"Works perfectly, no issues so far.",2020-03-24
3756,2632,3794,1,Disappointed with the purchase.,2023-01-06
3757,4641,1597,3,"It's fine, nothing special.",2026-03-18
3758,717,2425,3,Average experience overall.,2026-04-01
3759,4259,3355,1,Product stopped working after a week.,2024-06-11
3760,2010,2214,1,Not worth the price.,2020-02-22
3761,686,3323,2,Not worth the price.,2021-09-13
3762,225,4970,5,Amazing value for money.,2022-11-11
3763,927,649,2,Not worth the price.,2024-11-19
3764,3844,1848,1,Packaging was damaged on arrival.,2026-03-31
3765,2372,1802,5,"Works perfectly, no issues so far.",2022-10-08
3766,4415,2686,2,"Not as expected, quality is average.",2022-08-25
3767,646,447,3,"Product is okay, does the job.",2020-05-14
3768,1336,4659,1,Product stopped working after a week.,2023-06-11
3769,3709,2359,4,"Works perfectly, no issues so far.",2021-06-28
3770,3507,2522,5,"Superb product, exceeded expectations.",2021-09-15
3771,785,2984,1,Item received was different from the picture.,2023-12-08
3772,1158,2450,1,Item received was different from the picture.,2024-06-27
3773,154,2589,4,Fast delivery and great packaging.,2023-05-20
3774,3303,468,2,Product stopped working after a week.,2024-04-27
3775,2133,4153,3,"It's fine, nothing special.",2022-08-09
3776,2585,4808,1,Delivery was delayed by many days.,2020-06-13
3777,4568,4358,1,Poor quality material used.,2023-12-22
3778,2926,3262,5,Amazing value for money.,2020-10-26
3779,2510,3014,3,Decent product for daily use.,2023-11-23
3780,811,581,1,Packaging was damaged on arrival.,2020-07-16
3781,2217,1547,1,Delivery was delayed by many days.,2021-04-13
3782,2005,3669,5,Amazing value for money.,2024-05-28
3783,4478,2373,1,Product stopped working after a week.,2026-06-24
3784,2095,55,1,Not worth the price.,2023-11-09
3785,1991,3458,1,Product stopped working after a week.,2020-07-09
3786,3020,3469,1,Delivery was delayed by many days.,2022-11-12
3787,3147,839,2,Not worth the price.,2026-04-04
3788,3354,3048,1,Disappointed with the purchase.,2025-01-30
3789,2532,4207,3,"Product is okay, does the job.",2025-01-02
3790,918,1630,1,Delivery was delayed by many days.,2026-04-20
3791,2759,4002,2,Packaging was damaged on arrival.,2020-05-15
3792,43,2099,1,"Not as expected, quality is average.",2021-03-24
3793,2728,1509,1,Delivery was delayed by many days.,2020-04-09
3794,2980,2561,3,Average experience overall.,2021-10-09
3795,2708,1995,2,Poor quality material used.,2021-06-17
3796,1696,2054,4,"Superb product, exceeded expectations.",2024-06-16
3797,2753,1133,3,Average experience overall.,2023-11-02
3798,2709,3937,2,Disappointed with the purchase.,2026-07-02
3799,4405,411,4,Fast delivery and great packaging.,2020-03-19
3800,3947,770,1,Delivery was delayed by many days.,2020-08-23
3801,2605,366,3,"Product is okay, does the job.",2022-11-02
3802,4328,635,2,Not worth the price.,2024-02-22
3803,3372,1346,3,"It's fine, nothing special.",2025-02-27
3804,2298,509,1,"Not as expected, quality is average.",2021-03-02
3805,4690,1904,1,Product stopped working after a week.,2023-11-21
3806,3213,1985,5,"Works perfectly, no issues so far.",2022-12-07
3807,3757,2333,1,Disappointed with the purchase.,2025-08-06
3808,1509,3418,3,"Product is okay, does the job.",2020-02-25
3809,1656,3323,3,"It's fine, nothing special.",2023-08-07
3810,1130,3444,4,"Exactly as described, satisfied.",2023-03-20
3811,3228,4059,4,Fast delivery and great packaging.,2022-02-27
3812,2911,4283,5,"Excellent product, highly recommend!",2025-09-20
3813,2386,3399,1,Delivery was delayed by many days.,2024-12-03
3814,2348,635,4,Fast delivery and great packaging.,2024-06-22
3815,1335,1961,3,Average experience overall.,2020-07-30
3816,1814,1822,1,Poor quality material used.,2021-09-16
3817,2889,1802,4,"Superb product, exceeded expectations.",2020-11-07
3818,1114,1853,1,Item received was different from the picture.,2020-09-15
3819,258,3116,5,Fast delivery and great packaging.,2024-07-24
3820,1845,1611,1,Disappointed with the purchase.,2021-09-08
3821,2411,602,5,Amazing value for money.,2024-12-20
3822,328,3886,1,Disappointed with the purchase.,2022-10-16
3823,2935,140,2,Packaging was damaged on arrival.,2021-03-20
3824,2855,1802,1,Not worth the price.,2024-01-05
3825,2626,4287,4,Amazing value for money.,2020-04-09
3826,877,1791,5,"Works perfectly, no issues so far.",2021-02-24
3827,3307,4141,3,"It's fine, nothing special.",2026-01-15
3828,425,279,1,Delivery was delayed by many days.,2021-02-18
3829,4181,2149,4,Amazing value for money.,2020-04-16
3830,1325,4232,2,Item received was different from the picture.,2022-10-19
3831,3676,472,1,Disappointed with the purchase.,2022-06-15
3832,3593,36,3,"Product is okay, does the job.",2023-04-24
3833,1449,2019,2,Not worth the price.,2024-12-05
3834,3870,2566,3,Average experience overall.,2025-02-19
3835,4128,2280,2,Product stopped working after a week.,2022-03-03
3836,1842,3812,4,"Exactly as described, satisfied.",2022-11-13
3837,563,4038,1,Item received was different from the picture.,2021-08-01
3838,4704,1656,1,"Not as expected, quality is average.",2021-06-16
3839,1161,2865,2,"Not as expected, quality is average.",2021-03-27
3840,2939,3260,2,Disappointed with the purchase.,2021-07-26
3841,1481,4701,3,Decent product for daily use.,2024-07-17
3842,1386,4271,4,Very good quality for the price.,2021-04-11
3843,2746,443,1,Not worth the price.,2024-05-28
3844,2792,3133,1,Packaging was damaged on arrival.,2020-10-05
3845,1007,2991,4,"Exactly as described, satisfied.",2024-04-23
3846,4145,4553,3,Decent product for daily use.,2024-04-03
3847,2229,4214,2,Product stopped working after a week.,2026-07-03
3848,3068,1982,1,Poor quality material used.,2025-02-24
3849,1848,4237,4,Very good quality for the price.,2022-05-23
3850,600,1522,4,"Excellent product, highly recommend!",2025-05-05
3851,4008,2773,4,Fast delivery and great packaging.,2023-08-10
3852,261,3073,3,Decent product for daily use.,2025-08-22
3853,596,2125,2,Poor quality material used.,2022-04-18
3854,1022,4530,4,"Exactly as described, satisfied.",2021-03-12
3855,259,1260,3,"Product is okay, does the job.",2022-02-21
3856,1451,456,4,"Superb product, exceeded expectations.",2023-12-28
3857,3837,2869,1,Packaging was damaged on arrival.,2022-04-10
3858,4268,2210,4,"Exactly as described, satisfied.",2025-08-07
3859,2743,2158,3,Average experience overall.,2024-05-20
3860,3487,806,4,Amazing value for money.,2025-06-28
3861,1514,3869,5,Fast delivery and great packaging.,2023-09-24
3862,343,4497,4,Very good quality for the price.,2022-11-11
3863,1478,2570,2,"Not as expected, quality is average.",2025-12-11
3864,39,1160,4,"Works perfectly, no issues so far.",2025-12-26
3865,766,795,2,Poor quality material used.,2020-01-11
3866,1100,4539,4,Very good quality for the price.,2026-01-16
3867,99,4590,5,"Superb product, exceeded expectations.",2024-11-21
3868,4143,3901,1,Not worth the price.,2022-12-12
3869,1300,3562,2,Item received was different from the picture.,2020-10-05
3870,2889,4686,1,Delivery was delayed by many days.,2022-04-27
3871,1105,1001,1,Poor quality material used.,2022-01-11
3872,2033,4935,2,Delivery was delayed by many days.,2026-04-23
3873,1782,3392,2,Disappointed with the purchase.,2022-12-24
3874,3087,4973,3,Average experience overall.,2022-09-21
3875,3058,259,1,Disappointed with the purchase.,2025-02-07
3876,1024,12,2,Not worth the price.,2024-06-13
3877,1080,4170,1,Packaging was damaged on arrival.,2021-06-03
3878,3179,1629,5,"Great build quality, will buy again.",2024-04-23
3879,1740,168,5,"Superb product, exceeded expectations.",2020-12-18
3880,2831,1459,1,Packaging was damaged on arrival.,2022-08-16
3881,3928,4971,3,"It's fine, nothing special.",2024-11-26
3882,450,2405,3,Decent product for daily use.,2025-12-18
3883,3337,3763,3,"Product is okay, does the job.",2022-06-14
3884,247,3082,2,Product stopped working after a week.,2021-07-29
3885,2323,3076,4,"Great build quality, will buy again.",2022-06-08
3886,1120,3016,5,Amazing value for money.,2024-10-20
3887,3762,2104,3,Average experience overall.,2021-02-27
3888,885,1027,5,"Exactly as described, satisfied.",2025-07-14
3889,847,85,4,"Works perfectly, no issues so far.",2023-07-20
3890,4306,2845,1,Not worth the price.,2021-06-23
3891,2031,2375,1,Item received was different from the picture.,2025-06-02
3892,1774,2952,1,"Not as expected, quality is average.",2021-06-22
3893,2211,1542,1,Delivery was delayed by many days.,2021-05-22
3894,2138,3274,1,Packaging was damaged on arrival.,2023-05-31
3895,2426,1285,3,"It's fine, nothing special.",2025-01-24
3896,4412,1423,3,"Product is okay, does the job.",2025-12-07
3897,2229,1836,5,"Excellent product, highly recommend!",2025-09-28
3898,4817,1554,2,Item received was different from the picture.,2024-08-03
3899,630,1859,5,"Excellent product, highly recommend!",2021-04-21
3900,2248,1540,3,Decent product for daily use.,2020-02-19
3901,1910,45,2,Delivery was delayed by many days.,2021-01-29
3902,499,2470,3,"Product is okay, does the job.",2022-04-02
3903,3437,1383,4,"Exactly as described, satisfied.",2021-02-01
3904,4344,904,4,"Superb product, exceeded expectations.",2024-03-10
3905,2366,4623,2,Delivery was delayed by many days.,2024-11-15
3906,2165,2852,5,"Exactly as described, satisfied.",2024-04-02
3907,2602,2043,2,Not worth the price.,2022-08-27
3908,3040,3667,4,Fast delivery and great packaging.,2020-05-22
3909,2846,2449,5,Very good quality for the price.,2024-09-21
3910,4744,2440,2,"Not as expected, quality is average.",2022-06-26
3911,4055,273,2,Product stopped working after a week.,2023-02-15
3912,3945,325,2,"Not as expected, quality is average.",2025-11-15
3913,4885,4248,1,Not worth the price.,2020-06-15
3914,3143,618,5,"Works perfectly, no issues so far.",2020-07-11
3915,3877,2712,3,"It's fine, nothing special.",2021-01-21
3916,3584,3980,1,Product stopped working after a week.,2026-07-27
3917,3489,554,1,"Not as expected, quality is average.",2024-05-17
3918,2415,2810,4,"Works perfectly, no issues so far.",2022-08-06
3919,4550,438,2,Poor quality material used.,2023-10-31
3920,3830,4827,4,"Exactly as described, satisfied.",2025-05-28
3921,580,2102,2,Product stopped working after a week.,2023-12-02
3922,836,2314,4,"Exactly as described, satisfied.",2020-05-25
3923,3660,3102,1,Not worth the price.,2022-12-05
3924,292,4312,2,Not worth the price.,2024-08-12
3925,655,1478,1,"Not as expected, quality is average.",2021-09-01
3926,232,216,4,Amazing value for money.,2024-11-11
3927,3644,310,5,"Works perfectly, no issues so far.",2021-02-18
3928,3523,3533,5,"Great build quality, will buy again.",2025-07-27
3929,4814,920,1,Product stopped working after a week.,2022-03-19
3930,1866,3242,3,Decent product for daily use.,2024-06-24
3931,8,4764,3,"Product is okay, does the job.",2024-08-08
3932,3672,3023,3,Decent product for daily use.,2026-06-13
3933,4122,2418,2,Delivery was delayed by many days.,2023-07-27
3934,19,4427,4,"Excellent product, highly recommend!",2022-02-15
3935,156,2753,3,Average experience overall.,2026-01-03
3936,3850,3134,5,"Exactly as described, satisfied.",2022-06-24
3937,2676,3045,5,Very good quality for the price.,2020-12-13
3938,3102,3287,5,"Exactly as described, satisfied.",2022-09-25
3939,2078,2406,3,Decent product for daily use.,2023-10-08
3940,902,3956,2,Item received was different from the picture.,2021-11-02
3941,4531,4192,5,Fast delivery and great packaging.,2021-07-14
3942,4715,3733,3,Decent product for daily use.,2025-12-28
3943,1366,4475,4,Very good quality for the price.,2022-02-06
3944,2460,1394,5,Very good quality for the price.,2026-06-10
3945,3323,3716,5,"Great build quality, will buy again.",2020-12-31
3946,4800,1265,2,Poor quality material used.,2025-02-04
3947,3352,3602,5,"Superb product, exceeded expectations.",2022-02-16
3948,1585,4423,5,"Exactly as described, satisfied.",2021-06-07
3949,2333,3877,2,Product stopped working after a week.,2026-03-22
3950,497,164,2,Not worth the price.,2020-06-03
3951,2055,720,1,Delivery was delayed by many days.,2025-06-27
3952,512,947,5,Very good quality for the price.,2022-07-13
3953,3516,1182,3,Average experience overall.,2020-11-13
3954,4250,992,2,"Not as expected, quality is average.",2025-03-03
3955,3096,2711,1,Packaging was damaged on arrival.,2023-12-25
3956,2469,2331,3,"It's fine, nothing special.",2024-11-14
3957,2798,1220,3,Average experience overall.,2025-02-03
3958,2781,4598,3,"Product is okay, does the job.",2025-04-21
3959,3683,2975,4,"Excellent product, highly recommend!",2026-01-13
3960,4958,2194,4,Amazing value for money.,2023-05-24
3961,210,3415,1,Item received was different from the picture.,2025-01-22
3962,1514,2449,3,"It's fine, nothing special.",2025-03-18
3963,4768,2164,5,"Superb product, exceeded expectations.",2021-01-22
3964,4123,4338,2,Poor quality material used.,2025-09-22
3965,1307,196,2,Product stopped working after a week.,2022-10-17
3966,319,1404,4,"Works perfectly, no issues so far.",2022-04-25
3967,2332,4651,5,Very good quality for the price.,2022-04-09
3968,4878,463,5,"Superb product, exceeded expectations.",2020-07-05
3969,1512,2867,2,Not worth the price.,2021-12-03
3970,868,3424,4,Fast delivery and great packaging.,2021-08-09
3971,3500,3443,5,Fast delivery and great packaging.,2025-02-18
3972,2997,4100,3,"It's fine, nothing special.",2023-08-15
3973,811,945,1,Poor quality material used.,2025-01-10
3974,4538,1924,1,Product stopped working after a week.,2025-05-14
3975,1044,4604,3,Decent product for daily use.,2022-12-28
3976,4080,2227,3,"Product is okay, does the job.",2021-11-08
3977,2363,4953,2,Disappointed with the purchase.,2026-01-05
3978,2129,3905,2,Delivery was delayed by many days.,2023-02-09
3979,4752,4275,2,Not worth the price.,2025-01-10
3980,1714,1885,5,"Superb product, exceeded expectations.",2020-08-27
3981,503,4450,5,"Superb product, exceeded expectations.",2023-06-06
3982,3736,1991,1,Item received was different from the picture.,2020-08-07
3983,1298,168,4,Fast delivery and great packaging.,2023-11-04
3984,4525,2256,5,"Works perfectly, no issues so far.",2025-08-05
3985,1683,1374,2,Delivery was delayed by many days.,2025-06-22
3986,4765,3987,4,"Great build quality, will buy again.",2023-03-31
3987,3960,2553,4,Very good quality for the price.,2020-11-29
3988,3003,3911,2,Not worth the price.,2024-04-22
3989,4357,361,2,Poor quality material used.,2025-03-28
3990,478,624,5,"Works perfectly, no issues so far.",2023-10-14
3991,1361,778,3,"It's fine, nothing special.",2021-02-17
3992,1494,4827,5,"Works perfectly, no issues so far.",2023-05-09
3993,751,2616,5,"Works perfectly, no issues so far.",2020-02-10
3994,4624,2549,5,Amazing value for money.,2020-08-30
3995,3476,315,2,"Not as expected, quality is average.",2021-05-10
3996,3129,4037,3,Average experience overall.,2022-02-04
3997,1748,878,1,Poor quality material used.,2023-09-01
3998,4655,566,1,Packaging was damaged on arrival.,2023-05-24
3999,3566,3424,2,"Not as expected, quality is average.",2024-05-12
4000,524,3678,3,"It's fine, nothing special.",2025-05-12
4001,2169,1369,4,"Superb product, exceeded expectations.",2024-01-28
4002,1524,3825,1,Poor quality material used.,2026-01-23
4003,3833,22,1,Item received was different from the picture.,2025-03-09
4004,4812,1533,3,"It's fine, nothing special.",2023-12-23
4005,1835,2578,1,Poor quality material used.,2023-04-25
4006,3763,4088,4,Very good quality for the price.,2025-05-16
4007,4529,785,1,"Not as expected, quality is average.",2024-05-18
4008,2629,337,4,Amazing value for money.,2026-06-06
4009,3059,1586,2,Delivery was delayed by many days.,2021-10-29
4010,1819,3806,4,"Great build quality, will buy again.",2026-07-31
4011,3130,4426,4,"Works perfectly, no issues so far.",2025-06-19
4012,1255,3495,1,Disappointed with the purchase.,2022-07-24
4013,2639,1099,3,"Product is okay, does the job.",2020-08-23
4014,4807,4905,3,Decent product for daily use.,2024-03-07
4015,88,1738,1,Item received was different from the picture.,2022-03-01
4016,3841,1967,5,Amazing value for money.,2022-07-31
4017,340,4693,5,"Exactly as described, satisfied.",2024-03-26
4018,1807,1144,1,Packaging was damaged on arrival.,2023-04-10
4019,733,1173,5,"Great build quality, will buy again.",2020-12-04
4020,582,1714,2,Packaging was damaged on arrival.,2022-01-10
4021,1725,3148,2,Item received was different from the picture.,2026-08-07
4022,3150,4093,2,Disappointed with the purchase.,2021-05-03
4023,921,740,1,Delivery was delayed by many days.,2023-09-04
4024,622,2299,5,Fast delivery and great packaging.,2023-10-30
4025,4633,2754,2,Disappointed with the purchase.,2022-05-08
4026,1589,2926,5,"Exactly as described, satisfied.",2025-12-08
4027,55,647,1,Not worth the price.,2023-12-12
4028,1004,3448,3,"Product is okay, does the job.",2023-09-26
4029,289,2658,3,"It's fine, nothing special.",2025-08-23
4030,422,3905,3,Average experience overall.,2023-10-28
4031,1415,413,2,Item received was different from the picture.,2020-10-30
4032,3191,2013,5,"Works perfectly, no issues so far.",2022-05-08
4033,1802,4753,2,Poor quality material used.,2022-01-30
4034,1841,932,4,"Superb product, exceeded expectations.",2024-06-27
4035,191,3960,1,"Not as expected, quality is average.",2025-10-31
4036,4305,1029,5,"Works perfectly, no issues so far.",2026-05-17
4037,4679,1422,2,Poor quality material used.,2026-04-30
4038,882,3930,3,Average experience overall.,2025-09-17
4039,770,53,4,"Great build quality, will buy again.",2023-05-16
4040,2769,4298,5,"Excellent product, highly recommend!",2021-05-10
4041,3857,2180,3,"It's fine, nothing special.",2025-02-15
4042,418,269,5,"Great build quality, will buy again.",2024-02-15
4043,1345,653,2,Packaging was damaged on arrival.,2023-12-30
4044,2359,4556,4,"Great build quality, will buy again.",2021-04-26
4045,2440,3508,2,Poor quality material used.,2026-04-30
4046,1476,1822,4,Very good quality for the price.,2021-07-30
4047,1603,3850,1,Disappointed with the purchase.,2022-10-25
4048,1605,2788,5,"Works perfectly, no issues so far.",2025-08-13
4049,826,4449,3,"It's fine, nothing special.",2025-02-21
4050,4462,4632,4,Amazing value for money.,2023-03-21
4051,3769,4405,4,"Great build quality, will buy again.",2025-12-27
4052,1039,3909,1,Packaging was damaged on arrival.,2024-12-07
4053,2929,1038,2,Disappointed with the purchase.,2022-01-03
4054,2862,1690,3,Decent product for daily use.,2026-06-25
4055,4865,2357,2,Packaging was damaged on arrival.,2023-04-04
4056,1279,462,1,"Not as expected, quality is average.",2022-12-29
4057,472,1018,5,"Exactly as described, satisfied.",2022-04-08
4058,2452,2033,2,Packaging was damaged on arrival.,2025-01-25
4059,2975,547,3,"It's fine, nothing special.",2023-07-16
4060,518,2874,1,Packaging was damaged on arrival.,2024-05-19
4061,1960,4230,1,Item received was different from the picture.,2023-11-13
4062,3826,2769,5,"Great build quality, will buy again.",2025-05-04
4063,208,1797,2,Poor quality material used.,2023-05-24
4064,191,2578,1,Packaging was damaged on arrival.,2025-07-15
4065,1550,1194,4,"Exactly as described, satisfied.",2025-03-21
4066,1512,1254,2,Disappointed with the purchase.,2022-08-24
4067,3764,3904,5,Fast delivery and great packaging.,2020-08-12
4068,4278,2515,2,Poor quality material used.,2023-04-29
4069,2353,2341,3,Average experience overall.,2021-11-07
4070,4334,2667,5,"Superb product, exceeded expectations.",2024-09-29
4071,4887,4357,2,Not worth the price.,2025-04-27
4072,1567,3976,2,Packaging was damaged on arrival.,2022-03-21
4073,4394,3505,1,Not worth the price.,2023-11-21
4074,2617,789,3,Average experience overall.,2024-05-28
4075,2481,1706,4,"Superb product, exceeded expectations.",2024-03-17
4076,1896,2647,2,Delivery was delayed by many days.,2022-04-07
4077,4954,2436,5,Amazing value for money.,2021-06-23
4078,4551,677,1,Disappointed with the purchase.,2025-12-20
4079,3345,2510,5,"Great build quality, will buy again.",2022-10-15
4080,4763,3308,3,"It's fine, nothing special.",2021-05-14
4081,4903,4549,5,Amazing value for money.,2022-11-15
4082,3746,808,5,Fast delivery and great packaging.,2024-08-03
4083,2879,4237,1,Delivery was delayed by many days.,2026-06-10
4084,3150,3182,5,Fast delivery and great packaging.,2021-05-22
4085,724,1248,2,Delivery was delayed by many days.,2022-11-13
4086,129,1685,3,Average experience overall.,2023-07-23
4087,2445,713,5,"Exactly as described, satisfied.",2025-10-01
4088,1444,4181,1,Not worth the price.,2026-02-19
4089,986,3781,5,"Exactly as described, satisfied.",2020-03-19
4090,2389,309,5,Very good quality for the price.,2021-03-14
4091,571,2761,1,Delivery was delayed by many days.,2024-02-16
4092,3534,18,2,Not worth the price.,2021-10-02
4093,1166,4520,1,Item received was different from the picture.,2026-06-23
4094,4136,3739,3,Decent product for daily use.,2021-10-15
4095,1243,2854,1,Packaging was damaged on arrival.,2022-09-04
4096,4963,3676,5,"Works perfectly, no issues so far.",2023-07-15
4097,1276,838,1,Not worth the price.,2023-03-08
4098,999,3815,4,"Works perfectly, no issues so far.",2024-05-09
4099,4801,4306,4,"Great build quality, will buy again.",2022-11-07
4100,4613,3938,2,Disappointed with the purchase.,2022-03-01
4101,4758,3485,2,"Not as expected, quality is average.",2022-09-15
4102,3448,1805,4,"Great build quality, will buy again.",2023-10-05
4103,1080,2373,3,Decent product for daily use.,2026-06-20
4104,4641,845,1,Item received was different from the picture.,2022-07-08
4105,4786,617,5,"Excellent product, highly recommend!",2026-02-03
4106,2269,2394,4,Fast delivery and great packaging.,2023-03-11
4107,4536,1983,2,"Not as expected, quality is average.",2022-04-08
4108,3075,2281,2,"Not as expected, quality is average.",2026-04-15
4109,3293,1425,2,Poor quality material used.,2020-03-07
4110,4499,2760,4,"Exactly as described, satisfied.",2025-09-25
4111,3891,1656,3,"It's fine, nothing special.",2023-01-19
4112,4299,4769,3,Decent product for daily use.,2021-03-26
4113,732,3815,5,Very good quality for the price.,2021-12-20
4114,3316,1813,5,"Excellent product, highly recommend!",2025-10-10
4115,2684,3129,4,"Excellent product, highly recommend!",2026-01-04
4116,4697,600,4,"Superb product, exceeded expectations.",2024-11-13
4117,4914,3867,1,"Not as expected, quality is average.",2024-03-23
4118,4016,4030,3,Decent product for daily use.,2025-05-13
4119,2758,496,2,Disappointed with the purchase.,2020-12-05
4120,4968,1331,3,"Product is okay, does the job.",2020-06-26
4121,4334,1335,5,Very good quality for the price.,2021-09-09
4122,1812,344,5,"Exactly as described, satisfied.",2022-10-19
4123,1955,1913,5,Fast delivery and great packaging.,2022-06-21
4124,1768,2032,4,"Great build quality, will buy again.",2023-10-30
4125,2710,3732,5,Fast delivery and great packaging.,2021-09-25
4126,2628,1102,1,Not worth the price.,2023-02-25
4127,3600,1631,2,Product stopped working after a week.,2020-01-07
4128,4314,2709,3,Average experience overall.,2024-11-06
4129,1123,2413,2,Product stopped working after a week.,2020-05-08
4130,335,1895,5,Very good quality for the price.,2024-12-15
4131,4101,2465,2,Product stopped working after a week.,2020-12-02
4132,3547,155,1,Not worth the price.,2022-12-11
4133,3494,3538,5,Fast delivery and great packaging.,2020-05-01
4134,2711,1216,2,Poor quality material used.,2021-11-10
4135,4338,1870,2,Poor quality material used.,2026-05-29
4136,1975,1714,1,Product stopped working after a week.,2024-07-30
4137,4405,1788,4,Very good quality for the price.,2023-05-17
4138,199,1896,4,Amazing value for money.,2020-05-16
4139,4288,4348,2,Delivery was delayed by many days.,2025-07-09
4140,4046,341,4,"Great build quality, will buy again.",2021-10-25
4141,998,2808,5,"Superb product, exceeded expectations.",2022-01-15
4142,4904,1193,1,"Not as expected, quality is average.",2022-08-16
4143,3243,11,3,Decent product for daily use.,2023-04-13
4144,1905,3253,3,Decent product for daily use.,2025-10-11
4145,4353,3236,1,Item received was different from the picture.,2022-07-11
4146,3646,4715,1,Disappointed with the purchase.,2023-10-18
4147,2125,268,2,Not worth the price.,2022-10-10
4148,4583,700,2,Not worth the price.,2022-09-21
4149,1470,2915,2,Poor quality material used.,2020-04-04
4150,4567,4299,1,Poor quality material used.,2020-12-02
4151,874,2836,5,"Works perfectly, no issues so far.",2021-11-22
4152,1192,2980,5,Very good quality for the price.,2024-10-25
4153,4352,14,5,Amazing value for money.,2025-11-06
4154,1333,2981,4,Fast delivery and great packaging.,2026-06-09
4155,2752,1778,5,"Excellent product, highly recommend!",2022-12-03
4156,656,4359,2,"Not as expected, quality is average.",2022-03-25
4157,1984,2079,1,"Not as expected, quality is average.",2023-09-19
4158,2876,898,5,"Works perfectly, no issues so far.",2025-10-01
4159,548,4422,1,Packaging was damaged on arrival.,2020-12-22
4160,4011,855,3,"Product is okay, does the job.",2021-12-26
4161,2037,4642,3,Average experience overall.,2021-04-07
4162,3220,4459,5,"Great build quality, will buy again.",2021-06-02
4163,666,2172,3,Average experience overall.,2020-01-31
4164,3691,2325,1,Not worth the price.,2021-11-17
4165,1836,4093,4,"Great build quality, will buy again.",2023-12-04
4166,3031,3086,5,"Excellent product, highly recommend!",2025-11-03
4167,1535,783,5,"Exactly as described, satisfied.",2025-07-27
4168,2762,2636,4,Fast delivery and great packaging.,2022-02-21
4169,567,504,2,Poor quality material used.,2023-03-19
4170,3154,4602,3,"It's fine, nothing special.",2025-08-17
4171,4159,2466,1,Item received was different from the picture.,2020-10-18
4172,3809,4733,5,"Excellent product, highly recommend!",2020-08-27
4173,3098,2819,3,"Product is okay, does the job.",2021-05-19
4174,579,3612,1,Packaging was damaged on arrival.,2021-07-22
4175,3309,1495,4,"Great build quality, will buy again.",2025-02-23
4176,1802,4032,1,Packaging was damaged on arrival.,2020-05-23
4177,4202,2282,2,Not worth the price.,2021-12-02
4178,1745,1975,5,"Superb product, exceeded expectations.",2024-01-30
4179,3876,4775,1,Item received was different from the picture.,2025-08-17
4180,2058,1258,5,Amazing value for money.,2024-12-26
4181,734,2255,1,Product stopped working after a week.,2025-10-13
4182,873,1432,5,"Excellent product, highly recommend!",2020-11-01
4183,3249,710,1,Packaging was damaged on arrival.,2022-12-03
4184,697,2966,3,"Product is okay, does the job.",2023-04-03
4185,543,2080,5,"Great build quality, will buy again.",2020-10-16
4186,1296,551,3,"Product is okay, does the job.",2022-07-23
4187,543,1919,4,Fast delivery and great packaging.,2024-07-13
4188,2604,1582,5,Fast delivery and great packaging.,2020-05-02
4189,994,4871,2,Disappointed with the purchase.,2021-07-28
4190,653,968,1,"Not as expected, quality is average.",2025-10-29
4191,3352,2780,2,Item received was different from the picture.,2024-09-15
4192,934,3002,1,Disappointed with the purchase.,2021-12-14
4193,4052,661,4,Fast delivery and great packaging.,2020-11-21
4194,4149,2536,5,Amazing value for money.,2023-04-06
4195,259,1733,3,Decent product for daily use.,2022-01-11
4196,3542,3489,4,"Superb product, exceeded expectations.",2020-08-10
4197,3869,3507,5,"Works perfectly, no issues so far.",2021-11-20
4198,3312,4218,1,Poor quality material used.,2023-12-28
4199,2997,1335,3,Decent product for daily use.,2024-07-23
4200,4676,2649,5,Very good quality for the price.,2024-01-25
4201,1313,1076,1,Poor quality material used.,2020-10-19
4202,4024,582,3,"It's fine, nothing special.",2023-02-24
4203,1543,3377,4,Amazing value for money.,2021-09-28
4204,4504,3374,5,"Excellent product, highly recommend!",2025-04-02
4205,4605,7,1,Disappointed with the purchase.,2024-08-01
4206,4192,816,2,Delivery was delayed by many days.,2024-06-28
4207,279,4059,5,"Superb product, exceeded expectations.",2022-01-21
4208,4770,4127,3,Average experience overall.,2021-11-29
4209,300,4907,4,"Exactly as described, satisfied.",2025-08-18
4210,1498,1982,3,Average experience overall.,2021-12-22
4211,1232,2805,4,"Exactly as described, satisfied.",2023-02-03
4212,3768,1796,3,"Product is okay, does the job.",2024-12-27
4213,4578,56,2,Product stopped working after a week.,2026-02-20
4214,3078,4984,1,Item received was different from the picture.,2024-12-12
4215,2700,1367,2,Delivery was delayed by many days.,2020-01-23
4216,3944,3164,3,"Product is okay, does the job.",2025-04-18
4217,1110,4444,1,Disappointed with the purchase.,2026-07-28
4218,586,4059,1,Poor quality material used.,2024-02-04
4219,1135,1514,5,"Works perfectly, no issues so far.",2021-08-11
4220,3328,3950,4,"Superb product, exceeded expectations.",2020-07-21
4221,9,4556,1,"Not as expected, quality is average.",2024-11-04
4222,1118,1290,1,Not worth the price.,2022-03-03
4223,3395,3581,1,Item received was different from the picture.,2024-04-05
4224,1178,3429,4,"Superb product, exceeded expectations.",2023-07-07
4225,4285,2012,4,Fast delivery and great packaging.,2021-04-29
4226,3722,3716,4,Amazing value for money.,2023-05-17
4227,2792,2205,5,Very good quality for the price.,2025-06-10
4228,3455,3425,4,"Works perfectly, no issues so far.",2023-08-17
4229,4497,4170,4,"Excellent product, highly recommend!",2020-12-22
4230,1321,1297,4,"Exactly as described, satisfied.",2022-12-27
4231,1916,16,3,"It's fine, nothing special.",2023-06-01
4232,4466,3158,5,"Exactly as described, satisfied.",2025-01-13
4233,2556,252,3,Decent product for daily use.,2020-11-21
4234,766,116,5,Very good quality for the price.,2024-10-01
4235,2245,1958,4,Fast delivery and great packaging.,2022-03-29
4236,4007,2643,2,Disappointed with the purchase.,2026-03-26
4237,676,3410,4,"Superb product, exceeded expectations.",2022-05-28
4238,4843,3123,5,Amazing value for money.,2020-07-20
4239,2135,1469,5,"Exactly as described, satisfied.",2026-03-23
4240,3532,2659,3,"Product is okay, does the job.",2023-04-09
4241,3854,3479,3,"Product is okay, does the job.",2020-07-08
4242,633,1908,4,"Superb product, exceeded expectations.",2022-09-26
4243,1997,1877,3,"Product is okay, does the job.",2022-07-16
4244,4552,1005,3,"It's fine, nothing special.",2020-06-21
4245,2736,937,4,Amazing value for money.,2024-05-18
4246,1854,601,3,Decent product for daily use.,2023-02-17
4247,1989,2891,2,Delivery was delayed by many days.,2023-11-22
4248,384,1461,2,Item received was different from the picture.,2022-07-20
4249,241,581,1,Product stopped working after a week.,2026-07-03
4250,1386,2871,4,"Works perfectly, no issues so far.",2025-06-10
4251,2259,567,3,"It's fine, nothing special.",2020-05-29
4252,4326,4280,4,Fast delivery and great packaging.,2022-07-31
4253,1109,1767,4,"Exactly as described, satisfied.",2024-06-01
4254,3996,3392,4,"Great build quality, will buy again.",2024-04-02
4255,1746,1889,4,"Great build quality, will buy again.",2025-01-09
4256,653,567,4,"Superb product, exceeded expectations.",2022-09-13
4257,415,384,1,Packaging was damaged on arrival.,2026-03-06
4258,3585,356,2,Item received was different from the picture.,2022-12-19
4259,2455,1876,4,"Exactly as described, satisfied.",2023-02-15
4260,2919,2985,3,"It's fine, nothing special.",2022-12-11
4261,4342,4488,1,"Not as expected, quality is average.",2024-10-22
4262,2501,1746,3,"It's fine, nothing special.",2022-03-11
4263,1579,1903,4,"Superb product, exceeded expectations.",2023-10-07
4264,2075,2079,2,Product stopped working after a week.,2023-09-10
4265,3385,2628,4,"Works perfectly, no issues so far.",2021-08-14
4266,1408,3243,3,Average experience overall.,2024-08-08
4267,13,374,4,"Superb product, exceeded expectations.",2020-03-27
4268,4262,3643,5,"Excellent product, highly recommend!",2025-10-25
4269,4541,3367,1,Packaging was damaged on arrival.,2023-04-11
4270,2864,2348,1,Item received was different from the picture.,2023-12-03
4271,683,1216,3,"Product is okay, does the job.",2024-03-20
4272,1100,70,1,Not worth the price.,2025-11-02
4273,1040,1705,5,Amazing value for money.,2025-02-16
4274,2137,636,2,Delivery was delayed by many days.,2023-07-21
4275,3744,4358,2,Product stopped working after a week.,2024-07-29
4276,3738,417,3,Average experience overall.,2025-08-02
4277,412,940,1,Item received was different from the picture.,2022-01-23
4278,1751,1221,4,Very good quality for the price.,2025-09-05
4279,2663,1974,2,Product stopped working after a week.,2022-07-05
4280,3945,39,2,Disappointed with the purchase.,2025-03-31
4281,1848,627,2,Not worth the price.,2021-03-06
4282,370,4288,4,"Superb product, exceeded expectations.",2020-11-26
4283,4225,1880,1,Item received was different from the picture.,2021-10-11
4284,2230,301,5,"Excellent product, highly recommend!",2020-02-27
4285,4741,692,3,Average experience overall.,2024-09-20
4286,161,3200,4,"Exactly as described, satisfied.",2022-12-25
4287,3910,3777,5,"Exactly as described, satisfied.",2021-01-06
4288,154,52,5,Amazing value for money.,2024-06-21
4289,4109,3601,2,Packaging was damaged on arrival.,2026-05-04
4290,3963,883,5,Fast delivery and great packaging.,2024-11-18
4291,2095,4377,4,Very good quality for the price.,2020-11-10
4292,3541,3472,4,"Exactly as described, satisfied.",2021-09-12
4293,3266,4229,5,Very good quality for the price.,2024-05-20
4294,3340,504,5,Fast delivery and great packaging.,2022-08-16
4295,1032,832,3,"Product is okay, does the job.",2025-11-14
4296,2396,4246,4,Amazing value for money.,2024-10-14
4297,1574,86,4,"Superb product, exceeded expectations.",2021-10-25
4298,1259,2538,4,"Excellent product, highly recommend!",2024-08-21
4299,4963,775,1,Packaging was damaged on arrival.,2024-09-09
4300,1398,4717,5,Amazing value for money.,2026-03-25
4301,3477,2006,1,Delivery was delayed by many days.,2026-01-20
4302,2037,971,3,"It's fine, nothing special.",2024-03-19
4303,2604,3937,2,Disappointed with the purchase.,2023-07-02
4304,2348,2785,2,Poor quality material used.,2021-01-04
4305,3159,3476,3,Decent product for daily use.,2026-06-23
4306,1103,2682,1,"Not as expected, quality is average.",2025-05-13
4307,3736,270,5,"Exactly as described, satisfied.",2023-12-18
4308,2986,1035,4,Very good quality for the price.,2025-09-30
4309,359,93,5,"Great build quality, will buy again.",2024-03-11
4310,973,635,2,Disappointed with the purchase.,2021-04-09
4311,4229,1470,4,Fast delivery and great packaging.,2023-10-26
4312,3543,3396,5,"Exactly as described, satisfied.",2025-04-29
4313,3989,1975,2,Item received was different from the picture.,2021-12-21
4314,3786,4688,4,"Excellent product, highly recommend!",2026-07-26
4315,1679,1792,4,"Exactly as described, satisfied.",2020-12-22
4316,2928,1985,2,"Not as expected, quality is average.",2024-03-07
4317,1059,3491,4,Amazing value for money.,2026-03-01
4318,910,2782,3,Decent product for daily use.,2022-11-29
4319,1185,4303,3,"Product is okay, does the job.",2022-10-03
4320,4249,760,1,Item received was different from the picture.,2026-08-01
4321,3519,510,2,Item received was different from the picture.,2024-02-09
4322,3125,1223,5,"Superb product, exceeded expectations.",2021-07-28
4323,2257,3664,4,"Works perfectly, no issues so far.",2020-08-24
4324,926,1369,3,Decent product for daily use.,2023-03-05
4325,3874,1025,2,Item received was different from the picture.,2023-10-01
4326,2580,3478,1,Disappointed with the purchase.,2026-05-04
4327,4273,4166,5,Very good quality for the price.,2021-07-22
4328,842,3306,4,"Works perfectly, no issues so far.",2024-06-17
4329,2791,2412,2,Not worth the price.,2022-06-23
4330,3940,601,1,Disappointed with the purchase.,2020-06-28
4331,1141,3021,1,Product stopped working after a week.,2024-09-18
4332,3789,1699,1,Not worth the price.,2024-01-20
4333,1945,1378,3,Decent product for daily use.,2025-07-27
4334,3301,1905,5,Amazing value for money.,2025-07-20
4335,4333,440,5,Fast delivery and great packaging.,2021-07-30
4336,3709,578,5,"Excellent product, highly recommend!",2023-08-24
4337,1851,3164,1,Packaging was damaged on arrival.,2022-12-03
4338,79,2515,3,"It's fine, nothing special.",2023-05-03
4339,2013,3001,4,Fast delivery and great packaging.,2025-09-20
4340,3865,1756,1,Disappointed with the purchase.,2020-11-09
4341,3376,1926,2,Disappointed with the purchase.,2025-01-24
4342,2805,712,4,Very good quality for the price.,2025-02-07
4343,4426,1402,2,"Not as expected, quality is average.",2025-02-16
4344,290,2780,1,Delivery was delayed by many days.,2022-03-27
4345,1844,2616,5,Amazing value for money.,2025-09-18
4346,2805,3163,3,"It's fine, nothing special.",2026-08-07
4347,4954,848,5,"Superb product, exceeded expectations.",2020-12-19
4348,1950,1949,3,Average experience overall.,2023-07-31
4349,351,960,5,"Superb product, exceeded expectations.",2022-07-27
4350,1713,4911,1,Delivery was delayed by many days.,2024-08-24
4351,1539,4716,4,"Works perfectly, no issues so far.",2020-11-20
4352,4456,520,3,Decent product for daily use.,2023-01-21
4353,939,3267,1,Disappointed with the purchase.,2022-08-30
4354,4346,2136,5,Fast delivery and great packaging.,2024-07-14
4355,920,2230,4,"Works perfectly, no issues so far.",2022-12-14
4356,3222,1542,1,Product stopped working after a week.,2026-03-31
4357,857,3445,2,Delivery was delayed by many days.,2023-05-21
4358,3129,4832,3,Average experience overall.,2020-04-21
4359,3755,3232,2,Product stopped working after a week.,2020-08-15
4360,3521,4952,1,Packaging was damaged on arrival.,2020-02-05
4361,3940,1274,1,Not worth the price.,2024-08-06
4362,3373,1288,4,"Superb product, exceeded expectations.",2023-09-16
4363,1344,1880,5,"Exactly as described, satisfied.",2023-01-20
4364,4774,3057,5,"Exactly as described, satisfied.",2020-08-15
4365,4055,1168,3,Decent product for daily use.,2020-04-19
4366,3501,2161,4,Very good quality for the price.,2021-12-14
4367,2273,1344,1,"Not as expected, quality is average.",2025-02-08
4368,3404,3549,2,"Not as expected, quality is average.",2020-09-28
4369,1120,2545,5,Very good quality for the price.,2021-07-13
4370,4289,3109,4,"Works perfectly, no issues so far.",2020-03-09
4371,4526,3461,3,"It's fine, nothing special.",2022-06-09
4372,588,4204,5,"Works perfectly, no issues so far.",2024-01-24
4373,3263,510,2,Delivery was delayed by many days.,2022-08-16
4374,1986,3979,4,Very good quality for the price.,2025-08-11
4375,2490,2735,2,Not worth the price.,2021-07-18
4376,611,3092,3,"It's fine, nothing special.",2023-12-12
4377,4234,3546,4,Very good quality for the price.,2022-12-09
4378,735,4144,3,Decent product for daily use.,2025-04-20
4379,1694,4359,5,Very good quality for the price.,2022-07-24
4380,580,2160,1,Poor quality material used.,2024-10-13
4381,769,4821,2,"Not as expected, quality is average.",2024-02-02
4382,3807,3904,4,"Superb product, exceeded expectations.",2021-11-27
4383,425,2646,3,"Product is okay, does the job.",2024-12-31
4384,1317,1763,4,Very good quality for the price.,2026-01-14
4385,4917,2437,1,Packaging was damaged on arrival.,2024-10-02
4386,4785,2005,1,Product stopped working after a week.,2020-12-15
4387,4037,4345,1,Item received was different from the picture.,2022-10-06
4388,2120,2045,4,"Excellent product, highly recommend!",2022-08-14
4389,3126,265,2,Packaging was damaged on arrival.,2023-02-05
4390,3217,4605,3,Average experience overall.,2021-11-28
4391,2979,2393,5,"Excellent product, highly recommend!",2022-02-18
4392,1013,1295,4,"Excellent product, highly recommend!",2022-12-12
4393,3125,1340,5,Fast delivery and great packaging.,2022-04-24
4394,2960,864,5,"Works perfectly, no issues so far.",2020-08-10
4395,2110,2588,5,Fast delivery and great packaging.,2022-01-17
4396,570,3774,4,"Great build quality, will buy again.",2021-10-29
4397,4796,1628,5,"Superb product, exceeded expectations.",2024-08-04
4398,1895,4720,3,"It's fine, nothing special.",2026-02-01
4399,3453,673,5,Amazing value for money.,2025-08-14
4400,1235,1076,2,Delivery was delayed by many days.,2020-10-02
4401,397,3325,4,Very good quality for the price.,2025-10-16
4402,2422,3400,2,Not worth the price.,2023-07-23
4403,4062,4669,2,Disappointed with the purchase.,2020-07-25
4404,2174,3220,4,Amazing value for money.,2023-07-17
4405,1357,2859,2,Item received was different from the picture.,2025-12-04
4406,3648,150,2,"Not as expected, quality is average.",2022-02-26
4407,661,1696,4,"Works perfectly, no issues so far.",2025-12-10
4408,2638,1180,5,"Works perfectly, no issues so far.",2024-10-19
4409,3276,1985,3,Average experience overall.,2023-04-28
4410,2226,963,1,Poor quality material used.,2025-01-30
4411,4218,2128,1,Item received was different from the picture.,2021-04-16
4412,2619,2889,5,"Excellent product, highly recommend!",2024-11-24
4413,2443,3470,2,Packaging was damaged on arrival.,2026-08-06
4414,1640,1588,1,Delivery was delayed by many days.,2020-11-23
4415,4401,757,2,"Not as expected, quality is average.",2026-06-07
4416,2031,4875,2,Packaging was damaged on arrival.,2023-08-29
4417,3458,2418,3,"Product is okay, does the job.",2021-04-05
4418,3096,3113,3,Average experience overall.,2026-06-16
4419,4936,4587,5,"Works perfectly, no issues so far.",2020-06-30
4420,4273,3219,1,Not worth the price.,2020-12-28
4421,300,4287,1,Disappointed with the purchase.,2025-03-04
4422,2684,2197,1,Poor quality material used.,2025-01-26
4423,4713,3192,5,"Superb product, exceeded expectations.",2023-12-14
4424,4476,59,2,Poor quality material used.,2020-10-21
4425,1619,4935,1,Product stopped working after a week.,2022-12-16
4426,3985,3782,2,Product stopped working after a week.,2021-02-01
4427,2805,2352,5,"Excellent product, highly recommend!",2024-01-26
4428,3569,3374,5,Very good quality for the price.,2025-10-26
4429,2792,2332,3,"Product is okay, does the job.",2020-11-18
4430,1063,4519,5,"Exactly as described, satisfied.",2024-02-10
4431,954,3207,4,"Exactly as described, satisfied.",2023-02-08
4432,1454,607,3,Average experience overall.,2026-02-04
4433,3115,1219,5,Amazing value for money.,2024-01-25
4434,2670,924,2,Disappointed with the purchase.,2020-10-24
4435,2948,151,3,Decent product for daily use.,2022-11-06
4436,4082,4996,1,Disappointed with the purchase.,2020-06-12
4437,1220,2390,5,Very good quality for the price.,2021-09-20
4438,4317,3627,1,Item received was different from the picture.,2026-07-12
4439,4129,2842,4,"Superb product, exceeded expectations.",2025-01-06
4440,409,3069,1,"Not as expected, quality is average.",2023-01-18
4441,4190,706,2,Packaging was damaged on arrival.,2021-07-22
4442,791,4558,3,Decent product for daily use.,2020-03-13
4443,4634,1318,4,"Great build quality, will buy again.",2025-11-30
4444,1909,3748,1,Delivery was delayed by many days.,2025-11-05
4445,1225,4404,4,Very good quality for the price.,2022-08-13
4446,1215,4351,2,"Not as expected, quality is average.",2025-12-07
4447,3367,1535,3,"Product is okay, does the job.",2022-02-28
4448,3767,949,4,"Great build quality, will buy again.",2020-08-10
4449,4713,2528,1,Delivery was delayed by many days.,2024-10-21
4450,3384,343,3,Decent product for daily use.,2022-11-19
4451,2420,1378,2,Product stopped working after a week.,2023-03-30
4452,4809,2802,3,"It's fine, nothing special.",2023-03-02
4453,462,4514,3,Average experience overall.,2026-08-09
4454,4726,3307,5,"Great build quality, will buy again.",2024-11-23
4455,4993,2690,2,"Not as expected, quality is average.",2025-06-19
4456,666,1073,3,"It's fine, nothing special.",2020-01-06
4457,4886,1733,2,Disappointed with the purchase.,2020-07-30
4458,4872,1860,1,Disappointed with the purchase.,2021-01-12
4459,1682,3199,4,"Excellent product, highly recommend!",2021-12-04
4460,196,3528,4,"Superb product, exceeded expectations.",2021-03-13
4461,2961,2872,2,Product stopped working after a week.,2022-06-08
4462,1812,2223,5,"Superb product, exceeded expectations.",2025-07-21
4463,483,3231,4,"Works perfectly, no issues so far.",2021-10-01
4464,2006,2558,1,Product stopped working after a week.,2020-01-01
4465,2022,3381,5,"Excellent product, highly recommend!",2025-02-21
4466,977,2147,5,"Great build quality, will buy again.",2021-04-18
4467,3305,648,1,Packaging was damaged on arrival.,2020-06-17
4468,283,3666,1,Product stopped working after a week.,2026-03-28
4469,320,3868,2,Disappointed with the purchase.,2023-03-27
4470,2631,3563,5,"Great build quality, will buy again.",2024-02-19
4471,911,3804,4,"Great build quality, will buy again.",2023-07-06
4472,2396,3959,2,Not worth the price.,2024-01-06
4473,1242,2791,3,Decent product for daily use.,2024-08-13
4474,590,2508,2,Packaging was damaged on arrival.,2022-07-28
4475,2724,3363,5,Amazing value for money.,2026-02-11
4476,2501,3941,5,Very good quality for the price.,2023-03-31
4477,4942,1123,5,"Exactly as described, satisfied.",2023-01-08
4478,1406,4667,5,"Superb product, exceeded expectations.",2025-06-07
4479,4784,3318,5,Very good quality for the price.,2026-02-21
4480,18,4369,4,"Excellent product, highly recommend!",2026-08-06
4481,4475,1027,3,"Product is okay, does the job.",2024-10-08
4482,1501,1967,4,"Excellent product, highly recommend!",2021-07-30
4483,3574,1172,5,"Great build quality, will buy again.",2022-04-28
4484,4968,1514,4,"Exactly as described, satisfied.",2026-05-03
4485,2396,4303,1,Poor quality material used.,2023-02-10
4486,1090,2820,2,Delivery was delayed by many days.,2021-11-29
4487,1081,4697,3,Average experience overall.,2020-04-04
4488,4552,3021,2,Item received was different from the picture.,2024-10-31
4489,1286,4855,3,"It's fine, nothing special.",2025-11-28
4490,2880,4769,2,Not worth the price.,2026-03-25
4491,2040,3117,1,Disappointed with the purchase.,2023-05-02
4492,1606,509,5,"Superb product, exceeded expectations.",2024-06-21
4493,905,3880,4,Amazing value for money.,2026-05-31
4494,1128,4640,2,Packaging was damaged on arrival.,2026-05-07
4495,4864,3017,3,"Product is okay, does the job.",2023-11-14
4496,4137,4705,2,Disappointed with the purchase.,2020-02-24
4497,761,3564,3,"Product is okay, does the job.",2023-03-29
4498,1441,1192,1,Item received was different from the picture.,2023-01-24
4499,1640,2476,2,Product stopped working after a week.,2021-12-09
4500,3087,4385,2,Packaging was damaged on arrival.,2024-09-21
4501,3708,86,2,Packaging was damaged on arrival.,2026-08-01
4502,2736,3611,3,Decent product for daily use.,2021-12-16
4503,3242,2473,1,Packaging was damaged on arrival.,2020-12-17
4504,4776,2206,2,Poor quality material used.,2023-04-10
4505,1697,1872,1,Not worth the price.,2024-09-07
4506,2431,2470,4,"Excellent product, highly recommend!",2021-08-05
4507,3740,557,1,Item received was different from the picture.,2022-08-05
4508,2522,944,1,"Not as expected, quality is average.",2024-11-04
4509,1830,2228,4,"Exactly as described, satisfied.",2025-11-16
4510,2194,4080,4,Amazing value for money.,2024-06-28
4511,2133,2531,4,Fast delivery and great packaging.,2021-10-17
4512,2912,362,3,Average experience overall.,2021-04-19
4513,2957,3353,2,Poor quality material used.,2021-01-23
4514,528,3074,5,Very good quality for the price.,2022-08-02
4515,750,1841,5,Very good quality for the price.,2025-07-07
4516,1346,1601,5,Very good quality for the price.,2026-04-08
4517,4712,4291,5,"Works perfectly, no issues so far.",2022-11-24
4518,956,1335,2,"Not as expected, quality is average.",2023-11-23
4519,1707,3240,1,Product stopped working after a week.,2022-04-07
4520,2651,4087,3,Decent product for daily use.,2022-07-01
4521,514,3806,5,Fast delivery and great packaging.,2025-09-07
4522,2326,2034,3,Decent product for daily use.,2020-12-10
4523,3649,3298,5,"Excellent product, highly recommend!",2025-04-25
4524,1283,3581,1,Packaging was damaged on arrival.,2020-10-10
4525,720,129,1,Item received was different from the picture.,2024-11-11
4526,2267,1608,4,"Exactly as described, satisfied.",2022-10-03
4527,855,4454,1,Product stopped working after a week.,2023-08-11
4528,3819,2355,1,Item received was different from the picture.,2026-08-07
4529,320,2248,3,"Product is okay, does the job.",2025-10-17
4530,4205,148,2,"Not as expected, quality is average.",2024-10-21
4531,4670,2470,3,Decent product for daily use.,2025-01-30
4532,3545,2767,5,"Great build quality, will buy again.",2025-08-26
4533,2586,913,2,Not worth the price.,2025-07-11
4534,4371,1106,4,"Works perfectly, no issues so far.",2024-05-26
4535,4599,881,5,Fast delivery and great packaging.,2026-02-02
4536,4002,3220,5,"Great build quality, will buy again.",2020-11-22
4537,4248,2260,2,Product stopped working after a week.,2022-10-14
4538,1615,407,2,Packaging was damaged on arrival.,2021-10-08
4539,4337,26,4,"Great build quality, will buy again.",2021-08-14
4540,4377,3033,2,Not worth the price.,2023-03-29
4541,2279,4407,2,Item received was different from the picture.,2023-01-07
4542,911,1028,5,"Exactly as described, satisfied.",2020-01-09
4543,4956,633,1,"Not as expected, quality is average.",2023-03-04
4544,2433,3231,3,Decent product for daily use.,2026-06-10
4545,4021,1309,3,Average experience overall.,2020-03-15
4546,4752,2072,3,"Product is okay, does the job.",2024-12-27
4547,370,151,1,Poor quality material used.,2024-05-16
4548,2177,239,1,Poor quality material used.,2026-05-02
4549,3961,4203,2,Not worth the price.,2025-10-28
4550,3472,466,1,Not worth the price.,2020-12-08
4551,1439,1228,4,"Excellent product, highly recommend!",2020-09-03
4552,2980,4288,4,Amazing value for money.,2023-12-14
4553,4245,4265,5,"Excellent product, highly recommend!",2024-11-02
4554,611,835,4,"Works perfectly, no issues so far.",2022-03-08
4555,1837,253,2,Disappointed with the purchase.,2021-01-14
4556,497,2883,3,Average experience overall.,2025-01-09
4557,1580,1165,1,Packaging was damaged on arrival.,2021-04-25
4558,4794,3509,4,"Excellent product, highly recommend!",2020-10-10
4559,1478,1433,5,"Excellent product, highly recommend!",2026-06-02
4560,2277,3838,4,"Great build quality, will buy again.",2021-04-20
4561,978,2932,4,"Excellent product, highly recommend!",2025-04-29
4562,3449,3922,4,Fast delivery and great packaging.,2024-03-13
4563,636,1786,5,Amazing value for money.,2024-08-28
4564,2692,2389,1,Packaging was damaged on arrival.,2023-10-09
4565,2399,263,3,Decent product for daily use.,2025-10-05
4566,764,2785,2,Product stopped working after a week.,2022-01-23
4567,565,3429,4,Amazing value for money.,2023-06-11
4568,2852,265,3,"Product is okay, does the job.",2020-09-08
4569,1130,2920,4,"Excellent product, highly recommend!",2025-04-25
4570,3685,161,1,Product stopped working after a week.,2023-08-16
4571,1046,4743,3,"It's fine, nothing special.",2022-03-17
4572,4673,995,5,"Great build quality, will buy again.",2024-03-20
4573,1046,1139,4,"Superb product, exceeded expectations.",2023-07-08
4574,4677,2382,5,"Superb product, exceeded expectations.",2023-04-16
4575,281,4210,3,"Product is okay, does the job.",2024-11-17
4576,4029,3671,2,Disappointed with the purchase.,2026-02-14
4577,497,3191,3,Average experience overall.,2023-08-11
4578,1469,2236,2,Not worth the price.,2023-04-10
4579,1137,4456,1,Disappointed with the purchase.,2025-09-01
4580,3395,150,4,"Exactly as described, satisfied.",2020-11-28
4581,2552,4534,5,"Excellent product, highly recommend!",2024-03-31
4582,1920,4755,5,Fast delivery and great packaging.,2026-02-20
4583,1010,3433,3,Average experience overall.,2023-12-14
4584,483,3704,3,"It's fine, nothing special.",2024-08-22
4585,3697,2344,4,"Works perfectly, no issues so far.",2023-09-22
4586,1197,873,3,Average experience overall.,2022-10-05
4587,321,176,5,"Works perfectly, no issues so far.",2022-09-21
4588,4422,2314,5,"Superb product, exceeded expectations.",2026-07-15
4589,738,2428,1,"Not as expected, quality is average.",2023-08-10
4590,4334,494,3,Average experience overall.,2021-05-04
4591,48,3021,3,Decent product for daily use.,2020-06-08
4592,3022,308,1,Packaging was damaged on arrival.,2020-07-16
4593,4801,3587,5,Very good quality for the price.,2025-10-31
4594,2084,3053,4,"Works perfectly, no issues so far.",2026-05-31
4595,2944,2229,4,"Works perfectly, no issues so far.",2025-01-06
4596,3947,3650,5,Amazing value for money.,2025-05-21
4597,2362,4634,2,"Not as expected, quality is average.",2021-03-17
4598,3186,2517,5,"Superb product, exceeded expectations.",2023-07-06
4599,2236,285,3,"It's fine, nothing special.",2023-01-20
4600,191,3713,2,Delivery was delayed by many days.,2022-12-05
4601,2799,3434,2,Not worth the price.,2022-03-24
4602,1000,4577,5,"Exactly as described, satisfied.",2023-05-19
4603,1387,556,3,"Product is okay, does the job.",2025-01-09
4604,632,1057,3,Average experience overall.,2022-06-16
4605,1150,4227,5,"Exactly as described, satisfied.",2024-10-05
4606,2642,4394,3,Decent product for daily use.,2022-12-28
4607,2660,2960,2,Item received was different from the picture.,2024-07-24
4608,4259,2442,5,Very good quality for the price.,2025-05-05
4609,1523,3010,1,Packaging was damaged on arrival.,2021-02-11
4610,2625,4894,2,Item received was different from the picture.,2021-07-09
4611,2214,4236,1,Packaging was damaged on arrival.,2023-07-06
4612,605,2294,2,Delivery was delayed by many days.,2024-08-15
4613,309,1802,5,Fast delivery and great packaging.,2026-04-12
4614,3977,465,1,"Not as expected, quality is average.",2025-07-24
4615,211,4043,4,"Great build quality, will buy again.",2022-08-04
4616,1134,2993,2,Not worth the price.,2020-07-22
4617,2319,711,2,"Not as expected, quality is average.",2026-04-03
4618,1269,4247,3,Average experience overall.,2026-03-16
4619,4928,2206,3,"Product is okay, does the job.",2026-05-07
4620,2433,1875,5,"Excellent product, highly recommend!",2021-01-27
4621,3755,679,4,Fast delivery and great packaging.,2022-12-06
4622,1643,2196,3,"It's fine, nothing special.",2023-02-09
4623,3516,1309,1,Poor quality material used.,2025-06-04
4624,1708,53,4,"Works perfectly, no issues so far.",2020-02-13
4625,4072,2054,4,Very good quality for the price.,2021-12-04
4626,2493,2375,5,Very good quality for the price.,2023-02-22
4627,4993,485,1,"Not as expected, quality is average.",2024-02-15
4628,4720,2996,1,"Not as expected, quality is average.",2023-01-03
4629,1142,864,5,"Exactly as described, satisfied.",2021-10-03
4630,4456,3339,1,Product stopped working after a week.,2021-08-04
4631,4353,3781,1,"Not as expected, quality is average.",2020-07-22
4632,4658,4135,4,"Exactly as described, satisfied.",2023-06-22
4633,3522,3290,3,"It's fine, nothing special.",2022-04-28
4634,3073,3927,5,Amazing value for money.,2023-03-03
4635,3203,388,4,"Works perfectly, no issues so far.",2025-11-01
4636,220,2128,5,"Great build quality, will buy again.",2024-12-11
4637,3993,1391,3,Average experience overall.,2022-09-10
4638,3371,3150,1,Item received was different from the picture.,2020-05-16
4639,4648,2400,4,Fast delivery and great packaging.,2024-04-24
4640,3437,3478,1,Not worth the price.,2021-04-15
4641,3323,4854,4,"Works perfectly, no issues so far.",2024-06-06
4642,3623,3661,2,Item received was different from the picture.,2023-05-23
4643,2410,3738,2,Item received was different from the picture.,2020-03-17
4644,4645,4928,3,"It's fine, nothing special.",2025-11-02
4645,3332,4809,3,Decent product for daily use.,2022-01-30
4646,319,4115,5,"Excellent product, highly recommend!",2020-06-13
4647,1088,2059,4,"Works perfectly, no issues so far.",2026-02-16
4648,898,4077,3,Decent product for daily use.,2026-03-06
4649,187,4034,1,Disappointed with the purchase.,2022-04-01
4650,3302,1831,5,"Excellent product, highly recommend!",2024-12-02
4651,3464,1809,5,"Works perfectly, no issues so far.",2023-01-22
4652,627,2705,1,Packaging was damaged on arrival.,2023-09-03
4653,3689,4043,3,Decent product for daily use.,2024-09-24
4654,4074,965,4,"Superb product, exceeded expectations.",2025-12-28
4655,1267,2093,1,"Not as expected, quality is average.",2022-12-20
4656,2530,1123,4,"Works perfectly, no issues so far.",2020-11-13
4657,4768,1443,3,Decent product for daily use.,2023-03-09
4658,1418,4322,2,Item received was different from the picture.,2021-07-04
4659,622,1097,1,"Not as expected, quality is average.",2020-08-31
4660,2499,4905,1,"Not as expected, quality is average.",2022-02-24
4661,1761,3440,1,"Not as expected, quality is average.",2023-12-08
4662,587,941,5,"Works perfectly, no issues so far.",2021-08-09
4663,1998,2031,2,"Not as expected, quality is average.",2022-04-13
4664,1252,2518,3,Average experience overall.,2024-01-05
4665,4135,75,4,Very good quality for the price.,2025-05-20
4666,1225,500,5,Amazing value for money.,2023-02-11
4667,162,3505,5,"Superb product, exceeded expectations.",2026-03-22
4668,2191,3857,4,"Great build quality, will buy again.",2026-02-23
4669,2222,394,1,Disappointed with the purchase.,2025-07-19
4670,746,377,5,"Excellent product, highly recommend!",2024-01-04
4671,3775,4411,2,Product stopped working after a week.,2026-06-27
4672,405,53,2,"Not as expected, quality is average.",2023-12-25
4673,4057,534,3,"Product is okay, does the job.",2022-08-18
4674,315,4972,5,"Excellent product, highly recommend!",2022-12-20
4675,3606,2007,3,"It's fine, nothing special.",2021-05-10
4676,3638,4896,3,"Product is okay, does the job.",2022-08-23
4677,3609,302,4,"Exactly as described, satisfied.",2023-05-16
4678,417,4231,5,Amazing value for money.,2026-07-04
4679,2085,127,1,Product stopped working after a week.,2024-01-27
4680,1013,3127,2,Delivery was delayed by many days.,2023-05-08
4681,1336,3342,4,"Exactly as described, satisfied.",2021-05-13
4682,3945,909,1,Product stopped working after a week.,2022-04-17
4683,1484,4315,2,Poor quality material used.,2026-07-17
4684,4856,2951,5,"Great build quality, will buy again.",2020-05-25
4685,4452,3833,1,Delivery was delayed by many days.,2023-10-27
4686,4239,3813,1,Packaging was damaged on arrival.,2021-12-26
4687,2580,4036,1,Disappointed with the purchase.,2023-01-10
4688,2513,1856,2,Product stopped working after a week.,2020-11-23
4689,2167,3719,5,"Works perfectly, no issues so far.",2020-03-26
4690,2027,3703,4,"Great build quality, will buy again.",2024-01-12
4691,4638,863,4,Fast delivery and great packaging.,2021-09-08
4692,1219,1305,1,Product stopped working after a week.,2023-07-08
4693,3053,3578,4,Fast delivery and great packaging.,2025-03-20
4694,4725,3284,5,Very good quality for the price.,2022-05-07
4695,1096,1874,1,Product stopped working after a week.,2020-07-21
4696,3024,3400,4,"Works perfectly, no issues so far.",2025-09-11
4697,4181,381,4,"Superb product, exceeded expectations.",2024-01-26
4698,4712,3480,5,"Excellent product, highly recommend!",2025-05-12
4699,3304,2773,3,"Product is okay, does the job.",2024-07-20
4700,515,1776,3,"It's fine, nothing special.",2022-11-20
4701,3456,975,1,Product stopped working after a week.,2020-08-04
4702,1801,63,5,"Great build quality, will buy again.",2023-12-30
4703,4241,3325,2,Product stopped working after a week.,2021-12-04
4704,2807,210,4,"Works perfectly, no issues so far.",2025-11-05
4705,2650,285,2,Not worth the price.,2024-10-31
4706,1932,254,3,Average experience overall.,2020-09-08
4707,2028,3732,3,"Product is okay, does the job.",2024-07-29
4708,2492,4394,5,"Works perfectly, no issues so far.",2025-01-25
4709,3767,3753,2,Poor quality material used.,2020-06-25
4710,494,3508,3,Decent product for daily use.,2026-02-07
4711,2117,334,1,Packaging was damaged on arrival.,2020-09-02
4712,4522,2873,4,"Superb product, exceeded expectations.",2020-04-06
4713,4270,3597,3,Average experience overall.,2022-05-31
4714,506,1017,3,Average experience overall.,2021-02-10
4715,243,1493,4,"Exactly as described, satisfied.",2025-11-08
4716,264,4888,5,"Superb product, exceeded expectations.",2024-02-21
4717,4623,710,1,"Not as expected, quality is average.",2024-02-10
4718,4977,4262,1,Disappointed with the purchase.,2022-08-23
4719,2960,4849,4,"Works perfectly, no issues so far.",2024-09-15
4720,4676,1843,3,"Product is okay, does the job.",2022-06-22
4721,3252,3937,3,"Product is okay, does the job.",2024-11-27
4722,1652,3741,1,Packaging was damaged on arrival.,2023-12-26
4723,4582,2920,5,"Great build quality, will buy again.",2020-11-22
4724,3475,4724,3,"Product is okay, does the job.",2020-11-29
4725,548,4325,2,"Not as expected, quality is average.",2020-11-14
4726,4266,2452,3,"Product is okay, does the job.",2023-09-07
4727,3983,178,4,"Great build quality, will buy again.",2020-03-14
4728,3951,2165,4,"Exactly as described, satisfied.",2022-05-16
4729,3717,327,2,Packaging was damaged on arrival.,2022-04-25
4730,4208,173,5,Amazing value for money.,2024-02-09
4731,3431,2496,5,"Exactly as described, satisfied.",2021-04-30
4732,1865,198,1,Not worth the price.,2023-06-17
4733,1640,941,1,Disappointed with the purchase.,2020-04-27
4734,42,338,3,Decent product for daily use.,2024-11-18
4735,953,4611,5,"Excellent product, highly recommend!",2025-03-31
4736,1776,4324,1,Disappointed with the purchase.,2020-05-07
4737,2400,2652,2,Poor quality material used.,2023-05-05
4738,108,1278,2,Delivery was delayed by many days.,2020-01-30
4739,3005,1790,1,Delivery was delayed by many days.,2024-08-24
4740,4836,4305,2,Poor quality material used.,2020-04-01
4741,1576,61,1,Poor quality material used.,2024-09-24
4742,1635,4139,1,Delivery was delayed by many days.,2021-09-25
4743,3687,1951,2,Product stopped working after a week.,2023-10-18
4744,4657,129,3,Average experience overall.,2025-02-10
4745,3298,838,1,Not worth the price.,2024-02-22
4746,3943,3335,3,"Product is okay, does the job.",2023-11-07
4747,3893,3566,1,Delivery was delayed by many days.,2022-01-22
4748,455,2272,4,"Excellent product, highly recommend!",2021-02-18
4749,3357,4028,3,"Product is okay, does the job.",2023-08-14
4750,1210,10,4,"Exactly as described, satisfied.",2024-05-03
4751,2040,19,3,Decent product for daily use.,2025-07-27
4752,3305,1989,4,Amazing value for money.,2024-05-29
4753,3839,4921,1,Item received was different from the picture.,2025-09-12
4754,2566,338,5,"Works perfectly, no issues so far.",2023-07-05
4755,841,1577,4,"Great build quality, will buy again.",2024-06-06
4756,709,4710,2,Poor quality material used.,2022-01-09
4757,4578,4436,1,Not worth the price.,2020-11-13
4758,1888,2945,3,Decent product for daily use.,2022-04-27
4759,146,2503,3,Decent product for daily use.,2023-04-15
4760,617,2124,2,Packaging was damaged on arrival.,2024-04-29
4761,981,3876,5,Amazing value for money.,2024-08-06
4762,814,2201,1,Not worth the price.,2020-04-27
4763,3096,4222,1,Disappointed with the purchase.,2020-07-09
4764,4249,1788,5,Very good quality for the price.,2024-07-16
4765,1950,4527,3,Decent product for daily use.,2024-08-11
4766,745,1615,4,Fast delivery and great packaging.,2025-02-08
4767,361,620,5,Amazing value for money.,2022-11-18
4768,3465,4016,4,Fast delivery and great packaging.,2022-04-07
4769,3630,4842,1,Product stopped working after a week.,2023-07-08
4770,2536,2145,2,Delivery was delayed by many days.,2023-01-09
4771,1504,4598,4,"Excellent product, highly recommend!",2024-01-19
4772,609,1980,4,Very good quality for the price.,2025-06-11
4773,1403,3844,1,Poor quality material used.,2024-08-21
4774,683,624,1,Disappointed with the purchase.,2026-02-03
4775,1179,151,5,"Excellent product, highly recommend!",2020-10-15
4776,2896,2541,5,Amazing value for money.,2022-12-26
4777,1507,2167,3,"Product is okay, does the job.",2021-07-02
4778,4468,3974,1,Not worth the price.,2025-07-02
4779,1407,3364,1,Disappointed with the purchase.,2021-12-31
4780,817,321,2,Item received was different from the picture.,2024-03-26
4781,1330,241,4,"Superb product, exceeded expectations.",2022-03-07
4782,2304,768,5,"Superb product, exceeded expectations.",2023-09-17
4783,4972,1580,1,Item received was different from the picture.,2021-01-29
4784,1220,2758,1,Disappointed with the purchase.,2022-02-15
4785,4759,2568,4,"Excellent product, highly recommend!",2020-09-18
4786,931,660,1,Disappointed with the purchase.,2022-06-21
4787,1404,765,1,Disappointed with the purchase.,2021-11-07
4788,3741,1749,5,"Works perfectly, no issues so far.",2024-07-06
4789,4119,1284,2,Disappointed with the purchase.,2023-04-13
4790,279,917,2,Delivery was delayed by many days.,2023-09-09
4791,4486,3152,1,Packaging was damaged on arrival.,2020-07-30
4792,3546,1190,5,"Works perfectly, no issues so far.",2020-09-13
4793,3676,1373,3,"Product is okay, does the job.",2021-09-22
4794,1845,3053,4,"Superb product, exceeded expectations.",2023-04-10
4795,4736,1641,5,"Exactly as described, satisfied.",2020-03-06
4796,4787,4321,1,Poor quality material used.,2026-02-03
4797,4607,852,5,"Superb product, exceeded expectations.",2020-10-25
4798,3918,1605,4,Very good quality for the price.,2026-04-14
4799,1118,4970,2,Not worth the price.,2020-04-15
4800,1947,99,4,"Great build quality, will buy again.",2023-07-19
4801,1505,2585,1,Packaging was damaged on arrival.,2025-10-31
4802,783,2166,2,Packaging was damaged on arrival.,2021-02-08
4803,4254,49,2,Packaging was damaged on arrival.,2020-11-14
4804,3506,169,5,Very good quality for the price.,2024-03-04
4805,2916,1370,1,Packaging was damaged on arrival.,2021-10-16
4806,1101,2475,1,"Not as expected, quality is average.",2022-05-29
4807,2275,466,5,"Superb product, exceeded expectations.",2020-06-15
4808,3273,4874,5,"Superb product, exceeded expectations.",2022-09-10
4809,4439,366,1,Delivery was delayed by many days.,2025-11-12
4810,3169,3104,3,Average experience overall.,2020-05-07
4811,3103,3912,4,Very good quality for the price.,2023-02-22
4812,4042,2589,5,Amazing value for money.,2026-01-01
4813,1581,939,5,"Exactly as described, satisfied.",2020-07-14
4814,1612,4559,5,Fast delivery and great packaging.,2026-06-26
4815,3930,863,3,"Product is okay, does the job.",2024-04-08
4816,3186,553,3,Average experience overall.,2021-11-10
4817,3677,4001,1,Disappointed with the purchase.,2021-08-28
4818,2153,1301,3,"Product is okay, does the job.",2025-08-24
4819,4758,2940,5,"Great build quality, will buy again.",2026-04-24
4820,3451,2673,4,"Exactly as described, satisfied.",2023-12-20
4821,3087,4945,5,Amazing value for money.,2023-09-02
4822,4182,2559,3,"It's fine, nothing special.",2025-09-15
4823,2712,4473,4,"Works perfectly, no issues so far.",2025-12-04
4824,4737,2456,2,Not worth the price.,2021-05-08
4825,4508,511,2,Packaging was damaged on arrival.,2020-09-18
4826,1411,3670,5,"Works perfectly, no issues so far.",2020-05-04
4827,2692,3695,1,Disappointed with the purchase.,2024-11-19
4828,1768,2690,2,Poor quality material used.,2022-08-17
4829,1127,3301,3,Average experience overall.,2022-07-13
4830,1875,4905,5,"Great build quality, will buy again.",2024-02-07
4831,2598,1545,5,"Superb product, exceeded expectations.",2025-03-11
4832,920,1158,5,"Superb product, exceeded expectations.",2025-06-01
4833,4982,2614,1,"Not as expected, quality is average.",2023-08-09
4834,3979,4511,5,Fast delivery and great packaging.,2020-12-11
4835,201,4843,4,"Excellent product, highly recommend!",2026-05-01
4836,1944,4459,2,Product stopped working after a week.,2026-05-13
4837,1452,2153,1,Not worth the price.,2021-10-03
4838,215,2691,2,Poor quality material used.,2020-04-19
4839,1969,3818,5,Very good quality for the price.,2021-05-03
4840,3370,4666,5,"Exactly as described, satisfied.",2021-12-08
4841,1858,3393,4,"Superb product, exceeded expectations.",2022-07-14
4842,3067,759,1,Delivery was delayed by many days.,2024-11-03
4843,3629,2009,5,Very good quality for the price.,2020-10-04
4844,76,4256,2,Packaging was damaged on arrival.,2020-10-12
4845,1429,16,5,"Superb product, exceeded expectations.",2022-03-19
4846,3932,1409,1,Packaging was damaged on arrival.,2020-11-24
4847,2104,2236,4,"Exactly as described, satisfied.",2021-08-28
4848,2301,442,2,Packaging was damaged on arrival.,2023-08-30
4849,2015,4248,4,Fast delivery and great packaging.,2025-01-11
4850,1653,3399,5,"Superb product, exceeded expectations.",2026-02-14
4851,791,1417,5,"Works perfectly, no issues so far.",2023-07-27
4852,2764,4587,3,"It's fine, nothing special.",2021-08-21
4853,2427,50,5,Amazing value for money.,2026-04-12
4854,333,986,1,Item received was different from the picture.,2022-10-04
4855,4269,4096,5,"Superb product, exceeded expectations.",2020-02-09
4856,478,302,5,"Superb product, exceeded expectations.",2024-02-02
4857,2393,4383,2,Not worth the price.,2023-03-01
4858,3601,1756,4,"Great build quality, will buy again.",2025-11-25
4859,4919,2604,5,"Works perfectly, no issues so far.",2024-09-27
4860,1971,3273,5,Very good quality for the price.,2025-01-04
4861,4762,3853,1,"Not as expected, quality is average.",2022-02-05
4862,461,576,1,Item received was different from the picture.,2021-02-26
4863,3298,1289,2,Packaging was damaged on arrival.,2024-02-18
4864,2750,1641,5,"Works perfectly, no issues so far.",2023-04-14
4865,4835,19,3,"It's fine, nothing special.",2026-01-08
4866,1832,4807,3,"Product is okay, does the job.",2020-07-02
4867,4396,2877,5,Fast delivery and great packaging.,2025-12-28
4868,3345,2280,3,"It's fine, nothing special.",2021-11-16
4869,2721,508,4,"Great build quality, will buy again.",2023-06-01
4870,4804,100,1,"Not as expected, quality is average.",2023-08-03
4871,3203,2511,1,Product stopped working after a week.,2023-10-31
4872,2150,139,5,"Exactly as described, satisfied.",2025-05-07
4873,387,563,5,"Excellent product, highly recommend!",2022-10-19
4874,2432,2443,1,Product stopped working after a week.,2021-06-10
4875,2879,2933,1,Poor quality material used.,2022-01-24
4876,114,1352,3,"Product is okay, does the job.",2021-10-02
4877,4723,1317,4,"Superb product, exceeded expectations.",2022-02-02
4878,4175,3369,4,Very good quality for the price.,2021-02-27
4879,4055,238,4,Fast delivery and great packaging.,2021-03-06
4880,2714,2700,4,Very good quality for the price.,2021-01-14
4881,4554,241,4,Amazing value for money.,2022-01-13
4882,4113,1929,4,Fast delivery and great packaging.,2023-07-03
4883,2199,619,2,Poor quality material used.,2023-07-31
4884,4622,1630,4,"Excellent product, highly recommend!",2023-02-02
4885,3498,2057,1,Not worth the price.,2022-05-29
4886,2803,2312,1,Packaging was damaged on arrival.,2024-08-03
4887,2930,2708,2,Item received was different from the picture.,2024-05-31
4888,893,1254,2,Product stopped working after a week.,2022-07-28
4889,4041,1015,4,Fast delivery and great packaging.,2023-08-22
4890,689,2121,2,Product stopped working after a week.,2020-04-13
4891,3509,498,3,Decent product for daily use.,2023-01-07
4892,3080,4660,3,"Product is okay, does the job.",2021-01-27
4893,4437,1597,4,Amazing value for money.,2024-12-16
4894,806,1404,3,Decent product for daily use.,2023-10-13
4895,3747,2743,2,Delivery was delayed by many days.,2026-03-02
4896,3635,4999,2,Item received was different from the picture.,2020-07-20
4897,2269,18,3,"It's fine, nothing special.",2021-12-09
4898,2835,4444,1,Poor quality material used.,2021-03-27
4899,976,173,3,Decent product for daily use.,2021-07-15
4900,4149,45,1,Delivery was delayed by many days.,2020-01-20
4901,3526,1618,5,Very good quality for the price.,2023-09-28
4902,3151,4172,5,"Works perfectly, no issues so far.",2023-01-20
4903,4727,130,3,Decent product for daily use.,2022-03-30
4904,2741,4954,4,"Superb product, exceeded expectations.",2024-05-06
4905,2430,1463,3,"It's fine, nothing special.",2022-06-27
4906,4343,1292,5,"Excellent product, highly recommend!",2025-02-16
4907,44,3064,5,Amazing value for money.,2023-05-09
4908,4683,2323,4,"Excellent product, highly recommend!",2022-10-29
4909,1010,1708,1,Poor quality material used.,2020-03-15
4910,2393,3699,2,Poor quality material used.,2023-10-27
4911,3789,1081,2,Delivery was delayed by many days.,2022-11-02
4912,353,2879,4,"Works perfectly, no issues so far.",2025-10-12
4913,4749,513,2,"Not as expected, quality is average.",2024-03-30
4914,4946,3956,5,"Works perfectly, no issues so far.",2022-01-07
4915,4116,160,3,"Product is okay, does the job.",2025-07-11
4916,3427,2959,2,"Not as expected, quality is average.",2021-05-23
4917,4141,3245,2,Product stopped working after a week.,2025-05-08
4918,4204,1564,3,"It's fine, nothing special.",2020-04-26
4919,2263,4467,1,Product stopped working after a week.,2023-03-22
4920,940,3746,4,"Works perfectly, no issues so far.",2023-11-04
4921,1797,1945,2,Item received was different from the picture.,2026-02-09
4922,2648,4194,5,"Superb product, exceeded expectations.",2025-03-24
4923,149,4218,4,"Superb product, exceeded expectations.",2022-08-31
4924,1285,1292,5,Amazing value for money.,2020-03-18
4925,3128,2243,4,Amazing value for money.,2025-03-19
4926,4595,3266,1,Disappointed with the purchase.,2024-07-29
4927,385,4054,5,"Exactly as described, satisfied.",2025-02-05
4928,2417,2312,4,"Superb product, exceeded expectations.",2024-02-17
4929,868,2527,4,"Superb product, exceeded expectations.",2025-03-15
4930,2889,4433,3,Average experience overall.,2026-08-09
4931,3220,4389,1,Disappointed with the purchase.,2021-02-28
4932,2741,2534,3,Average experience overall.,2025-12-30
4933,2690,4549,3,"Product is okay, does the job.",2025-10-25
4934,4482,1440,3,Average experience overall.,2023-11-14
4935,987,2060,2,Not worth the price.,2022-04-22
4936,1823,3023,4,"Excellent product, highly recommend!",2025-05-03
4937,3550,1269,4,"Superb product, exceeded expectations.",2025-08-12
4938,4390,724,3,Decent product for daily use.,2026-08-01
4939,191,1785,2,"Not as expected, quality is average.",2021-04-25
4940,2449,2870,1,Product stopped working after a week.,2024-12-24
4941,4724,4382,1,Poor quality material used.,2024-03-31
4942,1438,3660,1,Not worth the price.,2021-05-09
4943,2667,62,2,Product stopped working after a week.,2024-12-12
4944,4024,515,4,"Great build quality, will buy again.",2023-07-22
4945,2136,762,2,Disappointed with the purchase.,2023-01-05
4946,4723,4886,3,"It's fine, nothing special.",2023-10-31
4947,1417,4391,5,Fast delivery and great packaging.,2022-04-03
4948,3184,3957,3,Average experience overall.,2022-06-03
4949,3011,3769,5,"Works perfectly, no issues so far.",2024-06-18
4950,4847,4014,3,"Product is okay, does the job.",2025-04-08
4951,1835,3038,1,Item received was different from the picture.,2021-06-21
4952,79,3662,1,Not worth the price.,2021-07-18
4953,2538,4042,5,"Great build quality, will buy again.",2024-08-23
4954,2721,4684,2,Delivery was delayed by many days.,2025-07-15
4955,1377,2743,5,Very good quality for the price.,2021-02-17
4956,1104,3860,3,Decent product for daily use.,2026-02-01
4957,3884,2740,5,Fast delivery and great packaging.,2023-09-03
4958,1089,1186,5,Very good quality for the price.,2025-02-13
4959,4540,3251,5,"Great build quality, will buy again.",2021-06-10
4960,2377,486,5,Very good quality for the price.,2020-01-25
4961,1522,4758,1,Product stopped working after a week.,2024-10-24
4962,4375,4845,2,Packaging was damaged on arrival.,2022-10-05
4963,885,4835,3,"Product is okay, does the job.",2021-09-14
4964,1916,1146,5,Very good quality for the price.,2024-11-02
4965,1148,3641,3,Decent product for daily use.,2021-06-10
4966,3344,4274,1,Not worth the price.,2025-03-26
4967,4249,518,2,Packaging was damaged on arrival.,2020-04-28
4968,3797,145,3,Average experience overall.,2026-01-04
4969,3177,1678,5,Very good quality for the price.,2025-12-06
4970,489,177,5,"Works perfectly, no issues so far.",2023-01-04
4971,1509,3990,1,Item received was different from the picture.,2024-11-17
4972,3219,2305,4,"Superb product, exceeded expectations.",2024-08-30
4973,4078,1353,4,"Superb product, exceeded expectations.",2024-04-12
4974,60,1008,5,"Great build quality, will buy again.",2022-10-06
4975,37,2875,5,"Exactly as described, satisfied.",2025-06-24
4976,986,4704,2,Packaging was damaged on arrival.,2021-12-02
4977,1414,213,2,Packaging was damaged on arrival.,2022-02-12
4978,1924,2945,4,"Great build quality, will buy again.",2021-06-26
4979,1661,2736,3,"It's fine, nothing special.",2023-09-15
4980,3593,4137,5,"Exactly as described, satisfied.",2023-11-25
4981,1764,4593,5,Very good quality for the price.,2025-01-12
4982,12,2563,3,"It's fine, nothing special.",2020-12-24
4983,3096,2354,1,"Not as expected, quality is average.",2022-11-07
4984,1607,3047,5,Fast delivery and great packaging.,2020-04-12
4985,4845,2042,3,"It's fine, nothing special.",2025-04-22
4986,2243,748,5,"Excellent product, highly recommend!",2020-10-11
4987,2627,4258,3,Average experience overall.,2024-10-04
4988,3390,4807,5,Fast delivery and great packaging.,2024-08-01
4989,4916,2400,2,Not worth the price.,2024-05-07
4990,4854,3029,5,"Exactly as described, satisfied.",2023-10-30
4991,1336,4527,2,Product stopped working after a week.,2024-07-08
4992,2781,3945,2,Product stopped working after a week.,2023-03-17
4993,2696,4702,5,"Excellent product, highly recommend!",2023-03-11
4994,110,4490,4,Fast delivery and great packaging.,2021-11-28
4995,2782,3764,2,Packaging was damaged on arrival.,2021-12-09
4996,454,2064,4,"Superb product, exceeded expectations.",2025-07-25
4997,2110,2425,1,Packaging was damaged on arrival.,2022-11-02
4998,1663,2973,4,"Works perfectly, no issues so far.",2025-09-22
4999,2407,1626,2,Product stopped working after a week.,2025-03-29
5000,950,2199,4,"Superb product, exceeded expectations.",2025-06-07
