SellerID,SellerName,City,Rating,JoinedDate
1,Reddy Mart,Bengaluru,4,2017-08-24
2,Sivaraman Mart,Chandigarh,5,2015-11-30
3,Nair Mart,Coimbatore,2,2018-08-11
4,Pandian Hub,Chandigarh,4,2024-03-09
5,Balasubramaniam Store,Delhi,5,2017-01-27
6,Gounder Retail,Thiruvananthapuram,5,2017-11-01
7,Sundaram Hub,Bengaluru,4,2016-01-21
8,Sundaram Distributors,Ahmedabad,5,2015-02-24
9,Patel Traders,Nagpur,5,2020-04-04
10,Nair Ventures,Kochi,3,2016-05-01
11,Patel Emporium,Chennai,1,2022-02-27
12,Bansal Retail,Chennai,3,2019-12-01
13,Nair Distributors,Visakhapatnam,2,2024-05-29
14,Malhotra Traders,Kolkata,1,2019-09-01
15,Chettiar Hub,Chennai,3,2020-07-02
16,Chatterjee Ventures,Bengaluru,4,2019-03-17
17,Raj Mart,Hyderabad,2,2017-04-27
18,Nair Retail,Surat,2,2026-06-05
19,Shetty Hub,Mysuru,5,2017-01-01
20,Mukherjee Enterprises,Visakhapatnam,5,2023-02-20
21,Chandrasekar Distributors,Visakhapatnam,4,2019-07-21
22,Thiagarajan Ventures,Tiruchirappalli,2,2019-10-09
23,Bansal Traders,Mumbai,2,2024-06-25
24,Iyer Ventures,Mumbai,5,2025-10-31
25,Desai Distributors,Vijayawada,5,2026-08-05
26,Rao Emporium,Ahmedabad,4,2016-08-15
27,Joshi Store,Indore,5,2020-09-17
28,Chopra Hub,Kolkata,4,2018-09-10
29,Krishnan Hub,Chandigarh,4,2015-07-18
30,Iyer Hub,Surat,3,2020-06-19
31,Subramaniam Mart,Chandigarh,2,2026-02-02
32,Rao Retail,Kolkata,5,2015-01-13
33,Gupta Enterprises,Surat,2,2017-06-01
34,Trivedi Enterprises,Hyderabad,5,2023-08-10
35,Reddy Mart,Jaipur,1,2018-02-27
36,Pillai Retail,Indore,3,2018-07-27
37,Thiagarajan Emporium,Pune,3,2021-10-09
38,Reddy Traders,Mumbai,1,2024-06-28
39,Mishra Ventures,Chennai,5,2016-05-07
40,Singh Ventures,Delhi,5,2023-10-02
41,Kapoor Retail,Kochi,5,2018-06-11
42,Reddy Hub,Chennai,1,2025-10-15
43,Annamalai Enterprises,Jaipur,5,2024-02-21
44,Gounder Traders,Kolkata,5,2019-01-18
45,Chandrasekar Traders,Visakhapatnam,3,2018-09-05
46,Sivaraman Traders,Surat,3,2026-06-22
47,Sharma Hub,Jaipur,4,2019-10-15
48,Annamalai Mart,Delhi,2,2016-11-28
49,Chopra Mart,Delhi,2,2018-12-01
50,Mukherjee Store,Kochi,4,2015-08-20
51,Chopra Mart,Tiruchirappalli,2,2018-01-05
52,Deshpande Wholesale,Mumbai,1,2017-07-25
53,Venkatesan Distributors,Visakhapatnam,1,2024-10-19
54,Mehta Distributors,Indore,2,2015-06-08
55,Shetty Traders,Visakhapatnam,5,2024-05-07
56,Raj Mart,Indore,2,2017-07-20
57,Balasubramaniam Store,Thiruvananthapuram,4,2022-02-25
58,Subramaniam Store,Surat,5,2023-10-29
59,Malhotra Retail,Visakhapatnam,4,2022-08-28
60,Mudaliar Enterprises,Tiruchirappalli,2,2016-04-11
61,Balasubramaniam Mart,Vellore,1,2021-07-27
62,Iyer Enterprises,Madurai,3,2023-02-27
63,Ramanathan Emporium,Vijayawada,3,2021-03-15
64,Shetty Distributors,Tiruchirappalli,4,2018-05-10
65,Rajan Retail,Mysuru,1,2023-05-19
66,Kumar Wholesale,Coimbatore,3,2022-12-24
67,Rao Ventures,Lucknow,3,2018-06-06
68,Iyer Distributors,Mumbai,2,2017-01-29
69,Venkatesan Wholesale,Nagpur,5,2019-05-07
70,Bansal Enterprises,Hyderabad,3,2018-08-30
71,Reddy Store,Nagpur,4,2019-09-20
72,Rao Emporium,Vijayawada,4,2016-06-10
73,Sharma Retail,Madurai,1,2025-07-03
74,Bhatt Store,Bhopal,3,2015-03-18
75,Bhatt Wholesale,Lucknow,3,2016-12-29
76,Thiagarajan Hub,Surat,3,2024-02-04
77,Menon Traders,Nagpur,3,2025-07-19
78,Gounder Traders,Chandigarh,4,2020-12-24
79,Murugan Enterprises,Visakhapatnam,4,2023-12-20
80,Agarwal Hub,Bhopal,4,2022-01-07
81,Rangan Mart,Vellore,5,2022-05-07
82,Reddy Wholesale,Coimbatore,3,2019-07-05
83,Kulkarni Mart,Kolkata,2,2018-06-13
84,Chandrasekar Distributors,Indore,5,2019-03-11
85,Patel Emporium,Vellore,5,2017-10-10
86,Pillai Distributors,Chennai,5,2026-03-29
87,Sivaraman Retail,Coimbatore,2,2016-03-08
88,Mehta Hub,Vijayawada,3,2018-02-13
89,Rao Retail,Indore,4,2018-04-07
90,Mehta Mart,Lucknow,5,2024-09-05
91,Gupta Store,Hyderabad,5,2015-10-16
92,Trivedi Distributors,Vellore,5,2024-10-01
93,Kapoor Traders,Jaipur,1,2019-04-26
94,Murugan Ventures,Madurai,2,2025-07-15
95,Iyer Enterprises,Mysuru,2,2026-01-20
96,Chopra Retail,Coimbatore,1,2018-05-16
97,Mehta Mart,Thiruvananthapuram,4,2020-01-05
98,Mukherjee Hub,Indore,5,2019-12-27
99,Ramanathan Wholesale,Chandigarh,5,2021-05-24
100,Subramaniam Traders,Kolkata,2,2025-05-19
101,Naidu Distributors,Surat,5,2020-08-22
102,Malhotra Store,Chandigarh,1,2018-02-20
103,Chettiar Wholesale,Nagpur,2,2022-06-27
104,Pandey Retail,Mumbai,4,2021-03-05
105,Trivedi Ventures,Kolkata,1,2024-04-04
106,Mishra Retail,Kochi,4,2020-04-23
107,Singh Retail,Pune,5,2019-06-11
108,Mukherjee Ventures,Kochi,5,2026-01-22
109,Trivedi Emporium,Salem,1,2018-11-29
110,Naidu Mart,Salem,2,2018-02-10
111,Mudaliar Retail,Delhi,1,2025-06-20
112,Thiagarajan Retail,Thiruvananthapuram,3,2025-09-07
113,Rajan Enterprises,Vijayawada,4,2015-11-29
114,Patel Ventures,Coimbatore,2,2015-12-01
115,Singh Wholesale,Madurai,2,2016-10-16
116,Annamalai Retail,Ahmedabad,5,2015-11-14
117,Nair Wholesale,Indore,5,2018-09-04
118,Bose Emporium,Jaipur,1,2015-10-24
119,Sundaram Ventures,Nagpur,1,2023-02-15
120,Chandrasekar Wholesale,Delhi,3,2019-08-13
121,Rangan Hub,Bengaluru,1,2019-08-30
122,Venkatesan Traders,Delhi,5,2022-12-03
123,Deshpande Ventures,Hyderabad,4,2020-10-29
124,Chandrasekar Wholesale,Bengaluru,4,2018-05-29
125,Murugan Enterprises,Vijayawada,5,2026-04-18
126,Deshpande Mart,Salem,1,2022-11-09
127,Patel Traders,Kolkata,1,2024-01-27
128,Chopra Enterprises,Chandigarh,3,2026-02-11
129,Nair Traders,Hyderabad,2,2022-08-01
130,Iyengar Hub,Pune,3,2022-05-22
131,Mehta Enterprises,Ahmedabad,3,2019-04-27
132,Mukherjee Hub,Kochi,2,2016-06-29
133,Trivedi Mart,Madurai,1,2023-04-16
134,Joshi Distributors,Vijayawada,1,2021-12-25
135,Malhotra Ventures,Madurai,4,2023-11-16
136,Sivaraman Store,Bhopal,5,2021-10-09
137,Pillai Hub,Tiruchirappalli,4,2023-04-14
138,Rao Enterprises,Pune,1,2024-07-30
139,Ramanathan Wholesale,Vijayawada,3,2025-04-24
140,Raj Enterprises,Vijayawada,1,2016-11-22
141,Bose Emporium,Mysuru,1,2020-08-25
142,Patel Store,Delhi,4,2021-06-17
143,Kulkarni Emporium,Mysuru,1,2023-02-13
144,Natarajan Emporium,Pune,3,2021-02-20
145,Mukherjee Traders,Jaipur,2,2016-01-07
146,Venkatesan Mart,Bhopal,5,2024-08-26
147,Krishnan Hub,Salem,2,2023-05-27
148,Pandian Ventures,Indore,2,2016-06-17
149,Agarwal Store,Vijayawada,5,2024-07-17
150,Nair Distributors,Madurai,2,2024-01-12
151,Bose Hub,Pune,5,2015-05-11
152,Trivedi Wholesale,Indore,4,2020-10-03
153,Agarwal Mart,Indore,5,2019-04-30
154,Mehta Store,Coimbatore,2,2023-03-04
155,Saxena Distributors,Mumbai,5,2021-01-31
156,Mishra Retail,Bhopal,1,2019-12-19
157,Joshi Distributors,Delhi,2,2020-12-21
158,Deshpande Store,Jaipur,4,2024-03-09
159,Iyer Wholesale,Thiruvananthapuram,2,2019-09-15
160,Venkatesan Traders,Kochi,4,2015-11-12
161,Mehta Hub,Delhi,5,2024-08-06
162,Annamalai Hub,Delhi,4,2026-06-29
163,Rao Emporium,Visakhapatnam,5,2023-08-29
164,Gupta Traders,Surat,4,2017-05-12
165,Trivedi Mart,Mumbai,1,2018-04-05
166,Sundaram Enterprises,Visakhapatnam,4,2025-12-16
167,Shetty Hub,Mumbai,2,2025-10-08
168,Bansal Emporium,Tiruchirappalli,2,2019-12-31
169,Mudaliar Mart,Mumbai,5,2015-02-23
170,Singh Distributors,Bhopal,4,2017-08-16
171,Reddy Wholesale,Chandigarh,1,2022-12-13
172,Venkatesan Hub,Salem,3,2020-12-15
173,Gupta Emporium,Visakhapatnam,5,2024-04-07
174,Iyengar Ventures,Coimbatore,1,2024-05-04
175,Chopra Enterprises,Madurai,1,2020-05-22
176,Trivedi Retail,Surat,2,2021-06-30
177,Kulkarni Distributors,Coimbatore,1,2021-11-26
178,Bhatt Emporium,Mysuru,4,2016-02-26
179,Nair Ventures,Pune,4,2017-03-24
180,Annamalai Enterprises,Mumbai,2,2025-01-25
181,Deshpande Retail,Coimbatore,2,2024-01-22
182,Iyer Emporium,Vijayawada,5,2022-11-15
183,Pandian Store,Pune,2,2022-08-15
184,Rajan Emporium,Bhopal,3,2023-10-19
185,Kumar Retail,Madurai,3,2022-12-13
186,Nair Emporium,Vijayawada,1,2025-08-20
187,Gounder Wholesale,Nagpur,5,2023-09-10
188,Venkatesan Wholesale,Pune,1,2026-07-18
189,Sundaram Emporium,Vijayawada,3,2017-01-31
190,Kulkarni Emporium,Lucknow,1,2025-08-11
191,Mishra Emporium,Lucknow,4,2025-10-13
192,Deshpande Mart,Mysuru,3,2025-04-10
193,Thiagarajan Traders,Salem,1,2021-05-18
194,Sivaraman Enterprises,Mumbai,3,2016-07-26
195,Pillai Store,Thiruvananthapuram,5,2017-08-06
196,Desai Retail,Nagpur,1,2022-04-03
197,Deshpande Mart,Nagpur,1,2021-05-11
198,Raj Retail,Kolkata,3,2020-11-03
199,Iyengar Wholesale,Bengaluru,4,2024-06-27
200,Kapoor Mart,Jaipur,1,2019-11-24
201,Mishra Hub,Indore,1,2016-02-04
202,Mukherjee Emporium,Jaipur,5,2024-07-01
203,Saxena Wholesale,Bhopal,5,2019-01-19
204,Pandian Mart,Tiruchirappalli,5,2018-03-08
205,Kumar Emporium,Delhi,5,2015-08-02
206,Patel Emporium,Nagpur,4,2026-02-27
207,Naidu Ventures,Coimbatore,1,2023-05-31
208,Rangan Mart,Bhopal,5,2021-12-19
209,Naidu Wholesale,Hyderabad,2,2024-07-22
210,Sundaram Ventures,Bengaluru,4,2020-05-05
211,Bose Wholesale,Vellore,5,2026-07-13
212,Gupta Retail,Jaipur,2,2025-09-21
213,Annamalai Wholesale,Delhi,4,2020-07-03
214,Ramanathan Store,Vellore,4,2024-01-17
215,Kulkarni Ventures,Bengaluru,3,2017-12-27
216,Venkatesan Distributors,Ahmedabad,2,2022-04-11
217,Desai Distributors,Lucknow,5,2018-06-14
218,Mukherjee Wholesale,Jaipur,2,2019-06-25
219,Kulkarni Wholesale,Tiruchirappalli,4,2022-03-27
220,Joshi Hub,Lucknow,5,2018-03-12
221,Subramaniam Retail,Mysuru,2,2020-11-30
222,Iyengar Distributors,Vellore,3,2019-09-16
223,Malhotra Mart,Kochi,4,2016-02-10
224,Ramanathan Distributors,Bhopal,2,2024-11-21
225,Trivedi Wholesale,Mumbai,5,2017-04-12
226,Venkatesan Ventures,Lucknow,1,2025-06-08
227,Pandey Traders,Vijayawada,2,2025-03-22
228,Iyer Distributors,Ahmedabad,4,2021-01-20
229,Naidu Ventures,Coimbatore,3,2025-09-10
230,Shetty Wholesale,Nagpur,3,2026-07-31
231,Desai Store,Hyderabad,5,2022-05-24
232,Gounder Store,Surat,4,2025-04-06
233,Mudaliar Emporium,Nagpur,4,2016-12-31
234,Chopra Traders,Mumbai,2,2015-04-21
235,Ramanathan Retail,Vellore,2,2020-01-01
236,Venkatesan Retail,Ahmedabad,2,2022-10-25
237,Nair Distributors,Visakhapatnam,2,2023-11-21
238,Iyer Mart,Jaipur,1,2016-07-13
239,Bhatt Retail,Thiruvananthapuram,2,2022-12-08
240,Menon Ventures,Delhi,4,2023-02-15
241,Annamalai Mart,Vellore,5,2022-10-17
242,Chandrasekar Wholesale,Lucknow,2,2016-12-19
243,Pillai Ventures,Visakhapatnam,2,2022-10-13
244,Sivaraman Emporium,Indore,3,2018-10-19
245,Bhatt Enterprises,Tiruchirappalli,4,2019-01-05
246,Reddy Emporium,Mysuru,1,2020-05-12
247,Menon Traders,Kolkata,2,2021-12-28
248,Chettiar Retail,Kolkata,2,2021-12-28
249,Bhatt Mart,Thiruvananthapuram,5,2025-03-10
250,Kulkarni Emporium,Vellore,3,2026-07-29
251,Subramaniam Ventures,Chennai,1,2015-04-24
252,Chandrasekar Retail,Indore,2,2018-04-26
253,Trivedi Enterprises,Surat,4,2019-09-10
254,Bose Traders,Visakhapatnam,3,2022-04-08
255,Chandrasekar Emporium,Hyderabad,3,2019-02-22
256,Shetty Wholesale,Mumbai,3,2017-04-18
257,Joshi Emporium,Ahmedabad,4,2022-06-09
258,Sundaram Retail,Madurai,5,2019-03-26
259,Rao Store,Bhopal,3,2015-08-08
260,Balasubramaniam Hub,Visakhapatnam,4,2022-12-24
261,Iyer Distributors,Mumbai,3,2024-04-03
262,Chandrasekar Enterprises,Mysuru,5,2022-01-25
263,Deshpande Enterprises,Lucknow,2,2016-01-14
264,Gounder Traders,Vijayawada,4,2019-05-15
265,Rao Retail,Ahmedabad,4,2024-03-14
266,Gupta Hub,Mysuru,2,2016-03-24
267,Iyer Wholesale,Delhi,5,2021-04-23
268,Pandey Store,Coimbatore,2,2016-03-30
269,Iyengar Retail,Delhi,3,2016-02-29
270,Gounder Enterprises,Jaipur,3,2016-03-28
271,Pandey Emporium,Madurai,5,2025-08-10
272,Kulkarni Enterprises,Hyderabad,2,2022-12-21
273,Desai Mart,Thiruvananthapuram,1,2020-01-10
274,Sundaram Emporium,Tiruchirappalli,5,2020-06-23
275,Mudaliar Wholesale,Bhopal,5,2017-03-25
276,Chandrasekar Emporium,Chandigarh,1,2017-12-07
277,Chandrasekar Wholesale,Bengaluru,1,2019-02-10
278,Desai Store,Nagpur,2,2018-05-30
279,Reddy Mart,Mumbai,3,2022-03-19
280,Singh Store,Ahmedabad,3,2022-07-10
281,Joshi Emporium,Nagpur,2,2023-04-27
282,Rao Mart,Lucknow,3,2016-09-28
283,Rajan Mart,Mumbai,4,2025-05-14
284,Reddy Wholesale,Salem,5,2024-06-28
285,Kulkarni Emporium,Bengaluru,1,2020-04-25
286,Murugan Traders,Kolkata,3,2021-09-19
287,Natarajan Traders,Coimbatore,3,2024-05-08
288,Nair Ventures,Chennai,4,2019-12-24
289,Singh Emporium,Kochi,1,2020-12-09
290,Subramaniam Wholesale,Nagpur,1,2023-09-29
291,Venkatesan Ventures,Pune,4,2020-01-26
292,Shetty Retail,Madurai,2,2017-04-10
293,Rajan Distributors,Visakhapatnam,4,2017-06-07
294,Verma Ventures,Thiruvananthapuram,5,2021-10-18
295,Sundaram Ventures,Madurai,5,2022-05-06
296,Bose Emporium,Mysuru,4,2025-08-07
297,Balasubramaniam Wholesale,Indore,3,2025-01-24
298,Ramanathan Wholesale,Kochi,2,2017-02-05
299,Nair Hub,Jaipur,3,2015-06-25
300,Joshi Emporium,Chandigarh,3,2025-11-21
301,Murugan Enterprises,Hyderabad,3,2022-07-13
302,Reddy Distributors,Hyderabad,4,2026-02-11
303,Bose Traders,Pune,1,2022-11-12
304,Bhatt Hub,Vijayawada,1,2015-11-04
305,Nair Distributors,Bhopal,3,2017-10-14
306,Pandian Mart,Ahmedabad,1,2018-10-21
307,Reddy Traders,Lucknow,1,2019-08-29
308,Krishnan Hub,Indore,4,2025-11-06
309,Agarwal Store,Thiruvananthapuram,4,2021-09-01
310,Menon Emporium,Tiruchirappalli,2,2024-04-15
311,Trivedi Retail,Chennai,1,2019-05-14
312,Bose Enterprises,Coimbatore,4,2023-11-18
313,Sundaram Traders,Indore,4,2025-06-19
314,Nair Enterprises,Hyderabad,5,2016-02-12
315,Balasubramaniam Store,Hyderabad,3,2017-08-26
316,Chandrasekar Emporium,Coimbatore,4,2018-11-04
317,Chopra Ventures,Vellore,5,2022-12-02
318,Ramanathan Mart,Chandigarh,3,2022-05-15
319,Mehta Distributors,Kochi,5,2020-01-25
320,Natarajan Wholesale,Mumbai,2,2025-01-09
321,Patel Wholesale,Surat,2,2020-10-17
322,Nair Store,Indore,2,2019-06-27
323,Pandian Mart,Kochi,2,2020-12-30
324,Bose Wholesale,Nagpur,1,2015-02-08
325,Kumar Traders,Surat,1,2019-08-11
326,Reddy Hub,Indore,4,2016-11-17
327,Joshi Store,Salem,2,2019-09-06
328,Gounder Enterprises,Coimbatore,4,2019-06-27
329,Joshi Mart,Nagpur,5,2023-05-22
330,Agarwal Mart,Kolkata,1,2015-02-27
331,Krishnan Store,Thiruvananthapuram,3,2022-11-02
332,Saxena Distributors,Coimbatore,1,2020-11-26
333,Ramanathan Mart,Coimbatore,4,2019-11-24
334,Chatterjee Retail,Chennai,2,2018-01-05
335,Shetty Ventures,Chennai,1,2024-11-19
336,Gupta Mart,Tiruchirappalli,4,2022-05-09
337,Thiagarajan Distributors,Coimbatore,3,2021-11-11
338,Trivedi Emporium,Chandigarh,2,2018-11-16
339,Pillai Retail,Chandigarh,2,2023-12-20
340,Chopra Ventures,Nagpur,3,2025-08-18
341,Mishra Distributors,Pune,5,2015-12-27
342,Desai Enterprises,Surat,5,2017-05-03
343,Trivedi Enterprises,Indore,1,2017-12-03
344,Nair Retail,Mumbai,1,2020-02-22
345,Gounder Emporium,Kolkata,1,2016-10-17
346,Trivedi Traders,Kochi,4,2018-02-17
347,Iyer Ventures,Chandigarh,2,2024-12-02
348,Kapoor Mart,Visakhapatnam,1,2017-02-03
349,Mukherjee Distributors,Jaipur,3,2015-09-15
350,Singh Wholesale,Chandigarh,4,2017-02-26
351,Mukherjee Mart,Bhopal,1,2022-05-01
352,Iyer Distributors,Chennai,1,2017-08-02
353,Bansal Hub,Vijayawada,5,2018-10-26
354,Raj Ventures,Surat,1,2025-05-20
355,Mudaliar Hub,Mysuru,1,2015-04-15
356,Pillai Wholesale,Lucknow,2,2022-08-31
357,Deshpande Ventures,Ahmedabad,4,2019-06-08
358,Raj Wholesale,Nagpur,4,2021-11-01
359,Verma Ventures,Kochi,2,2021-06-24
360,Kulkarni Mart,Chandigarh,3,2017-06-24
361,Krishnan Store,Surat,5,2018-04-05
362,Ramanathan Distributors,Ahmedabad,5,2022-12-16
363,Kapoor Distributors,Mumbai,5,2018-07-02
364,Iyer Emporium,Thiruvananthapuram,4,2018-01-09
365,Chettiar Mart,Ahmedabad,1,2018-12-29
366,Mukherjee Wholesale,Salem,5,2023-02-01
367,Singh Mart,Vijayawada,2,2025-03-25
368,Venkatesan Ventures,Nagpur,3,2019-12-11
369,Chettiar Store,Chandigarh,4,2023-08-16
370,Reddy Ventures,Kochi,4,2023-07-18
371,Saxena Traders,Delhi,4,2016-11-11
372,Singh Mart,Vijayawada,5,2024-02-29
373,Ramanathan Store,Coimbatore,2,2022-03-20
374,Verma Wholesale,Salem,3,2018-01-02
375,Bhatt Traders,Hyderabad,5,2019-07-02
376,Kumar Store,Delhi,1,2016-10-28
377,Bansal Mart,Coimbatore,1,2018-04-07
378,Bose Traders,Lucknow,3,2015-12-27
379,Raj Traders,Tiruchirappalli,5,2018-08-29
380,Chettiar Distributors,Chandigarh,4,2024-04-14
381,Desai Store,Madurai,5,2025-09-24
382,Mukherjee Store,Hyderabad,5,2021-02-23
383,Mishra Wholesale,Mysuru,1,2023-07-07
384,Rangan Retail,Kochi,5,2022-05-10
385,Rao Retail,Bhopal,4,2020-12-30
386,Krishnan Store,Indore,5,2023-02-15
387,Chopra Hub,Surat,3,2026-08-01
388,Bose Enterprises,Bhopal,2,2018-05-15
389,Pillai Store,Tiruchirappalli,1,2017-01-28
390,Rangan Emporium,Hyderabad,4,2025-08-23
391,Naidu Retail,Mysuru,1,2025-04-09
392,Desai Ventures,Ahmedabad,5,2019-06-02
393,Venkatesan Distributors,Delhi,5,2016-10-05
394,Murugan Emporium,Vijayawada,4,2016-12-07
395,Gounder Wholesale,Bengaluru,4,2021-03-10
396,Nair Mart,Mumbai,1,2023-11-25
397,Pandian Distributors,Mysuru,4,2018-06-03
398,Shetty Traders,Hyderabad,5,2022-05-17
399,Bhatt Traders,Vijayawada,1,2020-04-02
400,Shetty Ventures,Surat,5,2015-08-12
401,Thiagarajan Enterprises,Bengaluru,3,2017-12-29
402,Thiagarajan Hub,Ahmedabad,1,2019-02-05
403,Naidu Ventures,Madurai,3,2019-05-27
404,Mukherjee Store,Indore,4,2016-11-26
405,Bhatt Traders,Surat,5,2025-01-26
406,Nair Hub,Jaipur,5,2017-12-20
407,Menon Hub,Delhi,3,2024-03-28
408,Gounder Mart,Mumbai,4,2017-07-05
409,Raj Retail,Mumbai,4,2015-09-21
410,Reddy Traders,Visakhapatnam,3,2021-09-27
411,Pandey Enterprises,Lucknow,1,2016-04-09
412,Pandey Traders,Bhopal,1,2015-12-30
413,Pillai Ventures,Chandigarh,1,2015-01-25
414,Deshpande Distributors,Delhi,4,2016-02-03
415,Menon Ventures,Vellore,4,2017-09-09
416,Bose Hub,Hyderabad,5,2019-01-06
417,Bose Wholesale,Vellore,2,2018-02-03
418,Chettiar Ventures,Vellore,2,2025-12-16
419,Natarajan Emporium,Madurai,2,2018-10-21
420,Kumar Hub,Coimbatore,4,2019-08-05
421,Pillai Ventures,Tiruchirappalli,1,2025-09-21
422,Venkatesan Hub,Kochi,2,2026-07-18
423,Pandian Hub,Surat,4,2026-02-07
424,Thiagarajan Emporium,Kochi,2,2025-03-12
425,Annamalai Mart,Thiruvananthapuram,4,2019-06-26
426,Bose Mart,Jaipur,3,2025-06-05
427,Naidu Store,Chennai,1,2016-06-29
428,Thiagarajan Ventures,Visakhapatnam,5,2017-03-26
429,Murugan Wholesale,Bhopal,3,2024-04-28
430,Pandey Wholesale,Chandigarh,5,2023-07-23
431,Nair Distributors,Lucknow,3,2019-05-03
432,Venkatesan Traders,Thiruvananthapuram,2,2022-04-04
433,Bansal Ventures,Mumbai,1,2025-04-27
434,Annamalai Emporium,Tiruchirappalli,5,2024-02-23
435,Iyer Store,Hyderabad,4,2022-05-17
436,Pandey Wholesale,Ahmedabad,4,2023-10-22
437,Joshi Enterprises,Delhi,3,2020-12-22
438,Chopra Emporium,Mumbai,2,2025-04-27
439,Rao Hub,Kochi,1,2025-10-17
440,Murugan Distributors,Tiruchirappalli,1,2017-09-10
441,Rajan Ventures,Madurai,2,2021-10-18
442,Mukherjee Mart,Ahmedabad,2,2024-05-22
443,Sharma Store,Delhi,1,2018-06-10
444,Nair Wholesale,Indore,5,2022-04-07
445,Nair Wholesale,Hyderabad,1,2024-01-22
446,Subramaniam Enterprises,Coimbatore,1,2016-02-25
447,Chopra Retail,Nagpur,5,2025-01-01
448,Bansal Wholesale,Kochi,5,2024-11-22
449,Mudaliar Wholesale,Chennai,5,2023-04-07
450,Gupta Wholesale,Bhopal,1,2015-06-24
451,Iyengar Retail,Pune,3,2020-07-25
452,Rajan Store,Vellore,3,2025-10-07
453,Sharma Ventures,Tiruchirappalli,2,2025-10-23
454,Nair Emporium,Ahmedabad,4,2015-03-15
455,Bhatt Hub,Ahmedabad,2,2018-02-27
456,Krishnan Distributors,Coimbatore,2,2017-09-10
457,Reddy Ventures,Pune,1,2019-03-10
458,Menon Mart,Nagpur,2,2016-07-16
459,Balasubramaniam Ventures,Vijayawada,4,2020-04-10
460,Pandian Traders,Coimbatore,4,2015-07-03
461,Murugan Ventures,Kochi,2,2016-12-28
462,Thiagarajan Ventures,Indore,3,2015-10-03
463,Venkatesan Wholesale,Vijayawada,5,2017-05-19
464,Desai Ventures,Jaipur,4,2020-05-25
465,Kapoor Mart,Indore,5,2024-03-16
466,Ramanathan Traders,Kochi,1,2020-10-04
467,Shetty Wholesale,Indore,4,2017-07-17
468,Mudaliar Ventures,Coimbatore,4,2022-05-23
469,Saxena Wholesale,Mumbai,5,2019-01-17
470,Nair Traders,Pune,3,2017-09-29
471,Joshi Emporium,Bengaluru,2,2024-02-01
472,Shetty Distributors,Tiruchirappalli,1,2022-03-30
473,Chatterjee Ventures,Ahmedabad,5,2018-10-29
474,Saxena Ventures,Mumbai,5,2020-10-02
475,Singh Wholesale,Delhi,3,2015-03-17
476,Iyengar Emporium,Nagpur,2,2020-06-01
477,Reddy Emporium,Bengaluru,3,2016-01-12
478,Singh Enterprises,Vijayawada,4,2025-09-26
479,Pillai Emporium,Hyderabad,3,2023-08-30
480,Naidu Emporium,Vijayawada,3,2025-10-06
481,Rao Traders,Kochi,3,2025-04-29
482,Mukherjee Store,Lucknow,5,2015-06-29
483,Naidu Wholesale,Indore,2,2021-03-18
484,Raj Enterprises,Bhopal,1,2015-09-20
485,Iyer Ventures,Chandigarh,2,2019-04-10
486,Trivedi Hub,Coimbatore,2,2024-06-04
487,Annamalai Ventures,Bhopal,1,2017-08-03
488,Thiagarajan Hub,Mumbai,4,2022-08-19
489,Mudaliar Traders,Visakhapatnam,2,2024-10-07
490,Sivaraman Enterprises,Thiruvananthapuram,3,2019-09-07
491,Kapoor Store,Delhi,3,2024-08-03
492,Desai Wholesale,Indore,3,2015-06-13
493,Raj Emporium,Chandigarh,3,2023-07-13
494,Pillai Distributors,Vellore,3,2020-03-01
495,Ramanathan Wholesale,Indore,1,2021-11-21
496,Bhatt Traders,Bhopal,5,2018-03-20
497,Natarajan Mart,Vijayawada,4,2022-12-21
498,Saxena Wholesale,Coimbatore,1,2023-09-25
499,Sharma Enterprises,Mumbai,4,2026-02-12
500,Iyer Enterprises,Bengaluru,1,2018-09-18
501,Rajan Hub,Ahmedabad,2,2017-11-02
502,Mukherjee Traders,Coimbatore,3,2024-09-18
503,Bhatt Retail,Bengaluru,4,2017-05-08
504,Annamalai Store,Lucknow,3,2021-07-08
505,Nair Traders,Visakhapatnam,2,2022-07-19
506,Pillai Hub,Delhi,5,2021-03-26
507,Iyer Hub,Lucknow,1,2019-03-13
508,Menon Enterprises,Tiruchirappalli,5,2020-01-08
509,Agarwal Traders,Bengaluru,4,2022-08-28
510,Naidu Mart,Lucknow,5,2019-05-10
511,Kapoor Enterprises,Indore,2,2016-03-26
512,Malhotra Retail,Pune,2,2021-03-16
513,Rajan Retail,Salem,2,2017-05-31
514,Chettiar Traders,Vellore,4,2022-03-20
515,Natarajan Enterprises,Tiruchirappalli,1,2018-12-10
516,Kumar Ventures,Ahmedabad,3,2022-09-02
517,Singh Store,Visakhapatnam,4,2019-06-02
518,Bhatt Ventures,Chennai,3,2020-06-02
519,Trivedi Mart,Bengaluru,4,2018-04-04
520,Kumar Hub,Salem,5,2023-04-07
521,Mudaliar Hub,Jaipur,2,2018-01-02
522,Pandey Retail,Kochi,1,2019-05-16
523,Balasubramaniam Traders,Chandigarh,5,2018-09-07
524,Mishra Hub,Bengaluru,2,2019-12-10
525,Kapoor Hub,Bhopal,3,2022-08-07
526,Raj Enterprises,Bengaluru,3,2023-01-28
527,Krishnan Traders,Madurai,3,2025-08-16
528,Balasubramaniam Ventures,Tiruchirappalli,5,2024-10-07
529,Mukherjee Emporium,Ahmedabad,2,2017-05-12
530,Pandian Enterprises,Kochi,1,2021-06-14
531,Thiagarajan Distributors,Coimbatore,5,2018-11-07
532,Venkatesan Store,Chennai,5,2020-03-11
533,Balasubramaniam Distributors,Madurai,2,2017-02-12
534,Desai Ventures,Jaipur,5,2025-08-04
535,Raj Ventures,Jaipur,2,2024-09-01
536,Pandian Emporium,Chandigarh,2,2024-12-07
537,Rangan Enterprises,Hyderabad,3,2022-01-24
538,Pandian Ventures,Vijayawada,2,2022-08-28
539,Kumar Enterprises,Nagpur,5,2019-11-02
540,Bansal Distributors,Jaipur,4,2015-01-17
541,Joshi Wholesale,Bhopal,4,2020-11-25
542,Gupta Emporium,Jaipur,2,2023-12-10
543,Reddy Mart,Bhopal,5,2020-10-25
544,Reddy Enterprises,Kolkata,4,2024-06-20
545,Iyer Traders,Ahmedabad,2,2020-11-26
546,Sundaram Wholesale,Pune,2,2023-05-06
547,Kumar Emporium,Vellore,5,2025-10-06
548,Bansal Store,Ahmedabad,3,2024-07-04
549,Shetty Wholesale,Bhopal,4,2017-10-12
550,Gupta Store,Surat,1,2022-04-17
551,Kulkarni Distributors,Mumbai,5,2015-02-21
552,Gupta Traders,Tiruchirappalli,5,2024-06-19
553,Mishra Distributors,Delhi,2,2016-06-11
554,Gupta Retail,Nagpur,1,2017-06-05
555,Mehta Hub,Indore,5,2024-02-16
556,Pandey Store,Surat,4,2021-12-18
557,Trivedi Emporium,Thiruvananthapuram,3,2026-07-05
558,Bhatt Store,Surat,2,2016-09-04
559,Bansal Store,Tiruchirappalli,3,2022-03-12
560,Gupta Retail,Thiruvananthapuram,3,2015-08-25
561,Kapoor Ventures,Bhopal,2,2023-11-22
562,Rangan Mart,Kochi,5,2015-10-26
563,Chettiar Distributors,Vellore,3,2022-05-17
564,Chatterjee Enterprises,Lucknow,1,2024-03-28
565,Nair Enterprises,Nagpur,3,2021-05-03
566,Kumar Traders,Salem,5,2023-04-15
567,Thiagarajan Ventures,Vellore,5,2020-05-15
568,Subramaniam Mart,Tiruchirappalli,1,2018-10-30
569,Natarajan Traders,Coimbatore,3,2018-10-14
570,Iyer Mart,Lucknow,5,2024-04-11
571,Trivedi Mart,Delhi,1,2016-01-28
572,Mukherjee Mart,Salem,3,2017-08-23
573,Mehta Enterprises,Tiruchirappalli,1,2020-08-15
574,Kulkarni Hub,Salem,5,2015-08-25
575,Bhatt Emporium,Chennai,2,2016-02-10
576,Pillai Distributors,Mysuru,1,2019-03-03
577,Joshi Wholesale,Tiruchirappalli,1,2021-07-30
578,Gupta Ventures,Visakhapatnam,2,2017-11-13
579,Kumar Retail,Hyderabad,3,2018-06-26
580,Verma Mart,Kochi,2,2019-01-18
581,Annamalai Traders,Vellore,3,2025-04-28
582,Verma Retail,Kochi,5,2020-05-14
583,Mehta Traders,Visakhapatnam,2,2017-04-21
584,Reddy Mart,Jaipur,2,2021-04-02
585,Nair Enterprises,Salem,2,2017-09-24
586,Kumar Emporium,Thiruvananthapuram,2,2017-02-07
587,Bose Distributors,Bengaluru,5,2015-02-26
588,Mishra Store,Nagpur,4,2019-11-02
589,Patel Hub,Coimbatore,2,2026-02-24
590,Rajan Retail,Indore,2,2017-08-21
591,Bose Retail,Chennai,3,2015-09-05
592,Malhotra Ventures,Vellore,2,2023-09-20
593,Pandey Enterprises,Vijayawada,4,2022-01-10
594,Sharma Wholesale,Coimbatore,3,2018-04-02
595,Rao Distributors,Chennai,2,2023-04-10
596,Deshpande Mart,Vijayawada,4,2016-08-03
597,Singh Emporium,Jaipur,2,2021-02-03
598,Patel Mart,Vellore,2,2023-03-05
599,Gounder Traders,Chandigarh,3,2016-07-01
600,Kulkarni Wholesale,Indore,1,2020-10-22
601,Saxena Hub,Bengaluru,5,2020-02-21
602,Kumar Mart,Visakhapatnam,1,2015-10-03
603,Iyengar Traders,Chandigarh,2,2025-05-20
604,Subramaniam Hub,Coimbatore,3,2021-07-01
605,Rajan Ventures,Vellore,3,2023-11-01
606,Singh Retail,Kochi,2,2016-11-21
607,Thiagarajan Store,Kolkata,4,2021-07-30
608,Kulkarni Hub,Surat,4,2023-12-18
609,Iyengar Wholesale,Jaipur,4,2021-07-20
610,Krishnan Wholesale,Vijayawada,4,2017-11-14
611,Sivaraman Retail,Mumbai,5,2021-04-12
612,Chatterjee Distributors,Madurai,5,2016-11-08
613,Iyer Distributors,Pune,5,2016-07-04
614,Desai Enterprises,Kolkata,2,2019-07-03
615,Iyer Traders,Kolkata,1,2015-01-30
616,Raj Ventures,Visakhapatnam,3,2025-06-11
617,Nair Enterprises,Thiruvananthapuram,5,2020-12-31
618,Pandey Traders,Visakhapatnam,5,2025-07-07
619,Annamalai Distributors,Visakhapatnam,2,2016-03-07
620,Agarwal Store,Vellore,2,2025-03-12
621,Saxena Enterprises,Madurai,3,2022-10-28
622,Raj Mart,Nagpur,4,2026-04-13
623,Mishra Retail,Bengaluru,1,2024-03-06
624,Reddy Enterprises,Madurai,5,2025-03-08
625,Subramaniam Retail,Kochi,3,2018-06-18
626,Trivedi Enterprises,Coimbatore,4,2020-07-25
627,Mukherjee Distributors,Bhopal,3,2023-10-24
628,Chettiar Retail,Hyderabad,2,2020-08-25
629,Kapoor Store,Lucknow,1,2019-05-05
630,Joshi Traders,Surat,5,2021-02-26
631,Agarwal Wholesale,Chandigarh,3,2025-10-17
632,Joshi Retail,Visakhapatnam,4,2016-06-20
633,Mishra Hub,Pune,1,2019-02-06
634,Iyer Distributors,Kochi,1,2017-05-05
635,Pandian Ventures,Nagpur,3,2025-08-06
636,Annamalai Distributors,Surat,5,2021-03-31
637,Sivaraman Hub,Kochi,2,2016-07-08
638,Saxena Retail,Indore,3,2018-07-23
639,Kumar Emporium,Mysuru,1,2015-04-18
640,Mukherjee Emporium,Nagpur,4,2017-04-27
641,Reddy Wholesale,Salem,2,2021-06-07
642,Sundaram Distributors,Tiruchirappalli,1,2017-01-30
643,Mukherjee Retail,Visakhapatnam,2,2020-02-16
644,Balasubramaniam Hub,Salem,1,2021-04-17
645,Patel Enterprises,Bhopal,5,2016-02-16
646,Menon Enterprises,Delhi,5,2017-03-03
647,Desai Mart,Nagpur,2,2024-12-28
648,Chettiar Ventures,Surat,5,2017-08-06
649,Reddy Hub,Kochi,2,2018-09-24
650,Deshpande Enterprises,Indore,1,2016-02-14
651,Nair Traders,Thiruvananthapuram,3,2020-11-19
652,Raj Ventures,Delhi,1,2024-04-04
653,Mukherjee Ventures,Bhopal,3,2018-11-21
654,Mukherjee Hub,Chandigarh,2,2016-10-30
655,Subramaniam Wholesale,Ahmedabad,4,2020-05-25
656,Natarajan Emporium,Mumbai,4,2025-08-31
657,Iyer Store,Chandigarh,2,2022-11-18
658,Balasubramaniam Emporium,Bhopal,2,2020-03-07
659,Rajan Hub,Hyderabad,4,2019-10-10
660,Pillai Enterprises,Thiruvananthapuram,3,2024-09-20
661,Kapoor Emporium,Kochi,1,2021-05-29
662,Annamalai Ventures,Lucknow,4,2017-06-25
663,Subramaniam Enterprises,Bhopal,4,2024-04-19
664,Desai Retail,Jaipur,2,2019-03-23
665,Pandey Ventures,Mumbai,1,2019-08-29
666,Sundaram Retail,Chennai,5,2019-08-12
667,Malhotra Emporium,Bengaluru,3,2025-11-23
668,Balasubramaniam Store,Pune,3,2017-11-05
669,Reddy Wholesale,Bengaluru,1,2026-06-08
670,Balasubramaniam Emporium,Visakhapatnam,2,2026-04-26
671,Saxena Enterprises,Chennai,1,2016-02-20
672,Mehta Enterprises,Mumbai,5,2025-06-09
673,Nair Traders,Vijayawada,3,2026-07-28
674,Desai Hub,Mysuru,5,2020-03-24
675,Sundaram Hub,Pune,2,2015-09-12
676,Menon Enterprises,Lucknow,2,2022-06-09
677,Sundaram Ventures,Vijayawada,3,2021-04-23
678,Murugan Enterprises,Visakhapatnam,4,2024-03-26
679,Pillai Distributors,Bhopal,4,2015-12-07
680,Mehta Store,Madurai,4,2016-11-25
681,Joshi Traders,Pune,3,2024-03-09
682,Kapoor Wholesale,Kolkata,1,2022-07-24
683,Thiagarajan Mart,Vellore,5,2020-02-19
684,Menon Traders,Bhopal,4,2022-09-06
685,Joshi Retail,Indore,1,2022-06-29
686,Sharma Traders,Kolkata,5,2015-06-28
687,Agarwal Traders,Nagpur,2,2021-02-18
688,Reddy Store,Surat,2,2025-09-18
689,Iyer Mart,Chandigarh,3,2021-09-15
690,Krishnan Ventures,Bengaluru,3,2019-10-05
691,Desai Emporium,Tiruchirappalli,3,2020-03-28
692,Sivaraman Ventures,Kolkata,4,2021-11-05
693,Venkatesan Hub,Lucknow,2,2024-08-15
694,Trivedi Enterprises,Chandigarh,1,2019-05-17
695,Pandian Wholesale,Bhopal,4,2024-01-23
696,Murugan Enterprises,Chennai,3,2017-08-07
697,Venkatesan Distributors,Indore,5,2020-07-30
698,Chatterjee Retail,Bengaluru,5,2017-03-02
699,Saxena Emporium,Ahmedabad,4,2020-01-17
700,Nair Enterprises,Madurai,2,2020-07-29
701,Desai Mart,Thiruvananthapuram,1,2015-01-10
702,Mishra Ventures,Coimbatore,4,2018-04-28
703,Malhotra Distributors,Bengaluru,2,2021-01-18
704,Bansal Ventures,Chennai,5,2018-12-28
705,Joshi Traders,Vellore,5,2015-12-14
706,Rajan Retail,Nagpur,1,2020-06-29
707,Bose Enterprises,Lucknow,2,2016-08-26
708,Menon Traders,Hyderabad,5,2016-02-05
709,Saxena Store,Salem,2,2025-06-03
710,Trivedi Retail,Chennai,2,2017-04-26
711,Mukherjee Wholesale,Lucknow,1,2019-04-22
712,Deshpande Enterprises,Lucknow,1,2023-02-20
713,Krishnan Retail,Pune,3,2024-01-18
714,Ramanathan Wholesale,Jaipur,3,2023-02-15
715,Pandey Retail,Chandigarh,2,2021-05-01
716,Sundaram Emporium,Coimbatore,3,2017-04-17
717,Iyengar Retail,Pune,4,2020-08-30
718,Raj Wholesale,Vijayawada,1,2016-02-02
719,Natarajan Distributors,Bengaluru,2,2023-09-04
720,Mishra Emporium,Kolkata,5,2025-10-10
721,Reddy Store,Ahmedabad,2,2025-10-28
722,Trivedi Emporium,Bengaluru,1,2018-05-04
723,Thiagarajan Ventures,Kolkata,3,2023-05-09
724,Mudaliar Wholesale,Salem,5,2017-06-07
725,Rangan Wholesale,Vellore,1,2019-09-02
726,Balasubramaniam Traders,Lucknow,4,2017-04-07
727,Bhatt Enterprises,Nagpur,1,2018-12-06
728,Verma Wholesale,Kolkata,4,2017-06-19
729,Chandrasekar Hub,Bengaluru,1,2015-11-09
730,Raj Hub,Surat,5,2022-12-21
731,Pillai Ventures,Mumbai,1,2016-04-25
732,Rangan Mart,Nagpur,5,2024-10-10
733,Malhotra Enterprises,Indore,4,2017-09-01
734,Gupta Emporium,Nagpur,2,2020-10-05
735,Pandian Traders,Tiruchirappalli,3,2018-03-13
736,Sundaram Retail,Delhi,3,2018-06-11
737,Sharma Retail,Mumbai,3,2026-04-18
738,Verma Ventures,Kochi,4,2020-05-07
739,Agarwal Distributors,Tiruchirappalli,2,2021-12-26
740,Bose Emporium,Hyderabad,2,2019-02-14
741,Mukherjee Traders,Kochi,5,2018-10-19
742,Natarajan Traders,Nagpur,4,2022-05-21
743,Krishnan Mart,Hyderabad,5,2021-04-05
744,Raj Ventures,Pune,5,2020-10-08
745,Naidu Mart,Lucknow,1,2019-09-17
746,Sundaram Mart,Vijayawada,3,2024-02-21
747,Rangan Traders,Mysuru,1,2023-08-14
748,Naidu Mart,Chennai,5,2018-09-15
749,Gupta Retail,Tiruchirappalli,5,2023-09-15
750,Rao Ventures,Madurai,1,2015-03-26
751,Reddy Hub,Mumbai,5,2019-01-12
752,Subramaniam Enterprises,Nagpur,5,2016-01-25
753,Deshpande Emporium,Delhi,5,2024-05-30
754,Mehta Hub,Pune,5,2018-12-24
755,Mukherjee Mart,Indore,2,2022-06-29
756,Nair Traders,Mumbai,4,2026-04-22
757,Bansal Mart,Pune,1,2024-12-15
758,Menon Store,Pune,1,2016-12-10
759,Mehta Traders,Nagpur,5,2016-07-25
760,Shetty Retail,Vijayawada,3,2016-06-10
761,Pandey Hub,Thiruvananthapuram,3,2022-08-21
762,Shetty Wholesale,Coimbatore,5,2025-07-21
763,Balasubramaniam Traders,Vijayawada,3,2018-12-07
764,Gupta Mart,Chennai,3,2022-09-20
765,Malhotra Mart,Bengaluru,5,2021-06-08
766,Chettiar Emporium,Coimbatore,2,2017-04-28
767,Reddy Traders,Thiruvananthapuram,2,2023-03-02
768,Desai Hub,Vellore,3,2015-02-16
769,Raj Traders,Vijayawada,4,2015-05-11
770,Pillai Hub,Delhi,5,2022-08-07
771,Annamalai Enterprises,Pune,5,2017-02-27
772,Bose Enterprises,Tiruchirappalli,4,2020-12-16
773,Mukherjee Retail,Bengaluru,4,2026-04-11
774,Saxena Ventures,Tiruchirappalli,2,2025-01-08
775,Balasubramaniam Wholesale,Lucknow,4,2016-10-19
776,Sundaram Emporium,Kochi,2,2024-03-26
777,Gounder Wholesale,Salem,2,2021-08-13
778,Natarajan Wholesale,Salem,4,2017-12-11
779,Iyer Ventures,Bhopal,5,2017-12-17
780,Bose Traders,Madurai,2,2017-03-29
781,Mehta Wholesale,Jaipur,5,2015-03-26
782,Agarwal Traders,Hyderabad,4,2015-03-31
783,Naidu Distributors,Delhi,2,2021-01-12
784,Reddy Store,Chennai,3,2017-09-03
785,Subramaniam Hub,Chennai,5,2018-05-08
786,Pandey Emporium,Lucknow,1,2023-06-22
787,Rangan Wholesale,Hyderabad,2,2026-01-22
788,Chopra Emporium,Bengaluru,2,2023-05-08
789,Mehta Wholesale,Mumbai,4,2016-12-01
790,Saxena Wholesale,Delhi,2,2021-06-03
791,Iyer Traders,Madurai,4,2024-06-24
792,Chandrasekar Ventures,Vellore,5,2015-08-02
793,Kapoor Store,Surat,3,2016-09-17
794,Verma Wholesale,Thiruvananthapuram,1,2021-09-16
795,Kumar Distributors,Coimbatore,5,2018-10-07
796,Mishra Enterprises,Tiruchirappalli,4,2018-10-12
797,Rao Emporium,Vijayawada,2,2021-05-29
798,Sivaraman Mart,Coimbatore,1,2021-02-27
799,Mehta Retail,Pune,1,2021-05-02
800,Saxena Traders,Kochi,3,2021-02-07
801,Subramaniam Mart,Pune,3,2021-09-10
802,Gounder Store,Vijayawada,4,2016-04-20
803,Menon Wholesale,Kolkata,3,2015-04-07
804,Rangan Mart,Tiruchirappalli,2,2025-10-31
805,Pillai Enterprises,Jaipur,4,2016-11-20
806,Iyengar Retail,Visakhapatnam,3,2025-07-14
807,Joshi Store,Mysuru,3,2020-04-26
808,Bose Traders,Vellore,2,2021-10-06
809,Saxena Emporium,Visakhapatnam,4,2016-05-10
810,Iyengar Hub,Vellore,5,2017-03-23
811,Sundaram Distributors,Indore,3,2019-11-17
812,Chettiar Traders,Mysuru,1,2017-12-21
813,Sharma Store,Bengaluru,3,2015-12-20
814,Singh Ventures,Jaipur,4,2025-12-25
815,Kulkarni Distributors,Indore,4,2024-08-03
816,Kapoor Traders,Visakhapatnam,2,2016-01-15
817,Iyengar Mart,Jaipur,5,2019-11-03
818,Natarajan Enterprises,Hyderabad,5,2026-05-26
819,Naidu Emporium,Bhopal,5,2024-02-27
820,Iyengar Ventures,Indore,3,2018-10-27
821,Ramanathan Store,Lucknow,5,2024-11-17
822,Chettiar Wholesale,Bengaluru,2,2024-09-02
823,Chettiar Enterprises,Salem,4,2025-06-20
824,Kapoor Enterprises,Salem,5,2016-01-05
825,Agarwal Distributors,Kolkata,1,2019-09-27
826,Reddy Traders,Salem,5,2021-05-04
827,Pandey Emporium,Hyderabad,2,2020-06-01
828,Bansal Emporium,Indore,2,2024-03-07
829,Kapoor Retail,Jaipur,1,2025-11-22
830,Sundaram Traders,Ahmedabad,3,2017-02-07
831,Naidu Retail,Ahmedabad,4,2021-09-09
832,Annamalai Mart,Surat,3,2019-01-21
833,Subramaniam Emporium,Indore,4,2019-04-14
834,Trivedi Enterprises,Madurai,4,2015-06-10
835,Pandian Wholesale,Chennai,5,2015-01-07
836,Gupta Mart,Kochi,3,2017-03-24
837,Iyer Mart,Delhi,2,2025-04-23
838,Rangan Store,Surat,4,2023-05-02
839,Raj Traders,Ahmedabad,5,2019-03-07
840,Chatterjee Traders,Thiruvananthapuram,5,2015-11-27
841,Saxena Ventures,Salem,5,2015-10-14
842,Joshi Traders,Kolkata,2,2026-01-23
843,Krishnan Distributors,Salem,3,2015-04-16
844,Murugan Traders,Hyderabad,2,2024-08-13
845,Sundaram Mart,Bhopal,1,2015-08-01
846,Chatterjee Traders,Surat,2,2015-12-16
847,Bhatt Enterprises,Mysuru,5,2017-11-29
848,Raj Retail,Lucknow,3,2015-07-18
849,Rao Distributors,Kochi,5,2017-01-17
850,Iyer Hub,Visakhapatnam,3,2020-12-15
851,Chandrasekar Enterprises,Vijayawada,1,2019-10-30
852,Mudaliar Enterprises,Bengaluru,4,2019-01-26
853,Rao Retail,Bhopal,5,2016-11-02
854,Chandrasekar Enterprises,Bengaluru,4,2020-05-21
855,Trivedi Retail,Chennai,2,2025-03-06
856,Pillai Mart,Ahmedabad,4,2017-11-16
857,Trivedi Distributors,Pune,5,2021-03-11
858,Natarajan Mart,Vijayawada,4,2022-06-07
859,Kulkarni Enterprises,Thiruvananthapuram,1,2020-09-11
860,Iyengar Retail,Chandigarh,2,2023-12-29
861,Nair Retail,Pune,2,2015-09-25
862,Joshi Hub,Chandigarh,4,2022-12-08
863,Raj Retail,Mysuru,4,2018-11-06
864,Mishra Mart,Delhi,5,2023-05-13
865,Iyengar Hub,Mysuru,5,2015-06-03
866,Pandey Traders,Kolkata,2,2016-09-22
867,Gounder Enterprises,Hyderabad,5,2026-04-02
868,Nair Ventures,Mysuru,2,2023-11-24
869,Natarajan Enterprises,Lucknow,5,2018-05-06
870,Verma Enterprises,Kolkata,3,2023-10-21
871,Reddy Ventures,Indore,5,2024-11-02
872,Patel Traders,Jaipur,4,2022-05-21
873,Nair Retail,Chandigarh,1,2017-08-30
874,Nair Retail,Chandigarh,2,2022-01-05
875,Verma Hub,Visakhapatnam,2,2016-12-13
876,Ramanathan Enterprises,Kolkata,1,2020-01-27
877,Mishra Wholesale,Pune,3,2017-12-27
878,Mehta Distributors,Kochi,1,2025-02-12
879,Iyer Mart,Nagpur,4,2023-06-18
880,Mehta Enterprises,Chandigarh,4,2024-12-28
881,Murugan Store,Madurai,2,2022-03-22
882,Annamalai Enterprises,Chandigarh,3,2026-06-10
883,Bose Hub,Vellore,1,2019-07-22
884,Sivaraman Hub,Mumbai,3,2024-04-02
885,Agarwal Mart,Tiruchirappalli,1,2015-12-26
886,Iyer Enterprises,Jaipur,1,2018-07-20
887,Reddy Wholesale,Madurai,5,2023-10-14
888,Gounder Emporium,Thiruvananthapuram,2,2020-02-07
889,Verma Distributors,Chandigarh,2,2021-03-08
890,Mehta Hub,Salem,2,2020-06-01
891,Desai Emporium,Mumbai,2,2021-05-11
892,Gounder Distributors,Bhopal,2,2024-08-05
893,Verma Retail,Kochi,3,2025-01-29
894,Trivedi Distributors,Delhi,2,2022-10-06
895,Bansal Distributors,Chandigarh,4,2019-08-05
896,Reddy Enterprises,Ahmedabad,1,2025-02-09
897,Malhotra Mart,Kochi,3,2019-03-06
898,Chatterjee Wholesale,Surat,5,2026-04-29
899,Rao Distributors,Indore,3,2015-11-26
900,Thiagarajan Ventures,Mumbai,1,2023-11-17
901,Mishra Mart,Pune,4,2016-05-07
902,Chandrasekar Hub,Surat,1,2015-08-25
903,Rangan Enterprises,Mysuru,3,2022-01-22
904,Menon Hub,Surat,5,2025-10-04
905,Reddy Enterprises,Bengaluru,4,2018-05-02
906,Chatterjee Wholesale,Mumbai,2,2015-08-29
907,Mukherjee Wholesale,Mysuru,1,2020-03-04
908,Thiagarajan Distributors,Surat,5,2025-01-10
909,Iyer Store,Chandigarh,2,2017-10-05
910,Bhatt Enterprises,Pune,4,2020-11-12
911,Chandrasekar Emporium,Kochi,1,2021-05-08
912,Saxena Distributors,Mysuru,5,2020-08-12
913,Ramanathan Mart,Hyderabad,5,2021-01-05
914,Trivedi Mart,Lucknow,4,2026-06-10
915,Menon Wholesale,Kolkata,4,2017-07-11
916,Thiagarajan Store,Bengaluru,3,2026-02-18
917,Murugan Distributors,Kolkata,1,2019-12-07
918,Balasubramaniam Distributors,Pune,1,2021-09-09
919,Trivedi Distributors,Indore,2,2020-05-13
920,Deshpande Distributors,Vijayawada,4,2023-04-07
921,Pillai Hub,Chandigarh,2,2024-07-20
922,Mukherjee Enterprises,Lucknow,4,2018-10-29
923,Annamalai Distributors,Mysuru,3,2023-09-17
924,Menon Enterprises,Bhopal,3,2023-10-23
925,Agarwal Retail,Vellore,1,2015-02-04
926,Reddy Distributors,Salem,5,2026-04-18
927,Rajan Retail,Ahmedabad,3,2026-04-06
928,Pandey Wholesale,Nagpur,2,2021-03-02
929,Iyer Ventures,Surat,4,2016-06-07
930,Gupta Emporium,Ahmedabad,3,2020-04-20
931,Chettiar Ventures,Chennai,4,2024-02-19
932,Venkatesan Wholesale,Hyderabad,3,2021-06-02
933,Pandey Wholesale,Nagpur,5,2025-11-23
934,Singh Store,Nagpur,5,2022-08-27
935,Subramaniam Wholesale,Lucknow,1,2023-12-10
936,Singh Wholesale,Madurai,3,2021-07-30
937,Verma Store,Bhopal,5,2021-08-11
938,Desai Distributors,Nagpur,5,2018-05-20
939,Subramaniam Wholesale,Indore,3,2017-09-25
940,Raj Emporium,Madurai,3,2020-02-10
941,Menon Store,Pune,2,2024-01-19
942,Chandrasekar Hub,Bengaluru,2,2016-10-07
943,Rajan Hub,Nagpur,1,2015-06-07
944,Menon Wholesale,Kolkata,5,2018-01-11
945,Balasubramaniam Traders,Tiruchirappalli,5,2021-04-29
946,Chandrasekar Distributors,Mumbai,2,2022-11-18
947,Chandrasekar Emporium,Mumbai,5,2023-03-11
948,Gounder Mart,Chandigarh,1,2023-03-09
949,Sundaram Retail,Lucknow,1,2020-04-02
950,Gounder Hub,Chennai,5,2025-12-29
951,Pillai Enterprises,Jaipur,3,2023-12-26
952,Annamalai Enterprises,Mumbai,2,2015-11-30
953,Rao Wholesale,Kochi,1,2022-07-06
954,Nair Ventures,Mumbai,3,2016-01-21
955,Patel Traders,Delhi,2,2019-07-01
956,Chopra Distributors,Surat,4,2022-02-16
957,Chettiar Mart,Lucknow,4,2023-08-12
958,Thiagarajan Ventures,Delhi,1,2021-11-11
959,Chopra Traders,Thiruvananthapuram,4,2016-03-15
960,Singh Hub,Lucknow,4,2021-04-18
961,Raj Ventures,Pune,4,2015-01-29
962,Gounder Store,Hyderabad,1,2016-09-02
963,Iyer Ventures,Salem,1,2018-01-07
964,Venkatesan Emporium,Hyderabad,2,2023-07-06
965,Balasubramaniam Retail,Vijayawada,2,2026-07-08
966,Sharma Mart,Vijayawada,1,2023-05-13
967,Patel Store,Tiruchirappalli,1,2024-11-15
968,Sharma Hub,Coimbatore,2,2016-12-04
969,Raj Retail,Visakhapatnam,3,2017-09-04
970,Nair Traders,Bhopal,2,2025-12-29
971,Trivedi Hub,Vijayawada,1,2019-07-22
972,Iyer Emporium,Chandigarh,4,2018-03-20
973,Malhotra Mart,Indore,5,2019-06-29
974,Bansal Distributors,Mysuru,4,2022-09-06
975,Thiagarajan Wholesale,Visakhapatnam,1,2017-12-07
976,Iyer Store,Mysuru,3,2022-07-13
977,Raj Distributors,Vijayawada,2,2023-05-13
978,Kulkarni Mart,Chennai,4,2024-11-27
979,Nair Hub,Pune,5,2021-08-06
980,Pillai Traders,Chennai,4,2019-06-29
981,Agarwal Store,Hyderabad,5,2021-02-21
982,Mukherjee Emporium,Chandigarh,3,2016-09-27
983,Pandey Traders,Tiruchirappalli,1,2020-03-03
984,Kapoor Mart,Mysuru,4,2019-10-28
985,Rajan Wholesale,Bhopal,3,2026-04-14
986,Chettiar Distributors,Nagpur,2,2018-03-08
987,Mukherjee Wholesale,Bengaluru,2,2018-02-27
988,Nair Traders,Vijayawada,1,2018-09-13
989,Agarwal Mart,Delhi,2,2020-10-12
990,Agarwal Traders,Nagpur,3,2023-08-26
991,Shetty Retail,Visakhapatnam,1,2025-09-23
992,Reddy Distributors,Bengaluru,5,2017-05-16
993,Venkatesan Hub,Thiruvananthapuram,4,2023-02-06
994,Raj Store,Madurai,1,2015-04-26
995,Venkatesan Retail,Tiruchirappalli,5,2019-11-27
996,Nair Enterprises,Kochi,5,2018-10-14
997,Chettiar Mart,Nagpur,4,2024-03-09
998,Rao Hub,Bhopal,2,2019-09-15
999,Sharma Mart,Chandigarh,1,2025-10-07
1000,Iyer Emporium,Mysuru,1,2026-05-15
1001,Saxena Wholesale,Mysuru,2,2019-10-11
1002,Shetty Ventures,Coimbatore,1,2022-12-06
1003,Naidu Enterprises,Pune,5,2018-07-29
1004,Natarajan Traders,Thiruvananthapuram,2,2023-05-07
1005,Menon Emporium,Delhi,4,2020-09-05
1006,Patel Emporium,Hyderabad,4,2024-05-19
1007,Pillai Wholesale,Ahmedabad,1,2026-03-08
1008,Shetty Retail,Mysuru,4,2019-05-09
1009,Singh Traders,Bengaluru,4,2016-08-21
1010,Mehta Store,Bengaluru,2,2023-03-04
1011,Saxena Enterprises,Salem,1,2015-05-27
1012,Nair Hub,Vellore,1,2019-10-13
1013,Gounder Store,Chennai,5,2025-11-06
1014,Mukherjee Traders,Vijayawada,2,2020-05-15
1015,Rangan Hub,Jaipur,3,2015-06-15
1016,Murugan Enterprises,Surat,1,2021-01-19
1017,Menon Emporium,Tiruchirappalli,2,2024-02-25
1018,Murugan Wholesale,Mysuru,4,2016-03-31
1019,Pillai Emporium,Chennai,4,2017-12-30
1020,Gounder Mart,Vellore,5,2025-01-04
1021,Raj Wholesale,Surat,3,2018-03-18
1022,Trivedi Retail,Indore,5,2026-06-25
1023,Pillai Traders,Thiruvananthapuram,1,2021-11-29
1024,Bhatt Retail,Indore,1,2017-01-23
1025,Trivedi Wholesale,Salem,1,2016-05-03
1026,Menon Ventures,Bengaluru,2,2024-05-22
1027,Trivedi Hub,Kochi,1,2017-08-10
1028,Reddy Enterprises,Vellore,2,2016-12-05
1029,Murugan Mart,Bengaluru,5,2019-08-13
1030,Chopra Wholesale,Indore,1,2015-04-24
1031,Kulkarni Mart,Jaipur,4,2021-12-30
1032,Nair Enterprises,Delhi,1,2022-05-14
1033,Agarwal Hub,Salem,1,2025-12-04
1034,Sundaram Mart,Chennai,1,2019-02-08
1035,Reddy Hub,Indore,2,2016-07-31
1036,Krishnan Traders,Thiruvananthapuram,1,2019-12-05
1037,Iyer Emporium,Delhi,1,2021-05-12
1038,Pandey Retail,Vellore,4,2019-08-10
1039,Raj Ventures,Indore,2,2024-01-04
1040,Bose Store,Bhopal,3,2022-08-20
1041,Verma Ventures,Delhi,3,2020-11-09
1042,Pillai Retail,Salem,5,2022-04-20
1043,Rao Emporium,Bhopal,1,2020-08-06
1044,Mukherjee Traders,Nagpur,2,2019-07-05
1045,Iyer Ventures,Visakhapatnam,5,2017-12-23
1046,Verma Mart,Coimbatore,2,2022-08-08
1047,Chopra Ventures,Kolkata,1,2017-06-06
1048,Naidu Mart,Vijayawada,1,2024-07-07
1049,Annamalai Retail,Delhi,2,2020-08-07
1050,Kapoor Hub,Bhopal,5,2015-04-27
1051,Bose Distributors,Bhopal,5,2026-03-27
1052,Sharma Traders,Jaipur,4,2022-06-13
1053,Reddy Traders,Hyderabad,2,2021-08-19
1054,Pillai Distributors,Tiruchirappalli,4,2022-08-12
1055,Kulkarni Retail,Bengaluru,3,2021-01-07
1056,Nair Emporium,Nagpur,5,2019-12-17
1057,Raj Hub,Chandigarh,4,2016-10-03
1058,Mudaliar Mart,Mumbai,1,2018-10-03
1059,Gupta Distributors,Indore,1,2018-02-14
1060,Pillai Store,Ahmedabad,5,2026-03-13
1061,Desai Mart,Tiruchirappalli,2,2018-04-26
1062,Singh Hub,Indore,1,2017-01-22
1063,Shetty Distributors,Lucknow,5,2015-10-22
1064,Deshpande Retail,Bhopal,3,2019-06-23
1065,Chatterjee Hub,Vijayawada,1,2020-02-09
1066,Raj Wholesale,Bengaluru,4,2024-11-01
1067,Mehta Enterprises,Visakhapatnam,1,2026-04-15
1068,Murugan Ventures,Kochi,3,2018-09-01
1069,Bansal Hub,Bengaluru,4,2025-06-02
1070,Naidu Ventures,Vijayawada,5,2017-09-10
1071,Sundaram Emporium,Coimbatore,5,2022-03-08
1072,Joshi Mart,Surat,2,2021-01-09
1073,Chopra Enterprises,Delhi,1,2023-11-05
1074,Patel Ventures,Ahmedabad,4,2025-02-27
1075,Pandian Mart,Madurai,4,2025-10-19
1076,Deshpande Traders,Indore,5,2021-11-16
1077,Annamalai Emporium,Bengaluru,2,2020-06-01
1078,Pandey Ventures,Hyderabad,4,2018-05-09
1079,Nair Ventures,Bengaluru,5,2019-05-26
1080,Trivedi Hub,Mysuru,5,2022-07-16
1081,Gounder Emporium,Kolkata,5,2017-12-29
1082,Desai Distributors,Bhopal,3,2023-04-12
1083,Pandey Enterprises,Visakhapatnam,3,2017-12-26
1084,Subramaniam Traders,Kochi,1,2023-09-06
1085,Bose Emporium,Chandigarh,2,2026-04-06
1086,Mehta Enterprises,Pune,5,2023-01-20
1087,Mukherjee Traders,Tiruchirappalli,3,2022-02-23
1088,Joshi Traders,Mysuru,3,2016-09-24
1089,Krishnan Enterprises,Thiruvananthapuram,4,2025-05-21
1090,Desai Mart,Delhi,3,2021-06-07
1091,Deshpande Traders,Vijayawada,5,2019-08-29
1092,Gupta Wholesale,Indore,5,2018-04-04
1093,Annamalai Distributors,Ahmedabad,5,2023-02-24
1094,Mudaliar Hub,Nagpur,4,2017-07-12
1095,Bansal Mart,Mumbai,1,2019-07-15
1096,Pillai Mart,Pune,1,2015-01-02
1097,Krishnan Mart,Salem,2,2020-03-17
1098,Bose Emporium,Madurai,5,2016-09-26
1099,Menon Mart,Ahmedabad,2,2017-08-26
1100,Verma Ventures,Bengaluru,4,2019-11-16
1101,Reddy Ventures,Mysuru,5,2020-05-05
1102,Mudaliar Distributors,Jaipur,1,2017-04-04
1103,Pillai Wholesale,Chandigarh,3,2018-06-16
1104,Rao Hub,Tiruchirappalli,4,2020-04-11
1105,Iyer Enterprises,Jaipur,2,2015-10-11
1106,Patel Hub,Bhopal,4,2015-01-08
1107,Iyengar Mart,Mumbai,4,2021-02-09
1108,Sundaram Traders,Madurai,3,2015-04-25
1109,Menon Emporium,Coimbatore,3,2023-07-02
1110,Singh Ventures,Pune,2,2019-05-15
1111,Sharma Hub,Chennai,3,2020-07-24
1112,Sharma Traders,Visakhapatnam,1,2022-07-14
1113,Nair Distributors,Madurai,2,2020-11-08
1114,Bhatt Retail,Salem,2,2018-10-21
1115,Sivaraman Distributors,Bhopal,1,2021-12-20
1116,Chandrasekar Ventures,Coimbatore,4,2017-02-06
1117,Ramanathan Mart,Delhi,5,2023-10-27
1118,Nair Mart,Pune,1,2025-03-18
1119,Gounder Distributors,Delhi,2,2026-02-27
1120,Joshi Traders,Nagpur,1,2018-05-17
1121,Saxena Enterprises,Indore,2,2019-07-10
1122,Reddy Store,Mysuru,3,2024-10-17
1123,Kumar Retail,Vijayawada,1,2019-09-17
1124,Murugan Retail,Mysuru,4,2020-01-13
1125,Iyer Emporium,Kolkata,5,2018-10-18
1126,Mehta Ventures,Hyderabad,3,2017-12-15
1127,Desai Wholesale,Bhopal,5,2017-04-16
1128,Iyer Distributors,Chandigarh,4,2016-03-07
1129,Chopra Traders,Bhopal,5,2021-01-01
1130,Subramaniam Enterprises,Chennai,4,2018-02-01
1131,Joshi Distributors,Kochi,3,2017-11-14
1132,Chopra Traders,Nagpur,2,2015-01-05
1133,Thiagarajan Emporium,Tiruchirappalli,3,2017-05-18
1134,Subramaniam Hub,Mumbai,4,2026-03-04
1135,Rao Ventures,Coimbatore,3,2020-10-05
1136,Mudaliar Enterprises,Chennai,5,2024-10-30
1137,Bose Emporium,Mysuru,5,2020-08-23
1138,Iyer Traders,Nagpur,1,2019-05-06
1139,Pandian Traders,Salem,1,2026-07-31
1140,Trivedi Retail,Delhi,3,2017-05-14
1141,Verma Store,Lucknow,3,2023-11-07
1142,Kulkarni Distributors,Pune,2,2016-08-11
1143,Kulkarni Emporium,Chennai,2,2025-05-30
1144,Desai Mart,Visakhapatnam,1,2015-04-26
1145,Gounder Distributors,Bhopal,1,2016-11-25
1146,Saxena Hub,Chandigarh,2,2022-02-19
1147,Reddy Hub,Tiruchirappalli,4,2016-10-27
1148,Gounder Store,Chandigarh,5,2017-12-07
1149,Raj Wholesale,Jaipur,3,2022-08-17
1150,Balasubramaniam Distributors,Surat,3,2015-04-13
1151,Natarajan Traders,Mysuru,1,2015-12-29
1152,Agarwal Hub,Lucknow,3,2020-07-25
1153,Rao Hub,Visakhapatnam,1,2026-04-30
1154,Agarwal Mart,Tiruchirappalli,5,2019-11-18
1155,Naidu Traders,Nagpur,5,2015-06-06
1156,Kumar Ventures,Pune,4,2020-01-10
1157,Iyer Retail,Pune,2,2020-03-26
1158,Patel Traders,Delhi,2,2025-12-15
1159,Kapoor Retail,Delhi,2,2018-10-01
1160,Mudaliar Distributors,Bhopal,2,2016-01-07
1161,Balasubramaniam Ventures,Madurai,1,2015-06-27
1162,Rao Ventures,Bengaluru,3,2023-03-02
1163,Iyer Enterprises,Delhi,1,2023-09-02
1164,Shetty Retail,Kochi,3,2018-05-14
1165,Gupta Hub,Hyderabad,3,2021-03-28
1166,Mehta Enterprises,Madurai,3,2017-04-14
1167,Gounder Hub,Chennai,2,2018-03-03
1168,Kapoor Distributors,Bhopal,4,2018-01-06
1169,Rao Emporium,Jaipur,3,2015-08-07
1170,Mudaliar Hub,Visakhapatnam,4,2025-02-24
1171,Shetty Traders,Thiruvananthapuram,4,2026-05-05
1172,Venkatesan Wholesale,Coimbatore,5,2021-06-20
1173,Kulkarni Wholesale,Surat,1,2025-07-18
1174,Naidu Wholesale,Kochi,3,2023-04-04
1175,Sivaraman Traders,Vellore,5,2016-06-11
1176,Natarajan Mart,Visakhapatnam,1,2019-05-29
1177,Krishnan Enterprises,Chandigarh,5,2018-06-30
1178,Bhatt Traders,Visakhapatnam,1,2025-07-11
1179,Pillai Retail,Salem,2,2016-04-08
1180,Chatterjee Distributors,Jaipur,3,2021-10-03
1181,Shetty Traders,Indore,2,2016-12-04
1182,Mehta Traders,Kolkata,4,2021-01-20
1183,Mudaliar Traders,Visakhapatnam,2,2025-03-27
1184,Bose Store,Hyderabad,3,2022-11-15
1185,Iyer Wholesale,Bhopal,5,2018-03-24
1186,Chettiar Hub,Thiruvananthapuram,1,2026-01-16
1187,Sundaram Store,Delhi,2,2018-12-13
1188,Mehta Enterprises,Hyderabad,2,2015-10-10
1189,Pillai Mart,Surat,1,2025-05-15
1190,Chandrasekar Hub,Mumbai,3,2021-05-01
1191,Bansal Store,Nagpur,1,2024-11-16
1192,Pillai Ventures,Mumbai,2,2016-05-08
1193,Pandian Distributors,Thiruvananthapuram,1,2021-04-11
1194,Sivaraman Wholesale,Kochi,2,2021-04-29
1195,Singh Distributors,Thiruvananthapuram,4,2020-10-24
1196,Kumar Ventures,Vijayawada,1,2024-05-10
1197,Iyer Emporium,Mumbai,4,2025-04-15
1198,Thiagarajan Emporium,Ahmedabad,2,2021-03-28
1199,Chandrasekar Wholesale,Hyderabad,1,2024-11-26
1200,Pandey Enterprises,Lucknow,1,2015-04-02
1201,Subramaniam Mart,Kolkata,4,2020-10-21
1202,Sivaraman Emporium,Chandigarh,5,2023-11-16
1203,Kumar Retail,Chandigarh,3,2018-01-09
1204,Gupta Store,Surat,5,2024-03-05
1205,Iyer Mart,Indore,2,2025-05-15
1206,Kumar Wholesale,Mysuru,1,2020-11-04
1207,Mukherjee Retail,Kolkata,3,2016-01-23
1208,Annamalai Hub,Pune,4,2019-05-24
1209,Mudaliar Store,Visakhapatnam,2,2015-04-26
1210,Pandian Emporium,Kochi,4,2017-07-10
1211,Subramaniam Wholesale,Hyderabad,1,2016-07-14
1212,Pandey Emporium,Indore,3,2025-09-30
1213,Verma Enterprises,Vellore,3,2025-12-27
1214,Pandey Hub,Salem,2,2016-08-01
1215,Agarwal Mart,Ahmedabad,1,2024-03-31
1216,Natarajan Enterprises,Tiruchirappalli,1,2024-03-10
1217,Bose Distributors,Indore,4,2016-08-12
1218,Bhatt Mart,Indore,2,2020-08-11
1219,Natarajan Mart,Mysuru,2,2025-02-12
1220,Rao Distributors,Bhopal,5,2023-06-21
1221,Iyer Mart,Madurai,4,2021-03-14
1222,Rao Enterprises,Tiruchirappalli,4,2017-09-18
1223,Bose Retail,Madurai,3,2017-12-14
1224,Murugan Enterprises,Mumbai,3,2015-01-29
1225,Gupta Wholesale,Visakhapatnam,5,2022-05-17
1226,Sharma Distributors,Bengaluru,5,2023-05-08
1227,Pillai Emporium,Kochi,2,2020-08-30
1228,Agarwal Enterprises,Lucknow,3,2020-10-21
1229,Reddy Ventures,Bhopal,3,2016-08-12
1230,Mehta Retail,Jaipur,2,2026-02-07
1231,Pandian Retail,Madurai,3,2023-08-12
1232,Reddy Enterprises,Madurai,2,2021-05-04
1233,Joshi Mart,Bhopal,2,2015-05-31
1234,Malhotra Mart,Madurai,4,2019-11-10
1235,Rao Wholesale,Chennai,2,2017-11-12
1236,Naidu Hub,Vellore,4,2017-10-22
1237,Naidu Ventures,Mumbai,2,2015-10-25
1238,Raj Mart,Bhopal,1,2016-10-29
1239,Murugan Enterprises,Vijayawada,3,2021-05-20
1240,Chettiar Traders,Ahmedabad,4,2026-02-12
1241,Shetty Emporium,Bengaluru,4,2020-10-08
1242,Patel Enterprises,Surat,3,2020-07-19
1243,Bhatt Mart,Mysuru,3,2018-11-20
1244,Chandrasekar Store,Coimbatore,1,2026-04-14
1245,Nair Hub,Bhopal,5,2016-10-30
1246,Gupta Store,Mumbai,1,2025-07-10
1247,Thiagarajan Enterprises,Jaipur,4,2020-07-31
1248,Annamalai Mart,Visakhapatnam,5,2015-03-31
1249,Deshpande Mart,Madurai,1,2024-06-15
1250,Gounder Traders,Pune,1,2024-04-20
1251,Annamalai Enterprises,Mumbai,5,2015-02-07
1252,Sharma Mart,Bhopal,3,2025-10-23
1253,Saxena Retail,Bengaluru,2,2024-01-03
1254,Sundaram Distributors,Mumbai,4,2025-09-07
1255,Mukherjee Emporium,Kolkata,2,2024-10-05
1256,Rangan Ventures,Delhi,5,2016-04-22
1257,Desai Hub,Madurai,2,2017-11-26
1258,Chopra Hub,Jaipur,2,2020-02-26
1259,Ramanathan Hub,Delhi,4,2017-09-05
1260,Rajan Distributors,Chandigarh,1,2021-09-17
1261,Saxena Store,Coimbatore,4,2021-11-25
1262,Balasubramaniam Mart,Lucknow,1,2015-11-08
1263,Reddy Emporium,Bhopal,5,2020-06-21
1264,Agarwal Wholesale,Lucknow,5,2023-03-29
1265,Iyengar Enterprises,Indore,5,2015-07-01
1266,Sharma Distributors,Coimbatore,1,2016-12-30
1267,Ramanathan Ventures,Jaipur,5,2018-09-18
1268,Joshi Wholesale,Vellore,4,2024-10-07
1269,Saxena Retail,Surat,3,2023-06-05
1270,Gounder Distributors,Nagpur,5,2019-10-13
1271,Desai Store,Thiruvananthapuram,5,2023-03-08
1272,Annamalai Emporium,Vijayawada,2,2025-10-13
1273,Gounder Store,Pune,5,2016-01-27
1274,Trivedi Distributors,Bhopal,5,2015-10-11
1275,Desai Mart,Salem,4,2024-10-02
1276,Thiagarajan Retail,Tiruchirappalli,5,2020-03-29
1277,Bansal Store,Pune,3,2019-06-16
1278,Nair Mart,Kolkata,5,2019-11-10
1279,Murugan Mart,Salem,1,2018-10-23
1280,Ramanathan Wholesale,Chandigarh,3,2022-12-22
1281,Shetty Store,Thiruvananthapuram,2,2016-08-21
1282,Bose Mart,Tiruchirappalli,3,2019-03-02
1283,Mukherjee Retail,Hyderabad,5,2017-12-23
1284,Iyer Traders,Indore,1,2026-07-02
1285,Bansal Wholesale,Indore,3,2020-04-27
1286,Deshpande Wholesale,Pune,2,2017-01-19
1287,Bose Mart,Hyderabad,1,2020-06-27
1288,Desai Traders,Nagpur,1,2015-07-07
1289,Joshi Hub,Lucknow,2,2025-10-21
1290,Reddy Ventures,Chandigarh,4,2018-04-25
1291,Nair Wholesale,Ahmedabad,4,2026-05-04
1292,Bansal Traders,Visakhapatnam,3,2023-12-13
1293,Reddy Distributors,Surat,3,2018-06-30
1294,Iyer Hub,Visakhapatnam,2,2024-06-08
1295,Mishra Retail,Vellore,2,2017-03-19
1296,Pandian Distributors,Surat,1,2018-11-04
1297,Deshpande Ventures,Thiruvananthapuram,2,2020-02-20
1298,Nair Retail,Salem,5,2021-06-16
1299,Sharma Emporium,Visakhapatnam,5,2022-08-27
1300,Chandrasekar Traders,Salem,1,2018-08-27
1301,Pandian Enterprises,Tiruchirappalli,2,2017-12-01
1302,Desai Hub,Visakhapatnam,5,2025-07-27
1303,Pandey Store,Madurai,2,2024-11-05
1304,Sundaram Traders,Indore,4,2026-02-01
1305,Murugan Emporium,Salem,3,2024-08-17
1306,Iyengar Store,Nagpur,1,2021-05-15
1307,Bansal Wholesale,Jaipur,5,2021-07-16
1308,Thiagarajan Enterprises,Bengaluru,1,2018-07-15
1309,Bhatt Store,Kolkata,2,2022-10-06
1310,Rangan Retail,Coimbatore,4,2018-08-03
1311,Mishra Traders,Indore,4,2021-03-30
1312,Chatterjee Wholesale,Vellore,1,2015-06-23
1313,Menon Ventures,Kochi,1,2025-12-31
1314,Annamalai Retail,Thiruvananthapuram,3,2022-12-17
1315,Sharma Distributors,Coimbatore,1,2023-09-06
1316,Krishnan Wholesale,Thiruvananthapuram,3,2025-08-01
1317,Krishnan Traders,Surat,4,2021-08-28
1318,Singh Retail,Mysuru,1,2021-02-01
1319,Bansal Distributors,Coimbatore,5,2018-01-16
1320,Agarwal Mart,Salem,5,2020-05-14
1321,Iyer Distributors,Chandigarh,2,2023-06-20
1322,Menon Mart,Visakhapatnam,3,2019-06-08
1323,Mudaliar Distributors,Vijayawada,3,2019-10-14
1324,Mukherjee Traders,Salem,2,2015-09-22
1325,Malhotra Retail,Madurai,5,2016-08-27
1326,Sundaram Store,Vijayawada,5,2015-04-01
1327,Rajan Mart,Vijayawada,5,2017-01-20
1328,Thiagarajan Distributors,Kolkata,2,2024-08-12
1329,Rajan Enterprises,Vijayawada,4,2023-11-16
1330,Joshi Traders,Jaipur,1,2016-06-11
1331,Malhotra Mart,Pune,1,2016-01-22
1332,Rangan Mart,Kolkata,4,2021-03-08
1333,Chandrasekar Distributors,Surat,1,2019-10-26
1334,Iyer Emporium,Delhi,5,2017-01-26
1335,Gounder Wholesale,Bhopal,5,2024-02-17
1336,Pillai Store,Nagpur,5,2015-01-01
1337,Malhotra Enterprises,Ahmedabad,5,2026-08-01
1338,Ramanathan Store,Lucknow,4,2021-11-23
1339,Bose Ventures,Nagpur,5,2020-12-29
1340,Singh Mart,Mysuru,5,2016-05-07
1341,Agarwal Enterprises,Lucknow,3,2020-11-08
1342,Rangan Retail,Mysuru,4,2017-01-10
1343,Chopra Hub,Salem,3,2023-03-27
1344,Menon Distributors,Kochi,4,2025-08-24
1345,Chopra Store,Hyderabad,1,2021-01-01
1346,Kapoor Retail,Nagpur,1,2023-04-23
1347,Kapoor Store,Indore,3,2020-08-22
1348,Balasubramaniam Retail,Lucknow,4,2023-05-11
1349,Thiagarajan Distributors,Chandigarh,1,2026-01-23
1350,Shetty Traders,Tiruchirappalli,1,2018-01-30
1351,Sundaram Traders,Delhi,1,2015-11-20
1352,Mehta Wholesale,Bengaluru,3,2018-02-17
1353,Mehta Hub,Bhopal,5,2025-11-18
1354,Bose Retail,Mumbai,2,2023-07-03
1355,Desai Wholesale,Indore,3,2021-03-27
1356,Rajan Enterprises,Tiruchirappalli,4,2017-12-05
1357,Sundaram Store,Vellore,5,2016-05-26
1358,Saxena Enterprises,Kochi,2,2017-05-16
1359,Reddy Traders,Surat,5,2018-07-07
1360,Balasubramaniam Retail,Indore,4,2026-01-17
1361,Rao Emporium,Jaipur,2,2023-10-03
1362,Desai Mart,Vijayawada,3,2022-01-08
1363,Rao Ventures,Jaipur,3,2024-08-01
1364,Patel Traders,Kochi,1,2015-06-18
1365,Annamalai Store,Tiruchirappalli,2,2021-10-05
1366,Agarwal Enterprises,Hyderabad,1,2019-11-30
1367,Chatterjee Traders,Visakhapatnam,3,2022-06-13
1368,Kumar Ventures,Coimbatore,2,2019-03-29
1369,Chatterjee Retail,Salem,3,2015-02-01
1370,Menon Store,Visakhapatnam,5,2017-07-10
1371,Pillai Emporium,Mysuru,3,2018-04-28
1372,Verma Retail,Kolkata,1,2025-05-23
1373,Sivaraman Mart,Pune,4,2022-09-28
1374,Kapoor Wholesale,Surat,4,2021-10-25
1375,Saxena Mart,Mumbai,2,2021-09-09
1376,Mukherjee Ventures,Coimbatore,1,2025-03-13
1377,Pillai Ventures,Delhi,4,2019-12-01
1378,Ramanathan Store,Salem,1,2021-08-23
1379,Rajan Wholesale,Coimbatore,4,2020-04-30
1380,Malhotra Enterprises,Bhopal,5,2018-10-01
1381,Krishnan Wholesale,Mumbai,4,2024-09-17
1382,Bose Store,Kochi,2,2016-10-07
1383,Menon Enterprises,Surat,5,2021-11-23
1384,Pillai Store,Jaipur,1,2025-08-27
1385,Pandey Wholesale,Kolkata,5,2015-01-21
1386,Chettiar Ventures,Kochi,3,2016-10-31
1387,Patel Emporium,Madurai,2,2017-03-03
1388,Balasubramaniam Mart,Coimbatore,1,2018-07-27
1389,Iyer Mart,Thiruvananthapuram,1,2023-08-13
1390,Joshi Emporium,Indore,5,2024-04-01
1391,Saxena Enterprises,Visakhapatnam,2,2026-05-20
1392,Iyengar Enterprises,Salem,4,2022-09-17
1393,Rao Store,Delhi,1,2018-11-10
1394,Mukherjee Store,Bengaluru,3,2017-04-29
1395,Sundaram Emporium,Surat,5,2026-05-13
1396,Gupta Ventures,Chennai,3,2023-02-15
1397,Mishra Store,Vijayawada,3,2019-04-07
1398,Mehta Mart,Vellore,1,2024-01-30
1399,Mehta Store,Tiruchirappalli,3,2018-08-26
1400,Mehta Emporium,Mysuru,3,2022-05-19
1401,Iyer Store,Kochi,1,2018-06-15
1402,Agarwal Store,Ahmedabad,4,2022-12-18
1403,Iyer Retail,Vellore,4,2018-06-21
1404,Nair Emporium,Indore,1,2019-04-03
1405,Deshpande Distributors,Mumbai,4,2021-11-28
1406,Naidu Distributors,Surat,1,2022-06-21
1407,Mishra Store,Delhi,2,2025-08-28
1408,Subramaniam Wholesale,Thiruvananthapuram,1,2026-03-18
1409,Gupta Retail,Visakhapatnam,1,2024-01-24
1410,Bhatt Traders,Bhopal,5,2021-02-14
1411,Bose Mart,Ahmedabad,3,2016-12-20
1412,Mehta Ventures,Bhopal,2,2024-03-19
1413,Rao Hub,Salem,2,2016-06-03
1414,Reddy Wholesale,Ahmedabad,3,2019-05-05
1415,Shetty Hub,Kochi,4,2018-05-14
1416,Singh Hub,Hyderabad,5,2023-10-05
1417,Natarajan Retail,Indore,5,2019-10-08
1418,Pillai Enterprises,Mumbai,2,2021-12-01
1419,Bhatt Enterprises,Vijayawada,5,2017-05-17
1420,Mukherjee Mart,Hyderabad,2,2020-09-28
1421,Menon Traders,Bengaluru,5,2026-06-03
1422,Bansal Mart,Hyderabad,3,2022-08-19
1423,Naidu Emporium,Jaipur,4,2018-09-03
1424,Nair Store,Coimbatore,5,2025-03-18
1425,Verma Store,Tiruchirappalli,3,2021-08-14
1426,Verma Distributors,Surat,3,2019-09-17
1427,Rajan Retail,Vijayawada,5,2022-07-22
1428,Reddy Wholesale,Thiruvananthapuram,4,2017-09-11
1429,Kulkarni Mart,Vellore,1,2017-06-14
1430,Iyengar Wholesale,Ahmedabad,3,2018-11-06
1431,Reddy Mart,Vijayawada,3,2022-02-21
1432,Trivedi Retail,Vellore,1,2023-04-22
1433,Krishnan Store,Bengaluru,2,2015-09-14
1434,Trivedi Traders,Kochi,4,2018-10-29
1435,Ramanathan Retail,Salem,2,2019-05-31
1436,Pillai Wholesale,Delhi,4,2022-03-27
1437,Iyengar Distributors,Thiruvananthapuram,4,2018-04-12
1438,Pandian Wholesale,Tiruchirappalli,1,2025-10-15
1439,Agarwal Retail,Delhi,2,2024-09-26
1440,Kapoor Enterprises,Mumbai,3,2021-12-19
1441,Gupta Enterprises,Mysuru,4,2023-03-14
1442,Chatterjee Retail,Bengaluru,5,2022-09-07
1443,Raj Distributors,Pune,3,2021-01-12
1444,Thiagarajan Enterprises,Lucknow,3,2019-07-29
1445,Annamalai Enterprises,Thiruvananthapuram,2,2015-08-24
1446,Malhotra Mart,Salem,3,2016-11-10
1447,Subramaniam Traders,Chennai,3,2026-01-05
1448,Mudaliar Distributors,Kolkata,2,2015-12-10
1449,Bose Hub,Kolkata,2,2020-01-01
1450,Pandey Wholesale,Thiruvananthapuram,5,2017-10-23
1451,Mukherjee Emporium,Jaipur,4,2018-11-11
1452,Reddy Traders,Nagpur,2,2018-06-06
1453,Pandey Retail,Madurai,3,2016-03-15
1454,Joshi Store,Madurai,2,2017-01-15
1455,Ramanathan Retail,Vijayawada,5,2021-05-13
1456,Pandey Ventures,Mysuru,2,2017-03-28
1457,Balasubramaniam Ventures,Thiruvananthapuram,3,2017-08-29
1458,Pillai Enterprises,Nagpur,3,2018-12-23
1459,Naidu Emporium,Vijayawada,5,2017-06-29
1460,Malhotra Wholesale,Kochi,2,2024-04-12
1461,Subramaniam Retail,Jaipur,5,2018-01-22
1462,Iyer Enterprises,Vijayawada,3,2022-01-08
1463,Pandey Retail,Bhopal,5,2020-04-27
1464,Mukherjee Store,Vellore,5,2018-03-29
1465,Patel Traders,Vellore,3,2024-02-06
1466,Joshi Hub,Coimbatore,4,2018-04-02
1467,Gupta Enterprises,Surat,4,2021-12-08
1468,Desai Store,Coimbatore,1,2018-12-09
1469,Agarwal Traders,Vijayawada,1,2015-03-21
1470,Kulkarni Emporium,Chennai,4,2022-09-05
1471,Ramanathan Wholesale,Nagpur,5,2026-06-21
1472,Trivedi Store,Chennai,4,2021-02-21
1473,Naidu Enterprises,Madurai,5,2016-10-02
1474,Sundaram Store,Madurai,1,2022-04-08
1475,Chopra Hub,Chennai,5,2016-09-29
1476,Mudaliar Mart,Indore,4,2019-02-27
1477,Bose Store,Lucknow,2,2025-02-01
1478,Kulkarni Emporium,Madurai,1,2023-11-07
1479,Desai Distributors,Chennai,5,2026-01-21
1480,Chettiar Wholesale,Coimbatore,1,2019-09-22
1481,Malhotra Ventures,Delhi,3,2021-08-04
1482,Saxena Hub,Thiruvananthapuram,2,2018-05-21
1483,Reddy Mart,Chandigarh,3,2019-06-19
1484,Chandrasekar Store,Pune,5,2024-04-10
1485,Iyer Retail,Visakhapatnam,2,2018-08-25
1486,Shetty Enterprises,Jaipur,4,2021-08-18
1487,Nair Mart,Kochi,5,2021-03-20
1488,Pandian Hub,Madurai,4,2021-06-23
1489,Raj Emporium,Indore,1,2017-10-29
1490,Kapoor Store,Chandigarh,3,2017-07-27
1491,Murugan Distributors,Jaipur,1,2025-06-25
1492,Trivedi Hub,Indore,3,2026-01-03
1493,Ramanathan Enterprises,Thiruvananthapuram,3,2017-06-24
1494,Ramanathan Emporium,Lucknow,4,2016-06-14
1495,Nair Enterprises,Hyderabad,2,2017-04-10
1496,Murugan Hub,Pune,2,2024-08-08
1497,Mehta Mart,Thiruvananthapuram,2,2019-03-28
1498,Chopra Traders,Hyderabad,2,2018-11-14
1499,Balasubramaniam Emporium,Chandigarh,2,2025-08-25
1500,Nair Wholesale,Bengaluru,1,2015-01-05
1501,Rajan Hub,Bengaluru,4,2016-12-28
1502,Singh Retail,Tiruchirappalli,5,2023-05-01
1503,Pandey Mart,Visakhapatnam,4,2024-12-08
1504,Chatterjee Retail,Hyderabad,5,2025-11-26
1505,Singh Hub,Surat,4,2024-01-16
1506,Patel Distributors,Chandigarh,1,2022-06-12
1507,Verma Hub,Jaipur,2,2023-04-24
1508,Chettiar Hub,Ahmedabad,3,2015-01-25
1509,Reddy Emporium,Delhi,3,2019-05-24
1510,Gounder Store,Delhi,5,2020-11-11
1511,Venkatesan Hub,Bengaluru,1,2023-08-17
1512,Kulkarni Mart,Tiruchirappalli,1,2020-06-12
1513,Kapoor Distributors,Kolkata,5,2019-06-10
1514,Gounder Store,Nagpur,2,2019-08-10
1515,Menon Emporium,Salem,5,2015-03-15
1516,Rao Enterprises,Bengaluru,1,2019-01-23
1517,Gupta Enterprises,Nagpur,2,2020-08-24
1518,Nair Store,Kochi,2,2025-01-20
1519,Sharma Retail,Mumbai,5,2015-01-04
1520,Bansal Store,Delhi,1,2023-11-04
1521,Pandey Emporium,Chandigarh,2,2026-05-30
1522,Pillai Hub,Salem,5,2016-05-31
1523,Patel Retail,Delhi,1,2020-10-05
1524,Thiagarajan Traders,Vellore,5,2016-12-18
1525,Verma Wholesale,Vijayawada,4,2023-07-09
1526,Mehta Traders,Thiruvananthapuram,2,2017-10-24
1527,Deshpande Distributors,Kochi,2,2018-04-07
1528,Saxena Wholesale,Nagpur,2,2020-05-18
1529,Agarwal Hub,Madurai,1,2023-10-28
1530,Murugan Mart,Surat,3,2018-08-27
1531,Deshpande Distributors,Mysuru,2,2017-09-28
1532,Nair Retail,Tiruchirappalli,2,2017-12-30
1533,Rajan Ventures,Surat,5,2015-08-29
1534,Desai Hub,Madurai,3,2021-11-19
1535,Pandey Emporium,Vijayawada,1,2024-07-25
1536,Iyer Enterprises,Kolkata,1,2022-07-21
1537,Annamalai Wholesale,Salem,4,2015-08-02
1538,Bhatt Store,Tiruchirappalli,3,2018-08-01
1539,Pandian Retail,Kochi,3,2020-10-09
1540,Shetty Emporium,Pune,5,2023-06-06
1541,Murugan Ventures,Tiruchirappalli,5,2022-09-01
1542,Naidu Distributors,Lucknow,2,2016-09-05
1543,Balasubramaniam Enterprises,Thiruvananthapuram,4,2026-05-25
1544,Thiagarajan Traders,Hyderabad,3,2015-01-29
1545,Raj Hub,Bengaluru,1,2026-03-06
1546,Mudaliar Wholesale,Kolkata,1,2026-01-31
1547,Sundaram Emporium,Hyderabad,5,2016-03-13
1548,Ramanathan Mart,Bhopal,2,2021-10-12
1549,Reddy Wholesale,Coimbatore,1,2021-07-09
1550,Annamalai Retail,Tiruchirappalli,3,2026-03-04
1551,Iyengar Ventures,Kochi,5,2024-05-14
1552,Nair Hub,Vijayawada,4,2015-10-17
1553,Rangan Mart,Surat,1,2019-09-28
1554,Chettiar Store,Visakhapatnam,4,2026-03-02
1555,Mukherjee Emporium,Jaipur,5,2016-10-26
1556,Mukherjee Hub,Nagpur,5,2021-06-07
1557,Iyer Ventures,Surat,3,2020-10-18
1558,Sivaraman Store,Vellore,4,2018-05-26
1559,Trivedi Distributors,Pune,1,2021-12-19
1560,Pillai Traders,Hyderabad,3,2025-01-18
1561,Reddy Wholesale,Salem,3,2023-01-30
1562,Nair Emporium,Salem,2,2019-07-23
1563,Patel Wholesale,Madurai,1,2021-06-09
1564,Pillai Traders,Madurai,3,2017-09-11
1565,Iyer Store,Coimbatore,4,2019-08-28
1566,Venkatesan Retail,Indore,5,2025-08-24
1567,Reddy Emporium,Thiruvananthapuram,5,2024-10-26
1568,Nair Emporium,Vellore,5,2022-10-27
1569,Sundaram Distributors,Jaipur,3,2025-12-12
1570,Kumar Distributors,Surat,2,2019-05-26
1571,Chopra Mart,Chennai,5,2019-03-23
1572,Sharma Hub,Vijayawada,1,2025-01-02
1573,Rao Mart,Vijayawada,5,2018-12-20
1574,Bhatt Store,Chennai,2,2024-01-16
1575,Bansal Wholesale,Indore,2,2021-09-17
1576,Annamalai Ventures,Bengaluru,4,2018-02-10
1577,Gupta Mart,Bhopal,1,2019-07-14
1578,Bansal Traders,Mumbai,1,2024-02-05
1579,Deshpande Hub,Madurai,3,2022-12-02
1580,Chettiar Hub,Pune,2,2024-05-09
1581,Kulkarni Traders,Surat,3,2016-10-09
1582,Iyer Enterprises,Pune,4,2019-06-23
1583,Subramaniam Wholesale,Visakhapatnam,2,2021-06-04
1584,Venkatesan Enterprises,Tiruchirappalli,1,2024-06-12
1585,Naidu Store,Bhopal,2,2020-07-06
1586,Annamalai Distributors,Pune,2,2020-06-09
1587,Chopra Retail,Bhopal,2,2023-12-25
1588,Thiagarajan Traders,Ahmedabad,4,2019-02-18
1589,Nair Mart,Surat,2,2023-09-02
1590,Pillai Enterprises,Bengaluru,4,2022-11-02
1591,Nair Distributors,Jaipur,4,2020-02-08
1592,Kapoor Retail,Thiruvananthapuram,2,2019-08-17
1593,Trivedi Store,Vellore,2,2024-03-12
1594,Subramaniam Distributors,Mumbai,3,2015-05-07
1595,Menon Retail,Jaipur,4,2019-10-23
1596,Saxena Distributors,Tiruchirappalli,2,2025-10-09
1597,Kapoor Distributors,Hyderabad,4,2015-08-15
1598,Singh Ventures,Jaipur,1,2022-03-10
1599,Mudaliar Hub,Coimbatore,5,2026-06-04
1600,Mudaliar Mart,Vellore,1,2025-03-11
1601,Patel Mart,Lucknow,5,2021-01-08
1602,Trivedi Emporium,Indore,4,2025-09-28
1603,Pillai Distributors,Salem,4,2015-10-18
1604,Menon Traders,Vellore,5,2024-02-18
1605,Agarwal Hub,Mysuru,2,2024-02-16
1606,Ramanathan Traders,Lucknow,1,2022-12-28
1607,Iyer Ventures,Chandigarh,2,2022-10-27
1608,Rajan Ventures,Indore,2,2025-06-08
1609,Pillai Traders,Bengaluru,3,2025-01-12
1610,Singh Emporium,Indore,4,2026-07-31
1611,Shetty Store,Jaipur,3,2018-12-09
1612,Mehta Hub,Hyderabad,2,2016-11-05
1613,Subramaniam Store,Ahmedabad,2,2025-08-05
1614,Deshpande Store,Tiruchirappalli,3,2016-12-23
1615,Chandrasekar Enterprises,Lucknow,3,2025-05-16
1616,Joshi Traders,Hyderabad,5,2019-08-28
1617,Chettiar Wholesale,Surat,5,2017-03-24
1618,Balasubramaniam Ventures,Lucknow,2,2018-03-04
1619,Rangan Hub,Bengaluru,5,2023-11-07
1620,Murugan Store,Bengaluru,4,2024-06-08
1621,Nair Store,Bengaluru,3,2016-06-22
1622,Gupta Retail,Chennai,1,2024-05-12
1623,Bhatt Emporium,Visakhapatnam,2,2024-08-03
1624,Iyer Distributors,Lucknow,1,2026-06-11
1625,Chatterjee Store,Ahmedabad,1,2015-03-14
1626,Nair Emporium,Tiruchirappalli,2,2018-07-19
1627,Menon Enterprises,Madurai,4,2024-09-20
1628,Ramanathan Store,Vellore,4,2026-07-09
1629,Annamalai Store,Indore,4,2022-09-01
1630,Menon Wholesale,Madurai,3,2023-09-03
1631,Annamalai Wholesale,Ahmedabad,5,2018-07-10
1632,Singh Retail,Thiruvananthapuram,3,2023-08-16
1633,Mudaliar Enterprises,Jaipur,3,2025-06-12
1634,Raj Hub,Chandigarh,3,2026-04-03
1635,Sundaram Distributors,Hyderabad,3,2025-06-11
1636,Rao Ventures,Chennai,4,2024-06-04
1637,Agarwal Enterprises,Jaipur,5,2022-05-31
1638,Nair Enterprises,Indore,1,2020-10-02
1639,Pandian Retail,Vellore,4,2023-08-29
1640,Kapoor Mart,Ahmedabad,1,2025-11-29
1641,Rangan Enterprises,Salem,5,2025-12-30
1642,Malhotra Enterprises,Lucknow,1,2024-04-05
1643,Mishra Enterprises,Salem,5,2024-05-22
1644,Deshpande Enterprises,Nagpur,1,2022-05-22
1645,Deshpande Wholesale,Chandigarh,1,2021-06-26
1646,Mehta Store,Jaipur,4,2020-07-13
1647,Patel Store,Ahmedabad,2,2025-01-28
1648,Sivaraman Traders,Delhi,1,2015-09-22
1649,Iyengar Retail,Thiruvananthapuram,1,2016-03-26
1650,Murugan Hub,Bengaluru,4,2019-11-29
1651,Iyer Mart,Madurai,1,2019-06-04
1652,Sivaraman Emporium,Salem,4,2025-07-30
1653,Pillai Traders,Visakhapatnam,2,2020-01-17
1654,Agarwal Enterprises,Coimbatore,3,2018-05-30
1655,Reddy Hub,Chennai,2,2023-08-29
1656,Desai Emporium,Pune,2,2018-05-31
1657,Annamalai Emporium,Hyderabad,1,2023-04-27
1658,Naidu Distributors,Kochi,2,2017-11-06
1659,Pandey Ventures,Kochi,3,2016-10-18
1660,Ramanathan Mart,Indore,5,2025-11-24
1661,Naidu Wholesale,Coimbatore,4,2017-01-19
1662,Sivaraman Ventures,Thiruvananthapuram,1,2023-08-19
1663,Reddy Emporium,Vijayawada,1,2017-11-06
1664,Rao Distributors,Bhopal,3,2016-04-21
1665,Mudaliar Ventures,Ahmedabad,1,2024-04-14
1666,Naidu Wholesale,Surat,5,2018-02-22
1667,Bose Store,Chandigarh,1,2021-01-03
1668,Naidu Distributors,Visakhapatnam,1,2021-11-14
1669,Chopra Hub,Kolkata,4,2019-08-30
1670,Chatterjee Store,Nagpur,4,2022-01-08
1671,Sundaram Distributors,Pune,4,2021-05-06
1672,Kapoor Distributors,Hyderabad,3,2019-03-08
1673,Kulkarni Distributors,Vijayawada,1,2026-06-23
1674,Iyer Store,Tiruchirappalli,1,2025-11-26
1675,Desai Traders,Bengaluru,4,2023-11-01
1676,Pandian Mart,Vijayawada,4,2017-04-04
1677,Reddy Traders,Lucknow,1,2022-07-17
1678,Malhotra Store,Tiruchirappalli,2,2020-12-11
1679,Iyer Enterprises,Nagpur,3,2026-07-30
1680,Thiagarajan Distributors,Chandigarh,2,2015-06-13
1681,Kumar Traders,Nagpur,5,2019-09-15
1682,Annamalai Mart,Salem,4,2015-08-18
1683,Raj Distributors,Vellore,5,2021-09-06
1684,Thiagarajan Distributors,Chandigarh,1,2024-02-27
1685,Kumar Ventures,Madurai,1,2025-05-24
1686,Mishra Ventures,Chandigarh,3,2019-09-09
1687,Nair Enterprises,Delhi,2,2025-02-26
1688,Iyengar Distributors,Surat,3,2022-12-12
1689,Subramaniam Hub,Bengaluru,4,2022-09-11
1690,Rao Store,Bhopal,4,2016-02-05
1691,Pillai Ventures,Chandigarh,4,2017-05-06
1692,Iyer Retail,Nagpur,1,2015-04-11
1693,Chatterjee Store,Delhi,2,2026-03-08
1694,Rajan Emporium,Madurai,5,2025-01-21
1695,Rao Hub,Mumbai,5,2018-11-19
1696,Desai Traders,Salem,3,2025-11-16
1697,Patel Ventures,Pune,2,2023-11-06
1698,Gupta Emporium,Madurai,1,2026-03-18
1699,Malhotra Emporium,Bengaluru,4,2024-11-30
1700,Verma Emporium,Tiruchirappalli,1,2023-01-05
1701,Mukherjee Hub,Bengaluru,5,2025-04-21
1702,Nair Wholesale,Hyderabad,1,2017-09-19
1703,Gupta Wholesale,Vellore,2,2025-11-20
1704,Ramanathan Wholesale,Tiruchirappalli,3,2021-10-01
1705,Venkatesan Ventures,Kochi,1,2016-01-27
1706,Mudaliar Enterprises,Tiruchirappalli,5,2020-07-07
1707,Balasubramaniam Emporium,Tiruchirappalli,3,2022-04-30
1708,Nair Wholesale,Vellore,3,2016-12-19
1709,Reddy Emporium,Pune,4,2018-08-15
1710,Pillai Mart,Tiruchirappalli,5,2023-10-30
1711,Bhatt Mart,Bengaluru,1,2026-01-03
1712,Patel Mart,Jaipur,3,2022-10-11
1713,Mukherjee Emporium,Pune,4,2019-09-03
1714,Subramaniam Hub,Visakhapatnam,5,2020-12-16
1715,Subramaniam Retail,Visakhapatnam,2,2019-08-09
1716,Krishnan Emporium,Salem,1,2018-10-17
1717,Chandrasekar Traders,Visakhapatnam,2,2026-03-13
1718,Annamalai Traders,Coimbatore,2,2022-03-19
1719,Gounder Mart,Indore,2,2016-10-29
1720,Chopra Retail,Tiruchirappalli,2,2025-07-01
1721,Murugan Traders,Coimbatore,2,2020-04-18
1722,Deshpande Wholesale,Nagpur,3,2015-07-05
1723,Krishnan Hub,Delhi,4,2016-06-26
1724,Murugan Traders,Mysuru,1,2017-08-02
1725,Chopra Emporium,Hyderabad,2,2024-02-28
1726,Murugan Wholesale,Madurai,5,2022-08-05
1727,Saxena Ventures,Thiruvananthapuram,5,2023-03-27
1728,Iyengar Wholesale,Vijayawada,4,2023-09-17
1729,Annamalai Hub,Ahmedabad,5,2022-06-25
1730,Nair Mart,Kolkata,5,2022-09-06
1731,Mukherjee Ventures,Mysuru,2,2025-04-13
1732,Menon Mart,Hyderabad,2,2025-04-10
1733,Gupta Emporium,Bhopal,5,2019-11-28
1734,Mudaliar Emporium,Mysuru,5,2024-01-07
1735,Gounder Traders,Visakhapatnam,5,2021-04-20
1736,Chandrasekar Traders,Thiruvananthapuram,1,2015-06-20
1737,Chandrasekar Distributors,Chennai,5,2019-01-11
1738,Sivaraman Hub,Mumbai,4,2024-06-22
1739,Singh Hub,Ahmedabad,3,2024-05-31
1740,Venkatesan Wholesale,Nagpur,5,2024-04-01
1741,Chatterjee Retail,Pune,2,2022-10-14
1742,Verma Mart,Chandigarh,3,2019-11-19
1743,Gupta Ventures,Thiruvananthapuram,3,2018-09-28
1744,Sundaram Mart,Vijayawada,5,2025-02-24
1745,Pandey Traders,Salem,3,2023-04-14
1746,Murugan Mart,Pune,3,2026-01-12
1747,Saxena Traders,Tiruchirappalli,4,2018-04-26
1748,Sharma Emporium,Surat,1,2023-10-17
1749,Deshpande Store,Kochi,2,2019-01-12
1750,Pillai Retail,Jaipur,4,2017-07-02
1751,Sivaraman Ventures,Nagpur,5,2015-10-15
1752,Desai Mart,Tiruchirappalli,3,2018-04-16
1753,Sundaram Retail,Visakhapatnam,2,2019-08-31
1754,Chatterjee Traders,Bengaluru,1,2018-04-07
1755,Chandrasekar Store,Delhi,1,2025-11-07
1756,Chopra Distributors,Bhopal,5,2018-03-24
1757,Mishra Distributors,Hyderabad,2,2018-08-06
1758,Bose Ventures,Nagpur,1,2017-07-19
1759,Kulkarni Wholesale,Bhopal,3,2016-02-26
1760,Murugan Enterprises,Lucknow,2,2015-09-15
1761,Mehta Store,Delhi,3,2024-09-30
1762,Rangan Wholesale,Indore,1,2026-04-21
1763,Annamalai Wholesale,Kolkata,2,2023-01-09
1764,Annamalai Mart,Salem,5,2025-05-05
1765,Chatterjee Mart,Mysuru,5,2015-06-21
1766,Kulkarni Distributors,Mumbai,5,2022-09-09
1767,Deshpande Retail,Surat,4,2022-10-21
1768,Annamalai Wholesale,Kochi,3,2017-07-17
1769,Rao Ventures,Chennai,2,2021-06-29
1770,Gupta Enterprises,Pune,2,2019-11-30
1771,Nair Wholesale,Salem,4,2024-06-23
1772,Kapoor Mart,Nagpur,5,2026-07-28
1773,Rajan Emporium,Vellore,2,2016-06-27
1774,Pandian Enterprises,Lucknow,3,2016-09-07
1775,Deshpande Hub,Chennai,5,2017-09-26
1776,Thiagarajan Ventures,Bhopal,2,2016-06-26
1777,Chandrasekar Store,Surat,2,2025-05-22
1778,Rao Retail,Vellore,3,2015-07-18
1779,Patel Ventures,Coimbatore,1,2020-10-12
1780,Pandey Traders,Jaipur,4,2019-02-17
1781,Naidu Traders,Surat,4,2019-05-12
1782,Reddy Traders,Bhopal,1,2018-10-10
1783,Nair Retail,Mumbai,3,2016-12-25
1784,Nair Distributors,Vellore,2,2020-02-12
1785,Patel Ventures,Bengaluru,5,2023-03-19
1786,Reddy Store,Vijayawada,4,2021-02-03
1787,Gounder Hub,Mumbai,1,2025-02-01
1788,Joshi Ventures,Vellore,2,2022-09-01
1789,Kulkarni Retail,Salem,3,2019-12-19
1790,Mudaliar Retail,Bhopal,5,2016-10-05
1791,Venkatesan Ventures,Pune,4,2019-08-30
1792,Rangan Retail,Bengaluru,2,2020-03-24
1793,Kulkarni Distributors,Salem,3,2024-04-02
1794,Ramanathan Mart,Vijayawada,3,2018-07-30
1795,Mishra Retail,Visakhapatnam,3,2020-07-05
1796,Kapoor Retail,Lucknow,1,2021-01-01
1797,Agarwal Distributors,Vellore,1,2021-05-04
1798,Singh Retail,Nagpur,2,2019-09-23
1799,Rajan Distributors,Nagpur,5,2024-12-04
1800,Thiagarajan Distributors,Nagpur,3,2016-06-22
1801,Chettiar Traders,Chandigarh,2,2026-03-23
1802,Annamalai Ventures,Mysuru,2,2015-11-24
1803,Pillai Enterprises,Lucknow,3,2018-08-18
1804,Raj Retail,Pune,1,2022-08-18
1805,Kumar Hub,Vellore,1,2016-12-10
1806,Chatterjee Distributors,Kochi,1,2024-01-25
1807,Trivedi Store,Bhopal,1,2019-08-13
1808,Iyer Wholesale,Kolkata,5,2015-10-26
1809,Reddy Enterprises,Vellore,2,2017-10-14
1810,Pandey Store,Hyderabad,4,2025-11-12
1811,Rao Traders,Coimbatore,5,2021-05-06
1812,Verma Wholesale,Kolkata,2,2022-06-27
1813,Iyengar Emporium,Mysuru,2,2017-04-09
1814,Kumar Wholesale,Ahmedabad,4,2022-09-24
1815,Chandrasekar Store,Indore,2,2019-05-02
1816,Gounder Store,Thiruvananthapuram,3,2020-08-20
1817,Venkatesan Store,Madurai,5,2016-11-02
1818,Pandian Distributors,Ahmedabad,3,2021-11-15
1819,Gounder Enterprises,Salem,2,2023-12-26
1820,Nair Wholesale,Pune,2,2021-11-28
1821,Trivedi Wholesale,Nagpur,2,2022-12-13
1822,Kapoor Ventures,Indore,5,2023-05-16
1823,Nair Retail,Chandigarh,1,2025-03-22
1824,Patel Traders,Bengaluru,3,2024-09-16
1825,Gupta Enterprises,Kochi,3,2025-07-21
1826,Chopra Mart,Tiruchirappalli,2,2017-05-04
1827,Reddy Hub,Thiruvananthapuram,4,2020-07-25
1828,Sivaraman Ventures,Lucknow,1,2026-05-15
1829,Rangan Ventures,Pune,4,2021-06-18
1830,Verma Emporium,Surat,4,2015-11-12
1831,Nair Hub,Ahmedabad,1,2023-07-16
1832,Pillai Emporium,Vijayawada,2,2018-06-10
1833,Krishnan Store,Vijayawada,2,2025-02-11
1834,Chopra Traders,Jaipur,1,2020-11-20
1835,Reddy Retail,Surat,1,2026-02-22
1836,Pandey Hub,Indore,5,2024-04-30
1837,Mishra Retail,Chennai,5,2019-09-03
1838,Chopra Traders,Indore,4,2017-10-02
1839,Mehta Wholesale,Chandigarh,4,2017-05-10
1840,Raj Emporium,Visakhapatnam,3,2023-01-11
1841,Balasubramaniam Store,Madurai,4,2019-03-11
1842,Menon Mart,Bhopal,5,2016-07-04
1843,Deshpande Enterprises,Surat,1,2020-11-27
1844,Chettiar Traders,Ahmedabad,1,2015-06-21
1845,Iyengar Hub,Ahmedabad,5,2019-08-30
1846,Nair Mart,Vijayawada,1,2018-06-22
1847,Saxena Wholesale,Bengaluru,2,2018-02-19
1848,Singh Store,Indore,5,2016-04-28
1849,Mehta Mart,Thiruvananthapuram,1,2021-05-11
1850,Deshpande Emporium,Visakhapatnam,2,2025-10-01
1851,Balasubramaniam Hub,Lucknow,2,2020-12-06
1852,Agarwal Mart,Jaipur,4,2024-03-20
1853,Murugan Distributors,Kolkata,1,2016-12-11
1854,Thiagarajan Retail,Delhi,3,2020-07-10
1855,Chopra Store,Visakhapatnam,2,2019-05-06
1856,Nair Store,Bengaluru,5,2021-10-05
1857,Malhotra Distributors,Vijayawada,2,2025-12-29
1858,Reddy Retail,Salem,3,2023-03-07
1859,Pillai Distributors,Indore,5,2023-12-19
1860,Agarwal Distributors,Chandigarh,4,2020-03-09
1861,Kulkarni Traders,Salem,5,2023-02-19
1862,Chatterjee Traders,Ahmedabad,4,2024-07-02
1863,Naidu Traders,Mumbai,2,2023-09-07
1864,Annamalai Distributors,Madurai,4,2017-02-19
1865,Sharma Emporium,Coimbatore,1,2019-04-26
1866,Rajan Emporium,Pune,4,2015-05-09
1867,Reddy Retail,Kolkata,5,2017-11-03
1868,Pillai Retail,Hyderabad,2,2023-07-27
1869,Pillai Wholesale,Indore,5,2017-01-25
1870,Rao Ventures,Mumbai,4,2025-11-26
1871,Sivaraman Hub,Nagpur,1,2023-07-30
1872,Murugan Mart,Thiruvananthapuram,2,2015-05-25
1873,Kapoor Ventures,Madurai,3,2018-07-28
1874,Iyer Distributors,Nagpur,3,2023-06-08
1875,Subramaniam Emporium,Coimbatore,5,2018-03-07
1876,Krishnan Wholesale,Jaipur,3,2019-04-25
1877,Gounder Wholesale,Bhopal,2,2019-01-13
1878,Iyer Emporium,Kolkata,3,2017-06-25
1879,Subramaniam Traders,Mysuru,2,2020-11-30
1880,Annamalai Emporium,Nagpur,3,2015-07-12
1881,Iyer Store,Bengaluru,5,2021-11-15
1882,Desai Mart,Kochi,1,2023-07-03
1883,Chatterjee Store,Delhi,5,2015-10-05
1884,Chopra Mart,Hyderabad,4,2022-01-03
1885,Pandian Distributors,Chennai,5,2019-07-29
1886,Natarajan Retail,Chennai,2,2015-07-22
1887,Rao Mart,Chennai,1,2021-07-07
1888,Trivedi Retail,Surat,5,2022-09-06
1889,Pillai Emporium,Hyderabad,3,2020-08-28
1890,Subramaniam Store,Visakhapatnam,3,2022-04-13
1891,Reddy Traders,Surat,1,2023-04-14
1892,Sivaraman Ventures,Bhopal,5,2016-11-04
1893,Iyer Wholesale,Lucknow,2,2021-12-06
1894,Subramaniam Store,Mysuru,3,2015-07-24
1895,Pillai Retail,Salem,2,2025-09-04
1896,Joshi Store,Nagpur,3,2016-08-27
1897,Sharma Ventures,Vijayawada,1,2026-05-16
1898,Balasubramaniam Traders,Madurai,1,2021-09-01
1899,Rangan Retail,Bhopal,4,2021-12-20
1900,Kumar Distributors,Mumbai,2,2023-01-06
1901,Gupta Enterprises,Lucknow,5,2016-09-11
1902,Pandey Mart,Chennai,1,2015-05-15
1903,Pandey Mart,Bhopal,4,2022-06-14
1904,Gounder Ventures,Surat,3,2022-03-23
1905,Ramanathan Wholesale,Hyderabad,4,2022-04-03
1906,Sundaram Enterprises,Chandigarh,4,2018-07-19
1907,Sundaram Hub,Visakhapatnam,1,2019-02-11
1908,Singh Distributors,Bengaluru,5,2020-05-02
1909,Verma Ventures,Lucknow,5,2021-06-06
1910,Iyengar Emporium,Chandigarh,2,2022-02-05
1911,Kapoor Emporium,Tiruchirappalli,5,2023-05-20
1912,Pillai Emporium,Madurai,3,2016-10-13
1913,Raj Ventures,Chennai,1,2015-10-31
1914,Naidu Enterprises,Chandigarh,5,2020-10-09
1915,Deshpande Wholesale,Salem,5,2020-05-21
1916,Kumar Hub,Kolkata,5,2019-10-18
1917,Patel Hub,Kochi,5,2017-07-19
1918,Raj Mart,Mumbai,3,2025-09-17
1919,Iyer Hub,Pune,3,2024-01-04
1920,Venkatesan Wholesale,Vijayawada,1,2019-02-09
1921,Naidu Mart,Jaipur,1,2024-02-11
1922,Mehta Retail,Nagpur,2,2023-01-07
1923,Desai Hub,Salem,2,2021-11-01
1924,Mehta Distributors,Vellore,5,2017-01-06
1925,Annamalai Traders,Thiruvananthapuram,5,2026-01-16
1926,Mudaliar Mart,Indore,4,2016-10-10
1927,Iyer Mart,Delhi,3,2019-03-03
1928,Nair Retail,Nagpur,5,2025-07-08
1929,Sharma Ventures,Bengaluru,4,2020-11-09
1930,Chopra Hub,Chennai,4,2023-04-08
1931,Gounder Hub,Surat,4,2017-05-10
1932,Naidu Store,Indore,2,2018-04-22
1933,Mishra Retail,Delhi,5,2018-02-14
1934,Iyer Retail,Bengaluru,4,2016-12-16
1935,Balasubramaniam Wholesale,Chandigarh,1,2017-10-17
1936,Patel Emporium,Nagpur,3,2022-01-25
1937,Agarwal Enterprises,Tiruchirappalli,4,2019-07-13
1938,Murugan Ventures,Vijayawada,3,2015-11-23
1939,Raj Store,Chandigarh,1,2017-05-24
1940,Iyer Emporium,Ahmedabad,3,2017-02-24
1941,Menon Hub,Indore,5,2025-02-15
1942,Pillai Wholesale,Hyderabad,2,2021-02-16
1943,Mishra Traders,Kolkata,1,2024-07-01
1944,Iyer Enterprises,Visakhapatnam,2,2016-11-08
1945,Rangan Enterprises,Kolkata,1,2020-04-15
1946,Kumar Mart,Vellore,5,2025-09-18
1947,Gupta Mart,Bengaluru,2,2023-08-25
1948,Sivaraman Retail,Coimbatore,4,2022-05-18
1949,Natarajan Retail,Vijayawada,2,2017-06-05
1950,Chettiar Enterprises,Jaipur,3,2022-06-23
1951,Menon Traders,Bengaluru,5,2025-06-04
1952,Mudaliar Emporium,Delhi,1,2024-11-13
1953,Agarwal Enterprises,Visakhapatnam,4,2018-02-08
1954,Murugan Emporium,Lucknow,3,2017-09-12
1955,Trivedi Ventures,Ahmedabad,5,2026-02-08
1956,Pandian Wholesale,Vijayawada,2,2024-07-10
1957,Naidu Retail,Mumbai,4,2017-02-10
1958,Reddy Wholesale,Kochi,4,2018-04-10
1959,Venkatesan Enterprises,Bhopal,5,2019-04-03
1960,Nair Wholesale,Salem,1,2021-06-02
1961,Thiagarajan Retail,Visakhapatnam,2,2026-02-27
1962,Saxena Store,Chandigarh,1,2020-02-13
1963,Bose Store,Tiruchirappalli,4,2019-11-28
1964,Reddy Store,Salem,3,2021-09-13
1965,Mishra Ventures,Delhi,2,2019-12-21
1966,Pillai Emporium,Surat,4,2023-03-21
1967,Kumar Mart,Mysuru,2,2015-05-26
1968,Venkatesan Enterprises,Tiruchirappalli,1,2015-03-14
1969,Agarwal Retail,Mysuru,4,2025-05-25
1970,Annamalai Store,Pune,4,2021-03-13
1971,Trivedi Wholesale,Chandigarh,5,2019-02-28
1972,Venkatesan Ventures,Lucknow,1,2017-05-25
1973,Bansal Traders,Chennai,4,2017-10-20
1974,Nair Retail,Bhopal,3,2020-07-11
1975,Rajan Hub,Vellore,2,2015-08-09
1976,Iyengar Emporium,Mumbai,5,2026-06-22
1977,Nair Distributors,Thiruvananthapuram,4,2025-10-06
1978,Rangan Store,Mysuru,2,2015-06-03
1979,Kulkarni Hub,Lucknow,3,2021-12-17
1980,Agarwal Wholesale,Chandigarh,3,2019-03-16
1981,Trivedi Mart,Bengaluru,2,2025-06-15
1982,Kumar Store,Indore,2,2023-05-09
1983,Nair Distributors,Mysuru,4,2015-10-23
1984,Mishra Ventures,Salem,5,2024-11-28
1985,Chettiar Enterprises,Delhi,3,2026-05-11
1986,Kapoor Traders,Ahmedabad,1,2018-08-17
1987,Trivedi Emporium,Lucknow,1,2016-09-06
1988,Mishra Ventures,Hyderabad,1,2021-12-18
1989,Thiagarajan Mart,Madurai,3,2025-05-29
1990,Desai Retail,Delhi,2,2015-05-23
1991,Rajan Store,Kochi,3,2022-07-17
1992,Verma Hub,Mysuru,5,2026-02-06
1993,Sivaraman Store,Kochi,3,2015-04-04
1994,Pandian Retail,Pune,4,2018-12-07
1995,Gupta Emporium,Kochi,2,2025-02-02
1996,Ramanathan Ventures,Nagpur,5,2021-11-16
1997,Krishnan Enterprises,Bhopal,1,2024-04-29
1998,Reddy Ventures,Ahmedabad,4,2015-11-29
1999,Nair Store,Chennai,3,2025-10-16
2000,Singh Mart,Salem,3,2022-06-18
2001,Mukherjee Ventures,Bengaluru,2,2015-09-24
2002,Agarwal Enterprises,Madurai,1,2017-09-03
2003,Rangan Ventures,Madurai,4,2026-03-19
2004,Venkatesan Hub,Kolkata,5,2018-09-25
2005,Naidu Enterprises,Coimbatore,1,2020-11-25
2006,Subramaniam Traders,Kochi,5,2024-07-25
2007,Rangan Distributors,Salem,3,2023-07-19
2008,Sharma Hub,Mumbai,5,2016-06-18
2009,Chatterjee Distributors,Lucknow,3,2026-06-08
2010,Patel Enterprises,Thiruvananthapuram,5,2018-12-18
2011,Pillai Store,Bhopal,4,2025-10-28
2012,Sundaram Hub,Lucknow,4,2025-03-23
2013,Chopra Wholesale,Kolkata,4,2022-06-12
2014,Kumar Wholesale,Vellore,2,2020-12-29
2015,Chandrasekar Enterprises,Bengaluru,4,2022-06-28
2016,Joshi Hub,Coimbatore,1,2019-09-05
2017,Iyengar Traders,Mysuru,2,2019-01-29
2018,Patel Enterprises,Mumbai,2,2016-07-28
2019,Mishra Hub,Jaipur,3,2017-07-11
2020,Sundaram Store,Mysuru,2,2026-02-12
2021,Annamalai Hub,Bhopal,4,2021-09-12
2022,Iyer Hub,Chennai,4,2016-02-21
2023,Chopra Emporium,Delhi,5,2025-02-12
2024,Sharma Store,Chennai,4,2026-03-25
2025,Chettiar Ventures,Nagpur,2,2023-10-16
2026,Annamalai Hub,Madurai,2,2021-12-22
2027,Raj Ventures,Lucknow,1,2018-03-22
2028,Sharma Store,Bhopal,1,2024-12-03
2029,Pillai Enterprises,Pune,5,2023-07-20
2030,Saxena Ventures,Vijayawada,5,2024-02-29
2031,Pillai Distributors,Surat,2,2015-08-26
2032,Sharma Store,Mumbai,2,2018-08-02
2033,Mukherjee Traders,Mysuru,1,2017-06-22
2034,Desai Traders,Kochi,4,2015-08-27
2035,Bhatt Emporium,Indore,3,2024-01-29
2036,Murugan Mart,Chandigarh,5,2019-11-18
2037,Naidu Enterprises,Delhi,3,2025-02-19
2038,Mishra Enterprises,Salem,5,2015-04-15
2039,Iyer Mart,Kolkata,4,2015-12-04
2040,Nair Retail,Ahmedabad,2,2023-07-31
2041,Raj Enterprises,Coimbatore,2,2020-10-27
2042,Chatterjee Ventures,Pune,3,2019-02-06
2043,Krishnan Mart,Coimbatore,3,2023-08-11
2044,Iyer Enterprises,Bengaluru,1,2016-04-24
2045,Menon Enterprises,Delhi,1,2015-11-05
2046,Mukherjee Mart,Bhopal,5,2015-02-26
2047,Iyer Emporium,Surat,1,2019-05-31
2048,Verma Store,Nagpur,1,2020-02-12
2049,Chatterjee Mart,Thiruvananthapuram,4,2021-10-29
2050,Rajan Enterprises,Mumbai,1,2026-05-11
2051,Mudaliar Distributors,Tiruchirappalli,5,2016-12-19
2052,Raj Retail,Indore,2,2024-05-30
2053,Gounder Mart,Madurai,2,2023-12-02
2054,Mehta Distributors,Indore,2,2024-01-24
2055,Chettiar Store,Vellore,4,2026-03-31
2056,Rangan Wholesale,Lucknow,4,2017-10-08
2057,Mudaliar Wholesale,Salem,3,2016-12-31
2058,Patel Emporium,Coimbatore,4,2024-09-05
2059,Reddy Distributors,Lucknow,3,2018-11-18
2060,Kumar Traders,Bengaluru,4,2019-08-06
2061,Rao Ventures,Surat,2,2017-01-14
2062,Rangan Emporium,Bengaluru,1,2017-10-09
2063,Kapoor Wholesale,Delhi,5,2017-08-12
2064,Deshpande Mart,Ahmedabad,2,2020-02-05
2065,Nair Distributors,Delhi,1,2024-08-20
2066,Iyengar Retail,Vellore,3,2019-07-02
2067,Bose Enterprises,Pune,1,2018-07-06
2068,Rajan Traders,Ahmedabad,5,2025-06-17
2069,Bose Mart,Lucknow,3,2021-05-01
2070,Pillai Emporium,Hyderabad,3,2025-01-28
2071,Agarwal Store,Chennai,1,2022-01-25
2072,Iyengar Hub,Indore,1,2021-08-23
2073,Saxena Mart,Lucknow,4,2018-05-09
2074,Iyer Enterprises,Lucknow,1,2023-02-18
2075,Pillai Store,Chennai,5,2020-05-25
2076,Ramanathan Emporium,Delhi,1,2017-09-14
2077,Natarajan Distributors,Bengaluru,4,2020-11-21
2078,Bhatt Wholesale,Bhopal,4,2024-04-28
2079,Singh Store,Vijayawada,5,2021-03-12
2080,Singh Ventures,Surat,1,2024-01-29
2081,Kulkarni Enterprises,Lucknow,1,2021-07-12
2082,Thiagarajan Ventures,Delhi,1,2016-09-09
2083,Iyer Store,Bhopal,5,2026-07-23
2084,Mudaliar Store,Hyderabad,1,2016-08-21
2085,Pandey Retail,Tiruchirappalli,1,2017-12-28
2086,Rao Wholesale,Pune,4,2017-10-01
2087,Trivedi Ventures,Jaipur,4,2019-06-15
2088,Sundaram Emporium,Kolkata,3,2020-11-21
2089,Bhatt Distributors,Chennai,5,2018-01-08
2090,Natarajan Mart,Bengaluru,3,2016-10-21
2091,Reddy Emporium,Kolkata,3,2016-12-06
2092,Agarwal Emporium,Mumbai,3,2016-06-24
2093,Kumar Store,Madurai,2,2018-04-25
2094,Singh Hub,Ahmedabad,1,2021-10-17
2095,Shetty Store,Chennai,2,2018-09-08
2096,Nair Traders,Bhopal,1,2026-06-09
2097,Iyengar Traders,Bengaluru,5,2018-01-02
2098,Saxena Traders,Lucknow,2,2015-09-20
2099,Murugan Retail,Nagpur,1,2024-09-16
2100,Sivaraman Emporium,Visakhapatnam,5,2022-03-10
2101,Subramaniam Emporium,Thiruvananthapuram,5,2019-06-18
2102,Balasubramaniam Store,Tiruchirappalli,5,2025-07-31
2103,Nair Enterprises,Tiruchirappalli,4,2023-11-27
2104,Singh Enterprises,Tiruchirappalli,1,2015-09-14
2105,Joshi Emporium,Salem,5,2026-04-18
2106,Ramanathan Mart,Salem,4,2019-03-24
2107,Chatterjee Emporium,Chandigarh,1,2023-09-22
2108,Nair Wholesale,Ahmedabad,4,2018-06-27
2109,Gounder Retail,Tiruchirappalli,4,2019-08-22
2110,Trivedi Hub,Salem,3,2022-02-28
2111,Natarajan Enterprises,Thiruvananthapuram,1,2025-08-25
2112,Gounder Mart,Bhopal,4,2022-02-03
2113,Iyer Hub,Mysuru,3,2023-12-20
2114,Singh Wholesale,Kochi,5,2017-04-19
2115,Krishnan Store,Coimbatore,5,2018-07-16
2116,Naidu Store,Bengaluru,1,2015-05-26
2117,Chettiar Traders,Madurai,2,2024-09-24
2118,Deshpande Retail,Coimbatore,3,2025-02-24
2119,Iyer Wholesale,Pune,5,2023-05-06
2120,Raj Enterprises,Salem,3,2015-02-16
2121,Kapoor Store,Chennai,5,2025-12-11
2122,Naidu Retail,Ahmedabad,4,2023-09-13
2123,Mishra Distributors,Nagpur,1,2019-01-05
2124,Sivaraman Retail,Vijayawada,4,2016-01-11
2125,Bose Ventures,Vijayawada,3,2024-01-14
2126,Kulkarni Hub,Mysuru,2,2023-12-09
2127,Iyer Retail,Delhi,4,2021-03-22
2128,Kulkarni Traders,Salem,3,2022-05-26
2129,Thiagarajan Mart,Nagpur,2,2020-08-10
2130,Thiagarajan Wholesale,Nagpur,1,2021-05-02
2131,Sundaram Mart,Salem,3,2016-07-07
2132,Kulkarni Distributors,Indore,4,2018-05-21
2133,Nair Traders,Mumbai,2,2024-03-07
2134,Subramaniam Hub,Vellore,4,2021-11-27
2135,Deshpande Wholesale,Salem,4,2019-04-13
2136,Deshpande Enterprises,Chandigarh,5,2020-11-04
2137,Bose Enterprises,Thiruvananthapuram,3,2025-12-23
2138,Balasubramaniam Ventures,Pune,5,2018-07-01
2139,Singh Ventures,Vijayawada,2,2016-07-04
2140,Murugan Traders,Mumbai,2,2021-06-10
2141,Pandian Distributors,Ahmedabad,2,2020-09-27
2142,Mukherjee Ventures,Lucknow,3,2018-05-27
2143,Annamalai Ventures,Ahmedabad,4,2020-11-25
2144,Sharma Wholesale,Pune,2,2026-03-17
2145,Pandey Traders,Delhi,1,2016-06-02
2146,Sharma Ventures,Bengaluru,2,2022-08-14
2147,Reddy Wholesale,Madurai,4,2024-03-14
2148,Sivaraman Ventures,Mysuru,1,2026-04-22
2149,Natarajan Hub,Coimbatore,4,2016-08-19
2150,Rajan Wholesale,Lucknow,3,2023-01-21
2151,Shetty Store,Coimbatore,4,2021-02-09
2152,Reddy Store,Mysuru,4,2025-04-26
2153,Bhatt Traders,Mysuru,2,2023-11-16
2154,Krishnan Store,Madurai,4,2018-05-14
2155,Shetty Hub,Visakhapatnam,4,2019-02-20
2156,Naidu Emporium,Tiruchirappalli,5,2016-07-30
2157,Deshpande Traders,Indore,4,2024-05-03
2158,Iyer Wholesale,Bhopal,5,2020-04-10
2159,Bansal Traders,Madurai,4,2021-02-25
2160,Iyengar Retail,Bhopal,3,2019-06-07
2161,Reddy Ventures,Hyderabad,4,2015-08-12
2162,Iyer Emporium,Mumbai,2,2024-05-08
2163,Agarwal Hub,Mysuru,5,2025-09-20
2164,Murugan Ventures,Chennai,1,2015-11-02
2165,Reddy Traders,Kochi,2,2024-08-15
2166,Raj Retail,Lucknow,2,2021-09-27
2167,Joshi Ventures,Delhi,5,2019-06-06
2168,Thiagarajan Retail,Surat,1,2019-08-27
2169,Iyer Enterprises,Madurai,3,2024-06-25
2170,Mudaliar Distributors,Bengaluru,1,2017-09-01
2171,Sundaram Enterprises,Bengaluru,3,2022-04-03
2172,Patel Mart,Hyderabad,4,2015-12-22
2173,Saxena Hub,Coimbatore,4,2017-02-20
2174,Rangan Distributors,Thiruvananthapuram,5,2018-01-10
2175,Gounder Mart,Delhi,4,2015-12-05
2176,Pandian Ventures,Chennai,5,2023-02-28
2177,Rajan Wholesale,Chennai,4,2017-04-28
2178,Kulkarni Retail,Bengaluru,3,2022-06-05
2179,Venkatesan Ventures,Bengaluru,5,2022-04-27
2180,Kapoor Hub,Coimbatore,2,2025-07-03
2181,Mudaliar Traders,Indore,3,2015-03-08
2182,Nair Enterprises,Surat,3,2021-05-21
2183,Sharma Retail,Kochi,3,2017-08-13
2184,Malhotra Mart,Pune,4,2022-07-01
2185,Ramanathan Enterprises,Madurai,3,2023-05-09
2186,Rajan Enterprises,Salem,4,2017-07-04
2187,Reddy Emporium,Surat,4,2016-06-26
2188,Kapoor Wholesale,Kolkata,5,2022-02-22
2189,Pillai Mart,Kolkata,1,2019-12-23
2190,Raj Emporium,Delhi,2,2024-01-24
2191,Bose Wholesale,Vellore,2,2019-05-28
2192,Malhotra Emporium,Bhopal,2,2015-03-08
2193,Bose Store,Kolkata,4,2016-06-24
2194,Thiagarajan Distributors,Indore,4,2019-11-01
2195,Mehta Retail,Mumbai,4,2026-03-14
2196,Raj Enterprises,Jaipur,2,2026-03-20
2197,Iyengar Distributors,Mumbai,5,2025-04-03
2198,Verma Traders,Vellore,3,2025-09-04
2199,Chatterjee Store,Kochi,1,2018-12-05
2200,Gupta Distributors,Chennai,3,2015-08-14
2201,Mukherjee Mart,Vijayawada,1,2019-04-11
2202,Chandrasekar Traders,Mumbai,2,2015-12-05
2203,Shetty Traders,Tiruchirappalli,4,2023-01-30
2204,Raj Traders,Mumbai,5,2016-01-30
2205,Menon Hub,Bhopal,4,2018-08-11
2206,Iyer Enterprises,Madurai,2,2017-11-10
2207,Patel Emporium,Kolkata,2,2022-09-09
2208,Iyer Enterprises,Ahmedabad,2,2024-07-24
2209,Gupta Mart,Nagpur,1,2020-09-05
2210,Mukherjee Traders,Delhi,1,2018-12-19
2211,Chettiar Store,Kochi,1,2025-07-07
2212,Natarajan Emporium,Thiruvananthapuram,5,2024-08-14
2213,Patel Traders,Vijayawada,1,2019-08-11
2214,Saxena Distributors,Vijayawada,5,2024-04-22
2215,Annamalai Traders,Thiruvananthapuram,3,2021-07-04
2216,Annamalai Enterprises,Mumbai,5,2022-07-27
2217,Saxena Traders,Ahmedabad,1,2018-10-05
2218,Chopra Enterprises,Salem,3,2023-07-17
2219,Thiagarajan Hub,Bengaluru,1,2022-11-21
2220,Rao Hub,Bhopal,5,2016-01-23
2221,Iyer Mart,Delhi,3,2016-03-31
2222,Annamalai Hub,Vellore,4,2021-03-08
2223,Bansal Enterprises,Delhi,3,2016-08-01
2224,Reddy Distributors,Kochi,4,2025-08-09
2225,Mehta Traders,Ahmedabad,2,2025-06-07
2226,Chopra Hub,Pune,1,2025-09-24
2227,Pillai Distributors,Tiruchirappalli,3,2017-10-30
2228,Sharma Ventures,Bhopal,4,2019-06-19
2229,Subramaniam Store,Lucknow,2,2023-09-06
2230,Trivedi Traders,Chennai,3,2016-10-30
2231,Reddy Wholesale,Madurai,1,2017-04-19
2232,Ramanathan Distributors,Bengaluru,4,2020-04-19
2233,Balasubramaniam Traders,Indore,3,2022-09-18
2234,Ramanathan Traders,Hyderabad,2,2021-06-22
2235,Mudaliar Enterprises,Nagpur,4,2021-02-19
2236,Mudaliar Wholesale,Surat,2,2017-08-22
2237,Sharma Distributors,Madurai,4,2015-06-26
2238,Kulkarni Distributors,Chennai,4,2020-11-03
2239,Iyer Distributors,Chennai,4,2018-12-21
2240,Sundaram Wholesale,Indore,5,2022-08-03
2241,Natarajan Enterprises,Mysuru,4,2022-05-04
2242,Pandey Wholesale,Hyderabad,5,2020-07-11
2243,Pandey Retail,Bhopal,3,2018-05-11
2244,Bose Retail,Tiruchirappalli,1,2015-04-09
2245,Krishnan Traders,Kolkata,2,2017-10-15
2246,Raj Emporium,Lucknow,2,2015-09-24
2247,Sundaram Ventures,Madurai,3,2022-05-18
2248,Bhatt Emporium,Coimbatore,2,2021-05-05
2249,Natarajan Distributors,Tiruchirappalli,1,2022-01-08
2250,Venkatesan Wholesale,Bhopal,5,2020-06-20
2251,Pandey Distributors,Madurai,4,2025-05-12
2252,Ramanathan Retail,Coimbatore,3,2022-12-16
2253,Sharma Traders,Kochi,4,2021-03-28
2254,Reddy Hub,Delhi,3,2019-11-24
2255,Chettiar Store,Surat,2,2020-07-19
2256,Rao Wholesale,Bhopal,5,2018-09-15
2257,Deshpande Distributors,Chennai,1,2015-03-24
2258,Deshpande Retail,Ahmedabad,4,2019-10-17
2259,Sharma Hub,Madurai,3,2022-08-02
2260,Kulkarni Hub,Vellore,5,2023-11-30
2261,Sundaram Enterprises,Coimbatore,4,2025-04-02
2262,Patel Traders,Lucknow,1,2021-02-20
2263,Bose Traders,Vijayawada,2,2023-11-20
2264,Chopra Enterprises,Mumbai,2,2022-02-25
2265,Venkatesan Mart,Surat,5,2020-01-06
2266,Deshpande Traders,Bhopal,3,2015-03-07
2267,Raj Hub,Chandigarh,4,2023-08-03
2268,Pandian Traders,Mumbai,1,2020-09-16
2269,Gounder Emporium,Mumbai,5,2022-11-02
2270,Pillai Hub,Pune,4,2022-02-16
2271,Annamalai Wholesale,Visakhapatnam,3,2024-03-11
2272,Chopra Emporium,Hyderabad,3,2016-11-15
2273,Mishra Enterprises,Madurai,5,2016-04-22
2274,Naidu Store,Chennai,3,2016-09-20
2275,Verma Enterprises,Bhopal,3,2020-05-25
2276,Pillai Enterprises,Salem,1,2023-04-26
2277,Chopra Mart,Hyderabad,5,2017-09-20
2278,Kapoor Retail,Chandigarh,3,2023-10-13
2279,Sharma Retail,Hyderabad,5,2025-07-20
2280,Malhotra Retail,Hyderabad,2,2017-09-27
2281,Subramaniam Ventures,Surat,3,2017-02-28
2282,Mishra Hub,Tiruchirappalli,3,2023-09-09
2283,Thiagarajan Hub,Visakhapatnam,1,2017-10-24
2284,Krishnan Traders,Kochi,2,2019-12-19
2285,Bansal Enterprises,Surat,5,2020-02-12
2286,Iyengar Enterprises,Pune,3,2023-01-05
2287,Chettiar Retail,Mysuru,1,2016-07-20
2288,Malhotra Hub,Surat,4,2022-08-07
2289,Kumar Hub,Chandigarh,3,2015-06-07
2290,Iyer Distributors,Surat,5,2025-11-11
2291,Pillai Mart,Lucknow,5,2018-02-13
2292,Mishra Store,Indore,3,2017-06-05
2293,Verma Hub,Thiruvananthapuram,2,2026-04-16
2294,Saxena Traders,Pune,5,2021-01-14
2295,Raj Distributors,Pune,3,2025-05-17
2296,Gounder Enterprises,Jaipur,4,2021-06-11
2297,Naidu Mart,Kochi,4,2023-03-09
2298,Menon Wholesale,Bhopal,1,2022-12-15
2299,Venkatesan Enterprises,Coimbatore,3,2017-02-25
2300,Menon Ventures,Salem,5,2026-03-06
2301,Venkatesan Hub,Vijayawada,1,2017-06-25
2302,Pillai Retail,Vellore,3,2018-05-14
2303,Rao Traders,Nagpur,3,2023-08-19
2304,Joshi Distributors,Surat,3,2015-02-15
2305,Naidu Traders,Thiruvananthapuram,4,2016-08-08
2306,Rangan Mart,Visakhapatnam,4,2015-07-08
2307,Kapoor Traders,Mumbai,3,2023-08-27
2308,Malhotra Distributors,Hyderabad,3,2024-07-21
2309,Pandian Traders,Tiruchirappalli,4,2017-08-05
2310,Mukherjee Emporium,Tiruchirappalli,3,2017-01-01
2311,Pandey Store,Vellore,2,2017-03-26
2312,Ramanathan Hub,Vellore,1,2023-01-12
2313,Trivedi Enterprises,Vijayawada,1,2023-11-15
2314,Balasubramaniam Store,Surat,1,2016-01-19
2315,Sundaram Wholesale,Surat,1,2015-12-10
2316,Gupta Ventures,Ahmedabad,3,2023-06-10
2317,Gupta Ventures,Lucknow,5,2024-10-12
2318,Iyer Store,Tiruchirappalli,4,2016-12-29
2319,Agarwal Store,Vijayawada,5,2015-01-09
2320,Naidu Mart,Pune,1,2022-09-26
2321,Mudaliar Traders,Tiruchirappalli,5,2023-03-05
2322,Joshi Wholesale,Delhi,2,2018-02-16
2323,Murugan Hub,Indore,4,2025-02-11
2324,Trivedi Store,Chandigarh,5,2017-11-02
2325,Pillai Enterprises,Lucknow,4,2015-10-13
2326,Pillai Enterprises,Kochi,3,2015-06-26
2327,Agarwal Traders,Salem,3,2024-03-08
2328,Pandian Wholesale,Salem,5,2022-08-06
2329,Deshpande Mart,Surat,5,2016-01-16
2330,Annamalai Hub,Nagpur,2,2020-09-05
2331,Chatterjee Wholesale,Bengaluru,5,2024-05-30
2332,Sharma Wholesale,Ahmedabad,2,2018-04-12
2333,Krishnan Ventures,Chandigarh,1,2018-11-19
2334,Mudaliar Mart,Jaipur,4,2019-10-20
2335,Kulkarni Retail,Surat,4,2023-01-07
2336,Agarwal Distributors,Surat,4,2015-09-07
2337,Annamalai Mart,Vellore,1,2024-01-11
2338,Pandey Traders,Salem,2,2019-08-05
2339,Kulkarni Ventures,Madurai,1,2026-07-21
2340,Agarwal Mart,Pune,2,2021-10-20
2341,Trivedi Wholesale,Visakhapatnam,2,2019-12-30
2342,Verma Wholesale,Vellore,2,2016-07-17
2343,Naidu Wholesale,Vellore,2,2020-06-30
2344,Bansal Enterprises,Chennai,3,2020-11-13
2345,Raj Wholesale,Delhi,3,2021-11-09
2346,Mehta Store,Kolkata,5,2024-10-14
2347,Rao Ventures,Indore,4,2020-01-21
2348,Deshpande Ventures,Mumbai,5,2018-03-28
2349,Chandrasekar Hub,Bengaluru,2,2020-11-09
2350,Deshpande Wholesale,Mysuru,1,2021-12-11
2351,Bose Wholesale,Visakhapatnam,3,2021-02-24
2352,Gounder Mart,Kolkata,2,2018-04-23
2353,Menon Mart,Mysuru,5,2019-07-13
2354,Sharma Hub,Coimbatore,1,2019-05-19
2355,Sharma Ventures,Chennai,3,2018-10-16
2356,Chandrasekar Retail,Jaipur,1,2023-03-26
2357,Patel Enterprises,Jaipur,1,2024-02-26
2358,Iyer Store,Kolkata,4,2020-08-08
2359,Pillai Store,Vijayawada,5,2018-09-30
2360,Bose Distributors,Tiruchirappalli,1,2024-08-19
2361,Venkatesan Emporium,Pune,2,2015-09-12
2362,Kumar Mart,Salem,3,2022-12-12
2363,Naidu Retail,Bhopal,5,2017-03-31
2364,Bose Store,Tiruchirappalli,5,2016-02-13
2365,Reddy Traders,Lucknow,5,2019-11-08
2366,Menon Ventures,Hyderabad,1,2018-10-17
2367,Mudaliar Hub,Madurai,4,2018-10-14
2368,Balasubramaniam Store,Hyderabad,2,2020-05-02
2369,Chettiar Mart,Lucknow,5,2018-10-21
2370,Gupta Ventures,Madurai,4,2015-10-18
2371,Rajan Distributors,Delhi,2,2016-04-10
2372,Pandey Retail,Lucknow,3,2023-12-16
2373,Sundaram Retail,Mumbai,2,2022-02-25
2374,Agarwal Retail,Nagpur,5,2018-01-02
2375,Deshpande Ventures,Chennai,1,2015-01-08
2376,Saxena Distributors,Nagpur,4,2025-03-30
2377,Rao Wholesale,Coimbatore,4,2018-03-26
2378,Venkatesan Enterprises,Nagpur,1,2026-05-19
2379,Gupta Hub,Delhi,3,2018-07-24
2380,Pillai Enterprises,Coimbatore,2,2025-10-03
2381,Mehta Retail,Pune,2,2023-01-13
2382,Iyer Hub,Chennai,4,2024-03-21
2383,Gupta Hub,Lucknow,5,2023-03-31
2384,Mehta Hub,Chennai,3,2020-05-29
2385,Mudaliar Traders,Lucknow,4,2019-04-15
2386,Chettiar Mart,Salem,2,2016-06-27
2387,Gounder Emporium,Vijayawada,2,2023-09-13
2388,Joshi Ventures,Coimbatore,4,2018-10-08
2389,Chandrasekar Mart,Bengaluru,1,2024-06-27
2390,Iyer Traders,Bhopal,3,2021-12-20
2391,Shetty Store,Bhopal,3,2021-04-13
2392,Pandey Store,Bhopal,3,2018-03-16
2393,Desai Mart,Salem,4,2021-11-10
2394,Annamalai Wholesale,Pune,1,2026-02-12
2395,Nair Enterprises,Lucknow,1,2023-10-22
2396,Pillai Distributors,Vijayawada,3,2020-02-19
2397,Balasubramaniam Store,Kolkata,1,2018-05-27
2398,Mukherjee Mart,Chennai,1,2020-02-13
2399,Mudaliar Hub,Chennai,5,2019-11-02
2400,Raj Retail,Salem,1,2021-06-23
2401,Naidu Store,Ahmedabad,4,2023-10-19
2402,Iyengar Hub,Salem,1,2020-09-27
2403,Venkatesan Wholesale,Vijayawada,3,2018-12-25
2404,Subramaniam Store,Kochi,1,2018-03-16
2405,Annamalai Retail,Nagpur,2,2015-03-03
2406,Rangan Wholesale,Mumbai,1,2019-04-28
2407,Pandian Store,Tiruchirappalli,1,2021-05-05
2408,Patel Store,Mysuru,2,2021-10-22
2409,Kapoor Traders,Vellore,5,2025-08-07
2410,Subramaniam Hub,Kolkata,4,2020-12-18
2411,Pillai Ventures,Mumbai,4,2025-02-12
2412,Nair Mart,Mumbai,5,2016-02-01
2413,Nair Ventures,Thiruvananthapuram,5,2020-10-29
2414,Nair Distributors,Tiruchirappalli,1,2026-07-14
2415,Menon Mart,Ahmedabad,2,2021-11-03
2416,Iyer Traders,Coimbatore,3,2018-12-26
2417,Deshpande Wholesale,Mysuru,4,2018-03-03
2418,Subramaniam Wholesale,Chennai,4,2022-10-06
2419,Menon Emporium,Bhopal,4,2025-12-09
2420,Shetty Emporium,Mysuru,3,2015-08-03
2421,Kapoor Mart,Mysuru,1,2016-08-20
2422,Bansal Enterprises,Vijayawada,4,2015-05-05
2423,Pandey Traders,Thiruvananthapuram,5,2019-09-28
2424,Subramaniam Store,Coimbatore,5,2019-07-10
2425,Mudaliar Distributors,Madurai,3,2023-03-03
2426,Desai Retail,Hyderabad,1,2015-09-07
2427,Bansal Distributors,Ahmedabad,2,2020-09-08
2428,Krishnan Traders,Chennai,4,2016-05-10
2429,Iyengar Store,Thiruvananthapuram,1,2017-12-09
2430,Desai Hub,Vellore,1,2025-09-16
2431,Mudaliar Wholesale,Bengaluru,1,2016-03-17
2432,Bose Emporium,Mumbai,1,2020-07-20
2433,Mukherjee Enterprises,Tiruchirappalli,2,2016-02-18
2434,Verma Mart,Kolkata,3,2020-06-20
2435,Verma Enterprises,Nagpur,5,2015-12-16
2436,Reddy Ventures,Ahmedabad,5,2017-08-11
2437,Iyengar Traders,Mumbai,5,2025-10-15
2438,Kulkarni Emporium,Kolkata,1,2025-06-07
2439,Chettiar Retail,Indore,3,2017-06-10
2440,Ramanathan Wholesale,Lucknow,2,2019-10-19
2441,Kulkarni Traders,Bhopal,3,2021-06-07
2442,Mukherjee Traders,Nagpur,3,2021-06-13
2443,Sharma Wholesale,Chandigarh,5,2016-11-17
2444,Reddy Retail,Bengaluru,1,2016-01-04
2445,Pillai Wholesale,Pune,1,2024-05-31
2446,Rao Ventures,Bhopal,5,2016-03-28
2447,Krishnan Emporium,Delhi,4,2015-08-17
2448,Pandian Emporium,Madurai,4,2018-06-17
2449,Naidu Mart,Jaipur,5,2020-07-05
2450,Verma Emporium,Hyderabad,5,2019-08-24
2451,Kapoor Ventures,Bhopal,5,2026-01-30
2452,Rangan Retail,Indore,5,2015-06-15
2453,Chettiar Retail,Vellore,3,2018-12-11
2454,Thiagarajan Store,Jaipur,4,2021-07-31
2455,Singh Ventures,Surat,1,2025-10-19
2456,Mudaliar Hub,Visakhapatnam,5,2015-08-08
2457,Gounder Hub,Mumbai,3,2016-09-06
2458,Bose Ventures,Vellore,4,2023-04-02
2459,Chandrasekar Enterprises,Chandigarh,2,2022-08-12
2460,Verma Hub,Pune,3,2018-02-08
2461,Iyer Store,Hyderabad,4,2025-09-12
2462,Mehta Store,Visakhapatnam,5,2024-11-01
2463,Iyengar Traders,Bhopal,1,2022-01-09
2464,Patel Hub,Pune,1,2026-04-05
2465,Desai Distributors,Mysuru,2,2021-01-05
2466,Mukherjee Mart,Coimbatore,3,2023-03-24
2467,Bansal Wholesale,Madurai,5,2023-10-13
2468,Reddy Wholesale,Hyderabad,3,2021-04-25
2469,Reddy Emporium,Lucknow,5,2025-10-08
2470,Thiagarajan Traders,Chennai,4,2023-04-06
2471,Chandrasekar Enterprises,Kochi,5,2018-10-19
2472,Chettiar Emporium,Mysuru,3,2018-06-18
2473,Kumar Ventures,Hyderabad,2,2016-12-31
2474,Sundaram Emporium,Coimbatore,3,2025-09-04
2475,Agarwal Ventures,Salem,5,2018-08-18
2476,Patel Retail,Hyderabad,2,2026-02-09
2477,Joshi Enterprises,Surat,3,2019-05-25
2478,Subramaniam Mart,Chandigarh,2,2018-03-20
2479,Pandey Retail,Kolkata,4,2024-03-08
2480,Sundaram Ventures,Kolkata,3,2023-05-12
2481,Singh Enterprises,Mysuru,2,2023-09-14
2482,Nair Wholesale,Vijayawada,4,2024-01-25
2483,Mehta Ventures,Mumbai,4,2017-11-24
2484,Sivaraman Ventures,Nagpur,5,2021-05-10
2485,Chopra Wholesale,Kochi,1,2016-10-23
2486,Mehta Hub,Lucknow,3,2024-10-02
2487,Naidu Enterprises,Thiruvananthapuram,1,2024-12-27
2488,Pillai Store,Vijayawada,4,2020-11-21
2489,Desai Traders,Mysuru,5,2015-07-11
2490,Venkatesan Retail,Jaipur,5,2019-06-14
2491,Rao Ventures,Bengaluru,3,2024-01-31
2492,Mudaliar Traders,Indore,5,2021-06-12
2493,Iyengar Hub,Nagpur,3,2026-03-05
2494,Thiagarajan Wholesale,Madurai,1,2023-11-29
2495,Sundaram Emporium,Surat,1,2025-04-16
2496,Annamalai Emporium,Indore,5,2019-06-13
2497,Agarwal Emporium,Bengaluru,4,2019-07-06
2498,Naidu Hub,Bengaluru,3,2023-01-06
2499,Rao Mart,Nagpur,1,2025-05-08
2500,Sundaram Enterprises,Jaipur,1,2021-01-14
2501,Venkatesan Store,Vijayawada,1,2024-08-18
2502,Agarwal Retail,Salem,4,2020-12-12
2503,Desai Ventures,Chennai,2,2025-08-07
2504,Kapoor Traders,Vellore,5,2021-12-31
2505,Balasubramaniam Ventures,Surat,4,2015-11-01
2506,Singh Retail,Ahmedabad,3,2021-03-09
2507,Reddy Enterprises,Bengaluru,2,2022-04-26
2508,Agarwal Store,Bhopal,5,2025-09-01
2509,Bose Distributors,Nagpur,5,2019-04-15
2510,Thiagarajan Mart,Vellore,3,2024-06-01
2511,Chatterjee Traders,Mumbai,3,2022-05-09
2512,Ramanathan Ventures,Mumbai,2,2016-08-25
2513,Saxena Store,Kochi,2,2017-12-21
2514,Pillai Wholesale,Tiruchirappalli,5,2017-10-07
2515,Pillai Emporium,Hyderabad,3,2020-03-09
2516,Desai Ventures,Bengaluru,2,2022-10-24
2517,Rajan Wholesale,Pune,2,2019-06-28
2518,Mukherjee Enterprises,Pune,3,2016-10-08
2519,Trivedi Emporium,Indore,4,2017-04-23
2520,Rajan Hub,Ahmedabad,4,2021-06-29
2521,Chatterjee Store,Delhi,5,2018-02-11
2522,Murugan Emporium,Bengaluru,1,2016-04-02
2523,Rangan Wholesale,Kochi,3,2026-02-11
2524,Rao Enterprises,Surat,3,2025-03-28
2525,Rao Hub,Tiruchirappalli,3,2022-04-26
2526,Murugan Hub,Bengaluru,5,2016-09-24
2527,Bansal Retail,Mumbai,3,2022-08-30
2528,Desai Retail,Mysuru,3,2020-02-08
2529,Mudaliar Mart,Ahmedabad,3,2025-06-08
2530,Mukherjee Enterprises,Tiruchirappalli,3,2023-04-01
2531,Venkatesan Emporium,Salem,1,2025-11-04
2532,Menon Retail,Nagpur,1,2024-05-05
2533,Pillai Hub,Coimbatore,5,2021-03-14
2534,Pillai Emporium,Chennai,5,2021-08-24
2535,Bose Distributors,Kochi,4,2023-03-08
2536,Reddy Retail,Indore,5,2021-12-28
2537,Rao Mart,Bhopal,1,2016-06-26
2538,Reddy Mart,Surat,3,2015-12-03
2539,Singh Distributors,Ahmedabad,1,2016-08-22
2540,Reddy Mart,Hyderabad,3,2017-07-26
2541,Kumar Enterprises,Chandigarh,3,2024-06-24
2542,Natarajan Retail,Kochi,2,2021-07-17
2543,Bhatt Wholesale,Indore,5,2016-02-28
2544,Desai Store,Madurai,5,2015-11-29
2545,Trivedi Enterprises,Lucknow,1,2017-03-29
2546,Kapoor Retail,Hyderabad,3,2021-03-31
2547,Pillai Traders,Delhi,4,2016-10-24
2548,Sharma Hub,Hyderabad,4,2025-09-12
2549,Patel Enterprises,Chennai,4,2020-07-26
2550,Joshi Enterprises,Ahmedabad,5,2019-11-20
2551,Sivaraman Emporium,Bengaluru,1,2023-09-17
2552,Trivedi Traders,Salem,2,2020-03-21
2553,Desai Wholesale,Salem,1,2017-09-18
2554,Nair Mart,Vellore,4,2020-06-07
2555,Reddy Enterprises,Vijayawada,5,2025-08-29
2556,Trivedi Emporium,Delhi,4,2025-06-09
2557,Krishnan Retail,Kochi,1,2019-05-09
2558,Annamalai Traders,Tiruchirappalli,5,2017-12-22
2559,Nair Emporium,Chennai,3,2025-01-03
2560,Singh Mart,Hyderabad,4,2022-11-14
2561,Gounder Wholesale,Indore,5,2018-06-22
2562,Bose Retail,Nagpur,3,2016-03-23
2563,Bhatt Hub,Ahmedabad,5,2015-02-04
2564,Ramanathan Wholesale,Coimbatore,5,2025-07-10
2565,Rajan Hub,Chandigarh,5,2016-07-19
2566,Chopra Traders,Chandigarh,3,2019-11-17
2567,Shetty Store,Lucknow,2,2020-11-03
2568,Shetty Distributors,Kolkata,4,2025-06-06
2569,Saxena Hub,Jaipur,2,2017-01-29
2570,Murugan Wholesale,Mumbai,1,2017-04-25
2571,Natarajan Mart,Bhopal,5,2015-06-09
2572,Gounder Retail,Mysuru,5,2024-04-08
2573,Patel Traders,Surat,1,2017-05-19
2574,Sharma Retail,Nagpur,1,2018-01-12
2575,Chandrasekar Wholesale,Nagpur,4,2022-08-11
2576,Krishnan Ventures,Thiruvananthapuram,3,2019-11-17
2577,Chettiar Enterprises,Tiruchirappalli,1,2024-09-19
2578,Pillai Distributors,Vellore,2,2025-06-27
2579,Iyer Mart,Visakhapatnam,2,2024-04-13
2580,Patel Emporium,Nagpur,3,2017-10-20
2581,Malhotra Store,Surat,1,2024-06-04
2582,Saxena Store,Indore,5,2017-09-28
2583,Bose Ventures,Bengaluru,3,2026-01-15
2584,Mehta Wholesale,Madurai,3,2023-11-18
2585,Thiagarajan Wholesale,Surat,4,2019-09-09
2586,Singh Distributors,Coimbatore,4,2015-06-10
2587,Shetty Retail,Tiruchirappalli,5,2018-11-22
2588,Nair Traders,Nagpur,4,2022-06-17
2589,Chopra Ventures,Hyderabad,2,2015-04-19
2590,Subramaniam Emporium,Jaipur,5,2026-04-30
2591,Verma Mart,Nagpur,2,2017-01-10
2592,Gounder Store,Mysuru,4,2015-08-10
2593,Mishra Ventures,Tiruchirappalli,2,2015-10-15
2594,Bose Emporium,Vellore,5,2016-05-29
2595,Agarwal Store,Salem,5,2026-05-11
2596,Natarajan Mart,Bengaluru,2,2023-11-26
2597,Natarajan Hub,Pune,5,2024-10-13
2598,Nair Wholesale,Chennai,5,2017-04-28
2599,Chettiar Emporium,Thiruvananthapuram,1,2015-01-29
2600,Singh Ventures,Coimbatore,1,2024-11-21
2601,Gupta Store,Vellore,3,2017-05-18
2602,Menon Retail,Madurai,4,2022-03-12
2603,Iyengar Emporium,Salem,4,2020-07-19
2604,Natarajan Enterprises,Kochi,5,2015-01-21
2605,Krishnan Distributors,Nagpur,1,2016-09-12
2606,Rajan Traders,Kolkata,1,2022-03-20
2607,Mudaliar Retail,Pune,5,2026-04-23
2608,Naidu Ventures,Mumbai,4,2022-05-26
2609,Gupta Traders,Kochi,2,2016-09-28
2610,Pandian Retail,Kolkata,3,2016-04-10
2611,Natarajan Wholesale,Mysuru,4,2021-07-06
2612,Annamalai Ventures,Vijayawada,1,2015-03-05
2613,Desai Distributors,Nagpur,5,2016-06-27
2614,Gounder Mart,Tiruchirappalli,4,2025-07-12
2615,Patel Enterprises,Tiruchirappalli,1,2022-04-21
2616,Singh Wholesale,Thiruvananthapuram,4,2022-10-03
2617,Ramanathan Enterprises,Chennai,3,2021-01-16
2618,Reddy Mart,Salem,3,2023-12-22
2619,Chopra Retail,Vijayawada,3,2026-02-24
2620,Bose Emporium,Kolkata,1,2023-05-14
2621,Bhatt Retail,Chandigarh,3,2020-12-02
2622,Murugan Wholesale,Pune,2,2023-09-29
2623,Malhotra Enterprises,Madurai,3,2018-01-30
2624,Sharma Retail,Indore,4,2021-09-11
2625,Balasubramaniam Traders,Vijayawada,2,2019-02-25
2626,Murugan Mart,Kolkata,4,2021-05-13
2627,Sundaram Wholesale,Bhopal,5,2022-07-31
2628,Subramaniam Hub,Salem,1,2023-08-22
2629,Bose Retail,Kolkata,5,2015-09-10
2630,Thiagarajan Hub,Pune,3,2026-03-23
2631,Subramaniam Store,Lucknow,3,2017-10-10
2632,Chettiar Store,Kochi,1,2022-04-16
2633,Singh Retail,Nagpur,5,2017-12-13
2634,Patel Enterprises,Nagpur,1,2018-10-26
2635,Malhotra Retail,Delhi,1,2017-05-21
2636,Reddy Distributors,Lucknow,5,2017-02-15
2637,Kumar Mart,Chandigarh,5,2016-03-31
2638,Deshpande Ventures,Mysuru,5,2015-02-01
2639,Mishra Mart,Mumbai,3,2021-08-16
2640,Mudaliar Wholesale,Vijayawada,3,2020-12-11
2641,Subramaniam Ventures,Ahmedabad,4,2024-01-30
2642,Agarwal Emporium,Indore,1,2021-08-26
2643,Gounder Distributors,Vellore,3,2025-11-19
2644,Bhatt Mart,Ahmedabad,4,2016-03-08
2645,Kapoor Hub,Lucknow,1,2018-03-08
2646,Subramaniam Traders,Indore,4,2021-12-05
2647,Gounder Store,Jaipur,1,2018-02-14
2648,Raj Mart,Coimbatore,1,2022-11-10
2649,Mudaliar Enterprises,Mysuru,3,2015-01-06
2650,Trivedi Enterprises,Ahmedabad,4,2017-04-05
2651,Thiagarajan Enterprises,Tiruchirappalli,4,2020-06-25
2652,Mishra Emporium,Kochi,5,2025-10-30
2653,Kumar Ventures,Mysuru,5,2015-03-30
2654,Natarajan Distributors,Coimbatore,5,2019-05-26
2655,Menon Ventures,Kolkata,4,2019-01-18
2656,Pillai Retail,Salem,4,2023-03-07
2657,Kulkarni Mart,Kochi,5,2018-05-21
2658,Gounder Enterprises,Vellore,5,2026-05-16
2659,Singh Wholesale,Delhi,2,2023-08-10
2660,Malhotra Hub,Coimbatore,2,2024-02-09
2661,Singh Distributors,Indore,5,2016-06-09
2662,Pandian Distributors,Mumbai,5,2022-11-16
2663,Bhatt Retail,Tiruchirappalli,4,2022-12-25
2664,Chopra Distributors,Jaipur,5,2016-04-13
2665,Rajan Ventures,Lucknow,2,2026-06-03
2666,Natarajan Ventures,Tiruchirappalli,1,2021-08-19
2667,Patel Retail,Visakhapatnam,2,2021-04-28
2668,Murugan Distributors,Hyderabad,5,2020-12-21
2669,Pillai Ventures,Bengaluru,3,2022-06-25
2670,Rao Ventures,Mumbai,5,2025-02-24
2671,Kumar Wholesale,Mumbai,1,2024-02-15
2672,Mukherjee Wholesale,Coimbatore,5,2024-02-04
2673,Bose Mart,Kochi,4,2018-07-15
2674,Mishra Traders,Pune,1,2020-03-01
2675,Raj Hub,Madurai,4,2022-12-30
2676,Mudaliar Traders,Lucknow,4,2015-07-25
2677,Sivaraman Emporium,Nagpur,5,2025-07-26
2678,Sundaram Distributors,Bhopal,2,2024-03-07
2679,Kapoor Retail,Nagpur,1,2016-07-23
2680,Balasubramaniam Wholesale,Surat,4,2023-02-04
2681,Natarajan Wholesale,Kolkata,1,2017-06-10
2682,Malhotra Ventures,Ahmedabad,4,2022-06-21
2683,Mukherjee Emporium,Pune,2,2026-07-21
2684,Gupta Ventures,Pune,2,2019-02-06
2685,Sundaram Distributors,Kochi,5,2017-02-09
2686,Trivedi Retail,Salem,1,2015-10-31
2687,Mehta Enterprises,Indore,4,2020-08-31
2688,Thiagarajan Emporium,Mumbai,5,2018-09-30
2689,Chatterjee Traders,Hyderabad,2,2016-11-02
2690,Rajan Emporium,Surat,3,2019-08-12
2691,Singh Ventures,Chandigarh,4,2018-02-18
2692,Gupta Retail,Kolkata,4,2021-01-20
2693,Nair Hub,Vellore,2,2025-04-18
2694,Desai Wholesale,Salem,2,2022-03-25
2695,Pillai Wholesale,Bhopal,4,2022-12-25
2696,Saxena Wholesale,Mumbai,2,2023-06-09
2697,Reddy Retail,Vijayawada,2,2025-02-23
2698,Singh Hub,Indore,5,2019-01-27
2699,Reddy Mart,Mysuru,5,2017-03-18
2700,Naidu Ventures,Mysuru,3,2023-09-11
2701,Chettiar Mart,Bengaluru,1,2023-06-06
2702,Thiagarajan Emporium,Surat,3,2016-03-30
2703,Chettiar Enterprises,Vijayawada,4,2024-01-11
2704,Mukherjee Ventures,Nagpur,1,2025-02-01
2705,Kapoor Traders,Chandigarh,4,2020-11-20
2706,Deshpande Emporium,Surat,3,2025-11-12
2707,Kulkarni Traders,Madurai,2,2022-04-09
2708,Annamalai Hub,Pune,5,2023-06-06
2709,Chettiar Hub,Tiruchirappalli,3,2019-04-02
2710,Sivaraman Hub,Vijayawada,3,2019-12-19
2711,Kapoor Emporium,Hyderabad,1,2026-06-28
2712,Sundaram Distributors,Surat,2,2020-12-03
2713,Malhotra Traders,Kochi,1,2023-08-30
2714,Iyer Enterprises,Kochi,4,2016-12-10
2715,Nair Enterprises,Pune,5,2018-11-22
2716,Subramaniam Distributors,Salem,4,2021-09-09
2717,Bose Ventures,Mumbai,2,2018-11-16
2718,Raj Emporium,Salem,5,2020-07-14
2719,Deshpande Wholesale,Lucknow,4,2019-06-01
2720,Thiagarajan Ventures,Indore,3,2015-10-12
2721,Venkatesan Mart,Nagpur,5,2024-08-04
2722,Bose Distributors,Lucknow,3,2017-08-27
2723,Deshpande Retail,Kochi,1,2016-08-18
2724,Verma Mart,Mysuru,5,2021-06-04
2725,Pillai Store,Nagpur,3,2017-08-09
2726,Krishnan Retail,Mumbai,3,2019-07-29
2727,Singh Enterprises,Chandigarh,4,2017-03-12
2728,Gounder Wholesale,Visakhapatnam,5,2018-02-15
2729,Mudaliar Hub,Jaipur,2,2018-09-10
2730,Mishra Emporium,Visakhapatnam,2,2023-10-30
2731,Deshpande Traders,Mumbai,1,2022-04-21
2732,Verma Ventures,Coimbatore,4,2023-12-03
2733,Balasubramaniam Hub,Kochi,4,2017-12-25
2734,Deshpande Enterprises,Ahmedabad,3,2021-09-11
2735,Nair Store,Kochi,4,2019-04-21
2736,Kumar Wholesale,Ahmedabad,5,2020-01-13
2737,Raj Traders,Delhi,2,2016-10-02
2738,Rangan Enterprises,Bhopal,2,2020-04-22
2739,Subramaniam Distributors,Bhopal,2,2025-11-12
2740,Mukherjee Distributors,Chennai,2,2017-04-11
2741,Kulkarni Ventures,Chennai,2,2018-04-25
2742,Subramaniam Store,Bengaluru,2,2020-02-25
2743,Naidu Enterprises,Kolkata,3,2025-07-24
2744,Patel Wholesale,Delhi,2,2025-11-18
2745,Malhotra Mart,Tiruchirappalli,1,2023-12-01
2746,Reddy Wholesale,Thiruvananthapuram,2,2022-11-08
2747,Chettiar Store,Indore,5,2023-12-05
2748,Shetty Hub,Thiruvananthapuram,2,2016-12-24
2749,Iyer Traders,Delhi,2,2015-01-13
2750,Reddy Traders,Jaipur,3,2018-06-08
2751,Annamalai Ventures,Chandigarh,3,2015-06-10
2752,Murugan Traders,Surat,4,2026-07-12
2753,Balasubramaniam Emporium,Mysuru,4,2020-03-26
2754,Gupta Distributors,Vijayawada,1,2024-05-24
2755,Deshpande Wholesale,Chandigarh,1,2021-12-06
2756,Saxena Mart,Visakhapatnam,4,2022-10-23
2757,Subramaniam Hub,Kolkata,1,2017-10-08
2758,Mishra Store,Coimbatore,3,2018-01-06
2759,Ramanathan Store,Pune,2,2023-10-30
2760,Sundaram Distributors,Coimbatore,5,2018-11-21
2761,Verma Mart,Kochi,5,2016-05-01
2762,Shetty Mart,Kochi,5,2016-01-23
2763,Mukherjee Hub,Tiruchirappalli,4,2020-04-16
2764,Kumar Mart,Mumbai,4,2017-08-20
2765,Nair Store,Delhi,5,2020-06-12
2766,Naidu Hub,Lucknow,1,2024-12-04
2767,Desai Retail,Mysuru,4,2015-05-16
2768,Natarajan Store,Mumbai,5,2025-05-07
2769,Annamalai Retail,Delhi,3,2024-06-20
2770,Iyengar Traders,Tiruchirappalli,2,2023-12-31
2771,Pandian Distributors,Jaipur,4,2019-07-21
2772,Iyengar Distributors,Jaipur,5,2019-04-12
2773,Kumar Store,Madurai,5,2023-08-13
2774,Iyer Retail,Tiruchirappalli,4,2025-05-14
2775,Gounder Wholesale,Coimbatore,5,2022-07-12
2776,Rajan Store,Mysuru,2,2025-02-20
2777,Pillai Traders,Bhopal,2,2015-09-28
2778,Mishra Emporium,Pune,1,2020-12-16
2779,Desai Hub,Nagpur,1,2021-12-08
2780,Sundaram Ventures,Kolkata,2,2022-06-23
2781,Pandey Hub,Tiruchirappalli,3,2016-12-08
2782,Pandian Wholesale,Indore,2,2021-06-11
2783,Natarajan Store,Mumbai,5,2020-03-30
2784,Subramaniam Distributors,Kolkata,4,2018-09-01
2785,Bose Emporium,Bhopal,4,2023-04-30
2786,Mukherjee Hub,Jaipur,3,2015-04-03
2787,Iyer Hub,Mumbai,1,2021-12-07
2788,Natarajan Retail,Pune,1,2018-05-09
2789,Shetty Retail,Jaipur,3,2021-05-17
2790,Chettiar Traders,Ahmedabad,1,2015-03-28
2791,Sharma Hub,Bhopal,5,2020-10-10
2792,Sundaram Mart,Hyderabad,1,2019-12-27
2793,Nair Retail,Chandigarh,1,2023-10-22
2794,Desai Distributors,Hyderabad,2,2018-06-02
2795,Pillai Traders,Pune,2,2020-07-16
2796,Murugan Store,Thiruvananthapuram,2,2021-11-12
2797,Balasubramaniam Traders,Kolkata,5,2017-04-20
2798,Gupta Traders,Tiruchirappalli,5,2019-03-03
2799,Joshi Mart,Pune,5,2020-01-28
2800,Bhatt Ventures,Hyderabad,3,2019-07-05
2801,Thiagarajan Wholesale,Bengaluru,4,2017-03-09
2802,Pillai Ventures,Chandigarh,2,2015-05-10
2803,Mukherjee Mart,Vijayawada,3,2021-02-22
2804,Nair Retail,Salem,3,2017-12-04
2805,Nair Ventures,Madurai,1,2024-08-28
2806,Bose Enterprises,Kochi,1,2017-06-27
2807,Patel Traders,Bhopal,2,2018-02-21
2808,Deshpande Enterprises,Visakhapatnam,2,2019-07-11
2809,Mishra Traders,Vijayawada,5,2023-03-26
2810,Nair Traders,Kochi,2,2018-04-22
2811,Singh Traders,Lucknow,3,2018-01-12
2812,Shetty Hub,Vijayawada,3,2017-07-23
2813,Annamalai Retail,Delhi,3,2015-08-13
2814,Rajan Wholesale,Chandigarh,4,2025-09-06
2815,Balasubramaniam Store,Vijayawada,2,2023-04-27
2816,Verma Distributors,Delhi,2,2015-09-17
2817,Pandian Wholesale,Kolkata,2,2022-09-11
2818,Rangan Retail,Nagpur,4,2021-02-10
2819,Pillai Mart,Ahmedabad,3,2016-12-30
2820,Singh Wholesale,Vellore,1,2016-01-28
2821,Shetty Hub,Madurai,5,2019-02-13
2822,Pillai Retail,Salem,1,2020-08-31
2823,Shetty Ventures,Madurai,5,2018-05-10
2824,Trivedi Mart,Mysuru,4,2015-11-20
2825,Trivedi Store,Hyderabad,1,2016-07-24
2826,Trivedi Ventures,Coimbatore,1,2024-04-28
2827,Bose Ventures,Jaipur,3,2026-02-01
2828,Mukherjee Mart,Surat,3,2016-05-02
2829,Chandrasekar Traders,Vijayawada,3,2017-07-05
2830,Shetty Wholesale,Vellore,5,2026-03-31
2831,Pandey Hub,Kolkata,2,2017-04-25
2832,Venkatesan Hub,Salem,2,2019-07-21
2833,Reddy Distributors,Hyderabad,1,2019-06-15
2834,Gounder Ventures,Madurai,1,2024-01-24
2835,Annamalai Ventures,Surat,3,2025-08-28
2836,Ramanathan Ventures,Pune,4,2025-07-24
2837,Desai Hub,Lucknow,4,2019-04-10
2838,Rajan Distributors,Nagpur,4,2018-03-01
2839,Pillai Retail,Kolkata,4,2025-09-30
2840,Iyengar Emporium,Bhopal,4,2018-09-30
2841,Sharma Mart,Pune,2,2021-09-24
2842,Rao Enterprises,Tiruchirappalli,2,2017-09-07
2843,Raj Distributors,Vellore,4,2019-05-05
2844,Rajan Wholesale,Hyderabad,4,2015-10-22
2845,Iyengar Distributors,Lucknow,3,2015-10-05
2846,Iyer Distributors,Visakhapatnam,3,2019-10-02
2847,Iyer Distributors,Delhi,1,2019-04-20
2848,Balasubramaniam Wholesale,Kochi,3,2026-01-14
2849,Agarwal Emporium,Thiruvananthapuram,5,2024-02-04
2850,Bansal Mart,Kolkata,1,2024-12-08
2851,Gounder Traders,Surat,1,2022-07-03
2852,Bose Wholesale,Salem,5,2019-01-24
2853,Mukherjee Retail,Chennai,5,2024-09-29
2854,Iyer Hub,Mumbai,4,2020-08-23
2855,Nair Ventures,Thiruvananthapuram,3,2017-09-13
2856,Malhotra Hub,Visakhapatnam,3,2019-10-28
2857,Verma Enterprises,Salem,1,2018-05-21
2858,Pillai Mart,Tiruchirappalli,1,2021-09-10
2859,Thiagarajan Ventures,Visakhapatnam,1,2019-07-01
2860,Naidu Enterprises,Salem,5,2026-04-10
2861,Venkatesan Ventures,Ahmedabad,1,2024-02-05
2862,Annamalai Traders,Mumbai,1,2022-06-15
2863,Agarwal Emporium,Nagpur,1,2015-12-23
2864,Joshi Wholesale,Jaipur,1,2016-11-13
2865,Bhatt Hub,Vijayawada,4,2021-04-17
2866,Bhatt Emporium,Tiruchirappalli,1,2016-11-08
2867,Kapoor Emporium,Madurai,3,2015-11-13
2868,Mishra Retail,Ahmedabad,3,2023-07-23
2869,Iyer Traders,Jaipur,4,2021-09-09
2870,Chatterjee Mart,Indore,4,2025-03-09
2871,Trivedi Traders,Jaipur,2,2026-08-08
2872,Pandey Mart,Indore,2,2024-07-21
2873,Natarajan Enterprises,Vijayawada,5,2018-06-08
2874,Gounder Emporium,Vijayawada,3,2015-02-02
2875,Raj Ventures,Madurai,3,2017-04-21
2876,Patel Emporium,Mumbai,3,2024-09-19
2877,Mishra Mart,Hyderabad,1,2017-01-18
2878,Malhotra Retail,Madurai,5,2016-01-11
2879,Chopra Store,Jaipur,5,2023-07-05
2880,Mehta Emporium,Lucknow,5,2018-06-06
2881,Bhatt Emporium,Kochi,4,2017-05-24
2882,Rangan Ventures,Thiruvananthapuram,4,2019-04-01
2883,Chopra Hub,Vijayawada,5,2021-11-19
2884,Ramanathan Hub,Ahmedabad,5,2020-11-12
2885,Nair Enterprises,Visakhapatnam,3,2017-07-02
2886,Agarwal Hub,Pune,1,2025-10-30
2887,Agarwal Traders,Tiruchirappalli,5,2023-01-13
2888,Sundaram Distributors,Indore,4,2020-06-27
2889,Pandian Retail,Surat,5,2015-11-19
2890,Murugan Enterprises,Chandigarh,4,2023-02-03
2891,Raj Traders,Mysuru,1,2016-04-05
2892,Venkatesan Distributors,Mysuru,5,2022-04-08
2893,Bhatt Emporium,Pune,3,2022-12-03
2894,Menon Mart,Vellore,4,2019-01-15
2895,Iyengar Store,Salem,4,2015-05-17
2896,Kumar Wholesale,Hyderabad,5,2024-02-27
2897,Pandian Ventures,Chennai,1,2015-01-27
2898,Pandian Emporium,Bhopal,4,2020-09-09
2899,Singh Store,Vijayawada,5,2018-10-17
2900,Pillai Enterprises,Hyderabad,4,2025-05-28
2901,Verma Distributors,Chandigarh,2,2015-11-17
2902,Nair Hub,Tiruchirappalli,1,2016-04-11
2903,Bansal Ventures,Chandigarh,2,2020-12-22
2904,Thiagarajan Hub,Kolkata,4,2022-02-16
2905,Mudaliar Mart,Chandigarh,2,2015-10-16
2906,Rao Retail,Mumbai,3,2024-09-28
2907,Nair Mart,Pune,2,2020-04-30
2908,Pandey Emporium,Lucknow,4,2024-10-05
2909,Pillai Retail,Kolkata,1,2022-09-13
2910,Rao Hub,Bengaluru,3,2017-09-23
2911,Chatterjee Mart,Nagpur,2,2019-06-12
2912,Balasubramaniam Traders,Vellore,4,2024-10-06
2913,Pandey Hub,Kolkata,2,2020-09-29
2914,Venkatesan Ventures,Coimbatore,3,2023-11-22
2915,Mukherjee Store,Madurai,4,2022-01-26
2916,Rajan Distributors,Salem,1,2021-09-11
2917,Sundaram Hub,Kolkata,5,2019-04-08
2918,Gounder Enterprises,Indore,3,2021-02-24
2919,Mukherjee Distributors,Pune,5,2015-01-11
2920,Murugan Emporium,Surat,3,2024-03-15
2921,Chandrasekar Emporium,Tiruchirappalli,1,2021-09-29
2922,Murugan Distributors,Visakhapatnam,4,2016-12-05
2923,Chatterjee Wholesale,Vellore,4,2024-02-06
2924,Nair Ventures,Hyderabad,4,2022-09-20
2925,Iyer Ventures,Jaipur,1,2026-01-03
2926,Pandey Enterprises,Chandigarh,3,2017-12-30
2927,Bansal Retail,Mumbai,2,2023-08-24
2928,Verma Traders,Nagpur,1,2018-12-11
2929,Naidu Wholesale,Indore,4,2024-03-08
2930,Chopra Wholesale,Mysuru,2,2024-06-25
2931,Subramaniam Mart,Thiruvananthapuram,1,2018-10-17
2932,Pandian Hub,Hyderabad,1,2025-07-30
2933,Deshpande Traders,Mumbai,4,2020-05-18
2934,Reddy Emporium,Kolkata,4,2018-07-28
2935,Naidu Mart,Jaipur,2,2020-01-09
2936,Pandey Ventures,Mumbai,5,2017-11-24
2937,Nair Wholesale,Delhi,3,2022-03-16
2938,Mishra Mart,Mysuru,4,2024-01-24
2939,Rajan Mart,Hyderabad,5,2017-06-02
2940,Deshpande Store,Vellore,5,2016-01-31
2941,Naidu Store,Hyderabad,2,2022-02-26
2942,Gounder Wholesale,Nagpur,4,2023-08-26
2943,Kapoor Ventures,Surat,3,2023-04-23
2944,Nair Traders,Delhi,2,2021-01-20
2945,Pillai Mart,Pune,4,2022-07-22
2946,Mehta Traders,Kochi,4,2019-10-07
2947,Raj Mart,Mumbai,4,2020-02-18
2948,Krishnan Traders,Salem,5,2021-04-26
2949,Pandey Traders,Chandigarh,5,2019-01-20
2950,Annamalai Retail,Ahmedabad,5,2022-09-14
2951,Chatterjee Ventures,Visakhapatnam,1,2019-12-29
2952,Iyengar Mart,Coimbatore,2,2026-08-09
2953,Rao Ventures,Surat,4,2022-05-27
2954,Sivaraman Ventures,Nagpur,4,2024-04-05
2955,Chatterjee Hub,Surat,1,2015-11-25
2956,Chandrasekar Enterprises,Chennai,2,2024-04-20
2957,Natarajan Emporium,Coimbatore,1,2025-05-21
2958,Patel Hub,Pune,3,2024-02-11
2959,Bose Store,Kolkata,5,2020-12-07
2960,Desai Wholesale,Salem,5,2023-04-22
2961,Iyer Wholesale,Vijayawada,1,2020-04-11
2962,Kapoor Hub,Surat,1,2024-10-09
2963,Mishra Store,Bhopal,3,2020-10-29
2964,Annamalai Emporium,Chennai,5,2024-09-06
2965,Subramaniam Wholesale,Kolkata,4,2021-04-05
2966,Chatterjee Distributors,Bengaluru,3,2024-03-01
2967,Sharma Retail,Visakhapatnam,1,2026-01-24
2968,Saxena Hub,Jaipur,2,2025-04-29
2969,Desai Mart,Mysuru,5,2019-05-14
2970,Sivaraman Retail,Visakhapatnam,3,2025-03-28
2971,Reddy Emporium,Bhopal,3,2017-10-11
2972,Kumar Hub,Delhi,4,2024-02-29
2973,Sundaram Wholesale,Kochi,5,2016-07-15
2974,Kumar Retail,Jaipur,4,2024-10-14
2975,Natarajan Wholesale,Pune,3,2021-12-03
2976,Pillai Traders,Chandigarh,3,2020-02-02
2977,Krishnan Hub,Vijayawada,4,2024-07-08
2978,Bose Ventures,Visakhapatnam,5,2016-12-10
2979,Verma Hub,Hyderabad,2,2021-03-22
2980,Reddy Ventures,Tiruchirappalli,4,2018-08-19
2981,Menon Mart,Surat,4,2020-07-02
2982,Iyer Traders,Bengaluru,3,2015-05-30
2983,Chettiar Mart,Vellore,1,2026-07-10
2984,Balasubramaniam Store,Visakhapatnam,4,2025-02-09
2985,Deshpande Distributors,Pune,2,2020-08-23
2986,Mukherjee Retail,Ahmedabad,3,2016-04-08
2987,Mukherjee Traders,Bengaluru,2,2022-04-28
2988,Raj Hub,Chandigarh,5,2024-02-06
2989,Malhotra Traders,Kolkata,4,2024-04-15
2990,Kumar Store,Bhopal,5,2019-02-03
2991,Agarwal Wholesale,Bhopal,3,2023-06-15
2992,Pillai Hub,Mysuru,5,2015-08-14
2993,Balasubramaniam Traders,Pune,2,2025-08-09
2994,Kulkarni Wholesale,Coimbatore,1,2020-11-12
2995,Reddy Distributors,Jaipur,3,2016-04-24
2996,Malhotra Distributors,Kolkata,3,2022-08-07
2997,Balasubramaniam Ventures,Nagpur,3,2018-04-28
2998,Desai Distributors,Nagpur,5,2023-09-06
2999,Natarajan Ventures,Visakhapatnam,2,2021-03-29
3000,Subramaniam Ventures,Mysuru,2,2017-12-08
3001,Saxena Enterprises,Chandigarh,5,2019-11-27
3002,Patel Store,Kochi,4,2020-11-05
3003,Reddy Hub,Jaipur,1,2019-06-05
3004,Mishra Enterprises,Lucknow,5,2021-12-18
3005,Nair Store,Coimbatore,3,2025-07-13
3006,Sivaraman Ventures,Chandigarh,5,2022-10-28
3007,Mishra Distributors,Surat,4,2022-10-17
3008,Iyengar Mart,Bengaluru,2,2015-10-13
3009,Iyengar Distributors,Thiruvananthapuram,1,2017-02-25
3010,Venkatesan Mart,Vellore,3,2019-03-23
3011,Annamalai Retail,Delhi,5,2021-08-22
3012,Sharma Hub,Lucknow,4,2021-03-09
3013,Shetty Traders,Nagpur,2,2020-11-20
3014,Chandrasekar Distributors,Surat,3,2016-05-30
3015,Venkatesan Traders,Vellore,1,2018-03-30
3016,Naidu Enterprises,Hyderabad,5,2016-05-19
3017,Chopra Distributors,Tiruchirappalli,3,2016-05-08
3018,Mudaliar Enterprises,Salem,1,2026-01-06
3019,Bose Distributors,Vijayawada,1,2019-09-23
3020,Reddy Hub,Salem,2,2018-11-25
3021,Iyer Emporium,Ahmedabad,4,2023-06-05
3022,Gounder Ventures,Thiruvananthapuram,4,2016-08-13
3023,Gounder Wholesale,Kolkata,1,2022-05-10
3024,Chatterjee Distributors,Jaipur,3,2018-06-17
3025,Krishnan Enterprises,Thiruvananthapuram,4,2018-07-07
3026,Chopra Hub,Chennai,2,2025-08-03
3027,Rao Emporium,Kolkata,5,2017-07-15
3028,Sundaram Mart,Bengaluru,4,2016-08-09
3029,Pandey Store,Lucknow,2,2024-11-06
3030,Subramaniam Hub,Bengaluru,3,2022-06-06
3031,Iyer Ventures,Nagpur,2,2022-11-29
3032,Rangan Retail,Mumbai,4,2021-04-24
3033,Pandey Enterprises,Salem,1,2026-05-04
3034,Verma Store,Bengaluru,3,2023-03-21
3035,Krishnan Hub,Delhi,2,2024-10-21
3036,Nair Emporium,Coimbatore,2,2015-10-11
3037,Saxena Store,Chennai,2,2022-11-13
3038,Pillai Mart,Kolkata,3,2025-06-07
3039,Saxena Ventures,Kochi,3,2026-07-06
3040,Iyer Hub,Bengaluru,5,2017-04-15
3041,Bhatt Store,Bengaluru,1,2015-09-12
3042,Pandey Traders,Chandigarh,3,2022-02-25
3043,Murugan Emporium,Madurai,4,2016-09-09
3044,Ramanathan Retail,Tiruchirappalli,2,2017-05-01
3045,Chopra Emporium,Coimbatore,4,2017-06-13
3046,Rangan Store,Surat,3,2026-07-13
3047,Chettiar Enterprises,Chennai,2,2025-07-25
3048,Singh Distributors,Kolkata,3,2017-04-12
3049,Pillai Retail,Nagpur,5,2020-05-21
3050,Ramanathan Wholesale,Lucknow,2,2017-12-11
3051,Gupta Store,Bengaluru,4,2020-08-24
3052,Kulkarni Hub,Madurai,5,2018-12-15
3053,Iyer Enterprises,Visakhapatnam,5,2016-07-08
3054,Joshi Wholesale,Bhopal,3,2026-03-15
3055,Pillai Traders,Kochi,2,2016-09-01
3056,Raj Mart,Chennai,1,2015-12-02
3057,Pillai Mart,Delhi,5,2025-12-13
3058,Murugan Mart,Jaipur,1,2023-05-15
3059,Thiagarajan Hub,Surat,3,2020-03-19
3060,Saxena Emporium,Kolkata,2,2016-07-09
3061,Trivedi Mart,Bhopal,4,2016-06-27
3062,Nair Distributors,Kochi,5,2025-01-29
3063,Iyer Distributors,Coimbatore,5,2020-10-14
3064,Raj Hub,Vijayawada,4,2025-06-19
3065,Chopra Traders,Tiruchirappalli,5,2020-01-26
3066,Gupta Store,Kochi,3,2020-06-14
3067,Iyer Retail,Delhi,4,2025-06-03
3068,Desai Enterprises,Delhi,1,2015-11-23
3069,Singh Ventures,Bengaluru,3,2020-08-20
3070,Chandrasekar Retail,Vijayawada,1,2017-02-26
3071,Ramanathan Store,Bhopal,5,2018-07-08
3072,Gupta Enterprises,Mumbai,1,2015-05-16
3073,Verma Ventures,Salem,5,2025-11-15
3074,Mukherjee Wholesale,Ahmedabad,5,2016-03-14
3075,Chatterjee Retail,Bhopal,5,2024-01-02
3076,Deshpande Store,Vijayawada,4,2023-01-02
3077,Gounder Wholesale,Coimbatore,4,2022-02-17
3078,Natarajan Enterprises,Chennai,1,2021-12-28
3079,Gounder Ventures,Chandigarh,4,2022-09-14
3080,Singh Ventures,Visakhapatnam,2,2020-01-01
3081,Rangan Traders,Pune,5,2017-08-20
3082,Deshpande Mart,Surat,1,2021-06-06
3083,Kumar Distributors,Kolkata,3,2024-09-05
3084,Rao Traders,Mumbai,3,2020-11-29
3085,Rajan Traders,Chandigarh,5,2026-04-26
3086,Kumar Distributors,Delhi,5,2026-04-24
3087,Naidu Ventures,Tiruchirappalli,2,2019-09-11
3088,Sharma Traders,Bengaluru,5,2022-05-12
3089,Singh Hub,Tiruchirappalli,5,2022-03-24
3090,Iyengar Enterprises,Bhopal,3,2016-12-14
3091,Patel Ventures,Bhopal,5,2020-12-05
3092,Pandian Mart,Bhopal,5,2018-12-31
3093,Iyengar Retail,Ahmedabad,1,2018-09-27
3094,Pillai Enterprises,Kolkata,3,2015-04-11
3095,Mishra Emporium,Kolkata,3,2019-02-07
3096,Krishnan Store,Bengaluru,4,2025-02-26
3097,Raj Enterprises,Vellore,1,2016-08-24
3098,Annamalai Hub,Jaipur,1,2017-11-20
3099,Naidu Retail,Chandigarh,5,2018-12-26
3100,Subramaniam Emporium,Coimbatore,4,2024-05-06
3101,Gounder Emporium,Delhi,2,2025-01-28
3102,Subramaniam Ventures,Hyderabad,3,2023-06-14
3103,Nair Enterprises,Mysuru,3,2020-04-10
3104,Malhotra Mart,Delhi,1,2017-04-07
3105,Krishnan Enterprises,Coimbatore,1,2017-12-05
3106,Raj Distributors,Mysuru,1,2015-08-21
3107,Bansal Hub,Kochi,5,2020-04-03
3108,Rao Traders,Bhopal,2,2023-07-24
3109,Rajan Enterprises,Surat,1,2024-06-27
3110,Nair Emporium,Bengaluru,5,2022-04-04
3111,Singh Emporium,Hyderabad,3,2026-02-14
3112,Mukherjee Enterprises,Visakhapatnam,4,2022-05-22
3113,Agarwal Wholesale,Visakhapatnam,1,2015-11-10
3114,Nair Traders,Jaipur,3,2026-08-06
3115,Ramanathan Retail,Indore,1,2019-08-30
3116,Pillai Retail,Mysuru,2,2024-11-05
3117,Pandey Hub,Pune,1,2023-09-05
3118,Natarajan Retail,Nagpur,4,2022-05-10
3119,Thiagarajan Emporium,Delhi,3,2015-06-26
3120,Kumar Retail,Delhi,3,2015-05-11
3121,Chopra Store,Vellore,5,2021-10-03
3122,Balasubramaniam Wholesale,Nagpur,3,2024-11-11
3123,Sundaram Traders,Nagpur,4,2026-07-29
3124,Iyer Hub,Mysuru,3,2019-09-11
3125,Reddy Ventures,Lucknow,4,2019-02-20
3126,Sundaram Hub,Madurai,1,2025-10-03
3127,Thiagarajan Hub,Kochi,2,2023-02-13
3128,Pandian Enterprises,Thiruvananthapuram,1,2017-05-12
3129,Venkatesan Traders,Delhi,1,2018-03-27
3130,Shetty Hub,Ahmedabad,4,2023-10-09
3131,Balasubramaniam Ventures,Nagpur,5,2022-04-28
3132,Bhatt Distributors,Vijayawada,2,2026-07-05
3133,Singh Distributors,Madurai,3,2020-03-19
3134,Rangan Enterprises,Vellore,4,2024-05-15
3135,Shetty Traders,Surat,2,2017-07-16
3136,Murugan Enterprises,Surat,5,2022-01-15
3137,Mehta Enterprises,Hyderabad,5,2019-04-23
3138,Venkatesan Distributors,Delhi,2,2024-04-25
3139,Bansal Retail,Indore,3,2019-11-30
3140,Annamalai Ventures,Visakhapatnam,5,2022-10-28
3141,Mehta Retail,Ahmedabad,2,2015-02-02
3142,Desai Enterprises,Indore,2,2023-01-12
3143,Balasubramaniam Distributors,Madurai,3,2016-06-20
3144,Reddy Traders,Ahmedabad,4,2017-12-29
3145,Bansal Enterprises,Bengaluru,4,2015-01-09
3146,Joshi Retail,Nagpur,1,2016-03-04
3147,Rajan Mart,Salem,4,2020-07-19
3148,Mishra Retail,Mysuru,4,2016-07-01
3149,Iyer Store,Madurai,2,2023-01-29
3150,Desai Mart,Chandigarh,5,2019-09-20
3151,Malhotra Hub,Kolkata,4,2023-03-12
3152,Chopra Emporium,Hyderabad,2,2026-02-05
3153,Venkatesan Distributors,Vellore,2,2018-09-06
3154,Raj Store,Delhi,3,2020-05-11
3155,Chandrasekar Store,Mysuru,2,2015-05-30
3156,Agarwal Enterprises,Ahmedabad,2,2015-11-20
3157,Kapoor Mart,Chennai,3,2018-03-16
3158,Kulkarni Hub,Pune,3,2024-12-31
3159,Bhatt Traders,Vellore,5,2015-08-16
3160,Gounder Enterprises,Ahmedabad,5,2021-07-14
3161,Kapoor Mart,Tiruchirappalli,1,2025-04-14
3162,Menon Hub,Kolkata,3,2018-02-04
3163,Agarwal Retail,Mysuru,3,2021-01-25
3164,Natarajan Store,Coimbatore,2,2025-03-20
3165,Iyer Retail,Visakhapatnam,2,2026-02-26
3166,Kapoor Distributors,Indore,4,2016-11-03
3167,Agarwal Enterprises,Mysuru,2,2016-06-28
3168,Patel Mart,Chandigarh,3,2019-03-21
3169,Shetty Store,Thiruvananthapuram,3,2016-10-16
3170,Pillai Emporium,Vijayawada,3,2025-03-09
3171,Bhatt Enterprises,Tiruchirappalli,1,2017-09-01
3172,Kumar Emporium,Ahmedabad,2,2022-01-30
3173,Bhatt Distributors,Bengaluru,2,2020-02-27
3174,Sharma Emporium,Visakhapatnam,2,2020-03-02
3175,Mehta Store,Coimbatore,3,2015-10-01
3176,Pandey Emporium,Nagpur,3,2022-04-06
3177,Patel Distributors,Indore,4,2016-08-20
3178,Deshpande Distributors,Indore,5,2025-05-04
3179,Bose Hub,Chennai,1,2023-06-03
3180,Malhotra Mart,Lucknow,1,2025-04-26
3181,Subramaniam Traders,Mumbai,4,2020-07-03
3182,Pillai Wholesale,Indore,2,2018-03-04
3183,Krishnan Ventures,Nagpur,3,2017-09-27
3184,Mukherjee Enterprises,Visakhapatnam,5,2019-11-21
3185,Bose Distributors,Chandigarh,2,2016-11-06
3186,Reddy Distributors,Jaipur,4,2024-10-25
3187,Thiagarajan Traders,Chandigarh,3,2021-07-15
3188,Gupta Mart,Vellore,2,2020-10-11
3189,Chatterjee Wholesale,Kolkata,2,2023-01-16
3190,Nair Retail,Tiruchirappalli,2,2020-02-18
3191,Bose Traders,Indore,4,2022-10-07
3192,Murugan Store,Coimbatore,1,2018-03-31
3193,Nair Retail,Surat,3,2025-10-27
3194,Malhotra Mart,Bhopal,3,2018-04-22
3195,Bose Retail,Lucknow,1,2026-01-11
3196,Gupta Wholesale,Jaipur,2,2023-08-13
3197,Reddy Hub,Pune,1,2018-03-18
3198,Sundaram Distributors,Jaipur,2,2019-04-03
3199,Mehta Enterprises,Delhi,1,2022-02-12
3200,Mehta Retail,Mumbai,5,2026-05-17
3201,Subramaniam Traders,Jaipur,1,2017-03-27
3202,Pandey Enterprises,Vijayawada,1,2017-09-06
3203,Pillai Mart,Delhi,4,2020-03-26
3204,Malhotra Ventures,Hyderabad,1,2017-05-06
3205,Verma Retail,Bengaluru,3,2015-06-27
3206,Balasubramaniam Mart,Coimbatore,3,2020-09-14
3207,Sivaraman Hub,Kochi,2,2019-07-30
3208,Trivedi Enterprises,Delhi,2,2023-09-14
3209,Saxena Retail,Surat,1,2024-12-07
3210,Krishnan Traders,Coimbatore,5,2016-01-22
3211,Malhotra Store,Lucknow,1,2017-12-06
3212,Thiagarajan Store,Mysuru,2,2025-07-12
3213,Desai Store,Vijayawada,1,2023-05-25
3214,Venkatesan Mart,Salem,3,2017-09-04
3215,Rajan Mart,Chennai,1,2017-03-01
3216,Agarwal Mart,Jaipur,5,2018-05-16
3217,Mukherjee Enterprises,Salem,1,2023-05-05
3218,Chopra Distributors,Tiruchirappalli,4,2024-05-06
3219,Mukherjee Mart,Chandigarh,3,2021-05-14
3220,Agarwal Retail,Pune,4,2019-03-04
3221,Natarajan Retail,Mysuru,5,2024-06-29
3222,Mishra Enterprises,Pune,1,2019-03-14
3223,Mukherjee Hub,Chandigarh,1,2021-02-24
3224,Krishnan Traders,Coimbatore,1,2026-05-28
3225,Chettiar Enterprises,Kolkata,3,2015-08-01
3226,Gounder Distributors,Surat,1,2019-02-12
3227,Malhotra Wholesale,Tiruchirappalli,2,2021-02-16
3228,Natarajan Distributors,Madurai,3,2020-07-18
3229,Iyengar Wholesale,Vellore,3,2024-07-24
3230,Iyer Emporium,Thiruvananthapuram,5,2025-10-07
3231,Chatterjee Traders,Bhopal,2,2021-11-27
3232,Subramaniam Store,Pune,2,2017-12-28
3233,Iyer Distributors,Ahmedabad,3,2018-11-09
3234,Agarwal Emporium,Mumbai,4,2016-09-02
3235,Ramanathan Wholesale,Mysuru,2,2024-02-11
3236,Nair Traders,Vellore,3,2015-07-17
3237,Gounder Traders,Salem,4,2016-04-29
3238,Saxena Mart,Coimbatore,3,2020-12-29
3239,Subramaniam Distributors,Indore,5,2021-05-31
3240,Kumar Emporium,Ahmedabad,3,2017-10-05
3241,Chettiar Distributors,Mysuru,1,2021-09-26
3242,Natarajan Distributors,Kolkata,2,2018-12-28
3243,Rajan Mart,Ahmedabad,1,2021-10-28
3244,Murugan Traders,Madurai,2,2021-12-12
3245,Chopra Ventures,Tiruchirappalli,4,2018-07-18
3246,Chettiar Store,Lucknow,4,2026-01-01
3247,Iyer Traders,Bhopal,1,2022-02-25
3248,Natarajan Retail,Ahmedabad,4,2026-03-29
3249,Malhotra Store,Indore,2,2019-01-11
3250,Iyer Mart,Surat,2,2026-04-09
3251,Ramanathan Mart,Vellore,4,2015-03-01
3252,Pandian Hub,Jaipur,1,2025-03-01
3253,Patel Enterprises,Tiruchirappalli,5,2015-04-12
3254,Shetty Wholesale,Vellore,1,2015-04-26
3255,Kapoor Traders,Bengaluru,4,2024-01-30
3256,Chettiar Emporium,Indore,2,2025-09-05
3257,Iyer Ventures,Mumbai,1,2015-11-24
3258,Iyengar Retail,Surat,1,2021-12-01
3259,Kumar Ventures,Chandigarh,2,2024-04-07
3260,Bose Wholesale,Jaipur,1,2020-05-19
3261,Rangan Ventures,Mysuru,2,2026-02-05
3262,Reddy Store,Surat,2,2021-12-04
3263,Subramaniam Emporium,Bhopal,3,2019-08-22
3264,Trivedi Ventures,Surat,3,2021-05-05
3265,Deshpande Ventures,Visakhapatnam,5,2025-08-17
3266,Nair Retail,Ahmedabad,5,2016-07-26
3267,Kulkarni Retail,Surat,1,2022-10-15
3268,Shetty Emporium,Lucknow,3,2023-06-24
3269,Sundaram Emporium,Kolkata,1,2024-02-27
3270,Sharma Store,Lucknow,3,2021-03-09
3271,Trivedi Mart,Vijayawada,4,2017-06-21
3272,Rajan Hub,Tiruchirappalli,1,2017-10-07
3273,Patel Hub,Coimbatore,1,2026-06-13
3274,Iyengar Enterprises,Pune,3,2021-10-06
3275,Bansal Emporium,Kochi,3,2016-06-28
3276,Gounder Mart,Indore,5,2025-08-24
3277,Iyer Ventures,Salem,2,2025-03-06
3278,Annamalai Ventures,Salem,4,2025-08-01
3279,Chatterjee Wholesale,Chandigarh,3,2017-06-22
3280,Agarwal Enterprises,Pune,1,2022-07-31
3281,Chandrasekar Traders,Madurai,5,2020-01-21
3282,Sundaram Store,Mysuru,3,2023-12-13
3283,Sundaram Hub,Coimbatore,1,2021-02-04
3284,Saxena Store,Visakhapatnam,4,2021-02-01
3285,Chatterjee Traders,Nagpur,5,2015-05-02
3286,Nair Traders,Lucknow,4,2021-12-23
3287,Krishnan Ventures,Visakhapatnam,2,2017-03-10
3288,Iyengar Ventures,Mumbai,1,2019-08-23
3289,Sundaram Retail,Surat,1,2016-02-29
3290,Chandrasekar Hub,Salem,3,2023-06-15
3291,Iyer Retail,Delhi,5,2015-01-06
3292,Patel Distributors,Vijayawada,1,2017-01-19
3293,Sundaram Wholesale,Bhopal,5,2015-12-05
3294,Agarwal Store,Thiruvananthapuram,1,2024-03-10
3295,Naidu Emporium,Tiruchirappalli,3,2016-10-02
3296,Gupta Store,Visakhapatnam,3,2022-03-21
3297,Natarajan Emporium,Vellore,1,2022-08-03
3298,Chopra Distributors,Salem,4,2024-03-23
3299,Menon Enterprises,Lucknow,5,2023-06-14
3300,Sharma Emporium,Delhi,1,2020-08-25
3301,Trivedi Ventures,Vijayawada,4,2017-03-05
3302,Rao Retail,Pune,2,2015-08-21
3303,Pillai Distributors,Delhi,1,2023-08-10
3304,Balasubramaniam Ventures,Coimbatore,5,2022-09-08
3305,Iyer Hub,Nagpur,3,2017-01-16
3306,Chatterjee Store,Vellore,1,2015-08-29
3307,Nair Mart,Chennai,2,2021-01-28
3308,Reddy Wholesale,Chandigarh,4,2024-06-06
3309,Natarajan Emporium,Madurai,1,2020-03-02
3310,Mudaliar Ventures,Vellore,5,2019-09-30
3311,Pandian Mart,Vijayawada,1,2024-02-25
3312,Gupta Ventures,Coimbatore,1,2025-08-19
3313,Joshi Traders,Madurai,4,2024-12-10
3314,Mishra Distributors,Vellore,1,2018-08-02
3315,Pillai Traders,Mysuru,5,2019-07-08
3316,Rangan Enterprises,Bhopal,5,2015-10-04
3317,Pillai Mart,Mysuru,1,2024-02-19
3318,Malhotra Distributors,Madurai,2,2017-01-10
3319,Chopra Traders,Madurai,4,2023-12-14
3320,Chopra Mart,Bengaluru,1,2015-10-02
3321,Sundaram Traders,Indore,1,2015-06-04
3322,Mudaliar Emporium,Tiruchirappalli,5,2019-07-05
3323,Venkatesan Hub,Coimbatore,1,2025-01-14
3324,Verma Mart,Madurai,5,2025-08-22
3325,Sharma Traders,Delhi,5,2023-10-24
3326,Menon Ventures,Coimbatore,4,2015-06-13
3327,Nair Hub,Chandigarh,3,2018-08-26
3328,Chopra Retail,Thiruvananthapuram,4,2017-11-29
3329,Malhotra Wholesale,Madurai,3,2022-03-27
3330,Iyer Retail,Jaipur,5,2023-06-27
3331,Menon Enterprises,Lucknow,3,2021-10-04
3332,Malhotra Retail,Mysuru,4,2015-12-31
3333,Pillai Distributors,Vellore,5,2020-11-19
3334,Reddy Retail,Bengaluru,3,2016-03-09
3335,Iyer Retail,Nagpur,5,2016-07-12
3336,Chettiar Distributors,Chennai,2,2025-06-11
3337,Ramanathan Store,Jaipur,1,2023-04-21
3338,Reddy Retail,Bhopal,5,2016-04-16
3339,Iyengar Distributors,Lucknow,3,2022-09-09
3340,Joshi Traders,Kolkata,5,2016-01-24
3341,Joshi Mart,Kolkata,4,2021-07-03
3342,Patel Hub,Kochi,3,2024-01-22
3343,Sundaram Hub,Tiruchirappalli,2,2018-01-22
3344,Mehta Store,Jaipur,1,2025-06-28
3345,Gupta Emporium,Pune,1,2021-05-30
3346,Chopra Mart,Madurai,3,2019-05-12
3347,Nair Traders,Kolkata,1,2018-01-09
3348,Desai Mart,Pune,1,2025-07-25
3349,Bansal Mart,Mysuru,2,2023-12-05
3350,Joshi Store,Hyderabad,5,2022-05-08
3351,Venkatesan Traders,Jaipur,2,2016-04-02
3352,Chatterjee Emporium,Delhi,2,2025-09-07
3353,Mehta Mart,Bengaluru,5,2015-03-16
3354,Kapoor Mart,Bhopal,2,2018-06-06
3355,Rao Traders,Indore,2,2026-04-24
3356,Bansal Store,Chennai,2,2019-10-06
3357,Chatterjee Emporium,Ahmedabad,2,2022-12-14
3358,Agarwal Traders,Madurai,4,2015-04-05
3359,Deshpande Wholesale,Bhopal,4,2022-05-08
3360,Mehta Hub,Tiruchirappalli,4,2021-09-17
3361,Balasubramaniam Emporium,Mumbai,1,2023-08-18
3362,Murugan Ventures,Coimbatore,1,2015-01-31
3363,Deshpande Retail,Surat,5,2022-12-13
3364,Rao Distributors,Chennai,5,2016-12-17
3365,Mishra Traders,Jaipur,2,2018-05-23
3366,Mishra Enterprises,Tiruchirappalli,4,2015-12-11
3367,Pandian Store,Mysuru,3,2025-02-20
3368,Pandey Wholesale,Chandigarh,5,2016-01-27
3369,Kulkarni Retail,Kolkata,4,2018-12-03
3370,Agarwal Store,Lucknow,4,2016-08-06
3371,Gounder Emporium,Tiruchirappalli,4,2018-10-23
3372,Nair Retail,Salem,2,2016-03-02
3373,Rajan Ventures,Coimbatore,1,2022-10-16
3374,Rangan Emporium,Kochi,5,2015-10-27
3375,Mehta Ventures,Salem,5,2020-11-15
3376,Gounder Distributors,Jaipur,2,2023-11-28
3377,Iyer Traders,Kochi,5,2021-05-13
3378,Shetty Hub,Visakhapatnam,5,2015-12-17
3379,Balasubramaniam Retail,Lucknow,4,2019-01-25
3380,Natarajan Distributors,Vellore,5,2026-03-14
3381,Balasubramaniam Traders,Surat,4,2020-12-20
3382,Ramanathan Mart,Tiruchirappalli,3,2025-12-11
3383,Reddy Ventures,Kolkata,2,2023-06-24
3384,Chandrasekar Traders,Coimbatore,5,2023-02-11
3385,Rao Mart,Bhopal,2,2015-02-13
3386,Thiagarajan Mart,Nagpur,5,2016-12-24
3387,Agarwal Ventures,Delhi,4,2017-10-08
3388,Patel Distributors,Surat,5,2018-06-18
3389,Kulkarni Hub,Madurai,1,2021-10-06
3390,Gupta Ventures,Delhi,3,2021-11-01
3391,Mudaliar Mart,Kochi,4,2023-01-24
3392,Mishra Ventures,Ahmedabad,2,2019-12-17
3393,Kulkarni Enterprises,Pune,4,2016-06-23
3394,Desai Hub,Thiruvananthapuram,5,2023-06-17
3395,Kulkarni Traders,Kolkata,1,2021-02-25
3396,Natarajan Emporium,Vijayawada,3,2021-11-22
3397,Ramanathan Mart,Indore,4,2015-07-27
3398,Desai Hub,Lucknow,2,2018-01-14
3399,Nair Wholesale,Lucknow,1,2019-12-25
3400,Chatterjee Enterprises,Chennai,4,2022-06-21
3401,Chandrasekar Hub,Chennai,2,2026-02-23
3402,Krishnan Hub,Kochi,1,2020-11-02
3403,Chopra Ventures,Vellore,1,2018-08-22
3404,Kapoor Traders,Tiruchirappalli,5,2016-01-01
3405,Kulkarni Wholesale,Vellore,2,2016-03-31
3406,Sharma Hub,Visakhapatnam,4,2024-12-08
3407,Gounder Hub,Coimbatore,4,2018-09-29
3408,Pillai Ventures,Mysuru,4,2017-02-04
3409,Chandrasekar Traders,Coimbatore,2,2016-01-09
3410,Pillai Store,Visakhapatnam,3,2015-04-14
3411,Thiagarajan Traders,Chandigarh,3,2018-11-03
3412,Chettiar Wholesale,Nagpur,2,2016-10-02
3413,Rangan Traders,Lucknow,3,2026-05-19
3414,Balasubramaniam Traders,Lucknow,2,2017-06-03
3415,Bansal Hub,Kolkata,4,2015-03-28
3416,Agarwal Distributors,Nagpur,1,2026-07-09
3417,Saxena Distributors,Vijayawada,3,2016-09-10
3418,Gupta Distributors,Chennai,3,2024-09-02
3419,Thiagarajan Wholesale,Kolkata,4,2022-03-12
3420,Iyer Store,Hyderabad,2,2015-03-26
3421,Chettiar Traders,Mumbai,5,2016-04-13
3422,Menon Hub,Visakhapatnam,3,2024-06-07
3423,Iyengar Emporium,Mumbai,4,2023-01-30
3424,Saxena Hub,Tiruchirappalli,1,2018-06-22
3425,Kulkarni Enterprises,Surat,1,2025-07-10
3426,Desai Retail,Coimbatore,2,2022-10-16
3427,Mukherjee Distributors,Indore,5,2017-12-31
3428,Pillai Mart,Mumbai,2,2026-06-03
3429,Ramanathan Traders,Kochi,1,2017-07-12
3430,Kapoor Retail,Pune,2,2018-01-17
3431,Saxena Hub,Madurai,4,2023-08-21
3432,Mukherjee Emporium,Kochi,3,2016-12-10
3433,Verma Mart,Ahmedabad,2,2019-08-07
3434,Raj Ventures,Salem,5,2017-09-24
3435,Nair Ventures,Thiruvananthapuram,3,2023-01-08
3436,Subramaniam Store,Vellore,5,2015-12-06
3437,Rao Hub,Pune,4,2016-06-26
3438,Gounder Emporium,Bengaluru,2,2024-01-24
3439,Menon Mart,Nagpur,5,2019-04-23
3440,Reddy Distributors,Coimbatore,3,2019-12-14
3441,Chandrasekar Hub,Salem,4,2024-08-07
3442,Pandian Ventures,Mysuru,3,2025-08-05
3443,Shetty Enterprises,Vijayawada,2,2024-03-02
3444,Rajan Distributors,Vijayawada,1,2021-02-11
3445,Nair Wholesale,Surat,2,2019-12-20
3446,Balasubramaniam Traders,Indore,1,2016-12-21
3447,Malhotra Emporium,Visakhapatnam,2,2018-09-28
3448,Nair Store,Hyderabad,3,2016-02-07
3449,Nair Hub,Vijayawada,2,2025-01-19
3450,Menon Traders,Surat,1,2015-09-26
3451,Krishnan Mart,Vellore,5,2018-08-23
3452,Rao Retail,Tiruchirappalli,5,2026-06-07
3453,Rangan Traders,Surat,4,2016-10-14
3454,Kumar Enterprises,Indore,3,2022-06-22
3455,Deshpande Traders,Nagpur,5,2017-06-16
3456,Patel Mart,Surat,2,2016-07-17
3457,Sharma Ventures,Salem,3,2024-05-02
3458,Kulkarni Enterprises,Salem,5,2025-01-15
3459,Singh Ventures,Coimbatore,5,2016-12-28
3460,Mishra Wholesale,Thiruvananthapuram,2,2021-07-19
3461,Bansal Ventures,Indore,1,2023-08-28
3462,Gupta Emporium,Visakhapatnam,3,2019-08-16
3463,Krishnan Emporium,Pune,2,2015-07-06
3464,Iyer Ventures,Indore,5,2024-07-30
3465,Thiagarajan Hub,Mumbai,3,2024-05-30
3466,Pandey Hub,Kolkata,4,2026-06-30
3467,Thiagarajan Retail,Thiruvananthapuram,1,2024-09-24
3468,Gounder Emporium,Madurai,3,2026-06-30
3469,Nair Distributors,Hyderabad,1,2020-08-05
3470,Kulkarni Wholesale,Coimbatore,2,2018-12-20
3471,Ramanathan Traders,Tiruchirappalli,3,2016-02-05
3472,Bhatt Store,Mumbai,2,2016-11-02
3473,Ramanathan Retail,Jaipur,4,2020-09-05
3474,Mukherjee Store,Jaipur,3,2015-05-16
3475,Bansal Retail,Surat,5,2023-06-20
3476,Iyengar Ventures,Madurai,5,2015-11-12
3477,Deshpande Enterprises,Jaipur,3,2015-07-09
3478,Ramanathan Hub,Salem,4,2015-01-01
3479,Mukherjee Distributors,Jaipur,3,2023-12-14
3480,Raj Traders,Jaipur,3,2026-06-02
3481,Malhotra Enterprises,Tiruchirappalli,1,2022-12-22
3482,Shetty Wholesale,Mysuru,4,2020-11-19
3483,Bose Mart,Pune,2,2023-03-01
3484,Saxena Emporium,Jaipur,3,2021-07-11
3485,Desai Wholesale,Mysuru,3,2025-11-22
3486,Sivaraman Distributors,Lucknow,3,2017-03-06
3487,Krishnan Enterprises,Kochi,1,2021-08-14
3488,Pillai Ventures,Ahmedabad,2,2022-01-18
3489,Naidu Ventures,Hyderabad,2,2016-04-21
3490,Desai Distributors,Kochi,1,2017-03-25
3491,Sivaraman Enterprises,Tiruchirappalli,2,2025-11-30
3492,Gupta Mart,Vellore,2,2015-01-29
3493,Naidu Emporium,Kolkata,1,2025-06-20
3494,Pillai Emporium,Lucknow,3,2015-10-22
3495,Sundaram Ventures,Vellore,3,2026-05-17
3496,Saxena Hub,Mumbai,1,2016-05-09
3497,Murugan Retail,Mumbai,2,2021-06-04
3498,Iyer Store,Delhi,2,2019-07-02
3499,Sivaraman Mart,Lucknow,3,2024-12-05
3500,Thiagarajan Distributors,Bengaluru,3,2018-02-23
3501,Mishra Retail,Pune,2,2020-04-07
3502,Sundaram Hub,Surat,1,2026-06-07
3503,Mukherjee Store,Kochi,1,2020-04-07
3504,Trivedi Emporium,Thiruvananthapuram,4,2022-01-17
3505,Pandey Wholesale,Bhopal,3,2022-03-08
3506,Chatterjee Hub,Vijayawada,5,2021-11-01
3507,Iyer Distributors,Mysuru,4,2025-05-21
3508,Agarwal Emporium,Lucknow,1,2017-04-07
3509,Joshi Traders,Indore,4,2016-09-16
3510,Iyengar Wholesale,Chandigarh,1,2018-11-11
3511,Bose Ventures,Vellore,4,2016-07-14
3512,Chandrasekar Ventures,Kolkata,3,2022-09-12
3513,Thiagarajan Store,Mysuru,1,2018-01-08
3514,Saxena Store,Ahmedabad,2,2018-02-25
3515,Mudaliar Enterprises,Visakhapatnam,1,2025-12-01
3516,Gupta Distributors,Ahmedabad,4,2017-10-26
3517,Malhotra Emporium,Surat,2,2021-08-06
3518,Gupta Enterprises,Madurai,3,2015-08-27
3519,Nair Store,Hyderabad,1,2020-09-10
3520,Sivaraman Traders,Coimbatore,1,2025-12-29
3521,Trivedi Mart,Jaipur,2,2015-04-29
3522,Raj Retail,Kochi,2,2019-06-08
3523,Krishnan Wholesale,Bhopal,5,2025-07-09
3524,Kulkarni Retail,Coimbatore,1,2025-12-23
3525,Pillai Ventures,Chandigarh,1,2016-11-17
3526,Chatterjee Mart,Bengaluru,5,2023-05-28
3527,Pillai Retail,Kolkata,3,2018-02-15
3528,Menon Retail,Lucknow,4,2017-03-13
3529,Rao Hub,Indore,3,2017-01-16
3530,Rao Distributors,Chandigarh,1,2022-12-14
3531,Natarajan Hub,Ahmedabad,4,2020-12-12
3532,Mehta Mart,Chandigarh,2,2026-02-20
3533,Kulkarni Distributors,Chennai,5,2025-09-25
3534,Menon Traders,Coimbatore,3,2018-02-01
3535,Iyer Wholesale,Delhi,2,2018-11-01
3536,Gounder Hub,Ahmedabad,4,2025-05-06
3537,Mishra Enterprises,Coimbatore,2,2020-01-01
3538,Balasubramaniam Wholesale,Thiruvananthapuram,2,2016-05-30
3539,Iyengar Wholesale,Mumbai,4,2024-10-17
3540,Bhatt Hub,Mumbai,2,2021-04-21
3541,Mishra Emporium,Chennai,1,2020-07-30
3542,Pillai Retail,Mysuru,3,2020-11-22
3543,Bansal Hub,Visakhapatnam,1,2021-10-13
3544,Thiagarajan Enterprises,Chandigarh,2,2022-04-23
3545,Sundaram Emporium,Bengaluru,3,2026-02-07
3546,Sharma Wholesale,Ahmedabad,2,2019-10-23
3547,Trivedi Wholesale,Mysuru,5,2019-05-17
3548,Kumar Traders,Lucknow,3,2020-05-21
3549,Sundaram Store,Salem,1,2022-01-22
3550,Chettiar Store,Pune,3,2022-06-12
3551,Agarwal Enterprises,Visakhapatnam,5,2018-09-19
3552,Patel Wholesale,Kochi,2,2018-05-28
3553,Pillai Traders,Chandigarh,5,2022-07-06
3554,Pillai Mart,Indore,2,2019-11-25
3555,Kapoor Wholesale,Delhi,3,2019-06-22
3556,Bansal Hub,Vellore,3,2022-02-13
3557,Krishnan Hub,Ahmedabad,5,2019-11-09
3558,Bose Store,Ahmedabad,5,2019-07-09
3559,Natarajan Distributors,Visakhapatnam,5,2024-03-22
3560,Iyengar Ventures,Ahmedabad,1,2020-06-25
3561,Nair Hub,Thiruvananthapuram,2,2016-04-29
3562,Pillai Hub,Hyderabad,1,2016-02-06
3563,Mudaliar Emporium,Surat,5,2020-08-20
3564,Menon Distributors,Chennai,4,2025-09-06
3565,Thiagarajan Distributors,Visakhapatnam,1,2022-05-27
3566,Singh Emporium,Mysuru,3,2020-06-18
3567,Bose Store,Ahmedabad,2,2021-09-11
3568,Chandrasekar Hub,Kolkata,5,2016-01-10
3569,Naidu Enterprises,Hyderabad,3,2023-06-04
3570,Desai Enterprises,Jaipur,4,2017-01-29
3571,Balasubramaniam Hub,Kochi,5,2023-09-15
3572,Pillai Enterprises,Kolkata,5,2019-02-23
3573,Sharma Hub,Tiruchirappalli,3,2019-09-24
3574,Malhotra Mart,Nagpur,2,2015-04-29
3575,Trivedi Retail,Delhi,3,2021-03-16
3576,Annamalai Store,Tiruchirappalli,5,2017-07-23
3577,Joshi Traders,Indore,3,2018-06-15
3578,Rangan Emporium,Kolkata,4,2020-09-12
3579,Raj Retail,Visakhapatnam,1,2023-03-28
3580,Sharma Traders,Kochi,1,2021-06-10
3581,Chandrasekar Store,Vellore,4,2015-03-27
3582,Mukherjee Hub,Indore,1,2025-05-13
3583,Reddy Wholesale,Nagpur,4,2015-12-25
3584,Nair Distributors,Mumbai,2,2020-01-27
3585,Chettiar Ventures,Vijayawada,2,2019-12-17
3586,Subramaniam Retail,Bhopal,5,2017-07-08
3587,Murugan Store,Kochi,2,2019-08-11
3588,Rao Wholesale,Lucknow,1,2023-08-08
3589,Sivaraman Retail,Surat,3,2020-04-12
3590,Pillai Retail,Kochi,1,2021-03-04
3591,Rao Emporium,Nagpur,2,2022-10-04
3592,Patel Enterprises,Pune,3,2025-04-28
3593,Kapoor Emporium,Ahmedabad,4,2015-04-09
3594,Murugan Ventures,Kolkata,4,2022-04-13
3595,Kapoor Ventures,Bengaluru,1,2019-11-26
3596,Deshpande Emporium,Nagpur,4,2024-01-15
3597,Chettiar Emporium,Bhopal,1,2019-06-24
3598,Desai Mart,Delhi,1,2024-11-14
3599,Reddy Emporium,Bengaluru,2,2019-10-04
3600,Mehta Hub,Vellore,4,2020-11-20
3601,Mukherjee Emporium,Thiruvananthapuram,1,2026-02-12
3602,Chettiar Enterprises,Indore,3,2024-12-18
3603,Malhotra Distributors,Mysuru,3,2019-02-12
3604,Mishra Mart,Vellore,2,2019-07-13
3605,Verma Distributors,Kochi,4,2022-04-15
3606,Deshpande Store,Pune,1,2015-05-16
3607,Venkatesan Mart,Kochi,5,2023-01-12
3608,Bose Store,Lucknow,1,2019-02-14
3609,Bansal Ventures,Visakhapatnam,4,2025-02-03
3610,Chettiar Store,Vellore,2,2015-12-20
3611,Pandian Hub,Jaipur,5,2025-10-24
3612,Venkatesan Distributors,Delhi,3,2016-11-26
3613,Naidu Traders,Delhi,2,2016-10-14
3614,Subramaniam Retail,Delhi,4,2018-11-15
3615,Gounder Ventures,Madurai,3,2023-10-20
3616,Singh Traders,Jaipur,4,2022-08-22
3617,Iyer Emporium,Lucknow,2,2021-04-15
3618,Annamalai Ventures,Pune,2,2019-03-15
3619,Rao Traders,Pune,4,2026-04-21
3620,Sundaram Mart,Bhopal,4,2022-01-22
3621,Naidu Wholesale,Chennai,5,2020-08-27
3622,Mehta Distributors,Ahmedabad,1,2016-12-27
3623,Patel Enterprises,Kochi,2,2025-02-20
3624,Kumar Enterprises,Salem,2,2017-01-14
3625,Kulkarni Traders,Pune,4,2021-11-19
3626,Kapoor Distributors,Surat,4,2023-12-17
3627,Bansal Enterprises,Ahmedabad,2,2018-03-03
3628,Pandey Store,Ahmedabad,5,2023-05-08
3629,Malhotra Emporium,Tiruchirappalli,4,2024-07-27
3630,Nair Emporium,Madurai,3,2016-03-13
3631,Pandian Traders,Bhopal,3,2018-10-16
3632,Trivedi Traders,Nagpur,4,2018-03-12
3633,Subramaniam Distributors,Kochi,4,2017-07-18
3634,Chatterjee Retail,Kochi,5,2017-04-04
3635,Sivaraman Retail,Chandigarh,5,2018-02-14
3636,Mishra Traders,Salem,5,2015-05-27
3637,Gupta Retail,Indore,5,2017-03-25
3638,Chandrasekar Retail,Kolkata,3,2022-01-02
3639,Mehta Store,Vijayawada,1,2015-06-04
3640,Reddy Enterprises,Vellore,1,2016-10-29
3641,Kumar Enterprises,Vijayawada,5,2018-10-17
3642,Agarwal Emporium,Thiruvananthapuram,4,2018-03-07
3643,Chopra Distributors,Chennai,2,2018-04-04
3644,Murugan Retail,Mumbai,5,2021-12-27
3645,Natarajan Mart,Madurai,2,2017-12-04
3646,Raj Store,Salem,1,2019-06-26
3647,Chatterjee Enterprises,Kolkata,2,2020-02-25
3648,Pandey Emporium,Pune,4,2021-10-11
3649,Patel Emporium,Nagpur,2,2025-02-16
3650,Kumar Emporium,Coimbatore,3,2018-01-09
3651,Desai Distributors,Kochi,1,2018-09-21
3652,Kumar Store,Tiruchirappalli,1,2025-04-12
3653,Verma Ventures,Salem,1,2019-07-21
3654,Sundaram Ventures,Ahmedabad,3,2022-08-03
3655,Balasubramaniam Retail,Mumbai,2,2025-09-25
3656,Mudaliar Mart,Nagpur,4,2018-06-24
3657,Deshpande Wholesale,Hyderabad,1,2015-04-28
3658,Iyengar Ventures,Kolkata,2,2025-07-02
3659,Pillai Wholesale,Mumbai,4,2020-01-26
3660,Reddy Traders,Thiruvananthapuram,3,2018-06-25
3661,Chettiar Wholesale,Mysuru,2,2015-02-04
3662,Rangan Ventures,Tiruchirappalli,4,2023-11-09
3663,Pandian Wholesale,Coimbatore,1,2020-01-28
3664,Annamalai Wholesale,Kolkata,4,2023-05-29
3665,Agarwal Wholesale,Thiruvananthapuram,3,2017-07-26
3666,Rajan Emporium,Surat,2,2018-10-30
3667,Singh Emporium,Kolkata,1,2017-01-02
3668,Iyengar Ventures,Coimbatore,5,2024-12-08
3669,Nair Traders,Bhopal,2,2024-11-17
3670,Bansal Traders,Kochi,1,2025-09-24
3671,Trivedi Mart,Thiruvananthapuram,1,2023-04-17
3672,Nair Traders,Ahmedabad,5,2023-07-21
3673,Murugan Hub,Vellore,2,2024-05-04
3674,Agarwal Traders,Mysuru,3,2022-04-02
3675,Kapoor Hub,Visakhapatnam,5,2019-01-06
3676,Iyengar Store,Bengaluru,2,2025-09-21
3677,Balasubramaniam Ventures,Hyderabad,3,2025-03-10
3678,Nair Store,Mysuru,2,2015-06-11
3679,Ramanathan Retail,Visakhapatnam,3,2021-01-04
3680,Sivaraman Emporium,Kochi,4,2020-07-18
3681,Bhatt Store,Indore,1,2025-10-19
3682,Mehta Retail,Pune,1,2017-12-09
3683,Patel Enterprises,Tiruchirappalli,1,2016-02-22
3684,Shetty Emporium,Tiruchirappalli,5,2022-09-29
3685,Iyengar Hub,Mysuru,4,2017-10-06
3686,Pillai Enterprises,Lucknow,5,2015-05-04
3687,Iyer Retail,Coimbatore,4,2017-05-12
3688,Deshpande Store,Lucknow,4,2023-07-17
3689,Gupta Emporium,Vellore,3,2023-02-10
3690,Bose Mart,Mysuru,1,2017-05-03
3691,Thiagarajan Ventures,Lucknow,4,2024-09-15
3692,Gupta Enterprises,Bengaluru,1,2017-05-12
3693,Iyengar Ventures,Vijayawada,2,2015-05-21
3694,Bansal Emporium,Lucknow,1,2025-07-24
3695,Deshpande Traders,Hyderabad,5,2026-04-01
3696,Trivedi Store,Surat,4,2020-10-23
3697,Raj Distributors,Kolkata,2,2017-10-09
3698,Sivaraman Retail,Kochi,5,2021-08-09
3699,Pandey Emporium,Ahmedabad,5,2016-11-26
3700,Mehta Hub,Delhi,1,2024-10-18
3701,Krishnan Retail,Vijayawada,2,2024-12-27
3702,Balasubramaniam Mart,Hyderabad,5,2018-04-17
3703,Pandey Enterprises,Chennai,1,2021-03-26
3704,Sivaraman Mart,Vijayawada,3,2022-07-25
3705,Kulkarni Traders,Hyderabad,3,2021-10-08
3706,Pandian Emporium,Visakhapatnam,3,2020-08-21
3707,Desai Store,Mysuru,5,2017-09-15
3708,Chettiar Store,Salem,5,2022-12-03
3709,Krishnan Retail,Hyderabad,1,2018-01-03
3710,Annamalai Store,Kolkata,5,2025-06-23
3711,Chandrasekar Retail,Madurai,1,2015-01-01
3712,Balasubramaniam Emporium,Chandigarh,3,2025-12-08
3713,Mukherjee Enterprises,Thiruvananthapuram,1,2018-10-09
3714,Murugan Hub,Surat,3,2022-08-16
3715,Bhatt Traders,Kolkata,5,2026-08-09
3716,Singh Mart,Mumbai,2,2017-10-06
3717,Saxena Emporium,Jaipur,2,2016-04-22
3718,Kumar Ventures,Coimbatore,3,2016-05-22
3719,Singh Emporium,Thiruvananthapuram,4,2025-11-29
3720,Kumar Store,Hyderabad,4,2021-02-19
3721,Pillai Hub,Coimbatore,3,2024-06-24
3722,Iyer Retail,Kochi,4,2021-04-21
3723,Joshi Retail,Coimbatore,2,2017-03-31
3724,Trivedi Wholesale,Kochi,3,2018-12-09
3725,Pandian Emporium,Ahmedabad,3,2023-03-03
3726,Chandrasekar Enterprises,Lucknow,3,2018-01-23
3727,Mudaliar Emporium,Lucknow,1,2024-02-26
3728,Sundaram Retail,Ahmedabad,3,2017-02-03
3729,Annamalai Hub,Indore,2,2021-07-16
3730,Malhotra Store,Jaipur,2,2023-02-11
3731,Desai Enterprises,Indore,3,2024-02-20
3732,Desai Traders,Coimbatore,2,2023-06-13
3733,Chopra Traders,Visakhapatnam,4,2017-11-17
3734,Iyer Wholesale,Chandigarh,4,2022-09-19
3735,Raj Wholesale,Vijayawada,3,2015-11-24
3736,Sharma Enterprises,Nagpur,5,2022-03-28
3737,Desai Ventures,Hyderabad,2,2018-02-13
3738,Menon Ventures,Tiruchirappalli,3,2015-03-22
3739,Menon Enterprises,Nagpur,1,2015-01-12
3740,Annamalai Ventures,Tiruchirappalli,3,2020-06-19
3741,Sharma Store,Nagpur,4,2025-05-13
3742,Mehta Mart,Madurai,3,2024-06-12
3743,Rao Mart,Hyderabad,3,2015-09-18
3744,Deshpande Wholesale,Hyderabad,1,2016-12-03
3745,Reddy Traders,Jaipur,1,2023-03-17
3746,Nair Ventures,Kolkata,4,2021-11-13
3747,Trivedi Enterprises,Vellore,5,2017-09-07
3748,Raj Retail,Vijayawada,2,2020-02-21
3749,Chopra Ventures,Mumbai,1,2016-12-07
3750,Mudaliar Hub,Tiruchirappalli,4,2016-05-12
3751,Naidu Mart,Kolkata,2,2017-01-04
3752,Sivaraman Hub,Jaipur,5,2021-02-28
3753,Sivaraman Traders,Madurai,2,2021-02-07
3754,Pillai Mart,Kochi,1,2023-07-16
3755,Murugan Hub,Tiruchirappalli,1,2019-08-20
3756,Pillai Mart,Madurai,3,2019-07-06
3757,Patel Emporium,Delhi,2,2022-06-16
3758,Pillai Emporium,Thiruvananthapuram,2,2019-12-28
3759,Pillai Hub,Thiruvananthapuram,2,2022-06-01
3760,Trivedi Ventures,Mumbai,4,2024-08-02
3761,Singh Distributors,Chennai,2,2016-11-11
3762,Venkatesan Traders,Chennai,2,2015-09-14
3763,Kulkarni Retail,Thiruvananthapuram,4,2024-04-01
3764,Gupta Enterprises,Coimbatore,1,2015-05-15
3765,Kulkarni Hub,Delhi,2,2026-03-11
3766,Gounder Mart,Thiruvananthapuram,3,2017-11-05
3767,Saxena Retail,Delhi,1,2022-08-04
3768,Joshi Traders,Hyderabad,3,2025-05-14
3769,Menon Store,Madurai,2,2025-11-04
3770,Ramanathan Store,Pune,4,2023-05-23
3771,Joshi Store,Mumbai,4,2026-03-22
3772,Subramaniam Distributors,Chennai,5,2019-10-23
3773,Singh Mart,Indore,4,2024-07-07
3774,Bhatt Wholesale,Nagpur,3,2024-07-30
3775,Kumar Ventures,Mumbai,3,2026-03-10
3776,Subramaniam Retail,Bengaluru,1,2016-03-31
3777,Rangan Enterprises,Mumbai,1,2018-03-09
3778,Nair Distributors,Vellore,3,2020-05-28
3779,Sharma Distributors,Kolkata,3,2019-09-19
3780,Ramanathan Ventures,Mumbai,5,2023-06-05
3781,Sivaraman Mart,Surat,4,2024-05-29
3782,Natarajan Enterprises,Hyderabad,2,2021-03-03
3783,Iyengar Hub,Kolkata,2,2025-04-14
3784,Nair Traders,Chandigarh,4,2016-08-02
3785,Iyengar Store,Delhi,2,2020-06-14
3786,Desai Traders,Kolkata,2,2021-05-22
3787,Pandian Ventures,Bhopal,5,2019-10-31
3788,Joshi Wholesale,Mysuru,3,2019-05-30
3789,Chatterjee Store,Hyderabad,4,2019-04-17
3790,Raj Traders,Lucknow,4,2025-06-18
3791,Malhotra Store,Chennai,5,2015-04-05
3792,Venkatesan Ventures,Thiruvananthapuram,4,2015-05-19
3793,Sundaram Hub,Madurai,2,2015-01-20
3794,Patel Emporium,Vellore,2,2021-11-11
3795,Iyengar Enterprises,Visakhapatnam,2,2024-02-06
3796,Nair Traders,Bengaluru,2,2024-08-20
3797,Bhatt Hub,Nagpur,2,2015-07-28
3798,Pillai Emporium,Thiruvananthapuram,1,2016-01-19
3799,Iyengar Distributors,Chandigarh,3,2018-01-07
3800,Ramanathan Emporium,Ahmedabad,5,2025-08-01
3801,Verma Hub,Ahmedabad,5,2026-07-14
3802,Sivaraman Store,Kolkata,2,2016-09-07
3803,Reddy Traders,Salem,1,2023-03-15
3804,Bansal Wholesale,Nagpur,3,2019-12-14
3805,Chandrasekar Emporium,Chandigarh,3,2023-01-08
3806,Mehta Hub,Kochi,2,2020-03-30
3807,Rajan Distributors,Coimbatore,2,2016-05-01
3808,Ramanathan Traders,Coimbatore,1,2015-12-11
3809,Pillai Retail,Thiruvananthapuram,2,2022-02-21
3810,Pandian Enterprises,Lucknow,5,2017-03-23
3811,Krishnan Ventures,Vijayawada,2,2020-01-27
3812,Iyengar Hub,Chandigarh,4,2024-05-18
3813,Sundaram Mart,Madurai,1,2025-04-24
3814,Pandey Traders,Bhopal,3,2023-11-07
3815,Iyer Mart,Thiruvananthapuram,5,2017-01-23
3816,Kapoor Retail,Hyderabad,3,2021-06-24
3817,Natarajan Wholesale,Delhi,1,2023-08-18
3818,Gounder Traders,Salem,2,2018-09-27
3819,Saxena Enterprises,Pune,1,2024-09-16
3820,Thiagarajan Traders,Tiruchirappalli,4,2018-12-22
3821,Natarajan Traders,Madurai,4,2016-02-15
3822,Kulkarni Mart,Vellore,3,2024-06-18
3823,Joshi Wholesale,Madurai,4,2020-10-15
3824,Mukherjee Hub,Chandigarh,5,2016-06-10
3825,Subramaniam Distributors,Mumbai,3,2018-01-02
3826,Bose Retail,Bhopal,2,2017-03-21
3827,Kapoor Mart,Bhopal,3,2016-08-23
3828,Pillai Mart,Lucknow,5,2017-08-03
3829,Rao Wholesale,Indore,1,2017-08-17
3830,Singh Emporium,Kolkata,4,2017-07-02
3831,Joshi Hub,Surat,3,2020-10-27
3832,Rajan Distributors,Nagpur,1,2021-07-25
3833,Pandey Ventures,Vellore,4,2019-07-26
3834,Thiagarajan Distributors,Lucknow,2,2017-12-08
3835,Bansal Mart,Mumbai,4,2021-11-26
3836,Chettiar Distributors,Delhi,2,2021-05-18
3837,Naidu Enterprises,Pune,2,2016-02-05
3838,Sharma Ventures,Coimbatore,4,2024-07-29
3839,Menon Retail,Coimbatore,5,2022-08-12
3840,Raj Ventures,Chennai,2,2015-05-06
3841,Iyengar Wholesale,Kochi,2,2015-04-04
3842,Mudaliar Wholesale,Ahmedabad,1,2023-01-04
3843,Pillai Store,Hyderabad,5,2017-09-27
3844,Iyer Wholesale,Mysuru,4,2018-02-05
3845,Sharma Ventures,Surat,2,2025-08-16
3846,Annamalai Hub,Mumbai,4,2021-01-28
3847,Kapoor Store,Coimbatore,5,2019-03-26
3848,Annamalai Ventures,Jaipur,4,2019-12-21
3849,Sundaram Hub,Indore,1,2021-03-17
3850,Balasubramaniam Traders,Madurai,5,2022-04-29
3851,Verma Distributors,Surat,2,2015-09-08
3852,Saxena Retail,Lucknow,2,2019-11-24
3853,Krishnan Wholesale,Ahmedabad,3,2020-05-11
3854,Nair Ventures,Bhopal,4,2020-01-28
3855,Mishra Mart,Kolkata,5,2017-06-28
3856,Rangan Traders,Kochi,4,2024-08-10
3857,Natarajan Distributors,Coimbatore,4,2024-06-22
3858,Rangan Retail,Surat,4,2026-01-10
3859,Gupta Hub,Salem,3,2025-12-14
3860,Nair Store,Mumbai,2,2025-08-17
3861,Agarwal Enterprises,Kolkata,3,2017-10-18
3862,Iyer Ventures,Mysuru,2,2023-07-07
3863,Mudaliar Mart,Chennai,5,2017-06-13
3864,Deshpande Mart,Kochi,3,2021-09-18
3865,Sharma Hub,Visakhapatnam,3,2025-10-26
3866,Pandian Ventures,Bhopal,3,2021-05-26
3867,Rajan Ventures,Indore,2,2026-01-03
3868,Kulkarni Retail,Chandigarh,3,2017-09-08
3869,Subramaniam Traders,Thiruvananthapuram,4,2016-09-20
3870,Verma Traders,Pune,2,2021-12-26
3871,Chopra Retail,Kochi,5,2016-01-21
3872,Patel Retail,Indore,1,2017-11-11
3873,Rangan Enterprises,Bhopal,3,2022-04-17
3874,Chopra Wholesale,Nagpur,3,2024-12-11
3875,Menon Wholesale,Indore,3,2015-07-04
3876,Mishra Emporium,Chandigarh,2,2017-05-17
3877,Bansal Distributors,Mysuru,4,2017-12-07
3878,Nair Distributors,Visakhapatnam,2,2018-10-01
3879,Saxena Mart,Delhi,1,2016-10-24
3880,Annamalai Store,Visakhapatnam,3,2024-10-01
3881,Patel Hub,Kochi,5,2026-07-15
3882,Gounder Ventures,Hyderabad,3,2015-11-21
3883,Chandrasekar Distributors,Indore,3,2018-10-06
3884,Nair Enterprises,Coimbatore,2,2022-01-23
3885,Krishnan Mart,Delhi,5,2015-08-08
3886,Reddy Ventures,Mumbai,3,2021-10-19
3887,Trivedi Enterprises,Jaipur,3,2024-04-14
3888,Annamalai Enterprises,Chandigarh,5,2025-10-27
3889,Nair Wholesale,Delhi,1,2023-06-08
3890,Sharma Enterprises,Thiruvananthapuram,2,2020-10-17
3891,Sivaraman Wholesale,Thiruvananthapuram,4,2015-02-11
3892,Rangan Wholesale,Vellore,3,2025-12-29
3893,Singh Wholesale,Kolkata,1,2026-03-29
3894,Natarajan Mart,Jaipur,1,2016-11-27
3895,Pillai Retail,Surat,5,2018-12-20
3896,Menon Ventures,Jaipur,5,2026-07-29
3897,Bhatt Distributors,Kochi,4,2018-04-07
3898,Naidu Hub,Visakhapatnam,1,2015-05-23
3899,Pandey Wholesale,Vijayawada,4,2015-02-04
3900,Trivedi Retail,Lucknow,3,2015-01-04
3901,Patel Distributors,Chandigarh,4,2024-07-23
3902,Pandey Enterprises,Tiruchirappalli,5,2024-05-17
3903,Desai Traders,Bengaluru,2,2024-09-15
3904,Malhotra Enterprises,Hyderabad,2,2018-07-18
3905,Kumar Hub,Ahmedabad,2,2018-02-17
3906,Chatterjee Distributors,Tiruchirappalli,4,2019-01-29
3907,Pandey Hub,Vijayawada,4,2025-12-29
3908,Menon Retail,Salem,3,2015-12-06
3909,Mukherjee Emporium,Vellore,1,2026-02-03
3910,Subramaniam Retail,Chandigarh,4,2020-02-03
3911,Rao Distributors,Thiruvananthapuram,3,2018-01-05
3912,Pillai Store,Jaipur,2,2021-10-23
3913,Iyengar Store,Bengaluru,1,2025-06-04
3914,Gupta Retail,Jaipur,5,2016-06-28
3915,Mishra Mart,Thiruvananthapuram,4,2017-09-29
3916,Pillai Wholesale,Jaipur,4,2019-01-04
3917,Pillai Retail,Madurai,5,2024-04-08
3918,Iyengar Traders,Ahmedabad,3,2017-08-16
3919,Pandey Emporium,Chandigarh,4,2017-11-22
3920,Deshpande Emporium,Visakhapatnam,2,2024-04-23
3921,Sivaraman Ventures,Kochi,1,2024-07-13
3922,Reddy Distributors,Coimbatore,2,2020-01-20
3923,Naidu Mart,Madurai,3,2018-07-17
3924,Naidu Mart,Lucknow,3,2015-11-20
3925,Desai Traders,Kolkata,5,2024-01-16
3926,Raj Ventures,Bengaluru,3,2020-08-31
3927,Singh Wholesale,Lucknow,2,2026-07-28
3928,Murugan Distributors,Bhopal,4,2021-04-03
3929,Pillai Traders,Pune,2,2017-11-27
3930,Reddy Mart,Kolkata,5,2021-05-11
3931,Nair Retail,Nagpur,2,2024-07-31
3932,Bose Traders,Mysuru,3,2019-01-30
3933,Kumar Traders,Mysuru,3,2024-05-25
3934,Ramanathan Store,Lucknow,2,2021-12-15
3935,Mudaliar Emporium,Hyderabad,3,2026-02-09
3936,Pandey Retail,Thiruvananthapuram,2,2021-11-26
3937,Chandrasekar Enterprises,Indore,5,2018-06-18
3938,Rangan Store,Kochi,4,2019-08-24
3939,Pillai Enterprises,Indore,1,2017-01-18
3940,Agarwal Mart,Kochi,5,2020-04-02
3941,Nair Store,Bhopal,2,2026-02-19
3942,Patel Mart,Bhopal,3,2017-02-10
3943,Murugan Distributors,Chandigarh,2,2021-10-27
3944,Gounder Traders,Delhi,2,2025-03-29
3945,Mukherjee Enterprises,Vijayawada,4,2019-07-18
3946,Natarajan Emporium,Mysuru,1,2021-04-16
3947,Bansal Distributors,Surat,2,2017-05-12
3948,Raj Retail,Hyderabad,2,2020-02-13
3949,Bose Ventures,Kochi,1,2023-11-11
3950,Ramanathan Traders,Mysuru,1,2020-08-08
3951,Sundaram Wholesale,Mumbai,2,2021-02-17
3952,Rangan Ventures,Hyderabad,3,2021-12-06
3953,Pandey Enterprises,Ahmedabad,5,2016-12-15
3954,Kapoor Wholesale,Kolkata,4,2019-12-01
3955,Kulkarni Emporium,Pune,4,2022-03-31
3956,Sharma Enterprises,Vijayawada,1,2019-01-17
3957,Nair Mart,Vijayawada,2,2016-06-17
3958,Iyer Hub,Mysuru,4,2021-08-15
3959,Kulkarni Mart,Ahmedabad,3,2025-07-10
3960,Pandey Hub,Hyderabad,5,2025-06-20
3961,Bansal Ventures,Visakhapatnam,3,2018-04-18
3962,Mishra Enterprises,Mysuru,4,2020-01-08
3963,Deshpande Emporium,Delhi,4,2018-01-03
3964,Mukherjee Mart,Chennai,1,2019-11-22
3965,Mukherjee Hub,Vijayawada,5,2023-03-09
3966,Reddy Enterprises,Hyderabad,2,2022-12-30
3967,Sundaram Store,Hyderabad,2,2023-11-21
3968,Pillai Store,Ahmedabad,4,2015-08-15
3969,Desai Traders,Madurai,2,2017-12-29
3970,Krishnan Distributors,Chennai,2,2017-01-13
3971,Pandian Distributors,Bengaluru,2,2021-10-07
3972,Nair Distributors,Surat,5,2016-03-03
3973,Gounder Hub,Indore,2,2024-02-26
3974,Gupta Emporium,Tiruchirappalli,1,2024-03-19
3975,Kapoor Store,Mumbai,1,2023-08-28
3976,Rao Retail,Hyderabad,5,2018-02-28
3977,Nair Hub,Madurai,1,2022-05-04
3978,Sundaram Retail,Delhi,1,2023-09-16
3979,Ramanathan Mart,Surat,2,2020-06-22
3980,Chatterjee Traders,Chandigarh,2,2016-12-06
3981,Sharma Ventures,Madurai,2,2026-06-27
3982,Shetty Wholesale,Bhopal,3,2019-06-01
3983,Gounder Retail,Vellore,5,2020-12-16
3984,Thiagarajan Hub,Surat,3,2026-01-26
3985,Rajan Emporium,Salem,1,2022-10-15
3986,Murugan Retail,Kochi,5,2023-11-14
3987,Saxena Enterprises,Salem,2,2026-02-27
3988,Ramanathan Enterprises,Chennai,5,2016-02-18
3989,Sharma Store,Madurai,2,2023-05-31
3990,Mehta Ventures,Indore,4,2022-05-31
3991,Menon Store,Coimbatore,3,2019-04-29
3992,Iyer Ventures,Kolkata,1,2023-07-15
3993,Singh Ventures,Kolkata,5,2023-03-05
3994,Malhotra Mart,Kochi,5,2018-02-26
3995,Rangan Mart,Ahmedabad,2,2017-04-27
3996,Nair Retail,Mumbai,1,2019-05-01
3997,Kumar Ventures,Hyderabad,3,2024-08-30
3998,Verma Emporium,Visakhapatnam,2,2017-02-09
3999,Mehta Store,Kolkata,2,2024-08-05
4000,Raj Hub,Delhi,1,2019-04-29
4001,Nair Emporium,Pune,5,2023-02-16
4002,Malhotra Traders,Bengaluru,5,2023-09-01
4003,Iyer Wholesale,Ahmedabad,5,2019-05-12
4004,Pandian Enterprises,Tiruchirappalli,5,2019-07-24
4005,Raj Hub,Mysuru,2,2015-12-23
4006,Rajan Emporium,Kochi,3,2019-04-30
4007,Sundaram Distributors,Kochi,4,2018-04-14
4008,Mudaliar Store,Delhi,5,2019-08-20
4009,Bhatt Wholesale,Mysuru,5,2018-09-25
4010,Subramaniam Retail,Nagpur,1,2017-10-02
4011,Iyengar Emporium,Chennai,5,2017-06-11
4012,Natarajan Distributors,Delhi,1,2024-01-02
4013,Sivaraman Store,Delhi,1,2025-02-26
4014,Venkatesan Mart,Visakhapatnam,1,2022-07-16
4015,Joshi Hub,Tiruchirappalli,4,2023-04-29
4016,Raj Retail,Visakhapatnam,1,2025-05-01
4017,Reddy Distributors,Thiruvananthapuram,5,2015-07-18
4018,Kumar Hub,Ahmedabad,1,2017-08-03
4019,Joshi Enterprises,Pune,4,2023-08-11
4020,Chandrasekar Store,Chandigarh,5,2018-06-18
4021,Singh Distributors,Chandigarh,5,2018-11-14
4022,Raj Emporium,Pune,4,2024-05-17
4023,Iyer Hub,Madurai,5,2025-01-17
4024,Deshpande Wholesale,Nagpur,3,2023-08-06
4025,Sivaraman Enterprises,Nagpur,5,2015-06-17
4026,Balasubramaniam Mart,Vijayawada,4,2018-01-19
4027,Rajan Emporium,Madurai,4,2022-03-30
4028,Annamalai Ventures,Vellore,4,2024-05-30
4029,Deshpande Mart,Kochi,4,2015-12-21
4030,Singh Enterprises,Ahmedabad,1,2019-04-02
4031,Desai Mart,Ahmedabad,3,2022-09-14
4032,Reddy Hub,Vijayawada,1,2025-08-05
4033,Patel Distributors,Jaipur,4,2018-05-02
4034,Gounder Ventures,Mumbai,2,2025-09-03
4035,Thiagarajan Enterprises,Salem,4,2024-12-22
4036,Chatterjee Distributors,Vellore,5,2025-07-11
4037,Murugan Emporium,Ahmedabad,3,2016-08-21
4038,Pandey Mart,Mumbai,1,2018-01-09
4039,Trivedi Mart,Tiruchirappalli,3,2023-04-26
4040,Kulkarni Wholesale,Salem,4,2025-04-07
4041,Chandrasekar Retail,Bengaluru,4,2018-10-26
4042,Joshi Traders,Surat,5,2018-06-11
4043,Pillai Ventures,Vellore,2,2024-10-14
4044,Mukherjee Enterprises,Madurai,4,2022-08-22
4045,Mishra Hub,Vijayawada,5,2026-07-29
4046,Bhatt Wholesale,Mysuru,2,2019-12-12
4047,Kulkarni Hub,Lucknow,4,2023-11-14
4048,Joshi Traders,Bengaluru,5,2018-11-10
4049,Joshi Traders,Bhopal,1,2022-07-08
4050,Bhatt Hub,Vellore,1,2022-01-31
4051,Pillai Mart,Vellore,2,2023-05-02
4052,Pillai Distributors,Pune,3,2024-02-29
4053,Mukherjee Traders,Indore,4,2022-04-23
4054,Raj Retail,Jaipur,3,2015-04-11
4055,Gounder Distributors,Hyderabad,1,2021-11-16
4056,Sivaraman Hub,Nagpur,3,2025-03-25
4057,Agarwal Store,Indore,5,2016-11-24
4058,Chandrasekar Mart,Kochi,1,2024-10-24
4059,Naidu Ventures,Kochi,4,2016-08-20
4060,Gupta Wholesale,Kolkata,3,2021-02-06
4061,Chopra Mart,Surat,3,2021-06-08
4062,Balasubramaniam Hub,Tiruchirappalli,2,2020-10-10
4063,Krishnan Mart,Jaipur,3,2020-10-01
4064,Nair Store,Kolkata,2,2020-03-04
4065,Malhotra Retail,Visakhapatnam,2,2025-12-01
4066,Kapoor Wholesale,Lucknow,2,2024-04-16
4067,Agarwal Hub,Pune,4,2018-06-06
4068,Bhatt Store,Hyderabad,5,2026-06-21
4069,Bhatt Hub,Madurai,2,2021-08-06
4070,Menon Retail,Pune,2,2022-10-29
4071,Bhatt Hub,Bhopal,5,2018-03-11
4072,Agarwal Ventures,Vellore,3,2019-01-25
4073,Patel Distributors,Lucknow,4,2017-06-07
4074,Iyer Store,Surat,4,2018-05-02
4075,Raj Enterprises,Surat,5,2018-04-04
4076,Ramanathan Ventures,Mysuru,2,2020-09-28
4077,Verma Ventures,Kochi,3,2023-05-11
4078,Iyer Mart,Nagpur,2,2016-01-13
4079,Bansal Enterprises,Salem,2,2023-07-30
4080,Murugan Enterprises,Salem,4,2019-03-19
4081,Rajan Distributors,Ahmedabad,4,2019-04-28
4082,Chopra Ventures,Surat,5,2017-10-15
4083,Verma Traders,Nagpur,1,2022-12-28
4084,Nair Traders,Bengaluru,2,2020-05-09
4085,Mehta Ventures,Tiruchirappalli,3,2020-01-29
4086,Kumar Traders,Coimbatore,3,2020-01-03
4087,Iyengar Wholesale,Visakhapatnam,5,2016-05-27
4088,Naidu Retail,Visakhapatnam,1,2015-05-17
4089,Pandey Wholesale,Indore,5,2020-01-06
4090,Patel Distributors,Nagpur,4,2015-08-26
4091,Gounder Emporium,Delhi,3,2019-10-05
4092,Patel Traders,Salem,4,2022-01-10
4093,Rajan Traders,Delhi,5,2024-07-14
4094,Pandian Hub,Thiruvananthapuram,4,2017-11-13
4095,Mukherjee Store,Mysuru,4,2022-05-10
4096,Rajan Hub,Pune,4,2019-11-25
4097,Sharma Traders,Indore,3,2015-01-12
4098,Singh Enterprises,Jaipur,2,2020-08-30
4099,Pillai Retail,Indore,5,2018-08-28
4100,Subramaniam Traders,Vijayawada,5,2022-03-15
4101,Iyengar Distributors,Pune,3,2020-02-22
4102,Sundaram Wholesale,Ahmedabad,3,2025-10-13
4103,Balasubramaniam Traders,Pune,5,2020-08-30
4104,Iyer Hub,Indore,4,2020-12-22
4105,Iyengar Traders,Mysuru,3,2019-01-12
4106,Bansal Wholesale,Salem,4,2020-06-07
4107,Rao Enterprises,Ahmedabad,5,2024-12-20
4108,Gupta Distributors,Delhi,2,2015-08-17
4109,Bhatt Retail,Chennai,4,2017-06-26
4110,Bhatt Hub,Mysuru,1,2021-08-11
4111,Patel Traders,Bhopal,5,2023-03-19
4112,Raj Hub,Salem,2,2021-11-30
4113,Malhotra Retail,Hyderabad,3,2016-01-24
4114,Pillai Emporium,Mumbai,4,2019-07-14
4115,Singh Retail,Kochi,5,2023-02-20
4116,Natarajan Retail,Jaipur,3,2021-11-27
4117,Saxena Store,Lucknow,3,2019-08-03
4118,Gupta Mart,Madurai,2,2019-06-13
4119,Joshi Enterprises,Hyderabad,5,2020-10-28
4120,Iyer Enterprises,Surat,5,2025-11-14
4121,Pandey Emporium,Lucknow,2,2022-05-31
4122,Balasubramaniam Hub,Kolkata,5,2021-12-02
4123,Saxena Hub,Visakhapatnam,1,2018-01-29
4124,Iyer Hub,Tiruchirappalli,4,2017-11-04
4125,Mishra Enterprises,Bhopal,4,2016-12-23
4126,Thiagarajan Wholesale,Madurai,1,2017-04-02
4127,Chatterjee Enterprises,Tiruchirappalli,4,2016-06-08
4128,Kumar Hub,Coimbatore,5,2023-03-04
4129,Singh Traders,Ahmedabad,4,2018-12-26
4130,Mukherjee Wholesale,Bengaluru,1,2016-10-08
4131,Reddy Hub,Bhopal,5,2023-11-24
4132,Deshpande Traders,Surat,2,2015-02-06
4133,Rao Distributors,Chennai,1,2015-12-28
4134,Mudaliar Emporium,Bhopal,3,2019-08-13
4135,Chopra Traders,Jaipur,4,2022-10-27
4136,Bose Retail,Vellore,4,2016-04-11
4137,Singh Ventures,Thiruvananthapuram,4,2026-03-03
4138,Balasubramaniam Wholesale,Jaipur,3,2022-08-24
4139,Deshpande Retail,Chandigarh,1,2025-03-27
4140,Raj Hub,Indore,3,2019-09-11
4141,Natarajan Ventures,Ahmedabad,4,2018-05-24
4142,Gupta Hub,Kochi,3,2020-11-11
4143,Sivaraman Traders,Chandigarh,5,2019-12-06
4144,Raj Hub,Surat,2,2023-07-01
4145,Sivaraman Traders,Mumbai,4,2020-10-13
4146,Nair Distributors,Thiruvananthapuram,3,2021-07-13
4147,Verma Enterprises,Visakhapatnam,3,2022-12-17
4148,Verma Mart,Lucknow,4,2022-03-12
4149,Sivaraman Wholesale,Hyderabad,3,2019-10-29
4150,Kumar Distributors,Mumbai,1,2023-11-05
4151,Desai Hub,Pune,2,2025-01-17
4152,Menon Mart,Delhi,5,2023-08-24
4153,Mukherjee Enterprises,Madurai,1,2016-08-01
4154,Ramanathan Distributors,Vijayawada,5,2017-02-06
4155,Menon Distributors,Delhi,3,2020-11-11
4156,Subramaniam Store,Salem,1,2020-06-04
4157,Shetty Mart,Bhopal,4,2019-05-01
4158,Murugan Distributors,Hyderabad,2,2018-01-12
4159,Venkatesan Enterprises,Pune,3,2016-07-29
4160,Krishnan Distributors,Chennai,3,2024-03-20
4161,Agarwal Wholesale,Chandigarh,2,2024-03-01
4162,Desai Mart,Hyderabad,5,2017-11-18
4163,Bose Retail,Salem,1,2023-11-19
4164,Singh Enterprises,Coimbatore,1,2015-06-03
4165,Singh Wholesale,Bengaluru,4,2017-08-18
4166,Iyer Retail,Thiruvananthapuram,5,2021-10-30
4167,Reddy Mart,Tiruchirappalli,1,2018-03-13
4168,Kapoor Distributors,Mumbai,1,2017-11-19
4169,Gounder Traders,Lucknow,5,2019-03-06
4170,Pandey Traders,Kolkata,4,2022-04-25
4171,Pillai Distributors,Vellore,2,2024-05-04
4172,Sharma Enterprises,Surat,5,2021-02-24
4173,Gupta Retail,Pune,1,2020-03-24
4174,Naidu Wholesale,Hyderabad,2,2017-12-04
4175,Rangan Retail,Nagpur,5,2022-06-06
4176,Pandey Traders,Kolkata,2,2017-01-06
4177,Chandrasekar Store,Nagpur,1,2020-06-16
4178,Menon Store,Kolkata,1,2021-10-09
4179,Chopra Emporium,Delhi,3,2017-07-20
4180,Mishra Wholesale,Kochi,5,2024-06-04
4181,Sharma Hub,Vijayawada,2,2021-07-16
4182,Rangan Distributors,Mumbai,5,2016-03-14
4183,Bansal Wholesale,Jaipur,4,2020-10-22
4184,Iyengar Enterprises,Ahmedabad,4,2023-12-17
4185,Nair Hub,Madurai,2,2017-03-21
4186,Thiagarajan Ventures,Coimbatore,4,2023-08-08
4187,Pandey Enterprises,Surat,3,2023-06-04
4188,Krishnan Emporium,Salem,4,2018-05-11
4189,Singh Enterprises,Hyderabad,5,2018-12-07
4190,Sharma Store,Surat,5,2023-08-21
4191,Nair Mart,Chennai,5,2022-09-24
4192,Mishra Retail,Kochi,4,2018-06-02
4193,Desai Retail,Nagpur,1,2016-08-05
4194,Iyer Ventures,Bengaluru,2,2019-06-04
4195,Singh Store,Delhi,5,2018-08-04
4196,Trivedi Store,Vellore,2,2015-01-10
4197,Gounder Traders,Chennai,5,2025-01-29
4198,Nair Hub,Chennai,3,2020-11-17
4199,Mishra Wholesale,Indore,3,2023-05-29
4200,Bhatt Emporium,Bhopal,4,2019-04-15
4201,Krishnan Mart,Mysuru,4,2021-02-07
4202,Verma Ventures,Chandigarh,5,2017-09-03
4203,Desai Ventures,Delhi,1,2019-10-19
4204,Iyer Distributors,Vellore,3,2017-12-16
4205,Ramanathan Emporium,Madurai,3,2018-05-01
4206,Chatterjee Ventures,Pune,5,2020-03-15
4207,Nair Traders,Jaipur,5,2018-12-17
4208,Rangan Hub,Coimbatore,1,2022-04-10
4209,Malhotra Wholesale,Coimbatore,4,2019-03-12
4210,Nair Distributors,Indore,3,2025-01-19
4211,Nair Ventures,Ahmedabad,1,2015-07-23
4212,Deshpande Ventures,Tiruchirappalli,4,2018-02-15
4213,Kulkarni Ventures,Chandigarh,4,2016-11-05
4214,Sundaram Retail,Thiruvananthapuram,4,2023-10-29
4215,Sharma Hub,Visakhapatnam,5,2017-08-31
4216,Gounder Emporium,Tiruchirappalli,3,2018-06-09
4217,Bansal Enterprises,Surat,4,2016-10-15
4218,Verma Retail,Vellore,4,2025-02-04
4219,Chandrasekar Wholesale,Vijayawada,3,2022-01-02
4220,Iyer Emporium,Vijayawada,2,2016-06-27
4221,Iyer Traders,Jaipur,5,2018-12-19
4222,Chandrasekar Ventures,Hyderabad,3,2019-11-24
4223,Chopra Mart,Jaipur,5,2021-09-04
4224,Iyer Retail,Nagpur,1,2019-08-21
4225,Agarwal Hub,Tiruchirappalli,4,2022-03-06
4226,Venkatesan Hub,Nagpur,5,2020-02-09
4227,Agarwal Ventures,Chandigarh,4,2026-05-25
4228,Sundaram Mart,Chennai,5,2019-04-02
4229,Sundaram Distributors,Pune,2,2023-08-08
4230,Iyengar Retail,Nagpur,1,2025-07-13
4231,Desai Distributors,Bhopal,2,2019-08-27
4232,Chatterjee Hub,Delhi,5,2020-03-04
4233,Murugan Wholesale,Mumbai,4,2024-05-19
4234,Shetty Store,Thiruvananthapuram,1,2019-03-01
4235,Mehta Hub,Vellore,1,2022-02-22
4236,Agarwal Hub,Visakhapatnam,3,2018-12-26
4237,Rajan Ventures,Vellore,3,2018-08-14
4238,Rajan Enterprises,Tiruchirappalli,5,2015-03-09
4239,Gounder Mart,Hyderabad,5,2023-06-07
4240,Iyengar Enterprises,Jaipur,1,2015-12-21
4241,Krishnan Traders,Vijayawada,4,2015-08-01
4242,Rao Emporium,Bengaluru,5,2016-03-05
4243,Patel Wholesale,Salem,4,2017-04-28
4244,Malhotra Wholesale,Jaipur,5,2024-07-28
4245,Desai Emporium,Madurai,3,2020-09-29
4246,Thiagarajan Distributors,Coimbatore,3,2022-04-14
4247,Venkatesan Retail,Madurai,4,2024-09-06
4248,Venkatesan Hub,Vellore,3,2023-09-07
4249,Chatterjee Ventures,Nagpur,4,2019-12-05
4250,Trivedi Emporium,Vellore,4,2018-10-05
4251,Iyer Hub,Vellore,5,2025-04-12
4252,Rangan Emporium,Ahmedabad,2,2015-06-21
4253,Kulkarni Hub,Madurai,5,2020-11-19
4254,Murugan Distributors,Vijayawada,4,2024-02-24
4255,Subramaniam Hub,Salem,1,2024-04-13
4256,Iyer Distributors,Madurai,2,2019-10-28
4257,Thiagarajan Ventures,Kolkata,4,2025-12-22
4258,Thiagarajan Emporium,Bhopal,2,2023-01-04
4259,Ramanathan Enterprises,Chandigarh,5,2025-09-13
4260,Shetty Distributors,Mumbai,5,2026-03-10
4261,Iyer Hub,Kolkata,4,2019-03-29
4262,Naidu Emporium,Kolkata,2,2022-12-29
4263,Sundaram Store,Tiruchirappalli,1,2020-05-08
4264,Patel Ventures,Madurai,3,2017-09-27
4265,Agarwal Traders,Mumbai,3,2024-01-05
4266,Sundaram Distributors,Visakhapatnam,2,2017-02-21
4267,Subramaniam Hub,Coimbatore,3,2019-01-29
4268,Desai Store,Nagpur,5,2019-03-30
4269,Iyer Hub,Mysuru,1,2015-01-22
4270,Iyengar Mart,Delhi,5,2016-11-12
4271,Thiagarajan Ventures,Madurai,1,2024-07-10
4272,Sharma Wholesale,Ahmedabad,3,2016-08-20
4273,Nair Hub,Surat,1,2025-01-04
4274,Mukherjee Enterprises,Coimbatore,2,2017-12-24
4275,Mehta Distributors,Nagpur,4,2015-12-03
4276,Chettiar Store,Lucknow,1,2020-02-28
4277,Joshi Wholesale,Surat,3,2019-03-01
4278,Raj Hub,Thiruvananthapuram,5,2016-06-18
4279,Chettiar Emporium,Thiruvananthapuram,3,2020-03-30
4280,Pillai Mart,Lucknow,4,2016-05-03
4281,Venkatesan Traders,Mysuru,5,2016-10-20
4282,Venkatesan Hub,Chandigarh,5,2018-10-02
4283,Krishnan Traders,Thiruvananthapuram,5,2020-05-06
4284,Patel Enterprises,Nagpur,1,2025-04-09
4285,Raj Distributors,Mysuru,1,2015-11-04
4286,Agarwal Retail,Vijayawada,3,2016-09-22
4287,Trivedi Wholesale,Lucknow,5,2015-03-24
4288,Trivedi Mart,Chandigarh,2,2018-08-10
4289,Raj Enterprises,Delhi,4,2024-08-12
4290,Krishnan Retail,Bengaluru,3,2019-01-05
4291,Pandey Traders,Indore,1,2025-10-26
4292,Patel Mart,Kolkata,5,2026-05-02
4293,Desai Store,Thiruvananthapuram,5,2022-06-04
4294,Rangan Retail,Surat,5,2015-02-19
4295,Mehta Traders,Jaipur,2,2021-03-18
4296,Pillai Retail,Lucknow,1,2020-09-09
4297,Gupta Store,Ahmedabad,1,2015-02-24
4298,Singh Distributors,Chennai,5,2017-12-13
4299,Murugan Emporium,Vellore,4,2016-02-09
4300,Gupta Distributors,Hyderabad,4,2025-05-07
4301,Joshi Emporium,Hyderabad,1,2016-04-20
4302,Kapoor Retail,Coimbatore,2,2023-08-10
4303,Verma Wholesale,Bhopal,1,2019-02-21
4304,Patel Store,Indore,4,2021-04-03
4305,Natarajan Ventures,Madurai,5,2026-01-29
4306,Verma Enterprises,Salem,3,2024-08-25
4307,Iyengar Wholesale,Delhi,5,2020-09-03
4308,Subramaniam Emporium,Pune,4,2024-05-25
4309,Chandrasekar Wholesale,Mysuru,4,2019-11-12
4310,Bhatt Traders,Madurai,2,2017-09-01
4311,Subramaniam Store,Salem,4,2023-04-11
4312,Mudaliar Retail,Ahmedabad,4,2021-09-23
4313,Trivedi Hub,Coimbatore,2,2019-02-16
4314,Natarajan Enterprises,Vijayawada,3,2021-04-08
4315,Trivedi Wholesale,Tiruchirappalli,4,2023-06-18
4316,Rangan Hub,Vijayawada,5,2019-10-13
4317,Annamalai Enterprises,Vijayawada,3,2016-11-10
4318,Pillai Store,Madurai,2,2020-10-26
4319,Verma Hub,Kochi,3,2020-08-01
4320,Sivaraman Wholesale,Nagpur,2,2015-04-25
4321,Mishra Enterprises,Lucknow,3,2016-05-08
4322,Rangan Mart,Tiruchirappalli,5,2021-12-25
4323,Gounder Retail,Salem,4,2015-12-16
4324,Subramaniam Ventures,Salem,5,2019-07-01
4325,Annamalai Enterprises,Kochi,4,2021-01-11
4326,Joshi Distributors,Thiruvananthapuram,3,2019-05-23
4327,Chandrasekar Mart,Visakhapatnam,1,2026-04-27
4328,Naidu Store,Hyderabad,3,2016-02-05
4329,Pandey Distributors,Jaipur,2,2024-08-03
4330,Trivedi Traders,Madurai,3,2019-07-17
4331,Pandey Mart,Surat,4,2018-10-06
4332,Menon Distributors,Lucknow,2,2015-10-10
4333,Annamalai Retail,Kochi,5,2025-09-06
4334,Bansal Enterprises,Jaipur,5,2018-04-27
4335,Kulkarni Hub,Pune,3,2015-09-06
4336,Raj Ventures,Lucknow,3,2016-07-30
4337,Deshpande Distributors,Coimbatore,5,2017-03-31
4338,Pandian Traders,Mysuru,2,2015-04-15
4339,Nair Traders,Chandigarh,2,2015-07-13
4340,Ramanathan Store,Kochi,3,2021-03-23
4341,Naidu Enterprises,Vijayawada,5,2022-11-12
4342,Singh Distributors,Vijayawada,3,2025-10-05
4343,Kulkarni Distributors,Nagpur,4,2021-02-20
4344,Malhotra Distributors,Visakhapatnam,1,2016-09-01
4345,Rao Distributors,Chandigarh,2,2025-10-03
4346,Pandian Hub,Kochi,2,2025-04-10
4347,Bhatt Hub,Jaipur,5,2025-04-03
4348,Pandian Distributors,Mumbai,4,2021-07-12
4349,Rajan Ventures,Visakhapatnam,4,2015-08-27
4350,Bhatt Retail,Mysuru,2,2023-06-18
4351,Mudaliar Hub,Lucknow,3,2019-06-07
4352,Menon Store,Lucknow,2,2025-04-30
4353,Mudaliar Hub,Tiruchirappalli,5,2023-01-29
4354,Rao Wholesale,Pune,2,2024-10-25
4355,Mudaliar Emporium,Madurai,5,2021-01-18
4356,Annamalai Ventures,Chandigarh,4,2017-02-25
4357,Menon Store,Kochi,2,2025-02-04
4358,Raj Hub,Visakhapatnam,2,2016-07-15
4359,Thiagarajan Retail,Kochi,1,2026-05-12
4360,Chettiar Retail,Chandigarh,5,2016-04-08
4361,Rao Ventures,Hyderabad,3,2018-06-01
4362,Singh Hub,Salem,5,2016-11-10
4363,Iyengar Hub,Delhi,4,2016-08-06
4364,Saxena Enterprises,Pune,5,2020-04-22
4365,Malhotra Traders,Vellore,1,2016-05-01
4366,Rangan Emporium,Bengaluru,5,2016-01-31
4367,Ramanathan Retail,Lucknow,2,2024-09-27
4368,Annamalai Store,Mumbai,4,2026-01-01
4369,Rangan Enterprises,Madurai,3,2017-11-27
4370,Kulkarni Enterprises,Nagpur,5,2022-06-11
4371,Singh Enterprises,Madurai,4,2016-02-20
4372,Iyer Wholesale,Coimbatore,2,2017-02-17
4373,Iyengar Wholesale,Bhopal,1,2019-12-05
4374,Venkatesan Store,Thiruvananthapuram,5,2018-03-26
4375,Desai Mart,Thiruvananthapuram,4,2019-11-18
4376,Rajan Traders,Chandigarh,5,2023-12-27
4377,Subramaniam Enterprises,Lucknow,5,2026-06-09
4378,Sundaram Ventures,Ahmedabad,2,2026-01-18
4379,Patel Distributors,Kochi,2,2025-10-15
4380,Ramanathan Store,Coimbatore,4,2017-11-29
4381,Rangan Emporium,Pune,3,2023-05-03
4382,Balasubramaniam Distributors,Vijayawada,3,2016-10-11
4383,Balasubramaniam Emporium,Vellore,2,2026-06-07
4384,Reddy Emporium,Jaipur,5,2022-09-23
4385,Saxena Mart,Delhi,3,2021-09-09
4386,Trivedi Traders,Mumbai,3,2026-02-16
4387,Singh Ventures,Bengaluru,1,2019-09-26
4388,Gupta Retail,Mysuru,4,2020-12-09
4389,Desai Retail,Mumbai,3,2024-12-23
4390,Shetty Hub,Coimbatore,4,2022-07-19
4391,Murugan Wholesale,Jaipur,5,2022-02-22
4392,Bansal Ventures,Ahmedabad,1,2016-11-09
4393,Subramaniam Distributors,Hyderabad,4,2020-02-16
4394,Trivedi Traders,Mysuru,2,2021-08-01
4395,Reddy Wholesale,Pune,3,2023-01-01
4396,Menon Store,Hyderabad,1,2016-11-08
4397,Verma Store,Kolkata,4,2017-03-09
4398,Deshpande Emporium,Mumbai,4,2020-03-26
4399,Sundaram Ventures,Bhopal,1,2018-01-09
4400,Annamalai Distributors,Salem,5,2022-08-14
4401,Naidu Distributors,Delhi,1,2018-07-08
4402,Chatterjee Store,Chennai,1,2017-01-20
4403,Mukherjee Traders,Tiruchirappalli,1,2021-05-05
4404,Shetty Wholesale,Tiruchirappalli,2,2018-05-11
4405,Pillai Hub,Bhopal,4,2016-08-31
4406,Nair Ventures,Pune,4,2025-09-27
4407,Venkatesan Ventures,Vellore,5,2024-02-02
4408,Balasubramaniam Enterprises,Mumbai,2,2017-07-12
4409,Chettiar Ventures,Nagpur,5,2019-03-27
4410,Mukherjee Emporium,Salem,3,2024-03-28
4411,Agarwal Ventures,Visakhapatnam,4,2019-07-03
4412,Iyengar Emporium,Delhi,4,2017-05-22
4413,Subramaniam Retail,Bengaluru,2,2024-10-25
4414,Iyer Store,Chandigarh,1,2015-11-03
4415,Mishra Store,Kochi,4,2022-07-14
4416,Deshpande Distributors,Vijayawada,2,2017-01-10
4417,Shetty Mart,Lucknow,1,2016-06-24
4418,Sundaram Enterprises,Pune,4,2020-10-05
4419,Mudaliar Retail,Indore,4,2018-05-17
4420,Natarajan Retail,Indore,4,2020-11-09
4421,Kapoor Hub,Kochi,3,2025-07-19
4422,Patel Mart,Indore,1,2017-08-23
4423,Gupta Traders,Mumbai,3,2016-11-30
4424,Desai Wholesale,Bengaluru,1,2026-06-07
4425,Kulkarni Ventures,Salem,4,2017-06-01
4426,Rao Emporium,Hyderabad,3,2020-04-08
4427,Iyer Mart,Vellore,4,2018-11-05
4428,Iyengar Emporium,Tiruchirappalli,4,2017-08-30
4429,Venkatesan Retail,Visakhapatnam,1,2018-06-30
4430,Bansal Traders,Madurai,1,2016-08-24
4431,Kapoor Mart,Bhopal,5,2019-09-05
4432,Bhatt Store,Indore,3,2019-03-13
4433,Reddy Wholesale,Surat,4,2025-07-26
4434,Iyengar Store,Hyderabad,3,2021-11-16
4435,Mehta Retail,Indore,5,2023-06-21
4436,Singh Emporium,Coimbatore,5,2023-09-07
4437,Rao Retail,Bengaluru,1,2015-06-29
4438,Gupta Mart,Salem,5,2023-12-04
4439,Rangan Ventures,Madurai,2,2020-08-12
4440,Ramanathan Ventures,Kochi,5,2018-11-03
4441,Bose Wholesale,Vijayawada,2,2025-05-06
4442,Deshpande Ventures,Lucknow,4,2020-04-04
4443,Bose Enterprises,Surat,2,2015-03-29
4444,Ramanathan Ventures,Vellore,1,2017-12-28
4445,Pillai Traders,Ahmedabad,5,2017-12-02
4446,Trivedi Enterprises,Kolkata,2,2017-01-18
4447,Menon Traders,Nagpur,3,2021-07-25
4448,Iyer Enterprises,Bhopal,5,2021-06-29
4449,Singh Enterprises,Chennai,4,2018-04-03
4450,Kumar Store,Bhopal,2,2022-12-08
4451,Iyer Hub,Ahmedabad,3,2021-01-12
4452,Saxena Emporium,Pune,4,2018-12-12
4453,Subramaniam Store,Jaipur,2,2024-02-14
4454,Mehta Wholesale,Mysuru,5,2022-10-08
4455,Ramanathan Mart,Visakhapatnam,5,2019-12-13
4456,Sundaram Store,Mumbai,2,2022-08-03
4457,Krishnan Enterprises,Coimbatore,3,2016-07-10
4458,Mehta Wholesale,Vellore,1,2015-04-03
4459,Thiagarajan Enterprises,Ahmedabad,5,2015-01-22
4460,Rangan Mart,Bhopal,5,2021-06-28
4461,Patel Ventures,Nagpur,5,2018-10-27
4462,Reddy Wholesale,Kochi,5,2021-11-19
4463,Sivaraman Hub,Vellore,4,2020-12-30
4464,Gounder Ventures,Thiruvananthapuram,5,2015-07-06
4465,Nair Store,Mysuru,1,2019-06-27
4466,Patel Enterprises,Surat,2,2018-06-15
4467,Kapoor Retail,Coimbatore,4,2018-02-24
4468,Iyengar Mart,Salem,5,2026-02-12
4469,Raj Mart,Bengaluru,2,2026-03-29
4470,Mukherjee Traders,Kochi,4,2020-01-21
4471,Subramaniam Mart,Chandigarh,3,2016-12-02
4472,Reddy Retail,Thiruvananthapuram,3,2021-02-03
4473,Nair Hub,Kolkata,1,2024-10-21
4474,Bansal Distributors,Mumbai,1,2026-05-07
4475,Agarwal Mart,Jaipur,5,2016-11-03
4476,Agarwal Ventures,Mumbai,2,2019-03-07
4477,Annamalai Wholesale,Vellore,1,2020-11-21
4478,Rao Store,Chennai,3,2023-07-05
4479,Kumar Emporium,Vellore,4,2020-11-11
4480,Bose Enterprises,Pune,3,2026-06-18
4481,Trivedi Ventures,Bhopal,2,2020-05-22
4482,Reddy Distributors,Vellore,4,2023-11-02
4483,Agarwal Emporium,Ahmedabad,3,2019-06-04
4484,Nair Store,Madurai,5,2017-02-12
4485,Kapoor Distributors,Thiruvananthapuram,5,2024-09-16
4486,Chandrasekar Hub,Kochi,4,2024-05-26
4487,Rangan Traders,Pune,4,2025-07-23
4488,Mehta Enterprises,Vijayawada,5,2018-07-07
4489,Mukherjee Ventures,Pune,2,2025-12-21
4490,Mukherjee Enterprises,Chandigarh,3,2015-11-23
4491,Desai Emporium,Jaipur,3,2024-02-02
4492,Menon Hub,Hyderabad,4,2024-02-02
4493,Kapoor Traders,Nagpur,2,2017-11-12
4494,Malhotra Ventures,Lucknow,3,2018-12-21
4495,Reddy Retail,Nagpur,5,2026-08-09
4496,Deshpande Mart,Salem,5,2026-03-16
4497,Nair Distributors,Kolkata,3,2023-03-16
4498,Kumar Ventures,Mumbai,2,2019-07-02
4499,Raj Emporium,Pune,4,2015-10-07
4500,Balasubramaniam Traders,Chandigarh,3,2021-10-21
4501,Malhotra Enterprises,Thiruvananthapuram,1,2015-10-09
4502,Mukherjee Store,Pune,3,2025-10-19
4503,Sundaram Ventures,Mumbai,3,2020-01-05
4504,Saxena Emporium,Indore,2,2018-11-09
4505,Mudaliar Wholesale,Vijayawada,2,2022-03-27
4506,Rao Distributors,Pune,3,2021-09-13
4507,Kulkarni Wholesale,Chandigarh,3,2016-12-24
4508,Reddy Distributors,Hyderabad,5,2024-10-06
4509,Sharma Store,Indore,1,2021-05-09
4510,Chandrasekar Hub,Ahmedabad,1,2017-03-07
4511,Rao Traders,Chandigarh,3,2023-08-31
4512,Reddy Emporium,Bengaluru,3,2019-08-12
4513,Balasubramaniam Store,Indore,1,2021-10-22
4514,Krishnan Ventures,Surat,4,2017-11-04
4515,Bhatt Mart,Jaipur,4,2024-11-22
4516,Verma Wholesale,Kolkata,1,2019-07-25
4517,Pandey Hub,Madurai,3,2016-11-07
4518,Saxena Hub,Nagpur,1,2026-03-18
4519,Reddy Store,Vellore,4,2018-03-22
4520,Sundaram Mart,Bhopal,5,2026-01-18
4521,Kulkarni Retail,Ahmedabad,1,2024-08-28
4522,Pillai Retail,Visakhapatnam,2,2019-01-10
4523,Kulkarni Traders,Tiruchirappalli,4,2025-10-28
4524,Shetty Emporium,Surat,3,2024-10-19
4525,Rangan Store,Visakhapatnam,4,2019-03-29
4526,Pillai Ventures,Salem,1,2023-10-02
4527,Sundaram Distributors,Kochi,4,2016-01-14
4528,Sharma Store,Coimbatore,3,2017-06-17
4529,Mukherjee Distributors,Delhi,4,2022-11-25
4530,Joshi Ventures,Chennai,3,2015-07-09
4531,Patel Ventures,Bhopal,1,2023-03-17
4532,Balasubramaniam Enterprises,Jaipur,1,2026-05-08
4533,Pandey Ventures,Salem,1,2021-07-15
4534,Chopra Hub,Salem,4,2018-02-10
4535,Malhotra Ventures,Kochi,1,2020-05-14
4536,Iyer Mart,Tiruchirappalli,1,2016-02-27
4537,Bose Ventures,Bengaluru,1,2025-08-16
4538,Venkatesan Emporium,Indore,2,2020-12-27
4539,Gounder Hub,Lucknow,1,2018-08-31
4540,Natarajan Ventures,Mysuru,4,2015-10-02
4541,Naidu Retail,Vellore,3,2017-12-09
4542,Gupta Ventures,Delhi,3,2024-04-16
4543,Venkatesan Emporium,Ahmedabad,1,2018-06-25
4544,Gounder Traders,Kochi,3,2019-06-01
4545,Sundaram Emporium,Delhi,1,2022-07-04
4546,Mehta Wholesale,Jaipur,3,2017-04-14
4547,Krishnan Wholesale,Vellore,4,2015-10-19
4548,Pandian Retail,Jaipur,2,2019-06-19
4549,Sundaram Wholesale,Thiruvananthapuram,5,2017-10-20
4550,Pandey Enterprises,Thiruvananthapuram,1,2015-04-19
4551,Natarajan Ventures,Ahmedabad,1,2020-04-05
4552,Chettiar Store,Mysuru,5,2015-01-29
4553,Rajan Distributors,Kochi,2,2022-10-08
4554,Pandey Emporium,Madurai,2,2015-07-05
4555,Bhatt Hub,Delhi,2,2018-12-01
4556,Menon Traders,Salem,3,2015-08-18
4557,Sharma Distributors,Salem,3,2024-05-14
4558,Iyengar Emporium,Tiruchirappalli,2,2018-01-22
4559,Gounder Hub,Thiruvananthapuram,1,2022-04-18
4560,Shetty Store,Vellore,3,2017-07-28
4561,Pillai Mart,Visakhapatnam,1,2018-02-20
4562,Pillai Mart,Pune,2,2023-03-30
4563,Mukherjee Ventures,Bhopal,2,2026-03-07
4564,Reddy Wholesale,Visakhapatnam,1,2017-03-16
4565,Nair Distributors,Jaipur,1,2018-04-30
4566,Sivaraman Retail,Nagpur,5,2017-02-23
4567,Mehta Traders,Lucknow,4,2024-11-30
4568,Kapoor Distributors,Bengaluru,4,2020-06-25
4569,Sivaraman Ventures,Mumbai,4,2018-01-22
4570,Thiagarajan Hub,Visakhapatnam,2,2017-05-02
4571,Kumar Retail,Surat,3,2022-04-19
4572,Pandey Retail,Delhi,3,2015-06-30
4573,Mudaliar Wholesale,Chennai,5,2022-01-13
4574,Sharma Hub,Delhi,4,2018-06-13
4575,Agarwal Emporium,Bengaluru,4,2017-01-16
4576,Joshi Ventures,Delhi,1,2022-07-08
4577,Deshpande Traders,Vijayawada,4,2021-11-17
4578,Kumar Emporium,Kolkata,1,2019-06-13
4579,Pandian Emporium,Tiruchirappalli,5,2025-04-23
4580,Gounder Hub,Visakhapatnam,3,2019-10-30
4581,Sivaraman Traders,Madurai,2,2017-10-17
4582,Kapoor Retail,Visakhapatnam,4,2018-06-20
4583,Rangan Store,Chennai,3,2020-04-22
4584,Desai Hub,Pune,5,2017-02-21
4585,Mehta Wholesale,Pune,4,2019-02-10
4586,Gupta Retail,Ahmedabad,3,2026-01-28
4587,Naidu Traders,Chennai,1,2021-01-22
4588,Bhatt Mart,Mysuru,1,2015-07-24
4589,Reddy Ventures,Chennai,4,2024-03-31
4590,Murugan Emporium,Lucknow,4,2015-05-01
4591,Nair Wholesale,Kolkata,1,2019-05-01
4592,Desai Emporium,Bengaluru,1,2022-12-22
4593,Bhatt Retail,Hyderabad,5,2015-07-04
4594,Naidu Store,Coimbatore,1,2022-08-27
4595,Nair Distributors,Vellore,5,2017-08-21
4596,Chopra Store,Vijayawada,4,2023-06-12
4597,Mukherjee Distributors,Coimbatore,4,2019-09-05
4598,Mehta Wholesale,Nagpur,3,2018-07-27
4599,Ramanathan Enterprises,Chandigarh,4,2023-09-10
4600,Chopra Hub,Mumbai,1,2015-06-06
4601,Annamalai Distributors,Kolkata,2,2024-10-14
4602,Gounder Store,Tiruchirappalli,2,2021-02-27
4603,Deshpande Distributors,Chennai,3,2017-09-08
4604,Rajan Mart,Mumbai,5,2019-05-28
4605,Subramaniam Enterprises,Visakhapatnam,2,2019-10-28
4606,Thiagarajan Distributors,Bhopal,1,2025-01-14
4607,Verma Wholesale,Tiruchirappalli,2,2023-04-08
4608,Saxena Retail,Pune,3,2026-06-15
4609,Iyer Distributors,Lucknow,2,2022-06-17
4610,Balasubramaniam Distributors,Vellore,4,2024-11-02
4611,Iyer Retail,Kolkata,3,2025-03-02
4612,Kapoor Wholesale,Jaipur,5,2018-02-05
4613,Gounder Distributors,Chandigarh,3,2023-02-10
4614,Reddy Enterprises,Nagpur,1,2023-07-19
4615,Chandrasekar Ventures,Visakhapatnam,1,2017-10-11
4616,Mudaliar Distributors,Mysuru,1,2024-10-18
4617,Murugan Distributors,Lucknow,3,2023-04-23
4618,Singh Store,Kochi,3,2022-08-06
4619,Kulkarni Wholesale,Mysuru,4,2025-03-04
4620,Deshpande Ventures,Salem,5,2025-05-30
4621,Malhotra Distributors,Nagpur,2,2021-01-06
4622,Malhotra Enterprises,Coimbatore,5,2025-04-05
4623,Pillai Wholesale,Hyderabad,3,2016-04-18
4624,Balasubramaniam Mart,Ahmedabad,5,2019-08-30
4625,Venkatesan Retail,Mumbai,2,2015-04-06
4626,Kapoor Emporium,Kolkata,1,2024-05-22
4627,Krishnan Emporium,Salem,2,2024-10-29
4628,Gupta Ventures,Delhi,3,2021-06-26
4629,Rao Ventures,Pune,1,2025-12-19
4630,Kumar Ventures,Chennai,1,2021-10-24
4631,Chopra Traders,Mumbai,3,2017-07-11
4632,Naidu Wholesale,Coimbatore,3,2022-05-21
4633,Singh Wholesale,Chandigarh,2,2017-10-01
4634,Annamalai Ventures,Salem,5,2018-01-15
4635,Mudaliar Mart,Chennai,4,2022-07-29
4636,Naidu Emporium,Jaipur,5,2018-01-10
4637,Trivedi Enterprises,Indore,5,2016-01-01
4638,Verma Store,Bhopal,2,2015-06-27
4639,Balasubramaniam Mart,Pune,4,2018-05-18
4640,Chettiar Traders,Kolkata,5,2021-06-12
4641,Raj Emporium,Nagpur,5,2026-07-27
4642,Sundaram Distributors,Hyderabad,1,2015-07-16
4643,Bansal Hub,Mysuru,4,2026-08-08
4644,Patel Enterprises,Coimbatore,2,2018-10-04
4645,Pillai Traders,Kolkata,2,2023-02-01
4646,Joshi Distributors,Jaipur,1,2018-01-15
4647,Chettiar Traders,Bhopal,4,2026-03-18
4648,Mukherjee Enterprises,Kochi,2,2018-05-18
4649,Mukherjee Distributors,Coimbatore,2,2018-10-31
4650,Venkatesan Retail,Tiruchirappalli,2,2025-12-10
4651,Pillai Wholesale,Coimbatore,5,2020-09-29
4652,Shetty Emporium,Indore,5,2026-01-08
4653,Chopra Mart,Surat,5,2018-04-14
4654,Shetty Wholesale,Visakhapatnam,1,2018-09-26
4655,Ramanathan Emporium,Hyderabad,4,2017-11-04
4656,Sundaram Hub,Kochi,2,2023-06-11
4657,Shetty Distributors,Jaipur,5,2016-11-09
4658,Mehta Store,Visakhapatnam,2,2021-02-16
4659,Pandey Store,Bengaluru,4,2023-03-17
4660,Iyer Emporium,Pune,3,2021-02-07
4661,Pandey Hub,Thiruvananthapuram,5,2020-07-22
4662,Gounder Emporium,Bhopal,2,2020-10-22
4663,Chopra Ventures,Madurai,3,2020-08-29
4664,Reddy Retail,Madurai,3,2019-04-22
4665,Reddy Hub,Vijayawada,2,2023-12-19
4666,Shetty Store,Salem,4,2021-11-28
4667,Krishnan Ventures,Chennai,3,2026-01-12
4668,Balasubramaniam Store,Lucknow,5,2019-01-01
4669,Reddy Mart,Pune,4,2020-08-23
4670,Pandey Traders,Nagpur,1,2019-09-03
4671,Singh Retail,Pune,1,2022-09-27
4672,Murugan Traders,Bhopal,1,2023-10-21
4673,Pillai Traders,Mumbai,5,2022-06-25
4674,Iyengar Emporium,Nagpur,4,2017-03-03
4675,Verma Wholesale,Vijayawada,3,2025-06-19
4676,Chettiar Retail,Mysuru,1,2025-04-14
4677,Chettiar Enterprises,Thiruvananthapuram,2,2019-08-17
4678,Iyer Distributors,Thiruvananthapuram,4,2025-08-05
4679,Balasubramaniam Enterprises,Delhi,2,2017-07-25
4680,Chettiar Wholesale,Delhi,1,2026-04-13
4681,Subramaniam Store,Jaipur,4,2021-04-26
4682,Naidu Distributors,Chandigarh,5,2019-01-29
4683,Chettiar Emporium,Ahmedabad,5,2025-06-26
4684,Kulkarni Traders,Chennai,4,2016-11-02
4685,Balasubramaniam Enterprises,Bengaluru,4,2017-08-29
4686,Chatterjee Wholesale,Indore,1,2023-02-18
4687,Naidu Retail,Visakhapatnam,5,2021-05-01
4688,Pillai Wholesale,Madurai,5,2020-08-28
4689,Singh Wholesale,Vijayawada,2,2017-06-02
4690,Iyer Retail,Delhi,3,2019-06-27
4691,Rajan Emporium,Mysuru,2,2023-04-04
4692,Patel Distributors,Pune,2,2024-10-12
4693,Ramanathan Wholesale,Mysuru,5,2023-07-03
4694,Agarwal Emporium,Visakhapatnam,2,2017-07-02
4695,Chopra Retail,Madurai,1,2020-09-13
4696,Mudaliar Hub,Ahmedabad,4,2024-10-21
4697,Sundaram Hub,Kochi,1,2018-12-23
4698,Natarajan Ventures,Delhi,2,2018-04-26
4699,Nair Ventures,Surat,1,2022-08-15
4700,Mehta Store,Kolkata,2,2015-10-01
4701,Natarajan Ventures,Madurai,3,2023-07-03
4702,Mukherjee Retail,Vellore,4,2018-12-17
4703,Ramanathan Hub,Lucknow,3,2015-08-28
4704,Subramaniam Store,Chandigarh,1,2015-11-30
4705,Menon Store,Jaipur,2,2021-10-23
4706,Naidu Hub,Vellore,3,2017-08-25
4707,Kapoor Enterprises,Vellore,3,2022-11-30
4708,Pillai Store,Jaipur,2,2020-10-20
4709,Trivedi Ventures,Nagpur,4,2018-12-28
4710,Menon Ventures,Hyderabad,4,2024-12-13
4711,Malhotra Ventures,Lucknow,3,2018-01-30
4712,Raj Enterprises,Lucknow,5,2020-11-15
4713,Bhatt Distributors,Lucknow,4,2018-08-17
4714,Krishnan Enterprises,Jaipur,3,2015-01-04
4715,Desai Ventures,Salem,3,2019-08-25
4716,Naidu Store,Thiruvananthapuram,2,2021-08-14
4717,Mukherjee Ventures,Ahmedabad,2,2015-01-17
4718,Joshi Ventures,Thiruvananthapuram,4,2018-08-28
4719,Venkatesan Hub,Tiruchirappalli,2,2022-06-20
4720,Deshpande Enterprises,Kolkata,1,2019-08-24
4721,Desai Traders,Thiruvananthapuram,3,2024-01-02
4722,Chandrasekar Emporium,Salem,3,2024-10-10
4723,Bhatt Traders,Nagpur,4,2023-12-04
4724,Reddy Hub,Pune,2,2026-06-18
4725,Iyer Wholesale,Visakhapatnam,4,2018-06-16
4726,Sivaraman Wholesale,Ahmedabad,2,2015-02-10
4727,Mukherjee Enterprises,Delhi,3,2017-11-10
4728,Balasubramaniam Store,Hyderabad,2,2017-03-14
4729,Deshpande Hub,Hyderabad,3,2021-06-16
4730,Kumar Traders,Kolkata,4,2018-05-15
4731,Desai Enterprises,Hyderabad,2,2021-09-07
4732,Deshpande Ventures,Pune,1,2021-12-24
4733,Venkatesan Ventures,Visakhapatnam,5,2017-03-19
4734,Rao Traders,Lucknow,1,2021-08-12
4735,Desai Ventures,Tiruchirappalli,5,2017-02-18
4736,Krishnan Store,Kochi,1,2022-07-14
4737,Patel Enterprises,Ahmedabad,5,2024-10-24
4738,Gounder Mart,Surat,5,2022-01-16
4739,Singh Ventures,Kolkata,2,2015-08-15
4740,Iyer Emporium,Pune,1,2023-01-26
4741,Malhotra Ventures,Chandigarh,1,2015-11-12
4742,Raj Emporium,Lucknow,2,2016-12-31
4743,Annamalai Hub,Bhopal,3,2018-08-05
4744,Rao Ventures,Tiruchirappalli,4,2025-08-02
4745,Iyer Ventures,Visakhapatnam,3,2022-12-12
4746,Iyengar Retail,Coimbatore,4,2021-07-24
4747,Gupta Traders,Kochi,3,2024-11-30
4748,Desai Retail,Delhi,3,2016-06-10
4749,Natarajan Enterprises,Visakhapatnam,3,2025-04-08
4750,Shetty Ventures,Nagpur,2,2022-12-29
4751,Sharma Traders,Nagpur,4,2025-09-04
4752,Mehta Distributors,Lucknow,5,2020-08-25
4753,Malhotra Distributors,Mysuru,2,2019-12-21
4754,Saxena Ventures,Chennai,5,2017-03-01
4755,Rangan Mart,Pune,1,2025-06-02
4756,Ramanathan Mart,Jaipur,4,2015-03-17
4757,Mudaliar Enterprises,Vijayawada,4,2026-04-14
4758,Gounder Store,Thiruvananthapuram,3,2019-04-02
4759,Balasubramaniam Hub,Chennai,4,2024-11-05
4760,Subramaniam Hub,Bengaluru,4,2022-09-05
4761,Deshpande Emporium,Indore,5,2024-05-28
4762,Rajan Traders,Tiruchirappalli,4,2022-09-06
4763,Murugan Hub,Tiruchirappalli,3,2017-11-22
4764,Deshpande Traders,Jaipur,4,2024-12-20
4765,Krishnan Ventures,Mysuru,3,2018-05-13
4766,Chatterjee Emporium,Chennai,5,2018-10-03
4767,Pandian Retail,Visakhapatnam,1,2025-07-20
4768,Balasubramaniam Emporium,Thiruvananthapuram,2,2018-11-05
4769,Chandrasekar Store,Chennai,4,2017-06-06
4770,Balasubramaniam Enterprises,Kolkata,2,2017-08-11
4771,Chatterjee Store,Kochi,4,2022-11-24
4772,Mukherjee Traders,Mysuru,5,2018-04-03
4773,Trivedi Enterprises,Thiruvananthapuram,2,2018-11-25
4774,Verma Traders,Lucknow,4,2024-06-25
4775,Malhotra Emporium,Chennai,3,2023-01-02
4776,Chettiar Enterprises,Jaipur,3,2017-05-12
4777,Singh Retail,Nagpur,3,2015-05-05
4778,Reddy Store,Delhi,2,2020-07-08
4779,Saxena Hub,Jaipur,2,2020-07-14
4780,Pillai Ventures,Jaipur,2,2017-05-14
4781,Bhatt Enterprises,Chandigarh,1,2015-11-10
4782,Sharma Wholesale,Ahmedabad,2,2024-08-20
4783,Ramanathan Wholesale,Madurai,4,2017-08-26
4784,Menon Ventures,Tiruchirappalli,4,2015-12-14
4785,Thiagarajan Mart,Coimbatore,3,2020-03-13
4786,Kumar Retail,Kolkata,1,2017-05-24
4787,Kapoor Distributors,Vijayawada,5,2022-08-18
4788,Nair Retail,Kochi,3,2018-05-03
4789,Sharma Hub,Kolkata,5,2026-01-11
4790,Chandrasekar Retail,Delhi,3,2017-09-02
4791,Trivedi Emporium,Vijayawada,4,2017-12-03
4792,Menon Retail,Madurai,4,2015-06-26
4793,Patel Emporium,Visakhapatnam,1,2017-08-19
4794,Mukherjee Hub,Hyderabad,3,2016-11-20
4795,Raj Enterprises,Visakhapatnam,5,2022-10-03
4796,Sharma Mart,Coimbatore,4,2017-04-03
4797,Sundaram Store,Vijayawada,5,2018-12-12
4798,Menon Distributors,Vellore,1,2017-08-09
4799,Chopra Store,Madurai,4,2023-09-03
4800,Gupta Hub,Mumbai,1,2023-05-23
4801,Joshi Ventures,Delhi,5,2015-07-20
4802,Chettiar Retail,Tiruchirappalli,4,2017-02-06
4803,Venkatesan Emporium,Bengaluru,1,2025-09-04
4804,Shetty Emporium,Lucknow,3,2024-08-21
4805,Pandian Retail,Kolkata,3,2026-03-23
4806,Desai Mart,Mysuru,3,2026-03-02
4807,Pillai Retail,Madurai,1,2022-09-13
4808,Subramaniam Wholesale,Nagpur,1,2017-04-10
4809,Mukherjee Distributors,Jaipur,4,2016-04-25
4810,Rajan Mart,Delhi,3,2018-05-06
4811,Nair Retail,Ahmedabad,4,2023-05-07
4812,Saxena Wholesale,Chandigarh,4,2020-12-24
4813,Chatterjee Retail,Surat,3,2016-05-26
4814,Venkatesan Enterprises,Mumbai,2,2021-07-25
4815,Annamalai Enterprises,Mysuru,5,2024-06-06
4816,Mishra Enterprises,Jaipur,2,2023-11-26
4817,Patel Distributors,Delhi,3,2016-04-23
4818,Shetty Wholesale,Chandigarh,4,2015-10-02
4819,Pillai Mart,Tiruchirappalli,3,2018-09-20
4820,Deshpande Wholesale,Salem,1,2017-01-17
4821,Iyer Wholesale,Surat,5,2025-02-20
4822,Iyengar Ventures,Chennai,4,2017-02-23
4823,Malhotra Emporium,Nagpur,1,2021-03-14
4824,Raj Wholesale,Kolkata,2,2023-09-27
4825,Natarajan Distributors,Jaipur,1,2025-02-03
4826,Mishra Mart,Thiruvananthapuram,2,2017-10-05
4827,Iyer Hub,Ahmedabad,1,2025-04-02
4828,Pandian Traders,Hyderabad,4,2021-08-29
4829,Sundaram Ventures,Chandigarh,5,2017-07-29
4830,Menon Retail,Thiruvananthapuram,1,2021-12-31
4831,Rajan Store,Coimbatore,5,2025-09-26
4832,Pandian Traders,Coimbatore,1,2017-02-09
4833,Rangan Wholesale,Vellore,3,2018-09-10
4834,Subramaniam Emporium,Chandigarh,5,2016-01-18
4835,Pillai Mart,Coimbatore,2,2019-03-22
4836,Pandian Distributors,Thiruvananthapuram,2,2021-10-12
4837,Iyer Enterprises,Coimbatore,4,2020-09-02
4838,Nair Traders,Delhi,2,2020-12-21
4839,Mudaliar Wholesale,Bhopal,4,2020-08-18
4840,Chettiar Retail,Chennai,5,2023-01-05
4841,Chettiar Ventures,Kochi,5,2018-01-10
4842,Kumar Emporium,Nagpur,2,2025-07-18
4843,Venkatesan Mart,Kolkata,5,2017-07-27
4844,Pandian Store,Thiruvananthapuram,1,2021-08-07
4845,Iyer Distributors,Kolkata,3,2022-11-01
4846,Shetty Retail,Bhopal,2,2023-04-22
4847,Trivedi Hub,Madurai,4,2023-11-08
4848,Trivedi Retail,Bengaluru,3,2023-06-14
4849,Naidu Traders,Ahmedabad,3,2023-02-04
4850,Chandrasekar Ventures,Vijayawada,5,2016-06-16
4851,Ramanathan Ventures,Thiruvananthapuram,1,2021-06-03
4852,Agarwal Retail,Ahmedabad,5,2019-03-03
4853,Reddy Emporium,Indore,4,2022-07-14
4854,Raj Retail,Kochi,2,2022-12-14
4855,Rangan Distributors,Hyderabad,3,2020-03-04
4856,Pillai Enterprises,Madurai,5,2020-02-23
4857,Chatterjee Traders,Nagpur,5,2023-11-04
4858,Subramaniam Mart,Mumbai,4,2016-11-25
4859,Gounder Wholesale,Bengaluru,4,2016-05-13
4860,Balasubramaniam Distributors,Ahmedabad,3,2018-10-19
4861,Kulkarni Retail,Vellore,5,2017-09-03
4862,Reddy Store,Kochi,4,2021-08-28
4863,Balasubramaniam Ventures,Mysuru,3,2020-09-13
4864,Nair Retail,Tiruchirappalli,4,2024-02-22
4865,Shetty Retail,Vellore,5,2024-04-28
4866,Nair Retail,Kochi,4,2024-10-23
4867,Verma Mart,Mumbai,1,2023-11-16
4868,Chandrasekar Distributors,Nagpur,3,2024-01-09
4869,Chopra Retail,Kochi,3,2018-08-11
4870,Patel Distributors,Pune,5,2019-11-02
4871,Chandrasekar Mart,Jaipur,3,2015-01-08
4872,Chandrasekar Emporium,Chandigarh,5,2024-08-20
4873,Joshi Ventures,Delhi,4,2017-01-17
4874,Trivedi Retail,Chennai,1,2025-07-06
4875,Pillai Enterprises,Jaipur,1,2023-06-23
4876,Chandrasekar Retail,Tiruchirappalli,2,2026-04-05
4877,Menon Hub,Jaipur,4,2022-11-19
4878,Natarajan Wholesale,Pune,1,2021-12-19
4879,Subramaniam Mart,Surat,4,2021-04-26
4880,Chatterjee Traders,Bhopal,3,2016-09-04
4881,Pandey Store,Hyderabad,3,2023-10-06
4882,Chettiar Traders,Nagpur,1,2020-07-03
4883,Natarajan Store,Hyderabad,4,2016-11-06
4884,Mehta Store,Bhopal,3,2017-12-01
4885,Reddy Wholesale,Mumbai,4,2024-02-10
4886,Trivedi Traders,Pune,1,2025-03-07
4887,Saxena Distributors,Coimbatore,5,2015-02-25
4888,Rao Retail,Chennai,4,2015-10-07
4889,Murugan Distributors,Coimbatore,1,2019-02-28
4890,Saxena Emporium,Surat,3,2019-08-04
4891,Krishnan Traders,Delhi,2,2019-03-01
4892,Shetty Distributors,Jaipur,4,2015-06-01
4893,Trivedi Emporium,Lucknow,1,2021-08-08
4894,Kulkarni Retail,Surat,3,2022-08-26
4895,Balasubramaniam Hub,Surat,2,2023-11-19
4896,Balasubramaniam Store,Indore,5,2020-02-02
4897,Reddy Mart,Coimbatore,2,2019-12-23
4898,Annamalai Traders,Indore,5,2018-11-24
4899,Sivaraman Traders,Nagpur,1,2025-11-17
4900,Venkatesan Emporium,Kolkata,2,2017-04-23
4901,Chatterjee Emporium,Hyderabad,5,2021-03-13
4902,Nair Enterprises,Delhi,5,2018-06-18
4903,Natarajan Mart,Chennai,5,2020-01-05
4904,Sharma Mart,Surat,2,2021-05-14
4905,Chandrasekar Store,Nagpur,2,2020-06-24
4906,Bhatt Ventures,Pune,3,2018-08-04
4907,Menon Distributors,Thiruvananthapuram,5,2026-05-12
4908,Singh Retail,Bengaluru,3,2015-01-13
4909,Singh Mart,Mysuru,4,2026-06-28
4910,Desai Retail,Nagpur,4,2016-08-29
4911,Krishnan Traders,Salem,3,2025-11-20
4912,Saxena Ventures,Madurai,3,2023-09-16
4913,Kapoor Ventures,Vijayawada,1,2015-07-04
4914,Patel Traders,Nagpur,3,2024-04-11
4915,Iyengar Hub,Chandigarh,2,2018-06-24
4916,Pillai Emporium,Surat,5,2024-11-28
4917,Malhotra Emporium,Vijayawada,3,2017-07-11
4918,Mukherjee Enterprises,Kochi,1,2021-09-12
4919,Subramaniam Mart,Mumbai,3,2024-06-06
4920,Kapoor Store,Ahmedabad,4,2015-05-14
4921,Kulkarni Enterprises,Vellore,5,2025-05-14
4922,Sivaraman Wholesale,Chennai,1,2017-03-23
4923,Rangan Store,Visakhapatnam,4,2024-08-11
4924,Mudaliar Enterprises,Pune,5,2017-07-11
4925,Kapoor Mart,Salem,5,2023-08-18
4926,Sivaraman Retail,Vellore,3,2016-04-21
4927,Bose Traders,Surat,5,2022-12-15
4928,Rao Ventures,Ahmedabad,3,2015-09-17
4929,Chopra Mart,Indore,3,2023-10-02
4930,Naidu Enterprises,Mysuru,3,2021-07-04
4931,Kumar Emporium,Tiruchirappalli,5,2018-05-04
4932,Shetty Emporium,Indore,2,2024-12-28
4933,Pandian Distributors,Mumbai,4,2020-02-18
4934,Joshi Store,Delhi,2,2021-03-07
4935,Mehta Enterprises,Lucknow,3,2023-10-21
4936,Kulkarni Retail,Chandigarh,2,2015-03-06
4937,Chettiar Retail,Mysuru,1,2022-10-21
4938,Annamalai Wholesale,Coimbatore,2,2023-04-07
4939,Pandian Store,Tiruchirappalli,1,2025-02-02
4940,Rangan Store,Ahmedabad,3,2016-09-16
4941,Deshpande Enterprises,Bhopal,5,2023-01-23
4942,Raj Store,Coimbatore,4,2017-01-02
4943,Nair Wholesale,Coimbatore,3,2025-06-17
4944,Nair Hub,Indore,5,2023-10-06
4945,Nair Distributors,Kochi,2,2020-10-19
4946,Subramaniam Enterprises,Thiruvananthapuram,3,2021-02-13
4947,Kumar Emporium,Coimbatore,3,2020-05-13
4948,Trivedi Hub,Mysuru,2,2018-07-27
4949,Shetty Traders,Salem,1,2025-08-18
4950,Pandey Enterprises,Bengaluru,5,2019-04-05
4951,Rajan Distributors,Nagpur,1,2024-01-31
4952,Bose Hub,Lucknow,5,2018-03-01
4953,Ramanathan Emporium,Vijayawada,4,2019-08-19
4954,Natarajan Ventures,Visakhapatnam,1,2016-02-08
4955,Kumar Store,Chandigarh,4,2026-02-06
4956,Malhotra Store,Visakhapatnam,1,2023-11-07
4957,Agarwal Ventures,Visakhapatnam,4,2025-10-22
4958,Sharma Hub,Mysuru,1,2025-08-19
4959,Verma Hub,Kolkata,5,2025-02-16
4960,Verma Hub,Bhopal,5,2025-08-13
4961,Verma Wholesale,Bengaluru,3,2019-04-14
4962,Annamalai Hub,Pune,4,2020-07-02
4963,Reddy Mart,Pune,3,2016-09-24
4964,Rao Ventures,Mumbai,1,2016-08-23
4965,Natarajan Store,Mysuru,5,2023-09-02
4966,Thiagarajan Ventures,Vellore,4,2017-07-21
4967,Iyer Wholesale,Chandigarh,3,2016-03-22
4968,Murugan Retail,Hyderabad,4,2022-01-31
4969,Balasubramaniam Traders,Chandigarh,5,2026-02-05
4970,Pandian Retail,Mysuru,3,2023-04-19
4971,Joshi Wholesale,Kolkata,4,2023-02-01
4972,Mudaliar Wholesale,Kochi,3,2017-05-09
4973,Ramanathan Wholesale,Ahmedabad,1,2022-01-06
4974,Ramanathan Traders,Chandigarh,3,2017-03-20
4975,Singh Enterprises,Chennai,1,2019-07-15
4976,Venkatesan Mart,Coimbatore,5,2016-05-09
4977,Mishra Hub,Bengaluru,2,2017-04-21
4978,Krishnan Retail,Nagpur,3,2024-07-24
4979,Chopra Enterprises,Kochi,5,2024-07-25
4980,Mudaliar Retail,Bengaluru,2,2015-03-29
4981,Chettiar Wholesale,Hyderabad,3,2015-08-06
4982,Nair Distributors,Bhopal,1,2022-01-04
4983,Ramanathan Ventures,Surat,4,2025-02-07
4984,Pandian Hub,Chandigarh,3,2018-03-13
4985,Murugan Emporium,Salem,2,2023-01-01
4986,Iyer Enterprises,Bhopal,4,2024-04-28
4987,Saxena Traders,Mumbai,5,2024-04-28
4988,Sundaram Distributors,Madurai,4,2017-06-23
4989,Joshi Store,Visakhapatnam,1,2022-12-25
4990,Sivaraman Emporium,Vellore,3,2018-10-27
4991,Kapoor Emporium,Mumbai,5,2020-05-30
4992,Venkatesan Distributors,Lucknow,3,2022-06-28
4993,Krishnan Distributors,Lucknow,2,2024-01-18
4994,Menon Ventures,Bhopal,4,2026-02-23
4995,Mudaliar Mart,Mumbai,4,2021-08-25
4996,Iyer Wholesale,Bhopal,1,2026-06-29
4997,Bose Mart,Kolkata,4,2015-11-10
4998,Kumar Enterprises,Jaipur,2,2020-09-15
4999,Pillai Emporium,Mysuru,5,2023-04-18
5000,Desai Ventures,Chandigarh,4,2016-02-07
