ShippingID,OrderID,AgentID,Courier,TrackingID,ShippedDate,DeliveredDate,ShippingStatus
1,4946,533,India Post,IND562041627,2023-05-02,2023-05-12,In Transit
2,4222,2445,Shadowfax,SHA978757086,2024-04-27,2024-05-03,Shipped
3,1800,3461,DTDC,DTD136939071,2022-02-12,2022-02-15,Delayed
4,3831,641,Delhivery,DEL604703873,2022-10-22,2022-10-23,Out for Delivery
5,3320,1193,Ecom Express,ECO482044984,2023-07-03,2023-07-11,Shipped
6,2539,652,Ecom Express,ECO344879040,2021-06-06,2021-06-07,Order Placed
7,1849,401,Ecom Express,ECO579482717,2023-12-14,2023-12-15,Returned
8,1623,1763,Ecom Express,ECO645448456,2024-01-11,2024-01-13,Delayed
9,366,2430,BlueDart,BLU727124217,2022-06-21,2022-06-26,Delivered
10,2810,963,India Post,IND239451572,2025-03-31,2025-04-07,Returned
11,4076,4860,XpressBees,XPR659541078,2026-07-20,2026-07-22,In Transit
12,4538,1553,Delhivery,DEL955662937,2024-03-13,2024-03-20,Out for Delivery
13,3180,3822,Shadowfax,SHA411286752,2022-02-07,2022-02-12,Delivered
14,1002,2378,Ecom Express,ECO318206488,2021-11-22,2021-11-23,Returned
15,2554,536,XpressBees,XPR892992241,2023-10-26,2023-10-28,In Transit
16,1712,3272,Delhivery,DEL131661630,2021-06-09,2021-06-16,In Transit
17,1185,3268,XpressBees,XPR862790350,2021-12-18,2021-12-27,Shipped
18,2987,728,India Post,IND746893827,2025-04-23,2025-05-02,In Transit
19,4856,1273,DTDC,DTD250047275,2022-12-20,2022-12-23,Order Placed
20,2032,3066,Delhivery,DEL141888852,2021-06-01,2021-06-08,Delivered
21,4328,4839,Delhivery,DEL180277094,2023-09-20,2023-09-29,Delayed
22,3085,242,Shadowfax,SHA910413165,2023-06-02,2023-06-12,Delayed
23,801,151,XpressBees,XPR928431828,2024-09-20,2024-09-24,Delivered
24,27,91,India Post,IND661532135,2020-11-01,2020-11-11,In Transit
25,624,3583,DTDC,DTD927187198,2021-08-21,2021-08-28,Out for Delivery
26,400,148,FedEx,FED790447025,2024-11-15,2024-11-22,Order Placed
27,1423,1754,Ecom Express,ECO212837169,2024-10-27,2024-11-02,Returned
28,1680,365,DTDC,DTD292986015,2020-06-12,2020-06-20,Shipped
29,3320,2813,Delhivery,DEL206497694,2023-10-20,2023-10-27,Delayed
30,4678,657,Shadowfax,SHA833994045,2022-11-11,2022-11-21,Order Placed
31,662,1032,FedEx,FED605990116,2023-04-28,2023-04-30,Delayed
32,3014,240,DTDC,DTD971427580,2022-01-12,2022-01-18,Delivered
33,4592,4806,India Post,IND196238394,2020-03-06,2020-03-13,In Transit
34,3905,2265,XpressBees,XPR645032942,2021-10-07,2021-10-12,Returned
35,3636,50,India Post,IND305365010,2024-07-10,2024-07-14,Delayed
36,1639,4533,Ecom Express,ECO151015626,2024-04-09,2024-04-15,Shipped
37,3027,3519,BlueDart,BLU458132927,2020-02-27,2020-03-08,Order Placed
38,550,3008,Delhivery,DEL555197781,2020-11-23,2020-12-02,Order Placed
39,543,175,Delhivery,DEL164545502,2020-09-24,2020-09-28,Delivered
40,1484,3071,DTDC,DTD754539041,2021-11-15,2021-11-24,Out for Delivery
41,1209,2273,BlueDart,BLU457249994,2020-02-03,2020-02-09,Delivered
42,1074,1738,Shadowfax,SHA472946078,2025-07-11,2025-07-18,Out for Delivery
43,2780,4371,India Post,IND404695378,2021-03-21,2021-03-22,Shipped
44,2257,3935,BlueDart,BLU657326337,2022-03-12,2022-03-16,Returned
45,4390,3791,Ecom Express,ECO353160984,2024-08-09,2024-08-17,Shipped
46,997,527,FedEx,FED606591314,2025-03-27,2025-03-30,Out for Delivery
47,128,4003,Ecom Express,ECO820471364,2025-01-24,2025-01-30,Order Placed
48,2815,1431,Delhivery,DEL799482539,2022-11-29,2022-12-06,Delayed
49,4639,4171,Delhivery,DEL840644868,2026-01-22,2026-02-01,In Transit
50,2587,4752,Ecom Express,ECO338463765,2022-01-28,2022-01-30,In Transit
51,919,4103,Ecom Express,ECO125968616,2024-12-13,2024-12-19,Delayed
52,1919,2660,DTDC,DTD395912730,2020-02-15,2020-02-16,Order Placed
53,2349,2519,Ecom Express,ECO659325058,2023-07-17,2023-07-21,Delayed
54,4305,3060,FedEx,FED383046839,2022-10-01,2022-10-08,Delivered
55,704,509,Shadowfax,SHA919567107,2022-08-24,2022-08-25,Returned
56,957,2607,India Post,IND737883535,2022-03-24,2022-04-02,Order Placed
57,1673,3714,FedEx,FED252604425,2024-11-21,2024-11-28,Returned
58,1175,803,India Post,IND259609580,2022-06-13,2022-06-15,Order Placed
59,4380,620,BlueDart,BLU420826212,2025-05-10,2025-05-14,Order Placed
60,793,1815,XpressBees,XPR649526295,2022-04-21,2022-04-28,In Transit
61,2372,3873,Shadowfax,SHA916218636,2022-03-02,2022-03-12,In Transit
62,4298,763,Ecom Express,ECO436435326,2025-09-14,2025-09-22,Delayed
63,4112,1220,BlueDart,BLU922354825,2023-03-24,2023-03-29,Out for Delivery
64,4468,4680,FedEx,FED318075636,2021-03-17,2021-03-27,Returned
65,2066,108,Ecom Express,ECO608675121,2024-12-19,2024-12-21,Shipped
66,3180,949,Shadowfax,SHA569165171,2022-10-23,2022-10-31,In Transit
67,1088,3852,FedEx,FED634087004,2021-04-19,2021-04-23,Delivered
68,4131,185,India Post,IND619820397,2022-01-28,2022-02-05,Delayed
69,1299,2053,DTDC,DTD539808199,2023-12-28,2023-12-30,Delayed
70,2100,1010,Delhivery,DEL140252083,2023-11-09,2023-11-13,Returned
71,1546,989,FedEx,FED335814281,2020-10-30,2020-11-01,In Transit
72,4538,3308,FedEx,FED820896468,2024-02-07,2024-02-15,Out for Delivery
73,4207,3713,BlueDart,BLU731091152,2025-09-22,2025-09-24,Order Placed
74,4624,4065,DTDC,DTD705387115,2020-01-11,2020-01-21,Shipped
75,2114,4966,Shadowfax,SHA500109088,2023-03-26,2023-04-03,Returned
76,1592,2310,FedEx,FED482627234,2020-12-17,2020-12-27,Returned
77,97,3567,DTDC,DTD408674989,2022-04-04,2022-04-06,Order Placed
78,2988,224,FedEx,FED585876645,2023-02-08,2023-02-15,Shipped
79,4232,199,DTDC,DTD677439960,2026-04-08,2026-04-11,In Transit
80,269,2047,India Post,IND679541121,2024-03-01,2024-03-06,In Transit
81,1318,2027,FedEx,FED913846714,2026-04-12,2026-04-15,Returned
82,3412,1439,Delhivery,DEL150823871,2024-04-27,2024-05-05,Out for Delivery
83,1313,2849,Shadowfax,SHA674235679,2022-01-16,2022-01-18,Returned
84,4556,1480,India Post,IND157933345,2026-04-06,2026-04-07,Delivered
85,951,2605,Ecom Express,ECO471469115,2021-08-25,2021-08-28,Out for Delivery
86,852,289,Shadowfax,SHA483133706,2023-01-02,2023-01-12,Out for Delivery
87,3243,129,Delhivery,DEL965975465,2024-10-26,2024-10-29,Order Placed
88,722,4149,FedEx,FED717264386,2024-05-17,2024-05-21,Order Placed
89,3773,4126,Ecom Express,ECO136008856,2022-09-03,2022-09-06,Delayed
90,3618,3036,FedEx,FED731742461,2023-08-08,2023-08-12,Delivered
91,2654,1628,FedEx,FED452089998,2024-06-19,2024-06-20,Shipped
92,1140,1980,DTDC,DTD529321705,2025-07-24,2025-08-03,In Transit
93,3126,812,Ecom Express,ECO261394354,2024-06-02,2024-06-04,Shipped
94,229,3194,BlueDart,BLU599717799,2020-04-25,2020-05-05,Out for Delivery
95,4335,63,BlueDart,BLU259950787,2022-11-26,2022-12-04,Order Placed
96,1920,705,XpressBees,XPR307488636,2020-06-10,2020-06-15,Order Placed
97,1077,3642,Shadowfax,SHA457415698,2023-03-27,2023-03-30,In Transit
98,1002,2365,Ecom Express,ECO815056329,2022-04-09,2022-04-18,Order Placed
99,2831,1359,XpressBees,XPR347074407,2023-12-01,2023-12-03,Out for Delivery
100,859,2388,XpressBees,XPR445600043,2022-12-29,2023-01-01,In Transit
101,4853,1234,Shadowfax,SHA474898963,2021-05-11,2021-05-18,Delivered
102,3731,3017,BlueDart,BLU234156586,2022-10-23,2022-10-24,Order Placed
103,4236,1540,Ecom Express,ECO533409911,2025-12-19,2025-12-20,Delayed
104,2488,2615,DTDC,DTD831919751,2023-03-31,2023-04-01,Out for Delivery
105,3998,3572,BlueDart,BLU123347240,2026-01-07,2026-01-11,Shipped
106,4264,2964,Delhivery,DEL154503589,2024-03-27,2024-04-05,Delayed
107,3739,2918,XpressBees,XPR739376998,2025-05-10,2025-05-15,Shipped
108,4812,4237,FedEx,FED196907552,2025-02-27,2025-03-02,Out for Delivery
109,134,4796,XpressBees,XPR159831655,2025-06-14,2025-06-19,Delayed
110,1805,3360,BlueDart,BLU780146400,2022-06-08,2022-06-15,Delivered
111,4064,918,DTDC,DTD646579052,2022-10-24,2022-11-03,Shipped
112,2179,61,DTDC,DTD242681530,2024-06-29,2024-07-04,In Transit
113,3247,3760,Shadowfax,SHA223302571,2020-12-29,2020-12-31,In Transit
114,3544,2621,FedEx,FED430780882,2025-12-09,2025-12-10,Order Placed
115,3476,1317,BlueDart,BLU669747236,2026-05-31,2026-06-02,Order Placed
116,4106,1288,XpressBees,XPR812969814,2022-11-15,2022-11-25,Out for Delivery
117,1513,1694,Delhivery,DEL712430636,2021-05-10,2021-05-14,Delivered
118,4439,1749,Ecom Express,ECO765870177,2020-01-25,2020-02-02,Returned
119,1514,3587,XpressBees,XPR752778242,2026-05-14,2026-05-22,Returned
120,4337,2726,India Post,IND867020885,2024-08-15,2024-08-25,Order Placed
121,1807,4820,Delhivery,DEL472810131,2024-07-13,2024-07-17,In Transit
122,3875,4401,India Post,IND100891239,2023-10-14,2023-10-16,Shipped
123,4516,2688,Delhivery,DEL201732278,2020-07-04,2020-07-10,Shipped
124,3588,2477,DTDC,DTD877679670,2020-01-03,2020-01-05,Out for Delivery
125,2112,118,India Post,IND591797984,2025-10-14,2025-10-19,Order Placed
126,4175,2293,Shadowfax,SHA675107390,2021-11-03,2021-11-11,Delayed
127,3217,666,BlueDart,BLU220031746,2026-04-04,2026-04-05,Out for Delivery
128,1742,4988,Shadowfax,SHA717327388,2025-12-06,2025-12-09,Returned
129,3422,2977,India Post,IND739820155,2023-05-12,2023-05-21,Delivered
130,3818,817,FedEx,FED844726516,2025-12-16,2025-12-26,Delivered
131,4562,4107,India Post,IND204108692,2025-11-05,2025-11-07,Returned
132,3475,4493,FedEx,FED510508344,2025-11-07,2025-11-15,Delayed
133,2713,3017,Shadowfax,SHA366784507,2024-09-16,2024-09-24,Shipped
134,1425,4735,Shadowfax,SHA857927470,2022-12-31,2023-01-10,Delayed
135,1698,4668,India Post,IND506637902,2024-01-06,2024-01-09,Shipped
136,1318,284,DTDC,DTD380238642,2024-12-27,2024-12-31,Delayed
137,4191,2270,Delhivery,DEL908960995,2023-02-02,2023-02-10,Delayed
138,3584,4882,Shadowfax,SHA554988371,2020-05-16,2020-05-26,In Transit
139,3222,2534,Shadowfax,SHA128801651,2020-02-05,2020-02-10,Delivered
140,488,4962,XpressBees,XPR914772625,2022-01-01,2022-01-03,Shipped
141,2215,2693,BlueDart,BLU216450517,2026-03-28,2026-03-29,Returned
142,3064,2674,BlueDart,BLU202851191,2022-03-17,2022-03-18,In Transit
143,3385,3119,Delhivery,DEL310866215,2023-11-02,2023-11-06,Delayed
144,3013,2126,Ecom Express,ECO738873257,2024-03-03,2024-03-12,Delayed
145,4448,2074,Delhivery,DEL430037368,2025-08-07,2025-08-14,In Transit
146,2319,1974,XpressBees,XPR341040365,2023-10-28,2023-11-03,Shipped
147,3083,4756,BlueDart,BLU112589872,2022-09-19,2022-09-20,Order Placed
148,301,4119,FedEx,FED236369774,2024-05-06,2024-05-08,In Transit
149,1890,1288,DTDC,DTD374994782,2021-03-22,2021-03-29,In Transit
150,4929,694,DTDC,DTD489475948,2025-04-30,2025-05-01,Delivered
151,1667,1710,India Post,IND334371922,2021-07-24,2021-07-25,Delivered
152,4650,20,Delhivery,DEL560925763,2021-02-23,2021-03-01,Out for Delivery
153,2368,4868,Ecom Express,ECO877630899,2024-06-15,2024-06-25,Out for Delivery
154,4307,562,Delhivery,DEL128109850,2020-05-17,2020-05-24,Order Placed
155,2513,2807,BlueDart,BLU698898909,2020-01-10,2020-01-20,Delayed
156,542,2209,FedEx,FED507152625,2023-11-21,2023-11-29,Order Placed
157,4179,1759,India Post,IND724939111,2021-11-21,2021-11-30,Shipped
158,2061,3987,XpressBees,XPR947072961,2024-11-21,2024-11-23,Delivered
159,628,301,Delhivery,DEL954492327,2025-06-11,2025-06-19,Delivered
160,3604,1209,Delhivery,DEL815781515,2025-04-03,2025-04-08,Shipped
161,4149,1522,Shadowfax,SHA899360527,2025-01-28,2025-02-02,In Transit
162,119,1344,Delhivery,DEL143129662,2022-01-06,2022-01-12,Out for Delivery
163,33,3321,India Post,IND397643199,2021-12-08,2021-12-14,Out for Delivery
164,1074,3273,XpressBees,XPR641193391,2021-12-20,2021-12-25,Out for Delivery
165,146,398,Delhivery,DEL880891533,2024-03-21,2024-03-22,Returned
166,972,391,Delhivery,DEL565113416,2023-05-02,2023-05-04,In Transit
167,4022,3342,BlueDart,BLU870258406,2020-10-03,2020-10-08,Delivered
168,3846,3238,BlueDart,BLU518619027,2022-01-09,2022-01-10,Returned
169,2165,3492,XpressBees,XPR168785772,2025-04-18,2025-04-26,Shipped
170,1674,1079,FedEx,FED922543931,2020-01-24,2020-01-29,Shipped
171,2752,3664,Shadowfax,SHA570947668,2025-07-29,2025-07-30,Delivered
172,777,2522,XpressBees,XPR783855812,2024-04-13,2024-04-16,Delivered
173,3853,1511,India Post,IND403973222,2026-05-11,2026-05-17,Order Placed
174,1515,875,Delhivery,DEL590391063,2021-08-08,2021-08-17,Out for Delivery
175,2814,2132,FedEx,FED706158592,2022-08-08,2022-08-16,Shipped
176,4881,249,FedEx,FED457875320,2023-03-26,2023-03-29,Returned
177,4670,4108,Shadowfax,SHA114538559,2024-09-05,2024-09-14,Shipped
178,2974,2543,India Post,IND734012551,2020-02-25,2020-02-26,Shipped
179,317,741,DTDC,DTD883324322,2025-02-25,2025-03-06,Delayed
180,3208,1626,FedEx,FED490059429,2022-09-23,2022-09-27,Returned
181,4392,646,Delhivery,DEL987640614,2021-11-14,2021-11-15,Out for Delivery
182,798,2588,Ecom Express,ECO483539267,2024-07-16,2024-07-21,Out for Delivery
183,3148,347,DTDC,DTD848945037,2021-06-04,2021-06-06,Delayed
184,292,3904,BlueDart,BLU343956183,2020-01-01,2020-01-03,Shipped
185,1016,4532,Ecom Express,ECO988760989,2021-09-03,2021-09-06,In Transit
186,3038,4228,DTDC,DTD177517702,2021-11-05,2021-11-12,Out for Delivery
187,1985,2347,BlueDart,BLU637121932,2022-10-25,2022-11-02,Shipped
188,3901,3115,DTDC,DTD658371917,2025-11-02,2025-11-06,Delivered
189,2714,1471,Shadowfax,SHA465585453,2026-06-10,2026-06-14,In Transit
190,1945,4913,FedEx,FED603420590,2024-09-14,2024-09-21,Shipped
191,2783,241,XpressBees,XPR293772152,2022-01-23,2022-01-25,Shipped
192,3215,3857,Shadowfax,SHA172591528,2020-07-31,2020-08-10,Out for Delivery
193,3251,2860,Ecom Express,ECO636455512,2021-03-12,2021-03-21,Returned
194,3697,2667,XpressBees,XPR479878687,2024-10-19,2024-10-23,Out for Delivery
195,560,1371,XpressBees,XPR573938861,2025-08-06,2025-08-08,Shipped
196,868,2396,Delhivery,DEL570867915,2026-01-19,2026-01-21,Returned
197,1525,95,XpressBees,XPR636043290,2021-12-13,2021-12-16,Out for Delivery
198,884,3779,Ecom Express,ECO390795843,2024-09-15,2024-09-24,Order Placed
199,2708,590,Shadowfax,SHA661358859,2026-05-07,2026-05-14,Order Placed
200,3533,3246,Delhivery,DEL392582944,2020-01-25,2020-01-26,Order Placed
201,3475,2672,India Post,IND680218688,2024-01-02,2024-01-07,Returned
202,2018,4399,India Post,IND455900402,2026-05-23,2026-05-29,Delayed
203,4407,1891,Shadowfax,SHA266139191,2020-02-09,2020-02-16,Delivered
204,938,2351,India Post,IND738441650,2022-07-19,2022-07-24,Order Placed
205,47,579,India Post,IND394970785,2025-03-03,2025-03-04,In Transit
206,3432,4982,Shadowfax,SHA893788454,2021-04-21,2021-04-29,Delayed
207,4127,4145,Shadowfax,SHA561392378,2024-06-25,2024-06-26,Shipped
208,3611,1886,India Post,IND670310010,2020-04-29,2020-05-04,Delayed
209,65,44,BlueDart,BLU921948727,2024-09-03,2024-09-08,In Transit
210,2532,1516,DTDC,DTD651710208,2026-04-20,2026-04-29,Out for Delivery
211,168,2672,Ecom Express,ECO471504588,2020-08-29,2020-09-06,In Transit
212,1869,3389,Ecom Express,ECO985372546,2022-09-14,2022-09-15,Out for Delivery
213,293,586,Ecom Express,ECO212474592,2020-06-21,2020-06-25,In Transit
214,597,2081,Ecom Express,ECO539033088,2024-05-27,2024-06-05,Delivered
215,2602,1487,Shadowfax,SHA829155682,2023-06-17,2023-06-18,In Transit
216,3066,1514,BlueDart,BLU863711816,2026-05-27,2026-05-31,In Transit
217,1352,1902,Ecom Express,ECO807428928,2023-02-11,2023-02-17,Returned
218,1170,4923,Delhivery,DEL602608959,2024-07-01,2024-07-03,Delivered
219,1345,1335,Shadowfax,SHA431276543,2021-11-18,2021-11-23,Returned
220,1730,4942,BlueDart,BLU885049518,2026-06-03,2026-06-07,Out for Delivery
221,1295,208,India Post,IND327105944,2021-05-06,2021-05-07,Out for Delivery
222,2811,2738,Shadowfax,SHA654085590,2020-04-19,2020-04-29,Delivered
223,551,3687,XpressBees,XPR189564313,2023-01-04,2023-01-05,Shipped
224,1915,1663,India Post,IND205962399,2026-05-08,2026-05-11,Delayed
225,2731,3342,Delhivery,DEL932774852,2025-04-14,2025-04-19,Shipped
226,2482,2680,BlueDart,BLU228666968,2026-04-02,2026-04-11,In Transit
227,932,3511,Ecom Express,ECO771472691,2020-04-27,2020-05-02,Delivered
228,4249,3077,XpressBees,XPR542590716,2026-06-11,2026-06-12,Returned
229,712,4689,Shadowfax,SHA817662771,2024-05-26,2024-06-03,Shipped
230,1708,3570,Shadowfax,SHA193499629,2025-09-14,2025-09-18,Returned
231,536,3097,BlueDart,BLU784054126,2021-01-12,2021-01-14,In Transit
232,3499,4204,Shadowfax,SHA969931461,2024-06-04,2024-06-05,Out for Delivery
233,4746,2350,BlueDart,BLU649149196,2025-11-03,2025-11-07,Returned
234,3484,3568,Delhivery,DEL842332313,2026-02-07,2026-02-17,Order Placed
235,1895,1005,Delhivery,DEL445004022,2022-06-20,2022-06-26,Shipped
236,2819,270,Shadowfax,SHA433648131,2020-08-31,2020-09-02,Order Placed
237,859,2410,XpressBees,XPR430205191,2024-03-27,2024-03-28,Delivered
238,2818,843,Shadowfax,SHA733766497,2025-03-08,2025-03-09,Returned
239,2975,2777,BlueDart,BLU116936036,2025-01-10,2025-01-11,Out for Delivery
240,121,3793,XpressBees,XPR605636469,2026-07-04,2026-07-07,Delayed
241,1280,3063,XpressBees,XPR781136129,2025-02-19,2025-03-01,Returned
242,3446,153,DTDC,DTD468025193,2021-10-06,2021-10-13,Delayed
243,1983,4562,Delhivery,DEL813313970,2024-05-04,2024-05-05,In Transit
244,465,1647,India Post,IND196936004,2020-12-23,2020-12-25,Returned
245,1380,4862,Delhivery,DEL346994324,2023-12-05,2023-12-14,In Transit
246,1472,1742,FedEx,FED857817134,2023-06-07,2023-06-13,Shipped
247,3390,4046,India Post,IND110049110,2024-04-29,2024-05-01,In Transit
248,3538,3592,Delhivery,DEL482276020,2025-09-06,2025-09-16,Order Placed
249,682,788,BlueDart,BLU163790381,2022-03-05,2022-03-09,Order Placed
250,3375,2238,XpressBees,XPR851841362,2022-01-28,2022-02-01,Order Placed
251,3611,3157,BlueDart,BLU550244013,2025-05-28,2025-06-02,Delayed
252,1351,477,DTDC,DTD616401259,2022-09-01,2022-09-07,Returned
253,4662,4091,FedEx,FED681887903,2024-07-17,2024-07-21,Order Placed
254,4791,302,DTDC,DTD621108677,2020-08-07,2020-08-15,Out for Delivery
255,3686,1658,BlueDart,BLU614999354,2022-07-28,2022-08-07,Delayed
256,2321,3856,India Post,IND293384912,2021-02-11,2021-02-12,Delivered
257,3039,1853,FedEx,FED228220093,2020-04-03,2020-04-13,Returned
258,4581,1602,Ecom Express,ECO636926229,2022-04-15,2022-04-24,Delayed
259,1675,3721,FedEx,FED405847193,2026-05-14,2026-05-23,Out for Delivery
260,4357,892,Ecom Express,ECO503585300,2024-01-26,2024-02-04,Returned
261,247,531,XpressBees,XPR768225611,2021-11-21,2021-11-22,Shipped
262,4647,1129,Ecom Express,ECO237410938,2021-07-27,2021-07-31,Shipped
263,3793,152,DTDC,DTD101432384,2025-11-23,2025-11-27,Delivered
264,3577,3506,Shadowfax,SHA620610046,2025-07-04,2025-07-14,Order Placed
265,2332,854,India Post,IND781598556,2025-04-21,2025-04-26,Order Placed
266,3947,3597,DTDC,DTD655428786,2024-12-15,2024-12-21,Returned
267,4837,860,Delhivery,DEL858972776,2025-11-16,2025-11-19,In Transit
268,3569,303,DTDC,DTD497014700,2023-08-21,2023-08-26,Out for Delivery
269,4167,3157,India Post,IND805439312,2020-05-20,2020-05-26,In Transit
270,4063,3761,Ecom Express,ECO781674366,2024-05-06,2024-05-16,Out for Delivery
271,92,3947,Ecom Express,ECO503323905,2020-09-02,2020-09-07,Delayed
272,4296,2577,XpressBees,XPR837915655,2026-05-11,2026-05-12,Delayed
273,3663,2381,XpressBees,XPR977842310,2026-02-13,2026-02-17,In Transit
274,2147,822,Delhivery,DEL442322754,2022-05-16,2022-05-25,Out for Delivery
275,1716,4082,Shadowfax,SHA894914274,2024-01-23,2024-01-29,In Transit
276,3890,2650,FedEx,FED741767089,2020-01-07,2020-01-14,Returned
277,951,2639,Ecom Express,ECO769187762,2020-05-24,2020-05-26,Out for Delivery
278,1161,842,BlueDart,BLU342948200,2023-05-17,2023-05-21,Out for Delivery
279,4313,4969,Shadowfax,SHA843835781,2021-08-03,2021-08-10,Returned
280,3868,256,XpressBees,XPR290517101,2024-11-06,2024-11-11,Delayed
281,4056,1969,Ecom Express,ECO513282852,2023-07-22,2023-07-27,Delayed
282,2265,4873,Shadowfax,SHA751832055,2023-11-08,2023-11-13,Delivered
283,3189,2944,BlueDart,BLU646148363,2024-07-02,2024-07-09,Order Placed
284,2136,855,Shadowfax,SHA829177781,2020-11-16,2020-11-23,Out for Delivery
285,1152,2701,Shadowfax,SHA289365745,2025-06-01,2025-06-03,Delivered
286,2654,2514,Delhivery,DEL499219095,2020-02-16,2020-02-21,Order Placed
287,4820,4099,Shadowfax,SHA882804712,2022-06-28,2022-06-29,Returned
288,4046,4004,India Post,IND148403997,2023-09-02,2023-09-12,In Transit
289,698,4991,FedEx,FED993232069,2023-08-16,2023-08-18,Out for Delivery
290,4161,3065,Delhivery,DEL630687274,2021-04-25,2021-05-04,In Transit
291,1384,4401,BlueDart,BLU406250408,2025-11-23,2025-12-03,Delivered
292,3655,647,DTDC,DTD174582328,2022-03-30,2022-04-08,Delivered
293,1111,3458,BlueDart,BLU477940832,2024-11-18,2024-11-23,Order Placed
294,2809,3533,DTDC,DTD314153039,2020-02-12,2020-02-21,Returned
295,997,2214,Delhivery,DEL649451299,2023-05-05,2023-05-11,Delivered
296,1311,3201,BlueDart,BLU861592982,2024-01-18,2024-01-20,Delivered
297,1479,4078,Ecom Express,ECO197743566,2026-02-09,2026-02-19,Shipped
298,503,1001,Ecom Express,ECO533893793,2020-05-17,2020-05-19,Order Placed
299,869,1398,FedEx,FED725471365,2020-08-12,2020-08-13,Order Placed
300,638,277,BlueDart,BLU734762471,2025-05-09,2025-05-10,Delayed
301,159,3170,Shadowfax,SHA422941645,2024-07-05,2024-07-09,Shipped
302,4309,2890,XpressBees,XPR149688186,2021-05-18,2021-05-23,Delayed
303,2238,876,Delhivery,DEL173141664,2023-07-09,2023-07-14,Delayed
304,1880,3704,FedEx,FED842889091,2021-01-06,2021-01-09,In Transit
305,1769,3758,BlueDart,BLU820249394,2022-11-25,2022-11-27,Returned
306,1985,111,Delhivery,DEL780583676,2021-05-18,2021-05-26,In Transit
307,1101,43,Ecom Express,ECO500978391,2020-11-27,2020-11-28,Shipped
308,4619,931,BlueDart,BLU295290500,2022-08-26,2022-08-29,Delayed
309,4041,3202,DTDC,DTD306592624,2021-06-27,2021-07-07,Delayed
310,2364,4101,XpressBees,XPR866436413,2020-12-08,2020-12-16,Delayed
311,1630,542,XpressBees,XPR657065838,2023-02-07,2023-02-14,Out for Delivery
312,3358,1785,Shadowfax,SHA407386852,2021-01-29,2021-02-03,Delivered
313,3705,2028,DTDC,DTD705947826,2024-07-26,2024-07-27,Order Placed
314,1745,1344,Ecom Express,ECO864028018,2022-12-03,2022-12-04,Shipped
315,2198,970,XpressBees,XPR268899460,2024-04-24,2024-05-03,Out for Delivery
316,3127,1924,Ecom Express,ECO900860409,2024-03-24,2024-03-31,Shipped
317,4970,1350,India Post,IND933517776,2024-09-02,2024-09-09,Out for Delivery
318,4843,744,Delhivery,DEL762776687,2023-09-08,2023-09-14,In Transit
319,1441,2915,DTDC,DTD644003184,2020-06-27,2020-07-04,Returned
320,3231,1931,Delhivery,DEL667534827,2024-03-07,2024-03-16,Delayed
321,1903,4545,XpressBees,XPR666202495,2025-07-12,2025-07-14,Shipped
322,3182,2055,Ecom Express,ECO296083270,2020-03-21,2020-03-29,Order Placed
323,2225,1232,XpressBees,XPR858784380,2020-07-09,2020-07-16,Delivered
324,3597,415,Ecom Express,ECO454682047,2020-05-19,2020-05-22,Shipped
325,3127,3164,FedEx,FED637212762,2022-01-05,2022-01-08,Shipped
326,4409,244,DTDC,DTD804275507,2022-02-10,2022-02-11,Delivered
327,1565,647,Shadowfax,SHA171357177,2020-01-18,2020-01-28,Delayed
328,4753,3565,BlueDart,BLU522606990,2021-01-13,2021-01-19,Order Placed
329,1631,4078,DTDC,DTD278141462,2020-03-24,2020-03-29,Order Placed
330,1286,3478,Delhivery,DEL797636317,2020-07-20,2020-07-21,Order Placed
331,1106,24,Shadowfax,SHA902048237,2025-10-13,2025-10-15,Out for Delivery
332,1561,1003,BlueDart,BLU230990203,2026-02-13,2026-02-16,Order Placed
333,2655,124,XpressBees,XPR463054479,2024-11-10,2024-11-19,Out for Delivery
334,4786,3223,FedEx,FED393105604,2025-09-09,2025-09-12,Returned
335,1392,2007,Shadowfax,SHA829595074,2020-12-05,2020-12-13,Shipped
336,1240,4911,XpressBees,XPR366331511,2024-05-07,2024-05-09,Shipped
337,4575,156,FedEx,FED877621528,2026-07-12,2026-07-19,Returned
338,4031,585,BlueDart,BLU715971069,2024-01-12,2024-01-19,Delayed
339,3088,2523,XpressBees,XPR841159050,2020-09-10,2020-09-19,Delayed
340,3407,1004,BlueDart,BLU253926007,2023-03-19,2023-03-24,In Transit
341,3897,4500,BlueDart,BLU698579247,2023-12-03,2023-12-10,In Transit
342,2618,1158,BlueDart,BLU184588700,2026-07-06,2026-07-13,Order Placed
343,2864,3310,XpressBees,XPR654764891,2023-08-16,2023-08-18,Shipped
344,3576,2373,Shadowfax,SHA227986489,2022-09-25,2022-09-28,Shipped
345,1084,851,Delhivery,DEL310419487,2025-08-23,2025-08-31,Shipped
346,3284,1862,Delhivery,DEL999808776,2026-05-08,2026-05-15,In Transit
347,4852,4153,FedEx,FED860950730,2021-03-07,2021-03-09,Returned
348,3611,4768,Shadowfax,SHA941709064,2020-07-30,2020-08-02,Returned
349,4457,3568,BlueDart,BLU463587920,2024-01-24,2024-02-01,Out for Delivery
350,3565,736,BlueDart,BLU472257583,2021-02-05,2021-02-08,Shipped
351,918,3011,BlueDart,BLU713844369,2021-02-09,2021-02-15,Delayed
352,2400,139,India Post,IND874591851,2023-06-14,2023-06-17,Delayed
353,4018,1867,Ecom Express,ECO977909744,2025-09-12,2025-09-16,Order Placed
354,4807,853,FedEx,FED953111912,2024-10-21,2024-10-25,Delivered
355,1034,1419,Ecom Express,ECO787864092,2022-03-03,2022-03-05,Out for Delivery
356,2437,1902,Shadowfax,SHA445228596,2025-06-28,2025-07-01,Order Placed
357,3069,2928,Delhivery,DEL689661971,2021-10-06,2021-10-11,Delivered
358,2469,946,DTDC,DTD770734641,2024-02-01,2024-02-11,Returned
359,2168,1861,Delhivery,DEL422634596,2021-08-30,2021-09-08,Out for Delivery
360,4131,2316,Shadowfax,SHA573582488,2026-02-02,2026-02-12,Returned
361,2715,2465,FedEx,FED432623119,2021-12-26,2022-01-02,In Transit
362,2089,4815,Ecom Express,ECO176605116,2023-02-11,2023-02-13,Shipped
363,564,1767,Shadowfax,SHA985908847,2021-05-13,2021-05-23,Delivered
364,2582,3664,India Post,IND189035930,2022-05-03,2022-05-12,Delayed
365,2616,3998,India Post,IND133944440,2020-05-31,2020-06-05,In Transit
366,1212,4069,Ecom Express,ECO542105928,2023-03-01,2023-03-10,Returned
367,313,4377,BlueDart,BLU575468378,2024-05-25,2024-05-29,Delivered
368,4849,4691,Delhivery,DEL781807524,2024-07-22,2024-07-25,Returned
369,2213,456,Ecom Express,ECO801888014,2025-01-28,2025-02-02,Out for Delivery
370,399,945,Delhivery,DEL310022685,2020-10-30,2020-11-02,In Transit
371,1388,461,Shadowfax,SHA290464069,2021-10-08,2021-10-16,Shipped
372,1301,3381,BlueDart,BLU553160583,2024-09-14,2024-09-16,Delivered
373,4958,3396,DTDC,DTD515869002,2025-07-15,2025-07-25,Delayed
374,504,4405,XpressBees,XPR237140623,2021-04-23,2021-04-25,Delivered
375,898,4622,India Post,IND934807059,2021-08-21,2021-08-22,Delivered
376,65,459,Shadowfax,SHA392126308,2020-03-10,2020-03-16,Returned
377,1311,203,India Post,IND520947197,2021-04-20,2021-04-21,Shipped
378,2838,4368,XpressBees,XPR728485708,2025-08-08,2025-08-11,In Transit
379,3248,2952,India Post,IND566900188,2020-11-18,2020-11-24,Out for Delivery
380,1333,1536,Shadowfax,SHA249165191,2023-07-29,2023-08-08,In Transit
381,1735,2264,XpressBees,XPR705565813,2024-11-14,2024-11-15,Delayed
382,4100,2984,Ecom Express,ECO608182840,2025-09-24,2025-10-01,Out for Delivery
383,3414,1922,FedEx,FED774144629,2023-01-26,2023-01-30,Order Placed
384,2761,402,DTDC,DTD589111090,2023-10-17,2023-10-27,Delayed
385,3671,1487,FedEx,FED431279174,2025-01-15,2025-01-23,Delayed
386,4065,4610,BlueDart,BLU372789441,2020-12-12,2020-12-19,In Transit
387,1942,2211,XpressBees,XPR353052797,2020-02-16,2020-02-24,Out for Delivery
388,1731,1365,Shadowfax,SHA136356143,2020-07-31,2020-08-04,Order Placed
389,4565,4318,FedEx,FED526259893,2025-05-26,2025-05-31,Order Placed
390,4809,4609,Delhivery,DEL133879572,2023-01-19,2023-01-20,In Transit
391,218,1608,DTDC,DTD525386604,2022-08-16,2022-08-17,Delayed
392,1679,1039,XpressBees,XPR604666101,2022-09-18,2022-09-28,Delivered
393,462,360,Delhivery,DEL122731835,2021-10-15,2021-10-22,Shipped
394,4361,2777,DTDC,DTD450180421,2020-03-03,2020-03-11,Shipped
395,4173,3164,Delhivery,DEL807604513,2025-01-10,2025-01-18,Returned
396,1692,2091,Delhivery,DEL449910223,2026-03-30,2026-03-31,Shipped
397,4677,3178,India Post,IND652771097,2024-02-27,2024-03-08,Delivered
398,2945,2382,Delhivery,DEL417493389,2025-04-06,2025-04-13,In Transit
399,2492,2332,DTDC,DTD523297584,2025-12-08,2025-12-13,Delivered
400,472,4196,BlueDart,BLU147786880,2020-02-09,2020-02-11,In Transit
401,1943,1454,India Post,IND653963391,2020-02-07,2020-02-15,Returned
402,1315,2921,Ecom Express,ECO552685302,2024-03-04,2024-03-07,Order Placed
403,2181,1537,India Post,IND402787633,2025-05-22,2025-05-23,Delivered
404,2207,2450,Shadowfax,SHA717962712,2025-06-28,2025-07-04,Out for Delivery
405,3531,4292,Ecom Express,ECO852551039,2023-04-18,2023-04-23,Delayed
406,2865,2826,FedEx,FED557992105,2020-10-29,2020-11-08,Out for Delivery
407,4815,349,Shadowfax,SHA676488299,2022-09-26,2022-10-01,Delayed
408,1025,708,BlueDart,BLU168006564,2025-01-23,2025-01-24,Out for Delivery
409,1103,4511,XpressBees,XPR424730176,2022-12-21,2022-12-29,Returned
410,3396,2792,India Post,IND691989111,2024-02-08,2024-02-16,In Transit
411,294,3014,Ecom Express,ECO286994224,2021-10-10,2021-10-15,Order Placed
412,1962,206,India Post,IND851128400,2022-02-06,2022-02-11,Shipped
413,2105,2154,Ecom Express,ECO495372672,2022-04-01,2022-04-05,In Transit
414,3791,4031,BlueDart,BLU303496347,2020-03-23,2020-03-24,Out for Delivery
415,3373,4544,BlueDart,BLU141450933,2024-10-31,2024-11-03,Returned
416,1451,2984,Delhivery,DEL632574955,2022-02-26,2022-03-04,Returned
417,1668,3222,Delhivery,DEL306474106,2022-04-18,2022-04-23,Shipped
418,4056,612,Delhivery,DEL824696082,2024-03-23,2024-03-26,Delivered
419,4276,4798,DTDC,DTD264438570,2024-10-08,2024-10-15,In Transit
420,564,2884,Shadowfax,SHA857971644,2021-08-21,2021-08-28,In Transit
421,4871,2861,DTDC,DTD703054306,2025-11-18,2025-11-25,Out for Delivery
422,2911,4743,Delhivery,DEL211443326,2023-05-05,2023-05-06,Order Placed
423,2332,189,FedEx,FED879695896,2024-06-27,2024-07-03,Shipped
424,3841,1635,DTDC,DTD454133562,2021-10-25,2021-11-04,In Transit
425,400,2,BlueDart,BLU223849974,2020-11-13,2020-11-21,Delivered
426,1157,3660,Ecom Express,ECO958231499,2022-11-09,2022-11-18,Shipped
427,3786,1941,XpressBees,XPR855348693,2025-06-17,2025-06-22,Order Placed
428,3388,2754,Delhivery,DEL863288104,2020-01-17,2020-01-19,Order Placed
429,4410,749,Ecom Express,ECO270888676,2022-01-09,2022-01-15,Delivered
430,3700,377,Shadowfax,SHA935728832,2021-07-16,2021-07-26,Delayed
431,4148,2665,Ecom Express,ECO171170183,2024-05-24,2024-06-02,Returned
432,3515,2549,FedEx,FED184484310,2024-02-28,2024-02-29,Delivered
433,1814,3050,India Post,IND563755111,2020-11-20,2020-11-24,Returned
434,3482,3903,India Post,IND158941785,2021-09-21,2021-09-22,Returned
435,974,1674,FedEx,FED733896217,2023-10-13,2023-10-18,Delayed
436,1650,4776,India Post,IND546402551,2022-09-02,2022-09-12,Out for Delivery
437,1588,4063,DTDC,DTD665574086,2022-06-03,2022-06-11,Out for Delivery
438,3303,2896,Delhivery,DEL369791101,2020-06-08,2020-06-11,Returned
439,21,1141,Shadowfax,SHA422533167,2022-11-16,2022-11-21,Shipped
440,2484,757,Delhivery,DEL588230407,2026-04-24,2026-05-02,Delayed
441,4099,3050,Shadowfax,SHA300746016,2024-03-19,2024-03-20,Delivered
442,2957,1819,Delhivery,DEL575127622,2024-04-08,2024-04-15,Order Placed
443,3741,3552,XpressBees,XPR855052200,2020-01-05,2020-01-07,In Transit
444,405,2475,Shadowfax,SHA541877016,2024-02-03,2024-02-08,Out for Delivery
445,4361,1795,Shadowfax,SHA304480769,2025-02-07,2025-02-13,Shipped
446,1984,3118,Shadowfax,SHA771694045,2020-09-08,2020-09-18,Delayed
447,1732,2038,Ecom Express,ECO940425478,2025-06-04,2025-06-08,Returned
448,627,2504,Delhivery,DEL873277193,2021-07-01,2021-07-06,Delivered
449,4903,4352,DTDC,DTD800121336,2024-05-08,2024-05-12,In Transit
450,4010,4962,DTDC,DTD160678810,2022-03-02,2022-03-11,Out for Delivery
451,2805,1718,DTDC,DTD867437781,2020-11-16,2020-11-25,In Transit
452,1510,4237,FedEx,FED668060674,2023-08-06,2023-08-08,Returned
453,3119,3944,Delhivery,DEL302700699,2023-06-16,2023-06-22,Delivered
454,2204,3060,BlueDart,BLU449686092,2024-09-08,2024-09-09,Delayed
455,3373,4347,FedEx,FED663139484,2022-04-15,2022-04-16,Shipped
456,1249,1012,DTDC,DTD549792323,2022-12-07,2022-12-11,Out for Delivery
457,544,3002,India Post,IND994867786,2021-05-15,2021-05-21,Returned
458,2954,148,XpressBees,XPR565396257,2022-06-12,2022-06-14,Out for Delivery
459,676,3851,XpressBees,XPR978547227,2024-12-28,2024-12-29,Delivered
460,823,4313,DTDC,DTD525848857,2026-05-07,2026-05-10,In Transit
461,4519,3141,India Post,IND288297553,2021-10-31,2021-11-04,Order Placed
462,927,1788,FedEx,FED353988609,2024-08-02,2024-08-05,Delivered
463,1376,113,XpressBees,XPR478729126,2025-05-09,2025-05-19,Delivered
464,1326,1869,India Post,IND394931074,2021-07-07,2021-07-10,Out for Delivery
465,3428,962,FedEx,FED424555527,2024-09-28,2024-10-03,Out for Delivery
466,2633,4854,Delhivery,DEL731386638,2022-09-16,2022-09-25,Out for Delivery
467,4957,3523,Ecom Express,ECO115213136,2022-11-20,2022-11-29,Delivered
468,2034,1148,DTDC,DTD622448059,2020-09-21,2020-09-25,Delivered
469,4702,2503,XpressBees,XPR778358450,2022-12-12,2022-12-22,Out for Delivery
470,266,3770,DTDC,DTD564186140,2022-03-22,2022-03-27,Out for Delivery
471,272,4592,Delhivery,DEL962244641,2025-08-15,2025-08-22,Order Placed
472,1592,3399,XpressBees,XPR392221439,2023-04-13,2023-04-15,Shipped
473,2888,448,Shadowfax,SHA912586865,2025-12-19,2025-12-25,Returned
474,1008,1425,XpressBees,XPR975410130,2020-10-27,2020-11-03,Delayed
475,801,4252,Ecom Express,ECO296684793,2025-04-23,2025-05-02,Returned
476,4276,3468,Ecom Express,ECO170345443,2025-05-02,2025-05-03,Delayed
477,4194,790,Delhivery,DEL536915008,2025-08-23,2025-08-24,Out for Delivery
478,2088,1739,DTDC,DTD560181972,2024-10-14,2024-10-21,In Transit
479,1821,376,DTDC,DTD841373951,2020-12-15,2020-12-21,In Transit
480,3278,1891,Delhivery,DEL626410871,2025-06-14,2025-06-21,In Transit
481,4553,611,FedEx,FED580898173,2025-01-13,2025-01-15,Order Placed
482,807,3533,FedEx,FED839553299,2024-09-21,2024-09-29,Shipped
483,988,3379,Shadowfax,SHA587357368,2026-06-12,2026-06-16,Order Placed
484,2029,980,BlueDart,BLU727999851,2021-08-11,2021-08-12,Delivered
485,3243,2404,Shadowfax,SHA746256896,2022-07-25,2022-07-26,In Transit
486,2698,3498,DTDC,DTD813090252,2024-08-09,2024-08-19,In Transit
487,60,1040,Delhivery,DEL849488292,2020-03-13,2020-03-21,Out for Delivery
488,463,29,FedEx,FED534845035,2020-03-27,2020-04-05,Out for Delivery
489,2040,2353,Shadowfax,SHA455641084,2026-03-31,2026-04-10,Delayed
490,4092,2588,India Post,IND176088719,2023-11-03,2023-11-05,In Transit
491,1724,839,FedEx,FED470571875,2025-01-11,2025-01-15,Returned
492,838,243,DTDC,DTD277479693,2024-05-12,2024-05-15,Returned
493,3996,524,XpressBees,XPR979099568,2022-07-31,2022-08-06,Delayed
494,4550,4733,India Post,IND900361210,2021-04-29,2021-05-04,Shipped
495,3482,4935,FedEx,FED227712285,2021-10-15,2021-10-24,Returned
496,4918,4180,BlueDart,BLU140609735,2026-08-05,2026-08-06,Order Placed
497,4948,4548,India Post,IND499097779,2024-03-09,2024-03-10,Delivered
498,3631,2778,India Post,IND263704893,2020-06-27,2020-07-02,Out for Delivery
499,351,677,Shadowfax,SHA564558653,2022-08-13,2022-08-20,Out for Delivery
500,4029,1542,Shadowfax,SHA556165114,2022-05-29,2022-06-06,Order Placed
501,3233,2419,XpressBees,XPR886034216,2025-11-08,2025-11-18,Shipped
502,3373,3891,BlueDart,BLU480593021,2023-03-25,2023-04-04,Shipped
503,3011,1152,Ecom Express,ECO890398578,2025-03-10,2025-03-12,In Transit
504,3474,246,BlueDart,BLU879822419,2020-02-15,2020-02-17,Shipped
505,3705,4645,Delhivery,DEL198163141,2023-12-14,2023-12-15,Delayed
506,3960,997,Ecom Express,ECO749800878,2025-07-12,2025-07-22,Order Placed
507,4927,4791,India Post,IND584008549,2025-07-24,2025-07-26,Shipped
508,400,3738,DTDC,DTD495785899,2023-09-11,2023-09-20,Delayed
509,2948,64,Shadowfax,SHA247792363,2025-01-23,2025-01-28,Out for Delivery
510,2049,4720,FedEx,FED374192758,2022-11-28,2022-11-30,Order Placed
511,4050,3810,Shadowfax,SHA560486880,2024-02-03,2024-02-07,Delayed
512,2992,2633,Delhivery,DEL849735353,2020-04-29,2020-05-01,Returned
513,4319,3850,XpressBees,XPR164091670,2022-05-03,2022-05-09,Shipped
514,2400,4654,India Post,IND729586322,2023-04-02,2023-04-07,Delayed
515,1600,92,Ecom Express,ECO710761639,2025-06-26,2025-07-02,In Transit
516,1829,4731,India Post,IND516671689,2023-05-30,2023-06-09,Delayed
517,2376,2992,FedEx,FED809647380,2022-01-31,2022-02-08,Returned
518,3686,3202,BlueDart,BLU907524481,2022-03-06,2022-03-16,Out for Delivery
519,4653,1930,Delhivery,DEL135531286,2023-06-11,2023-06-19,Delayed
520,2892,4986,Shadowfax,SHA787034755,2022-08-02,2022-08-09,Returned
521,4439,4331,Ecom Express,ECO887773797,2021-12-30,2022-01-05,Returned
522,1847,2761,Delhivery,DEL461386731,2021-04-02,2021-04-09,Delayed
523,2794,3687,DTDC,DTD488451999,2025-06-28,2025-07-05,Returned
524,1375,3980,India Post,IND830853774,2022-11-28,2022-12-03,In Transit
525,1039,774,DTDC,DTD382670068,2024-11-02,2024-11-11,In Transit
526,2476,3005,Shadowfax,SHA105373658,2020-10-11,2020-10-14,Delivered
527,3682,1428,Ecom Express,ECO847913425,2025-10-07,2025-10-13,In Transit
528,1742,2114,Shadowfax,SHA199230672,2023-08-20,2023-08-28,Delivered
529,4122,2857,India Post,IND791160383,2022-06-25,2022-07-02,Delayed
530,4032,2376,Ecom Express,ECO837825646,2023-12-18,2023-12-20,Shipped
531,3050,621,India Post,IND405736685,2024-09-26,2024-09-29,Out for Delivery
532,249,887,XpressBees,XPR670249125,2025-03-30,2025-04-02,Delayed
533,3328,4577,Ecom Express,ECO934341022,2023-04-01,2023-04-11,Order Placed
534,2253,2386,BlueDart,BLU748885651,2020-03-24,2020-03-28,Delayed
535,3034,3340,India Post,IND967018431,2021-04-22,2021-04-26,Delivered
536,3340,1049,BlueDart,BLU637725579,2023-09-26,2023-10-06,Delivered
537,2469,12,DTDC,DTD304447320,2022-11-06,2022-11-16,Delayed
538,919,2806,Shadowfax,SHA849159280,2024-07-28,2024-08-07,Returned
539,3894,1173,Shadowfax,SHA381580603,2021-07-11,2021-07-16,Delivered
540,51,2684,Delhivery,DEL926301294,2023-10-31,2023-11-10,Shipped
541,587,2157,India Post,IND666309687,2022-12-15,2022-12-18,Delayed
542,4998,4373,DTDC,DTD538450727,2022-02-23,2022-02-24,Delayed
543,3360,4202,XpressBees,XPR110827240,2022-09-20,2022-09-24,Delivered
544,3799,387,Delhivery,DEL732553653,2023-05-20,2023-05-24,Order Placed
545,1523,2096,Ecom Express,ECO225006539,2023-08-21,2023-08-22,Shipped
546,2514,2462,BlueDart,BLU624364097,2025-01-21,2025-01-26,Returned
547,1104,3661,DTDC,DTD363567724,2021-10-11,2021-10-15,Delivered
548,945,1460,XpressBees,XPR385236102,2020-01-17,2020-01-20,Order Placed
549,537,4466,Shadowfax,SHA123376981,2024-10-13,2024-10-21,In Transit
550,770,3905,FedEx,FED787900827,2025-05-12,2025-05-19,Delivered
551,1973,1506,Ecom Express,ECO536696190,2022-04-23,2022-04-28,Shipped
552,1632,1110,Delhivery,DEL759666087,2023-07-28,2023-08-02,Delayed
553,397,1057,XpressBees,XPR561296207,2025-09-09,2025-09-15,Out for Delivery
554,2953,1087,XpressBees,XPR171195403,2020-09-01,2020-09-03,Delayed
555,4317,3248,Delhivery,DEL805942351,2022-10-08,2022-10-17,Returned
556,2375,1147,DTDC,DTD134419150,2021-09-14,2021-09-24,Out for Delivery
557,1251,714,Shadowfax,SHA207634238,2023-02-26,2023-02-28,Out for Delivery
558,1881,1464,DTDC,DTD645918755,2024-10-15,2024-10-17,Delayed
559,2007,624,XpressBees,XPR736663899,2023-03-15,2023-03-24,Returned
560,1944,4137,DTDC,DTD397350139,2021-05-27,2021-05-28,Order Placed
561,1737,3734,Ecom Express,ECO401539902,2022-12-25,2022-12-29,Shipped
562,3094,3488,BlueDart,BLU997254881,2020-02-17,2020-02-23,Delivered
563,4024,3262,DTDC,DTD843132626,2026-05-16,2026-05-22,Out for Delivery
564,3928,2110,Delhivery,DEL691913730,2021-03-09,2021-03-14,Returned
565,2149,3421,Shadowfax,SHA270642359,2026-05-28,2026-05-29,Order Placed
566,3866,1812,India Post,IND855583292,2026-03-31,2026-04-04,Delivered
567,3058,174,India Post,IND114707157,2020-06-16,2020-06-18,In Transit
568,557,472,BlueDart,BLU973521952,2021-09-13,2021-09-22,Returned
569,1745,309,DTDC,DTD161941846,2023-05-30,2023-05-31,In Transit
570,1308,4787,Ecom Express,ECO195710369,2021-06-06,2021-06-09,Delivered
571,214,3321,BlueDart,BLU786326512,2021-02-22,2021-03-03,Shipped
572,2972,3062,BlueDart,BLU773840067,2022-10-24,2022-10-27,Delayed
573,1030,995,DTDC,DTD796487305,2022-07-01,2022-07-06,Delivered
574,4659,997,XpressBees,XPR928288792,2020-01-01,2020-01-07,Delayed
575,652,605,DTDC,DTD771824437,2020-11-04,2020-11-14,Shipped
576,396,2366,Ecom Express,ECO314809124,2026-05-11,2026-05-17,Order Placed
577,4016,3551,BlueDart,BLU400659785,2023-10-13,2023-10-20,Returned
578,3932,4189,Delhivery,DEL656378444,2021-01-16,2021-01-22,Returned
579,3868,651,XpressBees,XPR525628635,2025-08-29,2025-09-03,Delayed
580,2028,909,Ecom Express,ECO924558919,2023-09-21,2023-09-25,Returned
581,2493,3010,XpressBees,XPR207381753,2023-02-19,2023-02-26,Returned
582,3352,3335,Delhivery,DEL749550947,2021-02-06,2021-02-10,Delayed
583,4894,4306,Delhivery,DEL401577937,2024-04-10,2024-04-18,Returned
584,231,533,Ecom Express,ECO132002582,2023-01-26,2023-01-31,Shipped
585,649,4221,FedEx,FED656433857,2021-01-25,2021-01-31,Delivered
586,2371,1424,Delhivery,DEL871417472,2024-08-29,2024-08-31,Shipped
587,2313,2196,FedEx,FED982493164,2023-12-12,2023-12-21,Order Placed
588,2452,163,BlueDart,BLU923741941,2020-06-03,2020-06-12,In Transit
589,856,622,Ecom Express,ECO254925979,2026-05-05,2026-05-12,Out for Delivery
590,392,878,FedEx,FED420318768,2022-01-22,2022-01-25,Order Placed
591,540,3304,Shadowfax,SHA116846030,2025-10-20,2025-10-29,Delivered
592,4779,1224,XpressBees,XPR243408701,2021-06-11,2021-06-13,Order Placed
593,895,3699,Ecom Express,ECO338177254,2020-02-14,2020-02-23,In Transit
594,2620,617,BlueDart,BLU382739159,2021-04-01,2021-04-10,Returned
595,235,3598,BlueDart,BLU240545306,2023-02-04,2023-02-08,Shipped
596,3644,4152,FedEx,FED542974068,2023-03-12,2023-03-20,Returned
597,2203,2623,Shadowfax,SHA540399504,2022-11-16,2022-11-26,Delivered
598,3368,2559,Shadowfax,SHA553571531,2025-09-19,2025-09-27,In Transit
599,4852,1054,XpressBees,XPR492012704,2023-07-13,2023-07-18,Out for Delivery
600,1910,1723,FedEx,FED561871272,2026-05-17,2026-05-22,Delivered
601,2634,2081,XpressBees,XPR755389715,2023-11-16,2023-11-19,Order Placed
602,536,4495,India Post,IND116480063,2020-02-13,2020-02-17,In Transit
603,4361,180,BlueDart,BLU367311043,2024-06-05,2024-06-14,Shipped
604,417,2431,India Post,IND260152009,2023-06-24,2023-06-28,Shipped
605,2885,3816,Shadowfax,SHA510899936,2025-04-08,2025-04-09,Shipped
606,2434,4906,Ecom Express,ECO497730729,2022-12-24,2022-12-29,Delayed
607,1429,2424,XpressBees,XPR349695546,2023-08-31,2023-09-01,Delayed
608,3558,4451,India Post,IND948975131,2022-07-05,2022-07-07,Shipped
609,2072,1762,Ecom Express,ECO362858389,2023-02-21,2023-03-01,Shipped
610,1399,3210,XpressBees,XPR752868480,2026-04-11,2026-04-14,Delivered
611,2035,3455,FedEx,FED343181334,2022-09-01,2022-09-04,Delivered
612,2884,2898,Shadowfax,SHA910286673,2025-07-09,2025-07-10,Returned
613,960,800,India Post,IND267661048,2020-08-28,2020-09-06,Delivered
614,3396,3943,XpressBees,XPR344723276,2022-12-25,2022-12-27,In Transit
615,1028,2915,Shadowfax,SHA963068221,2024-09-16,2024-09-19,Order Placed
616,2736,1152,Shadowfax,SHA569928020,2020-04-12,2020-04-17,Order Placed
617,4292,1683,Ecom Express,ECO350976391,2020-11-01,2020-11-05,Shipped
618,2125,4500,Shadowfax,SHA942521278,2021-07-11,2021-07-20,Delivered
619,2131,657,Shadowfax,SHA275941503,2021-07-15,2021-07-21,Delivered
620,2757,1284,India Post,IND295564414,2020-02-24,2020-02-25,Delivered
621,4422,1548,India Post,IND266165466,2023-11-12,2023-11-14,Order Placed
622,1506,2875,India Post,IND596226044,2024-04-28,2024-05-03,Order Placed
623,100,4031,BlueDart,BLU992377865,2022-07-04,2022-07-10,In Transit
624,4667,4620,Shadowfax,SHA127673761,2023-05-13,2023-05-20,Delivered
625,3023,3956,India Post,IND685293447,2021-08-03,2021-08-04,Shipped
626,1244,4593,FedEx,FED720912455,2026-06-04,2026-06-12,In Transit
627,1674,4388,India Post,IND594426930,2023-03-11,2023-03-21,Delayed
628,4763,744,India Post,IND689332227,2021-10-14,2021-10-17,Order Placed
629,2481,1482,Shadowfax,SHA778025181,2020-07-13,2020-07-22,Returned
630,1699,62,India Post,IND712457723,2023-09-09,2023-09-19,Returned
631,2127,541,Ecom Express,ECO159231497,2023-01-10,2023-01-18,Order Placed
632,4580,272,India Post,IND602475352,2026-03-15,2026-03-18,Out for Delivery
633,811,4831,XpressBees,XPR931434507,2023-01-22,2023-01-25,In Transit
634,4230,4287,FedEx,FED155506190,2024-07-31,2024-08-10,Order Placed
635,1294,3934,DTDC,DTD944650813,2023-07-16,2023-07-21,Returned
636,2037,1308,FedEx,FED565052086,2023-12-26,2024-01-05,In Transit
637,1412,1134,XpressBees,XPR841518775,2023-08-14,2023-08-21,Returned
638,3877,1816,XpressBees,XPR462754982,2023-09-11,2023-09-20,Delayed
639,2233,4788,Delhivery,DEL999569220,2023-06-23,2023-06-28,Delayed
640,2306,284,FedEx,FED880782189,2024-04-07,2024-04-13,In Transit
641,4287,3173,Shadowfax,SHA392803265,2021-09-19,2021-09-21,Returned
642,282,134,India Post,IND248501304,2023-11-02,2023-11-08,Returned
643,2812,1030,Shadowfax,SHA626418777,2022-07-05,2022-07-11,Out for Delivery
644,1097,2779,India Post,IND172203208,2025-05-26,2025-06-01,Delivered
645,4018,2115,India Post,IND127570118,2021-09-22,2021-09-28,Returned
646,2006,262,XpressBees,XPR301903032,2023-12-23,2023-12-25,Shipped
647,1397,1896,FedEx,FED628574222,2025-09-19,2025-09-29,Delayed
648,2477,4214,BlueDart,BLU900823414,2023-05-26,2023-06-01,Out for Delivery
649,3474,126,India Post,IND374712513,2022-03-21,2022-03-29,Out for Delivery
650,754,1542,Delhivery,DEL933187075,2022-06-24,2022-06-27,In Transit
651,3880,3689,FedEx,FED170633770,2023-06-06,2023-06-09,Out for Delivery
652,1415,4182,Shadowfax,SHA611345991,2025-05-10,2025-05-14,Returned
653,1729,2372,Delhivery,DEL633423173,2022-11-23,2022-11-25,Delayed
654,3773,4275,Ecom Express,ECO973300592,2025-12-25,2026-01-04,Order Placed
655,1399,712,Ecom Express,ECO802799797,2026-01-20,2026-01-30,Out for Delivery
656,3239,4171,DTDC,DTD592277065,2023-07-12,2023-07-20,Delivered
657,2540,3306,Delhivery,DEL864118762,2023-10-21,2023-10-25,Returned
658,24,1636,FedEx,FED923297388,2020-08-08,2020-08-16,Delivered
659,1620,3804,Delhivery,DEL797499590,2020-09-19,2020-09-23,In Transit
660,3365,2721,Delhivery,DEL178441327,2025-02-22,2025-02-25,Shipped
661,2630,4159,Ecom Express,ECO701908851,2023-06-23,2023-06-28,Out for Delivery
662,3723,4615,India Post,IND765960699,2026-01-16,2026-01-20,Returned
663,218,3245,India Post,IND531915507,2020-08-19,2020-08-29,In Transit
664,583,4396,DTDC,DTD983569970,2022-01-19,2022-01-29,Shipped
665,514,2314,Ecom Express,ECO192479563,2021-05-05,2021-05-08,Delivered
666,310,3071,India Post,IND858398869,2021-03-12,2021-03-14,Order Placed
667,2691,1976,Shadowfax,SHA189342528,2020-07-07,2020-07-11,Order Placed
668,2389,4018,Delhivery,DEL560674740,2026-06-12,2026-06-20,Shipped
669,3810,3001,Shadowfax,SHA290201400,2025-12-29,2026-01-05,Delayed
670,733,3267,BlueDart,BLU249365416,2022-02-06,2022-02-10,Out for Delivery
671,1409,3862,Delhivery,DEL480155627,2020-06-22,2020-06-30,Out for Delivery
672,993,2545,India Post,IND959070445,2024-05-03,2024-05-04,Shipped
673,3107,2205,BlueDart,BLU299247097,2022-05-12,2022-05-18,Order Placed
674,2238,1589,India Post,IND785322121,2024-01-05,2024-01-12,Delayed
675,630,2105,India Post,IND168520636,2022-03-26,2022-03-27,Out for Delivery
676,4929,1868,Shadowfax,SHA400358203,2025-08-10,2025-08-17,Returned
677,1302,2599,XpressBees,XPR481274683,2021-06-13,2021-06-22,Out for Delivery
678,1994,2991,Ecom Express,ECO937752087,2026-06-28,2026-07-02,Delivered
679,4877,289,XpressBees,XPR560318972,2026-08-01,2026-08-11,Delivered
680,958,2722,Ecom Express,ECO162261789,2025-01-20,2025-01-23,Returned
681,4216,3140,BlueDart,BLU520516825,2024-02-06,2024-02-07,Order Placed
682,4279,1673,Delhivery,DEL214486463,2026-06-08,2026-06-10,Delayed
683,4620,4058,BlueDart,BLU904485500,2020-01-22,2020-01-28,Delivered
684,1556,1132,Delhivery,DEL613258865,2025-07-06,2025-07-15,Returned
685,2953,240,DTDC,DTD808682313,2022-08-30,2022-09-06,Order Placed
686,34,2068,FedEx,FED560191755,2021-04-19,2021-04-26,Returned
687,3046,4325,XpressBees,XPR877189123,2022-08-24,2022-08-30,Out for Delivery
688,1473,2610,Delhivery,DEL281918432,2021-10-10,2021-10-15,Shipped
689,4118,4137,Shadowfax,SHA738787951,2024-12-24,2024-12-27,Order Placed
690,1235,749,XpressBees,XPR841540861,2026-03-17,2026-03-18,In Transit
691,2294,4461,BlueDart,BLU872402521,2021-01-12,2021-01-18,Out for Delivery
692,3883,4718,BlueDart,BLU847811304,2021-03-21,2021-03-23,In Transit
693,4100,1950,BlueDart,BLU192001902,2024-01-26,2024-02-01,Delivered
694,2021,13,FedEx,FED142843154,2025-06-13,2025-06-17,In Transit
695,4736,2681,DTDC,DTD138634846,2020-12-13,2020-12-20,Order Placed
696,2018,815,India Post,IND929462403,2024-01-30,2024-02-04,Shipped
697,1244,1510,Ecom Express,ECO799092999,2021-12-23,2021-12-28,Returned
698,2335,3600,BlueDart,BLU644266668,2021-11-16,2021-11-17,Delayed
699,404,488,Shadowfax,SHA958097068,2021-05-16,2021-05-23,Shipped
700,3232,4096,XpressBees,XPR460923792,2022-10-07,2022-10-16,Returned
701,3500,2903,BlueDart,BLU566582783,2025-07-29,2025-08-03,Returned
702,2125,1048,Shadowfax,SHA658172636,2023-07-02,2023-07-05,Returned
703,3673,3025,DTDC,DTD967095573,2020-03-28,2020-04-07,Returned
704,2816,106,Delhivery,DEL749608790,2022-08-23,2022-08-29,In Transit
705,711,2433,DTDC,DTD745627579,2020-09-28,2020-10-07,Out for Delivery
706,3309,4501,FedEx,FED231043651,2025-02-24,2025-03-01,Out for Delivery
707,3027,2901,India Post,IND840745537,2020-01-30,2020-02-02,Returned
708,1623,2009,Delhivery,DEL895131473,2021-10-19,2021-10-25,Out for Delivery
709,2317,4769,Delhivery,DEL384278280,2023-07-10,2023-07-14,Order Placed
710,2406,3509,BlueDart,BLU714567365,2025-04-04,2025-04-08,Out for Delivery
711,2750,905,Ecom Express,ECO891205994,2022-06-12,2022-06-19,Out for Delivery
712,4606,3214,Ecom Express,ECO448497010,2025-12-25,2026-01-01,Returned
713,2599,3992,BlueDart,BLU596855305,2024-12-31,2025-01-03,Out for Delivery
714,424,2546,DTDC,DTD424904005,2025-08-31,2025-09-06,Out for Delivery
715,732,4918,Shadowfax,SHA126700379,2024-09-03,2024-09-06,Out for Delivery
716,890,785,XpressBees,XPR304986259,2021-11-29,2021-12-09,In Transit
717,561,515,BlueDart,BLU563436832,2020-02-27,2020-03-06,Out for Delivery
718,3605,3509,India Post,IND290339270,2023-02-05,2023-02-07,Order Placed
719,3311,721,FedEx,FED663184930,2024-07-31,2024-08-02,Delivered
720,2814,312,India Post,IND768306558,2022-08-12,2022-08-13,Delivered
721,55,720,Delhivery,DEL173402214,2024-11-03,2024-11-11,Delivered
722,3980,4660,India Post,IND688456094,2021-07-23,2021-07-25,Returned
723,2645,4627,FedEx,FED683994283,2025-11-10,2025-11-17,Shipped
724,4548,3603,XpressBees,XPR757939958,2023-04-06,2023-04-12,In Transit
725,1644,764,Delhivery,DEL533738160,2020-05-07,2020-05-13,Delayed
726,3145,4255,Delhivery,DEL981593616,2022-06-20,2022-06-27,Shipped
727,4360,3284,DTDC,DTD629536871,2020-07-07,2020-07-09,In Transit
728,1616,2439,India Post,IND636437190,2022-11-14,2022-11-17,Shipped
729,4863,3,Ecom Express,ECO516340527,2020-11-25,2020-12-02,Shipped
730,986,2523,Ecom Express,ECO827237002,2023-08-14,2023-08-15,Out for Delivery
731,746,1050,Delhivery,DEL333667619,2020-01-16,2020-01-22,Out for Delivery
732,4669,4778,FedEx,FED426299061,2021-11-01,2021-11-07,Order Placed
733,4045,4969,Ecom Express,ECO524361315,2023-02-15,2023-02-22,Shipped
734,1627,2113,India Post,IND989833086,2022-08-19,2022-08-24,Delayed
735,3578,4341,BlueDart,BLU138686368,2021-09-18,2021-09-25,Returned
736,1185,4946,Delhivery,DEL266044039,2024-01-09,2024-01-16,In Transit
737,3388,1995,FedEx,FED514496419,2024-07-15,2024-07-23,Returned
738,197,3669,Shadowfax,SHA152799240,2020-11-16,2020-11-25,Shipped
739,4932,2974,FedEx,FED907552945,2025-01-06,2025-01-15,In Transit
740,3303,3654,BlueDart,BLU294658431,2022-03-22,2022-03-23,In Transit
741,2383,2129,Shadowfax,SHA235785765,2025-04-26,2025-04-28,Delayed
742,2315,4287,FedEx,FED187780230,2023-06-21,2023-06-30,Order Placed
743,77,4308,Ecom Express,ECO321524962,2022-03-11,2022-03-13,Delayed
744,120,1894,Delhivery,DEL424016158,2021-03-21,2021-03-23,Returned
745,3461,2415,Ecom Express,ECO621567526,2025-07-08,2025-07-13,Order Placed
746,4198,4308,DTDC,DTD411653681,2025-05-24,2025-05-27,Delayed
747,2675,2743,XpressBees,XPR328991931,2025-08-18,2025-08-21,Delivered
748,4230,1997,Delhivery,DEL888930365,2024-10-28,2024-11-01,Delivered
749,1103,2875,Delhivery,DEL434632008,2025-09-04,2025-09-11,Delayed
750,777,1892,DTDC,DTD935509923,2025-09-07,2025-09-13,In Transit
751,2352,2072,FedEx,FED292140505,2020-10-19,2020-10-29,In Transit
752,310,4068,DTDC,DTD481935876,2025-07-02,2025-07-08,Delivered
753,2314,2755,India Post,IND386027906,2025-12-02,2025-12-11,Returned
754,3738,2388,DTDC,DTD653211063,2022-06-11,2022-06-12,Order Placed
755,2227,1625,Ecom Express,ECO138602836,2021-03-08,2021-03-15,Shipped
756,346,1639,XpressBees,XPR768920307,2025-12-17,2025-12-18,Out for Delivery
757,1490,601,India Post,IND240849635,2024-03-15,2024-03-24,Delivered
758,1921,2889,FedEx,FED760463743,2020-09-06,2020-09-09,Out for Delivery
759,690,1010,Shadowfax,SHA313060142,2025-03-09,2025-03-18,In Transit
760,3283,4810,BlueDart,BLU331137948,2023-09-27,2023-10-03,Out for Delivery
761,45,87,Ecom Express,ECO843330225,2026-03-27,2026-04-02,Returned
762,3402,4389,DTDC,DTD992795922,2021-08-04,2021-08-11,Order Placed
763,2722,2333,Delhivery,DEL852889349,2023-09-28,2023-10-03,Order Placed
764,1864,1853,XpressBees,XPR267287950,2024-08-26,2024-08-27,Out for Delivery
765,960,3142,Shadowfax,SHA420409736,2023-02-22,2023-03-02,Delivered
766,4022,2768,BlueDart,BLU263061035,2021-01-20,2021-01-30,Delivered
767,4065,3220,Ecom Express,ECO142671443,2020-08-28,2020-09-03,Delayed
768,2828,4720,DTDC,DTD125185096,2022-11-30,2022-12-10,Returned
769,3796,696,FedEx,FED864835422,2022-03-23,2022-03-24,Out for Delivery
770,3422,15,BlueDart,BLU780630111,2022-09-19,2022-09-25,Shipped
771,439,1187,Delhivery,DEL382387658,2026-02-14,2026-02-18,Returned
772,2735,3161,DTDC,DTD970366181,2024-07-05,2024-07-12,Shipped
773,2511,3939,BlueDart,BLU154987126,2023-03-17,2023-03-22,Delivered
774,3470,2557,BlueDart,BLU348019093,2022-10-12,2022-10-21,Delayed
775,2037,4435,XpressBees,XPR430602131,2022-09-11,2022-09-18,Returned
776,3646,3803,India Post,IND757678113,2020-05-24,2020-05-29,In Transit
777,4221,2431,DTDC,DTD407660350,2020-01-21,2020-01-24,Returned
778,1038,4577,XpressBees,XPR678617446,2024-05-23,2024-05-29,Out for Delivery
779,4636,3990,Delhivery,DEL117645238,2023-07-29,2023-08-02,Returned
780,4203,1210,FedEx,FED903215881,2025-10-05,2025-10-10,Out for Delivery
781,4795,2696,XpressBees,XPR472954139,2026-03-12,2026-03-17,Out for Delivery
782,386,416,India Post,IND503943874,2022-05-10,2022-05-20,Returned
783,2951,2574,India Post,IND113014811,2026-08-08,2026-08-16,Delayed
784,70,33,India Post,IND715653265,2023-02-12,2023-02-22,Order Placed
785,2502,2095,BlueDart,BLU357970500,2023-07-22,2023-07-27,Returned
786,3574,1267,Delhivery,DEL399985728,2021-09-02,2021-09-08,Shipped
787,4414,588,India Post,IND164991612,2021-11-11,2021-11-18,Delivered
788,3964,401,BlueDart,BLU140280603,2024-12-15,2024-12-19,Returned
789,3224,2508,India Post,IND512563470,2025-11-26,2025-11-30,Delayed
790,4841,895,XpressBees,XPR754781849,2025-04-19,2025-04-29,Order Placed
791,3546,653,Ecom Express,ECO424845110,2023-03-24,2023-04-03,Delivered
792,385,561,Delhivery,DEL310098021,2024-10-04,2024-10-14,Delayed
793,1925,1485,Delhivery,DEL434191572,2022-04-21,2022-04-28,Shipped
794,1610,3952,BlueDart,BLU779514188,2020-12-19,2020-12-27,Order Placed
795,834,4059,Shadowfax,SHA425979017,2025-09-27,2025-09-28,Order Placed
796,3345,1216,Ecom Express,ECO577555123,2020-08-17,2020-08-22,Returned
797,2504,4526,Shadowfax,SHA416638383,2025-11-30,2025-12-10,Delivered
798,2810,3066,FedEx,FED433755304,2023-10-24,2023-11-03,Delayed
799,1247,3793,XpressBees,XPR927545477,2023-01-11,2023-01-12,Delivered
800,3613,1111,BlueDart,BLU351177209,2021-03-10,2021-03-15,Delivered
801,809,4716,Delhivery,DEL125667779,2023-12-08,2023-12-17,Shipped
802,3015,761,Shadowfax,SHA537274511,2022-03-15,2022-03-25,In Transit
803,480,997,India Post,IND846022720,2023-07-31,2023-08-04,Returned
804,3539,2432,Shadowfax,SHA870970115,2024-06-04,2024-06-05,Shipped
805,73,2475,Shadowfax,SHA310392937,2023-08-29,2023-08-31,Delivered
806,1015,1892,XpressBees,XPR729525439,2021-01-17,2021-01-20,Delivered
807,1464,1731,Ecom Express,ECO365030653,2021-10-26,2021-10-29,Delayed
808,308,1915,FedEx,FED454853881,2026-06-18,2026-06-25,In Transit
809,2157,2773,BlueDart,BLU288880226,2025-08-05,2025-08-07,In Transit
810,972,1083,India Post,IND388050197,2026-05-23,2026-05-24,Delayed
811,4170,3964,Shadowfax,SHA343320371,2020-08-29,2020-08-30,Shipped
812,2320,4,Delhivery,DEL566398293,2021-08-03,2021-08-12,Shipped
813,4628,3437,XpressBees,XPR311968223,2024-08-10,2024-08-15,Returned
814,2845,4876,Delhivery,DEL761048125,2022-06-09,2022-06-16,Out for Delivery
815,4526,3724,BlueDart,BLU294418159,2022-10-23,2022-11-02,Delivered
816,4746,3797,FedEx,FED457857298,2024-08-19,2024-08-24,Delayed
817,2234,224,DTDC,DTD555230260,2021-04-15,2021-04-18,Delivered
818,875,2629,Shadowfax,SHA399214835,2026-01-16,2026-01-21,Delayed
819,485,1414,Ecom Express,ECO630622524,2025-10-07,2025-10-11,Out for Delivery
820,1037,2729,FedEx,FED332866995,2024-12-18,2024-12-27,Delayed
821,986,1511,BlueDart,BLU398324595,2024-12-13,2024-12-14,Returned
822,1156,357,Ecom Express,ECO118679569,2025-09-04,2025-09-11,In Transit
823,4964,481,DTDC,DTD523526552,2024-08-30,2024-09-07,In Transit
824,4799,841,Ecom Express,ECO857501859,2022-08-28,2022-09-06,Delayed
825,4444,276,BlueDart,BLU969063909,2024-01-10,2024-01-12,Delayed
826,1943,4478,DTDC,DTD729076240,2021-12-19,2021-12-24,In Transit
827,2015,3908,Delhivery,DEL405313201,2021-07-06,2021-07-07,Returned
828,2369,1569,Ecom Express,ECO285237840,2025-09-10,2025-09-18,In Transit
829,4273,4577,India Post,IND531777240,2026-03-04,2026-03-11,Order Placed
830,2943,3410,XpressBees,XPR678981524,2025-02-15,2025-02-20,Delayed
831,346,3059,DTDC,DTD308021469,2024-10-01,2024-10-08,Delivered
832,2812,436,DTDC,DTD678879478,2026-07-29,2026-08-01,Shipped
833,4035,2188,Shadowfax,SHA681071908,2024-10-22,2024-10-26,Delivered
834,1379,163,FedEx,FED121838179,2024-12-20,2024-12-30,Order Placed
835,315,1925,Delhivery,DEL958039738,2020-07-02,2020-07-06,Shipped
836,1429,4412,BlueDart,BLU598455159,2025-12-30,2026-01-03,In Transit
837,660,1151,Ecom Express,ECO516958390,2026-01-09,2026-01-18,Delivered
838,2065,2054,Shadowfax,SHA551486292,2025-09-21,2025-09-28,Delivered
839,4932,1518,FedEx,FED222208792,2025-01-22,2025-01-23,Delayed
840,2224,3014,XpressBees,XPR247183959,2024-01-01,2024-01-11,Delivered
841,2228,3816,Delhivery,DEL672701688,2022-08-24,2022-08-30,Returned
842,3286,3870,India Post,IND209993564,2024-01-10,2024-01-14,Shipped
843,4191,4379,Ecom Express,ECO258212613,2023-01-23,2023-01-25,Order Placed
844,2036,3023,BlueDart,BLU627562036,2022-03-18,2022-03-28,Delayed
845,4009,297,Delhivery,DEL442066151,2021-08-05,2021-08-14,Shipped
846,1773,361,Ecom Express,ECO449428233,2024-09-24,2024-10-01,Delivered
847,1145,465,Ecom Express,ECO771776923,2020-01-02,2020-01-05,Returned
848,4227,3401,FedEx,FED918151962,2020-04-23,2020-05-02,Order Placed
849,571,1583,India Post,IND588524295,2024-05-23,2024-05-30,Order Placed
850,2706,899,FedEx,FED735077685,2025-08-03,2025-08-09,Order Placed
851,1486,649,BlueDart,BLU684060455,2022-05-15,2022-05-25,Delivered
852,1753,3735,Delhivery,DEL541671294,2021-05-13,2021-05-17,In Transit
853,3902,3450,FedEx,FED209994274,2023-01-31,2023-02-03,Shipped
854,3658,464,FedEx,FED891251192,2023-10-16,2023-10-24,Delivered
855,2918,3660,Ecom Express,ECO632669167,2021-07-02,2021-07-11,Shipped
856,2818,1797,Shadowfax,SHA979668206,2020-08-05,2020-08-13,Shipped
857,3761,3480,BlueDart,BLU490920143,2025-01-04,2025-01-14,Shipped
858,4045,986,FedEx,FED348000931,2023-04-22,2023-05-02,Delayed
859,843,2389,XpressBees,XPR411415669,2024-05-02,2024-05-10,Out for Delivery
860,723,2916,Delhivery,DEL155901481,2026-01-18,2026-01-20,Delivered
861,3260,2926,Delhivery,DEL119378047,2021-04-06,2021-04-10,Order Placed
862,1974,1833,DTDC,DTD638168544,2020-01-20,2020-01-29,Order Placed
863,1139,4525,XpressBees,XPR721751609,2025-02-14,2025-02-24,Returned
864,1267,2122,FedEx,FED879351589,2020-02-28,2020-03-05,Out for Delivery
865,3143,1247,Ecom Express,ECO172986324,2020-12-24,2021-01-01,In Transit
866,4248,4453,Delhivery,DEL108076942,2020-07-02,2020-07-03,Order Placed
867,3672,4673,Shadowfax,SHA480047782,2021-02-23,2021-03-05,Shipped
868,1408,651,XpressBees,XPR620616744,2020-05-12,2020-05-15,Out for Delivery
869,4250,248,Delhivery,DEL474185448,2022-12-30,2023-01-04,Returned
870,2101,4057,Delhivery,DEL292225526,2021-05-31,2021-06-02,Delayed
871,445,4082,Shadowfax,SHA905064402,2025-06-25,2025-06-28,Shipped
872,2981,1205,DTDC,DTD641500157,2022-03-14,2022-03-22,Shipped
873,3429,4546,FedEx,FED683932566,2021-11-11,2021-11-13,Delivered
874,4432,75,Shadowfax,SHA931702198,2023-07-21,2023-07-30,Delayed
875,3914,2005,Delhivery,DEL186880803,2020-04-12,2020-04-19,In Transit
876,2825,3884,XpressBees,XPR195647740,2025-10-28,2025-11-01,Delivered
877,3410,429,Delhivery,DEL958144778,2025-02-02,2025-02-11,Out for Delivery
878,4790,3170,BlueDart,BLU730741257,2021-04-30,2021-05-03,Shipped
879,1321,579,BlueDart,BLU815440039,2020-06-18,2020-06-20,Order Placed
880,1526,3187,India Post,IND761447858,2025-11-13,2025-11-15,Order Placed
881,665,3713,DTDC,DTD458810313,2022-05-27,2022-06-01,In Transit
882,4504,1935,XpressBees,XPR293479016,2020-07-22,2020-07-23,Delayed
883,2147,3762,BlueDart,BLU497844471,2022-10-21,2022-10-30,Shipped
884,3369,2209,BlueDart,BLU712399233,2023-12-09,2023-12-17,Delayed
885,4120,1231,Shadowfax,SHA783723773,2021-08-07,2021-08-14,In Transit
886,1417,4693,India Post,IND177960674,2023-02-26,2023-02-27,Order Placed
887,4096,1311,India Post,IND779253378,2023-09-27,2023-10-01,In Transit
888,1512,2299,Delhivery,DEL765129329,2023-12-04,2023-12-07,In Transit
889,4169,3715,FedEx,FED678732026,2020-09-09,2020-09-10,In Transit
890,1609,638,India Post,IND565826561,2021-12-19,2021-12-23,Delivered
891,587,922,Shadowfax,SHA129356326,2026-06-22,2026-06-26,Out for Delivery
892,1900,3486,Delhivery,DEL753993230,2020-08-20,2020-08-24,Order Placed
893,3200,813,XpressBees,XPR812675240,2023-09-28,2023-10-01,Delayed
894,3728,1092,Shadowfax,SHA846992109,2021-08-11,2021-08-19,Order Placed
895,4622,1287,FedEx,FED809045751,2022-06-25,2022-07-05,Out for Delivery
896,4731,2065,XpressBees,XPR178327028,2022-05-20,2022-05-27,Delayed
897,4547,3056,XpressBees,XPR236242895,2024-03-15,2024-03-21,Shipped
898,340,1406,FedEx,FED984818618,2022-01-29,2022-02-01,Order Placed
899,643,4699,Delhivery,DEL762502311,2024-03-17,2024-03-19,Order Placed
900,3325,1389,XpressBees,XPR666030836,2021-08-11,2021-08-14,Shipped
901,1873,4941,BlueDart,BLU536976592,2024-08-16,2024-08-24,Returned
902,1782,4634,Ecom Express,ECO675302591,2020-11-01,2020-11-05,In Transit
903,2354,4453,DTDC,DTD823904312,2026-01-07,2026-01-15,Delayed
904,2622,1442,DTDC,DTD325263292,2021-07-26,2021-08-02,Returned
905,4118,4407,Delhivery,DEL719344542,2021-11-30,2021-12-01,Out for Delivery
906,441,1608,India Post,IND751745728,2021-08-21,2021-08-27,Out for Delivery
907,726,3977,BlueDart,BLU127563182,2021-01-21,2021-01-27,Delivered
908,472,3491,Delhivery,DEL274887981,2024-12-18,2024-12-19,In Transit
909,2262,2027,BlueDart,BLU825620410,2021-08-02,2021-08-03,Delayed
910,2436,1544,XpressBees,XPR355873805,2022-01-03,2022-01-11,Out for Delivery
911,1891,3922,DTDC,DTD758255240,2021-08-06,2021-08-14,Returned
912,3885,1537,XpressBees,XPR377448263,2022-03-25,2022-04-02,Out for Delivery
913,511,1317,Shadowfax,SHA470556063,2024-11-14,2024-11-22,Out for Delivery
914,4368,3943,XpressBees,XPR774447683,2025-01-28,2025-02-03,Out for Delivery
915,4669,1319,BlueDart,BLU431306035,2025-05-10,2025-05-11,Delayed
916,4394,324,Ecom Express,ECO294778070,2021-06-05,2021-06-07,In Transit
917,416,2774,XpressBees,XPR654513197,2025-12-31,2026-01-06,Delayed
918,1856,1690,BlueDart,BLU261873231,2025-11-18,2025-11-19,Out for Delivery
919,778,2,DTDC,DTD489345539,2021-12-03,2021-12-04,Returned
920,99,1492,XpressBees,XPR793644434,2024-04-19,2024-04-20,Delayed
921,3236,3569,India Post,IND113942860,2026-01-27,2026-01-28,Returned
922,3821,4376,Shadowfax,SHA682970964,2021-11-17,2021-11-20,Order Placed
923,3130,1545,BlueDart,BLU360513683,2023-12-18,2023-12-20,Shipped
924,2633,2076,BlueDart,BLU160026541,2024-12-14,2024-12-15,Delivered
925,380,3619,DTDC,DTD963823733,2020-10-18,2020-10-21,Shipped
926,3922,60,BlueDart,BLU908840590,2021-11-04,2021-11-10,Out for Delivery
927,4005,3334,BlueDart,BLU528209132,2022-09-10,2022-09-19,Returned
928,1614,2239,Ecom Express,ECO372845212,2020-08-19,2020-08-22,Shipped
929,3274,3587,Delhivery,DEL928822177,2022-07-18,2022-07-24,Order Placed
930,706,305,Ecom Express,ECO119325787,2021-01-09,2021-01-14,Shipped
931,3228,3729,Ecom Express,ECO951198529,2022-08-09,2022-08-13,Order Placed
932,424,867,FedEx,FED347739252,2021-04-02,2021-04-03,Order Placed
933,837,3439,India Post,IND784309943,2026-06-26,2026-07-06,Returned
934,1085,609,Ecom Express,ECO769864725,2022-09-16,2022-09-24,Returned
935,3272,2544,BlueDart,BLU903055634,2026-02-18,2026-02-28,Delayed
936,1274,3207,Ecom Express,ECO166186734,2022-12-16,2022-12-23,Order Placed
937,410,4527,India Post,IND285307481,2020-09-19,2020-09-22,In Transit
938,3153,1138,FedEx,FED137445127,2021-03-26,2021-04-02,Delayed
939,3766,1145,India Post,IND702752796,2025-11-28,2025-12-01,Out for Delivery
940,1597,3488,BlueDart,BLU556672551,2023-05-31,2023-06-02,Returned
941,2312,4036,DTDC,DTD188123347,2021-02-09,2021-02-16,Shipped
942,427,1442,Shadowfax,SHA579167416,2022-07-03,2022-07-05,Delivered
943,3425,4438,Ecom Express,ECO638566951,2022-08-17,2022-08-18,Out for Delivery
944,4504,616,BlueDart,BLU309210296,2022-01-13,2022-01-15,Order Placed
945,2604,2703,Ecom Express,ECO260404932,2020-01-19,2020-01-25,In Transit
946,2329,3116,FedEx,FED783561496,2021-05-05,2021-05-11,Delivered
947,493,196,Ecom Express,ECO676626324,2026-03-02,2026-03-09,Out for Delivery
948,2129,2359,BlueDart,BLU801175263,2024-12-26,2024-12-29,Delayed
949,4588,1061,Ecom Express,ECO294920475,2025-04-02,2025-04-05,Shipped
950,3880,3451,DTDC,DTD877198922,2024-04-04,2024-04-13,Returned
951,3350,645,FedEx,FED199351024,2020-05-10,2020-05-17,In Transit
952,3772,3628,BlueDart,BLU455130885,2023-03-13,2023-03-22,Shipped
953,797,1909,India Post,IND927022493,2023-07-07,2023-07-15,Returned
954,1023,1400,Delhivery,DEL764325798,2026-02-22,2026-03-04,Delivered
955,3128,154,Shadowfax,SHA285667855,2025-04-18,2025-04-20,In Transit
956,3840,230,BlueDart,BLU295951737,2021-07-11,2021-07-20,Shipped
957,4309,1658,Ecom Express,ECO314575089,2020-08-01,2020-08-02,Order Placed
958,3037,3901,Delhivery,DEL176094770,2021-07-03,2021-07-11,Order Placed
959,890,4306,DTDC,DTD736046195,2022-08-21,2022-08-28,Out for Delivery
960,2065,3813,FedEx,FED862663005,2021-10-23,2021-10-26,Delivered
961,4207,135,FedEx,FED453036659,2020-07-31,2020-08-05,Delayed
962,2316,700,FedEx,FED507480341,2023-10-24,2023-10-30,Order Placed
963,4783,1901,DTDC,DTD741133060,2021-05-05,2021-05-13,Shipped
964,93,4541,India Post,IND548491652,2024-11-07,2024-11-15,Out for Delivery
965,1071,4700,Delhivery,DEL663850928,2022-05-29,2022-06-06,In Transit
966,4656,3753,XpressBees,XPR921933260,2022-10-06,2022-10-12,Order Placed
967,1658,4527,Shadowfax,SHA105731302,2026-01-31,2026-02-08,Order Placed
968,155,3961,Delhivery,DEL413222848,2022-04-24,2022-05-04,Delayed
969,339,1804,Shadowfax,SHA782337174,2022-09-04,2022-09-11,Delivered
970,282,3668,FedEx,FED281383158,2020-04-23,2020-05-01,Delayed
971,325,4845,DTDC,DTD928013329,2023-11-28,2023-12-05,Returned
972,2286,2665,DTDC,DTD791548063,2025-02-10,2025-02-13,Returned
973,1625,3511,BlueDart,BLU582978970,2020-07-31,2020-08-06,In Transit
974,5000,573,Ecom Express,ECO738825063,2021-05-15,2021-05-22,Out for Delivery
975,1074,3304,FedEx,FED308533968,2025-10-09,2025-10-13,Delayed
976,3054,4367,FedEx,FED100729930,2026-04-10,2026-04-17,Shipped
977,3254,2049,Ecom Express,ECO846217669,2026-05-29,2026-06-08,Delayed
978,3771,2388,XpressBees,XPR240349261,2025-05-03,2025-05-10,Delivered
979,3634,1057,Shadowfax,SHA804465105,2023-05-26,2023-06-04,Order Placed
980,2048,2192,DTDC,DTD295580735,2021-07-07,2021-07-12,Delivered
981,1343,1614,DTDC,DTD913932137,2025-10-10,2025-10-12,Delivered
982,4790,2225,DTDC,DTD740417085,2023-02-27,2023-03-06,Returned
983,4014,3583,India Post,IND833262356,2024-01-09,2024-01-19,Shipped
984,413,3048,India Post,IND727908589,2025-07-09,2025-07-16,Order Placed
985,958,4896,FedEx,FED831748721,2025-06-22,2025-07-02,In Transit
986,1971,3803,Ecom Express,ECO560418601,2021-11-10,2021-11-17,Delayed
987,3329,3657,Ecom Express,ECO944356498,2025-02-12,2025-02-16,In Transit
988,1949,2631,Delhivery,DEL117867659,2023-07-29,2023-08-05,Delivered
989,2061,2342,FedEx,FED231299732,2023-02-08,2023-02-09,Returned
990,3001,2583,BlueDart,BLU290802933,2022-08-12,2022-08-20,Order Placed
991,4852,796,Ecom Express,ECO278917923,2025-01-13,2025-01-17,Delivered
992,587,3546,FedEx,FED980495013,2021-04-27,2021-05-04,Returned
993,847,4629,BlueDart,BLU893084998,2025-06-04,2025-06-11,Delivered
994,1093,1408,Shadowfax,SHA885170145,2020-01-05,2020-01-07,Shipped
995,949,3043,XpressBees,XPR596116063,2021-10-05,2021-10-11,Shipped
996,1196,3951,Ecom Express,ECO836296271,2026-01-02,2026-01-06,Shipped
997,1528,1012,DTDC,DTD527175199,2025-11-15,2025-11-17,Delivered
998,4344,1935,BlueDart,BLU187523997,2024-05-03,2024-05-05,Delayed
999,4973,4815,Shadowfax,SHA851100871,2020-10-17,2020-10-18,Shipped
1000,526,4553,XpressBees,XPR972522310,2022-08-09,2022-08-11,Shipped
1001,2332,2714,India Post,IND880297651,2022-06-07,2022-06-17,Delivered
1002,4344,979,FedEx,FED377768895,2020-08-06,2020-08-07,Order Placed
1003,1344,2417,FedEx,FED226342872,2025-04-13,2025-04-20,Delivered
1004,4957,2792,XpressBees,XPR308000073,2022-07-16,2022-07-18,In Transit
1005,4172,3610,FedEx,FED635118486,2025-03-10,2025-03-19,Delivered
1006,2904,4659,Shadowfax,SHA246943291,2023-07-17,2023-07-24,In Transit
1007,4173,2823,Delhivery,DEL422817608,2024-10-23,2024-10-30,Returned
1008,3805,4915,DTDC,DTD504066318,2023-06-04,2023-06-07,Out for Delivery
1009,4324,1056,DTDC,DTD502582502,2026-03-22,2026-04-01,Order Placed
1010,123,3246,India Post,IND429646408,2022-09-23,2022-09-29,Delivered
1011,1595,2342,DTDC,DTD143361009,2022-04-08,2022-04-13,Order Placed
1012,2607,2926,FedEx,FED420035724,2022-07-30,2022-07-31,Delayed
1013,4439,1911,BlueDart,BLU553903884,2023-09-13,2023-09-21,Shipped
1014,861,2772,Delhivery,DEL337887935,2021-01-25,2021-02-01,Shipped
1015,2585,837,Delhivery,DEL751804202,2024-07-20,2024-07-27,Returned
1016,1319,4498,India Post,IND839432847,2025-12-16,2025-12-21,Delayed
1017,127,1028,Delhivery,DEL340233506,2024-11-21,2024-11-28,Out for Delivery
1018,4664,1603,FedEx,FED593203372,2021-12-11,2021-12-12,Delayed
1019,115,4701,FedEx,FED163781102,2022-09-22,2022-10-01,In Transit
1020,1722,819,Ecom Express,ECO232421261,2021-08-08,2021-08-18,Shipped
1021,1540,3300,DTDC,DTD841535391,2025-05-03,2025-05-08,Delivered
1022,4121,3852,Delhivery,DEL732827299,2023-12-29,2024-01-01,Returned
1023,64,441,DTDC,DTD880050724,2020-11-26,2020-11-29,Order Placed
1024,4887,2288,Shadowfax,SHA356355243,2020-08-29,2020-08-30,Delivered
1025,4924,813,India Post,IND525609691,2026-03-01,2026-03-10,Order Placed
1026,3238,4901,India Post,IND275231759,2026-04-24,2026-05-04,Returned
1027,4334,4777,FedEx,FED207309865,2021-08-17,2021-08-24,Shipped
1028,1279,3870,Ecom Express,ECO617923721,2024-11-09,2024-11-10,In Transit
1029,309,2786,India Post,IND382886342,2024-10-18,2024-10-20,Shipped
1030,4879,2653,DTDC,DTD451349860,2023-11-20,2023-11-27,Out for Delivery
1031,4912,1344,India Post,IND772186916,2024-06-27,2024-07-06,Shipped
1032,3963,4525,FedEx,FED617372253,2025-11-24,2025-12-03,Out for Delivery
1033,618,2639,XpressBees,XPR651923506,2020-09-15,2020-09-24,Delayed
1034,331,3971,BlueDart,BLU665203954,2020-09-29,2020-10-04,Returned
1035,4204,813,Delhivery,DEL765163679,2022-08-19,2022-08-22,Out for Delivery
1036,3822,1599,XpressBees,XPR247187864,2024-06-28,2024-07-04,Delivered
1037,512,2864,Ecom Express,ECO453783386,2026-05-06,2026-05-12,Order Placed
1038,3145,1186,FedEx,FED724325454,2020-06-07,2020-06-16,Delayed
1039,845,2673,DTDC,DTD358612732,2021-08-06,2021-08-14,Shipped
1040,3689,38,BlueDart,BLU924474226,2021-01-08,2021-01-15,Delayed
1041,600,4220,BlueDart,BLU205866099,2020-05-31,2020-06-06,Out for Delivery
1042,4489,940,India Post,IND658303027,2020-04-06,2020-04-11,Returned
1043,4694,2149,XpressBees,XPR453970349,2025-09-12,2025-09-13,Shipped
1044,3725,4916,India Post,IND802601244,2023-12-03,2023-12-11,Delayed
1045,4975,1325,Delhivery,DEL584647019,2024-11-26,2024-12-05,Delivered
1046,146,3112,Ecom Express,ECO835211519,2024-12-22,2025-01-01,Delivered
1047,1874,101,FedEx,FED106167813,2020-09-18,2020-09-23,In Transit
1048,201,2099,India Post,IND856689843,2022-07-20,2022-07-22,Order Placed
1049,1906,4992,India Post,IND612675665,2022-01-05,2022-01-13,Delivered
1050,1579,1460,FedEx,FED617025038,2021-01-29,2021-01-30,Shipped
1051,3606,2721,Shadowfax,SHA294885635,2026-02-26,2026-03-03,Shipped
1052,2479,4177,Shadowfax,SHA680235447,2023-10-27,2023-11-06,Delivered
1053,2215,3089,Shadowfax,SHA328494992,2025-06-21,2025-06-29,Out for Delivery
1054,4581,3380,Shadowfax,SHA330601823,2022-03-05,2022-03-08,Out for Delivery
1055,2665,902,India Post,IND264339452,2025-02-14,2025-02-23,Out for Delivery
1056,5000,2108,Ecom Express,ECO257750510,2024-12-11,2024-12-16,Order Placed
1057,1453,1200,DTDC,DTD673404050,2023-09-03,2023-09-12,Delivered
1058,2831,4265,Ecom Express,ECO636446537,2026-08-03,2026-08-07,Delayed
1059,4975,4637,Ecom Express,ECO667307080,2022-02-26,2022-03-01,Delayed
1060,693,571,India Post,IND723548355,2021-06-30,2021-07-02,Order Placed
1061,531,1293,FedEx,FED636305705,2021-05-14,2021-05-21,Delivered
1062,1481,1873,FedEx,FED245151554,2024-06-25,2024-07-05,Order Placed
1063,3659,3063,XpressBees,XPR674182328,2023-07-21,2023-07-22,In Transit
1064,4650,1445,Delhivery,DEL638791386,2026-05-04,2026-05-12,Delivered
1065,4752,3003,BlueDart,BLU128537425,2020-06-01,2020-06-11,Out for Delivery
1066,825,810,India Post,IND701456285,2025-07-23,2025-07-31,Order Placed
1067,2769,2953,Shadowfax,SHA412967468,2020-05-19,2020-05-28,Shipped
1068,4198,1932,FedEx,FED920415102,2026-04-08,2026-04-12,Order Placed
1069,920,1411,Shadowfax,SHA914435397,2021-06-08,2021-06-09,Shipped
1070,3500,3895,Shadowfax,SHA295178708,2023-02-20,2023-02-22,Delayed
1071,2949,4038,Ecom Express,ECO223238652,2023-02-08,2023-02-16,Delivered
1072,2348,2978,BlueDart,BLU305084266,2022-12-31,2023-01-08,Returned
1073,4458,1553,XpressBees,XPR500763227,2020-05-20,2020-05-28,Order Placed
1074,4333,1673,India Post,IND984794230,2026-07-24,2026-08-02,Order Placed
1075,4789,1046,Shadowfax,SHA336462925,2022-08-07,2022-08-13,Returned
1076,3369,1293,XpressBees,XPR851508370,2020-01-03,2020-01-09,Out for Delivery
1077,2307,1945,Delhivery,DEL470640360,2020-11-15,2020-11-16,In Transit
1078,4363,4134,FedEx,FED408919295,2022-07-16,2022-07-23,Out for Delivery
1079,923,1045,BlueDart,BLU483512729,2024-07-03,2024-07-10,Shipped
1080,4317,4783,Shadowfax,SHA917898300,2020-05-22,2020-05-27,Shipped
1081,4974,437,FedEx,FED655728220,2024-01-03,2024-01-12,Delivered
1082,3651,1920,XpressBees,XPR972860986,2026-05-21,2026-05-26,Order Placed
1083,4739,2436,Ecom Express,ECO688306770,2023-05-06,2023-05-11,Delivered
1084,4863,1698,Shadowfax,SHA687532752,2023-11-13,2023-11-17,Shipped
1085,1474,3625,Ecom Express,ECO254331686,2021-11-09,2021-11-14,Out for Delivery
1086,3943,3702,Delhivery,DEL571545722,2022-03-18,2022-03-20,Out for Delivery
1087,2512,3743,DTDC,DTD442247702,2024-08-17,2024-08-20,Delayed
1088,367,3069,Delhivery,DEL946329984,2020-12-25,2020-12-30,Delivered
1089,1537,4488,FedEx,FED751702487,2021-03-29,2021-04-03,Delivered
1090,2879,1541,India Post,IND887827043,2024-02-23,2024-03-03,Order Placed
1091,4272,4993,Ecom Express,ECO758734337,2021-05-03,2021-05-12,Returned
1092,3213,4574,BlueDart,BLU291857524,2022-06-16,2022-06-17,Returned
1093,388,1005,BlueDart,BLU366018139,2022-02-23,2022-03-01,Delivered
1094,980,1868,DTDC,DTD105965813,2026-03-08,2026-03-10,Returned
1095,1663,3278,Shadowfax,SHA736569424,2023-04-08,2023-04-18,Delayed
1096,3924,888,Ecom Express,ECO364700688,2022-07-20,2022-07-27,Order Placed
1097,4967,2152,FedEx,FED865897006,2022-07-31,2022-08-09,In Transit
1098,3020,3920,Shadowfax,SHA353281340,2022-11-04,2022-11-12,Delivered
1099,4365,2567,Delhivery,DEL676484755,2024-01-25,2024-01-30,Order Placed
1100,2559,1478,Delhivery,DEL824827631,2024-04-18,2024-04-19,Delivered
1101,2008,889,Delhivery,DEL655757638,2024-11-05,2024-11-13,In Transit
1102,218,453,Ecom Express,ECO894470109,2020-08-24,2020-08-27,Shipped
1103,2172,4949,India Post,IND429628802,2026-01-23,2026-01-25,In Transit
1104,4864,3573,BlueDart,BLU353108598,2026-03-07,2026-03-10,Out for Delivery
1105,745,2542,Shadowfax,SHA235413587,2023-07-27,2023-08-03,Returned
1106,808,4636,DTDC,DTD379164902,2022-08-29,2022-09-06,Out for Delivery
1107,4203,1380,FedEx,FED353153227,2023-05-22,2023-05-29,Delayed
1108,691,4857,FedEx,FED983932470,2022-05-22,2022-05-23,Returned
1109,290,592,DTDC,DTD845386057,2022-06-27,2022-06-30,Shipped
1110,2086,631,FedEx,FED956661947,2021-12-10,2021-12-15,Shipped
1111,3095,4558,BlueDart,BLU604055348,2026-01-25,2026-01-29,Returned
1112,2752,1909,Ecom Express,ECO203394079,2026-04-12,2026-04-18,Delayed
1113,3331,3887,Delhivery,DEL313032763,2026-05-20,2026-05-24,Delayed
1114,2602,2931,Shadowfax,SHA265218941,2026-02-14,2026-02-17,Shipped
1115,4411,1815,DTDC,DTD441247063,2024-06-11,2024-06-19,Delayed
1116,1514,3897,XpressBees,XPR720476290,2024-03-09,2024-03-18,Returned
1117,2313,3114,FedEx,FED163215604,2026-01-04,2026-01-13,Out for Delivery
1118,4502,4691,Shadowfax,SHA602286290,2023-03-30,2023-04-02,Delivered
1119,1292,3361,XpressBees,XPR892275725,2020-02-01,2020-02-08,Delivered
1120,1225,4555,Delhivery,DEL252037052,2024-01-10,2024-01-11,Delayed
1121,891,3649,Shadowfax,SHA916099765,2024-05-21,2024-05-29,Shipped
1122,3426,3418,Ecom Express,ECO255795094,2020-05-01,2020-05-08,Delivered
1123,4421,113,XpressBees,XPR239570926,2026-01-12,2026-01-17,Out for Delivery
1124,2649,3535,BlueDart,BLU878555647,2020-09-01,2020-09-08,Out for Delivery
1125,2323,4978,India Post,IND304983122,2023-01-26,2023-01-28,Shipped
1126,4027,4519,India Post,IND260397982,2024-04-10,2024-04-14,Shipped
1127,1285,4556,Delhivery,DEL236778248,2024-10-15,2024-10-24,In Transit
1128,3380,2859,DTDC,DTD855945506,2020-05-19,2020-05-28,Returned
1129,847,1113,XpressBees,XPR214161494,2024-04-04,2024-04-14,Delayed
1130,1612,1360,Shadowfax,SHA543722516,2020-06-02,2020-06-10,Order Placed
1131,864,2596,BlueDart,BLU643519758,2024-07-29,2024-08-02,Delivered
1132,4244,4023,Ecom Express,ECO629265967,2024-04-03,2024-04-06,Returned
1133,3822,3299,Shadowfax,SHA388453636,2020-08-17,2020-08-20,Order Placed
1134,535,3675,BlueDart,BLU882053074,2022-10-07,2022-10-17,Out for Delivery
1135,4632,255,Delhivery,DEL720457818,2020-08-29,2020-09-02,Delayed
1136,3972,1156,Shadowfax,SHA674283348,2025-03-23,2025-03-30,Delayed
1137,918,342,Shadowfax,SHA212771232,2025-05-14,2025-05-17,Order Placed
1138,2452,4655,XpressBees,XPR447576525,2023-04-15,2023-04-17,Shipped
1139,4872,4193,DTDC,DTD209847765,2026-03-03,2026-03-04,In Transit
1140,3549,1519,Shadowfax,SHA937465610,2024-10-08,2024-10-09,In Transit
1141,4179,4483,Ecom Express,ECO655141576,2020-11-25,2020-11-27,Shipped
1142,738,1595,FedEx,FED440341456,2021-11-18,2021-11-21,Out for Delivery
1143,2035,2675,XpressBees,XPR742140428,2024-06-08,2024-06-11,Delivered
1144,2739,3443,DTDC,DTD226443742,2023-01-02,2023-01-08,Delayed
1145,1725,3367,XpressBees,XPR814617406,2020-11-01,2020-11-04,Returned
1146,4803,3479,Shadowfax,SHA583407059,2020-07-01,2020-07-06,Out for Delivery
1147,1565,4076,BlueDart,BLU892784085,2025-01-15,2025-01-24,Shipped
1148,337,257,XpressBees,XPR209493363,2022-07-03,2022-07-08,In Transit
1149,3606,4388,Delhivery,DEL105326340,2022-11-05,2022-11-07,Returned
1150,1656,182,FedEx,FED598558397,2020-10-12,2020-10-15,Order Placed
1151,4286,2517,India Post,IND983232466,2020-01-27,2020-01-29,Delayed
1152,360,4712,Ecom Express,ECO285351698,2025-08-19,2025-08-29,Out for Delivery
1153,2984,892,Shadowfax,SHA216246805,2021-05-04,2021-05-06,Shipped
1154,1074,2566,FedEx,FED460482991,2026-05-13,2026-05-17,In Transit
1155,3974,4458,DTDC,DTD158641581,2020-09-09,2020-09-10,Shipped
1156,4214,2011,Ecom Express,ECO785335673,2021-04-30,2021-05-01,Shipped
1157,3073,2538,India Post,IND712711250,2022-06-24,2022-07-01,Out for Delivery
1158,1561,1367,BlueDart,BLU121892955,2025-03-09,2025-03-14,Delayed
1159,3832,3237,Delhivery,DEL206506674,2020-11-29,2020-12-07,Out for Delivery
1160,1003,2140,Delhivery,DEL833408607,2023-10-07,2023-10-09,Delayed
1161,2135,1348,Delhivery,DEL569198840,2021-02-23,2021-03-04,Out for Delivery
1162,2692,343,Delhivery,DEL416561861,2026-02-26,2026-03-03,Returned
1163,428,2646,Ecom Express,ECO755698630,2025-02-21,2025-02-25,Returned
1164,4314,3195,Delhivery,DEL873704416,2024-02-03,2024-02-08,Delivered
1165,1831,4078,XpressBees,XPR886341139,2024-02-03,2024-02-07,In Transit
1166,3186,4661,BlueDart,BLU398981506,2025-11-20,2025-11-24,Returned
1167,3134,1059,Shadowfax,SHA195611248,2024-07-18,2024-07-28,Shipped
1168,2798,4648,XpressBees,XPR169677644,2021-11-08,2021-11-12,Delayed
1169,4840,3996,XpressBees,XPR748577356,2023-04-12,2023-04-22,Delayed
1170,2163,478,DTDC,DTD832509025,2020-03-12,2020-03-14,Returned
1171,4572,2200,Delhivery,DEL559278126,2024-07-18,2024-07-22,In Transit
1172,808,4090,BlueDart,BLU794515589,2020-09-18,2020-09-21,Delivered
1173,29,2744,Ecom Express,ECO763370636,2021-09-17,2021-09-18,Out for Delivery
1174,435,2490,Delhivery,DEL799604097,2023-02-05,2023-02-06,Delayed
1175,2022,4076,FedEx,FED357538164,2023-03-31,2023-04-03,Delivered
1176,2778,1511,DTDC,DTD109032879,2024-08-25,2024-08-28,Delivered
1177,3662,3311,Shadowfax,SHA879300502,2024-02-21,2024-02-25,Shipped
1178,4555,1851,XpressBees,XPR854159919,2022-08-31,2022-09-05,Order Placed
1179,4564,4977,XpressBees,XPR319693811,2024-02-21,2024-03-02,Delayed
1180,1015,252,BlueDart,BLU320178717,2023-04-08,2023-04-14,Returned
1181,4128,3443,BlueDart,BLU536102896,2021-08-01,2021-08-10,Delivered
1182,2031,1161,BlueDart,BLU813082627,2020-04-17,2020-04-24,Delayed
1183,1589,3133,FedEx,FED727958163,2022-07-13,2022-07-22,Shipped
1184,2989,2773,India Post,IND789063636,2024-08-03,2024-08-08,Returned
1185,1251,2563,BlueDart,BLU582899077,2022-12-27,2023-01-01,Order Placed
1186,4608,210,India Post,IND507966765,2021-05-31,2021-06-07,Delivered
1187,4170,474,Delhivery,DEL693587367,2020-10-06,2020-10-12,Shipped
1188,2725,2915,Ecom Express,ECO909784194,2022-07-05,2022-07-12,In Transit
1189,4412,923,Ecom Express,ECO765272692,2026-01-07,2026-01-16,Returned
1190,3565,4021,India Post,IND585504420,2025-09-11,2025-09-19,Delivered
1191,1896,2867,Shadowfax,SHA888865546,2020-03-11,2020-03-18,Returned
1192,2555,2892,FedEx,FED618756036,2025-12-01,2025-12-02,Delivered
1193,4800,2638,DTDC,DTD821187014,2022-08-05,2022-08-07,Returned
1194,1148,1562,Ecom Express,ECO907614466,2022-08-06,2022-08-09,Delivered
1195,2332,315,FedEx,FED995158356,2020-09-27,2020-10-01,Returned
1196,4924,612,Shadowfax,SHA638284224,2026-03-13,2026-03-22,Out for Delivery
1197,1338,1748,DTDC,DTD948216411,2022-09-13,2022-09-21,Delayed
1198,1540,4298,Shadowfax,SHA423875530,2024-12-21,2024-12-26,Out for Delivery
1199,3547,2399,DTDC,DTD503858788,2020-10-31,2020-11-02,In Transit
1200,1204,1861,XpressBees,XPR264858098,2021-06-20,2021-06-23,Delivered
1201,2805,805,FedEx,FED512709059,2021-09-30,2021-10-08,Out for Delivery
1202,3793,3683,BlueDart,BLU832172636,2024-04-04,2024-04-08,Returned
1203,1170,512,XpressBees,XPR815106405,2022-07-05,2022-07-07,Delivered
1204,2520,3108,BlueDart,BLU793111323,2023-11-09,2023-11-18,In Transit
1205,4807,1754,Shadowfax,SHA113717679,2021-11-18,2021-11-20,Delivered
1206,498,4793,BlueDart,BLU634058892,2026-03-18,2026-03-25,Delayed
1207,4613,859,India Post,IND963639005,2023-08-22,2023-08-25,Returned
1208,4873,3145,XpressBees,XPR129420653,2026-08-01,2026-08-03,Delayed
1209,3042,773,FedEx,FED269926792,2020-06-17,2020-06-20,Returned
1210,2561,4411,FedEx,FED497969617,2020-07-06,2020-07-13,Out for Delivery
1211,3634,333,Shadowfax,SHA540092491,2024-06-03,2024-06-10,Order Placed
1212,2671,180,XpressBees,XPR169067413,2025-08-29,2025-09-03,Order Placed
1213,4110,947,India Post,IND282808399,2024-07-25,2024-07-31,Returned
1214,2622,3695,Delhivery,DEL163071919,2026-02-19,2026-02-25,In Transit
1215,1014,121,BlueDart,BLU777586560,2024-06-27,2024-06-30,In Transit
1216,1215,1650,India Post,IND105582367,2024-12-11,2024-12-17,Out for Delivery
1217,2508,4942,DTDC,DTD430068964,2022-01-15,2022-01-17,Delayed
1218,2523,1161,India Post,IND520326621,2025-04-27,2025-04-30,Order Placed
1219,4870,4725,Delhivery,DEL566845449,2023-05-26,2023-06-02,In Transit
1220,407,588,XpressBees,XPR740403942,2022-06-07,2022-06-12,Shipped
1221,4506,4843,DTDC,DTD353775308,2020-06-30,2020-07-06,Out for Delivery
1222,2356,2135,Shadowfax,SHA687862025,2025-05-02,2025-05-11,Returned
1223,1433,3112,India Post,IND608573030,2022-09-24,2022-09-27,Order Placed
1224,4368,1223,Delhivery,DEL405901807,2020-05-29,2020-06-07,Order Placed
1225,2286,1860,DTDC,DTD779734579,2023-08-24,2023-08-29,Shipped
1226,2064,3781,XpressBees,XPR601833402,2023-07-15,2023-07-18,Order Placed
1227,2954,3908,Ecom Express,ECO281019151,2023-08-22,2023-08-31,In Transit
1228,3077,487,Ecom Express,ECO979737123,2020-10-22,2020-10-27,Out for Delivery
1229,2940,4046,FedEx,FED590980148,2026-06-05,2026-06-10,Delayed
1230,3543,2417,India Post,IND842760177,2023-07-09,2023-07-14,Delivered
1231,4537,312,Delhivery,DEL882359612,2023-03-19,2023-03-20,Out for Delivery
1232,3224,148,FedEx,FED777088412,2021-03-21,2021-03-31,Returned
1233,950,2511,DTDC,DTD125237223,2025-04-11,2025-04-13,Shipped
1234,3917,226,FedEx,FED932727578,2024-05-23,2024-06-02,Order Placed
1235,4747,1367,India Post,IND265123030,2024-07-11,2024-07-14,Delayed
1236,4199,2998,FedEx,FED353123884,2023-04-30,2023-05-01,Returned
1237,2733,1784,Shadowfax,SHA879498950,2026-02-21,2026-02-28,Delivered
1238,3467,3364,Shadowfax,SHA805423726,2021-10-05,2021-10-10,Delayed
1239,1298,2392,XpressBees,XPR733386576,2020-05-01,2020-05-05,Order Placed
1240,319,515,DTDC,DTD398752916,2022-10-10,2022-10-13,Delayed
1241,3571,2165,XpressBees,XPR544254321,2023-09-08,2023-09-15,Returned
1242,3179,2986,Delhivery,DEL511195732,2024-10-03,2024-10-12,Order Placed
1243,3927,1583,Shadowfax,SHA437609991,2020-03-10,2020-03-15,Out for Delivery
1244,1150,4304,XpressBees,XPR478254275,2024-12-13,2024-12-14,Returned
1245,3525,2573,Shadowfax,SHA151711051,2022-11-05,2022-11-13,Out for Delivery
1246,3936,4976,DTDC,DTD580927034,2025-07-14,2025-07-20,Out for Delivery
1247,4345,4594,Shadowfax,SHA641002538,2021-11-18,2021-11-21,In Transit
1248,1266,2042,India Post,IND803353221,2026-07-30,2026-08-04,In Transit
1249,2157,3182,DTDC,DTD286381483,2023-02-19,2023-02-21,Delayed
1250,3026,1394,India Post,IND343367658,2026-08-02,2026-08-07,Delayed
1251,4327,1381,Ecom Express,ECO800048859,2024-12-08,2024-12-09,In Transit
1252,3360,2005,Ecom Express,ECO662696410,2024-12-11,2024-12-17,Delayed
1253,4795,544,India Post,IND814484855,2024-05-29,2024-05-30,Shipped
1254,187,3744,BlueDart,BLU251173443,2024-12-07,2024-12-11,Delivered
1255,1830,2922,FedEx,FED488728163,2022-01-02,2022-01-05,Out for Delivery
1256,2189,862,Delhivery,DEL536287270,2022-06-05,2022-06-10,Shipped
1257,2813,3470,Ecom Express,ECO154716794,2026-04-28,2026-04-29,Out for Delivery
1258,4068,1490,Delhivery,DEL750537025,2024-10-09,2024-10-10,Order Placed
1259,4997,4556,Shadowfax,SHA419035893,2025-07-09,2025-07-13,Delivered
1260,4701,3237,DTDC,DTD252692968,2025-04-17,2025-04-20,Shipped
1261,1573,837,XpressBees,XPR516717041,2023-05-24,2023-06-01,Out for Delivery
1262,3765,332,Shadowfax,SHA816271036,2025-12-16,2025-12-19,Delayed
1263,862,2708,Ecom Express,ECO744089827,2025-08-14,2025-08-15,Returned
1264,4741,798,Ecom Express,ECO306778410,2023-03-01,2023-03-06,Returned
1265,4671,1752,India Post,IND866201018,2021-10-09,2021-10-13,Delayed
1266,1890,922,XpressBees,XPR860024511,2025-12-03,2025-12-05,Delivered
1267,4682,1611,Delhivery,DEL868674691,2026-01-18,2026-01-19,In Transit
1268,3604,2948,XpressBees,XPR217116547,2024-05-02,2024-05-03,Returned
1269,1402,149,BlueDart,BLU118485474,2025-11-11,2025-11-21,Out for Delivery
1270,1473,1859,India Post,IND200927615,2024-08-19,2024-08-20,Delivered
1271,1330,1956,FedEx,FED838198904,2024-02-04,2024-02-12,Delayed
1272,147,1255,India Post,IND899339818,2026-03-24,2026-03-28,Out for Delivery
1273,1967,831,FedEx,FED698645917,2022-02-20,2022-02-24,Shipped
1274,3699,143,Ecom Express,ECO857852058,2021-07-01,2021-07-06,Out for Delivery
1275,3249,3889,XpressBees,XPR924982016,2023-10-15,2023-10-24,Delayed
1276,1958,2157,Delhivery,DEL702375720,2021-04-07,2021-04-12,Delivered
1277,3139,815,India Post,IND465194504,2021-09-30,2021-10-02,Delayed
1278,2412,32,FedEx,FED211674339,2024-11-28,2024-12-08,Out for Delivery
1279,4946,461,Ecom Express,ECO255470106,2021-11-20,2021-11-28,In Transit
1280,269,1685,BlueDart,BLU404159988,2023-03-18,2023-03-28,Shipped
1281,1217,4002,XpressBees,XPR220881664,2025-01-13,2025-01-17,Shipped
1282,3421,4015,FedEx,FED790874029,2020-11-30,2020-12-07,Delivered
1283,1949,4204,Delhivery,DEL519076109,2023-01-06,2023-01-07,In Transit
1284,4676,1521,Shadowfax,SHA856350156,2022-07-15,2022-07-24,In Transit
1285,4881,641,Shadowfax,SHA608725167,2021-02-20,2021-02-24,Delivered
1286,908,4495,Shadowfax,SHA357138274,2024-12-17,2024-12-22,Returned
1287,1407,854,BlueDart,BLU618107978,2026-06-12,2026-06-20,In Transit
1288,3323,1706,India Post,IND989142191,2024-02-07,2024-02-14,Returned
1289,3849,503,Shadowfax,SHA126046588,2020-09-14,2020-09-23,Out for Delivery
1290,2567,4924,DTDC,DTD497025207,2025-03-15,2025-03-18,Order Placed
1291,2633,3436,Delhivery,DEL649935600,2026-06-19,2026-06-21,Out for Delivery
1292,4907,4303,Shadowfax,SHA785428236,2026-01-12,2026-01-20,Shipped
1293,2193,176,India Post,IND988328519,2020-10-06,2020-10-08,Out for Delivery
1294,4896,3716,India Post,IND997638584,2024-03-31,2024-04-04,In Transit
1295,3094,3680,India Post,IND487329758,2024-11-24,2024-11-29,Delayed
1296,3453,4732,Ecom Express,ECO573308155,2024-09-14,2024-09-23,Order Placed
1297,3513,2592,India Post,IND321278643,2023-06-10,2023-06-19,Out for Delivery
1298,3583,613,FedEx,FED762402480,2021-11-02,2021-11-07,Delayed
1299,4280,1101,Shadowfax,SHA286920487,2022-12-27,2023-01-03,Delivered
1300,2418,87,India Post,IND986887249,2020-12-13,2020-12-19,Returned
1301,1103,4367,Ecom Express,ECO619184073,2020-06-02,2020-06-09,In Transit
1302,3711,1203,BlueDart,BLU626816044,2022-12-14,2022-12-19,In Transit
1303,2216,2217,Shadowfax,SHA800571665,2022-06-24,2022-07-02,Returned
1304,941,160,Delhivery,DEL264772282,2022-02-27,2022-03-09,Returned
1305,487,877,Shadowfax,SHA332602381,2025-06-22,2025-07-02,Order Placed
1306,1952,4233,Ecom Express,ECO784462857,2021-02-11,2021-02-12,Out for Delivery
1307,4535,370,Shadowfax,SHA961451649,2026-06-16,2026-06-17,In Transit
1308,970,715,DTDC,DTD124143173,2024-01-31,2024-02-03,In Transit
1309,2421,759,XpressBees,XPR391464660,2025-03-03,2025-03-09,Delayed
1310,3682,2453,Ecom Express,ECO501200490,2020-04-24,2020-04-28,In Transit
1311,1617,4831,XpressBees,XPR735624629,2020-03-03,2020-03-07,Order Placed
1312,4179,581,Shadowfax,SHA935758887,2024-12-21,2024-12-23,Shipped
1313,2430,2803,BlueDart,BLU536136823,2024-09-19,2024-09-26,Out for Delivery
1314,3700,3787,FedEx,FED816883553,2023-08-07,2023-08-13,Returned
1315,4736,2809,XpressBees,XPR980959256,2021-07-09,2021-07-11,Order Placed
1316,4771,1989,India Post,IND642640545,2020-11-22,2020-11-23,Out for Delivery
1317,4019,3711,DTDC,DTD800409135,2021-02-10,2021-02-16,Out for Delivery
1318,3891,4016,Shadowfax,SHA762163955,2023-07-02,2023-07-10,Delayed
1319,3994,3517,XpressBees,XPR242465161,2020-02-20,2020-02-21,Delayed
1320,612,3332,Shadowfax,SHA432162503,2024-03-20,2024-03-26,Delayed
1321,159,4159,Delhivery,DEL104310997,2024-10-21,2024-10-22,Shipped
1322,1757,845,DTDC,DTD364563294,2022-11-10,2022-11-11,Shipped
1323,4763,2185,DTDC,DTD358345538,2025-02-26,2025-03-05,Delivered
1324,2155,1838,Delhivery,DEL678159972,2022-08-05,2022-08-09,Out for Delivery
1325,3057,4539,DTDC,DTD743183567,2021-10-24,2021-11-02,In Transit
1326,4336,2547,India Post,IND383289828,2024-01-30,2024-02-06,In Transit
1327,422,4969,XpressBees,XPR154423043,2020-08-16,2020-08-21,Returned
1328,178,447,XpressBees,XPR230443913,2021-06-11,2021-06-21,In Transit
1329,1271,3417,Delhivery,DEL778070325,2020-08-04,2020-08-10,Out for Delivery
1330,2908,4603,FedEx,FED677971389,2020-09-04,2020-09-07,Out for Delivery
1331,2044,4327,Delhivery,DEL499276031,2021-10-13,2021-10-22,Out for Delivery
1332,4491,2292,DTDC,DTD786651919,2026-02-24,2026-03-01,In Transit
1333,1315,4718,Delhivery,DEL308860276,2022-08-26,2022-09-04,Order Placed
1334,1352,3535,DTDC,DTD346209432,2020-10-16,2020-10-26,Shipped
1335,4784,2157,Ecom Express,ECO427848908,2023-03-08,2023-03-16,Order Placed
1336,1522,3447,Ecom Express,ECO456213558,2026-06-17,2026-06-22,Out for Delivery
1337,1719,345,BlueDart,BLU251035667,2025-08-19,2025-08-21,Shipped
1338,245,179,Shadowfax,SHA580206676,2020-01-30,2020-02-09,Delayed
1339,2406,2899,XpressBees,XPR796835565,2020-06-24,2020-06-26,Shipped
1340,2112,908,DTDC,DTD299751009,2020-02-24,2020-03-03,Delayed
1341,1453,3010,Shadowfax,SHA574817577,2025-02-10,2025-02-15,In Transit
1342,1814,310,FedEx,FED822165824,2023-06-09,2023-06-14,Out for Delivery
1343,111,3407,Delhivery,DEL393366438,2022-08-26,2022-08-30,Returned
1344,1144,4556,BlueDart,BLU575483399,2020-05-12,2020-05-22,Shipped
1345,2728,2828,BlueDart,BLU846122496,2021-12-15,2021-12-23,In Transit
1346,3948,4637,DTDC,DTD944596641,2020-04-12,2020-04-21,In Transit
1347,3068,4143,Shadowfax,SHA622687615,2023-04-19,2023-04-27,Delivered
1348,4628,3189,FedEx,FED582242215,2023-10-05,2023-10-09,Delayed
1349,3034,3494,DTDC,DTD328061051,2023-05-21,2023-05-23,Returned
1350,1953,4055,Delhivery,DEL640404310,2020-09-22,2020-09-25,In Transit
1351,3057,1651,BlueDart,BLU662618726,2021-07-19,2021-07-26,Returned
1352,4640,796,DTDC,DTD750582273,2024-10-08,2024-10-18,Out for Delivery
1353,2629,1130,BlueDart,BLU509098191,2022-01-06,2022-01-15,Returned
1354,196,1789,BlueDart,BLU598470578,2022-07-10,2022-07-19,Delivered
1355,3878,2386,Shadowfax,SHA504315767,2020-03-04,2020-03-07,In Transit
1356,4677,4662,DTDC,DTD648717249,2024-06-21,2024-07-01,Out for Delivery
1357,808,2492,FedEx,FED120599103,2023-07-24,2023-08-03,Out for Delivery
1358,4634,1797,India Post,IND668986205,2024-11-22,2024-12-01,Shipped
1359,2320,1353,DTDC,DTD499619269,2022-09-27,2022-10-01,Delivered
1360,3201,1767,India Post,IND770110364,2021-04-24,2021-04-30,Out for Delivery
1361,1033,14,Delhivery,DEL683507741,2022-12-21,2022-12-22,In Transit
1362,469,2035,Shadowfax,SHA592429102,2021-05-06,2021-05-15,Delayed
1363,2116,4224,DTDC,DTD187913191,2021-02-22,2021-03-01,Shipped
1364,3321,46,DTDC,DTD666307797,2023-06-06,2023-06-12,Out for Delivery
1365,2200,951,BlueDart,BLU188604093,2024-04-22,2024-04-26,Returned
1366,4851,415,India Post,IND346255625,2023-08-16,2023-08-22,Order Placed
1367,758,4983,BlueDart,BLU974119737,2024-03-06,2024-03-11,Delivered
1368,2433,715,XpressBees,XPR129864683,2021-11-03,2021-11-11,Out for Delivery
1369,2083,3450,BlueDart,BLU902009399,2023-12-21,2023-12-26,Shipped
1370,2170,4691,Ecom Express,ECO668209094,2025-09-16,2025-09-23,Delivered
1371,3255,366,XpressBees,XPR746635679,2024-05-07,2024-05-14,Out for Delivery
1372,856,1284,Ecom Express,ECO875258541,2025-05-08,2025-05-18,Returned
1373,1202,2468,Delhivery,DEL557424003,2023-01-08,2023-01-15,Returned
1374,3375,1799,Ecom Express,ECO413371093,2025-02-26,2025-02-28,Delayed
1375,297,1417,Shadowfax,SHA301623994,2020-12-10,2020-12-18,Out for Delivery
1376,347,2836,XpressBees,XPR388020641,2020-04-08,2020-04-17,Returned
1377,3574,3853,BlueDart,BLU540807356,2023-02-19,2023-02-25,Order Placed
1378,3520,1869,Delhivery,DEL411261106,2022-09-13,2022-09-14,Delayed
1379,205,1311,Delhivery,DEL367582344,2020-05-21,2020-05-27,Delayed
1380,1920,1480,XpressBees,XPR570824691,2020-07-20,2020-07-22,Returned
1381,3750,4801,Ecom Express,ECO192452589,2020-07-15,2020-07-21,Out for Delivery
1382,2872,4939,Shadowfax,SHA752185744,2024-12-22,2024-12-23,Out for Delivery
1383,2216,3045,Delhivery,DEL634772050,2021-07-14,2021-07-24,Delivered
1384,2629,1646,Shadowfax,SHA676669230,2025-05-18,2025-05-25,Order Placed
1385,2509,487,BlueDart,BLU832459241,2026-07-11,2026-07-13,In Transit
1386,2262,4526,India Post,IND798172278,2023-08-06,2023-08-08,Returned
1387,2292,1773,Shadowfax,SHA111223982,2020-11-13,2020-11-17,Returned
1388,4820,4259,FedEx,FED133512261,2022-03-29,2022-04-03,Delayed
1389,4097,4215,India Post,IND100077839,2020-02-09,2020-02-15,Returned
1390,3317,1135,Delhivery,DEL590208044,2026-06-08,2026-06-14,Order Placed
1391,1137,855,BlueDart,BLU650826239,2025-11-17,2025-11-21,Out for Delivery
1392,2181,790,Shadowfax,SHA353971478,2021-02-09,2021-02-10,Returned
1393,642,4112,Shadowfax,SHA853027096,2021-04-25,2021-04-28,Delayed
1394,2722,4480,Ecom Express,ECO775648201,2021-04-19,2021-04-29,Shipped
1395,583,2150,DTDC,DTD331569596,2025-05-13,2025-05-18,Delayed
1396,2407,4883,DTDC,DTD712429749,2024-05-05,2024-05-08,Delivered
1397,3582,1850,India Post,IND491060377,2021-03-30,2021-04-05,Delivered
1398,3005,3470,India Post,IND957039568,2022-06-02,2022-06-10,Delivered
1399,506,3572,XpressBees,XPR607042794,2021-11-24,2021-12-03,Delivered
1400,4607,3249,DTDC,DTD260535589,2021-06-01,2021-06-06,Shipped
1401,4205,1308,BlueDart,BLU503887692,2025-10-11,2025-10-20,Order Placed
1402,3852,2825,BlueDart,BLU882460270,2021-09-15,2021-09-21,Shipped
1403,968,3581,Delhivery,DEL629811665,2023-01-08,2023-01-16,Delayed
1404,4152,2230,Delhivery,DEL989604559,2020-10-04,2020-10-07,In Transit
1405,2290,2586,DTDC,DTD821049794,2024-04-02,2024-04-05,In Transit
1406,203,4167,Shadowfax,SHA753937353,2021-10-02,2021-10-12,Returned
1407,2804,1994,FedEx,FED112663677,2025-05-05,2025-05-12,Delayed
1408,503,1678,BlueDart,BLU993045746,2021-12-19,2021-12-28,In Transit
1409,4351,804,DTDC,DTD426806303,2023-10-25,2023-11-02,Out for Delivery
1410,2511,1039,DTDC,DTD444973754,2021-01-16,2021-01-18,Order Placed
1411,696,4532,FedEx,FED777228610,2024-09-14,2024-09-17,Delivered
1412,3584,4082,Shadowfax,SHA403586232,2023-09-23,2023-09-24,Order Placed
1413,4392,987,Delhivery,DEL806109551,2020-02-09,2020-02-16,Returned
1414,2092,1440,Ecom Express,ECO968331393,2020-12-23,2020-12-28,Out for Delivery
1415,3608,956,Delhivery,DEL399179587,2022-07-02,2022-07-11,Shipped
1416,3231,1228,FedEx,FED472367546,2024-02-11,2024-02-20,Delivered
1417,3041,2603,FedEx,FED613375330,2026-07-06,2026-07-12,Returned
1418,4457,4532,FedEx,FED144847503,2024-03-31,2024-04-01,In Transit
1419,133,2115,Delhivery,DEL363324404,2021-11-09,2021-11-16,Delivered
1420,2833,1366,BlueDart,BLU236167608,2024-09-14,2024-09-16,Delayed
1421,1130,1795,India Post,IND846434214,2023-09-07,2023-09-16,Delivered
1422,3854,533,Shadowfax,SHA845869668,2022-02-12,2022-02-20,Returned
1423,913,2750,FedEx,FED799442258,2026-04-13,2026-04-19,Order Placed
1424,3601,1994,Delhivery,DEL101237716,2021-06-27,2021-07-04,Order Placed
1425,1090,1273,India Post,IND594759206,2021-10-13,2021-10-15,Delayed
1426,3883,4527,BlueDart,BLU219863601,2023-11-14,2023-11-22,Out for Delivery
1427,4671,3713,Ecom Express,ECO711247633,2021-03-21,2021-03-31,Returned
1428,696,1330,FedEx,FED645779956,2026-06-23,2026-07-03,Shipped
1429,2561,703,Shadowfax,SHA735369545,2024-02-27,2024-03-07,Order Placed
1430,4343,453,Ecom Express,ECO615389117,2024-07-15,2024-07-23,Out for Delivery
1431,2550,3076,India Post,IND943205684,2022-08-19,2022-08-22,Out for Delivery
1432,2608,3924,XpressBees,XPR561003349,2026-06-08,2026-06-17,Out for Delivery
1433,4374,3140,Shadowfax,SHA573792021,2026-01-25,2026-02-01,Order Placed
1434,3021,1913,FedEx,FED892896420,2022-10-19,2022-10-26,Shipped
1435,1392,1784,India Post,IND425516474,2020-02-20,2020-02-23,Shipped
1436,2491,4538,BlueDart,BLU675811591,2020-10-23,2020-11-02,Shipped
1437,812,2326,Ecom Express,ECO841356410,2023-06-17,2023-06-22,In Transit
1438,1859,1999,FedEx,FED356318832,2020-02-16,2020-02-17,Delayed
1439,3682,3082,Delhivery,DEL710177753,2020-04-24,2020-04-27,Order Placed
1440,876,1685,FedEx,FED244661435,2022-04-22,2022-04-26,Returned
1441,4288,2383,BlueDart,BLU728854837,2023-01-15,2023-01-24,Delayed
1442,532,1042,India Post,IND570064992,2021-07-08,2021-07-15,Order Placed
1443,2747,168,India Post,IND114611496,2020-07-03,2020-07-10,Delayed
1444,621,4542,Delhivery,DEL750344029,2022-04-27,2022-04-29,Delayed
1445,3438,4561,Delhivery,DEL148855799,2026-08-02,2026-08-04,Delivered
1446,914,1794,India Post,IND546671280,2022-01-03,2022-01-12,Delivered
1447,3196,182,FedEx,FED820269163,2022-03-10,2022-03-16,Order Placed
1448,935,2899,Delhivery,DEL717257945,2020-11-27,2020-11-28,Delayed
1449,4663,4106,Shadowfax,SHA183332671,2020-11-20,2020-11-30,Shipped
1450,500,1735,Shadowfax,SHA479598351,2024-07-09,2024-07-19,In Transit
1451,575,4783,Delhivery,DEL488889916,2020-02-26,2020-02-27,Out for Delivery
1452,4749,1737,DTDC,DTD309444910,2023-02-28,2023-03-03,Out for Delivery
1453,1514,4537,XpressBees,XPR935429923,2021-01-14,2021-01-19,Out for Delivery
1454,2209,3392,India Post,IND322448615,2021-04-29,2021-05-08,Order Placed
1455,3016,3417,FedEx,FED805363913,2021-04-11,2021-04-12,Delivered
1456,4862,1036,DTDC,DTD862137367,2024-12-08,2024-12-18,Shipped
1457,2104,3716,India Post,IND886740646,2022-12-12,2022-12-16,Delivered
1458,3139,3874,XpressBees,XPR615098332,2026-06-10,2026-06-17,In Transit
1459,4685,689,India Post,IND222226202,2026-05-07,2026-05-10,In Transit
1460,1583,893,DTDC,DTD289000062,2025-04-14,2025-04-17,Returned
1461,785,1459,Shadowfax,SHA928137937,2025-05-01,2025-05-06,Order Placed
1462,3409,1476,India Post,IND859145437,2025-09-20,2025-09-22,Delayed
1463,3972,3101,FedEx,FED157415286,2025-01-31,2025-02-03,Returned
1464,4237,760,BlueDart,BLU295383716,2026-05-31,2026-06-07,Shipped
1465,964,3613,Delhivery,DEL433820355,2026-02-23,2026-03-04,Returned
1466,1389,4723,DTDC,DTD524435156,2023-03-26,2023-03-28,In Transit
1467,3433,1170,DTDC,DTD651569414,2026-07-14,2026-07-17,Returned
1468,4803,2698,XpressBees,XPR931057726,2020-05-11,2020-05-18,Order Placed
1469,2379,4291,BlueDart,BLU680842847,2023-03-10,2023-03-19,Shipped
1470,2005,649,FedEx,FED182727564,2021-05-28,2021-06-03,Out for Delivery
1471,1843,1106,XpressBees,XPR332547200,2021-12-29,2022-01-01,Out for Delivery
1472,4230,3521,DTDC,DTD988456614,2023-06-18,2023-06-27,Shipped
1473,1384,4376,Ecom Express,ECO658235565,2026-01-25,2026-01-31,Delayed
1474,38,4957,India Post,IND759282384,2024-11-02,2024-11-06,Out for Delivery
1475,3424,124,Delhivery,DEL417536144,2022-04-24,2022-05-03,Delivered
1476,52,3521,Ecom Express,ECO472111189,2021-11-11,2021-11-18,Out for Delivery
1477,1525,3736,BlueDart,BLU569699235,2023-12-24,2023-12-28,In Transit
1478,3903,3730,DTDC,DTD617247789,2022-02-14,2022-02-22,Delivered
1479,656,2818,Ecom Express,ECO822553638,2020-05-07,2020-05-17,Out for Delivery
1480,4432,3296,Ecom Express,ECO947063679,2020-06-13,2020-06-17,Returned
1481,3034,470,DTDC,DTD801854001,2026-08-07,2026-08-15,Delayed
1482,2355,536,FedEx,FED110390006,2020-09-08,2020-09-12,Order Placed
1483,1829,2837,Shadowfax,SHA376316621,2021-01-10,2021-01-17,Out for Delivery
1484,2254,2869,BlueDart,BLU258033142,2021-12-26,2021-12-31,Out for Delivery
1485,3668,1791,FedEx,FED927702301,2022-11-06,2022-11-08,Delivered
1486,2199,1215,BlueDart,BLU323762868,2023-11-06,2023-11-07,Shipped
1487,2963,4179,DTDC,DTD528887994,2022-11-12,2022-11-18,Returned
1488,3753,3108,Shadowfax,SHA386039491,2024-02-29,2024-03-03,Delivered
1489,4834,1330,Delhivery,DEL616233110,2020-08-25,2020-09-04,Returned
1490,3879,2747,India Post,IND259246854,2023-05-04,2023-05-12,Shipped
1491,4628,4668,Delhivery,DEL150095507,2025-03-13,2025-03-19,Delivered
1492,3184,720,Ecom Express,ECO709427457,2026-04-02,2026-04-04,In Transit
1493,2298,2401,XpressBees,XPR501597505,2024-02-02,2024-02-08,In Transit
1494,4044,1401,Ecom Express,ECO477565496,2020-12-20,2020-12-25,Order Placed
1495,2780,211,FedEx,FED597230324,2022-07-11,2022-07-19,In Transit
1496,4020,3381,FedEx,FED342563123,2024-12-26,2025-01-04,Shipped
1497,3702,3220,India Post,IND913032073,2021-08-21,2021-08-23,Order Placed
1498,1734,1153,Ecom Express,ECO438919457,2025-01-26,2025-02-04,Returned
1499,4409,2135,India Post,IND235738186,2025-02-07,2025-02-08,Out for Delivery
1500,1491,4314,XpressBees,XPR768709744,2026-05-06,2026-05-14,Out for Delivery
1501,3576,2494,Delhivery,DEL354545668,2020-06-24,2020-06-26,In Transit
1502,1361,1381,XpressBees,XPR418043512,2021-12-15,2021-12-24,In Transit
1503,2536,3930,Shadowfax,SHA490036470,2020-05-12,2020-05-18,Delivered
1504,1963,511,XpressBees,XPR398708824,2020-02-23,2020-02-25,Delayed
1505,4218,3126,Shadowfax,SHA219260451,2024-12-30,2025-01-08,Out for Delivery
1506,3042,3162,Ecom Express,ECO204986201,2024-11-19,2024-11-21,In Transit
1507,2668,2600,Ecom Express,ECO788371467,2025-05-26,2025-05-29,Order Placed
1508,3656,2255,Ecom Express,ECO457341864,2020-02-24,2020-02-25,Shipped
1509,739,3672,Delhivery,DEL451929155,2022-12-03,2022-12-06,Out for Delivery
1510,867,425,Delhivery,DEL999097251,2021-11-08,2021-11-13,Order Placed
1511,662,4196,Delhivery,DEL694512058,2022-01-20,2022-01-28,Delayed
1512,915,621,Delhivery,DEL513990200,2021-08-15,2021-08-23,In Transit
1513,839,3828,FedEx,FED150283203,2024-09-21,2024-09-28,Order Placed
1514,4895,1402,Shadowfax,SHA159162416,2025-07-21,2025-07-25,Returned
1515,2773,3223,Delhivery,DEL494710678,2026-01-09,2026-01-10,Delivered
1516,670,4117,DTDC,DTD452198802,2024-02-12,2024-02-15,Delayed
1517,3616,2691,XpressBees,XPR193140283,2024-06-17,2024-06-27,Out for Delivery
1518,238,3469,Shadowfax,SHA255403119,2023-04-26,2023-04-27,Returned
1519,4910,1065,FedEx,FED482187571,2021-08-27,2021-09-02,Delayed
1520,1154,86,India Post,IND727870422,2022-03-13,2022-03-22,In Transit
1521,347,1492,Shadowfax,SHA491002241,2022-05-05,2022-05-15,Out for Delivery
1522,2978,996,Delhivery,DEL476522812,2026-05-19,2026-05-20,Delivered
1523,2375,1140,India Post,IND429091315,2024-03-03,2024-03-08,Delivered
1524,2335,1260,FedEx,FED651478458,2022-05-30,2022-06-07,Order Placed
1525,4736,2165,Ecom Express,ECO684133657,2026-05-30,2026-06-09,Returned
1526,1993,459,XpressBees,XPR262768847,2021-05-27,2021-06-05,Out for Delivery
1527,4815,3080,India Post,IND794368578,2022-03-23,2022-03-27,Delayed
1528,236,4114,FedEx,FED589510165,2022-11-18,2022-11-26,Shipped
1529,1862,2422,XpressBees,XPR308625767,2023-02-08,2023-02-18,Out for Delivery
1530,2954,1844,DTDC,DTD128041464,2021-06-08,2021-06-17,Delivered
1531,2281,1203,Ecom Express,ECO604742315,2024-03-25,2024-03-30,Delivered
1532,4204,4644,BlueDart,BLU144746233,2020-12-13,2020-12-18,Delayed
1533,3671,1078,India Post,IND346942771,2020-02-06,2020-02-07,In Transit
1534,4970,3856,BlueDart,BLU793825922,2024-12-15,2024-12-19,Out for Delivery
1535,2759,2324,Ecom Express,ECO888833723,2023-11-05,2023-11-07,Delayed
1536,349,1221,India Post,IND643817126,2020-03-07,2020-03-13,Out for Delivery
1537,4999,2303,DTDC,DTD511326142,2020-10-29,2020-11-04,Returned
1538,3962,2928,XpressBees,XPR465868396,2026-01-28,2026-01-30,In Transit
1539,1998,1517,BlueDart,BLU981267699,2024-06-08,2024-06-12,Order Placed
1540,516,218,Ecom Express,ECO883411548,2020-09-29,2020-10-03,Delayed
1541,2444,2877,Ecom Express,ECO525076356,2025-01-25,2025-01-27,Delayed
1542,4949,3480,DTDC,DTD221245806,2021-07-10,2021-07-13,Delivered
1543,4937,317,XpressBees,XPR373330941,2021-08-01,2021-08-05,Shipped
1544,4137,2357,Delhivery,DEL989292868,2021-02-09,2021-02-16,Out for Delivery
1545,199,3584,BlueDart,BLU868810481,2026-06-15,2026-06-17,Shipped
1546,3955,360,FedEx,FED354699700,2022-09-09,2022-09-18,Order Placed
1547,2909,2137,DTDC,DTD241702229,2024-05-12,2024-05-14,Order Placed
1548,2076,4396,FedEx,FED708529631,2025-04-23,2025-05-01,Shipped
1549,274,3522,India Post,IND142218851,2021-08-13,2021-08-16,Shipped
1550,4838,2274,BlueDart,BLU626268391,2021-07-31,2021-08-04,Shipped
1551,2641,4578,Ecom Express,ECO192358167,2022-08-25,2022-08-30,In Transit
1552,4303,2884,Delhivery,DEL433443050,2024-02-03,2024-02-07,Delivered
1553,1,1108,Shadowfax,SHA694175936,2021-05-11,2021-05-16,Delivered
1554,754,4350,DTDC,DTD697231340,2024-06-16,2024-06-20,Delivered
1555,3556,599,BlueDart,BLU738559578,2026-06-03,2026-06-06,Delivered
1556,4285,4080,Ecom Express,ECO447882366,2025-10-09,2025-10-10,In Transit
1557,1510,3169,Ecom Express,ECO993268708,2023-11-17,2023-11-20,Shipped
1558,2430,3383,India Post,IND995238348,2022-10-22,2022-10-28,Shipped
1559,1798,108,DTDC,DTD646679401,2022-09-06,2022-09-12,Out for Delivery
1560,441,2936,DTDC,DTD701290979,2022-09-02,2022-09-12,Shipped
1561,3282,2659,Ecom Express,ECO587173134,2021-12-01,2021-12-08,Delivered
1562,169,2023,India Post,IND381229872,2024-04-19,2024-04-29,Delivered
1563,1621,3387,India Post,IND457658403,2024-06-28,2024-07-02,In Transit
1564,3795,2290,FedEx,FED539332175,2022-02-02,2022-02-12,Delivered
1565,312,3074,Ecom Express,ECO489110939,2023-05-30,2023-06-07,Delivered
1566,3111,451,XpressBees,XPR153130310,2020-01-14,2020-01-19,Delivered
1567,4888,4955,DTDC,DTD512906250,2021-01-19,2021-01-28,Delayed
1568,1670,2106,Ecom Express,ECO477944241,2022-08-18,2022-08-19,In Transit
1569,4068,1346,FedEx,FED808641992,2021-05-20,2021-05-22,Returned
1570,1585,711,Ecom Express,ECO977234518,2023-03-21,2023-03-23,Out for Delivery
1571,4397,2764,Delhivery,DEL713115798,2021-06-01,2021-06-10,Order Placed
1572,2102,1884,FedEx,FED264402858,2024-11-24,2024-11-28,Shipped
1573,4469,4072,FedEx,FED311397079,2023-08-05,2023-08-12,Out for Delivery
1574,2631,3585,FedEx,FED127569615,2024-02-20,2024-02-28,Delayed
1575,3402,573,FedEx,FED985558790,2022-12-20,2022-12-27,Out for Delivery
1576,4854,2738,Ecom Express,ECO448135969,2020-05-15,2020-05-17,Out for Delivery
1577,3325,4846,XpressBees,XPR209482685,2023-06-08,2023-06-17,Order Placed
1578,3652,2186,India Post,IND983299639,2024-03-09,2024-03-10,Delayed
1579,2152,1317,DTDC,DTD344522004,2026-05-15,2026-05-16,Shipped
1580,1022,2055,Shadowfax,SHA605555254,2021-03-05,2021-03-15,In Transit
1581,378,2673,BlueDart,BLU247613302,2020-08-06,2020-08-07,Order Placed
1582,556,4723,Shadowfax,SHA603374198,2023-04-30,2023-05-06,Delivered
1583,1448,1839,Ecom Express,ECO859172181,2023-01-19,2023-01-24,Order Placed
1584,4589,2668,XpressBees,XPR202678362,2025-08-23,2025-08-24,Order Placed
1585,4089,520,BlueDart,BLU109852811,2023-12-25,2024-01-01,Out for Delivery
1586,4828,3838,BlueDart,BLU692865568,2022-12-10,2022-12-20,Delivered
1587,4578,4956,DTDC,DTD165321234,2020-04-15,2020-04-16,Shipped
1588,1488,367,Ecom Express,ECO968880975,2025-09-16,2025-09-26,Returned
1589,3506,3566,Shadowfax,SHA192774885,2022-07-27,2022-08-05,In Transit
1590,969,492,India Post,IND797890917,2023-05-02,2023-05-06,Order Placed
1591,3204,4950,Ecom Express,ECO393016399,2021-01-19,2021-01-28,In Transit
1592,2621,2386,Shadowfax,SHA562495921,2020-08-20,2020-08-25,Returned
1593,380,4990,BlueDart,BLU911493264,2024-09-22,2024-10-01,Shipped
1594,779,3515,Shadowfax,SHA931871429,2023-03-22,2023-03-31,Out for Delivery
1595,2803,2344,Delhivery,DEL376875883,2024-12-03,2024-12-04,Delayed
1596,1750,1347,India Post,IND377439982,2023-03-05,2023-03-09,Delivered
1597,4404,4757,FedEx,FED730374029,2025-08-29,2025-08-31,Returned
1598,4089,3668,India Post,IND224723532,2025-06-21,2025-06-25,In Transit
1599,1650,4039,DTDC,DTD242192759,2021-04-03,2021-04-06,Delayed
1600,2104,4401,Delhivery,DEL339732642,2022-12-11,2022-12-19,Delayed
1601,4778,4300,Delhivery,DEL596537834,2024-05-06,2024-05-10,In Transit
1602,3797,4404,BlueDart,BLU524493351,2022-05-28,2022-06-03,Delivered
1603,2388,4555,BlueDart,BLU116755949,2024-02-04,2024-02-10,Delayed
1604,4059,2126,Shadowfax,SHA826702972,2024-01-15,2024-01-17,Delivered
1605,1125,820,DTDC,DTD345678301,2024-04-29,2024-05-02,In Transit
1606,3271,1585,FedEx,FED460675935,2022-05-08,2022-05-16,In Transit
1607,1044,1527,Delhivery,DEL909852223,2020-11-15,2020-11-17,Order Placed
1608,4900,746,DTDC,DTD802100754,2022-03-17,2022-03-22,Out for Delivery
1609,2205,4167,Ecom Express,ECO725726435,2024-06-27,2024-06-28,Out for Delivery
1610,2178,1730,BlueDart,BLU834269654,2024-02-17,2024-02-20,Order Placed
1611,2005,2734,FedEx,FED869302621,2024-04-13,2024-04-15,Returned
1612,4876,3264,FedEx,FED739858107,2026-05-06,2026-05-16,Returned
1613,1902,3270,Delhivery,DEL582615433,2021-01-02,2021-01-12,Out for Delivery
1614,2554,3162,BlueDart,BLU825419778,2026-06-05,2026-06-15,Order Placed
1615,4128,4886,India Post,IND360141084,2021-05-31,2021-06-10,Shipped
1616,4924,339,Shadowfax,SHA655106547,2025-09-10,2025-09-17,Delivered
1617,3483,1822,BlueDart,BLU123349062,2024-08-31,2024-09-03,Out for Delivery
1618,4587,1638,India Post,IND691062594,2025-08-08,2025-08-13,Delivered
1619,2800,30,XpressBees,XPR551718420,2022-04-05,2022-04-14,Shipped
1620,4816,2944,BlueDart,BLU314399697,2025-01-22,2025-01-26,Delayed
1621,2709,3562,Shadowfax,SHA869565992,2021-09-06,2021-09-08,Delivered
1622,4015,1011,Ecom Express,ECO863787550,2021-10-06,2021-10-08,Returned
1623,645,1865,FedEx,FED612056654,2020-12-20,2020-12-23,Delayed
1624,4367,1781,India Post,IND328051913,2023-11-18,2023-11-25,Delayed
1625,826,4067,Delhivery,DEL238605716,2023-12-17,2023-12-22,Returned
1626,4497,3869,BlueDart,BLU315060458,2026-05-12,2026-05-19,Order Placed
1627,4207,781,DTDC,DTD921749524,2023-11-13,2023-11-21,In Transit
1628,4499,1801,FedEx,FED435257364,2025-06-02,2025-06-05,Returned
1629,3298,7,XpressBees,XPR704223064,2026-07-21,2026-07-30,Delivered
1630,59,4479,India Post,IND142498483,2025-09-14,2025-09-21,Order Placed
1631,808,4140,Ecom Express,ECO269784970,2023-01-29,2023-02-01,Out for Delivery
1632,3763,1450,DTDC,DTD313891002,2024-12-11,2024-12-17,Order Placed
1633,487,1479,DTDC,DTD912518912,2022-10-25,2022-10-28,Order Placed
1634,4195,2849,DTDC,DTD656105932,2023-10-29,2023-11-06,Delayed
1635,443,4243,DTDC,DTD730717761,2026-02-24,2026-03-04,Delayed
1636,1095,506,DTDC,DTD564244076,2021-11-20,2021-11-25,Out for Delivery
1637,3925,4828,Shadowfax,SHA703046303,2020-07-14,2020-07-24,Order Placed
1638,2501,4668,Ecom Express,ECO635015610,2025-08-04,2025-08-05,In Transit
1639,4643,751,XpressBees,XPR275367472,2024-09-05,2024-09-07,Out for Delivery
1640,937,1018,BlueDart,BLU336877946,2020-10-21,2020-10-25,Shipped
1641,1702,64,Ecom Express,ECO909707025,2023-10-31,2023-11-05,Returned
1642,3945,4044,Ecom Express,ECO103702652,2026-02-05,2026-02-15,Delivered
1643,3514,2088,DTDC,DTD247849993,2023-04-09,2023-04-13,Shipped
1644,563,801,Shadowfax,SHA518268745,2020-05-28,2020-06-07,Delivered
1645,3089,2658,Shadowfax,SHA942852977,2023-03-16,2023-03-20,Order Placed
1646,1890,4922,Delhivery,DEL304926100,2020-07-23,2020-07-25,Delayed
1647,4543,3269,Delhivery,DEL196035351,2024-06-20,2024-06-26,Out for Delivery
1648,2817,946,XpressBees,XPR580005171,2025-02-01,2025-02-08,Returned
1649,3876,4986,India Post,IND745930323,2020-01-13,2020-01-22,Shipped
1650,180,2814,Delhivery,DEL288032680,2020-08-02,2020-08-10,In Transit
1651,2944,2354,DTDC,DTD724154944,2022-01-16,2022-01-25,Out for Delivery
1652,2474,2916,FedEx,FED745393532,2021-08-29,2021-09-03,Out for Delivery
1653,1903,3707,BlueDart,BLU614616136,2025-10-08,2025-10-09,Out for Delivery
1654,4382,4943,BlueDart,BLU485442392,2020-06-04,2020-06-13,Returned
1655,2033,3864,Delhivery,DEL396614332,2025-08-02,2025-08-04,Shipped
1656,1265,2144,Delhivery,DEL948001556,2025-08-02,2025-08-08,In Transit
1657,1525,3946,Shadowfax,SHA394673533,2022-01-27,2022-02-02,Delayed
1658,4071,2629,XpressBees,XPR278444389,2021-10-11,2021-10-16,Order Placed
1659,704,4058,DTDC,DTD267720388,2025-05-03,2025-05-11,Out for Delivery
1660,4570,3585,FedEx,FED255740856,2026-02-24,2026-02-28,Shipped
1661,3487,4211,Delhivery,DEL485292296,2021-10-16,2021-10-17,In Transit
1662,4368,3157,India Post,IND571624119,2020-02-01,2020-02-10,In Transit
1663,189,2581,DTDC,DTD779046708,2021-07-07,2021-07-12,Shipped
1664,1308,1974,FedEx,FED525725080,2026-07-09,2026-07-15,Delayed
1665,4733,104,India Post,IND107301695,2024-01-31,2024-02-01,Out for Delivery
1666,4099,1669,XpressBees,XPR277313906,2023-02-03,2023-02-13,In Transit
1667,2394,4376,BlueDart,BLU905846407,2020-12-06,2020-12-13,Returned
1668,3238,254,Delhivery,DEL388466173,2025-03-06,2025-03-15,Delivered
1669,4107,633,Shadowfax,SHA677695546,2021-05-27,2021-06-04,Out for Delivery
1670,3188,3159,Ecom Express,ECO118122442,2021-08-07,2021-08-16,Delivered
1671,4067,1729,Delhivery,DEL723767752,2024-03-09,2024-03-18,Returned
1672,358,2763,Delhivery,DEL458170035,2022-05-07,2022-05-09,In Transit
1673,4674,1848,XpressBees,XPR242640839,2025-03-23,2025-03-31,In Transit
1674,2786,2166,XpressBees,XPR877942635,2020-05-13,2020-05-14,Returned
1675,3762,2091,BlueDart,BLU123866476,2024-12-08,2024-12-16,Out for Delivery
1676,4294,1021,Shadowfax,SHA162709276,2026-07-03,2026-07-10,Returned
1677,1161,2169,Delhivery,DEL222047934,2021-03-24,2021-03-29,Out for Delivery
1678,2467,3268,FedEx,FED695492131,2020-07-19,2020-07-23,In Transit
1679,1249,1878,XpressBees,XPR572566190,2026-02-17,2026-02-19,Shipped
1680,3169,2828,BlueDart,BLU763208846,2025-05-02,2025-05-03,Shipped
1681,100,4597,DTDC,DTD460759366,2025-02-28,2025-03-02,Returned
1682,1591,984,DTDC,DTD762499090,2023-10-28,2023-11-03,Shipped
1683,778,3579,India Post,IND308396841,2020-06-09,2020-06-14,Delayed
1684,4285,4205,DTDC,DTD873680262,2025-08-23,2025-08-25,In Transit
1685,3848,3002,Delhivery,DEL930666860,2021-02-03,2021-02-04,Returned
1686,4178,1528,FedEx,FED423297199,2023-02-11,2023-02-21,Returned
1687,3208,4438,DTDC,DTD262520388,2022-05-18,2022-05-26,Delivered
1688,3518,1944,Shadowfax,SHA667359908,2026-06-04,2026-06-09,In Transit
1689,65,4985,DTDC,DTD381983054,2021-07-02,2021-07-10,Delayed
1690,10,2658,BlueDart,BLU203869877,2022-01-07,2022-01-16,Shipped
1691,1175,437,India Post,IND109553225,2020-10-06,2020-10-11,Delivered
1692,2607,2267,Shadowfax,SHA586956953,2021-06-22,2021-06-25,In Transit
1693,2448,2101,Delhivery,DEL645307117,2021-11-15,2021-11-21,Shipped
1694,4001,2732,DTDC,DTD703235674,2025-05-28,2025-05-30,Order Placed
1695,4147,935,Delhivery,DEL965401600,2024-02-11,2024-02-16,In Transit
1696,3985,3440,BlueDart,BLU779532352,2024-07-02,2024-07-12,Shipped
1697,4511,752,FedEx,FED865797653,2022-10-01,2022-10-07,Returned
1698,3041,4865,India Post,IND647084920,2024-12-07,2024-12-12,Out for Delivery
1699,677,1207,India Post,IND637287596,2020-11-10,2020-11-11,Delayed
1700,2851,237,Delhivery,DEL387787627,2024-10-28,2024-11-05,Shipped
1701,4822,478,Delhivery,DEL349649248,2022-07-05,2022-07-13,Delivered
1702,4421,1982,XpressBees,XPR470553350,2025-01-21,2025-01-28,Out for Delivery
1703,1856,2744,BlueDart,BLU182597099,2025-10-10,2025-10-19,Delayed
1704,1457,745,XpressBees,XPR275064860,2020-03-14,2020-03-17,Delivered
1705,840,4938,India Post,IND788325950,2022-01-27,2022-01-30,Delivered
1706,2597,1108,DTDC,DTD768162105,2021-09-27,2021-10-04,In Transit
1707,2850,3642,India Post,IND312732404,2020-07-01,2020-07-03,Delivered
1708,3660,1518,Shadowfax,SHA598536445,2025-07-19,2025-07-28,In Transit
1709,4665,1000,XpressBees,XPR234039912,2023-02-05,2023-02-08,Out for Delivery
1710,1306,1464,India Post,IND487895696,2021-04-01,2021-04-10,Order Placed
1711,2600,832,Delhivery,DEL764142708,2023-04-28,2023-05-07,Shipped
1712,249,684,BlueDart,BLU163545169,2022-03-12,2022-03-15,In Transit
1713,110,1282,DTDC,DTD388308127,2026-04-13,2026-04-22,Shipped
1714,3528,1707,DTDC,DTD243696756,2023-04-19,2023-04-26,In Transit
1715,3526,1477,India Post,IND915872716,2025-12-07,2025-12-10,Returned
1716,2067,4727,Ecom Express,ECO455519881,2022-07-28,2022-08-07,Delivered
1717,3067,4905,DTDC,DTD553278434,2026-01-18,2026-01-23,In Transit
1718,752,4827,Shadowfax,SHA710409222,2026-04-25,2026-04-29,Shipped
1719,3968,1583,DTDC,DTD718025499,2020-01-06,2020-01-07,Returned
1720,2041,2671,Shadowfax,SHA384524396,2022-02-18,2022-02-27,Shipped
1721,3715,1601,FedEx,FED407130520,2025-04-29,2025-05-07,In Transit
1722,2959,2283,Ecom Express,ECO165945538,2021-07-23,2021-07-26,Order Placed
1723,571,58,DTDC,DTD531048651,2020-05-17,2020-05-22,Order Placed
1724,1276,673,DTDC,DTD774484044,2023-11-07,2023-11-13,Shipped
1725,680,308,Delhivery,DEL871089537,2023-05-27,2023-05-29,Delayed
1726,320,3569,FedEx,FED966922434,2022-01-14,2022-01-20,Out for Delivery
1727,604,4706,Ecom Express,ECO203162528,2022-11-23,2022-11-27,Out for Delivery
1728,2351,1456,FedEx,FED784631548,2026-03-09,2026-03-11,Order Placed
1729,3537,2973,India Post,IND426044231,2025-12-24,2025-12-28,Shipped
1730,1138,1033,Delhivery,DEL423610554,2026-01-13,2026-01-20,Returned
1731,4931,4231,Ecom Express,ECO786181143,2020-09-23,2020-09-25,Delivered
1732,3946,4065,Shadowfax,SHA614328464,2022-12-26,2022-12-30,Shipped
1733,4243,2740,DTDC,DTD754167162,2025-01-22,2025-01-31,Returned
1734,2149,4709,DTDC,DTD454588001,2020-03-22,2020-04-01,In Transit
1735,4720,3942,FedEx,FED820932817,2024-11-17,2024-11-22,Shipped
1736,1314,4482,Delhivery,DEL518846500,2023-04-24,2023-04-25,Order Placed
1737,4815,1783,XpressBees,XPR516058192,2022-04-24,2022-04-28,Order Placed
1738,3946,2203,Shadowfax,SHA928761299,2021-05-13,2021-05-18,In Transit
1739,1215,1014,BlueDart,BLU526365224,2024-06-16,2024-06-22,Delayed
1740,2984,3497,India Post,IND948822365,2024-07-07,2024-07-08,Delivered
1741,3640,4152,Shadowfax,SHA428908006,2025-06-25,2025-06-30,Delayed
1742,733,2506,Delhivery,DEL950115340,2020-10-30,2020-11-02,Delivered
1743,2379,3195,BlueDart,BLU462569798,2024-09-26,2024-10-05,Shipped
1744,4380,1585,FedEx,FED166202261,2020-08-24,2020-08-28,In Transit
1745,471,3865,FedEx,FED227088681,2020-10-26,2020-11-04,Returned
1746,3998,2731,Ecom Express,ECO456936286,2023-10-10,2023-10-18,Out for Delivery
1747,1805,2194,Shadowfax,SHA935114533,2020-12-03,2020-12-05,Delivered
1748,477,774,Ecom Express,ECO888451238,2021-08-19,2021-08-21,In Transit
1749,4564,4661,BlueDart,BLU341939855,2025-10-10,2025-10-14,In Transit
1750,2631,3151,BlueDart,BLU933509899,2020-02-29,2020-03-08,Returned
1751,812,1286,Ecom Express,ECO540808747,2024-11-15,2024-11-17,Shipped
1752,522,2293,Shadowfax,SHA986869830,2023-08-08,2023-08-18,Shipped
1753,4642,4164,FedEx,FED633218466,2020-02-05,2020-02-08,Delivered
1754,4274,1954,Shadowfax,SHA756374731,2020-05-05,2020-05-09,Delayed
1755,4780,1275,DTDC,DTD722540835,2020-01-12,2020-01-14,Delayed
1756,2352,1631,Delhivery,DEL989423737,2023-12-19,2023-12-22,Returned
1757,3639,1104,Shadowfax,SHA632147144,2022-09-06,2022-09-15,Delivered
1758,2614,3277,Ecom Express,ECO106208153,2024-03-27,2024-04-04,Delivered
1759,543,1297,Ecom Express,ECO538408893,2025-09-05,2025-09-13,Order Placed
1760,2397,4884,Delhivery,DEL796488946,2024-07-07,2024-07-14,Out for Delivery
1761,3246,1355,FedEx,FED846216876,2024-02-07,2024-02-17,Order Placed
1762,2418,3621,FedEx,FED463143151,2020-01-06,2020-01-09,In Transit
1763,2812,4916,XpressBees,XPR312636157,2026-06-08,2026-06-09,Out for Delivery
1764,1044,826,Delhivery,DEL404355081,2023-02-20,2023-03-02,Order Placed
1765,3032,832,Shadowfax,SHA684787951,2024-02-07,2024-02-15,Delayed
1766,4431,2777,XpressBees,XPR213132105,2022-02-18,2022-02-26,Out for Delivery
1767,4167,2214,DTDC,DTD649372078,2020-04-24,2020-04-28,Returned
1768,336,3852,DTDC,DTD147428729,2022-08-15,2022-08-24,Delayed
1769,1964,2627,FedEx,FED872916976,2020-10-31,2020-11-01,Delayed
1770,109,2132,Delhivery,DEL225183038,2022-02-22,2022-02-25,Out for Delivery
1771,3851,4188,BlueDart,BLU789528636,2024-08-26,2024-09-01,Order Placed
1772,3647,1934,Ecom Express,ECO549322090,2025-09-12,2025-09-13,Returned
1773,1510,2427,XpressBees,XPR374174155,2022-02-14,2022-02-24,Delivered
1774,619,1084,DTDC,DTD309973561,2020-03-15,2020-03-23,Delayed
1775,4886,2075,FedEx,FED975239479,2021-10-21,2021-10-24,Order Placed
1776,2681,758,DTDC,DTD174652364,2021-05-17,2021-05-21,Delayed
1777,4666,2567,Delhivery,DEL109846912,2025-07-05,2025-07-15,Out for Delivery
1778,3055,4339,XpressBees,XPR376949599,2022-06-08,2022-06-11,Out for Delivery
1779,4951,3729,Ecom Express,ECO948537159,2021-06-11,2021-06-14,In Transit
1780,3470,4151,Shadowfax,SHA448969857,2024-06-09,2024-06-15,In Transit
1781,2248,2825,FedEx,FED957705883,2024-11-23,2024-12-01,Returned
1782,3171,3190,FedEx,FED645738635,2022-10-22,2022-10-27,Order Placed
1783,1566,2975,Ecom Express,ECO385030825,2022-08-24,2022-08-26,Order Placed
1784,2257,3505,DTDC,DTD912373814,2025-02-12,2025-02-19,Delivered
1785,3703,4811,BlueDart,BLU778287930,2024-03-04,2024-03-06,Order Placed
1786,458,1716,Delhivery,DEL726142028,2023-11-23,2023-11-28,Delivered
1787,1286,1830,Ecom Express,ECO688807486,2025-12-18,2025-12-24,Returned
1788,3083,2661,DTDC,DTD965707763,2021-02-06,2021-02-16,Shipped
1789,3862,283,BlueDart,BLU148462511,2023-01-24,2023-01-28,Delivered
1790,3129,3196,Delhivery,DEL845293586,2021-11-14,2021-11-15,In Transit
1791,1151,1009,DTDC,DTD518223368,2026-03-16,2026-03-19,Delayed
1792,933,4551,India Post,IND971153642,2020-07-12,2020-07-18,Order Placed
1793,3434,3022,XpressBees,XPR652735952,2020-04-05,2020-04-14,Shipped
1794,2047,4728,India Post,IND435603503,2026-02-20,2026-02-24,Delayed
1795,3391,4002,Ecom Express,ECO429398384,2020-03-19,2020-03-20,Delayed
1796,79,237,Shadowfax,SHA394148058,2020-01-23,2020-01-30,Delivered
1797,1796,4064,DTDC,DTD369921543,2024-08-02,2024-08-10,Order Placed
1798,2884,4713,Shadowfax,SHA911103338,2026-07-18,2026-07-27,Order Placed
1799,196,4518,Ecom Express,ECO852979070,2025-09-30,2025-10-10,Delivered
1800,411,1656,Delhivery,DEL988913540,2024-03-17,2024-03-23,Out for Delivery
1801,2804,972,DTDC,DTD368176842,2025-04-15,2025-04-22,Returned
1802,2613,683,Ecom Express,ECO838875087,2022-11-19,2022-11-26,Returned
1803,524,1326,Ecom Express,ECO194018313,2025-01-05,2025-01-11,Shipped
1804,1008,1056,BlueDart,BLU677871211,2020-03-21,2020-03-27,Out for Delivery
1805,2116,4637,BlueDart,BLU672953086,2021-04-01,2021-04-10,In Transit
1806,272,297,Delhivery,DEL222102535,2025-11-19,2025-11-24,Out for Delivery
1807,913,856,India Post,IND525880224,2021-06-14,2021-06-16,Returned
1808,268,1542,XpressBees,XPR993664846,2025-09-19,2025-09-23,Delayed
1809,4799,3073,BlueDart,BLU396303295,2026-02-09,2026-02-15,Returned
1810,4070,4599,Shadowfax,SHA326495316,2022-09-03,2022-09-04,Delayed
1811,3330,2587,Delhivery,DEL765008571,2021-01-18,2021-01-28,Shipped
1812,4714,453,DTDC,DTD857809520,2021-09-14,2021-09-18,Order Placed
1813,387,120,BlueDart,BLU728006989,2022-02-26,2022-03-06,Shipped
1814,1325,2029,India Post,IND795995143,2020-01-08,2020-01-14,Order Placed
1815,4913,969,Shadowfax,SHA974243498,2022-08-07,2022-08-09,Returned
1816,1388,3089,Shadowfax,SHA994613410,2020-12-25,2020-12-30,Delivered
1817,680,3427,India Post,IND720944191,2023-07-10,2023-07-20,In Transit
1818,2511,4020,XpressBees,XPR590918277,2023-12-06,2023-12-14,Delayed
1819,3135,452,BlueDart,BLU630397398,2024-01-31,2024-02-01,Returned
1820,1648,2023,FedEx,FED824279570,2021-08-18,2021-08-21,Out for Delivery
1821,2706,2792,Delhivery,DEL969008289,2022-09-14,2022-09-21,Returned
1822,4637,3969,India Post,IND644778901,2025-09-22,2025-10-01,Order Placed
1823,2343,3035,Shadowfax,SHA731777391,2021-05-03,2021-05-08,Shipped
1824,4866,3063,Delhivery,DEL614373310,2022-02-01,2022-02-09,Out for Delivery
1825,4808,162,FedEx,FED832106868,2020-09-08,2020-09-15,Returned
1826,3046,680,FedEx,FED953616204,2020-01-14,2020-01-21,Out for Delivery
1827,4740,3532,India Post,IND364600434,2024-10-09,2024-10-14,Returned
1828,2394,3491,XpressBees,XPR324966715,2021-09-12,2021-09-14,Delayed
1829,4636,540,India Post,IND875899749,2021-06-21,2021-06-30,Order Placed
1830,1816,594,Delhivery,DEL879084912,2020-08-29,2020-09-03,Delivered
1831,3960,1837,Delhivery,DEL113995390,2024-05-06,2024-05-07,Order Placed
1832,4700,1068,FedEx,FED841830614,2020-09-19,2020-09-29,Shipped
1833,3065,998,Delhivery,DEL775212991,2021-06-26,2021-06-29,Shipped
1834,1186,2189,Delhivery,DEL587961934,2020-11-02,2020-11-08,Delayed
1835,4800,4655,Delhivery,DEL680919606,2024-09-08,2024-09-16,Out for Delivery
1836,2579,1584,DTDC,DTD218498168,2022-09-28,2022-10-01,Returned
1837,1129,1818,XpressBees,XPR324769945,2022-07-13,2022-07-15,In Transit
1838,3171,1278,India Post,IND144010362,2026-03-11,2026-03-13,In Transit
1839,2410,246,DTDC,DTD416851641,2020-06-02,2020-06-03,Delivered
1840,3701,2615,DTDC,DTD702842627,2022-09-05,2022-09-10,In Transit
1841,4128,877,XpressBees,XPR273975921,2023-12-08,2023-12-15,In Transit
1842,3888,752,Delhivery,DEL509359949,2022-01-15,2022-01-21,In Transit
1843,3042,3790,India Post,IND924237964,2024-01-27,2024-02-04,Delayed
1844,3228,215,Shadowfax,SHA699033026,2025-08-26,2025-08-30,In Transit
1845,4438,4764,FedEx,FED569713573,2026-02-04,2026-02-09,In Transit
1846,1177,3261,Shadowfax,SHA144996882,2025-04-17,2025-04-21,Shipped
1847,2820,753,BlueDart,BLU497133819,2025-10-18,2025-10-22,Shipped
1848,70,1951,Ecom Express,ECO911556181,2024-09-29,2024-10-09,Delivered
1849,109,3653,Shadowfax,SHA855036441,2025-10-09,2025-10-16,Returned
1850,1773,1744,FedEx,FED614893660,2025-02-19,2025-02-24,Out for Delivery
1851,3930,2411,India Post,IND795246591,2021-02-09,2021-02-15,Out for Delivery
1852,2038,4952,BlueDart,BLU497092583,2024-09-04,2024-09-07,In Transit
1853,4282,1643,DTDC,DTD232751412,2020-08-15,2020-08-18,Order Placed
1854,843,3588,BlueDart,BLU769253480,2024-11-12,2024-11-19,Order Placed
1855,3948,1952,DTDC,DTD821828968,2020-06-18,2020-06-20,Out for Delivery
1856,2709,361,India Post,IND915973399,2025-04-29,2025-05-04,Returned
1857,3406,949,DTDC,DTD785581978,2026-06-02,2026-06-12,Delayed
1858,1165,2089,XpressBees,XPR253227600,2023-06-21,2023-06-22,Shipped
1859,1570,4762,XpressBees,XPR126387233,2025-10-01,2025-10-10,Out for Delivery
1860,2170,436,BlueDart,BLU590913811,2026-05-10,2026-05-15,In Transit
1861,4604,3435,Delhivery,DEL198615546,2023-10-25,2023-10-31,In Transit
1862,3118,4415,India Post,IND440710446,2021-09-04,2021-09-13,In Transit
1863,2096,2484,Shadowfax,SHA295192131,2021-09-25,2021-10-04,Order Placed
1864,358,437,India Post,IND313074369,2024-12-28,2025-01-05,Out for Delivery
1865,3762,2832,FedEx,FED559453574,2025-08-27,2025-09-01,Out for Delivery
1866,1003,1026,BlueDart,BLU938416705,2022-04-01,2022-04-04,Shipped
1867,1206,2173,BlueDart,BLU591058100,2026-06-03,2026-06-10,Out for Delivery
1868,898,3069,Delhivery,DEL233426138,2024-06-15,2024-06-16,Out for Delivery
1869,1272,2480,DTDC,DTD232079557,2023-11-04,2023-11-13,Order Placed
1870,2574,1139,BlueDart,BLU191881889,2022-04-21,2022-04-24,Delayed
1871,683,1664,Ecom Express,ECO432532192,2022-10-02,2022-10-08,Delivered
1872,1400,4511,BlueDart,BLU558127342,2022-11-15,2022-11-20,Returned
1873,326,4480,BlueDart,BLU869840132,2026-04-25,2026-04-26,In Transit
1874,4700,2368,India Post,IND214143809,2026-05-07,2026-05-11,Returned
1875,3403,3833,DTDC,DTD620533856,2022-04-23,2022-04-25,In Transit
1876,224,1192,India Post,IND314034156,2020-10-07,2020-10-09,Order Placed
1877,2829,1014,FedEx,FED356291389,2025-12-28,2026-01-07,Returned
1878,1301,2500,DTDC,DTD949596122,2024-07-28,2024-07-30,Order Placed
1879,3663,4910,FedEx,FED433088494,2023-08-31,2023-09-08,Delivered
1880,4943,4931,XpressBees,XPR933228898,2022-08-13,2022-08-18,Returned
1881,2230,1441,BlueDart,BLU860224378,2024-11-28,2024-12-05,Out for Delivery
1882,4502,4088,Shadowfax,SHA832968751,2021-04-03,2021-04-12,Returned
1883,4093,148,India Post,IND876503912,2024-08-31,2024-09-01,In Transit
1884,1822,3905,XpressBees,XPR508148933,2021-03-04,2021-03-07,Delivered
1885,171,3060,DTDC,DTD613514813,2022-12-24,2023-01-01,Delayed
1886,4349,445,Ecom Express,ECO725515402,2024-11-18,2024-11-19,Returned
1887,4069,2736,XpressBees,XPR583040915,2022-12-29,2022-12-31,Delivered
1888,4264,822,India Post,IND510328715,2025-06-16,2025-06-18,Shipped
1889,4288,477,DTDC,DTD466891231,2023-10-01,2023-10-02,Delayed
1890,1698,4898,XpressBees,XPR833393905,2022-09-05,2022-09-11,Delivered
1891,3495,4372,FedEx,FED874969813,2023-09-20,2023-09-29,Out for Delivery
1892,1381,4348,XpressBees,XPR564612608,2020-01-19,2020-01-26,Order Placed
1893,2393,2147,BlueDart,BLU333002500,2020-06-27,2020-07-02,Returned
1894,4729,1046,XpressBees,XPR182636244,2023-12-14,2023-12-22,Order Placed
1895,1021,816,Delhivery,DEL891812358,2023-02-26,2023-03-05,Shipped
1896,2630,2098,FedEx,FED404475204,2024-04-16,2024-04-21,Returned
1897,4903,1912,BlueDart,BLU649188080,2023-04-09,2023-04-16,Out for Delivery
1898,1181,2513,DTDC,DTD545625779,2024-07-18,2024-07-28,Out for Delivery
1899,2461,333,BlueDart,BLU264643415,2020-04-23,2020-04-29,In Transit
1900,4724,1979,Shadowfax,SHA387898813,2025-01-09,2025-01-11,Shipped
1901,3720,1910,DTDC,DTD581763623,2021-11-28,2021-12-03,Delayed
1902,4149,4204,DTDC,DTD978127924,2023-05-25,2023-05-30,Delivered
1903,1010,3442,Delhivery,DEL606361601,2021-04-04,2021-04-06,Delayed
1904,1176,60,XpressBees,XPR543294446,2020-07-23,2020-07-27,Delayed
1905,4435,461,Ecom Express,ECO248923627,2022-09-01,2022-09-03,Order Placed
1906,1219,3657,XpressBees,XPR992241414,2022-09-28,2022-09-29,In Transit
1907,877,546,Delhivery,DEL942861843,2026-01-30,2026-02-01,Delayed
1908,1436,1421,BlueDart,BLU189078215,2021-10-17,2021-10-25,In Transit
1909,2959,2115,BlueDart,BLU191009706,2024-04-06,2024-04-11,Delivered
1910,4266,3024,DTDC,DTD143486888,2023-11-09,2023-11-13,Delayed
1911,1594,1217,BlueDart,BLU654311701,2020-12-16,2020-12-22,Delayed
1912,4243,2986,FedEx,FED827849536,2024-08-15,2024-08-17,Order Placed
1913,1504,2339,Delhivery,DEL664593461,2020-04-06,2020-04-14,Delayed
1914,1394,41,FedEx,FED468129713,2025-09-03,2025-09-06,Delivered
1915,3260,3152,FedEx,FED581329280,2025-08-25,2025-09-02,Out for Delivery
1916,1195,2371,XpressBees,XPR487668865,2023-05-30,2023-06-07,Returned
1917,1565,1860,XpressBees,XPR158359484,2023-11-08,2023-11-11,Order Placed
1918,91,4547,FedEx,FED200362332,2024-04-10,2024-04-18,Out for Delivery
1919,3737,2335,Delhivery,DEL630799678,2021-05-21,2021-05-30,Out for Delivery
1920,1776,2813,Ecom Express,ECO587332734,2020-07-22,2020-07-24,Out for Delivery
1921,935,3241,Ecom Express,ECO220376030,2021-02-11,2021-02-14,Order Placed
1922,1941,2369,BlueDart,BLU296675265,2025-05-13,2025-05-20,Order Placed
1923,1963,3516,BlueDart,BLU543028463,2020-05-17,2020-05-18,Returned
1924,4569,3395,Delhivery,DEL806188859,2026-04-27,2026-04-29,Returned
1925,4869,3164,BlueDart,BLU260468278,2023-05-30,2023-06-09,Delivered
1926,1605,4220,DTDC,DTD627763412,2023-03-27,2023-04-03,Out for Delivery
1927,657,4583,Ecom Express,ECO210588975,2020-06-23,2020-06-26,Out for Delivery
1928,2676,4999,Shadowfax,SHA452024444,2024-11-01,2024-11-04,Delivered
1929,3252,4700,BlueDart,BLU448543966,2021-12-17,2021-12-25,Returned
1930,1874,384,Ecom Express,ECO896003805,2025-11-28,2025-12-06,Out for Delivery
1931,3733,1777,BlueDart,BLU145589557,2020-09-03,2020-09-08,Delivered
1932,3090,821,Delhivery,DEL262505618,2022-07-28,2022-08-05,Delayed
1933,4534,1526,India Post,IND398251173,2025-11-01,2025-11-02,Delayed
1934,4889,4263,FedEx,FED424372513,2021-08-22,2021-08-30,Order Placed
1935,1996,4334,BlueDart,BLU106433389,2024-06-20,2024-06-23,In Transit
1936,2994,542,XpressBees,XPR250196654,2025-01-05,2025-01-13,Delivered
1937,4530,190,BlueDart,BLU842396183,2025-04-29,2025-05-09,Delivered
1938,2329,2605,FedEx,FED944550247,2025-08-04,2025-08-05,Order Placed
1939,1416,383,Ecom Express,ECO949813944,2020-08-17,2020-08-26,Delivered
1940,2927,1136,BlueDart,BLU350204906,2022-06-10,2022-06-11,In Transit
1941,714,2054,Delhivery,DEL377127397,2024-02-17,2024-02-18,Shipped
1942,2139,3773,India Post,IND102578357,2023-06-25,2023-07-02,Out for Delivery
1943,4007,2510,DTDC,DTD754989819,2022-04-26,2022-05-04,Out for Delivery
1944,3326,792,DTDC,DTD529302255,2023-09-07,2023-09-12,Delayed
1945,4201,1444,BlueDart,BLU673134554,2024-12-26,2025-01-03,Shipped
1946,2979,860,FedEx,FED457406327,2021-09-28,2021-10-05,Shipped
1947,1638,3440,DTDC,DTD805124630,2020-11-21,2020-11-23,Delivered
1948,2431,55,FedEx,FED412669002,2022-02-06,2022-02-13,In Transit
1949,4667,717,India Post,IND977954532,2022-02-04,2022-02-14,Out for Delivery
1950,1507,4112,BlueDart,BLU141402871,2022-04-21,2022-04-24,Out for Delivery
1951,1659,4901,XpressBees,XPR755454522,2022-01-28,2022-02-02,Order Placed
1952,1866,3108,BlueDart,BLU731439998,2023-01-30,2023-02-07,Shipped
1953,3672,2401,XpressBees,XPR481523417,2026-02-24,2026-03-03,Delayed
1954,1566,1164,Delhivery,DEL645165139,2024-12-02,2024-12-12,In Transit
1955,466,1014,DTDC,DTD771093961,2022-08-13,2022-08-21,Shipped
1956,1253,3681,Delhivery,DEL652884335,2020-03-27,2020-03-28,Order Placed
1957,1781,1250,India Post,IND550486158,2023-05-20,2023-05-26,Order Placed
1958,270,2503,DTDC,DTD995250047,2025-08-01,2025-08-09,Order Placed
1959,648,927,Shadowfax,SHA665467918,2022-07-17,2022-07-21,In Transit
1960,4209,4223,BlueDart,BLU469964315,2022-08-25,2022-08-29,Out for Delivery
1961,502,629,Ecom Express,ECO874612255,2023-05-01,2023-05-05,Delivered
1962,3119,4873,Ecom Express,ECO852026565,2026-03-13,2026-03-15,Order Placed
1963,1663,1714,DTDC,DTD259966981,2021-11-24,2021-12-04,Shipped
1964,1265,3953,XpressBees,XPR103231273,2024-09-11,2024-09-19,Out for Delivery
1965,4070,1357,India Post,IND552080166,2025-08-17,2025-08-19,Returned
1966,4281,4380,XpressBees,XPR179408222,2020-11-02,2020-11-12,Delivered
1967,3967,2670,Ecom Express,ECO535457366,2024-05-06,2024-05-11,Delivered
1968,2507,3591,BlueDart,BLU336463894,2021-03-14,2021-03-18,Order Placed
1969,883,2452,FedEx,FED955035961,2020-05-15,2020-05-25,Returned
1970,1977,366,DTDC,DTD947188296,2025-09-10,2025-09-14,Delivered
1971,1911,3190,BlueDart,BLU875813357,2024-10-22,2024-10-28,In Transit
1972,453,3455,FedEx,FED759307105,2023-07-01,2023-07-11,Delayed
1973,888,3738,Ecom Express,ECO755173831,2025-12-04,2025-12-13,Delivered
1974,3010,204,XpressBees,XPR667787917,2025-07-18,2025-07-23,Delayed
1975,2099,3337,Shadowfax,SHA599208958,2026-01-01,2026-01-06,Out for Delivery
1976,3952,3082,Delhivery,DEL461459090,2023-08-22,2023-08-27,Returned
1977,777,3628,Ecom Express,ECO614909134,2024-12-06,2024-12-14,Order Placed
1978,2034,1686,Shadowfax,SHA974049967,2020-01-25,2020-02-03,Out for Delivery
1979,1836,4869,Ecom Express,ECO738998425,2021-03-13,2021-03-14,Returned
1980,4257,1239,FedEx,FED853456391,2026-07-22,2026-07-28,Order Placed
1981,3833,4328,BlueDart,BLU389867149,2023-07-05,2023-07-13,Out for Delivery
1982,684,1227,Ecom Express,ECO309422062,2020-11-25,2020-11-27,Delayed
1983,1417,2920,BlueDart,BLU162744798,2026-06-11,2026-06-14,Out for Delivery
1984,1689,3670,XpressBees,XPR217131548,2020-03-24,2020-03-30,Out for Delivery
1985,3886,3065,Ecom Express,ECO654606135,2025-04-23,2025-04-26,Returned
1986,3788,646,XpressBees,XPR398790256,2020-03-07,2020-03-10,Out for Delivery
1987,2851,527,India Post,IND500451688,2020-03-24,2020-03-28,Delivered
1988,1446,1649,Ecom Express,ECO509830678,2026-07-05,2026-07-14,Delayed
1989,4154,1999,Ecom Express,ECO189810503,2025-10-05,2025-10-08,Delivered
1990,2374,4275,Ecom Express,ECO814865119,2024-05-29,2024-06-08,In Transit
1991,4428,752,India Post,IND307794434,2022-09-03,2022-09-09,Out for Delivery
1992,791,3410,Ecom Express,ECO150832656,2024-06-02,2024-06-08,Delivered
1993,1552,4192,Shadowfax,SHA279393812,2025-03-27,2025-04-03,Delivered
1994,4568,2444,FedEx,FED338189516,2026-03-17,2026-03-23,Shipped
1995,4267,1509,BlueDart,BLU681587988,2021-07-01,2021-07-11,Delivered
1996,698,963,Ecom Express,ECO286459058,2023-08-11,2023-08-14,In Transit
1997,1362,1944,Delhivery,DEL311847952,2024-03-05,2024-03-15,Shipped
1998,4372,4837,Ecom Express,ECO978122457,2021-12-04,2021-12-11,Returned
1999,2901,4721,India Post,IND912334683,2024-11-10,2024-11-18,Shipped
2000,3356,2271,Delhivery,DEL859019372,2021-02-16,2021-02-17,Delivered
2001,2769,3916,Ecom Express,ECO475479761,2024-03-31,2024-04-10,Delayed
2002,1440,2156,DTDC,DTD654105148,2020-01-12,2020-01-17,Shipped
2003,526,3095,XpressBees,XPR523751739,2026-06-16,2026-06-17,Delayed
2004,3811,1084,XpressBees,XPR716253896,2026-06-26,2026-06-28,Shipped
2005,596,372,BlueDart,BLU693426968,2024-04-06,2024-04-11,Shipped
2006,1575,2618,India Post,IND677062396,2023-11-03,2023-11-06,Shipped
2007,4353,1893,BlueDart,BLU103627588,2025-11-26,2025-11-28,In Transit
2008,4082,3551,India Post,IND675833640,2020-11-04,2020-11-10,Returned
2009,3495,2508,Shadowfax,SHA343689382,2025-06-20,2025-06-22,In Transit
2010,849,4631,FedEx,FED991082372,2021-02-16,2021-02-22,Delayed
2011,786,4974,XpressBees,XPR621150233,2026-02-19,2026-02-28,Order Placed
2012,2543,2722,Shadowfax,SHA581655013,2024-02-17,2024-02-21,Returned
2013,3488,3207,DTDC,DTD744936258,2025-05-25,2025-06-01,Delivered
2014,3915,3478,Ecom Express,ECO832654240,2021-03-24,2021-04-03,Delayed
2015,923,1807,FedEx,FED258408031,2024-05-08,2024-05-15,Delivered
2016,948,2801,India Post,IND254290419,2024-11-01,2024-11-06,Delayed
2017,2848,4301,Delhivery,DEL196886272,2020-07-02,2020-07-11,Shipped
2018,3703,3639,BlueDart,BLU958289512,2023-05-04,2023-05-14,Order Placed
2019,2823,2279,Ecom Express,ECO205217257,2024-11-25,2024-12-05,Shipped
2020,501,2703,Ecom Express,ECO509514919,2022-11-10,2022-11-16,Returned
2021,4273,23,BlueDart,BLU283324436,2021-09-16,2021-09-20,Shipped
2022,3579,3606,Shadowfax,SHA779917484,2025-05-13,2025-05-23,Delayed
2023,3386,1860,DTDC,DTD445371584,2023-06-05,2023-06-11,Order Placed
2024,3440,3253,DTDC,DTD677327338,2021-05-03,2021-05-11,In Transit
2025,2787,1664,BlueDart,BLU660525754,2022-07-20,2022-07-23,In Transit
2026,3823,2497,Ecom Express,ECO297888867,2022-08-17,2022-08-21,Order Placed
2027,362,1271,Delhivery,DEL184772657,2022-07-06,2022-07-09,Shipped
2028,1530,3447,DTDC,DTD434427274,2026-06-22,2026-06-28,Delayed
2029,2108,4466,India Post,IND458525154,2023-04-17,2023-04-20,Order Placed
2030,1395,4711,Delhivery,DEL167606398,2020-10-04,2020-10-06,Returned
2031,3606,3402,XpressBees,XPR175217114,2022-03-14,2022-03-18,In Transit
2032,4662,1923,XpressBees,XPR103724808,2022-12-07,2022-12-13,In Transit
2033,4231,2107,Ecom Express,ECO809433641,2026-05-08,2026-05-09,Shipped
2034,3429,4702,DTDC,DTD301315977,2026-01-25,2026-02-03,Delivered
2035,2381,586,FedEx,FED998516748,2023-07-25,2023-07-30,In Transit
2036,96,3917,DTDC,DTD161279440,2022-01-04,2022-01-07,Shipped
2037,2764,1635,India Post,IND709275682,2025-01-11,2025-01-20,Delayed
2038,4558,4809,XpressBees,XPR982232557,2022-02-01,2022-02-06,In Transit
2039,2829,4096,BlueDart,BLU918738717,2024-02-20,2024-02-29,In Transit
2040,1898,425,Delhivery,DEL943585529,2023-12-29,2024-01-06,Delayed
2041,4705,3300,India Post,IND601246321,2026-01-16,2026-01-26,Delivered
2042,4425,4019,FedEx,FED490300367,2020-01-06,2020-01-09,Delivered
2043,2962,3210,Ecom Express,ECO791138812,2020-06-29,2020-07-08,Returned
2044,260,1615,Ecom Express,ECO599230492,2026-05-16,2026-05-17,In Transit
2045,3528,2572,Delhivery,DEL103799381,2025-07-05,2025-07-14,Delivered
2046,3876,3320,BlueDart,BLU255122433,2024-01-25,2024-02-03,Shipped
2047,1819,3931,Shadowfax,SHA571425706,2020-07-14,2020-07-23,Delivered
2048,1398,3005,FedEx,FED158352773,2021-06-26,2021-06-29,Out for Delivery
2049,2865,2640,BlueDart,BLU660103112,2020-12-18,2020-12-20,Order Placed
2050,4062,3626,Delhivery,DEL650390657,2020-03-11,2020-03-13,Order Placed
2051,2935,327,Ecom Express,ECO170987846,2025-04-02,2025-04-07,Out for Delivery
2052,4500,3913,DTDC,DTD829442690,2020-05-06,2020-05-09,Out for Delivery
2053,1735,4483,India Post,IND543690247,2025-09-16,2025-09-22,Shipped
2054,131,177,Ecom Express,ECO770799637,2022-01-28,2022-02-07,Order Placed
2055,1359,348,XpressBees,XPR394038686,2023-03-31,2023-04-07,Out for Delivery
2056,4186,2392,BlueDart,BLU478680741,2024-05-30,2024-06-01,Returned
2057,2889,4000,DTDC,DTD475183197,2022-09-15,2022-09-22,Delivered
2058,4640,2027,India Post,IND457814127,2022-03-16,2022-03-18,Out for Delivery
2059,785,1277,XpressBees,XPR205964692,2023-03-10,2023-03-20,Delayed
2060,551,591,BlueDart,BLU212966795,2023-03-04,2023-03-07,Delayed
2061,4459,274,Ecom Express,ECO176512610,2023-06-15,2023-06-21,Shipped
2062,3556,1337,FedEx,FED832624295,2023-08-16,2023-08-19,Out for Delivery
2063,219,3751,Delhivery,DEL154053757,2024-12-18,2024-12-19,Order Placed
2064,3448,4553,Delhivery,DEL217221318,2024-03-15,2024-03-21,Order Placed
2065,2905,1327,India Post,IND670115321,2024-10-16,2024-10-18,Shipped
2066,822,4325,BlueDart,BLU512072334,2021-12-12,2021-12-17,Out for Delivery
2067,755,1001,XpressBees,XPR705764516,2024-10-03,2024-10-06,Returned
2068,2273,4428,Ecom Express,ECO203996808,2025-10-11,2025-10-21,In Transit
2069,2402,54,XpressBees,XPR356864277,2023-11-12,2023-11-16,Shipped
2070,2127,3533,India Post,IND626324501,2025-02-12,2025-02-18,Returned
2071,790,315,FedEx,FED437705656,2020-06-17,2020-06-24,Shipped
2072,1193,1977,BlueDart,BLU708805047,2025-02-12,2025-02-14,Shipped
2073,4366,3632,BlueDart,BLU693276934,2022-01-21,2022-01-28,In Transit
2074,56,2669,DTDC,DTD654204349,2026-04-08,2026-04-13,Delayed
2075,2673,4322,XpressBees,XPR483263236,2024-01-09,2024-01-17,Shipped
2076,3572,4904,Ecom Express,ECO160299126,2026-02-16,2026-02-23,Delayed
2077,764,4049,BlueDart,BLU436378982,2024-10-18,2024-10-21,Out for Delivery
2078,3911,1445,India Post,IND822766035,2022-03-29,2022-04-05,Delivered
2079,3538,3464,XpressBees,XPR295254133,2023-05-14,2023-05-17,Delivered
2080,2776,3996,Shadowfax,SHA997314556,2025-03-07,2025-03-16,Order Placed
2081,325,3894,FedEx,FED659841121,2020-09-07,2020-09-17,In Transit
2082,28,1302,Ecom Express,ECO479775577,2024-06-26,2024-07-01,Returned
2083,1088,494,Shadowfax,SHA158833270,2022-07-15,2022-07-23,Order Placed
2084,205,522,Shadowfax,SHA683911638,2022-07-05,2022-07-08,In Transit
2085,4678,3086,Shadowfax,SHA214467296,2021-10-05,2021-10-12,In Transit
2086,241,834,BlueDart,BLU752781598,2022-02-25,2022-03-06,Delayed
2087,3819,3031,XpressBees,XPR154388367,2025-08-31,2025-09-04,Order Placed
2088,2133,1641,Shadowfax,SHA771781264,2021-10-08,2021-10-17,Order Placed
2089,2309,2166,FedEx,FED822188542,2024-02-29,2024-03-06,Order Placed
2090,3414,649,DTDC,DTD941554042,2022-04-18,2022-04-21,Delivered
2091,685,3003,Shadowfax,SHA151854399,2025-06-07,2025-06-15,Delivered
2092,2079,562,FedEx,FED501470581,2022-03-04,2022-03-07,Delayed
2093,4266,4109,XpressBees,XPR952317686,2021-12-18,2021-12-24,In Transit
2094,587,3651,Shadowfax,SHA432522107,2021-03-26,2021-04-04,Shipped
2095,110,4218,BlueDart,BLU513146455,2022-09-29,2022-10-02,Out for Delivery
2096,1641,4443,Shadowfax,SHA705713803,2020-10-10,2020-10-16,In Transit
2097,1691,1174,XpressBees,XPR128814493,2021-01-08,2021-01-16,Order Placed
2098,4277,2330,Delhivery,DEL364970576,2022-07-27,2022-08-02,Shipped
2099,3759,3630,DTDC,DTD730355056,2021-11-10,2021-11-18,Returned
2100,2886,3149,India Post,IND691004696,2025-03-29,2025-04-07,Delayed
2101,3274,354,Ecom Express,ECO334227754,2025-10-11,2025-10-13,Shipped
2102,234,3848,Delhivery,DEL952209558,2023-06-24,2023-06-29,In Transit
2103,4229,1440,FedEx,FED480993852,2023-05-17,2023-05-27,Out for Delivery
2104,564,1791,FedEx,FED615247883,2023-11-10,2023-11-13,Out for Delivery
2105,4045,2755,Delhivery,DEL558341257,2023-06-05,2023-06-08,Returned
2106,2704,1331,BlueDart,BLU699110985,2020-09-24,2020-10-02,In Transit
2107,1049,2913,India Post,IND929077519,2020-01-14,2020-01-24,Order Placed
2108,156,1357,FedEx,FED627758736,2023-05-16,2023-05-25,Out for Delivery
2109,2789,1916,Delhivery,DEL440022402,2026-04-28,2026-05-04,Delayed
2110,481,3532,Delhivery,DEL188792058,2024-05-03,2024-05-05,Order Placed
2111,1463,3984,Delhivery,DEL191671864,2022-06-18,2022-06-28,In Transit
2112,4054,3104,Shadowfax,SHA460668287,2021-04-10,2021-04-20,Shipped
2113,4502,4883,DTDC,DTD472321644,2025-11-13,2025-11-14,Out for Delivery
2114,161,2423,Delhivery,DEL194166586,2020-06-03,2020-06-09,In Transit
2115,1551,4954,FedEx,FED955211066,2024-11-23,2024-11-26,Delayed
2116,1965,2848,Delhivery,DEL158847438,2026-03-03,2026-03-09,Delayed
2117,3794,2573,DTDC,DTD789551060,2023-02-17,2023-02-18,Out for Delivery
2118,2953,2313,Shadowfax,SHA400662778,2020-03-26,2020-03-27,In Transit
2119,4327,3176,Ecom Express,ECO962064833,2020-12-10,2020-12-18,Delayed
2120,1208,855,DTDC,DTD341430583,2025-07-03,2025-07-08,Delivered
2121,3086,2746,Shadowfax,SHA826503395,2021-12-12,2021-12-15,Shipped
2122,1260,4312,DTDC,DTD987919950,2021-11-04,2021-11-11,In Transit
2123,3269,2701,Delhivery,DEL750881932,2025-01-09,2025-01-19,Out for Delivery
2124,1306,1749,Shadowfax,SHA787812350,2025-01-29,2025-02-02,Out for Delivery
2125,1717,3209,Delhivery,DEL310211385,2025-10-05,2025-10-15,Returned
2126,445,3748,FedEx,FED705599444,2026-07-06,2026-07-14,Order Placed
2127,1330,264,Delhivery,DEL641074978,2025-12-07,2025-12-08,Delayed
2128,863,3058,India Post,IND612432282,2022-07-22,2022-07-24,Order Placed
2129,2375,4594,XpressBees,XPR356385282,2023-12-06,2023-12-09,Delivered
2130,178,4316,FedEx,FED680224377,2020-05-20,2020-05-23,Out for Delivery
2131,451,2895,Ecom Express,ECO210792178,2025-05-11,2025-05-14,In Transit
2132,877,309,Ecom Express,ECO185580652,2021-01-26,2021-01-31,Out for Delivery
2133,543,2207,Delhivery,DEL953722489,2022-09-05,2022-09-07,Delivered
2134,4685,4438,BlueDart,BLU127137064,2025-04-25,2025-05-05,Out for Delivery
2135,1213,4794,XpressBees,XPR214534438,2026-05-31,2026-06-08,Out for Delivery
2136,4594,571,Shadowfax,SHA892651878,2024-04-16,2024-04-20,Delivered
2137,3627,1184,XpressBees,XPR827150993,2025-06-20,2025-06-27,Shipped
2138,498,4088,FedEx,FED956636656,2023-06-09,2023-06-10,Delivered
2139,2801,2488,BlueDart,BLU525238810,2024-12-14,2024-12-22,Order Placed
2140,3392,1932,DTDC,DTD137420374,2025-04-10,2025-04-11,Delivered
2141,4476,2787,DTDC,DTD758845182,2022-10-20,2022-10-21,Returned
2142,4571,471,India Post,IND573766758,2025-09-26,2025-10-04,Order Placed
2143,2828,1186,BlueDart,BLU754672643,2025-07-14,2025-07-16,Shipped
2144,1385,153,Shadowfax,SHA861782999,2025-12-24,2025-12-26,In Transit
2145,1212,3236,BlueDart,BLU905480764,2025-10-26,2025-10-27,In Transit
2146,3560,4017,Shadowfax,SHA229718353,2024-04-28,2024-05-08,Delivered
2147,413,1316,XpressBees,XPR740639546,2024-08-11,2024-08-17,In Transit
2148,2517,2670,DTDC,DTD966603698,2020-10-23,2020-10-29,Delayed
2149,2393,1249,Delhivery,DEL976183252,2021-07-13,2021-07-21,Order Placed
2150,1453,2190,Delhivery,DEL711647452,2022-02-21,2022-02-23,Delivered
2151,2381,2276,Shadowfax,SHA461497063,2024-11-08,2024-11-16,Returned
2152,2481,557,XpressBees,XPR223424737,2026-01-29,2026-02-04,Delivered
2153,4178,500,DTDC,DTD383247943,2021-03-26,2021-04-05,Returned
2154,1297,2585,XpressBees,XPR301236586,2022-11-12,2022-11-22,Delivered
2155,4865,4778,Delhivery,DEL680978355,2023-03-03,2023-03-09,In Transit
2156,843,3896,Ecom Express,ECO396456565,2025-10-09,2025-10-10,Shipped
2157,2971,1094,Shadowfax,SHA676719759,2025-05-05,2025-05-12,In Transit
2158,668,3338,Ecom Express,ECO647624573,2022-12-25,2022-12-26,Delayed
2159,3879,3344,Shadowfax,SHA392721847,2024-02-12,2024-02-20,Out for Delivery
2160,708,2985,Shadowfax,SHA645445739,2021-03-24,2021-04-01,Order Placed
2161,1073,3722,Ecom Express,ECO173175818,2022-02-21,2022-02-24,Returned
2162,3934,1995,India Post,IND708853933,2020-12-12,2020-12-16,Delivered
2163,2404,2707,Ecom Express,ECO676495300,2020-11-11,2020-11-20,Out for Delivery
2164,775,2612,XpressBees,XPR884536370,2021-04-08,2021-04-09,Returned
2165,4920,210,DTDC,DTD481081868,2021-09-16,2021-09-23,Returned
2166,3988,3216,FedEx,FED435875013,2024-04-26,2024-04-28,In Transit
2167,3793,453,FedEx,FED886634934,2022-12-15,2022-12-17,In Transit
2168,3174,4486,XpressBees,XPR507085221,2026-06-23,2026-06-28,Delayed
2169,3544,2136,DTDC,DTD204625443,2026-06-08,2026-06-14,Out for Delivery
2170,2902,3595,Ecom Express,ECO991836779,2026-01-05,2026-01-11,Delivered
2171,2697,1840,BlueDart,BLU650994085,2025-11-05,2025-11-11,Delayed
2172,3277,1700,Delhivery,DEL277954750,2025-03-05,2025-03-10,In Transit
2173,3132,66,Shadowfax,SHA127212241,2020-12-28,2021-01-04,Delivered
2174,1459,3054,Delhivery,DEL627607064,2024-08-15,2024-08-20,Delivered
2175,3657,4379,FedEx,FED579845112,2026-01-09,2026-01-17,Delivered
2176,2792,2652,BlueDart,BLU651342826,2026-06-21,2026-06-27,Order Placed
2177,674,4492,XpressBees,XPR482065880,2023-03-29,2023-04-02,Shipped
2178,2231,764,India Post,IND593661871,2021-01-19,2021-01-22,Order Placed
2179,1561,2288,Shadowfax,SHA433778277,2023-12-12,2023-12-14,Out for Delivery
2180,2029,1750,Shadowfax,SHA609298122,2025-10-23,2025-10-25,Delivered
2181,2356,1841,DTDC,DTD838466451,2024-10-25,2024-10-29,Delayed
2182,1931,3801,XpressBees,XPR949434716,2025-11-14,2025-11-16,In Transit
2183,4828,2240,Ecom Express,ECO758918382,2024-11-14,2024-11-22,Order Placed
2184,1438,1542,FedEx,FED535366268,2021-07-15,2021-07-25,Out for Delivery
2185,32,1739,BlueDart,BLU109955929,2024-05-04,2024-05-12,Returned
2186,4169,619,DTDC,DTD563960604,2023-03-04,2023-03-08,Delivered
2187,3604,1680,XpressBees,XPR344630308,2021-12-25,2021-12-26,Delivered
2188,1362,1043,Ecom Express,ECO994556098,2020-05-09,2020-05-15,In Transit
2189,1196,3240,Shadowfax,SHA492917234,2023-05-02,2023-05-04,Delayed
2190,1464,2952,BlueDart,BLU822220644,2021-07-24,2021-07-31,Shipped
2191,1071,4417,FedEx,FED842139757,2023-11-03,2023-11-10,Delivered
2192,2043,4726,BlueDart,BLU353176767,2025-03-07,2025-03-16,Order Placed
2193,1987,2399,XpressBees,XPR174697771,2024-05-31,2024-06-05,Out for Delivery
2194,1910,1598,DTDC,DTD749379836,2022-02-16,2022-02-25,In Transit
2195,4311,2487,Ecom Express,ECO788219371,2020-11-22,2020-11-26,Delivered
2196,4062,2754,Shadowfax,SHA989607668,2022-08-08,2022-08-11,Shipped
2197,4179,1829,BlueDart,BLU243045154,2025-09-16,2025-09-23,In Transit
2198,2858,914,BlueDart,BLU997088464,2023-10-30,2023-11-02,Returned
2199,2601,3717,XpressBees,XPR202606403,2026-05-05,2026-05-07,In Transit
2200,2500,1211,Ecom Express,ECO107124343,2022-07-14,2022-07-19,Shipped
2201,2301,3615,XpressBees,XPR980661092,2026-05-28,2026-06-03,Order Placed
2202,4506,3090,DTDC,DTD391983151,2021-05-31,2021-06-06,Delayed
2203,2426,4899,XpressBees,XPR771710437,2021-01-25,2021-01-31,Returned
2204,3282,3926,India Post,IND645350320,2021-02-12,2021-02-14,Order Placed
2205,4702,4453,India Post,IND418252252,2026-02-06,2026-02-15,Returned
2206,4937,1528,DTDC,DTD488472564,2026-01-20,2026-01-23,Delivered
2207,3323,3640,Delhivery,DEL821936963,2020-05-20,2020-05-26,In Transit
2208,1690,2723,Shadowfax,SHA471701235,2025-07-17,2025-07-27,Out for Delivery
2209,4992,1333,Ecom Express,ECO242552919,2020-01-23,2020-01-31,Delivered
2210,1196,4646,BlueDart,BLU160936947,2020-03-13,2020-03-16,Out for Delivery
2211,4078,3767,Shadowfax,SHA495736069,2023-07-22,2023-08-01,Shipped
2212,703,532,Delhivery,DEL425606079,2020-12-14,2020-12-19,Delivered
2213,1925,2466,Ecom Express,ECO989737483,2023-12-30,2024-01-07,Delayed
2214,992,1676,FedEx,FED716836116,2021-05-20,2021-05-25,Order Placed
2215,2031,1950,Shadowfax,SHA324050547,2020-01-03,2020-01-12,Delayed
2216,1311,4215,Shadowfax,SHA529624772,2023-09-07,2023-09-15,Order Placed
2217,2830,1838,BlueDart,BLU897527943,2022-09-13,2022-09-20,Out for Delivery
2218,2544,2904,BlueDart,BLU149275329,2020-08-15,2020-08-21,Order Placed
2219,2924,2285,India Post,IND396466673,2022-02-10,2022-02-14,Delayed
2220,4172,2012,Ecom Express,ECO293311484,2025-01-20,2025-01-29,Returned
2221,3258,3557,FedEx,FED556353005,2020-09-04,2020-09-12,Returned
2222,1937,558,BlueDart,BLU666048092,2021-09-28,2021-10-07,Returned
2223,3678,1343,BlueDart,BLU338950462,2022-06-17,2022-06-21,Out for Delivery
2224,4443,2064,FedEx,FED699258366,2020-09-28,2020-10-07,Order Placed
2225,2810,2996,India Post,IND832523393,2022-07-15,2022-07-23,Shipped
2226,4333,1602,Delhivery,DEL380215382,2023-12-05,2023-12-06,Shipped
2227,3300,2574,DTDC,DTD129764910,2021-04-03,2021-04-13,Delayed
2228,4649,2779,Ecom Express,ECO228477841,2021-08-09,2021-08-10,Delayed
2229,4116,2415,Ecom Express,ECO224203483,2020-05-20,2020-05-25,Delayed
2230,572,3359,Ecom Express,ECO336904083,2020-10-11,2020-10-21,Delayed
2231,1422,161,Shadowfax,SHA100325755,2021-08-27,2021-09-04,Delayed
2232,3604,4431,Ecom Express,ECO797000421,2021-11-20,2021-11-28,Shipped
2233,185,3250,BlueDart,BLU870529841,2024-11-10,2024-11-13,Order Placed
2234,3554,4335,DTDC,DTD108459391,2025-12-18,2025-12-19,Order Placed
2235,2136,2685,XpressBees,XPR738139478,2022-10-08,2022-10-10,In Transit
2236,4576,1984,India Post,IND773982586,2020-02-28,2020-03-01,Out for Delivery
2237,1506,4674,Delhivery,DEL364460957,2025-08-04,2025-08-12,Shipped
2238,2653,4097,Ecom Express,ECO879804642,2020-08-14,2020-08-22,Returned
2239,259,2273,Ecom Express,ECO455661153,2020-01-25,2020-01-28,Returned
2240,1867,4472,BlueDart,BLU655032510,2024-09-10,2024-09-20,In Transit
2241,1013,3063,India Post,IND548869089,2023-06-06,2023-06-13,In Transit
2242,1319,3182,BlueDart,BLU127526822,2022-05-15,2022-05-17,Returned
2243,3453,1053,Delhivery,DEL829336934,2021-11-27,2021-12-03,Delayed
2244,2230,3904,Ecom Express,ECO270501676,2026-05-20,2026-05-28,Shipped
2245,1888,4314,DTDC,DTD777667098,2024-03-27,2024-04-05,Shipped
2246,1010,1680,BlueDart,BLU454135109,2020-08-25,2020-08-27,Delivered
2247,645,4138,Shadowfax,SHA992985754,2024-06-10,2024-06-20,Out for Delivery
2248,4675,1571,XpressBees,XPR997671271,2024-09-13,2024-09-17,Returned
2249,1062,679,DTDC,DTD982868057,2022-01-19,2022-01-20,Order Placed
2250,4212,4567,Ecom Express,ECO254785164,2026-07-28,2026-08-07,Delivered
2251,2407,51,DTDC,DTD792954068,2021-02-09,2021-02-12,Delayed
2252,716,4686,FedEx,FED692110645,2021-09-21,2021-09-27,Out for Delivery
2253,4151,3853,BlueDart,BLU755387083,2023-08-07,2023-08-17,Returned
2254,4156,231,FedEx,FED632814189,2023-11-13,2023-11-14,Delayed
2255,2031,3817,Delhivery,DEL642458895,2021-09-04,2021-09-14,Delivered
2256,1993,4909,Shadowfax,SHA465174150,2022-09-06,2022-09-09,In Transit
2257,1653,4731,Ecom Express,ECO666515794,2025-11-27,2025-12-06,Returned
2258,244,4718,Delhivery,DEL149323554,2021-01-08,2021-01-09,In Transit
2259,3216,4189,India Post,IND293255896,2024-08-16,2024-08-25,Delayed
2260,369,125,FedEx,FED659231121,2021-11-07,2021-11-13,Delivered
2261,2244,4215,DTDC,DTD193981200,2024-05-18,2024-05-21,Delayed
2262,1927,615,Shadowfax,SHA940090349,2021-01-16,2021-01-19,Delayed
2263,1038,3207,FedEx,FED632843493,2025-07-16,2025-07-17,Delayed
2264,31,513,Delhivery,DEL641738454,2025-06-11,2025-06-13,Out for Delivery
2265,2448,2870,FedEx,FED915089367,2022-11-23,2022-12-02,Order Placed
2266,4025,4628,DTDC,DTD527800872,2020-11-15,2020-11-17,Out for Delivery
2267,1535,2013,FedEx,FED648542919,2026-03-19,2026-03-20,Delayed
2268,557,4124,Shadowfax,SHA509766480,2024-03-11,2024-03-20,Delivered
2269,3795,1503,Shadowfax,SHA390675831,2024-10-27,2024-11-04,Returned
2270,1421,857,Shadowfax,SHA204688550,2020-12-15,2020-12-22,Delayed
2271,170,1225,XpressBees,XPR662319749,2023-09-24,2023-10-01,In Transit
2272,4749,2725,India Post,IND297990961,2020-01-11,2020-01-18,Returned
2273,4359,3970,XpressBees,XPR317118868,2026-02-28,2026-03-01,In Transit
2274,3793,442,BlueDart,BLU341681572,2025-09-26,2025-09-30,Shipped
2275,4767,87,BlueDart,BLU725960820,2020-05-11,2020-05-13,Delivered
2276,2816,2752,FedEx,FED126588036,2020-03-04,2020-03-14,Delivered
2277,734,3275,DTDC,DTD738058947,2021-03-15,2021-03-22,Delivered
2278,3060,1084,FedEx,FED319769239,2021-08-25,2021-09-04,Returned
2279,4253,3930,FedEx,FED809117550,2026-05-05,2026-05-11,Order Placed
2280,938,2433,Ecom Express,ECO909599850,2020-11-17,2020-11-23,In Transit
2281,3110,2706,DTDC,DTD813156496,2025-05-22,2025-05-31,Delivered
2282,630,1524,BlueDart,BLU714014302,2025-10-03,2025-10-08,Out for Delivery
2283,307,2428,India Post,IND496701286,2021-09-22,2021-09-24,In Transit
2284,1592,1119,FedEx,FED489646179,2020-07-01,2020-07-11,In Transit
2285,124,2238,Delhivery,DEL864795191,2020-03-14,2020-03-18,Order Placed
2286,3692,1493,India Post,IND617810388,2023-12-20,2023-12-26,Delivered
2287,2247,4051,Ecom Express,ECO794824853,2022-08-18,2022-08-19,In Transit
2288,824,4468,India Post,IND339807061,2021-12-20,2021-12-26,Shipped
2289,949,3577,XpressBees,XPR141240557,2022-07-04,2022-07-10,Delayed
2290,2792,4541,XpressBees,XPR681402768,2024-05-28,2024-06-02,Order Placed
2291,4994,4933,Delhivery,DEL939157914,2022-09-25,2022-09-29,Delayed
2292,1451,551,FedEx,FED919318689,2024-10-10,2024-10-12,Returned
2293,2307,4407,Ecom Express,ECO866707904,2021-07-13,2021-07-23,In Transit
2294,3016,3780,India Post,IND446368154,2025-05-01,2025-05-09,Delivered
2295,4338,4166,India Post,IND337951036,2024-09-25,2024-09-26,Delayed
2296,1868,2005,India Post,IND891090272,2023-05-05,2023-05-10,Order Placed
2297,2766,4078,FedEx,FED649627037,2025-03-30,2025-04-03,Returned
2298,4147,2778,Delhivery,DEL198925650,2020-02-15,2020-02-16,Delayed
2299,138,1642,BlueDart,BLU266001271,2022-10-24,2022-11-02,Out for Delivery
2300,4145,1510,XpressBees,XPR498558564,2023-11-22,2023-12-02,Shipped
2301,4450,3765,BlueDart,BLU745547947,2022-09-16,2022-09-18,Order Placed
2302,980,104,Ecom Express,ECO777940378,2023-01-07,2023-01-14,Returned
2303,1217,2099,XpressBees,XPR405964853,2021-02-24,2021-03-03,Delivered
2304,1806,2319,Shadowfax,SHA620257789,2024-05-23,2024-05-24,Delivered
2305,1044,1006,Ecom Express,ECO306210650,2022-08-26,2022-08-31,Out for Delivery
2306,2169,2993,XpressBees,XPR725031341,2024-08-20,2024-08-29,Out for Delivery
2307,1124,192,XpressBees,XPR612874343,2020-01-03,2020-01-08,Out for Delivery
2308,4567,1915,Shadowfax,SHA870908591,2024-04-10,2024-04-20,In Transit
2309,3318,567,DTDC,DTD384090224,2025-12-26,2026-01-04,Out for Delivery
2310,3900,2318,Delhivery,DEL216752591,2022-02-06,2022-02-10,Out for Delivery
2311,330,1147,India Post,IND765439540,2022-09-12,2022-09-14,Delayed
2312,4443,2339,India Post,IND938744955,2024-02-29,2024-03-10,Delivered
2313,2633,3187,FedEx,FED655382641,2022-12-28,2022-12-29,In Transit
2314,729,2314,Ecom Express,ECO886071788,2024-11-04,2024-11-10,In Transit
2315,408,3579,Delhivery,DEL529897300,2024-08-10,2024-08-20,Order Placed
2316,535,3304,BlueDart,BLU816488490,2024-01-03,2024-01-11,Returned
2317,3591,4430,BlueDart,BLU440593160,2020-12-13,2020-12-15,Out for Delivery
2318,3516,2857,FedEx,FED449562491,2023-02-23,2023-02-24,Out for Delivery
2319,547,2370,BlueDart,BLU118880745,2020-02-05,2020-02-10,In Transit
2320,4225,2197,XpressBees,XPR301784473,2022-03-13,2022-03-23,Shipped
2321,2335,4949,DTDC,DTD247386111,2026-04-09,2026-04-12,Returned
2322,2723,4731,Delhivery,DEL791085753,2025-06-03,2025-06-11,Shipped
2323,2050,16,Delhivery,DEL442424849,2020-04-17,2020-04-18,Out for Delivery
2324,3094,4726,BlueDart,BLU394759150,2025-07-11,2025-07-19,Out for Delivery
2325,642,838,Ecom Express,ECO343510979,2023-12-24,2023-12-31,Delivered
2326,2263,4647,Ecom Express,ECO951498127,2025-08-26,2025-09-02,Shipped
2327,309,1187,BlueDart,BLU247606094,2020-09-06,2020-09-08,Returned
2328,168,3905,FedEx,FED858464497,2026-02-14,2026-02-17,In Transit
2329,4364,286,BlueDart,BLU293734118,2024-04-30,2024-05-10,Shipped
2330,1285,3048,India Post,IND174907823,2023-07-26,2023-07-28,Out for Delivery
2331,783,4433,Delhivery,DEL983288392,2020-08-25,2020-08-26,Out for Delivery
2332,2545,41,DTDC,DTD277558378,2022-06-21,2022-06-29,Delivered
2333,735,661,XpressBees,XPR994356677,2026-03-25,2026-04-01,In Transit
2334,1778,1752,Shadowfax,SHA782863453,2020-06-27,2020-07-03,In Transit
2335,1700,4182,DTDC,DTD985760154,2025-11-15,2025-11-17,Returned
2336,36,4532,Delhivery,DEL136358435,2020-08-27,2020-08-30,Delivered
2337,2057,2374,BlueDart,BLU274316195,2023-04-09,2023-04-14,Delayed
2338,4631,1328,FedEx,FED949563808,2022-09-22,2022-10-02,Returned
2339,4153,3001,Delhivery,DEL664220872,2020-09-24,2020-10-02,Returned
2340,342,625,BlueDart,BLU663746243,2024-02-21,2024-02-25,In Transit
2341,4560,690,BlueDart,BLU820937873,2026-02-25,2026-02-26,In Transit
2342,1101,138,Delhivery,DEL230783072,2021-12-05,2021-12-14,Delayed
2343,1248,3687,BlueDart,BLU249456850,2022-05-03,2022-05-06,Shipped
2344,3948,1980,Ecom Express,ECO235634155,2022-12-07,2022-12-12,Shipped
2345,3919,4364,XpressBees,XPR712150477,2020-03-20,2020-03-22,Returned
2346,3798,2933,Shadowfax,SHA808603813,2021-12-01,2021-12-11,In Transit
2347,1800,898,Delhivery,DEL934301791,2025-10-26,2025-11-02,Delayed
2348,2278,1305,India Post,IND436746929,2020-09-23,2020-10-03,Order Placed
2349,2911,3081,Shadowfax,SHA629138198,2024-08-04,2024-08-14,Delayed
2350,4294,1727,Ecom Express,ECO784322662,2021-04-22,2021-04-30,In Transit
2351,4315,4435,Delhivery,DEL149210811,2023-03-30,2023-04-01,Out for Delivery
2352,3174,2148,FedEx,FED567916658,2025-04-29,2025-05-01,Delayed
2353,93,183,XpressBees,XPR905301987,2020-10-08,2020-10-10,Returned
2354,4808,4401,BlueDart,BLU559320828,2025-08-15,2025-08-24,Out for Delivery
2355,3693,1692,Delhivery,DEL446944636,2020-07-05,2020-07-10,Shipped
2356,775,3569,Ecom Express,ECO185035667,2022-03-18,2022-03-23,Delayed
2357,4154,1067,Delhivery,DEL218393448,2024-06-15,2024-06-24,Order Placed
2358,1995,2849,FedEx,FED296839010,2025-02-24,2025-02-26,Order Placed
2359,451,628,BlueDart,BLU398939637,2024-07-16,2024-07-18,Returned
2360,1521,3240,BlueDart,BLU258442033,2023-01-01,2023-01-10,Delivered
2361,4738,4043,India Post,IND768095435,2021-11-20,2021-11-21,Returned
2362,3272,605,Ecom Express,ECO700738386,2021-02-19,2021-02-20,Returned
2363,1565,1268,Shadowfax,SHA204388923,2020-09-10,2020-09-18,Returned
2364,4532,183,FedEx,FED178519748,2022-06-10,2022-06-16,Shipped
2365,1476,3386,DTDC,DTD976087773,2026-04-12,2026-04-14,Order Placed
2366,3422,3805,Ecom Express,ECO916676681,2024-01-02,2024-01-12,Delayed
2367,4577,3827,BlueDart,BLU335348485,2022-05-02,2022-05-10,Shipped
2368,3865,4739,Delhivery,DEL158374509,2025-01-12,2025-01-18,Out for Delivery
2369,4045,4989,XpressBees,XPR386706320,2020-01-28,2020-01-30,Order Placed
2370,2673,4856,Ecom Express,ECO322652475,2022-07-21,2022-07-27,Order Placed
2371,4394,2759,Ecom Express,ECO593980145,2020-02-24,2020-02-25,Delayed
2372,2650,2686,XpressBees,XPR821375610,2020-06-06,2020-06-08,Delivered
2373,3946,258,Shadowfax,SHA680525059,2020-07-20,2020-07-25,Shipped
2374,638,278,FedEx,FED704328404,2023-06-20,2023-06-22,Delivered
2375,61,4421,Ecom Express,ECO493910834,2026-03-23,2026-03-26,Delayed
2376,1156,3962,DTDC,DTD316001142,2022-07-20,2022-07-22,Delivered
2377,3924,3541,XpressBees,XPR917370598,2024-05-04,2024-05-06,Shipped
2378,2906,2257,Delhivery,DEL975291664,2024-01-28,2024-02-07,Order Placed
2379,800,3054,India Post,IND668967618,2021-12-12,2021-12-18,Delayed
2380,3986,2858,Shadowfax,SHA409584733,2023-07-29,2023-07-31,Shipped
2381,407,1800,India Post,IND218852921,2023-06-02,2023-06-09,Delayed
2382,1805,770,DTDC,DTD990017514,2022-06-16,2022-06-19,Delayed
2383,1177,3946,Ecom Express,ECO389889871,2023-04-01,2023-04-06,Delayed
2384,583,2417,FedEx,FED352393529,2020-11-27,2020-12-03,Delayed
2385,393,712,BlueDart,BLU218506099,2025-01-16,2025-01-21,Order Placed
2386,3766,4892,Ecom Express,ECO357826153,2026-04-13,2026-04-17,Shipped
2387,3716,1407,XpressBees,XPR380789941,2024-08-17,2024-08-24,In Transit
2388,549,4491,XpressBees,XPR652381640,2024-09-14,2024-09-16,Order Placed
2389,2934,3652,Delhivery,DEL672772459,2020-03-22,2020-03-27,Delivered
2390,3532,4883,Delhivery,DEL620039001,2022-11-25,2022-11-26,Returned
2391,2757,1529,Shadowfax,SHA888456589,2026-07-17,2026-07-27,Shipped
2392,1361,2707,BlueDart,BLU296239121,2025-01-28,2025-02-01,Shipped
2393,554,4010,Ecom Express,ECO984335670,2024-05-23,2024-05-29,Out for Delivery
2394,949,4849,BlueDart,BLU564879906,2023-10-22,2023-10-27,Delivered
2395,3528,3097,Ecom Express,ECO181027453,2020-11-05,2020-11-07,Order Placed
2396,2196,2789,Ecom Express,ECO939324524,2021-06-13,2021-06-19,Returned
2397,1830,4073,Ecom Express,ECO621011003,2025-03-22,2025-04-01,Returned
2398,813,1039,DTDC,DTD501523153,2020-12-18,2020-12-20,Out for Delivery
2399,1119,4697,DTDC,DTD128492885,2025-10-17,2025-10-26,Shipped
2400,2587,140,XpressBees,XPR983971537,2020-05-21,2020-05-26,Delivered
2401,2038,4631,Ecom Express,ECO699170370,2020-04-14,2020-04-15,Delivered
2402,4171,633,BlueDart,BLU561152330,2025-10-13,2025-10-23,Out for Delivery
2403,2227,3157,Ecom Express,ECO556607979,2022-07-07,2022-07-11,In Transit
2404,1343,4226,Ecom Express,ECO999237416,2024-01-23,2024-02-02,Out for Delivery
2405,1057,386,Shadowfax,SHA295682043,2020-11-13,2020-11-23,Out for Delivery
2406,3971,3004,BlueDart,BLU812947857,2023-11-07,2023-11-16,In Transit
2407,2894,511,DTDC,DTD941270457,2022-01-28,2022-02-01,Delivered
2408,1503,2511,XpressBees,XPR341626930,2026-08-06,2026-08-10,In Transit
2409,2701,4043,Delhivery,DEL164162073,2022-07-24,2022-08-03,Out for Delivery
2410,711,1640,Delhivery,DEL509563654,2023-06-02,2023-06-09,Returned
2411,2461,2663,BlueDart,BLU102638875,2026-02-25,2026-02-26,Returned
2412,274,1990,FedEx,FED563816393,2025-12-01,2025-12-05,Returned
2413,666,121,DTDC,DTD529603641,2024-08-05,2024-08-09,Shipped
2414,4149,3797,DTDC,DTD429190812,2024-04-08,2024-04-15,Shipped
2415,2064,1675,Ecom Express,ECO875863944,2025-10-18,2025-10-22,Out for Delivery
2416,4415,1681,DTDC,DTD191894389,2025-10-29,2025-11-07,Delayed
2417,1991,738,Delhivery,DEL284789979,2024-05-20,2024-05-24,Delivered
2418,981,3734,India Post,IND782741985,2025-10-11,2025-10-19,Returned
2419,4889,4668,XpressBees,XPR982593717,2020-08-12,2020-08-15,Returned
2420,4309,4509,BlueDart,BLU268384626,2025-06-16,2025-06-23,Order Placed
2421,4114,513,XpressBees,XPR651897877,2022-02-11,2022-02-15,Out for Delivery
2422,1114,2089,Shadowfax,SHA913913317,2020-11-30,2020-12-09,In Transit
2423,226,195,Shadowfax,SHA182196841,2021-03-18,2021-03-20,In Transit
2424,1174,3658,Delhivery,DEL181460476,2025-10-18,2025-10-21,Out for Delivery
2425,3244,664,India Post,IND210593913,2025-06-23,2025-06-30,In Transit
2426,68,2761,Ecom Express,ECO820924496,2025-05-02,2025-05-07,In Transit
2427,1165,3538,XpressBees,XPR143000925,2025-08-08,2025-08-14,Delayed
2428,2970,4913,DTDC,DTD702730744,2023-07-21,2023-07-30,Shipped
2429,413,504,Ecom Express,ECO214377367,2020-08-20,2020-08-23,Delivered
2430,3145,4087,DTDC,DTD788369363,2023-06-21,2023-06-22,Order Placed
2431,2189,4611,DTDC,DTD435789594,2021-11-08,2021-11-14,In Transit
2432,4201,3793,Delhivery,DEL439580764,2024-11-28,2024-12-08,Order Placed
2433,2329,2728,BlueDart,BLU840725053,2025-07-09,2025-07-13,In Transit
2434,1544,648,FedEx,FED278441700,2021-05-03,2021-05-07,Order Placed
2435,4511,1140,India Post,IND817322403,2025-02-18,2025-02-20,Shipped
2436,4738,1425,Ecom Express,ECO900518728,2023-05-20,2023-05-30,Delayed
2437,368,2995,BlueDart,BLU487709587,2025-08-12,2025-08-19,Out for Delivery
2438,136,2468,Delhivery,DEL775605320,2025-11-01,2025-11-06,Delivered
2439,2630,4868,DTDC,DTD466709574,2020-09-16,2020-09-23,Delivered
2440,3459,3847,Ecom Express,ECO741811341,2024-05-19,2024-05-20,Delayed
2441,3819,3608,Shadowfax,SHA772508215,2020-09-07,2020-09-12,Shipped
2442,819,3646,Delhivery,DEL463044183,2025-11-14,2025-11-23,Shipped
2443,1889,2197,Delhivery,DEL209358933,2024-05-21,2024-05-22,Returned
2444,1804,2139,XpressBees,XPR521725073,2026-06-03,2026-06-04,Out for Delivery
2445,1827,1171,Delhivery,DEL658898825,2022-02-09,2022-02-11,Returned
2446,4044,4242,XpressBees,XPR441065069,2025-11-22,2025-11-30,Delayed
2447,1746,1973,Shadowfax,SHA702323027,2022-07-23,2022-07-31,Order Placed
2448,1040,4792,FedEx,FED710545335,2021-03-16,2021-03-21,Delivered
2449,3878,40,Ecom Express,ECO127185571,2026-08-03,2026-08-05,Delayed
2450,4321,1261,FedEx,FED586012123,2020-05-01,2020-05-05,Delayed
2451,510,307,XpressBees,XPR627889648,2020-11-09,2020-11-12,In Transit
2452,4291,4029,Delhivery,DEL778757694,2020-10-23,2020-10-30,Order Placed
2453,3972,3405,India Post,IND293203415,2025-08-31,2025-09-02,In Transit
2454,344,3041,FedEx,FED937861455,2021-10-14,2021-10-22,Order Placed
2455,579,6,XpressBees,XPR712342234,2024-08-25,2024-09-03,Shipped
2456,2143,4494,India Post,IND432019054,2024-04-06,2024-04-10,Shipped
2457,3041,4210,BlueDart,BLU623443531,2024-12-01,2024-12-09,Order Placed
2458,3319,476,Shadowfax,SHA480718041,2023-03-07,2023-03-14,Delivered
2459,3268,1980,BlueDart,BLU327813387,2025-08-01,2025-08-06,Returned
2460,4418,4608,Shadowfax,SHA411787829,2023-10-11,2023-10-21,Shipped
2461,1014,2962,DTDC,DTD610507944,2024-02-26,2024-02-27,In Transit
2462,400,933,FedEx,FED587900493,2021-04-13,2021-04-23,Delivered
2463,4377,4182,XpressBees,XPR908346518,2023-02-21,2023-02-28,Delayed
2464,4376,2798,FedEx,FED671492797,2026-06-08,2026-06-18,In Transit
2465,4790,224,Delhivery,DEL463456904,2020-06-01,2020-06-09,Delivered
2466,3501,2890,FedEx,FED454378810,2022-11-15,2022-11-17,Shipped
2467,3283,3539,Delhivery,DEL786312172,2025-10-22,2025-10-23,In Transit
2468,3468,3143,Shadowfax,SHA138925044,2025-04-26,2025-05-03,In Transit
2469,3902,1405,Ecom Express,ECO520890825,2022-10-04,2022-10-06,Delivered
2470,309,446,BlueDart,BLU431244115,2022-04-13,2022-04-18,Order Placed
2471,1481,1170,DTDC,DTD606754972,2021-04-22,2021-04-24,Order Placed
2472,1008,3940,FedEx,FED776608337,2023-10-13,2023-10-23,Returned
2473,4014,2297,BlueDart,BLU849774009,2022-03-26,2022-03-27,Out for Delivery
2474,4956,2362,XpressBees,XPR676683036,2022-01-28,2022-02-07,Shipped
2475,4881,2966,BlueDart,BLU272543968,2020-01-06,2020-01-07,Delivered
2476,4290,1246,Shadowfax,SHA658336821,2021-03-12,2021-03-21,Order Placed
2477,3822,1478,India Post,IND148393216,2023-06-14,2023-06-20,Order Placed
2478,3028,2701,India Post,IND638718944,2024-09-23,2024-10-01,In Transit
2479,2188,3343,India Post,IND579370578,2021-12-18,2021-12-24,Out for Delivery
2480,2259,514,Shadowfax,SHA872387955,2023-01-08,2023-01-18,In Transit
2481,4328,1737,Shadowfax,SHA248212755,2022-08-25,2022-09-01,Delivered
2482,2017,3577,Ecom Express,ECO294086323,2021-11-01,2021-11-11,Returned
2483,3362,1269,India Post,IND936164010,2024-12-17,2024-12-20,Delivered
2484,3121,903,India Post,IND996147823,2022-02-23,2022-02-27,Delivered
2485,2306,2222,Ecom Express,ECO668509976,2020-05-17,2020-05-24,Returned
2486,4041,2001,India Post,IND979512150,2021-06-01,2021-06-09,Order Placed
2487,4864,2231,Ecom Express,ECO390785467,2024-03-10,2024-03-19,Out for Delivery
2488,3422,39,Shadowfax,SHA556850060,2023-09-07,2023-09-16,Delayed
2489,2944,3048,India Post,IND623066264,2023-05-11,2023-05-15,Delivered
2490,910,987,XpressBees,XPR712114075,2021-10-19,2021-10-20,Out for Delivery
2491,3916,2963,FedEx,FED307912622,2024-12-19,2024-12-21,In Transit
2492,298,2474,BlueDart,BLU140741518,2025-06-02,2025-06-08,Delivered
2493,4287,4466,BlueDart,BLU280215837,2023-06-06,2023-06-12,Shipped
2494,4342,2632,Ecom Express,ECO316906261,2025-08-09,2025-08-14,Out for Delivery
2495,3897,3474,DTDC,DTD121491014,2023-04-01,2023-04-07,Order Placed
2496,3919,1306,Delhivery,DEL849014864,2022-11-09,2022-11-14,Returned
2497,2109,2959,XpressBees,XPR870025914,2020-11-02,2020-11-11,Delayed
2498,3774,2679,FedEx,FED229092856,2020-06-07,2020-06-08,In Transit
2499,42,2989,Ecom Express,ECO812037947,2025-04-09,2025-04-13,Delivered
2500,4837,2661,XpressBees,XPR288161602,2026-04-29,2026-05-03,Returned
2501,1863,1017,Shadowfax,SHA371466313,2024-04-23,2024-04-24,Order Placed
2502,2681,3398,Ecom Express,ECO957761062,2026-05-18,2026-05-19,Shipped
2503,2037,3095,FedEx,FED379600825,2023-01-05,2023-01-06,Delivered
2504,4650,3138,Shadowfax,SHA648704710,2020-06-30,2020-07-09,Order Placed
2505,1369,1368,Delhivery,DEL509676658,2021-03-22,2021-03-31,Order Placed
2506,410,633,DTDC,DTD528742798,2026-04-12,2026-04-22,Returned
2507,4411,660,Delhivery,DEL320006120,2025-10-29,2025-11-03,In Transit
2508,1484,3482,Delhivery,DEL294010353,2021-02-12,2021-02-21,In Transit
2509,1627,1944,Ecom Express,ECO234978618,2020-12-08,2020-12-12,Delivered
2510,425,857,DTDC,DTD978577773,2024-01-16,2024-01-26,Delivered
2511,1366,2705,BlueDart,BLU976600094,2023-08-13,2023-08-14,Delayed
2512,904,794,Delhivery,DEL943887075,2021-06-03,2021-06-11,Delayed
2513,1083,4077,FedEx,FED284509876,2020-07-15,2020-07-16,In Transit
2514,1538,4675,Shadowfax,SHA341892902,2024-04-03,2024-04-04,Returned
2515,2130,2281,FedEx,FED740404364,2023-12-23,2023-12-25,Delayed
2516,3242,3002,Ecom Express,ECO890290174,2021-02-22,2021-02-25,Delayed
2517,4035,1056,XpressBees,XPR820274475,2021-05-15,2021-05-17,Order Placed
2518,4563,3600,XpressBees,XPR979654270,2024-06-13,2024-06-21,Delivered
2519,4838,203,Ecom Express,ECO761788847,2024-08-20,2024-08-29,In Transit
2520,2933,1933,Ecom Express,ECO474268794,2024-01-31,2024-02-09,Returned
2521,1393,715,BlueDart,BLU741770235,2022-05-27,2022-05-31,Returned
2522,245,4115,BlueDart,BLU937889755,2024-12-29,2025-01-05,Delayed
2523,2256,1071,FedEx,FED203440689,2024-06-23,2024-06-25,Returned
2524,4944,352,BlueDart,BLU630206046,2025-09-18,2025-09-23,Shipped
2525,3780,744,India Post,IND328522059,2026-07-16,2026-07-25,Order Placed
2526,336,2999,Ecom Express,ECO679746782,2021-02-11,2021-02-15,Order Placed
2527,4581,4646,Ecom Express,ECO652675333,2020-10-21,2020-10-31,Delayed
2528,2678,1172,Ecom Express,ECO454908927,2022-01-31,2022-02-06,Order Placed
2529,4340,2826,India Post,IND811259472,2021-11-18,2021-11-19,Order Placed
2530,4257,2713,Shadowfax,SHA581499008,2020-03-20,2020-03-26,Out for Delivery
2531,1132,2038,India Post,IND880879083,2022-05-11,2022-05-20,Delivered
2532,4589,327,FedEx,FED575275543,2022-01-30,2022-02-09,Delayed
2533,60,4856,Ecom Express,ECO140607558,2021-08-19,2021-08-26,Returned
2534,3929,214,XpressBees,XPR268334926,2026-02-08,2026-02-09,Delayed
2535,475,1077,Delhivery,DEL480190544,2024-07-14,2024-07-24,Shipped
2536,1617,4378,Shadowfax,SHA414132563,2022-01-30,2022-02-04,Returned
2537,3816,4024,Ecom Express,ECO156050117,2022-06-19,2022-06-26,In Transit
2538,1651,534,Shadowfax,SHA987968449,2020-06-10,2020-06-17,Order Placed
2539,2857,155,BlueDart,BLU683710528,2025-11-04,2025-11-13,Returned
2540,2108,4926,BlueDart,BLU281509328,2026-02-26,2026-02-28,Returned
2541,4198,3178,India Post,IND892934272,2022-08-28,2022-09-05,Order Placed
2542,2425,813,Delhivery,DEL486097818,2022-03-10,2022-03-17,In Transit
2543,2080,3580,FedEx,FED450729115,2021-11-27,2021-12-04,In Transit
2544,3270,1647,Shadowfax,SHA481862019,2023-12-20,2023-12-24,Delayed
2545,3353,4256,Shadowfax,SHA431986160,2023-05-01,2023-05-08,Returned
2546,3780,2467,BlueDart,BLU418253418,2023-02-16,2023-02-25,Returned
2547,4982,526,Delhivery,DEL347625491,2021-07-19,2021-07-20,In Transit
2548,2208,3564,DTDC,DTD799370028,2023-03-13,2023-03-21,Order Placed
2549,482,82,Delhivery,DEL885127995,2024-06-30,2024-07-01,Delivered
2550,4212,4192,India Post,IND843220380,2023-07-13,2023-07-15,In Transit
2551,766,1778,Ecom Express,ECO331607199,2022-06-13,2022-06-19,Delayed
2552,1871,4832,India Post,IND549618539,2021-08-21,2021-08-25,Returned
2553,2610,3147,Ecom Express,ECO668166608,2020-07-30,2020-07-31,Delayed
2554,1692,2969,XpressBees,XPR302421414,2026-02-05,2026-02-06,Delivered
2555,3672,4526,India Post,IND554617482,2021-01-31,2021-02-06,Delivered
2556,4329,4565,Ecom Express,ECO169560772,2025-11-24,2025-11-26,Order Placed
2557,833,4242,Ecom Express,ECO521980598,2020-04-25,2020-05-05,Returned
2558,3475,3155,Shadowfax,SHA346708532,2022-09-01,2022-09-05,Delayed
2559,2730,1838,Ecom Express,ECO152492785,2026-05-12,2026-05-15,Delivered
2560,34,636,Shadowfax,SHA820653992,2020-04-25,2020-04-27,Out for Delivery
2561,3084,4673,Delhivery,DEL265300911,2022-03-09,2022-03-10,Delayed
2562,3765,1762,Delhivery,DEL151737030,2020-09-24,2020-10-02,Order Placed
2563,280,1817,DTDC,DTD940806632,2022-10-12,2022-10-19,Delivered
2564,1466,2887,India Post,IND930705336,2020-05-01,2020-05-02,Delivered
2565,4522,1868,FedEx,FED138995152,2020-02-10,2020-02-14,Delayed
2566,916,3494,Delhivery,DEL935630070,2026-04-02,2026-04-08,Returned
2567,4100,720,India Post,IND813862842,2022-07-29,2022-08-05,In Transit
2568,3488,2831,XpressBees,XPR675157560,2024-10-29,2024-11-03,Order Placed
2569,1596,2301,BlueDart,BLU715333830,2022-11-14,2022-11-19,Delivered
2570,3841,461,FedEx,FED231573734,2025-09-26,2025-09-27,In Transit
2571,845,3724,DTDC,DTD569861132,2021-02-24,2021-02-26,Delayed
2572,4400,4280,Ecom Express,ECO247893564,2020-11-07,2020-11-16,Out for Delivery
2573,4788,2942,Shadowfax,SHA502399492,2021-08-12,2021-08-18,Out for Delivery
2574,1683,2522,DTDC,DTD152020188,2020-06-04,2020-06-07,Delayed
2575,1233,4077,Ecom Express,ECO402688523,2023-06-06,2023-06-14,Out for Delivery
2576,3192,4534,India Post,IND391274214,2022-12-22,2022-12-30,Returned
2577,3497,1018,BlueDart,BLU680696018,2022-10-28,2022-11-03,Delayed
2578,1500,426,BlueDart,BLU340497592,2026-02-12,2026-02-16,Delayed
2579,4692,3220,FedEx,FED235016719,2021-05-21,2021-05-27,Out for Delivery
2580,1330,4270,Ecom Express,ECO309282901,2021-09-28,2021-09-29,Delivered
2581,4424,3961,FedEx,FED185595103,2024-05-26,2024-05-27,Delivered
2582,1250,3861,DTDC,DTD619048317,2020-09-12,2020-09-20,Out for Delivery
2583,2474,2077,Shadowfax,SHA575768298,2026-02-05,2026-02-10,Returned
2584,3184,2706,DTDC,DTD997742848,2022-09-11,2022-09-18,In Transit
2585,3599,3618,India Post,IND770117833,2020-01-16,2020-01-18,Delayed
2586,738,2440,BlueDart,BLU567877635,2022-06-12,2022-06-13,Shipped
2587,387,1033,Delhivery,DEL414221891,2020-05-11,2020-05-21,Delayed
2588,3533,3420,India Post,IND168723644,2022-12-09,2022-12-13,Delayed
2589,2546,1350,Delhivery,DEL177898066,2023-01-17,2023-01-20,Shipped
2590,4894,199,FedEx,FED910739395,2025-05-12,2025-05-19,Returned
2591,834,3389,DTDC,DTD985609440,2021-03-18,2021-03-20,Returned
2592,2594,4720,XpressBees,XPR175346077,2022-04-07,2022-04-14,Delivered
2593,1954,4619,DTDC,DTD537611524,2022-04-08,2022-04-11,Returned
2594,473,1757,XpressBees,XPR614752966,2021-11-22,2021-11-24,Shipped
2595,1518,2259,FedEx,FED216931723,2022-12-11,2022-12-16,Delayed
2596,4444,4217,FedEx,FED681423088,2022-10-28,2022-11-03,Delivered
2597,4516,712,DTDC,DTD272832458,2021-11-14,2021-11-15,Returned
2598,2780,4098,Ecom Express,ECO658890111,2024-08-20,2024-08-30,In Transit
2599,1306,2144,Ecom Express,ECO904503234,2025-02-08,2025-02-14,Delayed
2600,1162,2074,BlueDart,BLU889847537,2024-01-03,2024-01-07,In Transit
2601,132,4545,Delhivery,DEL526176868,2021-07-26,2021-07-31,Delayed
2602,1194,2371,Ecom Express,ECO554026848,2023-11-11,2023-11-14,Delayed
2603,4571,325,FedEx,FED126731333,2026-01-29,2026-02-07,Order Placed
2604,1071,2807,XpressBees,XPR115220497,2025-11-10,2025-11-20,Delivered
2605,1194,805,DTDC,DTD795208941,2022-03-02,2022-03-03,Delayed
2606,2176,4252,Shadowfax,SHA591324609,2026-04-18,2026-04-25,In Transit
2607,379,4501,India Post,IND248823043,2025-09-04,2025-09-12,Returned
2608,3335,4453,BlueDart,BLU950849696,2022-12-03,2022-12-08,Shipped
2609,1856,2676,DTDC,DTD690461552,2021-04-01,2021-04-09,Returned
2610,2337,2371,BlueDart,BLU166212918,2021-09-21,2021-09-29,Out for Delivery
2611,3043,1822,Delhivery,DEL156670448,2023-05-16,2023-05-24,Returned
2612,3341,3918,DTDC,DTD612095241,2024-06-05,2024-06-06,In Transit
2613,4177,842,India Post,IND738428258,2022-07-07,2022-07-09,Returned
2614,2335,4727,XpressBees,XPR440853745,2022-12-22,2023-01-01,Out for Delivery
2615,626,1207,FedEx,FED217251937,2026-06-15,2026-06-17,Shipped
2616,4895,64,Shadowfax,SHA812535038,2025-01-09,2025-01-16,Returned
2617,3106,985,DTDC,DTD315193989,2020-08-24,2020-09-02,Returned
2618,448,2210,Delhivery,DEL721300150,2020-08-12,2020-08-17,Out for Delivery
2619,3954,2593,XpressBees,XPR596683212,2020-08-20,2020-08-28,Shipped
2620,4609,4772,DTDC,DTD687899007,2024-11-15,2024-11-18,Returned
2621,1657,4766,Delhivery,DEL466314161,2021-06-13,2021-06-17,Shipped
2622,2958,1985,DTDC,DTD410970753,2025-06-24,2025-06-26,Returned
2623,1963,4633,DTDC,DTD786343218,2021-09-13,2021-09-22,Shipped
2624,3036,2501,Shadowfax,SHA240088922,2023-06-25,2023-07-02,Order Placed
2625,4061,4172,XpressBees,XPR274721947,2026-03-30,2026-04-09,Out for Delivery
2626,4445,2250,BlueDart,BLU685642654,2024-12-19,2024-12-29,In Transit
2627,4590,3275,DTDC,DTD355777002,2025-01-08,2025-01-17,Returned
2628,3322,1728,Delhivery,DEL766877639,2020-05-30,2020-06-02,Delivered
2629,842,4285,Delhivery,DEL860187446,2023-09-18,2023-09-19,Order Placed
2630,2953,475,Shadowfax,SHA372296988,2022-12-17,2022-12-27,Order Placed
2631,2337,2158,Delhivery,DEL567419404,2026-01-08,2026-01-18,In Transit
2632,4802,1390,Shadowfax,SHA826899674,2023-04-27,2023-05-07,In Transit
2633,3439,1625,Shadowfax,SHA480084789,2022-04-25,2022-04-28,Returned
2634,2501,4744,Ecom Express,ECO970380101,2020-01-12,2020-01-19,Out for Delivery
2635,277,1181,BlueDart,BLU149144166,2024-06-20,2024-06-27,In Transit
2636,682,2505,BlueDart,BLU187030991,2022-04-05,2022-04-14,Out for Delivery
2637,2714,4326,Delhivery,DEL229720872,2021-10-29,2021-11-06,Out for Delivery
2638,4151,4721,Ecom Express,ECO983258953,2026-07-17,2026-07-20,Shipped
2639,3078,2107,DTDC,DTD526275576,2021-08-09,2021-08-18,Shipped
2640,2867,4034,FedEx,FED681347874,2026-03-20,2026-03-27,Delivered
2641,926,2864,BlueDart,BLU346585728,2023-07-11,2023-07-20,Out for Delivery
2642,480,57,FedEx,FED592799187,2022-01-11,2022-01-20,Delivered
2643,349,4798,DTDC,DTD265910955,2024-03-17,2024-03-19,Shipped
2644,1483,3187,BlueDart,BLU829589927,2026-04-24,2026-05-01,Delivered
2645,2522,2387,DTDC,DTD109659812,2022-02-19,2022-02-24,Shipped
2646,2376,1537,DTDC,DTD958886308,2025-08-08,2025-08-14,Returned
2647,1895,2272,XpressBees,XPR240788469,2024-11-14,2024-11-15,Order Placed
2648,2253,402,BlueDart,BLU255010434,2023-02-27,2023-03-03,Shipped
2649,1455,584,BlueDart,BLU773636108,2021-06-29,2021-07-09,Shipped
2650,4463,4636,Shadowfax,SHA256593047,2026-05-25,2026-05-26,Returned
2651,3733,2270,FedEx,FED947244523,2023-01-12,2023-01-22,Order Placed
2652,4238,1194,XpressBees,XPR439148074,2022-02-09,2022-02-19,Out for Delivery
2653,2791,4580,BlueDart,BLU624392755,2023-06-24,2023-06-28,Returned
2654,972,4936,Shadowfax,SHA505724321,2025-03-13,2025-03-20,Delivered
2655,436,2327,India Post,IND345792475,2023-01-01,2023-01-11,Order Placed
2656,2849,2631,FedEx,FED180528303,2021-01-27,2021-02-05,In Transit
2657,3272,1960,Delhivery,DEL751496660,2026-07-02,2026-07-03,Shipped
2658,2973,2682,BlueDart,BLU357316458,2025-01-22,2025-01-27,Returned
2659,2353,2052,XpressBees,XPR408957690,2025-02-02,2025-02-04,Shipped
2660,4294,3620,XpressBees,XPR959551401,2024-08-03,2024-08-04,Delayed
2661,2256,1224,Ecom Express,ECO491843131,2023-02-28,2023-03-02,Order Placed
2662,2700,4554,FedEx,FED206206848,2020-03-16,2020-03-21,Shipped
2663,990,1982,XpressBees,XPR783185007,2026-01-05,2026-01-12,Returned
2664,3604,2220,BlueDart,BLU382254900,2026-02-21,2026-03-03,Delayed
2665,2417,3244,DTDC,DTD431075906,2021-05-21,2021-05-23,Out for Delivery
2666,4524,1866,India Post,IND653332794,2023-10-10,2023-10-11,Order Placed
2667,2316,3627,FedEx,FED445256267,2023-02-24,2023-02-28,Shipped
2668,602,1323,Shadowfax,SHA686241064,2021-10-03,2021-10-12,Returned
2669,2990,2307,DTDC,DTD393507954,2025-11-22,2025-11-25,Delayed
2670,2285,1668,BlueDart,BLU254473318,2020-07-28,2020-08-02,Delayed
2671,4613,4354,XpressBees,XPR475288144,2022-03-01,2022-03-08,Delayed
2672,2900,174,Shadowfax,SHA264951750,2025-09-09,2025-09-11,In Transit
2673,2447,4199,XpressBees,XPR113474933,2021-10-23,2021-10-25,Delivered
2674,2828,1747,Shadowfax,SHA428460598,2024-04-12,2024-04-18,Delivered
2675,3602,2966,DTDC,DTD804987659,2022-09-09,2022-09-18,Returned
2676,1517,270,FedEx,FED680295245,2023-11-20,2023-11-26,Delivered
2677,4391,3912,DTDC,DTD232540324,2021-03-07,2021-03-11,Shipped
2678,4089,2381,Ecom Express,ECO894477111,2020-05-10,2020-05-20,Out for Delivery
2679,121,3125,Shadowfax,SHA390944364,2022-09-01,2022-09-06,Shipped
2680,2243,1976,DTDC,DTD602304801,2024-01-12,2024-01-16,Returned
2681,2235,992,FedEx,FED722799207,2021-01-12,2021-01-13,Returned
2682,1731,699,FedEx,FED306999810,2023-10-04,2023-10-13,Shipped
2683,1223,1473,DTDC,DTD647088213,2025-04-19,2025-04-29,Order Placed
2684,1655,3234,Shadowfax,SHA314958163,2024-04-08,2024-04-09,Delayed
2685,1211,4710,BlueDart,BLU704836516,2026-04-04,2026-04-08,Order Placed
2686,3272,1673,BlueDart,BLU885345253,2023-03-25,2023-04-01,Delivered
2687,262,467,Ecom Express,ECO107972367,2022-04-03,2022-04-13,In Transit
2688,4099,3898,India Post,IND541035402,2025-08-07,2025-08-14,Out for Delivery
2689,3943,711,FedEx,FED108811301,2022-03-13,2022-03-22,In Transit
2690,453,3196,DTDC,DTD484030524,2021-06-07,2021-06-17,In Transit
2691,1245,3211,Ecom Express,ECO425835733,2024-08-04,2024-08-05,Order Placed
2692,3948,3426,Shadowfax,SHA374242359,2023-05-23,2023-05-27,Shipped
2693,3973,4283,XpressBees,XPR580283463,2023-12-29,2024-01-03,Returned
2694,4373,2388,FedEx,FED728702147,2020-10-04,2020-10-13,Out for Delivery
2695,3851,2689,BlueDart,BLU417669798,2023-08-27,2023-08-29,Returned
2696,2656,4854,FedEx,FED923260215,2025-08-01,2025-08-06,In Transit
2697,1391,3502,Ecom Express,ECO151545053,2023-06-10,2023-06-15,Shipped
2698,4411,2452,Ecom Express,ECO921385776,2023-04-23,2023-04-27,In Transit
2699,810,4617,Delhivery,DEL667226641,2024-01-28,2024-02-03,Delivered
2700,4638,2710,India Post,IND910846190,2020-01-01,2020-01-09,Delivered
2701,904,836,India Post,IND249130643,2023-09-05,2023-09-10,Order Placed
2702,2374,4392,Delhivery,DEL371181538,2021-03-11,2021-03-15,Delivered
2703,485,2509,Shadowfax,SHA507103669,2020-07-17,2020-07-18,Out for Delivery
2704,1974,965,Delhivery,DEL501875070,2025-11-11,2025-11-15,Delivered
2705,1171,3825,Shadowfax,SHA909605258,2024-03-07,2024-03-14,Delivered
2706,2705,3087,India Post,IND373668754,2024-12-08,2024-12-16,Delivered
2707,2810,4780,XpressBees,XPR891087863,2024-08-31,2024-09-10,Shipped
2708,2946,2741,BlueDart,BLU581093201,2024-12-04,2024-12-11,In Transit
2709,2171,348,DTDC,DTD859516695,2022-02-06,2022-02-15,In Transit
2710,3037,213,Shadowfax,SHA417479204,2026-04-22,2026-04-29,Delayed
2711,1280,1828,XpressBees,XPR622366940,2020-07-28,2020-08-07,In Transit
2712,2618,1325,BlueDart,BLU797344698,2024-05-20,2024-05-27,Order Placed
2713,506,4523,XpressBees,XPR306015276,2025-08-22,2025-08-27,Delayed
2714,1853,1907,Delhivery,DEL662403884,2021-05-06,2021-05-16,Delivered
2715,3589,4253,India Post,IND294428149,2026-06-01,2026-06-04,Delivered
2716,1598,3604,India Post,IND439410803,2020-08-12,2020-08-16,Delivered
2717,400,472,Shadowfax,SHA177865878,2021-06-09,2021-06-11,Delivered
2718,4781,2498,Delhivery,DEL750113079,2020-09-24,2020-10-02,Order Placed
2719,4167,1211,Delhivery,DEL677269369,2026-06-10,2026-06-20,Out for Delivery
2720,4386,4288,Ecom Express,ECO193829736,2020-09-13,2020-09-19,Out for Delivery
2721,1797,590,DTDC,DTD760577459,2025-06-28,2025-07-03,Out for Delivery
2722,618,1787,India Post,IND803219713,2025-07-10,2025-07-13,In Transit
2723,2748,1894,India Post,IND655229358,2022-01-23,2022-02-01,Order Placed
2724,3332,1364,FedEx,FED339788511,2022-09-25,2022-09-29,Delayed
2725,4651,2932,DTDC,DTD807062587,2025-10-18,2025-10-20,Out for Delivery
2726,2852,829,Shadowfax,SHA288056871,2023-02-13,2023-02-23,In Transit
2727,350,98,BlueDart,BLU651109471,2024-05-31,2024-06-02,Order Placed
2728,1123,3093,BlueDart,BLU713813630,2024-09-02,2024-09-08,Shipped
2729,1945,1247,FedEx,FED551205249,2020-12-22,2020-12-31,Order Placed
2730,2762,3651,XpressBees,XPR983445574,2022-09-29,2022-10-01,Delivered
2731,4653,4323,DTDC,DTD578530421,2022-01-27,2022-01-31,Returned
2732,2044,3216,FedEx,FED312515677,2021-10-08,2021-10-12,Order Placed
2733,1088,4654,XpressBees,XPR501768259,2024-11-28,2024-12-06,Shipped
2734,1337,2865,Ecom Express,ECO726177197,2022-08-26,2022-08-31,Delivered
2735,2966,1891,Shadowfax,SHA994332028,2023-09-16,2023-09-25,Shipped
2736,4532,1400,FedEx,FED623132001,2021-10-10,2021-10-14,Returned
2737,397,2315,XpressBees,XPR224424564,2022-02-14,2022-02-20,Returned
2738,4025,660,Shadowfax,SHA501305985,2020-04-04,2020-04-10,Delivered
2739,2112,3867,Shadowfax,SHA929130937,2024-07-28,2024-08-05,Order Placed
2740,260,3993,DTDC,DTD457348952,2022-01-06,2022-01-07,Out for Delivery
2741,1651,657,Shadowfax,SHA406247905,2022-04-29,2022-05-07,Shipped
2742,2921,1519,India Post,IND577313589,2026-06-10,2026-06-16,Delayed
2743,194,691,DTDC,DTD880659580,2025-06-16,2025-06-25,In Transit
2744,4202,4743,Delhivery,DEL137656446,2024-10-23,2024-10-28,Delivered
2745,12,4241,Ecom Express,ECO725923399,2021-06-13,2021-06-17,Delayed
2746,691,3707,Shadowfax,SHA412373365,2024-10-13,2024-10-22,Delayed
2747,3391,4265,Ecom Express,ECO438588856,2021-08-21,2021-08-24,Order Placed
2748,2269,4880,DTDC,DTD715592954,2026-07-02,2026-07-03,Delayed
2749,2858,2031,Ecom Express,ECO840861157,2020-01-07,2020-01-10,Delayed
2750,993,326,Shadowfax,SHA792434918,2023-12-07,2023-12-14,Shipped
2751,1316,1309,Shadowfax,SHA732706150,2022-02-06,2022-02-15,Delivered
2752,655,4266,BlueDart,BLU543540931,2021-05-06,2021-05-08,Delayed
2753,4243,4304,XpressBees,XPR644705769,2023-06-14,2023-06-24,Returned
2754,3511,2943,Delhivery,DEL628856230,2023-09-29,2023-10-07,In Transit
2755,361,236,FedEx,FED638275674,2022-11-07,2022-11-12,Shipped
2756,2955,4453,BlueDart,BLU865850606,2025-08-21,2025-08-22,Order Placed
2757,2410,4347,FedEx,FED672077446,2021-01-29,2021-02-05,Returned
2758,4008,4848,Ecom Express,ECO891703379,2025-11-29,2025-12-03,Order Placed
2759,280,1195,Delhivery,DEL571439380,2022-10-16,2022-10-19,Delayed
2760,1013,1111,Delhivery,DEL630609652,2023-10-16,2023-10-22,Delivered
2761,2223,2901,Delhivery,DEL300261361,2020-11-16,2020-11-21,Delivered
2762,1037,390,XpressBees,XPR886502955,2025-06-28,2025-07-05,Out for Delivery
2763,2858,2515,Shadowfax,SHA443226346,2023-07-19,2023-07-29,Order Placed
2764,4998,4128,BlueDart,BLU428329527,2023-08-23,2023-08-31,In Transit
2765,3473,4095,Ecom Express,ECO541144527,2023-11-22,2023-11-24,In Transit
2766,1427,2440,Ecom Express,ECO364094318,2022-11-29,2022-12-09,Out for Delivery
2767,3227,4518,BlueDart,BLU295987097,2020-04-22,2020-04-23,Delivered
2768,359,807,Ecom Express,ECO898529285,2021-01-23,2021-01-26,Shipped
2769,3104,1679,Shadowfax,SHA955203944,2025-01-06,2025-01-14,Order Placed
2770,62,1174,XpressBees,XPR303117694,2021-12-12,2021-12-14,Shipped
2771,2760,2613,Delhivery,DEL522944414,2026-04-04,2026-04-13,Returned
2772,1845,1778,DTDC,DTD775251582,2025-09-12,2025-09-18,Returned
2773,4670,133,FedEx,FED933937058,2023-02-27,2023-03-08,Out for Delivery
2774,3035,2577,FedEx,FED979339105,2024-05-10,2024-05-17,Out for Delivery
2775,4326,2953,Delhivery,DEL327330127,2022-06-07,2022-06-17,Shipped
2776,775,3052,DTDC,DTD857508148,2022-03-14,2022-03-23,Delayed
2777,4175,204,Shadowfax,SHA120861275,2024-06-14,2024-06-17,Returned
2778,4127,3751,India Post,IND420274756,2020-06-14,2020-06-19,Delivered
2779,3714,292,India Post,IND429085991,2022-01-29,2022-02-01,In Transit
2780,1853,1837,Ecom Express,ECO537892802,2021-02-07,2021-02-17,In Transit
2781,2872,1729,India Post,IND519996153,2023-11-24,2023-11-28,Order Placed
2782,2238,2541,Delhivery,DEL140868734,2025-01-06,2025-01-08,Out for Delivery
2783,288,413,India Post,IND623297714,2021-09-27,2021-09-30,Shipped
2784,4152,3338,DTDC,DTD319972506,2026-05-28,2026-06-07,In Transit
2785,1021,279,Delhivery,DEL645099947,2026-07-16,2026-07-18,In Transit
2786,2697,294,BlueDart,BLU394076523,2022-07-03,2022-07-10,Delayed
2787,1363,2686,India Post,IND492580846,2021-10-01,2021-10-07,Returned
2788,3584,1899,Ecom Express,ECO244790317,2023-08-15,2023-08-18,Returned
2789,3695,1825,FedEx,FED447514773,2022-01-12,2022-01-21,Order Placed
2790,2688,2783,FedEx,FED501860849,2024-03-13,2024-03-14,Delayed
2791,819,1900,FedEx,FED397686808,2021-04-28,2021-05-03,Delayed
2792,229,3894,FedEx,FED531385042,2024-02-12,2024-02-15,Shipped
2793,1718,1274,India Post,IND453533617,2023-03-12,2023-03-15,Returned
2794,3817,1188,Delhivery,DEL957890915,2026-01-04,2026-01-05,Delayed
2795,638,3212,Shadowfax,SHA353994314,2025-08-16,2025-08-23,Delayed
2796,3144,4743,Ecom Express,ECO387197127,2026-03-30,2026-04-01,Out for Delivery
2797,4896,2235,India Post,IND289771439,2026-06-20,2026-06-24,Order Placed
2798,1232,3311,XpressBees,XPR680784623,2023-03-05,2023-03-06,Returned
2799,789,4167,Delhivery,DEL901248339,2025-03-13,2025-03-14,Out for Delivery
2800,1986,3918,India Post,IND701145809,2024-11-16,2024-11-22,Shipped
2801,659,400,Ecom Express,ECO778389191,2024-06-17,2024-06-24,In Transit
2802,3546,3887,XpressBees,XPR372792489,2023-06-26,2023-06-27,Delivered
2803,94,4077,Ecom Express,ECO837619957,2022-03-19,2022-03-25,Out for Delivery
2804,4808,3476,Ecom Express,ECO380372903,2024-02-10,2024-02-13,Delivered
2805,1229,1416,BlueDart,BLU351304539,2026-07-11,2026-07-12,Delayed
2806,2551,3453,BlueDart,BLU910814311,2026-02-23,2026-02-27,Shipped
2807,4331,645,FedEx,FED698628746,2024-12-24,2024-12-31,Returned
2808,4872,1235,DTDC,DTD922579813,2026-02-20,2026-02-28,Order Placed
2809,3743,4981,XpressBees,XPR132426378,2024-12-17,2024-12-23,In Transit
2810,2609,1283,FedEx,FED200891034,2021-07-24,2021-08-03,Order Placed
2811,2547,2165,Ecom Express,ECO246016265,2023-11-28,2023-12-08,Out for Delivery
2812,2781,36,FedEx,FED655991773,2024-01-27,2024-01-29,Out for Delivery
2813,507,2289,Shadowfax,SHA202874182,2025-05-05,2025-05-08,Delivered
2814,2308,3497,DTDC,DTD227425071,2024-01-16,2024-01-18,Delivered
2815,194,947,BlueDart,BLU803182798,2021-01-09,2021-01-13,Shipped
2816,2336,1313,India Post,IND527446525,2024-10-04,2024-10-11,Delivered
2817,1307,499,Ecom Express,ECO271917655,2022-12-07,2022-12-16,Returned
2818,1709,2177,FedEx,FED140606870,2025-02-12,2025-02-21,In Transit
2819,3434,3594,Ecom Express,ECO365332662,2025-07-27,2025-07-29,Out for Delivery
2820,1687,4418,DTDC,DTD512392553,2026-04-07,2026-04-15,Delayed
2821,1593,4279,XpressBees,XPR328240594,2024-01-05,2024-01-12,Delayed
2822,657,4428,DTDC,DTD560141836,2025-01-29,2025-02-05,Returned
2823,2049,1643,XpressBees,XPR744972922,2021-10-21,2021-10-31,Delayed
2824,3431,4333,Delhivery,DEL371121211,2022-07-29,2022-08-05,Out for Delivery
2825,4041,3364,DTDC,DTD295781864,2023-01-23,2023-01-29,Delivered
2826,3578,1886,DTDC,DTD276093449,2021-10-03,2021-10-12,Delayed
2827,1069,828,Delhivery,DEL698822113,2024-04-23,2024-04-25,Out for Delivery
2828,2364,2631,BlueDart,BLU102901923,2025-06-11,2025-06-18,Delivered
2829,4905,1535,Delhivery,DEL741381590,2021-08-06,2021-08-11,Order Placed
2830,1172,212,Delhivery,DEL228553933,2022-10-22,2022-11-01,Delivered
2831,56,1964,Shadowfax,SHA814090865,2022-12-25,2022-12-26,Shipped
2832,4334,3913,FedEx,FED728351084,2022-12-28,2023-01-02,Delivered
2833,1599,3362,Ecom Express,ECO541615888,2021-12-20,2021-12-26,Delayed
2834,2287,3998,BlueDart,BLU105311712,2020-10-22,2020-11-01,Out for Delivery
2835,849,3186,BlueDart,BLU329645818,2023-05-27,2023-06-04,Shipped
2836,2729,4459,Ecom Express,ECO373153753,2020-10-01,2020-10-11,Order Placed
2837,1113,1938,BlueDart,BLU236563434,2024-08-09,2024-08-13,Shipped
2838,2658,3524,XpressBees,XPR647469950,2024-07-06,2024-07-07,Delayed
2839,448,79,FedEx,FED409563271,2022-05-24,2022-05-26,Returned
2840,3839,4266,Ecom Express,ECO115139047,2021-07-22,2021-07-30,Shipped
2841,1059,3908,India Post,IND126282041,2023-07-03,2023-07-10,Out for Delivery
2842,1357,4212,Ecom Express,ECO371566071,2024-08-11,2024-08-14,Out for Delivery
2843,1504,769,DTDC,DTD233686381,2023-06-01,2023-06-03,Returned
2844,2141,2783,India Post,IND373717936,2021-02-13,2021-02-15,Shipped
2845,1034,1561,BlueDart,BLU187496896,2021-01-16,2021-01-26,In Transit
2846,2360,1662,Delhivery,DEL119581366,2022-02-20,2022-02-25,In Transit
2847,956,4505,DTDC,DTD324217376,2020-03-18,2020-03-22,In Transit
2848,1362,4399,Ecom Express,ECO445589722,2025-04-06,2025-04-07,Delivered
2849,1467,160,BlueDart,BLU613285234,2025-03-01,2025-03-03,In Transit
2850,2401,1443,Delhivery,DEL878338285,2021-04-13,2021-04-15,Delayed
2851,156,4912,DTDC,DTD148838365,2024-02-04,2024-02-09,Delayed
2852,2945,1964,India Post,IND878576135,2021-04-06,2021-04-13,Delayed
2853,1010,3740,BlueDart,BLU392765249,2020-09-02,2020-09-08,Order Placed
2854,651,2487,FedEx,FED661500310,2022-11-03,2022-11-12,Order Placed
2855,2194,4912,BlueDart,BLU776748784,2021-05-08,2021-05-10,Returned
2856,4184,2231,XpressBees,XPR299766024,2021-12-14,2021-12-19,Order Placed
2857,1932,2931,Shadowfax,SHA891858736,2022-02-16,2022-02-19,Shipped
2858,770,23,Delhivery,DEL437086727,2025-12-26,2025-12-29,Shipped
2859,4828,3772,Delhivery,DEL804002691,2023-08-23,2023-08-29,Delayed
2860,2207,3812,DTDC,DTD819464117,2020-05-28,2020-06-06,Out for Delivery
2861,4327,2081,DTDC,DTD824070603,2024-03-29,2024-04-05,In Transit
2862,489,24,DTDC,DTD670326485,2020-03-22,2020-03-26,Order Placed
2863,4124,2825,XpressBees,XPR339418064,2022-05-10,2022-05-12,Returned
2864,2670,4611,BlueDart,BLU793660197,2020-09-04,2020-09-07,Shipped
2865,106,826,BlueDart,BLU182117752,2020-10-16,2020-10-24,Out for Delivery
2866,358,2046,Delhivery,DEL252773728,2021-08-05,2021-08-07,Delivered
2867,2100,3513,Delhivery,DEL189532774,2020-05-30,2020-06-08,Returned
2868,4041,580,Shadowfax,SHA815482230,2020-12-02,2020-12-08,Delivered
2869,4256,2042,DTDC,DTD251554123,2024-03-01,2024-03-07,Out for Delivery
2870,1043,1201,FedEx,FED310757347,2022-11-13,2022-11-20,In Transit
2871,2094,4624,FedEx,FED145147106,2021-08-26,2021-09-02,Returned
2872,4906,4143,Shadowfax,SHA122360806,2024-10-16,2024-10-18,Order Placed
2873,1485,4973,DTDC,DTD747720527,2020-04-16,2020-04-23,Shipped
2874,1571,193,XpressBees,XPR340606030,2026-02-04,2026-02-13,Out for Delivery
2875,4114,663,FedEx,FED373954758,2025-02-09,2025-02-19,Delayed
2876,4151,2507,FedEx,FED156243431,2022-01-14,2022-01-24,Returned
2877,3807,2179,BlueDart,BLU299955343,2026-06-21,2026-06-23,In Transit
2878,4033,2799,BlueDart,BLU510947777,2024-06-30,2024-07-04,Delivered
2879,2358,793,Ecom Express,ECO423531217,2024-12-10,2024-12-17,Delivered
2880,3293,4581,FedEx,FED971183276,2024-11-24,2024-11-30,Returned
2881,2489,4251,DTDC,DTD501666399,2021-11-29,2021-12-06,Delayed
2882,4965,3445,XpressBees,XPR251893161,2022-02-18,2022-02-26,In Transit
2883,931,2491,DTDC,DTD539648180,2020-10-11,2020-10-15,Order Placed
2884,3598,2058,XpressBees,XPR609802917,2023-10-07,2023-10-16,Shipped
2885,709,1867,FedEx,FED134518135,2025-07-01,2025-07-03,Out for Delivery
2886,4343,360,BlueDart,BLU633935039,2020-06-17,2020-06-22,Shipped
2887,31,3803,Delhivery,DEL116871527,2021-08-23,2021-08-24,Shipped
2888,936,4693,Shadowfax,SHA961408411,2022-08-26,2022-09-03,Returned
2889,4620,2294,India Post,IND974776114,2022-04-02,2022-04-09,Delivered
2890,4238,3835,BlueDart,BLU338520204,2024-08-04,2024-08-09,In Transit
2891,4799,595,Shadowfax,SHA291044185,2023-09-11,2023-09-21,Delivered
2892,3294,3858,XpressBees,XPR577659794,2024-02-10,2024-02-18,Out for Delivery
2893,4543,2047,Ecom Express,ECO174963561,2025-06-23,2025-07-03,Order Placed
2894,825,2985,Shadowfax,SHA285140848,2024-01-18,2024-01-20,Delayed
2895,514,465,BlueDart,BLU678501875,2020-02-03,2020-02-05,In Transit
2896,84,2465,Delhivery,DEL393107209,2021-02-15,2021-02-23,Out for Delivery
2897,1874,4267,BlueDart,BLU540231861,2024-07-11,2024-07-16,Order Placed
2898,1397,2219,Delhivery,DEL633016519,2024-12-15,2024-12-25,Order Placed
2899,4112,2716,DTDC,DTD417092760,2025-01-02,2025-01-03,Shipped
2900,3875,3661,India Post,IND193162527,2025-09-21,2025-09-28,Returned
2901,2104,1781,Delhivery,DEL179160427,2022-04-18,2022-04-19,Returned
2902,1372,726,Delhivery,DEL340235669,2022-03-26,2022-03-27,Out for Delivery
2903,4635,4377,Shadowfax,SHA966109059,2020-12-04,2020-12-08,Shipped
2904,2930,2803,BlueDart,BLU662988399,2025-08-21,2025-08-22,Shipped
2905,3967,887,FedEx,FED288580115,2025-08-12,2025-08-19,Out for Delivery
2906,1166,47,Delhivery,DEL992645721,2020-08-16,2020-08-26,Out for Delivery
2907,3133,1359,FedEx,FED818559821,2020-12-14,2020-12-16,In Transit
2908,2751,4160,India Post,IND163457171,2022-10-15,2022-10-21,Out for Delivery
2909,1494,3685,India Post,IND725179452,2020-05-26,2020-05-28,Order Placed
2910,3735,4615,FedEx,FED283563751,2022-03-03,2022-03-07,Delayed
2911,1994,2446,BlueDart,BLU168831206,2020-02-06,2020-02-10,Delivered
2912,4103,1246,BlueDart,BLU684184722,2024-02-15,2024-02-24,Delayed
2913,4726,2578,Ecom Express,ECO815772150,2025-12-05,2025-12-13,Shipped
2914,1942,3859,Ecom Express,ECO641921803,2023-03-30,2023-04-01,In Transit
2915,3611,3137,Ecom Express,ECO885251363,2024-03-11,2024-03-16,Order Placed
2916,4403,3240,XpressBees,XPR408470443,2023-09-23,2023-09-28,Returned
2917,1842,234,Delhivery,DEL961427762,2023-07-14,2023-07-20,Delayed
2918,542,3223,FedEx,FED938519376,2023-02-21,2023-03-03,Shipped
2919,1328,2155,DTDC,DTD152958623,2025-03-16,2025-03-21,In Transit
2920,11,993,Shadowfax,SHA196056232,2021-05-29,2021-06-03,Delivered
2921,3419,4823,Ecom Express,ECO546071275,2024-11-21,2024-11-22,Shipped
2922,493,1202,FedEx,FED248370466,2025-04-16,2025-04-26,Delivered
2923,3836,1392,Shadowfax,SHA249382832,2024-09-28,2024-10-06,In Transit
2924,3496,3344,Ecom Express,ECO625792730,2025-08-23,2025-09-02,Delivered
2925,4928,3145,Delhivery,DEL785205574,2022-03-16,2022-03-20,Order Placed
2926,1853,4608,Delhivery,DEL691421986,2025-06-20,2025-06-27,Delivered
2927,3772,598,India Post,IND729783843,2024-01-20,2024-01-22,Delivered
2928,4354,1457,FedEx,FED221945123,2021-12-07,2021-12-16,Shipped
2929,3232,2446,DTDC,DTD199436229,2021-05-12,2021-05-17,Returned
2930,316,2736,Shadowfax,SHA116469096,2025-03-01,2025-03-11,In Transit
2931,3925,1011,India Post,IND478965961,2021-06-24,2021-06-26,Order Placed
2932,4719,3813,India Post,IND331468631,2023-07-21,2023-07-30,In Transit
2933,2076,2647,Delhivery,DEL321497110,2026-03-25,2026-03-30,Order Placed
2934,809,3536,XpressBees,XPR142462704,2021-04-26,2021-04-27,Returned
2935,2444,1922,Delhivery,DEL369419890,2024-10-25,2024-11-01,Order Placed
2936,2751,1391,DTDC,DTD486015753,2021-12-01,2021-12-05,Shipped
2937,1911,4988,XpressBees,XPR743814374,2025-10-28,2025-11-03,In Transit
2938,4210,2476,BlueDart,BLU195002461,2022-09-28,2022-10-08,Returned
2939,1444,2069,XpressBees,XPR111875431,2026-07-26,2026-08-04,Order Placed
2940,1331,468,India Post,IND685458108,2024-02-07,2024-02-09,Delayed
2941,2922,1340,India Post,IND730730001,2022-01-17,2022-01-21,Out for Delivery
2942,730,3413,Shadowfax,SHA121858786,2024-01-14,2024-01-16,Order Placed
2943,3472,1355,Delhivery,DEL462055760,2023-07-22,2023-07-29,Delivered
2944,3352,2283,FedEx,FED657211330,2022-12-28,2023-01-07,In Transit
2945,3700,3599,Shadowfax,SHA227448367,2020-10-02,2020-10-07,Delivered
2946,4762,849,India Post,IND391084985,2020-07-13,2020-07-20,Order Placed
2947,4775,120,DTDC,DTD876432294,2021-07-01,2021-07-06,Out for Delivery
2948,889,2492,India Post,IND404285831,2020-03-19,2020-03-29,Shipped
2949,4633,3626,India Post,IND408301125,2022-10-25,2022-10-29,Delayed
2950,3116,2896,FedEx,FED862030002,2025-08-12,2025-08-17,Out for Delivery
2951,1123,4039,Shadowfax,SHA896117140,2021-05-27,2021-05-29,Out for Delivery
2952,4132,2363,Shadowfax,SHA468991909,2023-04-23,2023-05-03,In Transit
2953,1842,3976,Ecom Express,ECO773667025,2023-12-10,2023-12-13,Returned
2954,634,37,DTDC,DTD578162337,2021-07-19,2021-07-21,Order Placed
2955,3280,951,DTDC,DTD358311845,2021-05-04,2021-05-07,Delivered
2956,2302,2465,Shadowfax,SHA517654144,2022-04-12,2022-04-15,Delayed
2957,1796,2912,Shadowfax,SHA879923800,2023-04-23,2023-04-28,Returned
2958,422,1360,Shadowfax,SHA809954811,2023-06-27,2023-07-07,Shipped
2959,2200,1613,DTDC,DTD472506554,2021-02-17,2021-02-23,Out for Delivery
2960,1836,1057,Ecom Express,ECO583807077,2022-11-20,2022-11-28,Delivered
2961,3675,3029,Shadowfax,SHA728797609,2025-04-30,2025-05-01,Delayed
2962,1049,369,DTDC,DTD976294577,2022-10-04,2022-10-05,Out for Delivery
2963,4440,4756,DTDC,DTD680625448,2026-01-16,2026-01-21,Returned
2964,2442,3926,Delhivery,DEL205644757,2024-12-03,2024-12-09,Delivered
2965,4968,458,DTDC,DTD400289814,2023-09-14,2023-09-15,Out for Delivery
2966,1823,634,Shadowfax,SHA126658573,2021-02-08,2021-02-16,Order Placed
2967,675,3325,BlueDart,BLU908648284,2020-03-26,2020-04-04,Shipped
2968,1571,3781,FedEx,FED840157167,2025-11-17,2025-11-23,In Transit
2969,2595,577,India Post,IND580392666,2020-10-20,2020-10-27,Shipped
2970,3591,2843,XpressBees,XPR576602870,2020-02-29,2020-03-01,Returned
2971,2688,2865,Shadowfax,SHA396352591,2023-05-15,2023-05-16,Shipped
2972,666,1125,India Post,IND514665154,2025-01-12,2025-01-13,Delayed
2973,4416,1364,BlueDart,BLU508648236,2022-01-24,2022-02-03,In Transit
2974,2339,1480,DTDC,DTD991973630,2020-05-23,2020-05-29,Order Placed
2975,913,3852,XpressBees,XPR800279825,2024-09-28,2024-10-03,Shipped
2976,2163,740,Ecom Express,ECO764217321,2024-12-30,2025-01-09,Returned
2977,3257,3206,XpressBees,XPR863439515,2023-03-16,2023-03-23,Out for Delivery
2978,578,1338,India Post,IND476812441,2025-09-22,2025-10-01,Delivered
2979,3424,3871,India Post,IND633972766,2023-10-19,2023-10-24,Returned
2980,1366,2761,Shadowfax,SHA936282161,2023-04-28,2023-05-01,Out for Delivery
2981,2530,440,India Post,IND283783903,2022-06-30,2022-07-07,In Transit
2982,2564,4918,FedEx,FED741139149,2024-02-24,2024-03-05,Order Placed
2983,1290,1895,Shadowfax,SHA479419389,2024-12-15,2024-12-22,Delayed
2984,1723,15,India Post,IND890478921,2020-01-29,2020-02-01,Out for Delivery
2985,3614,391,Delhivery,DEL503268561,2021-07-31,2021-08-08,In Transit
2986,3145,1335,DTDC,DTD256615710,2024-10-14,2024-10-21,Shipped
2987,377,1625,Delhivery,DEL891844732,2024-11-25,2024-12-05,Out for Delivery
2988,244,3278,FedEx,FED891964666,2023-08-04,2023-08-12,Out for Delivery
2989,4824,1257,Delhivery,DEL502111589,2022-12-14,2022-12-16,Out for Delivery
2990,4113,4263,Shadowfax,SHA699079304,2022-07-01,2022-07-11,Delivered
2991,4600,550,India Post,IND848270034,2022-10-14,2022-10-22,Out for Delivery
2992,3830,1607,DTDC,DTD984072953,2024-02-16,2024-02-19,Order Placed
2993,827,832,XpressBees,XPR805943214,2021-11-04,2021-11-12,Order Placed
2994,4677,1613,FedEx,FED745495674,2021-08-10,2021-08-16,Order Placed
2995,2051,1946,BlueDart,BLU778211407,2024-03-29,2024-04-01,Delivered
2996,2205,4469,India Post,IND876062103,2020-02-26,2020-02-28,Returned
2997,3709,3720,DTDC,DTD683297075,2026-07-13,2026-07-19,Delayed
2998,3722,4224,BlueDart,BLU913402410,2025-04-17,2025-04-21,Shipped
2999,1451,2649,Shadowfax,SHA185129236,2025-11-03,2025-11-04,Delayed
3000,382,744,BlueDart,BLU402123149,2024-10-30,2024-11-06,Delayed
3001,2534,4227,Delhivery,DEL430067268,2023-07-22,2023-07-24,Shipped
3002,1879,3618,DTDC,DTD922872614,2021-08-28,2021-09-02,Shipped
3003,858,4289,FedEx,FED100684065,2024-08-18,2024-08-26,In Transit
3004,628,4711,BlueDart,BLU688881498,2024-06-14,2024-06-24,Delivered
3005,2879,831,Shadowfax,SHA139111333,2022-05-02,2022-05-10,Shipped
3006,3831,4982,FedEx,FED607759978,2021-03-12,2021-03-15,Order Placed
3007,4440,953,Delhivery,DEL347936894,2024-11-06,2024-11-12,Delivered
3008,4903,3278,FedEx,FED213569038,2022-11-06,2022-11-07,Shipped
3009,522,2787,DTDC,DTD622723626,2021-09-18,2021-09-22,In Transit
3010,4019,4215,XpressBees,XPR967454767,2024-12-24,2024-12-27,Delayed
3011,2871,4125,FedEx,FED642384621,2020-04-19,2020-04-23,Shipped
3012,822,2557,DTDC,DTD172306299,2024-04-20,2024-04-28,Delayed
3013,4125,1128,BlueDart,BLU583472351,2022-05-09,2022-05-12,Out for Delivery
3014,425,4727,XpressBees,XPR235920677,2020-10-11,2020-10-13,Order Placed
3015,2449,1956,Shadowfax,SHA315063772,2020-05-20,2020-05-23,Out for Delivery
3016,1714,2387,DTDC,DTD495365183,2025-01-30,2025-02-09,Delayed
3017,1271,4644,India Post,IND999728543,2025-02-07,2025-02-17,In Transit
3018,2143,858,DTDC,DTD836043445,2022-05-05,2022-05-09,Order Placed
3019,538,278,DTDC,DTD700757555,2022-10-05,2022-10-07,Order Placed
3020,1947,250,Shadowfax,SHA193965573,2020-01-07,2020-01-09,Shipped
3021,4801,553,Ecom Express,ECO680668256,2025-06-25,2025-06-27,Order Placed
3022,1247,586,Shadowfax,SHA202044604,2021-08-02,2021-08-08,Order Placed
3023,3320,3541,BlueDart,BLU378641643,2023-01-05,2023-01-07,Shipped
3024,693,3633,Shadowfax,SHA644184503,2020-02-13,2020-02-15,In Transit
3025,4532,4971,BlueDart,BLU914979615,2021-12-19,2021-12-29,Order Placed
3026,2579,2935,Shadowfax,SHA714761367,2022-08-22,2022-08-28,Delayed
3027,1472,4473,Shadowfax,SHA267257318,2025-04-17,2025-04-23,Delivered
3028,2369,2799,Delhivery,DEL244798755,2023-05-24,2023-05-30,In Transit
3029,2966,1036,Ecom Express,ECO335467907,2023-06-22,2023-06-23,Shipped
3030,2428,430,Delhivery,DEL315529309,2022-03-19,2022-03-26,Order Placed
3031,2828,4047,Shadowfax,SHA400533985,2022-12-26,2022-12-28,Delayed
3032,3088,3214,FedEx,FED743325956,2026-04-25,2026-04-29,Shipped
3033,3083,1081,XpressBees,XPR685681143,2020-05-08,2020-05-10,Shipped
3034,1052,3944,Ecom Express,ECO842656418,2023-08-30,2023-09-02,In Transit
3035,2156,3920,DTDC,DTD910255119,2022-09-16,2022-09-22,Out for Delivery
3036,805,695,Ecom Express,ECO618019247,2025-03-25,2025-04-01,Delivered
3037,4771,4330,XpressBees,XPR254166272,2022-04-24,2022-05-01,Returned
3038,2582,3625,Shadowfax,SHA647026085,2024-03-02,2024-03-11,In Transit
3039,574,821,Shadowfax,SHA584463952,2021-03-17,2021-03-25,In Transit
3040,1183,4526,DTDC,DTD723893235,2023-03-27,2023-04-06,Delayed
3041,2635,3441,FedEx,FED554508297,2026-03-30,2026-04-05,Delivered
3042,1418,1561,Shadowfax,SHA398654686,2024-01-03,2024-01-08,Out for Delivery
3043,4111,3028,XpressBees,XPR965587295,2025-07-06,2025-07-12,Shipped
3044,2110,2650,DTDC,DTD759445909,2026-01-19,2026-01-21,In Transit
3045,918,3078,FedEx,FED617550690,2023-01-28,2023-02-03,Order Placed
3046,3976,2320,FedEx,FED466098225,2021-07-15,2021-07-17,Shipped
3047,1267,2291,India Post,IND318091958,2021-12-15,2021-12-20,Delivered
3048,3743,4511,XpressBees,XPR414137026,2023-07-13,2023-07-15,In Transit
3049,2761,2310,Delhivery,DEL631874980,2024-11-03,2024-11-08,Shipped
3050,2979,178,BlueDart,BLU697789523,2026-04-29,2026-05-08,In Transit
3051,2188,4754,BlueDart,BLU779137373,2020-11-02,2020-11-03,Returned
3052,4199,4680,Ecom Express,ECO428647747,2026-04-05,2026-04-07,Delayed
3053,4340,772,DTDC,DTD716389429,2022-06-25,2022-06-28,In Transit
3054,2842,904,India Post,IND116632500,2021-01-07,2021-01-13,Order Placed
3055,274,2706,India Post,IND986816733,2026-05-07,2026-05-08,Returned
3056,4106,4887,Delhivery,DEL358242404,2020-10-08,2020-10-11,Returned
3057,2384,4942,FedEx,FED681331156,2026-03-13,2026-03-22,Delivered
3058,2990,2637,Ecom Express,ECO857981453,2026-03-31,2026-04-06,Delivered
3059,2110,3097,Delhivery,DEL629030375,2024-05-16,2024-05-18,Delayed
3060,3632,4743,Shadowfax,SHA815345182,2022-01-30,2022-02-03,Shipped
3061,4270,3310,India Post,IND934468218,2025-06-06,2025-06-16,Returned
3062,1841,4415,FedEx,FED320806606,2025-08-18,2025-08-19,Order Placed
3063,1800,2872,FedEx,FED159112722,2025-12-12,2025-12-14,Order Placed
3064,4999,2633,FedEx,FED906398585,2023-09-14,2023-09-18,In Transit
3065,3378,1044,India Post,IND919895365,2024-12-29,2025-01-07,Out for Delivery
3066,734,4795,India Post,IND570757382,2022-09-24,2022-10-01,Order Placed
3067,1990,1679,XpressBees,XPR403962264,2025-01-06,2025-01-15,Delayed
3068,768,2415,India Post,IND365979105,2026-04-02,2026-04-12,Shipped
3069,1514,1690,Ecom Express,ECO861828122,2022-10-07,2022-10-17,Out for Delivery
3070,3709,3271,FedEx,FED891243825,2022-02-26,2022-03-06,In Transit
3071,2018,3124,Delhivery,DEL500508942,2020-04-03,2020-04-07,Returned
3072,1986,1513,India Post,IND433131543,2023-02-25,2023-03-04,Out for Delivery
3073,3068,4551,BlueDart,BLU339894478,2020-10-31,2020-11-02,In Transit
3074,1669,1193,Delhivery,DEL419602592,2025-07-21,2025-07-27,Returned
3075,927,2836,India Post,IND672113699,2025-07-03,2025-07-09,Returned
3076,2970,3137,India Post,IND942626599,2024-07-15,2024-07-18,Out for Delivery
3077,516,3897,India Post,IND462499345,2025-02-27,2025-03-07,In Transit
3078,2606,37,DTDC,DTD232964635,2023-02-03,2023-02-08,Returned
3079,820,2639,DTDC,DTD517206328,2024-01-26,2024-01-30,Shipped
3080,2465,2410,India Post,IND854325140,2022-09-02,2022-09-05,Out for Delivery
3081,4711,4851,FedEx,FED998993378,2023-01-29,2023-02-08,Delivered
3082,1426,4739,DTDC,DTD188186194,2020-12-19,2020-12-23,Returned
3083,784,1376,Shadowfax,SHA118832576,2025-09-11,2025-09-16,In Transit
3084,2013,2687,Ecom Express,ECO823294163,2023-07-01,2023-07-08,Returned
3085,158,3791,DTDC,DTD562273697,2024-05-01,2024-05-11,Out for Delivery
3086,3408,1467,Delhivery,DEL522208327,2023-11-07,2023-11-14,Delivered
3087,1959,4421,FedEx,FED592496322,2020-10-06,2020-10-09,Shipped
3088,155,3147,Ecom Express,ECO345898323,2026-07-11,2026-07-12,Returned
3089,2419,2637,DTDC,DTD645297150,2023-08-29,2023-09-05,Delivered
3090,729,2197,BlueDart,BLU907838518,2024-02-25,2024-02-28,Returned
3091,2485,4785,Shadowfax,SHA528376415,2020-07-11,2020-07-17,Delayed
3092,3286,602,India Post,IND370323457,2023-04-09,2023-04-18,Shipped
3093,950,830,FedEx,FED802074492,2020-01-17,2020-01-25,Shipped
3094,4815,3327,Ecom Express,ECO162602510,2026-04-30,2026-05-10,In Transit
3095,3975,4567,XpressBees,XPR510954498,2026-06-09,2026-06-13,Delayed
3096,3525,147,India Post,IND607604866,2025-09-01,2025-09-03,Delivered
3097,1511,2409,BlueDart,BLU877058242,2023-10-03,2023-10-13,Returned
3098,2397,1640,XpressBees,XPR162771488,2025-12-09,2025-12-17,Delayed
3099,3659,4077,Delhivery,DEL989910232,2025-12-06,2025-12-16,In Transit
3100,4533,1882,Shadowfax,SHA317448749,2021-02-19,2021-02-21,Delayed
3101,3892,1847,Delhivery,DEL709790652,2024-02-04,2024-02-11,Out for Delivery
3102,2816,4286,DTDC,DTD329513513,2024-08-01,2024-08-03,Order Placed
3103,4879,4320,Delhivery,DEL360754101,2022-10-18,2022-10-24,Out for Delivery
3104,823,3665,Shadowfax,SHA474881804,2026-04-21,2026-05-01,Delayed
3105,827,4359,DTDC,DTD779968502,2020-09-21,2020-09-24,Shipped
3106,392,4027,FedEx,FED445948425,2024-11-14,2024-11-22,Out for Delivery
3107,1232,962,DTDC,DTD398940438,2021-10-11,2021-10-17,Delivered
3108,1435,4212,FedEx,FED343292302,2026-02-19,2026-02-20,Out for Delivery
3109,249,3829,Ecom Express,ECO916173866,2021-08-10,2021-08-12,Delayed
3110,2713,2072,BlueDart,BLU938461322,2024-04-17,2024-04-24,Out for Delivery
3111,4517,3597,India Post,IND796588182,2024-02-24,2024-02-26,In Transit
3112,33,545,XpressBees,XPR306310064,2023-07-22,2023-07-26,Shipped
3113,4676,2479,Shadowfax,SHA404876184,2025-01-25,2025-02-02,Order Placed
3114,245,2706,India Post,IND939226110,2021-01-14,2021-01-23,In Transit
3115,405,459,Shadowfax,SHA590388930,2023-11-15,2023-11-22,Delayed
3116,3891,1454,DTDC,DTD540800049,2020-02-16,2020-02-21,Delivered
3117,605,3808,Shadowfax,SHA451494841,2025-08-26,2025-08-27,In Transit
3118,782,4478,BlueDart,BLU477791244,2023-01-17,2023-01-23,Out for Delivery
3119,2391,3485,BlueDart,BLU603922927,2026-01-21,2026-01-26,Returned
3120,4477,4976,FedEx,FED887338575,2026-02-24,2026-02-26,Order Placed
3121,2229,1404,Delhivery,DEL248954849,2024-11-29,2024-11-30,Delivered
3122,2718,1016,XpressBees,XPR359283696,2020-02-20,2020-03-01,Shipped
3123,4157,770,Shadowfax,SHA685509977,2024-06-10,2024-06-16,Returned
3124,360,3188,XpressBees,XPR933069886,2022-02-08,2022-02-17,Order Placed
3125,1993,2606,Delhivery,DEL452541348,2020-10-03,2020-10-07,Returned
3126,690,2945,Delhivery,DEL449736138,2022-03-26,2022-04-03,Delivered
3127,1213,2488,FedEx,FED715033909,2025-07-27,2025-08-01,Order Placed
3128,2588,2101,DTDC,DTD377671558,2021-05-21,2021-05-30,Delivered
3129,1713,2908,Delhivery,DEL395278255,2021-05-22,2021-05-28,Returned
3130,3626,3405,BlueDart,BLU201589264,2025-01-15,2025-01-19,In Transit
3131,1229,1836,Shadowfax,SHA390969872,2026-04-07,2026-04-11,Returned
3132,3913,953,FedEx,FED769925533,2025-10-24,2025-11-02,Out for Delivery
3133,1153,3678,Ecom Express,ECO680374746,2025-08-15,2025-08-16,Returned
3134,2148,4352,Delhivery,DEL255199907,2022-11-07,2022-11-13,Returned
3135,3992,3701,India Post,IND800715867,2020-03-20,2020-03-24,Returned
3136,4044,1040,FedEx,FED482016568,2026-04-11,2026-04-21,Delayed
3137,2893,3194,Delhivery,DEL317485660,2022-09-18,2022-09-20,Returned
3138,1912,2221,FedEx,FED288359641,2024-11-09,2024-11-18,Out for Delivery
3139,4695,4029,Delhivery,DEL812243888,2021-11-24,2021-11-29,Shipped
3140,3866,3219,FedEx,FED352917133,2025-09-26,2025-10-05,In Transit
3141,146,3003,Ecom Express,ECO572545597,2023-10-10,2023-10-14,Order Placed
3142,3901,4100,XpressBees,XPR189963903,2023-04-20,2023-04-26,In Transit
3143,433,2576,Delhivery,DEL768793746,2022-05-09,2022-05-12,In Transit
3144,1832,1167,India Post,IND481636350,2021-11-27,2021-12-04,Order Placed
3145,2186,2964,Delhivery,DEL262525552,2023-12-02,2023-12-06,Delayed
3146,4958,2743,XpressBees,XPR405787789,2023-07-04,2023-07-14,Shipped
3147,1581,4826,Ecom Express,ECO249621546,2026-06-30,2026-07-06,Order Placed
3148,4088,1609,Ecom Express,ECO228323702,2026-05-19,2026-05-22,Delivered
3149,791,926,FedEx,FED347240369,2026-01-09,2026-01-17,Out for Delivery
3150,490,264,Delhivery,DEL556640688,2023-05-27,2023-05-29,Order Placed
3151,4980,3185,Shadowfax,SHA590386832,2022-04-23,2022-04-26,Shipped
3152,3844,4077,XpressBees,XPR170755707,2024-11-07,2024-11-15,Delivered
3153,2466,2292,Delhivery,DEL406136028,2025-06-03,2025-06-07,Returned
3154,4347,3241,Ecom Express,ECO437561113,2021-03-09,2021-03-10,Returned
3155,1720,587,Delhivery,DEL493489171,2022-04-30,2022-05-04,Order Placed
3156,29,1811,XpressBees,XPR944795545,2022-08-23,2022-08-30,Shipped
3157,3282,2326,India Post,IND818929434,2021-05-27,2021-05-28,Order Placed
3158,3798,2599,Shadowfax,SHA313529778,2020-06-11,2020-06-20,In Transit
3159,2375,3803,DTDC,DTD689599398,2024-10-25,2024-10-28,Delayed
3160,3768,4065,XpressBees,XPR507443072,2025-11-17,2025-11-27,In Transit
3161,1098,4692,DTDC,DTD621127442,2025-03-25,2025-03-31,In Transit
3162,433,3944,FedEx,FED353332528,2022-06-03,2022-06-11,In Transit
3163,2011,3782,Delhivery,DEL255188422,2021-10-10,2021-10-15,Returned
3164,4809,1408,FedEx,FED142125130,2023-02-23,2023-02-28,Returned
3165,3686,1207,FedEx,FED208124188,2024-06-25,2024-07-05,In Transit
3166,3328,2715,Shadowfax,SHA446970151,2022-06-13,2022-06-19,Delivered
3167,1111,2845,FedEx,FED607179994,2021-11-23,2021-11-27,Order Placed
3168,2008,1003,Shadowfax,SHA220558103,2021-01-08,2021-01-17,Returned
3169,2517,1823,DTDC,DTD359073164,2021-11-27,2021-11-29,Out for Delivery
3170,2721,149,Delhivery,DEL637471372,2023-01-15,2023-01-20,Order Placed
3171,3596,2889,BlueDart,BLU878544720,2023-06-18,2023-06-25,Returned
3172,3601,3434,India Post,IND845323512,2025-12-16,2025-12-21,Returned
3173,4197,3040,Delhivery,DEL191960604,2025-06-10,2025-06-11,Order Placed
3174,2262,4100,Ecom Express,ECO534354375,2021-12-18,2021-12-19,Shipped
3175,2491,1045,Delhivery,DEL481759130,2020-08-28,2020-09-02,Returned
3176,2536,3981,DTDC,DTD347465448,2020-01-17,2020-01-26,Returned
3177,395,2447,BlueDart,BLU303016902,2026-03-15,2026-03-21,Shipped
3178,3045,1069,Delhivery,DEL776112878,2021-12-22,2021-12-31,Delayed
3179,3880,2774,Delhivery,DEL589354766,2023-11-04,2023-11-07,In Transit
3180,980,2902,FedEx,FED826742899,2024-11-02,2024-11-03,Out for Delivery
3181,4191,58,India Post,IND955473039,2021-01-11,2021-01-13,Delayed
3182,4466,220,Shadowfax,SHA349829278,2023-11-10,2023-11-14,Delivered
3183,2802,1181,FedEx,FED803890993,2021-10-17,2021-10-25,Delayed
3184,1781,215,FedEx,FED414089720,2022-07-17,2022-07-18,Returned
3185,2634,1890,DTDC,DTD460557667,2021-10-03,2021-10-10,Shipped
3186,589,4608,India Post,IND560109862,2026-07-08,2026-07-10,Out for Delivery
3187,1146,4113,Delhivery,DEL882179947,2025-03-14,2025-03-24,Delivered
3188,216,4622,XpressBees,XPR983445220,2021-07-11,2021-07-15,Returned
3189,1877,3737,XpressBees,XPR517640331,2024-02-15,2024-02-18,Order Placed
3190,957,4442,FedEx,FED680253158,2020-02-17,2020-02-22,Shipped
3191,4346,2427,DTDC,DTD334245740,2022-07-30,2022-08-03,Delivered
3192,1437,2680,FedEx,FED404992906,2023-11-15,2023-11-25,Delivered
3193,2598,1420,Ecom Express,ECO738177694,2022-09-21,2022-10-01,In Transit
3194,4324,2828,DTDC,DTD877820209,2020-01-25,2020-01-26,In Transit
3195,2969,3285,XpressBees,XPR227000033,2026-08-07,2026-08-14,Order Placed
3196,3002,3891,India Post,IND928939367,2020-09-25,2020-09-29,Delayed
3197,3982,1446,Delhivery,DEL577854657,2023-08-25,2023-09-04,Out for Delivery
3198,2732,2328,BlueDart,BLU775370327,2021-01-26,2021-01-30,In Transit
3199,2254,3328,BlueDart,BLU225911349,2024-09-07,2024-09-10,Out for Delivery
3200,2190,3100,Ecom Express,ECO534675384,2020-12-22,2020-12-30,In Transit
3201,3523,2480,BlueDart,BLU561725486,2023-04-09,2023-04-12,Out for Delivery
3202,1365,1457,India Post,IND982854866,2020-12-13,2020-12-20,Delivered
3203,4538,1432,Delhivery,DEL761081712,2021-04-19,2021-04-20,Order Placed
3204,2862,4468,BlueDart,BLU336303981,2020-04-26,2020-05-04,Delayed
3205,2995,49,Delhivery,DEL306723278,2020-10-26,2020-10-29,Returned
3206,1914,2533,India Post,IND279094516,2025-02-21,2025-02-24,In Transit
3207,21,4189,XpressBees,XPR654662226,2022-01-31,2022-02-02,Returned
3208,3310,435,FedEx,FED105330563,2024-04-28,2024-05-06,In Transit
3209,4603,1275,Delhivery,DEL738180675,2026-01-18,2026-01-21,Order Placed
3210,1631,587,Shadowfax,SHA558530454,2020-08-21,2020-08-26,Delivered
3211,1710,4849,Ecom Express,ECO343566060,2020-10-30,2020-11-05,Shipped
3212,2374,452,Delhivery,DEL142139973,2025-10-21,2025-10-28,In Transit
3213,524,2648,XpressBees,XPR801773693,2021-05-31,2021-06-10,Delayed
3214,3871,1208,India Post,IND636997961,2021-04-05,2021-04-12,Order Placed
3215,1844,1458,BlueDart,BLU436265973,2025-01-02,2025-01-12,In Transit
3216,2563,4384,Shadowfax,SHA982997936,2025-03-16,2025-03-22,Returned
3217,4382,552,DTDC,DTD556132256,2020-01-17,2020-01-19,Delayed
3218,2516,4847,FedEx,FED622672733,2020-12-20,2020-12-24,Delivered
3219,2946,3029,FedEx,FED321998313,2023-09-28,2023-10-03,Delayed
3220,4133,197,Ecom Express,ECO331150484,2024-08-14,2024-08-23,Delivered
3221,1256,4379,DTDC,DTD297469478,2023-01-28,2023-02-07,Returned
3222,2478,2394,DTDC,DTD574130853,2020-08-01,2020-08-05,Shipped
3223,3977,4719,Delhivery,DEL997490720,2023-10-20,2023-10-30,Delayed
3224,795,3034,BlueDart,BLU736043255,2021-01-21,2021-01-30,Delayed
3225,1689,3605,FedEx,FED188665172,2023-12-07,2023-12-08,In Transit
3226,2183,4650,FedEx,FED793330894,2023-12-11,2023-12-14,Delayed
3227,4672,1311,Shadowfax,SHA433431832,2025-02-17,2025-02-18,Shipped
3228,3309,1332,Shadowfax,SHA829223178,2025-02-17,2025-02-21,Order Placed
3229,3370,3170,Shadowfax,SHA562214460,2020-12-24,2020-12-27,In Transit
3230,4490,1360,Ecom Express,ECO677463534,2020-07-16,2020-07-19,Returned
3231,3333,2077,Ecom Express,ECO546120103,2023-08-24,2023-09-03,Shipped
3232,1012,242,DTDC,DTD529639640,2021-10-09,2021-10-18,Order Placed
3233,1996,4133,DTDC,DTD102851100,2021-11-14,2021-11-21,Shipped
3234,3989,3149,Ecom Express,ECO404113027,2021-10-09,2021-10-16,Out for Delivery
3235,3429,2286,DTDC,DTD625528286,2021-05-10,2021-05-13,Returned
3236,2541,2460,Ecom Express,ECO970100384,2023-10-14,2023-10-17,Returned
3237,1684,26,DTDC,DTD691752968,2021-04-09,2021-04-19,Shipped
3238,2431,1991,DTDC,DTD691599227,2021-12-04,2021-12-10,Delayed
3239,1729,4293,Shadowfax,SHA245345438,2024-03-05,2024-03-10,Returned
3240,1538,204,Shadowfax,SHA540309130,2020-07-20,2020-07-23,Returned
3241,632,4861,FedEx,FED242234551,2022-05-06,2022-05-12,Delayed
3242,3114,2945,Delhivery,DEL382659759,2026-06-23,2026-06-27,Order Placed
3243,2918,2193,Delhivery,DEL597423115,2023-03-29,2023-04-08,Delayed
3244,3482,4301,XpressBees,XPR213395237,2020-11-15,2020-11-24,Out for Delivery
3245,1429,1238,Delhivery,DEL204272168,2025-07-11,2025-07-20,Delivered
3246,3624,4761,Delhivery,DEL350047763,2026-05-12,2026-05-14,Order Placed
3247,2512,3967,Delhivery,DEL786760755,2024-01-01,2024-01-03,Delivered
3248,3535,1894,DTDC,DTD697288447,2022-03-20,2022-03-30,Shipped
3249,308,1119,India Post,IND109923506,2026-03-08,2026-03-12,Out for Delivery
3250,4563,2982,BlueDart,BLU474708217,2021-07-17,2021-07-22,Order Placed
3251,646,864,Ecom Express,ECO143238319,2025-03-03,2025-03-07,Order Placed
3252,3290,2151,India Post,IND601558966,2023-02-05,2023-02-06,In Transit
3253,4621,4878,FedEx,FED793679523,2025-11-21,2025-11-28,Delayed
3254,4871,1799,Ecom Express,ECO621732997,2021-04-29,2021-05-05,Delivered
3255,1901,4080,Delhivery,DEL271523297,2021-04-30,2021-05-04,Out for Delivery
3256,4426,3774,DTDC,DTD877123398,2025-05-19,2025-05-25,Shipped
3257,3835,927,FedEx,FED522251835,2022-05-22,2022-05-31,Returned
3258,493,2436,Ecom Express,ECO373334204,2023-02-23,2023-03-01,Delayed
3259,901,3377,Delhivery,DEL873461125,2024-01-29,2024-02-01,Delayed
3260,2277,1228,XpressBees,XPR249942156,2024-03-03,2024-03-13,Delayed
3261,4543,4251,FedEx,FED166106027,2024-03-22,2024-03-28,Shipped
3262,1079,2542,BlueDart,BLU257434214,2022-03-04,2022-03-06,In Transit
3263,2469,518,Delhivery,DEL390925914,2021-01-03,2021-01-13,Order Placed
3264,4929,3459,DTDC,DTD169628301,2023-03-10,2023-03-14,Out for Delivery
3265,2802,4024,Shadowfax,SHA591964438,2024-09-30,2024-10-08,Delayed
3266,4983,833,BlueDart,BLU313537962,2026-01-07,2026-01-10,In Transit
3267,3307,4447,India Post,IND297897328,2023-02-12,2023-02-20,Returned
3268,4694,3607,India Post,IND816073355,2024-11-24,2024-11-28,In Transit
3269,2518,633,XpressBees,XPR718457143,2021-06-11,2021-06-21,Delayed
3270,487,2777,FedEx,FED238489160,2024-08-26,2024-08-30,Returned
3271,3673,643,Delhivery,DEL534702943,2026-03-15,2026-03-25,Delivered
3272,1468,563,Delhivery,DEL437789869,2020-02-20,2020-02-25,Order Placed
3273,2821,3899,Delhivery,DEL695550135,2025-04-30,2025-05-10,In Transit
3274,4344,982,Shadowfax,SHA438371370,2022-07-21,2022-07-28,Delayed
3275,445,85,Ecom Express,ECO124790801,2025-07-15,2025-07-17,Out for Delivery
3276,994,1871,Ecom Express,ECO111734344,2025-01-09,2025-01-14,Shipped
3277,3494,3000,Shadowfax,SHA933164926,2025-12-22,2025-12-26,Out for Delivery
3278,3768,1947,Shadowfax,SHA406275312,2021-11-03,2021-11-13,Delivered
3279,972,3150,Shadowfax,SHA847288245,2020-03-10,2020-03-16,Returned
3280,3143,4165,Delhivery,DEL725517674,2025-12-01,2025-12-10,Shipped
3281,4349,3047,Shadowfax,SHA384942042,2022-01-10,2022-01-19,Order Placed
3282,3467,1494,BlueDart,BLU157794282,2025-03-03,2025-03-11,Shipped
3283,2306,4628,DTDC,DTD228570341,2026-07-31,2026-08-08,Shipped
3284,3922,3907,XpressBees,XPR366252717,2021-06-15,2021-06-18,Order Placed
3285,4168,3400,Ecom Express,ECO293715819,2022-05-31,2022-06-07,Order Placed
3286,901,2507,XpressBees,XPR691427194,2022-07-22,2022-07-23,Order Placed
3287,241,1660,XpressBees,XPR696398919,2026-01-16,2026-01-20,Returned
3288,2829,4352,DTDC,DTD746835420,2026-06-12,2026-06-16,In Transit
3289,3447,1830,FedEx,FED857634239,2026-02-07,2026-02-12,Order Placed
3290,1208,883,Delhivery,DEL211097975,2025-11-04,2025-11-12,Order Placed
3291,49,3799,Shadowfax,SHA636402409,2021-09-16,2021-09-17,Order Placed
3292,3496,837,Ecom Express,ECO847689299,2024-09-09,2024-09-18,Out for Delivery
3293,76,4972,FedEx,FED742699943,2025-04-11,2025-04-19,Shipped
3294,2522,2427,Delhivery,DEL793523285,2025-06-02,2025-06-05,Shipped
3295,4969,168,DTDC,DTD122832473,2021-08-21,2021-08-28,Delayed
3296,4259,2070,DTDC,DTD382970263,2023-02-25,2023-03-01,Returned
3297,350,733,FedEx,FED254199427,2024-08-04,2024-08-09,Shipped
3298,4682,2192,DTDC,DTD662613888,2020-06-04,2020-06-10,Returned
3299,4667,2655,FedEx,FED925608823,2023-10-06,2023-10-12,Shipped
3300,3065,920,India Post,IND771162206,2024-05-26,2024-05-28,Returned
3301,4860,1357,India Post,IND829538591,2023-08-10,2023-08-15,Delayed
3302,1586,1353,India Post,IND127455709,2021-08-09,2021-08-12,Shipped
3303,4286,1126,FedEx,FED313019695,2021-05-25,2021-06-02,Delivered
3304,1943,899,DTDC,DTD572273641,2022-07-22,2022-07-25,Order Placed
3305,1593,2740,FedEx,FED829041408,2025-12-16,2025-12-22,Returned
3306,433,950,Ecom Express,ECO705961602,2020-05-04,2020-05-13,Out for Delivery
3307,1473,113,Delhivery,DEL144401228,2020-02-10,2020-02-16,Shipped
3308,4516,1836,XpressBees,XPR250372080,2026-03-26,2026-03-29,Order Placed
3309,207,630,Ecom Express,ECO260091296,2025-03-04,2025-03-05,Order Placed
3310,4976,4865,XpressBees,XPR540313075,2026-04-09,2026-04-16,Order Placed
3311,4785,2453,Shadowfax,SHA600000669,2020-09-27,2020-09-29,Delayed
3312,3854,1565,Ecom Express,ECO782749430,2020-10-24,2020-10-27,Returned
3313,2700,1274,DTDC,DTD140441919,2020-05-28,2020-06-01,Delivered
3314,3837,2850,India Post,IND341094067,2020-07-13,2020-07-21,Delayed
3315,4233,1595,XpressBees,XPR987022779,2020-05-13,2020-05-17,Shipped
3316,360,1994,DTDC,DTD929079200,2020-09-21,2020-09-27,Delayed
3317,1523,923,Ecom Express,ECO572508905,2021-12-05,2021-12-09,Out for Delivery
3318,309,1077,XpressBees,XPR341090382,2021-09-20,2021-09-28,Shipped
3319,2071,2401,DTDC,DTD579309469,2020-11-15,2020-11-22,Delayed
3320,4762,1133,BlueDart,BLU251284044,2023-11-11,2023-11-18,Out for Delivery
3321,1329,561,Shadowfax,SHA301539392,2021-10-29,2021-11-05,Shipped
3322,636,4492,Delhivery,DEL105483156,2020-06-30,2020-07-10,Returned
3323,616,3770,BlueDart,BLU405521886,2025-10-22,2025-11-01,In Transit
3324,330,3921,BlueDart,BLU889955326,2020-03-11,2020-03-18,Delivered
3325,2044,1783,India Post,IND576763056,2025-12-21,2025-12-27,Shipped
3326,2298,1014,Delhivery,DEL240590961,2022-10-04,2022-10-10,Delivered
3327,1196,1419,BlueDart,BLU622786090,2020-10-08,2020-10-17,Delivered
3328,1684,2355,XpressBees,XPR426767303,2025-03-06,2025-03-14,In Transit
3329,1809,4156,Shadowfax,SHA310663585,2022-07-22,2022-07-23,Order Placed
3330,2855,2861,Shadowfax,SHA535462349,2025-03-31,2025-04-04,Shipped
3331,3325,1859,Delhivery,DEL723434017,2022-05-10,2022-05-20,In Transit
3332,2465,4733,DTDC,DTD492972075,2021-10-13,2021-10-14,Returned
3333,2483,2473,Delhivery,DEL521481472,2026-06-03,2026-06-05,Shipped
3334,3268,751,DTDC,DTD172234202,2024-10-06,2024-10-11,In Transit
3335,1545,2734,FedEx,FED362942669,2025-06-23,2025-06-28,Returned
3336,1141,4262,India Post,IND347522526,2022-04-18,2022-04-20,Returned
3337,3118,1685,DTDC,DTD263307581,2021-07-20,2021-07-25,Delayed
3338,3264,515,India Post,IND405461534,2025-03-06,2025-03-10,Returned
3339,484,4191,Shadowfax,SHA567369705,2024-04-17,2024-04-18,Delivered
3340,4426,4258,Delhivery,DEL787610573,2022-07-08,2022-07-14,Delivered
3341,3741,835,Delhivery,DEL160245141,2022-02-26,2022-03-04,Returned
3342,2821,1868,Ecom Express,ECO470788887,2020-07-26,2020-07-29,Order Placed
3343,1556,597,DTDC,DTD943311568,2022-06-28,2022-06-30,Delivered
3344,4993,3971,Delhivery,DEL479525516,2020-09-13,2020-09-19,Returned
3345,2593,3732,Shadowfax,SHA392003897,2025-12-23,2025-12-31,In Transit
3346,2029,3033,Delhivery,DEL410065270,2026-04-21,2026-05-01,Delayed
3347,3318,2407,DTDC,DTD874892096,2021-02-23,2021-02-25,Delivered
3348,671,4386,DTDC,DTD733437851,2025-04-27,2025-05-02,Shipped
3349,2299,913,DTDC,DTD406286111,2024-09-23,2024-10-03,Delayed
3350,929,2635,Delhivery,DEL610291243,2021-08-29,2021-09-06,In Transit
3351,1432,3885,XpressBees,XPR395451176,2020-03-13,2020-03-21,Out for Delivery
3352,2255,3296,BlueDart,BLU572272978,2021-07-11,2021-07-15,Order Placed
3353,1968,1522,India Post,IND326875375,2022-06-24,2022-06-29,Shipped
3354,4513,463,Ecom Express,ECO317103944,2022-03-26,2022-04-05,Out for Delivery
3355,2499,949,XpressBees,XPR978024698,2025-01-24,2025-01-25,In Transit
3356,984,2539,Delhivery,DEL612088157,2020-08-03,2020-08-06,Order Placed
3357,329,4277,XpressBees,XPR243264330,2024-05-10,2024-05-18,Returned
3358,2140,1539,BlueDart,BLU811499785,2025-01-08,2025-01-13,Order Placed
3359,2028,1784,FedEx,FED954198465,2025-12-21,2025-12-23,Out for Delivery
3360,3305,1251,DTDC,DTD452335951,2024-07-08,2024-07-17,Out for Delivery
3361,2995,3729,FedEx,FED316110653,2020-08-18,2020-08-28,Out for Delivery
3362,118,405,Ecom Express,ECO895153410,2026-03-21,2026-03-26,In Transit
3363,4202,2585,FedEx,FED727773933,2024-10-28,2024-11-07,Delayed
3364,1916,3467,FedEx,FED333919042,2020-12-07,2020-12-08,Order Placed
3365,2175,2345,Shadowfax,SHA598482283,2020-10-07,2020-10-16,Delivered
3366,4325,3304,FedEx,FED459863083,2025-10-18,2025-10-26,Shipped
3367,4135,4166,DTDC,DTD728131803,2025-07-17,2025-07-26,Delayed
3368,2472,3754,FedEx,FED190289250,2022-03-19,2022-03-23,Order Placed
3369,2465,4067,India Post,IND277008212,2022-11-16,2022-11-20,Out for Delivery
3370,334,398,Shadowfax,SHA524440494,2024-03-22,2024-03-26,Delayed
3371,2549,2564,Ecom Express,ECO365839066,2024-12-01,2024-12-10,Delayed
3372,768,2759,XpressBees,XPR648835656,2022-09-27,2022-09-30,Delayed
3373,1043,591,Delhivery,DEL581295454,2024-05-07,2024-05-11,In Transit
3374,3797,3546,Delhivery,DEL562492301,2021-09-05,2021-09-07,Delayed
3375,565,2566,DTDC,DTD824576626,2022-04-18,2022-04-26,In Transit
3376,2398,4407,XpressBees,XPR642219009,2020-12-25,2020-12-27,Order Placed
3377,330,4130,FedEx,FED407656082,2022-09-20,2022-09-30,Delivered
3378,2025,4764,Delhivery,DEL168227002,2025-02-21,2025-03-03,Order Placed
3379,1750,2733,DTDC,DTD812879223,2026-05-02,2026-05-12,Delayed
3380,4309,2181,India Post,IND278223902,2023-05-01,2023-05-06,Delivered
3381,2509,2185,Shadowfax,SHA937018755,2021-10-23,2021-11-02,Returned
3382,3713,3760,DTDC,DTD245486621,2024-05-01,2024-05-06,Order Placed
3383,4615,489,DTDC,DTD239083855,2021-12-31,2022-01-07,Delivered
3384,1435,3051,India Post,IND887062424,2022-09-26,2022-09-28,In Transit
3385,875,2546,DTDC,DTD240719661,2023-11-25,2023-11-26,Delivered
3386,4005,3200,BlueDart,BLU267567513,2024-08-28,2024-08-30,Out for Delivery
3387,1863,3743,Shadowfax,SHA594862836,2023-05-24,2023-05-28,Order Placed
3388,2894,1243,Delhivery,DEL937837406,2021-01-06,2021-01-07,Order Placed
3389,1385,4622,XpressBees,XPR174829956,2024-11-26,2024-12-02,Shipped
3390,3278,63,FedEx,FED755995452,2024-07-02,2024-07-07,Order Placed
3391,23,1252,Delhivery,DEL478057805,2024-02-03,2024-02-05,Returned
3392,286,676,Shadowfax,SHA861325516,2021-05-03,2021-05-09,Shipped
3393,3174,2001,BlueDart,BLU534998164,2021-06-21,2021-07-01,In Transit
3394,2066,2166,Ecom Express,ECO471702187,2021-09-05,2021-09-07,Returned
3395,2343,4899,Shadowfax,SHA603766601,2024-05-11,2024-05-20,In Transit
3396,1002,2612,Delhivery,DEL906874698,2025-12-26,2025-12-27,Delivered
3397,2092,3449,XpressBees,XPR223010275,2023-04-05,2023-04-11,Delivered
3398,2110,4629,India Post,IND920527588,2024-03-04,2024-03-07,Out for Delivery
3399,1403,4678,Delhivery,DEL710056374,2026-05-24,2026-05-26,Out for Delivery
3400,2916,2435,FedEx,FED469408109,2023-12-02,2023-12-03,Delivered
3401,659,1519,DTDC,DTD611942904,2021-10-30,2021-11-08,Delayed
3402,1114,2864,Shadowfax,SHA221650625,2022-04-19,2022-04-21,Order Placed
3403,4094,3750,FedEx,FED393812132,2020-10-08,2020-10-16,Delivered
3404,1636,4512,BlueDart,BLU682965185,2022-02-13,2022-02-22,Out for Delivery
3405,112,317,XpressBees,XPR706148221,2025-04-18,2025-04-23,In Transit
3406,4160,4916,Delhivery,DEL424075232,2022-11-22,2022-12-01,Shipped
3407,531,4218,BlueDart,BLU388699438,2026-02-25,2026-02-27,Delayed
3408,1642,4741,DTDC,DTD281123349,2024-01-17,2024-01-18,Order Placed
3409,2740,345,FedEx,FED690600041,2026-01-25,2026-02-01,Out for Delivery
3410,4748,1287,Delhivery,DEL218191885,2023-01-06,2023-01-11,Shipped
3411,4936,4448,XpressBees,XPR777457544,2025-02-04,2025-02-07,Returned
3412,4959,3360,BlueDart,BLU656627864,2024-01-31,2024-02-03,Order Placed
3413,1405,2764,Delhivery,DEL580309989,2023-06-30,2023-07-05,Delayed
3414,2202,4439,XpressBees,XPR388289777,2022-04-23,2022-05-03,Returned
3415,2260,1933,XpressBees,XPR677980930,2020-05-02,2020-05-05,In Transit
3416,4252,1213,XpressBees,XPR649809911,2020-03-14,2020-03-20,Delivered
3417,739,1985,India Post,IND165894078,2022-11-21,2022-11-28,Shipped
3418,1294,4130,India Post,IND440090630,2022-07-25,2022-08-04,Delayed
3419,1339,1347,FedEx,FED908577163,2021-01-12,2021-01-14,Order Placed
3420,3138,623,Ecom Express,ECO819841808,2020-09-28,2020-10-07,Returned
3421,1148,4989,BlueDart,BLU332087664,2025-05-31,2025-06-10,Returned
3422,2488,4485,BlueDart,BLU460577867,2022-09-20,2022-09-21,Returned
3423,3040,2905,India Post,IND227268147,2020-12-22,2020-12-31,Out for Delivery
3424,1773,1256,Ecom Express,ECO917016252,2024-01-22,2024-01-25,Delivered
3425,1511,2086,Ecom Express,ECO372280249,2026-06-18,2026-06-23,In Transit
3426,4372,4285,Ecom Express,ECO895135880,2026-05-19,2026-05-29,Order Placed
3427,565,2950,India Post,IND313981766,2024-11-18,2024-11-25,Order Placed
3428,4434,307,BlueDart,BLU198671142,2025-07-11,2025-07-12,Order Placed
3429,4011,165,DTDC,DTD405913226,2020-09-13,2020-09-21,Delayed
3430,3703,4820,FedEx,FED452491247,2026-08-02,2026-08-03,In Transit
3431,4747,4914,Delhivery,DEL722886460,2022-08-03,2022-08-12,Delayed
3432,4379,1674,XpressBees,XPR828587430,2026-07-26,2026-07-31,Order Placed
3433,2994,2406,FedEx,FED678283091,2026-04-20,2026-04-22,Delivered
3434,490,4113,XpressBees,XPR946358974,2023-04-11,2023-04-18,Shipped
3435,3740,1692,BlueDart,BLU836335703,2021-02-27,2021-03-05,Delayed
3436,2755,4273,Ecom Express,ECO601371129,2020-01-01,2020-01-03,Delayed
3437,3583,266,India Post,IND299800037,2022-10-05,2022-10-07,Delayed
3438,647,1757,DTDC,DTD250644870,2024-09-13,2024-09-16,Shipped
3439,1592,3675,BlueDart,BLU156116208,2023-03-23,2023-03-29,In Transit
3440,3669,2901,BlueDart,BLU678312600,2024-11-13,2024-11-18,Out for Delivery
3441,1198,492,India Post,IND677719709,2023-01-31,2023-02-09,Order Placed
3442,3335,4726,Shadowfax,SHA255328129,2021-04-28,2021-05-05,Order Placed
3443,3650,3527,India Post,IND558044461,2021-09-04,2021-09-06,Shipped
3444,92,3519,XpressBees,XPR104254482,2020-04-19,2020-04-24,Delivered
3445,1937,1742,DTDC,DTD727966677,2023-01-28,2023-02-04,Returned
3446,2189,2951,XpressBees,XPR539687651,2026-01-31,2026-02-03,In Transit
3447,4415,3853,DTDC,DTD122440587,2026-05-27,2026-05-28,Order Placed
3448,868,2734,DTDC,DTD690504344,2026-06-05,2026-06-08,Out for Delivery
3449,4386,4835,XpressBees,XPR816409762,2021-12-19,2021-12-21,Shipped
3450,4901,2176,Ecom Express,ECO335781921,2026-06-02,2026-06-12,Out for Delivery
3451,2317,2099,Ecom Express,ECO226037531,2026-06-01,2026-06-05,Delayed
3452,540,2424,XpressBees,XPR999628399,2022-08-17,2022-08-18,Delivered
3453,1108,4996,BlueDart,BLU655318906,2025-08-08,2025-08-09,Delivered
3454,4971,951,BlueDart,BLU327671802,2025-11-11,2025-11-14,In Transit
3455,4745,2156,BlueDart,BLU277542326,2024-07-26,2024-07-31,Returned
3456,4175,568,Ecom Express,ECO347532704,2023-06-21,2023-07-01,Order Placed
3457,2336,3013,FedEx,FED634959052,2024-01-02,2024-01-08,Delayed
3458,825,2379,Delhivery,DEL299256238,2022-02-14,2022-02-18,Delivered
3459,3183,185,India Post,IND690563059,2020-04-20,2020-04-22,Returned
3460,2369,3175,Shadowfax,SHA511128049,2021-03-01,2021-03-02,Order Placed
3461,203,1359,DTDC,DTD111498278,2024-03-13,2024-03-15,Delivered
3462,2318,3786,Shadowfax,SHA446477678,2025-08-25,2025-09-01,In Transit
3463,2367,281,FedEx,FED956110625,2020-08-18,2020-08-21,Delivered
3464,1011,283,FedEx,FED376472747,2020-09-23,2020-10-02,Delivered
3465,2876,380,Ecom Express,ECO976282671,2024-11-01,2024-11-05,Order Placed
3466,461,3635,India Post,IND606222833,2020-06-06,2020-06-10,Out for Delivery
3467,4509,2590,FedEx,FED250943010,2020-01-29,2020-02-02,Delivered
3468,232,2867,XpressBees,XPR466523574,2023-01-21,2023-01-24,Delayed
3469,3929,2718,XpressBees,XPR306839746,2021-10-01,2021-10-02,Delayed
3470,1414,4253,FedEx,FED116545020,2020-07-13,2020-07-21,Delivered
3471,3744,406,FedEx,FED445966934,2024-03-10,2024-03-14,Returned
3472,1993,1678,XpressBees,XPR926040560,2021-12-26,2021-12-30,Delayed
3473,5,3737,Ecom Express,ECO758838180,2021-06-07,2021-06-10,Returned
3474,3078,1091,Shadowfax,SHA436312873,2021-09-30,2021-10-04,Returned
3475,1411,3963,DTDC,DTD303427425,2020-12-28,2021-01-07,Shipped
3476,2945,1815,DTDC,DTD777152003,2024-07-31,2024-08-05,Delayed
3477,1372,2039,DTDC,DTD977226207,2022-10-20,2022-10-25,Returned
3478,1691,210,BlueDart,BLU913713228,2026-05-06,2026-05-11,Order Placed
3479,216,3135,FedEx,FED186025933,2023-12-18,2023-12-23,Out for Delivery
3480,664,3493,India Post,IND967329690,2024-06-06,2024-06-13,Delivered
3481,3637,2758,India Post,IND247986701,2022-06-27,2022-06-30,In Transit
3482,1759,3473,Shadowfax,SHA231889684,2022-04-05,2022-04-13,Shipped
3483,1448,3636,BlueDart,BLU371762196,2024-02-21,2024-02-24,Delivered
3484,1099,4952,Shadowfax,SHA754971905,2022-01-17,2022-01-20,Delayed
3485,3854,5000,BlueDart,BLU714821972,2020-05-15,2020-05-23,Returned
3486,2062,4205,Delhivery,DEL616138669,2022-10-26,2022-10-29,Order Placed
3487,3315,2163,BlueDart,BLU979588155,2023-01-06,2023-01-15,Out for Delivery
3488,248,71,XpressBees,XPR694735724,2024-09-15,2024-09-16,Order Placed
3489,3546,4025,India Post,IND560971742,2021-04-04,2021-04-14,Delayed
3490,4205,1646,XpressBees,XPR652383760,2025-11-27,2025-11-30,Out for Delivery
3491,4635,448,Ecom Express,ECO817315366,2020-11-08,2020-11-16,Delivered
3492,4131,1270,XpressBees,XPR818464930,2021-10-05,2021-10-10,Delivered
3493,3879,1762,Ecom Express,ECO211407337,2022-05-24,2022-05-31,Delivered
3494,441,4703,FedEx,FED583856056,2023-04-03,2023-04-10,Delayed
3495,4823,4268,DTDC,DTD307969998,2020-10-09,2020-10-18,Shipped
3496,2374,1716,Delhivery,DEL953972537,2025-09-03,2025-09-10,In Transit
3497,4626,1292,Ecom Express,ECO828030724,2024-07-27,2024-08-03,Shipped
3498,2101,572,FedEx,FED285856763,2021-03-30,2021-04-08,Delivered
3499,68,4912,FedEx,FED263883546,2023-04-17,2023-04-24,Order Placed
3500,59,1536,DTDC,DTD313818545,2023-12-30,2024-01-08,Order Placed
3501,1277,1911,DTDC,DTD224800645,2021-08-19,2021-08-23,Shipped
3502,4191,1253,Ecom Express,ECO424173812,2024-05-31,2024-06-01,Order Placed
3503,1630,1599,XpressBees,XPR148936478,2022-05-15,2022-05-17,Returned
3504,4677,1701,XpressBees,XPR798927741,2022-11-27,2022-12-02,Delayed
3505,4305,2294,Shadowfax,SHA889458878,2023-06-28,2023-07-02,In Transit
3506,707,1905,XpressBees,XPR504127142,2023-12-08,2023-12-12,Out for Delivery
3507,1322,975,Delhivery,DEL510924768,2022-06-25,2022-06-29,Order Placed
3508,1030,4650,Ecom Express,ECO357449013,2024-12-08,2024-12-17,Out for Delivery
3509,118,3437,BlueDart,BLU948359163,2025-10-05,2025-10-12,In Transit
3510,3161,3007,Ecom Express,ECO980401961,2026-04-18,2026-04-21,Delivered
3511,55,445,DTDC,DTD212823507,2023-04-05,2023-04-14,Shipped
3512,4740,1652,FedEx,FED352953024,2022-12-12,2022-12-17,Delayed
3513,3315,4164,BlueDart,BLU986861299,2020-09-19,2020-09-23,Delayed
3514,1341,3703,Shadowfax,SHA226451355,2022-02-18,2022-02-25,Order Placed
3515,3943,1449,Shadowfax,SHA376508716,2020-11-27,2020-12-01,Out for Delivery
3516,1875,4177,India Post,IND820763350,2025-12-24,2026-01-01,Order Placed
3517,2295,1001,DTDC,DTD972176119,2020-10-22,2020-10-27,In Transit
3518,3612,2923,BlueDart,BLU362949838,2022-04-05,2022-04-11,Out for Delivery
3519,2191,1967,India Post,IND395004294,2023-01-24,2023-01-26,In Transit
3520,1728,1294,India Post,IND746136473,2023-05-21,2023-05-24,Delayed
3521,2192,1746,Delhivery,DEL253499984,2026-04-07,2026-04-15,Order Placed
3522,3968,4260,Shadowfax,SHA457029846,2023-09-07,2023-09-08,Delivered
3523,260,4965,India Post,IND719864326,2023-06-20,2023-06-23,Order Placed
3524,86,993,BlueDart,BLU969657984,2025-10-05,2025-10-15,Delivered
3525,3213,1404,DTDC,DTD967876532,2022-09-02,2022-09-10,Shipped
3526,4826,2915,Ecom Express,ECO450735865,2023-10-19,2023-10-23,Shipped
3527,2168,3941,FedEx,FED437692984,2024-12-18,2024-12-24,Shipped
3528,2240,4129,Shadowfax,SHA577668833,2021-02-28,2021-03-03,Delivered
3529,4783,3305,Shadowfax,SHA455818786,2023-08-10,2023-08-19,Returned
3530,388,1720,XpressBees,XPR595371886,2021-10-05,2021-10-07,Order Placed
3531,1249,4118,XpressBees,XPR738380558,2022-12-13,2022-12-21,In Transit
3532,3935,1267,DTDC,DTD559080537,2021-07-25,2021-07-31,Delayed
3533,3000,3893,XpressBees,XPR875355370,2020-08-30,2020-09-01,In Transit
3534,2458,4580,XpressBees,XPR796180840,2021-11-29,2021-12-02,Returned
3535,162,3097,XpressBees,XPR207946852,2021-10-04,2021-10-05,Shipped
3536,3707,828,Delhivery,DEL353622656,2022-03-28,2022-04-06,Returned
3537,3737,1487,FedEx,FED985797629,2024-09-29,2024-10-01,Order Placed
3538,3080,3581,FedEx,FED331453981,2022-03-03,2022-03-08,In Transit
3539,3498,3113,BlueDart,BLU193554355,2023-12-12,2023-12-19,Returned
3540,4976,726,DTDC,DTD687595196,2020-06-28,2020-06-29,Shipped
3541,1034,2953,DTDC,DTD420991766,2026-02-04,2026-02-13,Returned
3542,2069,3606,XpressBees,XPR894191229,2026-04-17,2026-04-19,Returned
3543,4183,2885,India Post,IND939571265,2024-12-27,2024-12-28,In Transit
3544,4037,1625,FedEx,FED930931857,2025-11-29,2025-12-03,Order Placed
3545,368,2451,BlueDart,BLU808110472,2024-08-05,2024-08-12,Shipped
3546,758,558,XpressBees,XPR826810901,2026-07-03,2026-07-12,Delivered
3547,1443,1025,Ecom Express,ECO715007700,2024-12-23,2024-12-31,Delayed
3548,6,840,BlueDart,BLU207408000,2025-11-23,2025-12-01,Delivered
3549,2276,4692,Shadowfax,SHA135011606,2024-02-02,2024-02-07,Returned
3550,3439,932,XpressBees,XPR370984220,2026-04-05,2026-04-06,Delivered
3551,2599,1689,XpressBees,XPR592609837,2023-03-08,2023-03-11,Order Placed
3552,4719,1998,Delhivery,DEL715096287,2022-05-01,2022-05-11,Delivered
3553,2552,3757,India Post,IND808820927,2025-11-14,2025-11-24,Out for Delivery
3554,4074,3384,BlueDart,BLU600198291,2023-06-17,2023-06-19,Order Placed
3555,1916,1302,Shadowfax,SHA495151700,2020-12-01,2020-12-08,Returned
3556,1194,236,XpressBees,XPR776378352,2020-11-10,2020-11-16,Returned
3557,4612,2195,FedEx,FED721328102,2022-04-18,2022-04-26,In Transit
3558,3618,2610,FedEx,FED576055699,2023-07-13,2023-07-17,In Transit
3559,470,2042,DTDC,DTD293834226,2024-02-03,2024-02-07,Shipped
3560,3945,4365,FedEx,FED157382577,2026-03-09,2026-03-11,Delayed
3561,1131,3035,India Post,IND792595866,2025-10-23,2025-11-02,In Transit
3562,1483,2049,BlueDart,BLU167102665,2021-03-01,2021-03-10,Delivered
3563,912,3219,Shadowfax,SHA963728332,2024-05-09,2024-05-18,In Transit
3564,4207,243,Shadowfax,SHA951304552,2021-12-04,2021-12-06,Out for Delivery
3565,3704,4411,Ecom Express,ECO910603660,2023-04-26,2023-04-30,Shipped
3566,3062,294,Ecom Express,ECO405157699,2024-01-11,2024-01-20,Order Placed
3567,2176,2886,XpressBees,XPR531405627,2020-10-20,2020-10-23,Order Placed
3568,3352,4203,XpressBees,XPR181523215,2026-01-20,2026-01-26,Returned
3569,3385,1847,BlueDart,BLU727799603,2025-11-03,2025-11-11,Returned
3570,3245,1176,DTDC,DTD739172836,2020-05-18,2020-05-28,Order Placed
3571,2874,4210,Ecom Express,ECO407335009,2024-11-16,2024-11-17,In Transit
3572,4062,1831,Ecom Express,ECO486475318,2026-05-20,2026-05-21,Delayed
3573,3393,4656,Ecom Express,ECO192209615,2020-06-07,2020-06-17,Delayed
3574,4420,3665,XpressBees,XPR568896128,2026-04-02,2026-04-03,Out for Delivery
3575,4452,3033,India Post,IND833281093,2026-08-02,2026-08-05,In Transit
3576,173,685,India Post,IND957063846,2026-05-04,2026-05-10,Shipped
3577,3155,4868,XpressBees,XPR576785181,2024-08-16,2024-08-25,Delayed
3578,3779,2303,FedEx,FED316192532,2024-10-27,2024-10-31,In Transit
3579,4618,734,Ecom Express,ECO872150370,2024-10-27,2024-10-30,Order Placed
3580,4486,4196,XpressBees,XPR716706833,2022-03-07,2022-03-16,Shipped
3581,1157,4784,Shadowfax,SHA140791679,2020-10-31,2020-11-07,Delivered
3582,3730,811,Shadowfax,SHA288407689,2024-01-01,2024-01-08,Returned
3583,2216,2395,BlueDart,BLU552971085,2023-07-02,2023-07-09,Returned
3584,1893,609,India Post,IND607627843,2025-01-27,2025-02-04,Shipped
3585,2885,1737,Shadowfax,SHA743361705,2020-09-19,2020-09-24,Delivered
3586,3498,3690,FedEx,FED715942874,2025-08-11,2025-08-21,Delayed
3587,774,3031,Ecom Express,ECO917483422,2025-09-30,2025-10-03,Order Placed
3588,3169,3315,Shadowfax,SHA235479179,2022-02-13,2022-02-20,Shipped
3589,4993,4455,Delhivery,DEL816975291,2024-12-18,2024-12-19,Shipped
3590,2822,4102,DTDC,DTD214417783,2025-01-06,2025-01-09,Shipped
3591,142,1708,XpressBees,XPR999883382,2020-02-06,2020-02-07,Delivered
3592,3766,3267,Delhivery,DEL785938585,2024-03-17,2024-03-19,Delivered
3593,1045,3676,XpressBees,XPR220822371,2022-01-02,2022-01-12,Order Placed
3594,23,1120,Delhivery,DEL310734319,2020-12-06,2020-12-11,Out for Delivery
3595,4746,4317,India Post,IND572728248,2026-03-28,2026-04-01,Order Placed
3596,722,2206,Ecom Express,ECO856355931,2023-10-31,2023-11-01,In Transit
3597,4824,3701,DTDC,DTD281475968,2022-06-02,2022-06-04,Delayed
3598,2127,859,Ecom Express,ECO589568091,2026-01-11,2026-01-20,In Transit
3599,2947,2471,India Post,IND437666452,2025-12-03,2025-12-11,In Transit
3600,1786,1977,Ecom Express,ECO340553306,2025-04-11,2025-04-19,Delivered
3601,3818,2175,Shadowfax,SHA856465999,2025-12-22,2025-12-27,Delayed
3602,1252,2901,XpressBees,XPR362766537,2022-08-02,2022-08-04,Returned
3603,447,1171,FedEx,FED928742031,2020-10-06,2020-10-08,Out for Delivery
3604,4774,3128,Shadowfax,SHA992249710,2024-01-10,2024-01-16,Order Placed
3605,4315,4813,Delhivery,DEL397479933,2021-08-16,2021-08-24,Returned
3606,1191,3902,Delhivery,DEL457531181,2023-04-10,2023-04-20,Order Placed
3607,1517,4561,BlueDart,BLU237991675,2026-07-06,2026-07-09,Out for Delivery
3608,3384,2536,Delhivery,DEL916396972,2021-06-11,2021-06-18,Delivered
3609,130,3565,DTDC,DTD859090107,2026-06-20,2026-06-29,Shipped
3610,3997,4162,India Post,IND176403668,2024-01-03,2024-01-12,Returned
3611,3011,2927,XpressBees,XPR534334396,2020-06-19,2020-06-24,Order Placed
3612,2385,1834,Shadowfax,SHA877989892,2024-10-24,2024-11-02,In Transit
3613,9,145,Shadowfax,SHA710918693,2024-09-05,2024-09-13,Order Placed
3614,221,2037,BlueDart,BLU194022108,2023-08-26,2023-08-28,Delayed
3615,3176,2840,DTDC,DTD976903990,2023-11-18,2023-11-28,Delivered
3616,4369,2806,XpressBees,XPR525920564,2025-07-06,2025-07-12,Shipped
3617,258,1952,FedEx,FED137100944,2021-06-14,2021-06-16,Delayed
3618,687,2378,BlueDart,BLU826626061,2021-12-01,2021-12-10,Order Placed
3619,1689,844,Shadowfax,SHA171608279,2024-10-07,2024-10-08,Delayed
3620,802,1877,India Post,IND460803677,2026-07-26,2026-08-02,Order Placed
3621,3986,3636,Delhivery,DEL111406156,2023-03-11,2023-03-20,Returned
3622,914,725,India Post,IND422247848,2025-05-25,2025-06-04,In Transit
3623,2659,1076,Delhivery,DEL540219842,2026-05-11,2026-05-12,Delayed
3624,4764,3047,XpressBees,XPR351929413,2025-02-26,2025-03-03,Order Placed
3625,1294,2813,XpressBees,XPR845053852,2025-12-02,2025-12-11,Delayed
3626,1325,1515,India Post,IND900002562,2020-10-13,2020-10-16,Delayed
3627,3247,1410,Shadowfax,SHA738736552,2020-05-01,2020-05-02,In Transit
3628,611,1057,XpressBees,XPR393355387,2020-04-04,2020-04-08,Out for Delivery
3629,3508,1865,Ecom Express,ECO711351940,2022-07-20,2022-07-24,Out for Delivery
3630,1968,1937,Ecom Express,ECO488930365,2025-01-10,2025-01-12,Delivered
3631,756,2789,India Post,IND549310271,2023-01-30,2023-02-06,Returned
3632,744,2951,Delhivery,DEL471822394,2021-06-23,2021-06-27,Order Placed
3633,3172,1975,FedEx,FED873658999,2022-03-19,2022-03-26,In Transit
3634,4941,4553,BlueDart,BLU730349207,2022-04-25,2022-05-02,Shipped
3635,3619,1820,Delhivery,DEL154450544,2025-08-21,2025-08-27,Order Placed
3636,1630,3752,DTDC,DTD792364080,2025-12-03,2025-12-06,Out for Delivery
3637,3017,4720,FedEx,FED862978164,2021-04-27,2021-04-28,Delivered
3638,1459,4210,FedEx,FED369934570,2026-02-18,2026-02-19,Delivered
3639,940,4983,India Post,IND290757424,2022-02-13,2022-02-22,In Transit
3640,3639,3467,Delhivery,DEL415439210,2020-12-25,2021-01-01,Order Placed
3641,1960,1851,India Post,IND828409520,2023-04-29,2023-05-05,Out for Delivery
3642,3449,229,BlueDart,BLU429601424,2023-02-11,2023-02-12,Delivered
3643,4611,5,Delhivery,DEL389157339,2022-02-08,2022-02-13,Delayed
3644,3714,3174,FedEx,FED247177184,2024-08-18,2024-08-26,Shipped
3645,1371,4808,FedEx,FED823833793,2021-04-28,2021-05-04,In Transit
3646,4208,1580,XpressBees,XPR882994912,2020-09-10,2020-09-18,Order Placed
3647,3080,4940,DTDC,DTD583446955,2023-04-01,2023-04-04,Delayed
3648,3395,931,Shadowfax,SHA501554402,2020-07-10,2020-07-20,Order Placed
3649,461,3190,Ecom Express,ECO138648368,2021-06-28,2021-07-01,Delayed
3650,34,3605,DTDC,DTD823313925,2025-12-10,2025-12-15,Delivered
3651,1375,4521,Ecom Express,ECO797807951,2025-04-24,2025-04-29,Delayed
3652,2206,4327,FedEx,FED103067603,2023-12-23,2023-12-27,Delayed
3653,250,1404,Shadowfax,SHA534813928,2022-07-03,2022-07-10,In Transit
3654,2002,912,Delhivery,DEL679169749,2020-09-14,2020-09-15,In Transit
3655,3001,821,DTDC,DTD962911701,2021-08-23,2021-08-27,Order Placed
3656,801,2500,FedEx,FED165302033,2026-06-21,2026-06-23,Delivered
3657,400,2557,FedEx,FED940053388,2023-04-16,2023-04-25,Returned
3658,1730,2744,Ecom Express,ECO124960475,2020-06-16,2020-06-20,In Transit
3659,286,2463,BlueDart,BLU911669260,2020-08-07,2020-08-12,Delivered
3660,3405,4107,DTDC,DTD112774094,2022-09-17,2022-09-22,Order Placed
3661,2731,2742,XpressBees,XPR668237730,2020-07-29,2020-08-06,Out for Delivery
3662,2706,2460,XpressBees,XPR952717222,2021-12-02,2021-12-10,Out for Delivery
3663,1446,4045,DTDC,DTD105960250,2020-03-15,2020-03-20,Delivered
3664,171,793,BlueDart,BLU321777750,2020-05-10,2020-05-17,Returned
3665,3635,638,Ecom Express,ECO293136756,2026-08-09,2026-08-13,Returned
3666,704,2224,BlueDart,BLU319995655,2025-01-31,2025-02-05,In Transit
3667,3616,1346,DTDC,DTD769020352,2023-05-16,2023-05-19,Order Placed
3668,2308,1495,XpressBees,XPR361516954,2025-09-04,2025-09-14,In Transit
3669,282,3432,XpressBees,XPR254815311,2025-05-25,2025-06-01,Delayed
3670,1905,4318,FedEx,FED244665414,2023-02-07,2023-02-10,Delivered
3671,1303,4823,XpressBees,XPR590811273,2026-07-24,2026-08-01,In Transit
3672,1938,4178,India Post,IND502119078,2021-08-16,2021-08-22,Out for Delivery
3673,77,3900,Delhivery,DEL784225003,2021-11-24,2021-12-03,Delivered
3674,1652,51,Delhivery,DEL879571311,2025-09-02,2025-09-04,In Transit
3675,994,2846,DTDC,DTD328482667,2020-12-03,2020-12-10,Out for Delivery
3676,3405,1960,DTDC,DTD556665399,2023-12-28,2023-12-30,Order Placed
3677,860,2176,India Post,IND972090719,2021-09-17,2021-09-26,In Transit
3678,2457,286,Delhivery,DEL481605387,2025-10-18,2025-10-23,Shipped
3679,1340,963,Shadowfax,SHA628404415,2023-05-10,2023-05-14,Order Placed
3680,4610,3046,Shadowfax,SHA238483951,2020-02-25,2020-03-04,Order Placed
3681,4443,1321,India Post,IND731573328,2025-11-11,2025-11-20,Order Placed
3682,834,2721,FedEx,FED307400503,2024-01-14,2024-01-23,Delivered
3683,2877,4506,FedEx,FED979478960,2020-12-15,2020-12-18,Delayed
3684,3752,4418,FedEx,FED842383791,2021-09-26,2021-10-06,Returned
3685,3355,3623,India Post,IND709839187,2023-08-03,2023-08-11,Shipped
3686,4973,4765,DTDC,DTD378145767,2024-01-23,2024-02-02,In Transit
3687,349,3275,Ecom Express,ECO965252845,2023-02-12,2023-02-16,Delayed
3688,1134,2215,Shadowfax,SHA512657442,2024-03-16,2024-03-24,Delayed
3689,3361,2470,XpressBees,XPR625588544,2020-08-01,2020-08-06,Out for Delivery
3690,4410,4621,Delhivery,DEL716780273,2023-11-21,2023-11-29,Returned
3691,155,708,BlueDart,BLU366240811,2022-12-14,2022-12-23,Shipped
3692,3862,1486,Ecom Express,ECO292857655,2025-03-23,2025-03-24,Out for Delivery
3693,2086,1435,FedEx,FED634102066,2021-01-31,2021-02-10,Shipped
3694,4078,4646,XpressBees,XPR526337042,2022-07-15,2022-07-25,Delayed
3695,1743,908,Ecom Express,ECO795723406,2024-09-18,2024-09-28,In Transit
3696,1581,3334,Ecom Express,ECO342810504,2021-07-21,2021-07-31,Delivered
3697,3349,1232,BlueDart,BLU351182189,2024-08-30,2024-09-06,Out for Delivery
3698,1096,2026,Shadowfax,SHA962762081,2023-12-08,2023-12-15,In Transit
3699,2851,2291,XpressBees,XPR504429718,2024-02-03,2024-02-04,Returned
3700,3702,2767,FedEx,FED832619649,2025-12-31,2026-01-02,Delivered
3701,1,4578,DTDC,DTD858718519,2021-02-15,2021-02-25,Shipped
3702,3899,890,Ecom Express,ECO419708168,2022-03-19,2022-03-28,Delivered
3703,2502,4046,FedEx,FED878149216,2023-08-28,2023-09-06,Order Placed
3704,4103,4667,Shadowfax,SHA888765588,2024-04-05,2024-04-12,In Transit
3705,4011,330,Delhivery,DEL538637166,2020-05-08,2020-05-11,Returned
3706,3035,2070,Shadowfax,SHA248313434,2026-04-26,2026-05-03,Delivered
3707,59,117,XpressBees,XPR296240748,2023-01-31,2023-02-08,Delayed
3708,3034,3596,BlueDart,BLU865242926,2023-07-25,2023-08-04,Delayed
3709,2434,1988,DTDC,DTD853528577,2026-06-09,2026-06-14,In Transit
3710,480,4049,XpressBees,XPR138269956,2020-03-27,2020-04-04,In Transit
3711,818,3003,BlueDart,BLU557586179,2020-09-01,2020-09-10,Out for Delivery
3712,335,2876,Ecom Express,ECO958187965,2022-05-27,2022-06-01,Returned
3713,3472,3696,Shadowfax,SHA716377168,2021-05-21,2021-05-27,In Transit
3714,1347,3404,DTDC,DTD287956526,2023-04-18,2023-04-27,Out for Delivery
3715,4496,4818,Shadowfax,SHA930151209,2025-12-22,2025-12-28,Shipped
3716,2756,2338,Delhivery,DEL920198580,2020-08-17,2020-08-26,Order Placed
3717,4954,2666,FedEx,FED909182118,2024-05-08,2024-05-18,In Transit
3718,1574,1014,Delhivery,DEL297045327,2026-02-15,2026-02-22,Out for Delivery
3719,2775,1477,Shadowfax,SHA469986302,2026-01-26,2026-01-27,Out for Delivery
3720,3964,3575,Ecom Express,ECO982777792,2020-11-09,2020-11-19,Out for Delivery
3721,1430,952,BlueDart,BLU128985882,2025-11-28,2025-12-08,In Transit
3722,309,4052,DTDC,DTD891500146,2023-12-17,2023-12-20,Order Placed
3723,2337,147,DTDC,DTD804690415,2020-01-31,2020-02-02,Returned
3724,2256,279,DTDC,DTD382563492,2024-02-27,2024-03-06,Order Placed
3725,2036,3308,Shadowfax,SHA735741919,2024-04-29,2024-05-05,Shipped
3726,2522,3990,DTDC,DTD356600798,2020-09-26,2020-10-04,Out for Delivery
3727,1049,1743,DTDC,DTD926458254,2023-08-01,2023-08-06,Returned
3728,4225,960,Ecom Express,ECO157705518,2020-05-12,2020-05-14,In Transit
3729,628,483,Delhivery,DEL207297699,2025-01-03,2025-01-07,Delivered
3730,4863,488,Shadowfax,SHA700871539,2020-11-06,2020-11-16,Shipped
3731,2152,3783,BlueDart,BLU643617280,2023-03-11,2023-03-21,In Transit
3732,1068,1550,BlueDart,BLU987314725,2026-07-12,2026-07-21,Order Placed
3733,3317,2061,BlueDart,BLU686787871,2023-01-29,2023-02-08,Out for Delivery
3734,701,1754,BlueDart,BLU439648787,2025-01-02,2025-01-05,In Transit
3735,1532,3647,DTDC,DTD768909148,2026-07-06,2026-07-07,Out for Delivery
3736,3707,445,XpressBees,XPR996888201,2024-04-04,2024-04-09,Shipped
3737,2904,2747,FedEx,FED416734825,2020-09-03,2020-09-09,Returned
3738,3582,2863,XpressBees,XPR611408820,2024-02-19,2024-02-23,Delivered
3739,1203,2735,Ecom Express,ECO596577702,2022-09-01,2022-09-06,Out for Delivery
3740,2731,4034,Ecom Express,ECO637729156,2024-04-17,2024-04-19,In Transit
3741,735,2245,Delhivery,DEL800991518,2023-11-22,2023-12-02,In Transit
3742,2510,3421,BlueDart,BLU168151887,2025-11-24,2025-11-28,Out for Delivery
3743,4350,4493,DTDC,DTD343784184,2024-07-14,2024-07-21,In Transit
3744,4352,2209,India Post,IND613164122,2024-05-22,2024-05-31,Delivered
3745,4636,370,Delhivery,DEL578006821,2022-06-22,2022-07-01,Delayed
3746,783,605,FedEx,FED487687052,2021-10-20,2021-10-26,Order Placed
3747,4763,732,Ecom Express,ECO268848871,2026-07-07,2026-07-08,Shipped
3748,4067,2829,Delhivery,DEL483144435,2021-04-15,2021-04-20,Out for Delivery
3749,1094,2487,FedEx,FED431664189,2020-03-21,2020-03-29,Returned
3750,84,4196,XpressBees,XPR367819204,2024-10-18,2024-10-23,Returned
3751,1601,3242,FedEx,FED204128176,2021-02-04,2021-02-14,Delayed
3752,1837,2402,Delhivery,DEL276515606,2023-10-14,2023-10-16,Out for Delivery
3753,1786,4110,Shadowfax,SHA396321160,2023-08-31,2023-09-08,In Transit
3754,3052,2578,DTDC,DTD176623835,2021-01-12,2021-01-18,Order Placed
3755,4871,1149,DTDC,DTD617290805,2022-09-07,2022-09-10,Delayed
3756,4897,981,BlueDart,BLU539604179,2022-12-20,2022-12-22,Delayed
3757,3580,2430,FedEx,FED879480558,2024-10-02,2024-10-12,In Transit
3758,2210,1163,India Post,IND201394825,2023-12-08,2023-12-13,Delivered
3759,2868,3720,India Post,IND530008159,2021-11-06,2021-11-09,Out for Delivery
3760,4421,3850,Shadowfax,SHA381374437,2025-12-26,2026-01-01,Out for Delivery
3761,2054,4372,XpressBees,XPR523715401,2025-04-29,2025-05-03,In Transit
3762,3846,3076,Shadowfax,SHA640265864,2023-06-21,2023-06-28,Delivered
3763,232,2756,BlueDart,BLU991153686,2026-03-21,2026-03-26,Delivered
3764,3772,2135,Ecom Express,ECO245013502,2025-06-09,2025-06-13,Returned
3765,2182,4092,XpressBees,XPR958223691,2024-10-01,2024-10-07,Order Placed
3766,3377,341,Shadowfax,SHA733466022,2021-07-11,2021-07-19,Shipped
3767,2800,1510,XpressBees,XPR383640015,2021-05-09,2021-05-17,Order Placed
3768,2481,1840,India Post,IND472359506,2025-05-21,2025-05-29,Shipped
3769,2370,769,Ecom Express,ECO185774867,2025-12-19,2025-12-20,Out for Delivery
3770,3499,1632,DTDC,DTD663997343,2024-11-02,2024-11-04,Delivered
3771,565,4258,Shadowfax,SHA148060719,2020-12-30,2021-01-01,Shipped
3772,4075,1162,Ecom Express,ECO295589897,2021-09-29,2021-10-07,Returned
3773,1845,292,Shadowfax,SHA408607947,2020-11-28,2020-11-29,Order Placed
3774,3914,964,XpressBees,XPR565327324,2020-10-03,2020-10-07,Shipped
3775,225,4551,DTDC,DTD390315802,2021-09-28,2021-10-03,In Transit
3776,4801,3523,BlueDart,BLU422655198,2022-06-16,2022-06-21,Delivered
3777,1832,3537,BlueDart,BLU701995507,2021-01-22,2021-01-30,Delayed
3778,2606,4697,DTDC,DTD564747859,2024-10-15,2024-10-18,Delayed
3779,1660,4630,FedEx,FED327376455,2022-12-26,2022-12-28,Shipped
3780,2611,2538,India Post,IND578819440,2025-11-28,2025-11-30,In Transit
3781,1511,1753,DTDC,DTD708562718,2024-07-03,2024-07-06,In Transit
3782,4022,3899,Ecom Express,ECO388844798,2025-07-09,2025-07-12,Out for Delivery
3783,4814,4794,FedEx,FED931309708,2023-02-25,2023-03-02,Delayed
3784,3400,4851,India Post,IND460995578,2024-01-17,2024-01-20,In Transit
3785,2437,4625,Ecom Express,ECO682967706,2022-03-03,2022-03-12,Delivered
3786,4878,3415,FedEx,FED432281987,2022-10-19,2022-10-25,Out for Delivery
3787,4523,4787,Shadowfax,SHA352922089,2023-02-16,2023-02-20,Shipped
3788,902,292,India Post,IND656522333,2022-07-06,2022-07-07,Out for Delivery
3789,2848,789,XpressBees,XPR392662858,2025-02-10,2025-02-14,Shipped
3790,2541,3875,XpressBees,XPR707470876,2022-08-04,2022-08-13,In Transit
3791,4722,96,India Post,IND423678415,2022-04-01,2022-04-04,Order Placed
3792,409,506,Delhivery,DEL239233573,2023-03-04,2023-03-09,Returned
3793,140,4235,XpressBees,XPR708194961,2021-05-29,2021-05-31,Shipped
3794,3465,2322,Shadowfax,SHA117442593,2021-12-01,2021-12-06,Returned
3795,1945,3355,Ecom Express,ECO512367145,2021-03-13,2021-03-14,Order Placed
3796,2072,248,FedEx,FED172755304,2024-09-10,2024-09-15,Shipped
3797,4640,4449,India Post,IND849677246,2026-04-03,2026-04-12,Delivered
3798,4730,4141,Ecom Express,ECO152709080,2020-03-01,2020-03-07,Delayed
3799,3647,2758,Shadowfax,SHA415438738,2024-04-26,2024-05-05,Delivered
3800,226,3276,Delhivery,DEL602546818,2022-11-08,2022-11-15,Returned
3801,723,705,DTDC,DTD577445126,2020-02-14,2020-02-24,Returned
3802,4096,2889,XpressBees,XPR255422310,2022-05-17,2022-05-19,Shipped
3803,4396,287,XpressBees,XPR804326558,2021-09-23,2021-10-02,Delayed
3804,677,3095,DTDC,DTD281048826,2026-07-28,2026-08-06,In Transit
3805,103,3877,Delhivery,DEL456885279,2022-05-26,2022-05-29,Shipped
3806,4826,3520,Shadowfax,SHA355212571,2023-05-02,2023-05-06,Out for Delivery
3807,2301,653,Delhivery,DEL230609536,2025-11-04,2025-11-10,Delivered
3808,2254,143,BlueDart,BLU457823370,2022-09-24,2022-09-29,Out for Delivery
3809,1642,1328,India Post,IND478686440,2020-11-04,2020-11-08,Shipped
3810,2697,867,DTDC,DTD775694745,2025-07-27,2025-08-06,Order Placed
3811,4695,1188,Delhivery,DEL432102101,2025-11-23,2025-11-28,Order Placed
3812,3619,4865,Ecom Express,ECO327019607,2020-07-11,2020-07-20,In Transit
3813,2725,801,XpressBees,XPR816857667,2020-11-04,2020-11-06,In Transit
3814,4817,3596,BlueDart,BLU807714320,2020-06-14,2020-06-24,Shipped
3815,2792,4033,XpressBees,XPR710091627,2022-05-12,2022-05-15,In Transit
3816,3266,36,Shadowfax,SHA183368288,2022-01-04,2022-01-14,Out for Delivery
3817,1274,2885,Delhivery,DEL214994293,2023-11-15,2023-11-21,Shipped
3818,2262,1213,Shadowfax,SHA114430583,2026-04-10,2026-04-18,Order Placed
3819,3498,4566,BlueDart,BLU597039101,2025-10-05,2025-10-08,Returned
3820,530,2588,Ecom Express,ECO332263727,2025-01-02,2025-01-10,Delivered
3821,732,1517,Shadowfax,SHA400776165,2020-07-06,2020-07-15,In Transit
3822,662,1,Shadowfax,SHA268560227,2024-01-05,2024-01-06,In Transit
3823,1022,442,Delhivery,DEL419760347,2024-05-29,2024-05-30,Returned
3824,2573,1649,BlueDart,BLU523630817,2024-08-16,2024-08-20,Delayed
3825,69,4094,Ecom Express,ECO518008419,2024-02-29,2024-03-02,Shipped
3826,2181,2075,Ecom Express,ECO258382005,2023-09-17,2023-09-19,Returned
3827,2955,4279,DTDC,DTD385904955,2022-10-07,2022-10-13,Out for Delivery
3828,3610,1863,India Post,IND329524512,2020-08-09,2020-08-10,Out for Delivery
3829,3739,845,Shadowfax,SHA459401197,2026-05-29,2026-06-06,In Transit
3830,3301,1800,DTDC,DTD421059437,2023-01-14,2023-01-23,Delayed
3831,4095,3390,Shadowfax,SHA387065311,2022-11-06,2022-11-10,Delivered
3832,4669,2452,Delhivery,DEL356988654,2024-02-03,2024-02-12,Returned
3833,3887,811,DTDC,DTD694513006,2024-07-15,2024-07-19,In Transit
3834,1271,1978,XpressBees,XPR335161629,2024-09-24,2024-09-27,In Transit
3835,3112,4813,DTDC,DTD700510260,2023-04-04,2023-04-05,Delayed
3836,2801,2982,Delhivery,DEL929045835,2024-08-06,2024-08-10,In Transit
3837,2486,3262,Ecom Express,ECO322371538,2025-05-17,2025-05-23,Returned
3838,3290,4847,Shadowfax,SHA981263181,2026-02-13,2026-02-23,Shipped
3839,660,1594,BlueDart,BLU220950330,2026-04-02,2026-04-11,Shipped
3840,1627,1632,FedEx,FED914851109,2023-03-06,2023-03-09,Delayed
3841,1901,141,Ecom Express,ECO620137575,2025-06-01,2025-06-04,In Transit
3842,1963,1866,Delhivery,DEL950071668,2024-12-19,2024-12-24,Shipped
3843,3604,1247,XpressBees,XPR713704959,2022-10-12,2022-10-20,Delivered
3844,618,1384,Shadowfax,SHA120512426,2022-09-01,2022-09-08,Delivered
3845,2148,3227,India Post,IND254028914,2022-04-24,2022-04-25,In Transit
3846,1302,2098,DTDC,DTD518610405,2025-11-17,2025-11-25,Shipped
3847,3989,703,FedEx,FED851173799,2025-08-08,2025-08-13,Order Placed
3848,2551,1843,FedEx,FED588586265,2020-12-01,2020-12-06,Returned
3849,2875,3990,Ecom Express,ECO635860370,2021-10-02,2021-10-08,Order Placed
3850,2265,4171,DTDC,DTD237740880,2022-02-27,2022-03-08,Order Placed
3851,84,2276,XpressBees,XPR550751262,2025-08-17,2025-08-22,Delayed
3852,617,4671,BlueDart,BLU163125896,2025-05-15,2025-05-25,Delivered
3853,146,456,Delhivery,DEL440272372,2022-08-02,2022-08-06,Shipped
3854,4781,2470,FedEx,FED683134413,2020-12-04,2020-12-13,Shipped
3855,3184,1755,Ecom Express,ECO485775553,2026-05-10,2026-05-20,In Transit
3856,4882,1132,India Post,IND822697200,2020-03-25,2020-03-27,Delivered
3857,1218,3974,FedEx,FED778023442,2023-07-02,2023-07-03,Order Placed
3858,615,2897,Shadowfax,SHA654589540,2025-02-25,2025-02-28,Out for Delivery
3859,1958,3971,BlueDart,BLU947559248,2020-11-30,2020-12-05,Out for Delivery
3860,380,2580,XpressBees,XPR237486086,2021-03-23,2021-04-01,Order Placed
3861,3668,2648,XpressBees,XPR216053720,2020-08-17,2020-08-20,Shipped
3862,2918,4554,India Post,IND129728684,2024-04-01,2024-04-06,In Transit
3863,1340,374,BlueDart,BLU724761372,2025-10-14,2025-10-22,Delivered
3864,2459,2790,India Post,IND246678836,2021-08-21,2021-08-28,Out for Delivery
3865,2328,3425,Ecom Express,ECO848374791,2021-10-29,2021-11-04,In Transit
3866,2904,900,BlueDart,BLU248506004,2021-03-25,2021-03-29,In Transit
3867,2757,2442,Shadowfax,SHA758585189,2021-06-01,2021-06-04,Returned
3868,3077,1763,DTDC,DTD388968287,2024-08-13,2024-08-21,Order Placed
3869,1931,4671,Ecom Express,ECO544525657,2026-07-02,2026-07-03,Shipped
3870,1801,4057,FedEx,FED265717329,2020-08-26,2020-08-27,Delivered
3871,63,4156,DTDC,DTD970729066,2022-05-30,2022-06-04,Out for Delivery
3872,1279,2743,FedEx,FED688959106,2022-12-20,2022-12-29,Out for Delivery
3873,1370,1903,India Post,IND543639253,2021-04-12,2021-04-20,Shipped
3874,2457,3461,India Post,IND348908308,2025-03-20,2025-03-24,Returned
3875,1570,2285,Ecom Express,ECO930199581,2023-09-29,2023-10-08,Shipped
3876,3672,4777,India Post,IND426677156,2025-07-16,2025-07-21,Returned
3877,426,3753,FedEx,FED267034382,2022-07-18,2022-07-24,Delayed
3878,4713,4406,DTDC,DTD859969763,2023-06-18,2023-06-22,Delayed
3879,1528,1687,Shadowfax,SHA363940443,2026-03-27,2026-04-02,Shipped
3880,572,4925,Ecom Express,ECO408329352,2025-10-02,2025-10-07,Out for Delivery
3881,4695,681,Delhivery,DEL959024233,2026-05-19,2026-05-24,Returned
3882,3889,364,India Post,IND353548603,2022-05-10,2022-05-11,In Transit
3883,4230,2016,XpressBees,XPR885370952,2021-02-11,2021-02-13,Returned
3884,35,473,India Post,IND170485892,2020-05-03,2020-05-13,Returned
3885,3586,898,India Post,IND580422979,2022-08-29,2022-08-30,Delivered
3886,2087,4742,DTDC,DTD855133408,2023-07-08,2023-07-09,Returned
3887,3915,337,Ecom Express,ECO709370383,2022-07-07,2022-07-13,Out for Delivery
3888,4527,1017,XpressBees,XPR103487425,2025-12-13,2025-12-22,Order Placed
3889,1468,4391,Delhivery,DEL220423974,2025-11-03,2025-11-05,Delayed
3890,2540,902,India Post,IND330049700,2022-10-23,2022-10-24,Delayed
3891,3950,2152,Ecom Express,ECO920213081,2023-06-11,2023-06-21,Order Placed
3892,364,1088,Shadowfax,SHA438287296,2020-12-01,2020-12-11,Order Placed
3893,1599,2342,India Post,IND666958186,2021-08-22,2021-08-29,Order Placed
3894,2666,1991,DTDC,DTD957486769,2024-10-07,2024-10-11,Shipped
3895,535,2811,Shadowfax,SHA547765997,2023-01-20,2023-01-27,Out for Delivery
3896,3328,1129,Delhivery,DEL108266909,2021-03-21,2021-03-24,Delayed
3897,985,4549,Delhivery,DEL505719808,2020-04-06,2020-04-07,Shipped
3898,1087,1283,India Post,IND653065114,2026-02-06,2026-02-10,Returned
3899,2565,4203,BlueDart,BLU591497222,2021-04-14,2021-04-22,Out for Delivery
3900,3712,2408,Shadowfax,SHA497468269,2023-08-08,2023-08-16,Shipped
3901,1933,295,DTDC,DTD809897995,2025-02-28,2025-03-01,Out for Delivery
3902,3439,2401,Shadowfax,SHA291400618,2024-05-14,2024-05-19,Delayed
3903,2606,1911,DTDC,DTD739867229,2023-05-06,2023-05-16,Out for Delivery
3904,518,4654,XpressBees,XPR808920201,2021-03-09,2021-03-18,Delayed
3905,4864,3215,XpressBees,XPR531649047,2021-09-29,2021-10-04,Out for Delivery
3906,2140,2354,India Post,IND561396960,2022-12-06,2022-12-16,Out for Delivery
3907,4196,4630,DTDC,DTD927483187,2026-04-13,2026-04-20,Order Placed
3908,2606,3307,BlueDart,BLU552741603,2026-01-17,2026-01-22,Delayed
3909,1197,1367,BlueDart,BLU327221535,2024-01-16,2024-01-26,Delayed
3910,265,2814,Ecom Express,ECO667759111,2020-03-25,2020-03-31,Order Placed
3911,4498,4442,BlueDart,BLU295025325,2022-01-17,2022-01-22,Out for Delivery
3912,3650,4474,Shadowfax,SHA881181040,2023-04-16,2023-04-21,Order Placed
3913,2508,2914,XpressBees,XPR618879046,2023-08-16,2023-08-23,Order Placed
3914,2545,3555,BlueDart,BLU192089688,2022-10-06,2022-10-13,In Transit
3915,883,1446,XpressBees,XPR577207414,2022-06-27,2022-07-06,Returned
3916,4122,696,FedEx,FED100687529,2022-03-03,2022-03-05,In Transit
3917,1702,2305,XpressBees,XPR977200092,2026-04-03,2026-04-12,Out for Delivery
3918,3165,849,Shadowfax,SHA729681581,2022-06-08,2022-06-17,Shipped
3919,1804,3499,India Post,IND731261458,2025-06-07,2025-06-15,Delayed
3920,4732,2305,Ecom Express,ECO714418694,2026-02-04,2026-02-12,In Transit
3921,373,625,Ecom Express,ECO946104762,2021-05-19,2021-05-21,In Transit
3922,2943,1412,Delhivery,DEL555891206,2023-09-10,2023-09-16,In Transit
3923,922,2892,DTDC,DTD272527274,2020-04-18,2020-04-22,Delivered
3924,3371,693,FedEx,FED538017222,2023-04-24,2023-04-26,Shipped
3925,1087,3854,FedEx,FED901165152,2021-05-05,2021-05-08,Out for Delivery
3926,1504,1688,India Post,IND693656391,2025-12-18,2025-12-21,Returned
3927,261,893,Delhivery,DEL133903557,2024-06-01,2024-06-07,Shipped
3928,918,230,India Post,IND261954267,2020-11-04,2020-11-14,Out for Delivery
3929,3558,730,BlueDart,BLU100899633,2024-11-29,2024-12-08,Returned
3930,2368,2555,India Post,IND764327157,2024-01-13,2024-01-23,In Transit
3931,2189,775,Ecom Express,ECO863988283,2025-12-30,2026-01-06,Returned
3932,3915,4276,DTDC,DTD865679192,2024-05-06,2024-05-16,Order Placed
3933,4985,4546,BlueDart,BLU963200137,2026-06-10,2026-06-18,Delayed
3934,968,2753,FedEx,FED291289292,2026-06-30,2026-07-04,Delivered
3935,3626,2278,India Post,IND650485222,2023-08-10,2023-08-14,In Transit
3936,3652,4830,DTDC,DTD145744937,2024-11-03,2024-11-08,Delivered
3937,2957,2986,BlueDart,BLU671183523,2023-02-26,2023-03-01,Order Placed
3938,803,108,India Post,IND384482983,2025-03-20,2025-03-22,Shipped
3939,1874,1306,XpressBees,XPR524878935,2020-10-26,2020-11-05,Delivered
3940,926,2082,DTDC,DTD287401460,2020-07-29,2020-08-08,Returned
3941,4188,3844,India Post,IND422157811,2022-01-29,2022-02-04,Returned
3942,2325,801,XpressBees,XPR519491248,2023-02-02,2023-02-09,In Transit
3943,4163,4526,Shadowfax,SHA203698746,2020-06-18,2020-06-24,Out for Delivery
3944,933,4843,India Post,IND409031507,2023-07-26,2023-07-31,Out for Delivery
3945,4877,3415,DTDC,DTD151119105,2020-09-08,2020-09-11,Delivered
3946,2744,4887,XpressBees,XPR481650432,2026-04-07,2026-04-17,Returned
3947,4409,2405,Shadowfax,SHA106362367,2021-11-09,2021-11-10,Order Placed
3948,2135,4712,DTDC,DTD912500600,2021-03-05,2021-03-07,Out for Delivery
3949,2707,4558,Ecom Express,ECO706318408,2025-05-03,2025-05-08,Delayed
3950,1954,2210,Ecom Express,ECO930126601,2023-07-30,2023-08-09,Delayed
3951,225,3773,Ecom Express,ECO142535261,2023-10-18,2023-10-21,Out for Delivery
3952,1467,1415,BlueDart,BLU272705652,2024-06-30,2024-07-07,Out for Delivery
3953,2500,1377,DTDC,DTD213870368,2026-04-01,2026-04-04,Delayed
3954,341,2495,XpressBees,XPR351743155,2021-08-31,2021-09-09,Order Placed
3955,458,2619,Shadowfax,SHA100178086,2025-08-07,2025-08-09,Out for Delivery
3956,3482,4410,Delhivery,DEL702665638,2023-04-21,2023-04-23,In Transit
3957,4506,215,XpressBees,XPR803959578,2021-05-31,2021-06-02,Returned
3958,91,2205,BlueDart,BLU274950394,2025-07-14,2025-07-22,Order Placed
3959,266,3001,Shadowfax,SHA367953044,2025-02-09,2025-02-16,Returned
3960,3944,3592,Ecom Express,ECO483571923,2024-06-16,2024-06-22,In Transit
3961,2411,1444,India Post,IND596412142,2022-12-28,2023-01-01,Out for Delivery
3962,1494,571,Delhivery,DEL423097051,2020-08-20,2020-08-22,Shipped
3963,2996,353,Delhivery,DEL611969200,2020-06-22,2020-07-02,Out for Delivery
3964,2640,1786,India Post,IND478911640,2021-05-12,2021-05-13,In Transit
3965,2728,4923,FedEx,FED540834752,2023-08-29,2023-09-05,Out for Delivery
3966,13,3897,XpressBees,XPR472447968,2023-06-23,2023-06-28,Order Placed
3967,1820,1932,Shadowfax,SHA517847556,2026-02-02,2026-02-08,Delayed
3968,4358,4274,Shadowfax,SHA503604922,2023-04-25,2023-04-26,Delayed
3969,2615,1944,India Post,IND429628133,2023-02-20,2023-02-21,Delivered
3970,3042,2537,India Post,IND333400489,2024-05-12,2024-05-17,Delivered
3971,1783,3924,India Post,IND543030455,2020-08-25,2020-08-26,Out for Delivery
3972,1432,330,XpressBees,XPR228588851,2023-06-03,2023-06-12,Out for Delivery
3973,1737,1069,BlueDart,BLU223562952,2023-03-17,2023-03-20,Delayed
3974,2485,3118,XpressBees,XPR532661406,2022-08-26,2022-09-02,In Transit
3975,1585,1450,Ecom Express,ECO275363977,2023-07-12,2023-07-13,Order Placed
3976,1157,3408,DTDC,DTD703235691,2023-03-03,2023-03-13,Order Placed
3977,415,1196,Ecom Express,ECO680569083,2023-07-08,2023-07-12,Delivered
3978,3236,3885,XpressBees,XPR207502931,2025-02-17,2025-02-25,Order Placed
3979,4903,4255,India Post,IND940914949,2025-02-16,2025-02-20,Shipped
3980,2547,3923,Shadowfax,SHA744637133,2025-03-03,2025-03-13,Shipped
3981,3325,1171,XpressBees,XPR940780369,2021-12-23,2022-01-01,In Transit
3982,1139,830,XpressBees,XPR651416453,2024-11-10,2024-11-11,Delayed
3983,4157,3650,Shadowfax,SHA925344737,2024-01-21,2024-01-31,Delivered
3984,1678,4837,BlueDart,BLU531892070,2022-06-03,2022-06-12,Out for Delivery
3985,2679,565,Shadowfax,SHA744906343,2024-11-12,2024-11-18,Order Placed
3986,2352,4066,Delhivery,DEL890913991,2025-12-11,2025-12-20,Returned
3987,4779,3895,India Post,IND428345409,2023-11-12,2023-11-13,Shipped
3988,1496,1223,Ecom Express,ECO459186793,2021-08-30,2021-09-01,Returned
3989,1784,47,Delhivery,DEL879100508,2023-04-08,2023-04-11,In Transit
3990,2288,187,Ecom Express,ECO596695575,2020-03-27,2020-03-29,Out for Delivery
3991,1633,2551,Shadowfax,SHA402281810,2025-03-20,2025-03-30,Delivered
3992,2092,4777,Delhivery,DEL838160092,2022-04-01,2022-04-11,Delivered
3993,1430,1158,FedEx,FED790709808,2020-10-24,2020-10-26,Delayed
3994,1748,602,Shadowfax,SHA828895094,2024-12-14,2024-12-15,Order Placed
3995,1353,2367,Delhivery,DEL268776768,2020-06-18,2020-06-22,In Transit
3996,3945,3968,Shadowfax,SHA473141603,2021-07-17,2021-07-19,Returned
3997,616,3678,Ecom Express,ECO654759785,2020-11-04,2020-11-12,Delayed
3998,2729,873,XpressBees,XPR251899095,2026-03-09,2026-03-11,Returned
3999,3158,4349,XpressBees,XPR299524694,2024-03-15,2024-03-17,Order Placed
4000,2394,911,India Post,IND335934503,2022-09-26,2022-09-29,Shipped
4001,4619,1992,DTDC,DTD186511510,2024-12-18,2024-12-22,Delivered
4002,819,4810,Shadowfax,SHA554578352,2024-05-18,2024-05-21,Delayed
4003,4059,1414,DTDC,DTD552255280,2020-06-19,2020-06-27,Order Placed
4004,1234,4569,Shadowfax,SHA526324004,2023-04-07,2023-04-16,Order Placed
4005,2166,2325,Delhivery,DEL359095241,2020-01-09,2020-01-14,Out for Delivery
4006,1208,1300,Ecom Express,ECO126063759,2025-08-20,2025-08-24,Delivered
4007,340,1724,DTDC,DTD593857614,2023-08-23,2023-09-02,In Transit
4008,2923,3501,Ecom Express,ECO998576808,2026-06-02,2026-06-09,Delayed
4009,3698,1384,BlueDart,BLU947985615,2025-04-20,2025-04-21,Delayed
4010,2696,3286,Ecom Express,ECO817319854,2020-04-13,2020-04-22,In Transit
4011,1993,2938,XpressBees,XPR219173309,2020-02-28,2020-03-06,Order Placed
4012,4178,2348,DTDC,DTD213740874,2020-11-24,2020-12-03,Delivered
4013,3460,467,Delhivery,DEL469189697,2022-06-04,2022-06-09,Shipped
4014,2707,3249,FedEx,FED678207972,2020-08-14,2020-08-19,Delayed
4015,565,69,Delhivery,DEL628908399,2025-06-02,2025-06-10,In Transit
4016,4703,3728,India Post,IND199985136,2024-11-20,2024-11-27,Shipped
4017,890,395,XpressBees,XPR922821735,2023-11-20,2023-11-30,In Transit
4018,1112,2015,Delhivery,DEL562206386,2024-03-13,2024-03-16,Shipped
4019,2738,1714,BlueDart,BLU591468655,2023-04-21,2023-05-01,Delivered
4020,3730,4594,XpressBees,XPR309799326,2020-12-22,2020-12-26,Delayed
4021,1702,1632,Shadowfax,SHA312770995,2024-05-04,2024-05-14,In Transit
4022,4495,895,DTDC,DTD519113106,2023-03-02,2023-03-06,In Transit
4023,3812,1934,Ecom Express,ECO575535219,2020-09-26,2020-10-04,Order Placed
4024,3309,2350,BlueDart,BLU180691776,2026-03-20,2026-03-26,Delayed
4025,3542,2660,FedEx,FED385807203,2023-07-06,2023-07-10,Order Placed
4026,4571,2442,India Post,IND500144571,2024-04-18,2024-04-22,Order Placed
4027,2453,1732,BlueDart,BLU290977130,2025-02-16,2025-02-18,Delivered
4028,4155,1074,India Post,IND709161269,2024-11-15,2024-11-17,Out for Delivery
4029,3806,2458,XpressBees,XPR247159090,2023-01-27,2023-02-03,Returned
4030,4201,1332,DTDC,DTD413418364,2023-03-06,2023-03-10,Order Placed
4031,3707,312,India Post,IND351485616,2023-05-12,2023-05-19,Delivered
4032,4585,3898,DTDC,DTD641839722,2021-03-02,2021-03-11,Order Placed
4033,2602,4070,Delhivery,DEL540254823,2020-09-26,2020-10-02,Delivered
4034,3588,1861,Ecom Express,ECO789178773,2021-12-11,2021-12-17,Order Placed
4035,2840,1437,DTDC,DTD161311098,2025-09-17,2025-09-25,Returned
4036,959,4461,Ecom Express,ECO606449722,2021-12-03,2021-12-12,In Transit
4037,317,2572,Ecom Express,ECO685783770,2026-03-25,2026-03-31,In Transit
4038,1196,1033,DTDC,DTD976045564,2020-07-23,2020-08-01,Order Placed
4039,2491,4218,FedEx,FED606050346,2021-08-05,2021-08-13,Shipped
4040,4306,2519,Delhivery,DEL889471734,2024-08-26,2024-08-31,Shipped
4041,4816,2683,Delhivery,DEL387905156,2023-02-24,2023-03-05,Out for Delivery
4042,3672,4462,FedEx,FED404155871,2021-12-14,2021-12-18,Delivered
4043,4826,1383,XpressBees,XPR875729408,2022-03-12,2022-03-15,Delivered
4044,4841,4533,Delhivery,DEL406676238,2025-09-04,2025-09-11,In Transit
4045,2564,388,BlueDart,BLU590454705,2024-08-20,2024-08-21,Shipped
4046,102,1863,DTDC,DTD394148841,2022-03-17,2022-03-23,Order Placed
4047,1937,2754,DTDC,DTD859998707,2023-07-04,2023-07-14,Returned
4048,2072,4031,Shadowfax,SHA382761979,2021-03-27,2021-03-30,Returned
4049,4333,750,India Post,IND462914272,2023-05-01,2023-05-08,Out for Delivery
4050,3183,1149,India Post,IND798657570,2025-03-04,2025-03-14,Delayed
4051,568,1399,Ecom Express,ECO497542529,2023-03-15,2023-03-17,Shipped
4052,2711,1133,Ecom Express,ECO941214926,2020-10-03,2020-10-13,Shipped
4053,2475,4224,India Post,IND409157315,2024-07-20,2024-07-28,Delayed
4054,3577,664,BlueDart,BLU280828164,2022-09-26,2022-10-01,Returned
4055,4551,343,DTDC,DTD197155303,2025-05-14,2025-05-18,Order Placed
4056,3969,2500,Shadowfax,SHA877354181,2025-07-14,2025-07-16,Returned
4057,2401,3970,FedEx,FED383269968,2026-05-29,2026-06-04,Order Placed
4058,3421,1053,Ecom Express,ECO832012200,2025-01-25,2025-02-02,Order Placed
4059,1166,805,India Post,IND426680894,2023-02-02,2023-02-08,Delayed
4060,2453,3111,FedEx,FED943606881,2025-05-28,2025-06-07,Delayed
4061,3375,2879,XpressBees,XPR106206399,2020-12-28,2021-01-06,Out for Delivery
4062,3993,4640,Ecom Express,ECO195034509,2020-08-26,2020-09-05,Shipped
4063,882,2750,BlueDart,BLU412862020,2022-01-01,2022-01-06,Delayed
4064,3714,757,Ecom Express,ECO396689328,2023-09-09,2023-09-16,Order Placed
4065,2488,3069,India Post,IND224413080,2021-12-31,2022-01-06,Order Placed
4066,2414,3402,Delhivery,DEL196211144,2026-04-30,2026-05-01,In Transit
4067,2338,487,Delhivery,DEL109878170,2023-01-19,2023-01-22,Out for Delivery
4068,447,2581,BlueDart,BLU709509022,2020-01-09,2020-01-11,Delivered
4069,1979,2101,India Post,IND575521615,2024-04-28,2024-05-03,Delivered
4070,1934,3687,Shadowfax,SHA672432664,2026-06-21,2026-06-30,Delivered
4071,1779,3320,XpressBees,XPR968311499,2020-04-22,2020-04-25,Delivered
4072,2673,2299,Shadowfax,SHA797768003,2021-02-19,2021-02-23,Shipped
4073,2446,4477,India Post,IND610051262,2020-05-16,2020-05-21,Delivered
4074,4522,1534,India Post,IND401354083,2022-08-07,2022-08-16,In Transit
4075,815,169,Ecom Express,ECO561929575,2023-06-21,2023-06-23,Returned
4076,605,2686,XpressBees,XPR316066673,2024-04-05,2024-04-08,Delivered
4077,1300,2614,Delhivery,DEL249064443,2023-09-27,2023-10-03,Out for Delivery
4078,2279,4742,BlueDart,BLU473106480,2021-09-12,2021-09-15,Order Placed
4079,3264,3642,Ecom Express,ECO940424006,2023-09-24,2023-10-02,Out for Delivery
4080,3898,4710,XpressBees,XPR434915489,2023-07-05,2023-07-13,Returned
4081,4723,570,Shadowfax,SHA835804392,2026-04-19,2026-04-23,Returned
4082,2917,3082,DTDC,DTD525490163,2025-03-03,2025-03-07,In Transit
4083,249,3768,India Post,IND628746148,2025-11-17,2025-11-23,Shipped
4084,483,3313,FedEx,FED737636206,2020-06-20,2020-06-21,Delivered
4085,3277,1172,BlueDart,BLU646975899,2023-06-28,2023-07-06,In Transit
4086,4853,1190,DTDC,DTD874749466,2022-10-30,2022-11-03,In Transit
4087,3820,4226,DTDC,DTD748230944,2020-04-24,2020-05-01,Returned
4088,2023,1402,Delhivery,DEL307633761,2025-03-28,2025-04-04,Shipped
4089,1288,1365,BlueDart,BLU586379118,2024-06-17,2024-06-18,In Transit
4090,4531,1852,Shadowfax,SHA989846721,2026-03-09,2026-03-17,Delayed
4091,1068,3414,Delhivery,DEL398732839,2025-07-26,2025-07-28,Delayed
4092,1757,1520,BlueDart,BLU298204009,2021-02-13,2021-02-17,Shipped
4093,1896,3395,BlueDart,BLU290910127,2020-02-03,2020-02-09,Delivered
4094,4839,2513,FedEx,FED258431502,2022-07-07,2022-07-15,In Transit
4095,2718,4727,India Post,IND221648889,2022-08-27,2022-09-04,Delayed
4096,4799,1969,India Post,IND863146659,2021-09-30,2021-10-02,Delivered
4097,3698,1723,FedEx,FED144637395,2020-01-29,2020-02-04,Delayed
4098,3723,631,Shadowfax,SHA238990543,2024-08-20,2024-08-25,Returned
4099,4717,3127,DTDC,DTD424562442,2026-03-23,2026-03-27,In Transit
4100,4339,2057,DTDC,DTD575155621,2026-04-15,2026-04-18,Delayed
4101,2025,369,BlueDart,BLU877223028,2024-06-14,2024-06-18,Returned
4102,1307,4253,India Post,IND100867990,2026-01-23,2026-01-28,Delivered
4103,2029,429,XpressBees,XPR374492762,2021-05-19,2021-05-23,Delivered
4104,2301,3117,Ecom Express,ECO798942683,2020-11-04,2020-11-13,Delayed
4105,2244,2953,India Post,IND411169670,2022-12-29,2023-01-03,Order Placed
4106,714,890,India Post,IND457926230,2023-11-21,2023-11-28,Shipped
4107,4307,554,India Post,IND253371201,2024-08-28,2024-09-03,Out for Delivery
4108,927,4134,DTDC,DTD765221675,2025-05-30,2025-06-08,Delivered
4109,4551,580,Shadowfax,SHA690651071,2022-02-11,2022-02-14,Order Placed
4110,4311,106,DTDC,DTD931034938,2021-06-11,2021-06-20,Delayed
4111,4637,3942,Shadowfax,SHA171212823,2023-08-04,2023-08-07,Delayed
4112,365,2659,XpressBees,XPR303012006,2020-11-27,2020-11-30,Delivered
4113,2637,1442,India Post,IND893505692,2025-09-16,2025-09-21,Shipped
4114,3488,3685,Shadowfax,SHA437370282,2024-04-25,2024-04-29,Delivered
4115,1942,4312,Ecom Express,ECO776588600,2023-03-14,2023-03-15,In Transit
4116,2287,2689,India Post,IND994161314,2024-07-05,2024-07-12,Returned
4117,15,4727,Shadowfax,SHA215249339,2024-01-08,2024-01-13,In Transit
4118,1834,4708,India Post,IND871750084,2022-04-13,2022-04-23,Delayed
4119,3183,1576,India Post,IND559311407,2022-06-21,2022-06-30,Out for Delivery
4120,539,1558,XpressBees,XPR899100827,2020-02-14,2020-02-24,Delivered
4121,127,952,FedEx,FED913912911,2026-04-30,2026-05-04,In Transit
4122,423,2537,FedEx,FED354279574,2023-03-16,2023-03-23,Order Placed
4123,1740,1599,Delhivery,DEL920819218,2024-06-22,2024-06-30,Order Placed
4124,4356,3023,XpressBees,XPR746341900,2025-12-18,2025-12-20,In Transit
4125,646,4325,Delhivery,DEL646758495,2025-03-30,2025-04-03,In Transit
4126,92,553,Ecom Express,ECO639713694,2021-08-03,2021-08-06,Delayed
4127,2263,2651,XpressBees,XPR266215342,2021-09-30,2021-10-04,Order Placed
4128,4712,1167,Shadowfax,SHA755423980,2022-07-24,2022-07-30,Out for Delivery
4129,3352,634,Shadowfax,SHA527422604,2020-07-01,2020-07-03,Shipped
4130,2206,4575,India Post,IND513766462,2022-01-27,2022-01-28,Delivered
4131,1209,434,FedEx,FED464649390,2022-12-21,2022-12-23,Out for Delivery
4132,4382,2959,Delhivery,DEL822480656,2022-03-06,2022-03-14,Order Placed
4133,4854,1770,XpressBees,XPR586944690,2023-06-01,2023-06-11,Delivered
4134,3450,2154,XpressBees,XPR304169363,2020-04-14,2020-04-16,Returned
4135,3867,3567,FedEx,FED663033893,2024-09-22,2024-09-27,In Transit
4136,2765,1934,FedEx,FED189157616,2022-06-29,2022-07-04,Shipped
4137,4732,3263,Delhivery,DEL372470307,2023-10-01,2023-10-04,Shipped
4138,2955,581,India Post,IND762852826,2025-10-23,2025-10-29,Delayed
4139,3732,755,Ecom Express,ECO715463815,2021-04-28,2021-05-06,Order Placed
4140,719,2733,XpressBees,XPR108317416,2024-10-24,2024-10-27,In Transit
4141,3510,2062,BlueDart,BLU726678528,2026-06-12,2026-06-15,Out for Delivery
4142,4552,2828,DTDC,DTD372895048,2023-12-15,2023-12-23,Shipped
4143,4829,2214,DTDC,DTD648645871,2024-04-03,2024-04-12,Delivered
4144,1336,2499,Ecom Express,ECO784733996,2026-01-05,2026-01-08,Delayed
4145,3447,1323,XpressBees,XPR791954785,2026-07-13,2026-07-22,Order Placed
4146,1830,4642,DTDC,DTD795608826,2020-04-09,2020-04-11,Order Placed
4147,3611,4811,Ecom Express,ECO729279137,2026-06-07,2026-06-10,Returned
4148,275,2384,FedEx,FED249309720,2024-11-21,2024-11-22,Delayed
4149,4778,915,BlueDart,BLU746435632,2021-05-19,2021-05-22,In Transit
4150,2551,4304,Ecom Express,ECO406692704,2020-09-21,2020-09-27,In Transit
4151,2599,4238,Delhivery,DEL669914072,2024-08-01,2024-08-08,In Transit
4152,2904,2052,Shadowfax,SHA574988060,2021-03-29,2021-04-05,Delayed
4153,3373,3440,India Post,IND601764037,2024-05-11,2024-05-17,Delivered
4154,1447,1696,Delhivery,DEL768444645,2022-10-31,2022-11-06,Shipped
4155,3658,436,Ecom Express,ECO931685036,2021-02-22,2021-02-24,Delivered
4156,4070,3373,India Post,IND114980555,2024-01-27,2024-02-02,Returned
4157,1876,3104,BlueDart,BLU257771826,2024-06-15,2024-06-17,In Transit
4158,1695,1003,BlueDart,BLU345266083,2025-11-02,2025-11-06,Order Placed
4159,3118,2006,Shadowfax,SHA639852204,2020-04-13,2020-04-20,Delayed
4160,3605,2147,DTDC,DTD482655327,2022-08-15,2022-08-20,Delivered
4161,2693,4611,FedEx,FED590596634,2021-08-20,2021-08-27,Shipped
4162,2099,1417,DTDC,DTD124807965,2020-10-28,2020-11-01,Delayed
4163,2783,4289,Delhivery,DEL561661569,2024-07-03,2024-07-12,Order Placed
4164,1264,2713,BlueDart,BLU864485739,2024-12-11,2024-12-19,Delayed
4165,659,3359,Shadowfax,SHA153819999,2026-08-08,2026-08-13,Shipped
4166,2842,3776,India Post,IND549658122,2025-03-13,2025-03-14,Delayed
4167,1460,3617,Shadowfax,SHA273054463,2020-01-01,2020-01-03,Returned
4168,2833,2551,XpressBees,XPR649000890,2021-03-23,2021-03-28,Delivered
4169,3538,2744,DTDC,DTD174278611,2025-12-13,2025-12-14,In Transit
4170,2984,4269,XpressBees,XPR164210112,2020-02-08,2020-02-15,Delayed
4171,4573,722,Ecom Express,ECO343234364,2026-02-22,2026-03-03,Shipped
4172,3074,4302,BlueDart,BLU515719658,2026-02-03,2026-02-13,Order Placed
4173,316,4900,Delhivery,DEL464558679,2022-01-17,2022-01-20,Out for Delivery
4174,659,3248,DTDC,DTD491337613,2026-03-17,2026-03-21,Returned
4175,2910,2521,XpressBees,XPR156699844,2025-03-05,2025-03-08,Returned
4176,4601,3956,Delhivery,DEL980842387,2021-08-19,2021-08-28,Delivered
4177,1675,3594,DTDC,DTD982430093,2021-04-19,2021-04-29,Order Placed
4178,762,2143,BlueDart,BLU920359673,2023-08-21,2023-08-30,In Transit
4179,203,3727,BlueDart,BLU933224060,2025-03-20,2025-03-27,Delivered
4180,2025,374,Ecom Express,ECO447272859,2024-11-15,2024-11-17,Delivered
4181,2546,2166,Ecom Express,ECO361959750,2022-10-15,2022-10-17,Out for Delivery
4182,608,538,BlueDart,BLU339346789,2020-04-13,2020-04-16,Delivered
4183,3316,3267,DTDC,DTD261190033,2025-09-23,2025-10-01,Delayed
4184,2086,2397,FedEx,FED631232403,2021-03-10,2021-03-12,In Transit
4185,3046,4099,Shadowfax,SHA998988645,2024-12-30,2024-12-31,Delivered
4186,1533,4336,Delhivery,DEL554278585,2023-06-04,2023-06-11,Out for Delivery
4187,3397,2925,Ecom Express,ECO416808511,2021-02-08,2021-02-13,Delayed
4188,1781,3519,Ecom Express,ECO173507397,2024-11-12,2024-11-14,Shipped
4189,1367,2672,Delhivery,DEL357485613,2020-04-24,2020-05-03,Shipped
4190,2929,512,DTDC,DTD705924818,2020-01-09,2020-01-16,Out for Delivery
4191,2485,2144,BlueDart,BLU873277626,2022-04-18,2022-04-19,Delayed
4192,4569,3405,Delhivery,DEL206567186,2025-09-22,2025-09-28,Delayed
4193,2627,4914,Shadowfax,SHA832484201,2024-07-03,2024-07-06,Returned
4194,712,2077,FedEx,FED316706453,2026-08-09,2026-08-13,Returned
4195,2671,222,XpressBees,XPR123079604,2025-11-21,2025-11-22,Delayed
4196,2144,4708,DTDC,DTD195446627,2021-04-21,2021-04-27,Out for Delivery
4197,440,3794,Delhivery,DEL537351681,2020-09-19,2020-09-20,Shipped
4198,699,1457,Delhivery,DEL672161343,2025-04-09,2025-04-16,Order Placed
4199,1853,2269,BlueDart,BLU822826487,2023-09-19,2023-09-28,Shipped
4200,483,4032,Ecom Express,ECO203496045,2022-12-03,2022-12-05,Delivered
4201,4939,4746,Ecom Express,ECO110796245,2023-10-16,2023-10-23,Delivered
4202,2214,4069,XpressBees,XPR636080653,2020-09-01,2020-09-09,Out for Delivery
4203,4255,3191,BlueDart,BLU859993646,2022-01-13,2022-01-22,Shipped
4204,2754,118,India Post,IND600571508,2023-11-25,2023-11-27,Delayed
4205,1871,4177,India Post,IND978407861,2022-02-11,2022-02-13,Delivered
4206,2663,3250,BlueDart,BLU283148925,2023-04-22,2023-04-26,Returned
4207,1763,2357,Delhivery,DEL247931953,2024-07-10,2024-07-19,Shipped
4208,2624,1130,XpressBees,XPR947416852,2024-03-06,2024-03-11,Delayed
4209,3149,2894,XpressBees,XPR188439706,2024-03-20,2024-03-22,Shipped
4210,3885,2431,DTDC,DTD900136155,2025-11-01,2025-11-10,In Transit
4211,2131,2019,DTDC,DTD229851307,2024-02-09,2024-02-14,In Transit
4212,3489,4887,India Post,IND274693497,2021-11-11,2021-11-17,Order Placed
4213,4183,3263,India Post,IND114527153,2020-08-30,2020-09-05,Out for Delivery
4214,416,4707,XpressBees,XPR410413082,2020-04-11,2020-04-20,Returned
4215,4522,4289,XpressBees,XPR695670092,2021-05-11,2021-05-18,In Transit
4216,974,1337,India Post,IND117082999,2021-06-21,2021-06-27,Delivered
4217,4296,2577,DTDC,DTD814542522,2024-11-24,2024-11-30,Delivered
4218,2833,2317,Shadowfax,SHA954136479,2023-10-25,2023-10-29,Returned
4219,3962,1848,Ecom Express,ECO396538359,2021-04-30,2021-05-07,Delayed
4220,2445,4001,DTDC,DTD906111428,2025-02-09,2025-02-11,In Transit
4221,3982,1872,India Post,IND870394787,2023-11-29,2023-12-02,In Transit
4222,3948,3959,Ecom Express,ECO464288978,2023-03-05,2023-03-14,Delivered
4223,4244,399,BlueDart,BLU222780184,2020-12-26,2021-01-02,Out for Delivery
4224,3976,2890,XpressBees,XPR168551721,2020-11-14,2020-11-20,Returned
4225,1597,4810,Delhivery,DEL348714323,2024-06-23,2024-06-25,Order Placed
4226,1847,4333,Shadowfax,SHA720379683,2024-03-07,2024-03-15,Shipped
4227,1448,472,XpressBees,XPR462762444,2022-05-20,2022-05-22,Shipped
4228,2335,4258,India Post,IND359006222,2021-10-08,2021-10-16,Delivered
4229,3446,2712,BlueDart,BLU934589576,2024-02-29,2024-03-02,Out for Delivery
4230,3953,3214,FedEx,FED402609665,2025-12-05,2025-12-06,Delivered
4231,4823,1754,India Post,IND755350863,2021-02-03,2021-02-10,Order Placed
4232,4007,4685,Shadowfax,SHA740976261,2024-09-07,2024-09-17,Delivered
4233,1083,2865,Delhivery,DEL838437800,2024-07-28,2024-07-30,Out for Delivery
4234,2300,3188,BlueDart,BLU161050934,2025-07-31,2025-08-07,In Transit
4235,38,1945,Ecom Express,ECO695604314,2021-06-12,2021-06-20,Order Placed
4236,1670,4749,India Post,IND123357478,2025-08-15,2025-08-19,Returned
4237,4537,249,Shadowfax,SHA503300874,2022-02-09,2022-02-14,Delayed
4238,354,4155,Shadowfax,SHA760381803,2022-07-01,2022-07-08,Delivered
4239,3008,1458,Delhivery,DEL468861564,2020-06-01,2020-06-11,Order Placed
4240,2511,3850,DTDC,DTD936055720,2024-06-10,2024-06-20,Out for Delivery
4241,3985,3290,BlueDart,BLU176942142,2022-08-13,2022-08-15,Delivered
4242,2339,1215,Delhivery,DEL779647770,2020-08-14,2020-08-16,Returned
4243,3109,1371,Ecom Express,ECO891133896,2023-02-22,2023-02-27,Order Placed
4244,3143,3989,XpressBees,XPR700765882,2024-05-09,2024-05-19,Order Placed
4245,3704,4969,XpressBees,XPR666262146,2025-06-25,2025-07-03,Shipped
4246,947,2698,BlueDart,BLU447003736,2022-12-03,2022-12-12,Delivered
4247,2552,2017,Shadowfax,SHA395969316,2025-12-11,2025-12-14,Returned
4248,2592,1864,Ecom Express,ECO979435513,2024-07-11,2024-07-19,Returned
4249,478,3507,FedEx,FED252082711,2020-10-07,2020-10-08,Delayed
4250,1823,2139,Ecom Express,ECO585065010,2024-01-30,2024-02-06,Delayed
4251,1622,4871,FedEx,FED170823904,2024-08-16,2024-08-17,In Transit
4252,4560,988,Ecom Express,ECO350272245,2021-12-01,2021-12-07,Shipped
4253,3369,4892,FedEx,FED827889288,2022-10-13,2022-10-16,Order Placed
4254,518,4688,India Post,IND916764325,2025-04-18,2025-04-23,In Transit
4255,2371,813,XpressBees,XPR900869563,2022-06-23,2022-06-28,In Transit
4256,2551,2162,Delhivery,DEL639254528,2020-11-18,2020-11-23,Out for Delivery
4257,3663,4581,Ecom Express,ECO956349567,2020-09-05,2020-09-11,Shipped
4258,290,193,Delhivery,DEL918271725,2023-04-24,2023-05-04,Delayed
4259,979,2662,Shadowfax,SHA522394874,2024-12-14,2024-12-24,Shipped
4260,3255,1934,Ecom Express,ECO176891474,2022-12-31,2023-01-06,Order Placed
4261,4117,4481,India Post,IND676524358,2022-01-24,2022-01-30,Returned
4262,3588,4257,Shadowfax,SHA122999173,2021-10-17,2021-10-20,Delayed
4263,346,2022,Delhivery,DEL954191614,2025-06-14,2025-06-16,In Transit
4264,173,973,India Post,IND361207646,2025-05-24,2025-05-27,Returned
4265,1107,352,XpressBees,XPR405762911,2023-03-02,2023-03-06,Delayed
4266,4602,4300,BlueDart,BLU563260150,2021-05-30,2021-06-07,Returned
4267,442,2808,FedEx,FED501299292,2025-12-07,2025-12-13,Order Placed
4268,2862,2066,FedEx,FED234165481,2025-01-15,2025-01-16,Delayed
4269,2370,4586,Delhivery,DEL462381571,2022-02-27,2022-03-05,Returned
4270,3743,3381,FedEx,FED580192235,2025-09-08,2025-09-18,Out for Delivery
4271,2894,2914,India Post,IND390505277,2026-05-04,2026-05-08,In Transit
4272,1482,4929,Ecom Express,ECO670351404,2025-07-20,2025-07-27,In Transit
4273,1685,1363,Delhivery,DEL312324271,2022-03-22,2022-04-01,Order Placed
4274,2660,3999,DTDC,DTD577711732,2023-06-10,2023-06-14,Delivered
4275,2118,3140,DTDC,DTD187392438,2026-01-17,2026-01-22,Delivered
4276,1096,4963,BlueDart,BLU399842148,2022-10-24,2022-10-29,Out for Delivery
4277,3936,1364,Shadowfax,SHA842388584,2021-10-19,2021-10-26,Returned
4278,4264,1019,BlueDart,BLU850997947,2023-09-17,2023-09-18,Shipped
4279,2135,2474,India Post,IND679961312,2024-11-20,2024-11-22,In Transit
4280,2944,3183,India Post,IND710325512,2024-10-29,2024-10-30,In Transit
4281,4375,2640,BlueDart,BLU742741905,2022-09-22,2022-09-27,Shipped
4282,4279,1873,India Post,IND971742666,2026-02-21,2026-02-27,Delivered
4283,4983,694,BlueDart,BLU103693634,2020-08-01,2020-08-11,Shipped
4284,1857,4732,Ecom Express,ECO599542499,2024-01-03,2024-01-06,Shipped
4285,2027,3724,BlueDart,BLU104714147,2021-05-23,2021-06-02,Returned
4286,657,4923,FedEx,FED877900217,2020-01-07,2020-01-16,In Transit
4287,3308,503,Ecom Express,ECO939270423,2026-03-29,2026-03-30,Out for Delivery
4288,177,278,Ecom Express,ECO118141107,2021-12-22,2021-12-28,Order Placed
4289,3686,1758,Shadowfax,SHA401883331,2024-08-07,2024-08-12,Delayed
4290,1347,495,India Post,IND926503523,2022-11-06,2022-11-15,Returned
4291,2346,4669,XpressBees,XPR475803630,2021-09-01,2021-09-11,Returned
4292,1586,383,XpressBees,XPR734846568,2024-08-12,2024-08-15,Shipped
4293,953,3026,DTDC,DTD421377022,2020-05-15,2020-05-21,Delivered
4294,4075,2525,Shadowfax,SHA107258252,2023-10-17,2023-10-18,Order Placed
4295,687,993,Delhivery,DEL232979862,2023-12-27,2024-01-05,Order Placed
4296,2526,2715,Delhivery,DEL757980945,2022-11-23,2022-11-27,Out for Delivery
4297,503,2217,Ecom Express,ECO978505443,2021-02-26,2021-02-28,In Transit
4298,4389,1937,Ecom Express,ECO977169931,2020-07-28,2020-08-02,Delayed
4299,383,3393,Delhivery,DEL364851436,2022-08-27,2022-09-03,Out for Delivery
4300,1228,1274,FedEx,FED209754350,2024-07-31,2024-08-02,Returned
4301,3301,1413,Delhivery,DEL937661807,2023-06-12,2023-06-20,Returned
4302,3878,2654,India Post,IND162131804,2025-05-17,2025-05-23,Shipped
4303,4646,3048,Ecom Express,ECO548318742,2022-07-04,2022-07-13,In Transit
4304,3045,1313,XpressBees,XPR727933526,2020-04-21,2020-04-29,Shipped
4305,3542,3736,Shadowfax,SHA128962670,2024-03-18,2024-03-21,Shipped
4306,108,1440,Ecom Express,ECO470124212,2025-11-10,2025-11-20,Order Placed
4307,222,2600,FedEx,FED436590952,2024-06-14,2024-06-18,Order Placed
4308,2028,457,India Post,IND198282725,2026-07-21,2026-07-26,Out for Delivery
4309,119,3044,Ecom Express,ECO825894675,2026-02-11,2026-02-20,In Transit
4310,3452,1137,Shadowfax,SHA874994580,2020-10-02,2020-10-10,Returned
4311,1787,4126,DTDC,DTD726267923,2026-07-09,2026-07-16,Delayed
4312,2098,4529,FedEx,FED914088061,2026-06-03,2026-06-10,Shipped
4313,4619,2989,DTDC,DTD230044772,2024-05-18,2024-05-22,Returned
4314,2784,1295,DTDC,DTD549978657,2023-02-20,2023-02-24,Out for Delivery
4315,252,4726,India Post,IND179562447,2022-04-07,2022-04-08,Returned
4316,2739,1561,India Post,IND781721075,2022-02-11,2022-02-12,Delayed
4317,1564,3436,India Post,IND469141837,2026-06-11,2026-06-19,Shipped
4318,4279,1721,India Post,IND986950779,2025-05-26,2025-05-29,Delivered
4319,2067,3811,Delhivery,DEL266527281,2021-05-25,2021-05-27,Out for Delivery
4320,3256,2861,XpressBees,XPR183726402,2021-08-27,2021-09-03,Returned
4321,4394,311,FedEx,FED498037244,2024-08-17,2024-08-23,In Transit
4322,1898,4742,FedEx,FED190739001,2020-11-09,2020-11-13,In Transit
4323,2701,4805,Shadowfax,SHA619348076,2022-08-24,2022-08-31,Delayed
4324,3173,4939,XpressBees,XPR758832402,2025-02-18,2025-02-21,Shipped
4325,1273,4486,XpressBees,XPR287743620,2020-12-19,2020-12-20,Returned
4326,501,3966,Delhivery,DEL948594735,2021-09-18,2021-09-27,Delivered
4327,4063,293,Delhivery,DEL149688696,2020-05-06,2020-05-13,Delayed
4328,3448,1935,Ecom Express,ECO841982853,2020-04-14,2020-04-23,In Transit
4329,1985,427,India Post,IND108353351,2022-10-02,2022-10-09,Delivered
4330,170,3121,FedEx,FED743501992,2024-03-22,2024-04-01,Delivered
4331,748,2980,Delhivery,DEL284386666,2023-04-27,2023-05-01,In Transit
4332,3035,1241,BlueDart,BLU687184615,2023-02-04,2023-02-12,Returned
4333,3898,3864,Delhivery,DEL771168089,2023-12-28,2023-12-30,Delivered
4334,1671,3682,Shadowfax,SHA664626687,2020-10-28,2020-11-06,Returned
4335,4207,1623,XpressBees,XPR768709560,2026-01-29,2026-01-30,Shipped
4336,677,4231,XpressBees,XPR139901071,2023-01-09,2023-01-17,In Transit
4337,4114,3277,Ecom Express,ECO993170330,2023-06-26,2023-06-30,Delivered
4338,2019,3995,FedEx,FED556435439,2025-08-24,2025-08-31,Shipped
4339,872,3489,XpressBees,XPR708547047,2022-12-02,2022-12-11,Delivered
4340,4322,1972,XpressBees,XPR509037277,2024-09-27,2024-10-05,Shipped
4341,1195,2650,FedEx,FED775530911,2026-03-11,2026-03-16,Delayed
4342,4433,561,Delhivery,DEL437761469,2020-12-27,2021-01-04,Out for Delivery
4343,3291,393,BlueDart,BLU975072277,2025-12-06,2025-12-11,Delayed
4344,3510,1778,BlueDart,BLU476548804,2026-04-14,2026-04-20,Returned
4345,1746,926,Delhivery,DEL488551579,2024-11-23,2024-11-27,Delayed
4346,3651,4688,India Post,IND712322045,2025-08-03,2025-08-08,In Transit
4347,507,1483,XpressBees,XPR609461022,2024-01-15,2024-01-19,Delivered
4348,3504,2801,DTDC,DTD666577264,2020-03-01,2020-03-07,Shipped
4349,2787,543,FedEx,FED690877622,2023-07-19,2023-07-24,Delayed
4350,2776,609,India Post,IND209382221,2024-04-29,2024-05-06,Order Placed
4351,1525,4925,BlueDart,BLU159956707,2021-06-02,2021-06-08,Returned
4352,3297,2922,Ecom Express,ECO941691778,2020-05-11,2020-05-12,In Transit
4353,4710,4558,Ecom Express,ECO915505080,2022-08-28,2022-09-01,Out for Delivery
4354,701,1807,India Post,IND281813315,2026-02-10,2026-02-15,In Transit
4355,2838,2014,Delhivery,DEL809405908,2023-09-12,2023-09-17,Delayed
4356,3416,3974,XpressBees,XPR522707637,2024-05-14,2024-05-22,Shipped
4357,763,4390,XpressBees,XPR480955131,2024-02-08,2024-02-09,Delayed
4358,1674,4250,DTDC,DTD280891048,2021-10-05,2021-10-15,Shipped
4359,3479,3522,Delhivery,DEL581613358,2022-07-29,2022-08-01,Order Placed
4360,1316,2180,Shadowfax,SHA220821152,2022-12-31,2023-01-10,Delivered
4361,3347,2116,Shadowfax,SHA830565397,2021-08-31,2021-09-10,Order Placed
4362,3094,2711,Delhivery,DEL564227259,2023-08-28,2023-09-05,Returned
4363,2633,2486,DTDC,DTD322056129,2022-09-18,2022-09-23,Order Placed
4364,3808,2358,Shadowfax,SHA833349459,2021-06-21,2021-06-27,Delivered
4365,3444,4424,Ecom Express,ECO557161570,2022-01-11,2022-01-12,Order Placed
4366,3733,4530,Shadowfax,SHA809319489,2025-06-07,2025-06-10,Order Placed
4367,4704,552,India Post,IND736488298,2024-12-22,2024-12-27,Delayed
4368,4479,922,Delhivery,DEL956008153,2023-12-18,2023-12-20,Out for Delivery
4369,327,4384,Ecom Express,ECO423497522,2021-05-19,2021-05-24,Returned
4370,494,10,FedEx,FED302402482,2024-02-06,2024-02-16,Delivered
4371,4343,2458,Shadowfax,SHA975860926,2024-01-05,2024-01-07,Shipped
4372,1171,4503,DTDC,DTD657634858,2020-08-22,2020-08-25,Order Placed
4373,4731,4586,Ecom Express,ECO706827612,2020-04-16,2020-04-25,Delivered
4374,868,4665,India Post,IND557936045,2026-06-13,2026-06-16,Out for Delivery
4375,554,3673,FedEx,FED371109566,2022-01-11,2022-01-17,In Transit
4376,4771,226,Shadowfax,SHA377765475,2020-05-28,2020-06-01,Returned
4377,2625,2396,India Post,IND379251894,2026-01-01,2026-01-04,Delayed
4378,4860,1389,Ecom Express,ECO432925121,2025-07-02,2025-07-03,Out for Delivery
4379,3380,2093,India Post,IND879418853,2020-12-15,2020-12-20,Delivered
4380,260,4119,Shadowfax,SHA394977108,2022-06-02,2022-06-11,Shipped
4381,522,3591,India Post,IND299886321,2021-09-13,2021-09-19,Returned
4382,946,3217,FedEx,FED825833639,2024-03-13,2024-03-19,Shipped
4383,1856,437,India Post,IND428010027,2022-01-25,2022-02-03,Delivered
4384,4415,2661,Delhivery,DEL473745031,2026-03-11,2026-03-12,Delayed
4385,3269,4557,Shadowfax,SHA727665063,2025-12-23,2025-12-29,Delivered
4386,823,4848,BlueDart,BLU607098470,2026-01-27,2026-01-29,Order Placed
4387,3868,3301,XpressBees,XPR461934297,2025-08-28,2025-09-01,Shipped
4388,4597,4341,Delhivery,DEL757938366,2026-03-05,2026-03-08,Returned
4389,1636,1382,DTDC,DTD465038075,2020-05-30,2020-06-05,Delayed
4390,2487,1460,India Post,IND443422976,2025-08-24,2025-08-27,Returned
4391,3315,1016,BlueDart,BLU204226810,2025-11-12,2025-11-13,Out for Delivery
4392,1467,3642,Delhivery,DEL206391021,2021-10-12,2021-10-15,Shipped
4393,436,4914,India Post,IND753548369,2023-03-24,2023-04-03,Returned
4394,1685,1316,Delhivery,DEL840571631,2022-09-16,2022-09-17,Delayed
4395,1552,4141,DTDC,DTD176288529,2023-04-04,2023-04-09,Delivered
4396,1273,3558,Shadowfax,SHA164650780,2025-10-11,2025-10-14,Out for Delivery
4397,2739,2567,DTDC,DTD697103704,2023-08-05,2023-08-11,Delivered
4398,3694,1452,Ecom Express,ECO229121065,2020-07-25,2020-08-04,Delivered
4399,2910,1892,Delhivery,DEL621853966,2025-01-09,2025-01-19,Out for Delivery
4400,775,4591,BlueDart,BLU683608711,2021-02-09,2021-02-12,Delayed
4401,379,4573,DTDC,DTD784601429,2021-05-19,2021-05-25,Order Placed
4402,944,3097,Shadowfax,SHA444764651,2022-06-27,2022-07-03,Shipped
4403,2558,4865,Shadowfax,SHA545374575,2026-04-30,2026-05-03,Delivered
4404,1701,1120,DTDC,DTD978786563,2020-12-20,2020-12-25,Delayed
4405,350,243,Ecom Express,ECO852616747,2020-06-06,2020-06-11,Order Placed
4406,3282,216,India Post,IND904281091,2024-09-22,2024-09-27,Shipped
4407,3096,735,India Post,IND591140115,2024-11-17,2024-11-23,Order Placed
4408,2056,1621,BlueDart,BLU315196068,2022-10-22,2022-10-27,In Transit
4409,2668,84,XpressBees,XPR850221631,2021-06-11,2021-06-18,Returned
4410,3940,2270,Ecom Express,ECO740673806,2024-06-11,2024-06-20,Delayed
4411,3435,628,XpressBees,XPR757112903,2026-06-05,2026-06-15,Out for Delivery
4412,717,698,BlueDart,BLU234600362,2021-12-07,2021-12-15,Shipped
4413,982,3251,FedEx,FED403840820,2023-11-11,2023-11-13,Delivered
4414,4200,3255,India Post,IND545078959,2020-04-04,2020-04-11,Delayed
4415,3128,3401,BlueDart,BLU934658535,2023-12-22,2023-12-25,Delivered
4416,2844,2509,DTDC,DTD823595736,2020-11-19,2020-11-28,Shipped
4417,1067,1620,Ecom Express,ECO937906114,2023-06-15,2023-06-21,Out for Delivery
4418,1200,1352,Ecom Express,ECO513272974,2024-03-14,2024-03-17,Shipped
4419,4216,1269,Shadowfax,SHA148710721,2022-05-05,2022-05-10,Order Placed
4420,1236,676,FedEx,FED535620523,2024-03-12,2024-03-14,Order Placed
4421,684,52,India Post,IND402826234,2021-06-26,2021-07-03,Delivered
4422,3777,4463,Delhivery,DEL473036999,2022-12-28,2023-01-03,Delayed
4423,76,970,DTDC,DTD199687556,2023-06-17,2023-06-18,Out for Delivery
4424,1382,863,DTDC,DTD893955326,2022-08-01,2022-08-05,Shipped
4425,2950,145,Ecom Express,ECO329733790,2026-06-07,2026-06-09,Returned
4426,1112,2467,Shadowfax,SHA877662118,2025-08-29,2025-08-31,In Transit
4427,2155,2365,Delhivery,DEL935009623,2024-05-20,2024-05-30,Delivered
4428,2380,2891,Delhivery,DEL896550762,2023-06-28,2023-06-29,Out for Delivery
4429,9,879,DTDC,DTD927695205,2025-12-29,2026-01-03,Returned
4430,3233,4047,India Post,IND626020197,2023-03-13,2023-03-15,Out for Delivery
4431,1794,1409,BlueDart,BLU693840649,2026-07-31,2026-08-10,Delayed
4432,3232,714,XpressBees,XPR169117349,2022-06-01,2022-06-05,Out for Delivery
4433,4521,1194,BlueDart,BLU248280978,2021-08-17,2021-08-18,Shipped
4434,2354,3447,Delhivery,DEL470797588,2023-11-29,2023-12-09,Shipped
4435,302,2774,XpressBees,XPR594883355,2020-09-15,2020-09-18,Out for Delivery
4436,1154,1197,Delhivery,DEL472593679,2021-06-27,2021-06-28,Order Placed
4437,2935,63,Ecom Express,ECO573168342,2024-12-05,2024-12-06,Shipped
4438,3557,2091,BlueDart,BLU339785630,2022-04-09,2022-04-12,Out for Delivery
4439,2144,4986,XpressBees,XPR870712028,2025-06-23,2025-06-28,In Transit
4440,2356,1034,Shadowfax,SHA464177890,2023-11-02,2023-11-12,Out for Delivery
4441,1800,4612,Delhivery,DEL317643257,2022-04-15,2022-04-16,Delayed
4442,3762,2673,Shadowfax,SHA588461739,2022-11-06,2022-11-10,Returned
4443,415,1063,FedEx,FED646401804,2021-03-06,2021-03-12,In Transit
4444,4804,442,XpressBees,XPR469391225,2024-09-17,2024-09-21,Shipped
4445,1499,2759,DTDC,DTD231792606,2020-01-29,2020-02-08,Delayed
4446,3235,3209,BlueDart,BLU545323783,2025-04-03,2025-04-08,Returned
4447,2915,2946,India Post,IND100934537,2025-08-20,2025-08-24,In Transit
4448,1847,4985,Delhivery,DEL904617389,2022-12-20,2022-12-24,Returned
4449,561,3376,DTDC,DTD602740358,2021-03-04,2021-03-11,Returned
4450,1032,3102,Ecom Express,ECO534630234,2024-05-30,2024-06-09,Shipped
4451,2242,1399,India Post,IND824299701,2024-12-28,2025-01-01,Delivered
4452,138,1456,BlueDart,BLU837684130,2026-03-26,2026-04-03,Order Placed
4453,4741,1246,India Post,IND710016370,2025-08-14,2025-08-21,Delayed
4454,1211,2390,Ecom Express,ECO594993793,2025-12-18,2025-12-23,In Transit
4455,959,1146,India Post,IND649982804,2024-11-05,2024-11-13,Returned
4456,965,3116,Ecom Express,ECO417992097,2022-08-23,2022-08-31,Delivered
4457,300,4910,XpressBees,XPR411362090,2025-03-14,2025-03-17,Delayed
4458,4011,2621,DTDC,DTD709180089,2021-03-21,2021-03-31,Out for Delivery
4459,4878,174,Delhivery,DEL780138578,2024-12-18,2024-12-24,Shipped
4460,2891,2362,FedEx,FED518125932,2022-10-29,2022-11-02,Returned
4461,1587,3133,XpressBees,XPR139719705,2021-01-01,2021-01-06,Delayed
4462,1310,1267,Delhivery,DEL888779347,2020-06-26,2020-06-27,Out for Delivery
4463,2289,725,DTDC,DTD692228435,2021-11-06,2021-11-07,In Transit
4464,1388,2105,India Post,IND464216059,2024-01-28,2024-02-04,Delivered
4465,135,3667,DTDC,DTD896566696,2022-10-18,2022-10-26,Order Placed
4466,3122,4369,BlueDart,BLU688835509,2022-12-07,2022-12-12,Returned
4467,1668,3284,FedEx,FED891193190,2024-10-16,2024-10-21,Delivered
4468,4812,3936,Shadowfax,SHA915503322,2024-09-18,2024-09-24,In Transit
4469,856,634,XpressBees,XPR780482837,2024-04-17,2024-04-21,Out for Delivery
4470,3487,304,India Post,IND492231787,2020-06-14,2020-06-21,In Transit
4471,2855,3149,DTDC,DTD487758517,2021-05-16,2021-05-24,Shipped
4472,1759,4763,Ecom Express,ECO776738894,2022-05-04,2022-05-08,In Transit
4473,4881,2539,FedEx,FED365033293,2020-09-18,2020-09-23,In Transit
4474,2213,4337,DTDC,DTD561366636,2020-06-21,2020-06-27,In Transit
4475,3124,4781,Delhivery,DEL815758700,2026-07-11,2026-07-19,Delayed
4476,4288,3929,India Post,IND752237508,2023-03-22,2023-03-28,Delivered
4477,3745,4178,FedEx,FED129330463,2022-12-10,2022-12-18,Returned
4478,3806,3707,India Post,IND250556852,2023-12-15,2023-12-19,Out for Delivery
4479,1573,4323,Shadowfax,SHA243401714,2022-06-04,2022-06-06,Delayed
4480,2061,1187,Ecom Express,ECO426556705,2025-10-14,2025-10-19,Shipped
4481,3063,998,Shadowfax,SHA249318247,2021-08-11,2021-08-17,In Transit
4482,3126,4452,XpressBees,XPR408852953,2021-04-15,2021-04-25,Delivered
4483,4966,2935,India Post,IND568194185,2022-07-16,2022-07-19,Returned
4484,1015,4991,XpressBees,XPR856331037,2024-10-21,2024-10-28,Order Placed
4485,3523,2014,DTDC,DTD957037594,2024-08-11,2024-08-15,Out for Delivery
4486,3152,1593,BlueDart,BLU625615796,2024-06-21,2024-06-28,In Transit
4487,899,3594,BlueDart,BLU200743514,2022-01-23,2022-01-24,Returned
4488,4148,395,Delhivery,DEL763585296,2021-05-16,2021-05-20,Out for Delivery
4489,3822,22,India Post,IND921891554,2024-10-18,2024-10-19,Delivered
4490,4915,3618,Ecom Express,ECO484591581,2026-04-26,2026-05-05,Returned
4491,2107,4248,Shadowfax,SHA957335046,2024-04-22,2024-05-01,Shipped
4492,2811,295,FedEx,FED743788490,2025-07-03,2025-07-06,Out for Delivery
4493,4029,1207,XpressBees,XPR207506484,2020-10-08,2020-10-17,Delivered
4494,3356,3364,BlueDart,BLU975052816,2024-11-28,2024-12-08,Delivered
4495,810,3356,XpressBees,XPR697228728,2024-05-19,2024-05-27,Out for Delivery
4496,1472,4996,Ecom Express,ECO789333366,2022-08-15,2022-08-23,Order Placed
4497,4175,1594,Ecom Express,ECO995717005,2024-10-18,2024-10-19,Returned
4498,3064,3628,Ecom Express,ECO990495701,2025-09-08,2025-09-16,Out for Delivery
4499,3556,436,Shadowfax,SHA739100701,2025-04-24,2025-04-27,Returned
4500,3592,1788,India Post,IND106558817,2022-07-11,2022-07-15,Shipped
4501,3286,3007,FedEx,FED374070308,2021-06-07,2021-06-11,Delivered
4502,884,4088,India Post,IND928416593,2022-11-22,2022-11-28,Delivered
4503,3836,3858,Shadowfax,SHA653565154,2025-08-16,2025-08-17,In Transit
4504,3563,2115,Ecom Express,ECO172935495,2025-11-08,2025-11-11,Delivered
4505,2156,17,Delhivery,DEL229976389,2023-02-13,2023-02-19,Out for Delivery
4506,2382,4687,Shadowfax,SHA659354819,2022-08-05,2022-08-14,Out for Delivery
4507,201,1295,BlueDart,BLU774886932,2021-06-18,2021-06-27,Returned
4508,2183,4415,Ecom Express,ECO730478257,2026-01-19,2026-01-20,Order Placed
4509,8,107,Shadowfax,SHA634875035,2026-06-19,2026-06-26,Returned
4510,540,4708,DTDC,DTD249341039,2023-12-24,2023-12-31,Shipped
4511,1667,2290,Delhivery,DEL885308147,2020-12-01,2020-12-06,Returned
4512,4657,4844,BlueDart,BLU129312903,2022-02-10,2022-02-19,Shipped
4513,140,1239,Delhivery,DEL743336324,2020-07-01,2020-07-07,Delivered
4514,4219,306,India Post,IND867928507,2021-04-30,2021-05-04,Delivered
4515,1,2574,DTDC,DTD596454028,2026-06-22,2026-06-25,Out for Delivery
4516,2047,613,FedEx,FED208699909,2021-12-24,2021-12-29,Shipped
4517,2264,261,Shadowfax,SHA838352483,2024-06-05,2024-06-15,Order Placed
4518,3661,2324,Delhivery,DEL165244441,2023-02-14,2023-02-15,Delayed
4519,4929,3571,Delhivery,DEL189448409,2020-01-18,2020-01-24,Delayed
4520,4833,2429,Delhivery,DEL156139593,2023-04-11,2023-04-17,Order Placed
4521,4342,3993,Delhivery,DEL472651742,2020-08-07,2020-08-15,Out for Delivery
4522,4740,3394,Delhivery,DEL803500772,2026-07-26,2026-07-29,Delivered
4523,1573,941,Ecom Express,ECO334015400,2021-09-10,2021-09-18,Returned
4524,4853,2659,XpressBees,XPR194422870,2020-08-07,2020-08-10,In Transit
4525,1857,581,India Post,IND652545956,2026-06-07,2026-06-10,Returned
4526,690,1974,Ecom Express,ECO825482190,2023-08-02,2023-08-06,Delivered
4527,1435,3748,XpressBees,XPR586365077,2025-06-01,2025-06-10,Delivered
4528,145,1200,XpressBees,XPR437277349,2022-07-04,2022-07-10,Delayed
4529,4458,2584,Ecom Express,ECO351139536,2021-01-10,2021-01-20,Shipped
4530,3987,1236,XpressBees,XPR848904281,2022-06-13,2022-06-22,Delayed
4531,4874,2687,Delhivery,DEL251463588,2023-12-13,2023-12-22,Out for Delivery
4532,329,2187,FedEx,FED642411399,2026-02-15,2026-02-25,Delivered
4533,3841,4165,Ecom Express,ECO657172618,2024-02-07,2024-02-15,Out for Delivery
4534,3796,4164,India Post,IND790023369,2023-07-12,2023-07-19,Delayed
4535,3104,2474,Delhivery,DEL692283188,2020-04-28,2020-05-08,Shipped
4536,2635,2777,FedEx,FED532173979,2023-12-12,2023-12-21,Order Placed
4537,443,693,India Post,IND797743606,2022-07-03,2022-07-07,Out for Delivery
4538,1770,3917,India Post,IND277469550,2026-06-03,2026-06-09,Delivered
4539,92,4501,BlueDart,BLU746217861,2022-02-04,2022-02-07,Out for Delivery
4540,1602,345,Ecom Express,ECO503931741,2022-02-26,2022-03-07,Delayed
4541,614,3373,Delhivery,DEL679260320,2025-11-29,2025-12-02,In Transit
4542,2707,4645,FedEx,FED776825826,2026-02-09,2026-02-14,Shipped
4543,667,3020,Delhivery,DEL278041344,2024-04-08,2024-04-15,In Transit
4544,4465,1128,XpressBees,XPR743936482,2024-09-13,2024-09-14,Order Placed
4545,1584,2056,BlueDart,BLU127768965,2020-04-05,2020-04-10,Returned
4546,566,4810,Ecom Express,ECO955100358,2021-11-28,2021-12-01,Out for Delivery
4547,753,2015,FedEx,FED500563318,2026-06-11,2026-06-12,Shipped
4548,4520,1508,Shadowfax,SHA920954309,2023-03-11,2023-03-19,Shipped
4549,209,1947,Shadowfax,SHA391306274,2021-07-26,2021-07-27,Out for Delivery
4550,3971,4909,FedEx,FED846559177,2020-01-08,2020-01-13,Order Placed
4551,654,1320,Delhivery,DEL924579981,2025-02-04,2025-02-10,Shipped
4552,3756,1098,XpressBees,XPR571200714,2025-03-25,2025-03-26,In Transit
4553,2639,2431,DTDC,DTD823363976,2020-02-14,2020-02-20,Delivered
4554,168,427,BlueDart,BLU820283755,2026-06-20,2026-06-27,Shipped
4555,4020,2324,India Post,IND998693712,2022-04-20,2022-04-28,In Transit
4556,2533,277,Delhivery,DEL797072762,2022-08-06,2022-08-13,Order Placed
4557,393,4502,India Post,IND515710087,2026-02-08,2026-02-11,Returned
4558,2837,1912,Shadowfax,SHA565931349,2024-08-10,2024-08-12,In Transit
4559,4612,2394,XpressBees,XPR517760038,2024-05-24,2024-05-30,Delayed
4560,2705,528,Ecom Express,ECO599769131,2025-05-04,2025-05-11,Order Placed
4561,2049,76,FedEx,FED514914651,2023-07-29,2023-08-08,Shipped
4562,3799,3795,BlueDart,BLU602759332,2021-04-23,2021-04-30,Delivered
4563,1822,628,FedEx,FED294395809,2021-08-26,2021-09-04,Out for Delivery
4564,3636,1337,BlueDart,BLU851602342,2020-07-20,2020-07-27,Shipped
4565,4859,4516,XpressBees,XPR496530751,2022-02-14,2022-02-15,Order Placed
4566,848,871,BlueDart,BLU998330218,2020-01-01,2020-01-09,Shipped
4567,4542,3819,Ecom Express,ECO307599986,2020-09-18,2020-09-19,Returned
4568,4746,443,Delhivery,DEL671359960,2025-02-27,2025-03-05,Shipped
4569,825,2305,Delhivery,DEL812804291,2024-06-06,2024-06-14,Out for Delivery
4570,958,3188,XpressBees,XPR967601977,2024-09-27,2024-10-06,In Transit
4571,4610,3504,Ecom Express,ECO727859142,2024-08-10,2024-08-15,Returned
4572,3423,251,DTDC,DTD316624721,2020-06-08,2020-06-11,Returned
4573,1584,3493,FedEx,FED271093364,2024-01-07,2024-01-08,In Transit
4574,869,2781,India Post,IND107788905,2025-07-08,2025-07-09,Out for Delivery
4575,111,2354,Shadowfax,SHA874410330,2022-08-25,2022-09-03,Shipped
4576,954,767,Ecom Express,ECO514291463,2023-08-28,2023-09-02,In Transit
4577,4288,4462,Shadowfax,SHA463105175,2025-10-24,2025-10-31,Delivered
4578,1594,3963,India Post,IND872060758,2023-08-11,2023-08-13,Delivered
4579,625,2030,DTDC,DTD700015085,2020-04-22,2020-04-29,Out for Delivery
4580,791,2901,Delhivery,DEL292768176,2025-07-13,2025-07-22,Shipped
4581,4606,875,DTDC,DTD536891408,2021-11-03,2021-11-04,Shipped
4582,1752,4875,Ecom Express,ECO707254306,2026-05-09,2026-05-12,In Transit
4583,2497,1495,XpressBees,XPR254392517,2025-08-27,2025-08-30,Delivered
4584,4030,2223,Ecom Express,ECO376815628,2024-09-04,2024-09-05,Order Placed
4585,2439,4899,Ecom Express,ECO440059368,2022-12-03,2022-12-09,Delayed
4586,4445,973,Shadowfax,SHA275527541,2023-10-02,2023-10-08,Delayed
4587,1626,4668,XpressBees,XPR315093806,2021-11-23,2021-11-28,Shipped
4588,1272,4277,Delhivery,DEL240958636,2025-09-14,2025-09-20,Order Placed
4589,1,3893,India Post,IND720551885,2021-08-31,2021-09-04,Out for Delivery
4590,1678,2961,DTDC,DTD903696611,2024-12-03,2024-12-12,Delayed
4591,4179,523,India Post,IND276243628,2020-10-16,2020-10-26,Shipped
4592,3911,4152,India Post,IND546363818,2020-08-25,2020-09-02,Delayed
4593,4355,2199,FedEx,FED459402589,2025-07-01,2025-07-02,Shipped
4594,4356,2870,FedEx,FED550936248,2020-03-08,2020-03-15,In Transit
4595,1865,1435,FedEx,FED307341304,2026-03-30,2026-04-01,In Transit
4596,280,3540,Delhivery,DEL450589674,2024-12-24,2025-01-03,Shipped
4597,3910,2984,DTDC,DTD385160682,2025-07-12,2025-07-16,Delayed
4598,2288,4759,Shadowfax,SHA347701285,2022-11-28,2022-12-01,Order Placed
4599,455,4918,DTDC,DTD333773053,2021-05-08,2021-05-15,Order Placed
4600,3745,4440,DTDC,DTD662798669,2026-07-23,2026-07-30,Delayed
4601,3223,1978,BlueDart,BLU241281743,2024-02-15,2024-02-16,Order Placed
4602,2205,336,Ecom Express,ECO565268211,2025-04-23,2025-04-29,Out for Delivery
4603,30,1909,India Post,IND768488934,2024-07-16,2024-07-18,Delayed
4604,4133,2254,Shadowfax,SHA691687775,2023-09-24,2023-09-25,Returned
4605,3652,126,Ecom Express,ECO504529921,2022-04-06,2022-04-07,Returned
4606,1519,650,XpressBees,XPR192678808,2022-11-01,2022-11-11,Delivered
4607,1393,851,DTDC,DTD124005905,2023-04-25,2023-04-30,Returned
4608,4462,2436,Shadowfax,SHA496229200,2022-07-09,2022-07-10,Out for Delivery
4609,4895,3543,Ecom Express,ECO827889802,2025-05-08,2025-05-10,In Transit
4610,4905,44,DTDC,DTD301896459,2020-04-26,2020-05-04,Order Placed
4611,3107,3308,DTDC,DTD424428766,2024-08-08,2024-08-17,Delayed
4612,1787,3363,FedEx,FED677753664,2024-09-06,2024-09-16,In Transit
4613,1198,2676,India Post,IND773629397,2025-11-10,2025-11-19,Returned
4614,351,410,Ecom Express,ECO158393248,2020-08-06,2020-08-13,Delivered
4615,3326,3920,XpressBees,XPR696713404,2023-08-13,2023-08-18,Order Placed
4616,4026,1087,BlueDart,BLU919833434,2021-03-03,2021-03-07,Delivered
4617,1829,2817,DTDC,DTD224351240,2026-01-03,2026-01-10,Delayed
4618,203,4966,Shadowfax,SHA318880025,2026-02-19,2026-03-01,Returned
4619,2569,2613,DTDC,DTD809206521,2021-09-08,2021-09-16,Delayed
4620,2202,4954,Shadowfax,SHA590555811,2022-05-12,2022-05-13,Delivered
4621,838,131,Delhivery,DEL479171885,2020-07-02,2020-07-11,Order Placed
4622,3244,1990,FedEx,FED692900681,2026-04-07,2026-04-09,Returned
4623,3066,3402,FedEx,FED410946935,2025-10-31,2025-11-02,Delivered
4624,2075,1185,India Post,IND569991423,2023-03-22,2023-03-27,Delayed
4625,1032,4504,FedEx,FED298170177,2022-10-13,2022-10-20,Out for Delivery
4626,55,4562,BlueDart,BLU768790891,2023-09-27,2023-09-29,Delayed
4627,2429,1511,BlueDart,BLU768907371,2026-01-14,2026-01-18,Out for Delivery
4628,3172,905,DTDC,DTD518821403,2021-01-16,2021-01-25,Out for Delivery
4629,363,1716,Ecom Express,ECO825732866,2023-10-21,2023-10-26,Returned
4630,4125,4124,India Post,IND484102262,2023-10-02,2023-10-10,Returned
4631,4508,3265,India Post,IND918835246,2020-07-26,2020-08-05,Shipped
4632,3756,4585,BlueDart,BLU713180028,2022-06-07,2022-06-12,Delayed
4633,4433,1850,BlueDart,BLU690094889,2026-05-01,2026-05-08,Returned
4634,2242,3842,Shadowfax,SHA935727944,2021-01-11,2021-01-15,Shipped
4635,384,3463,XpressBees,XPR970508346,2023-09-12,2023-09-21,Out for Delivery
4636,4156,760,BlueDart,BLU343395631,2023-03-21,2023-03-29,Delayed
4637,3699,3990,XpressBees,XPR857349768,2023-03-22,2023-03-31,Shipped
4638,3461,3007,Delhivery,DEL642806999,2020-04-06,2020-04-13,Shipped
4639,4079,1911,FedEx,FED482767117,2022-10-07,2022-10-09,Out for Delivery
4640,3025,4810,DTDC,DTD991249166,2021-12-23,2021-12-26,Shipped
4641,2186,580,FedEx,FED473102918,2022-11-09,2022-11-16,Returned
4642,1265,1063,BlueDart,BLU194080166,2022-06-06,2022-06-09,Delayed
4643,875,1898,Ecom Express,ECO685397997,2023-09-04,2023-09-07,Delayed
4644,2955,2107,XpressBees,XPR518665173,2021-04-02,2021-04-12,Order Placed
4645,2117,1962,FedEx,FED429847504,2025-12-23,2025-12-30,Shipped
4646,4138,394,India Post,IND210918640,2024-02-17,2024-02-22,Out for Delivery
4647,2608,1382,Shadowfax,SHA589921768,2024-11-09,2024-11-11,Delivered
4648,943,2998,Delhivery,DEL827930824,2024-06-12,2024-06-17,In Transit
4649,1619,1154,BlueDart,BLU954783995,2022-12-15,2022-12-16,Shipped
4650,1725,2422,BlueDart,BLU348152820,2025-05-15,2025-05-22,Returned
4651,2025,4141,DTDC,DTD449025662,2024-06-27,2024-06-29,Returned
4652,1087,50,DTDC,DTD392194532,2020-12-11,2020-12-20,Delivered
4653,4869,4629,Shadowfax,SHA604911735,2026-04-03,2026-04-09,Shipped
4654,2645,4046,DTDC,DTD815004588,2022-09-02,2022-09-10,Returned
4655,4559,3791,FedEx,FED545721047,2020-02-05,2020-02-10,In Transit
4656,2099,1864,DTDC,DTD687066123,2023-10-19,2023-10-28,Order Placed
4657,1540,4463,DTDC,DTD806852530,2024-12-09,2024-12-14,In Transit
4658,2161,4557,Shadowfax,SHA496797798,2021-07-06,2021-07-13,In Transit
4659,4272,748,XpressBees,XPR404954395,2022-10-13,2022-10-16,Order Placed
4660,3718,359,XpressBees,XPR826281670,2020-01-16,2020-01-18,Delivered
4661,2534,29,India Post,IND881219661,2025-08-27,2025-08-30,Delayed
4662,4019,3909,Delhivery,DEL635264516,2025-08-01,2025-08-11,Shipped
4663,201,2650,BlueDart,BLU461603417,2021-01-02,2021-01-06,Order Placed
4664,2537,1662,DTDC,DTD294797572,2023-10-20,2023-10-21,In Transit
4665,637,3502,FedEx,FED737513351,2021-06-04,2021-06-14,Returned
4666,1428,2201,Ecom Express,ECO604840577,2021-03-01,2021-03-08,Delayed
4667,645,157,XpressBees,XPR907394238,2021-08-12,2021-08-13,In Transit
4668,4223,3295,XpressBees,XPR866070792,2026-04-20,2026-04-30,Delayed
4669,3151,3243,FedEx,FED266132885,2025-12-16,2025-12-18,Out for Delivery
4670,1910,4345,DTDC,DTD524136628,2024-10-10,2024-10-16,In Transit
4671,2734,4215,FedEx,FED843593277,2020-01-01,2020-01-08,Returned
4672,3594,973,FedEx,FED673108640,2026-07-24,2026-08-03,Shipped
4673,4803,2413,Ecom Express,ECO824322391,2020-06-27,2020-07-01,Delayed
4674,3264,4665,Shadowfax,SHA657888203,2025-11-20,2025-11-26,Order Placed
4675,3855,2738,Ecom Express,ECO937938984,2021-09-18,2021-09-26,Delivered
4676,3352,2105,India Post,IND670900536,2020-08-20,2020-08-26,Returned
4677,1634,2201,Delhivery,DEL458471634,2020-02-11,2020-02-13,Delivered
4678,4713,4854,India Post,IND461022999,2020-03-05,2020-03-14,Delayed
4679,4910,3592,BlueDart,BLU402629127,2023-05-31,2023-06-04,Out for Delivery
4680,1006,241,FedEx,FED993768388,2022-06-27,2022-07-03,Delayed
4681,4692,1735,Ecom Express,ECO998594594,2026-06-11,2026-06-12,Out for Delivery
4682,4435,149,BlueDart,BLU500090388,2022-07-10,2022-07-15,Out for Delivery
4683,3610,285,DTDC,DTD939117658,2025-12-03,2025-12-12,In Transit
4684,1756,4836,FedEx,FED466423014,2023-07-23,2023-07-29,Delivered
4685,931,438,XpressBees,XPR958223397,2022-08-28,2022-09-05,Returned
4686,3049,2998,Shadowfax,SHA380841543,2023-04-24,2023-04-25,Out for Delivery
4687,1895,2581,XpressBees,XPR729437111,2024-03-09,2024-03-12,Returned
4688,2531,1142,Shadowfax,SHA890265134,2025-01-10,2025-01-13,Delayed
4689,4813,2917,India Post,IND787304368,2021-03-20,2021-03-25,In Transit
4690,4689,1077,FedEx,FED415852612,2022-06-10,2022-06-20,Shipped
4691,832,1642,India Post,IND530867520,2024-02-12,2024-02-16,Out for Delivery
4692,221,4417,XpressBees,XPR908783992,2025-10-16,2025-10-21,Delivered
4693,647,1303,Delhivery,DEL856547796,2022-04-29,2022-05-03,Delivered
4694,374,2968,Delhivery,DEL279810764,2025-05-01,2025-05-10,Shipped
4695,3722,2470,Ecom Express,ECO923896923,2025-10-27,2025-11-03,Out for Delivery
4696,2258,2291,India Post,IND943505211,2021-12-21,2021-12-31,Out for Delivery
4697,3182,3783,Delhivery,DEL154904526,2023-06-18,2023-06-23,Out for Delivery
4698,1827,3224,BlueDart,BLU779994046,2024-11-18,2024-11-24,Shipped
4699,2719,1878,Shadowfax,SHA687799146,2022-04-04,2022-04-09,Returned
4700,788,4978,India Post,IND156042762,2026-08-07,2026-08-16,Shipped
4701,1597,3596,FedEx,FED377234034,2021-07-12,2021-07-15,Delayed
4702,1216,4981,Ecom Express,ECO532304624,2024-06-15,2024-06-20,Order Placed
4703,1471,2480,Ecom Express,ECO621557746,2021-11-15,2021-11-18,Delivered
4704,60,4672,India Post,IND798853130,2022-10-06,2022-10-08,Delivered
4705,2698,208,XpressBees,XPR273592699,2022-10-30,2022-11-03,In Transit
4706,1431,3036,BlueDart,BLU873071765,2025-04-03,2025-04-05,Returned
4707,954,4204,XpressBees,XPR754308432,2025-05-07,2025-05-14,Order Placed
4708,637,1206,FedEx,FED435274325,2024-10-13,2024-10-23,In Transit
4709,281,2108,Delhivery,DEL991461348,2020-04-11,2020-04-14,In Transit
4710,595,2204,Shadowfax,SHA925281341,2024-07-27,2024-07-30,Delivered
4711,1741,2415,DTDC,DTD274766151,2020-11-24,2020-11-29,Order Placed
4712,1961,150,India Post,IND457768590,2024-05-19,2024-05-25,Shipped
4713,1857,1765,Ecom Express,ECO995428361,2025-03-14,2025-03-24,In Transit
4714,2116,629,XpressBees,XPR552715375,2024-05-06,2024-05-08,In Transit
4715,3564,792,XpressBees,XPR903910883,2024-08-30,2024-09-09,Shipped
4716,2903,1491,DTDC,DTD952938709,2021-09-25,2021-10-05,Delivered
4717,4828,4099,Delhivery,DEL666120390,2020-09-13,2020-09-23,Order Placed
4718,1488,1039,India Post,IND794131831,2024-11-10,2024-11-14,In Transit
4719,911,3565,Delhivery,DEL100826873,2021-11-23,2021-11-24,In Transit
4720,456,4729,XpressBees,XPR232303349,2020-07-27,2020-08-03,Out for Delivery
4721,789,1587,FedEx,FED606470994,2024-03-08,2024-03-18,Out for Delivery
4722,2276,2231,Shadowfax,SHA851520961,2022-02-25,2022-03-03,Shipped
4723,2878,2331,Delhivery,DEL830204924,2022-08-07,2022-08-10,In Transit
4724,2740,2896,Delhivery,DEL676103919,2022-02-11,2022-02-17,Shipped
4725,3556,3449,XpressBees,XPR481680543,2021-11-28,2021-12-05,Delayed
4726,318,3764,Delhivery,DEL555826741,2021-03-07,2021-03-16,In Transit
4727,556,3528,BlueDart,BLU547815225,2025-03-23,2025-03-24,Shipped
4728,1913,4679,India Post,IND716130512,2020-09-13,2020-09-17,Out for Delivery
4729,2687,2971,Shadowfax,SHA273462207,2023-12-24,2023-12-25,Out for Delivery
4730,3646,4665,XpressBees,XPR370114008,2020-07-01,2020-07-05,Delivered
4731,1988,2356,Ecom Express,ECO420237707,2023-01-07,2023-01-10,In Transit
4732,3454,912,Shadowfax,SHA169613006,2026-07-12,2026-07-22,Shipped
4733,2769,888,Ecom Express,ECO373679945,2022-06-12,2022-06-14,Delayed
4734,4165,4370,Ecom Express,ECO910956542,2023-01-22,2023-01-27,Returned
4735,2408,3232,Delhivery,DEL587888940,2020-08-21,2020-08-30,Delivered
4736,155,1575,BlueDart,BLU465134692,2025-06-17,2025-06-25,Delivered
4737,4422,1090,Delhivery,DEL898027851,2020-08-13,2020-08-19,Out for Delivery
4738,683,3929,Shadowfax,SHA544926386,2024-07-28,2024-07-30,In Transit
4739,708,1784,Delhivery,DEL995075415,2022-03-04,2022-03-13,Delivered
4740,2484,2005,DTDC,DTD264872873,2021-04-29,2021-05-08,Delayed
4741,4437,332,Ecom Express,ECO955526088,2023-02-11,2023-02-19,Out for Delivery
4742,3108,899,FedEx,FED916921174,2023-04-21,2023-04-25,Out for Delivery
4743,851,2966,Ecom Express,ECO442621412,2025-11-28,2025-12-07,Out for Delivery
4744,318,1841,FedEx,FED821280483,2023-08-31,2023-09-06,Returned
4745,2796,3540,Delhivery,DEL294461391,2021-11-27,2021-12-03,Returned
4746,1947,1937,DTDC,DTD232318157,2020-01-01,2020-01-02,Delayed
4747,1219,2263,XpressBees,XPR328306032,2020-08-18,2020-08-20,In Transit
4748,174,2247,XpressBees,XPR208673672,2020-01-31,2020-02-02,Order Placed
4749,3339,20,BlueDart,BLU541780474,2024-08-30,2024-09-06,In Transit
4750,3820,4902,XpressBees,XPR775840487,2020-09-19,2020-09-20,Out for Delivery
4751,775,2413,Shadowfax,SHA672911012,2024-07-31,2024-08-06,Order Placed
4752,2231,4010,India Post,IND544345225,2022-12-31,2023-01-09,Delivered
4753,2699,2207,BlueDart,BLU723945776,2022-11-19,2022-11-26,Delivered
4754,660,2257,Shadowfax,SHA805993359,2024-09-16,2024-09-20,Returned
4755,687,3219,Delhivery,DEL481357389,2026-04-10,2026-04-14,Delivered
4756,2351,1544,Ecom Express,ECO486526271,2024-08-12,2024-08-20,Returned
4757,1325,984,FedEx,FED122442156,2026-03-18,2026-03-21,Out for Delivery
4758,2817,4386,Shadowfax,SHA913943582,2020-04-25,2020-05-04,Returned
4759,3834,860,FedEx,FED620801860,2026-05-12,2026-05-18,In Transit
4760,330,4680,FedEx,FED359924196,2025-09-06,2025-09-13,Delayed
4761,802,576,Delhivery,DEL767322361,2022-11-18,2022-11-19,Order Placed
4762,2863,833,DTDC,DTD191398170,2024-08-22,2024-08-31,Out for Delivery
4763,3275,2610,Ecom Express,ECO850382252,2024-08-25,2024-08-29,Out for Delivery
4764,2621,4058,FedEx,FED776311133,2023-06-30,2023-07-07,Delivered
4765,679,4470,Shadowfax,SHA688794259,2026-07-18,2026-07-26,Order Placed
4766,4845,1453,Ecom Express,ECO893643117,2020-07-30,2020-08-04,Returned
4767,2155,952,DTDC,DTD262516111,2024-03-02,2024-03-10,Order Placed
4768,243,3880,India Post,IND972465011,2021-09-27,2021-09-30,Returned
4769,990,2320,Shadowfax,SHA986264414,2021-02-19,2021-02-28,Returned
4770,480,894,BlueDart,BLU491939657,2025-09-13,2025-09-22,In Transit
4771,4426,3412,DTDC,DTD438778100,2020-01-25,2020-01-29,Shipped
4772,3509,2480,BlueDart,BLU805044230,2024-06-08,2024-06-09,Delayed
4773,1764,4038,Delhivery,DEL200010358,2022-01-19,2022-01-22,In Transit
4774,3401,1170,FedEx,FED322981375,2020-01-10,2020-01-19,Order Placed
4775,884,3095,Delhivery,DEL524505986,2026-01-24,2026-02-02,Shipped
4776,4825,4149,Delhivery,DEL512960364,2026-07-23,2026-07-26,Delivered
4777,3478,286,Delhivery,DEL611375543,2026-03-08,2026-03-12,Out for Delivery
4778,637,1528,DTDC,DTD157093120,2026-03-25,2026-03-30,Returned
4779,3731,3718,Shadowfax,SHA236419183,2022-01-16,2022-01-25,Delayed
4780,850,4228,XpressBees,XPR382176158,2023-04-11,2023-04-16,Out for Delivery
4781,2397,4712,Ecom Express,ECO503732224,2025-11-22,2025-11-24,In Transit
4782,3710,710,BlueDart,BLU247795359,2024-03-04,2024-03-11,Order Placed
4783,3446,785,Ecom Express,ECO378958603,2022-06-27,2022-07-02,Out for Delivery
4784,1745,1866,Delhivery,DEL775881040,2023-05-12,2023-05-20,In Transit
4785,3367,2071,DTDC,DTD876105931,2025-03-23,2025-04-01,Returned
4786,2298,2087,Delhivery,DEL480610308,2024-08-26,2024-09-02,Order Placed
4787,2387,1590,FedEx,FED999371945,2021-10-05,2021-10-06,Out for Delivery
4788,4947,3808,India Post,IND368560805,2024-05-27,2024-06-01,Returned
4789,2263,3221,BlueDart,BLU196681620,2023-06-14,2023-06-16,Shipped
4790,3019,4039,Ecom Express,ECO117170595,2021-03-18,2021-03-19,Returned
4791,2371,4129,Delhivery,DEL112710692,2023-02-25,2023-03-03,In Transit
4792,4864,2732,FedEx,FED466503054,2021-10-23,2021-10-25,Delivered
4793,3759,3492,XpressBees,XPR920925001,2024-06-11,2024-06-12,Order Placed
4794,2315,4458,Shadowfax,SHA707093147,2024-02-17,2024-02-26,Out for Delivery
4795,3445,1970,Ecom Express,ECO561664878,2023-10-24,2023-11-03,Order Placed
4796,4733,3390,Delhivery,DEL230383896,2025-05-09,2025-05-17,Returned
4797,956,1380,India Post,IND111255707,2022-11-04,2022-11-06,In Transit
4798,2891,4512,DTDC,DTD226082107,2022-04-30,2022-05-02,Out for Delivery
4799,3590,228,FedEx,FED932693370,2021-01-03,2021-01-08,Returned
4800,4600,4657,India Post,IND169416078,2021-04-02,2021-04-04,Returned
4801,1160,3810,DTDC,DTD182871981,2021-04-28,2021-05-05,Out for Delivery
4802,1785,1869,Delhivery,DEL327189754,2021-01-15,2021-01-17,Returned
4803,2282,4263,Ecom Express,ECO724483327,2020-10-02,2020-10-08,Delivered
4804,3470,4188,FedEx,FED616516762,2023-12-09,2023-12-13,In Transit
4805,1630,1530,Delhivery,DEL219031534,2024-03-04,2024-03-10,Delayed
4806,3453,4702,BlueDart,BLU168468788,2024-12-29,2025-01-02,Delayed
4807,976,4956,BlueDart,BLU257109072,2022-01-03,2022-01-08,Returned
4808,1968,3929,Ecom Express,ECO402115113,2023-04-21,2023-04-26,Delayed
4809,829,4073,DTDC,DTD353430012,2025-03-27,2025-04-03,Shipped
4810,1840,1301,India Post,IND593361963,2024-06-15,2024-06-19,Returned
4811,3375,3857,Ecom Express,ECO194464230,2021-04-10,2021-04-12,In Transit
4812,4332,1044,XpressBees,XPR112006450,2025-12-23,2025-12-31,In Transit
4813,4932,1726,Shadowfax,SHA572276100,2023-05-31,2023-06-09,Delivered
4814,523,2537,Delhivery,DEL656142280,2024-07-16,2024-07-22,In Transit
4815,3816,2572,Shadowfax,SHA755396562,2022-07-01,2022-07-02,Order Placed
4816,1235,1387,Ecom Express,ECO272054152,2022-07-06,2022-07-08,Returned
4817,3871,2015,Delhivery,DEL561690964,2021-12-05,2021-12-11,Out for Delivery
4818,732,2860,XpressBees,XPR696941214,2025-03-31,2025-04-01,Order Placed
4819,1367,283,XpressBees,XPR446282007,2023-07-25,2023-07-28,Delivered
4820,1570,2218,Shadowfax,SHA311862200,2021-01-30,2021-02-09,Order Placed
4821,2157,681,Delhivery,DEL216477736,2020-07-20,2020-07-21,Order Placed
4822,3091,3777,FedEx,FED223017536,2024-11-10,2024-11-13,Order Placed
4823,3020,4535,Ecom Express,ECO657588673,2021-05-11,2021-05-14,In Transit
4824,3068,1469,DTDC,DTD165880656,2020-07-12,2020-07-18,Returned
4825,2874,4751,Ecom Express,ECO742041321,2023-05-28,2023-06-02,Returned
4826,3807,268,Ecom Express,ECO454094484,2021-01-17,2021-01-23,Shipped
4827,4315,3834,BlueDart,BLU806508924,2026-01-12,2026-01-13,Returned
4828,3952,2803,Delhivery,DEL853996326,2022-01-15,2022-01-16,Order Placed
4829,4319,215,Shadowfax,SHA951942611,2021-08-18,2021-08-20,Delayed
4830,449,1316,FedEx,FED558791337,2020-07-07,2020-07-12,Delayed
4831,553,2328,Shadowfax,SHA603798895,2021-09-15,2021-09-22,Shipped
4832,3676,4796,India Post,IND259162432,2025-10-21,2025-10-22,Order Placed
4833,1331,4280,India Post,IND730150964,2024-11-26,2024-11-29,In Transit
4834,4895,625,BlueDart,BLU720745025,2021-03-30,2021-04-05,Delivered
4835,4030,939,FedEx,FED799318375,2022-01-01,2022-01-05,Delivered
4836,103,2793,Shadowfax,SHA351242614,2020-05-13,2020-05-14,In Transit
4837,2363,4522,India Post,IND410542904,2020-09-04,2020-09-11,Out for Delivery
4838,292,3064,India Post,IND798081421,2021-03-17,2021-03-23,Returned
4839,4983,48,Delhivery,DEL837060827,2026-04-21,2026-04-28,Returned
4840,4571,4102,Delhivery,DEL418288153,2022-05-23,2022-05-26,Returned
4841,3457,221,Delhivery,DEL985076748,2024-10-03,2024-10-04,Order Placed
4842,4718,4165,India Post,IND772259730,2020-03-21,2020-03-25,Delayed
4843,1061,3672,FedEx,FED421817922,2023-10-22,2023-10-26,In Transit
4844,3002,2336,India Post,IND900266482,2023-12-19,2023-12-29,Order Placed
4845,3126,1418,Ecom Express,ECO986692970,2021-11-13,2021-11-22,Delayed
4846,3095,1496,India Post,IND857610603,2026-07-28,2026-07-30,Shipped
4847,2251,3573,XpressBees,XPR836732495,2022-10-27,2022-10-31,Out for Delivery
4848,1135,853,DTDC,DTD186065958,2026-07-31,2026-08-04,In Transit
4849,3061,2627,India Post,IND996284881,2022-12-27,2022-12-29,Shipped
4850,4222,4393,DTDC,DTD970645675,2022-01-14,2022-01-15,Order Placed
4851,3662,63,Delhivery,DEL511743502,2026-01-13,2026-01-21,In Transit
4852,3658,600,BlueDart,BLU648864303,2023-10-30,2023-11-08,Delayed
4853,301,1078,BlueDart,BLU358261467,2020-10-10,2020-10-12,Out for Delivery
4854,992,4814,Ecom Express,ECO628603267,2025-05-19,2025-05-26,Delivered
4855,1449,478,BlueDart,BLU375700276,2023-10-02,2023-10-11,In Transit
4856,2224,1327,XpressBees,XPR283303237,2024-11-15,2024-11-22,Delayed
4857,1916,2158,Shadowfax,SHA407193589,2021-07-22,2021-07-27,Delayed
4858,49,1697,FedEx,FED140046020,2022-12-29,2023-01-02,Order Placed
4859,4916,162,BlueDart,BLU185460105,2020-09-13,2020-09-15,Delivered
4860,2324,93,Ecom Express,ECO643560265,2021-06-10,2021-06-17,Out for Delivery
4861,2304,2224,XpressBees,XPR468220114,2025-02-26,2025-02-27,In Transit
4862,166,2455,Delhivery,DEL381367298,2023-10-18,2023-10-27,Delivered
4863,3104,3538,Delhivery,DEL498253858,2020-09-23,2020-10-02,Shipped
4864,2108,2432,Delhivery,DEL702440467,2020-10-23,2020-11-02,Returned
4865,94,1469,BlueDart,BLU510643748,2024-01-10,2024-01-14,In Transit
4866,2912,2624,Shadowfax,SHA586336507,2020-06-11,2020-06-21,Out for Delivery
4867,2615,4005,XpressBees,XPR928374986,2023-05-25,2023-05-31,Shipped
4868,624,4873,XpressBees,XPR940917150,2025-08-19,2025-08-24,Delivered
4869,4663,510,XpressBees,XPR236315246,2025-08-04,2025-08-10,Shipped
4870,2420,183,BlueDart,BLU270811878,2021-02-24,2021-03-06,In Transit
4871,4499,3223,India Post,IND510650183,2025-04-28,2025-05-05,Out for Delivery
4872,2429,2810,India Post,IND431907922,2023-03-06,2023-03-13,Returned
4873,3108,3422,DTDC,DTD581146004,2026-08-03,2026-08-07,Delayed
4874,4586,1262,FedEx,FED112637043,2026-05-12,2026-05-20,In Transit
4875,3053,468,Shadowfax,SHA570926140,2021-03-28,2021-04-02,Out for Delivery
4876,2919,3893,India Post,IND966850453,2021-09-06,2021-09-09,In Transit
4877,1765,3913,India Post,IND556364474,2021-11-23,2021-11-26,Shipped
4878,4020,3240,DTDC,DTD897380980,2024-08-29,2024-09-05,Order Placed
4879,3946,3030,FedEx,FED339595614,2024-06-08,2024-06-09,Delivered
4880,2011,3968,DTDC,DTD833634240,2021-06-11,2021-06-18,Returned
4881,2542,1964,DTDC,DTD209666522,2025-10-06,2025-10-10,Delayed
4882,2394,3460,Delhivery,DEL157362720,2026-07-23,2026-07-31,Shipped
4883,3439,3524,FedEx,FED118699367,2023-05-26,2023-05-30,Out for Delivery
4884,1589,2189,BlueDart,BLU616668115,2024-11-15,2024-11-16,In Transit
4885,4809,1926,XpressBees,XPR292406284,2023-05-30,2023-06-01,Delivered
4886,572,1548,India Post,IND107991873,2024-11-11,2024-11-18,Out for Delivery
4887,1336,2370,BlueDart,BLU417487266,2020-04-26,2020-05-05,Shipped
4888,4439,1197,Ecom Express,ECO126715725,2020-11-29,2020-12-04,Order Placed
4889,3485,1514,FedEx,FED252378425,2026-06-21,2026-06-29,Order Placed
4890,1441,495,BlueDart,BLU105896911,2023-12-19,2023-12-28,Returned
4891,1784,2077,Shadowfax,SHA962526005,2025-08-17,2025-08-19,Delivered
4892,787,2702,Shadowfax,SHA136089190,2021-04-17,2021-04-20,Order Placed
4893,2186,4127,Shadowfax,SHA429338444,2025-03-17,2025-03-27,Order Placed
4894,1454,4093,Shadowfax,SHA177537084,2023-06-12,2023-06-16,In Transit
4895,2979,3118,FedEx,FED801580177,2021-05-16,2021-05-25,Shipped
4896,2044,286,India Post,IND838809992,2024-05-22,2024-05-31,Out for Delivery
4897,3157,1229,Ecom Express,ECO392717565,2022-09-17,2022-09-26,Out for Delivery
4898,896,1062,BlueDart,BLU892715711,2026-02-05,2026-02-14,Shipped
4899,1672,1286,Delhivery,DEL543536867,2021-09-23,2021-09-28,Out for Delivery
4900,354,3918,India Post,IND759051810,2021-01-22,2021-01-25,Shipped
4901,1949,2812,FedEx,FED744278214,2025-08-29,2025-09-02,Returned
4902,1039,4083,Shadowfax,SHA916683155,2025-01-16,2025-01-22,Returned
4903,1533,478,BlueDart,BLU249396278,2025-07-09,2025-07-13,Returned
4904,2724,1806,Shadowfax,SHA747239455,2020-02-06,2020-02-12,Delivered
4905,2906,4228,FedEx,FED711949728,2026-03-07,2026-03-12,Shipped
4906,2936,75,FedEx,FED188903950,2021-08-31,2021-09-05,In Transit
4907,3204,2555,BlueDart,BLU871228949,2022-07-05,2022-07-06,Delivered
4908,182,3245,Ecom Express,ECO404119499,2024-02-22,2024-02-24,Order Placed
4909,4614,4189,XpressBees,XPR859415941,2022-08-05,2022-08-09,Order Placed
4910,3900,142,XpressBees,XPR954888840,2020-10-03,2020-10-11,Delayed
4911,3797,2961,India Post,IND964138945,2021-08-19,2021-08-26,In Transit
4912,560,4781,BlueDart,BLU281190387,2023-10-30,2023-11-06,Out for Delivery
4913,751,4284,Shadowfax,SHA352339615,2023-05-26,2023-06-04,Returned
4914,2926,1708,Shadowfax,SHA936788674,2025-09-03,2025-09-07,Out for Delivery
4915,4394,2773,Delhivery,DEL854430460,2024-09-15,2024-09-25,Returned
4916,2662,2631,Delhivery,DEL269666305,2020-01-26,2020-01-31,Shipped
4917,1398,1090,Ecom Express,ECO751087338,2024-11-27,2024-12-07,Delayed
4918,3792,1590,Delhivery,DEL372022343,2026-02-17,2026-02-26,Returned
4919,3174,4145,India Post,IND433655603,2025-07-03,2025-07-07,Out for Delivery
4920,3433,3057,BlueDart,BLU457573902,2022-07-05,2022-07-14,In Transit
4921,4776,3693,Ecom Express,ECO235832481,2022-02-08,2022-02-09,Out for Delivery
4922,3989,239,FedEx,FED621060257,2021-01-21,2021-01-28,Order Placed
4923,1916,551,DTDC,DTD875041592,2022-10-19,2022-10-23,Returned
4924,4945,4426,Shadowfax,SHA199060186,2025-04-04,2025-04-06,Shipped
4925,837,916,DTDC,DTD123356100,2023-01-25,2023-01-31,Returned
4926,2970,4314,Shadowfax,SHA455667401,2026-02-17,2026-02-20,Out for Delivery
4927,2559,2167,Ecom Express,ECO481663752,2023-09-24,2023-09-28,Order Placed
4928,446,2091,India Post,IND585235803,2023-12-31,2024-01-03,In Transit
4929,3562,2661,Delhivery,DEL453238119,2024-08-31,2024-09-05,Shipped
4930,2530,2882,Shadowfax,SHA526886251,2023-08-02,2023-08-10,Returned
4931,1333,2750,Shadowfax,SHA837542174,2021-03-27,2021-03-28,Delivered
4932,1214,2940,Shadowfax,SHA499790982,2022-03-31,2022-04-01,Shipped
4933,2439,4492,FedEx,FED844436980,2023-05-03,2023-05-05,Delayed
4934,2091,4615,XpressBees,XPR220743385,2022-06-16,2022-06-25,Delayed
4935,3935,2396,India Post,IND547304390,2024-10-23,2024-10-27,Order Placed
4936,2162,2435,Delhivery,DEL908105534,2023-11-24,2023-12-01,Order Placed
4937,4622,99,DTDC,DTD800140982,2021-06-15,2021-06-21,Shipped
4938,2577,235,BlueDart,BLU252693308,2020-03-11,2020-03-21,Order Placed
4939,155,2771,India Post,IND967387114,2022-11-26,2022-12-04,In Transit
4940,1788,202,Shadowfax,SHA119640158,2022-03-17,2022-03-25,Out for Delivery
4941,3930,2687,Shadowfax,SHA730553760,2021-11-27,2021-12-05,Out for Delivery
4942,1704,1816,Ecom Express,ECO390411431,2026-08-07,2026-08-11,In Transit
4943,1432,3716,BlueDart,BLU607656263,2025-09-04,2025-09-07,Delayed
4944,1916,3729,Delhivery,DEL509130151,2024-12-22,2024-12-31,In Transit
4945,2455,2790,XpressBees,XPR975075425,2021-11-18,2021-11-20,Delayed
4946,4684,2206,BlueDart,BLU541511625,2023-05-15,2023-05-18,In Transit
4947,4802,4557,Delhivery,DEL114449220,2024-01-05,2024-01-07,Out for Delivery
4948,2510,3491,India Post,IND376634120,2021-03-31,2021-04-04,Shipped
4949,283,2864,DTDC,DTD789349792,2020-05-01,2020-05-02,Delivered
4950,4151,4714,Delhivery,DEL376458272,2026-02-25,2026-03-01,In Transit
4951,1941,168,Shadowfax,SHA984374259,2023-08-03,2023-08-06,In Transit
4952,580,4074,FedEx,FED100925139,2023-08-21,2023-08-28,Order Placed
4953,4155,4001,XpressBees,XPR691742793,2020-01-13,2020-01-18,Delivered
4954,4674,4986,India Post,IND272102930,2022-03-03,2022-03-04,Shipped
4955,4101,2910,DTDC,DTD232808392,2022-08-21,2022-08-26,In Transit
4956,3259,1339,BlueDart,BLU124452059,2025-02-06,2025-02-09,Shipped
4957,2904,2265,XpressBees,XPR277293438,2021-07-22,2021-07-30,Delivered
4958,383,1672,India Post,IND333801383,2022-03-17,2022-03-21,In Transit
4959,4386,1200,India Post,IND167602307,2023-03-20,2023-03-28,Shipped
4960,3586,1222,DTDC,DTD810985590,2022-09-20,2022-09-29,Delayed
4961,3538,1836,BlueDart,BLU768775775,2021-11-19,2021-11-25,Order Placed
4962,2567,1668,Shadowfax,SHA662312732,2025-01-13,2025-01-19,In Transit
4963,839,3469,Shadowfax,SHA716661865,2025-01-08,2025-01-17,Delayed
4964,2993,509,Ecom Express,ECO965979495,2022-10-24,2022-10-31,Order Placed
4965,2731,19,DTDC,DTD233165171,2026-04-16,2026-04-23,Delayed
4966,4161,186,XpressBees,XPR557315100,2022-09-10,2022-09-16,Delivered
4967,1385,4395,Delhivery,DEL987530752,2026-04-29,2026-05-02,Shipped
4968,3531,1431,BlueDart,BLU854440452,2023-07-16,2023-07-18,Delivered
4969,1803,1699,Delhivery,DEL900875808,2024-05-11,2024-05-19,Order Placed
4970,4411,563,BlueDart,BLU597786438,2024-04-15,2024-04-22,Delivered
4971,382,4825,BlueDart,BLU600397936,2026-02-08,2026-02-16,Shipped
4972,2925,3951,XpressBees,XPR688776776,2025-07-27,2025-08-04,Returned
4973,2503,2937,XpressBees,XPR170067860,2021-03-02,2021-03-06,Order Placed
4974,3096,2331,XpressBees,XPR439954934,2021-02-25,2021-03-07,Order Placed
4975,3307,2903,FedEx,FED510606476,2022-04-16,2022-04-22,Shipped
4976,3926,3128,India Post,IND817511617,2023-12-15,2023-12-17,Returned
4977,211,3391,Delhivery,DEL149115150,2021-08-27,2021-08-29,Delayed
4978,1516,1098,FedEx,FED733140349,2020-04-23,2020-04-30,Returned
4979,2848,3448,FedEx,FED127191241,2022-08-07,2022-08-08,Returned
4980,3288,1816,India Post,IND593156230,2024-11-19,2024-11-27,In Transit
4981,4896,1891,India Post,IND413920666,2024-05-22,2024-05-28,Delivered
4982,2997,372,BlueDart,BLU487959860,2020-08-12,2020-08-17,Order Placed
4983,3709,3715,India Post,IND221265993,2024-12-20,2024-12-25,Delayed
4984,3666,1735,Delhivery,DEL515999295,2021-11-21,2021-11-27,Delivered
4985,2247,1207,Shadowfax,SHA781473795,2022-06-17,2022-06-22,Out for Delivery
4986,3164,1566,XpressBees,XPR172383311,2022-12-12,2022-12-18,In Transit
4987,994,726,Shadowfax,SHA705429110,2024-05-15,2024-05-25,Delayed
4988,2452,4560,FedEx,FED639236572,2021-05-21,2021-05-31,Delayed
4989,3861,2054,FedEx,FED580193717,2021-07-11,2021-07-20,Delivered
4990,1794,2042,FedEx,FED680969112,2022-05-08,2022-05-14,Returned
4991,102,2087,India Post,IND325314566,2026-03-10,2026-03-20,In Transit
4992,2528,4501,Delhivery,DEL254620587,2021-01-08,2021-01-12,Order Placed
4993,1293,2776,XpressBees,XPR602646325,2023-06-15,2023-06-25,In Transit
4994,4920,1065,Delhivery,DEL823170957,2025-08-09,2025-08-16,In Transit
4995,172,292,Shadowfax,SHA718668186,2021-05-18,2021-05-23,Returned
4996,3498,3242,BlueDart,BLU786960977,2021-09-13,2021-09-18,Delayed
4997,3683,455,Shadowfax,SHA324919229,2020-04-30,2020-05-10,Shipped
4998,1163,2548,Ecom Express,ECO520957890,2021-08-17,2021-08-20,Shipped
4999,4437,1058,BlueDart,BLU695638399,2023-09-11,2023-09-19,Delivered
5000,1807,2636,XpressBees,XPR422313765,2020-12-21,2020-12-25,Order Placed
