WalletID,CustomerID,Balance,LastUpdated
1,1132,2000,2024-12-05
2,4480,2000,2026-07-29
3,3384,0,2025-05-11
4,4078,50,2025-11-30
5,4174,50,2026-04-09
6,4000,1000,2026-07-22
7,3978,150,2025-06-13
8,1008,300,2025-12-12
9,102,0,2026-03-11
10,833,50,2024-03-07
11,2809,750,2025-09-12
12,2619,1000,2025-01-05
13,4166,1000,2026-02-04
14,2120,500,2025-11-05
15,3674,300,2025-06-26
16,3494,300,2026-05-24
17,757,1500,2025-12-07
18,1415,100,2026-05-25
19,2986,0,2024-12-29
20,511,50,2026-01-26
21,1882,200,2026-07-31
22,1774,300,2026-04-29
23,4887,50,2025-02-22
24,3868,250,2026-01-18
25,4001,750,2025-12-07
26,5000,1000,2025-08-03
27,3454,300,2025-05-03
28,777,150,2025-11-26
29,161,200,2025-01-15
30,1793,1000,2025-12-03
31,1437,150,2025-03-30
32,4275,2000,2025-05-05
33,4830,1500,2025-08-10
34,308,150,2024-01-16
35,1313,0,2026-02-05
36,3761,300,2024-10-19
37,487,250,2025-09-17
38,4924,500,2025-08-28
39,720,750,2024-09-15
40,4028,50,2024-08-22
41,2802,300,2025-09-02
42,3750,250,2025-10-09
43,40,250,2025-09-16
44,1509,250,2024-12-03
45,3312,50,2025-11-26
46,4167,750,2026-07-02
47,3188,2000,2026-03-10
48,1710,1000,2024-10-27
49,755,1000,2025-10-27
50,3222,500,2026-02-03
51,4666,150,2024-06-17
52,1000,250,2025-10-09
53,4608,50,2025-09-05
54,1443,2000,2024-07-28
55,3161,50,2026-05-23
56,4483,300,2024-02-10
57,2062,500,2025-06-09
58,4411,50,2024-09-14
59,1061,1500,2026-07-20
60,2007,150,2024-04-26
61,2270,0,2025-01-02
62,4921,750,2025-12-22
63,4022,100,2024-06-02
64,1642,2000,2024-06-18
65,4410,300,2025-09-19
66,2427,1500,2026-06-23
67,2070,200,2024-06-18
68,612,1000,2024-08-03
69,2489,500,2025-06-19
70,2351,750,2024-05-14
71,1244,1000,2024-03-31
72,346,500,2025-10-29
73,4165,1500,2025-08-10
74,1914,200,2026-02-07
75,268,1500,2026-01-21
76,340,1000,2025-09-19
77,2328,50,2025-05-07
78,1899,2000,2025-04-11
79,4604,50,2024-10-30
80,944,500,2024-04-08
81,3479,100,2025-06-03
82,1354,750,2026-01-30
83,4907,100,2024-08-30
84,602,500,2024-03-05
85,2739,150,2026-03-07
86,1949,750,2024-09-20
87,252,750,2024-08-29
88,2558,200,2025-06-30
89,334,50,2025-10-17
90,994,750,2025-02-07
91,4884,2000,2024-11-11
92,1652,300,2024-10-24
93,2877,1000,2024-05-04
94,1336,2000,2024-01-19
95,697,100,2025-05-29
96,3889,1000,2025-03-26
97,1572,1500,2024-03-10
98,479,300,2025-10-30
99,2491,750,2025-08-29
100,2550,150,2026-08-01
101,2264,1000,2025-09-20
102,1057,500,2025-11-14
103,4967,750,2024-07-22
104,4221,1000,2024-06-17
105,2100,150,2024-04-28
106,2533,750,2026-06-15
107,735,0,2024-07-16
108,332,750,2024-08-18
109,1936,200,2024-01-15
110,3081,200,2025-12-23
111,4764,300,2025-04-01
112,2630,1000,2024-08-11
113,4462,750,2025-10-22
114,331,500,2024-03-07
115,2076,0,2025-11-15
116,3688,1000,2025-07-02
117,552,1000,2025-03-23
118,256,200,2026-05-28
119,1442,150,2024-12-09
120,2134,100,2026-03-16
121,4008,0,2024-07-23
122,4037,50,2025-01-11
123,68,50,2025-02-09
124,273,0,2025-01-29
125,3364,1500,2026-07-18
126,1223,1500,2024-06-22
127,851,50,2024-03-11
128,3709,250,2024-01-26
129,3410,2000,2025-05-26
130,2170,200,2025-12-25
131,2056,0,2026-02-27
132,2384,2000,2026-08-09
133,381,250,2026-03-11
134,2306,750,2026-08-09
135,954,0,2025-04-24
136,4781,1500,2024-10-03
137,724,150,2024-05-24
138,861,300,2025-12-28
139,135,500,2024-08-04
140,2307,300,2024-03-07
141,2527,200,2024-01-23
142,4761,50,2025-07-20
143,1358,250,2025-02-04
144,2075,300,2024-10-12
145,4368,1000,2026-06-26
146,2797,750,2024-08-16
147,1006,150,2026-01-25
148,3412,200,2024-02-11
149,772,1000,2025-09-08
150,3902,2000,2026-07-19
151,318,150,2026-05-09
152,4899,150,2025-11-26
153,899,250,2025-10-18
154,1494,500,2026-01-29
155,3320,100,2025-10-23
156,4922,500,2024-08-11
157,633,0,2024-01-09
158,780,1000,2026-03-15
159,4,150,2025-08-08
160,3445,1000,2024-03-30
161,376,500,2026-05-11
162,691,150,2026-04-04
163,4128,2000,2025-12-04
164,3285,100,2025-11-05
165,3900,1500,2025-03-08
166,462,150,2024-05-25
167,3432,1500,2025-03-06
168,1068,2000,2024-02-16
169,3616,1000,2024-02-27
170,1602,500,2026-02-14
171,4617,750,2024-08-01
172,1558,300,2025-07-18
173,333,500,2024-05-24
174,3418,2000,2025-07-19
175,2235,250,2026-01-13
176,4653,2000,2025-11-13
177,2357,1000,2025-11-23
178,1776,300,2025-05-09
179,932,1000,2025-12-19
180,585,250,2026-01-29
181,1259,50,2024-01-31
182,2607,250,2025-04-21
183,2763,100,2024-05-11
184,2627,50,2024-06-16
185,2512,50,2024-11-23
186,327,150,2026-04-10
187,664,250,2025-02-07
188,3238,1500,2025-05-31
189,3345,150,2025-09-15
190,343,750,2025-04-16
191,17,1500,2025-08-18
192,1226,500,2026-07-16
193,3106,200,2026-05-10
194,639,200,2025-12-30
195,2894,2000,2024-02-29
196,3233,100,2026-02-25
197,1228,200,2025-01-15
198,47,50,2026-06-05
199,2203,0,2024-08-28
200,1969,750,2025-07-06
201,3620,2000,2025-08-05
202,1647,200,2024-11-08
203,3269,2000,2025-04-06
204,3606,300,2024-09-07
205,3517,1000,2025-05-12
206,263,0,2025-09-18
207,4692,150,2026-01-15
208,2557,500,2025-07-16
209,1566,100,2024-12-21
210,4869,150,2025-02-04
211,682,150,2024-02-16
212,2751,50,2024-10-03
213,2879,300,2025-09-07
214,2196,2000,2024-01-19
215,807,2000,2026-07-29
216,455,1000,2024-03-29
217,646,100,2026-06-10
218,564,250,2024-01-24
219,3873,0,2026-02-07
220,437,500,2025-02-06
221,221,1000,2026-05-28
222,2761,300,2025-02-19
223,324,2000,2025-11-25
224,2572,200,2026-07-19
225,2245,1500,2026-06-08
226,4378,750,2025-12-26
227,3246,2000,2024-07-12
228,3080,50,2026-03-24
229,1683,0,2024-10-08
230,417,150,2025-06-03
231,4813,0,2025-06-26
232,1034,1500,2024-07-07
233,4269,100,2025-05-17
234,2952,300,2026-05-21
235,2581,500,2025-03-03
236,4548,100,2025-08-18
237,658,50,2024-05-10
238,3380,100,2025-12-16
239,3140,1000,2025-01-19
240,3651,0,2025-08-17
241,3324,0,2025-02-15
242,2287,500,2024-06-27
243,2268,300,2026-02-20
244,1813,200,2024-12-21
245,3457,250,2025-02-28
246,1118,500,2024-05-10
247,1490,1500,2024-11-23
248,3752,300,2024-06-11
249,2465,500,2024-05-22
250,282,150,2024-05-19
251,3894,500,2025-12-01
252,4407,1000,2025-06-20
253,2029,200,2026-04-07
254,235,250,2024-03-21
255,3199,2000,2026-02-22
256,1733,250,2024-10-15
257,824,0,2024-01-17
258,955,150,2024-08-22
259,326,150,2025-10-28
260,301,200,2026-03-23
261,3643,200,2025-12-10
262,3548,500,2025-09-22
263,3692,1500,2024-07-29
264,2769,1500,2024-05-05
265,913,150,2025-09-26
266,3988,750,2026-02-24
267,3724,100,2024-04-07
268,4108,200,2025-05-22
269,3716,500,2025-08-23
270,3361,500,2024-02-02
271,3895,200,2026-05-12
272,189,150,2024-02-11
273,996,750,2025-07-29
274,2292,500,2025-04-29
275,2660,0,2026-01-21
276,2386,1000,2025-05-13
277,1588,300,2024-10-20
278,2084,1500,2025-06-14
279,4731,1500,2026-07-18
280,2073,250,2024-09-23
281,1771,2000,2024-06-16
282,4762,750,2026-02-14
283,1500,250,2024-08-20
284,1488,750,2025-04-16
285,2994,100,2024-04-17
286,4387,1000,2025-09-20
287,568,750,2026-08-03
288,1798,100,2025-04-13
289,215,2000,2026-01-26
290,1718,500,2026-03-09
291,1004,500,2025-03-08
292,877,50,2025-11-27
293,59,1500,2026-02-23
294,2876,250,2025-08-05
295,1027,1500,2026-01-05
296,3898,500,2024-01-08
297,534,250,2025-08-15
298,3710,0,2026-08-02
299,395,50,2025-05-19
300,654,2000,2026-01-16
301,69,500,2024-11-13
302,1941,500,2025-05-16
303,2060,200,2024-10-29
304,4779,300,2026-05-31
305,3744,50,2025-05-12
306,4012,2000,2024-03-06
307,3301,1500,2025-10-20
308,2723,300,2024-07-13
309,2388,0,2024-01-02
310,3407,2000,2024-04-25
311,3015,50,2024-08-15
312,139,200,2026-01-17
313,2157,2000,2026-05-07
314,3009,0,2026-03-02
315,1016,750,2024-09-17
316,2201,300,2025-01-05
317,1053,150,2025-12-03
318,1695,200,2025-09-16
319,1994,1500,2024-06-18
320,3040,0,2024-01-18
321,2256,1000,2025-06-09
322,2431,2000,2024-03-08
323,2803,1500,2024-06-29
324,3463,300,2026-08-02
325,2912,750,2024-09-10
326,2955,150,2024-07-29
327,1598,750,2026-05-11
328,4053,750,2024-12-31
329,3335,50,2025-08-23
330,3933,250,2026-06-08
331,2371,1500,2024-10-23
332,3178,1500,2024-07-05
333,2640,2000,2026-04-08
334,675,0,2026-05-07
335,2008,500,2026-06-21
336,4795,300,2025-11-15
337,2393,1000,2026-05-15
338,4362,1000,2024-09-18
339,4654,2000,2025-09-22
340,921,150,2025-05-15
341,2807,500,2025-07-16
342,666,100,2025-10-28
343,4437,150,2026-05-28
344,3576,0,2024-01-31
345,382,50,2025-08-18
346,1513,50,2026-08-07
347,1663,1000,2024-10-01
348,1330,100,2024-12-28
349,3186,50,2025-11-24
350,2472,250,2025-11-15
351,2376,500,2025-04-28
352,1750,250,2024-08-02
353,3772,750,2025-12-29
354,2000,100,2024-12-04
355,1734,500,2025-08-10
356,3244,1500,2024-11-15
357,2981,2000,2026-04-19
358,4317,500,2025-08-22
359,3518,150,2026-04-14
360,2509,200,2026-06-11
361,3224,1500,2026-07-02
362,3951,750,2026-06-04
363,4105,250,2025-07-24
364,3042,1000,2024-02-03
365,2603,750,2026-02-26
366,3740,0,2025-04-21
367,2502,200,2025-11-06
368,1030,0,2026-06-15
369,4835,150,2026-01-15
370,4375,0,2024-02-01
371,728,750,2026-02-17
372,4712,250,2025-04-17
373,584,2000,2026-03-15
374,1864,150,2024-10-30
375,4191,100,2024-10-03
376,173,1000,2025-04-22
377,2402,50,2026-07-06
378,3079,2000,2025-10-03
379,4734,150,2026-01-24
380,653,50,2024-08-04
381,2335,750,2024-08-04
382,2080,150,2024-01-04
383,3277,250,2024-12-09
384,758,250,2024-11-01
385,352,0,2026-01-24
386,4465,150,2025-03-04
387,441,1500,2024-05-20
388,817,2000,2025-04-08
389,272,500,2024-02-23
390,4067,200,2024-03-09
391,3886,1500,2025-09-23
392,111,500,2024-09-18
393,2856,750,2024-08-03
394,3367,300,2026-03-11
395,3203,50,2024-11-13
396,101,0,2024-08-13
397,3441,100,2025-05-23
398,1114,2000,2025-03-16
399,2044,250,2025-12-06
400,1523,250,2025-07-05
401,4903,750,2025-12-19
402,3455,2000,2025-05-20
403,4554,300,2025-06-23
404,1895,250,2026-04-24
405,287,100,2024-12-03
406,2956,300,2025-12-07
407,3166,750,2024-10-21
408,760,150,2025-05-18
409,4801,0,2026-01-21
410,2887,300,2025-02-09
411,1724,150,2025-01-11
412,4080,0,2026-06-19
413,3511,50,2026-05-26
414,18,2000,2026-07-31
415,2559,300,2025-01-26
416,3711,50,2026-07-04
417,2443,0,2024-12-07
418,1752,300,2026-01-12
419,2673,150,2024-01-14
420,3351,100,2024-04-13
421,967,100,2026-08-06
422,3319,0,2025-09-24
423,3719,300,2025-09-13
424,3712,100,2024-07-09
425,4140,1000,2025-10-21
426,999,750,2025-01-17
427,1361,750,2024-03-26
428,2277,1500,2024-12-26
429,2860,100,2025-05-27
430,937,1000,2025-04-28
431,1745,1000,2026-07-15
432,867,1000,2026-01-15
433,3072,300,2026-07-02
434,4117,750,2024-07-29
435,4123,300,2026-07-29
436,2278,50,2024-03-15
437,2850,2000,2025-06-21
438,1910,250,2026-01-12
439,3414,1000,2025-03-09
440,281,50,2025-04-05
441,4266,100,2024-06-28
442,4230,250,2025-05-04
443,370,300,2024-10-01
444,2361,50,2024-08-12
445,3815,0,2025-03-12
446,1900,500,2025-12-01
447,1197,1000,2026-02-15
448,781,750,2026-06-18
449,493,1000,2025-05-26
450,3197,750,2024-10-29
451,2737,2000,2024-09-06
452,2042,100,2024-02-28
453,1657,1500,2024-03-17
454,3966,300,2025-10-18
455,1265,100,2025-06-09
456,3156,100,2024-03-13
457,4848,250,2024-09-04
458,3073,2000,2025-04-23
459,1816,200,2026-02-10
460,2658,100,2024-07-12
461,4209,200,2025-01-09
462,2670,50,2026-07-11
463,3909,750,2025-07-26
464,3871,250,2025-05-11
465,1779,1000,2024-09-04
466,4614,500,2026-03-17
467,1253,250,2026-06-14
468,3401,300,2025-10-12
469,4331,1000,2025-11-18
470,1630,1500,2025-11-09
471,2938,150,2024-07-25
472,2459,0,2025-03-30
473,4576,500,2024-02-04
474,3388,150,2024-03-12
475,2866,500,2026-04-26
476,1583,200,2024-03-24
477,4402,50,2026-05-30
478,2183,300,2026-05-07
479,155,750,2026-04-14
480,2200,150,2025-09-04
481,4680,50,2026-07-29
482,2309,1500,2025-02-01
483,2239,750,2025-03-19
484,4401,2000,2025-11-30
485,797,100,2026-07-25
486,478,750,2024-04-08
487,470,250,2024-05-05
488,1402,150,2024-10-04
489,2536,250,2024-05-20
490,356,1500,2024-06-02
491,71,1500,2025-01-17
492,686,0,2025-10-12
493,4272,50,2024-08-26
494,2188,250,2024-09-09
495,4726,200,2024-01-19
496,3037,750,2025-05-23
497,4137,250,2024-01-22
498,3883,200,2025-08-28
499,594,50,2024-03-12
500,178,1000,2026-03-03
501,36,250,2025-08-10
502,1581,100,2025-02-28
503,4629,100,2024-08-03
504,4121,50,2024-07-10
505,2983,50,2026-05-27
506,2354,1500,2026-06-07
507,923,300,2026-04-01
508,1318,100,2025-11-18
509,4696,50,2026-05-01
510,4708,2000,2024-08-29
511,2567,1000,2025-04-30
512,2984,1500,2024-02-01
513,914,200,2024-11-06
514,4719,100,2024-05-02
515,2579,250,2024-10-10
516,3747,200,2025-11-16
517,388,150,2026-01-28
518,1691,2000,2024-07-05
519,142,200,2025-02-18
520,33,100,2025-08-01
521,3521,2000,2025-09-14
522,3715,1500,2025-04-02
523,4841,1000,2024-05-12
524,24,1500,2026-06-06
525,1462,300,2025-01-21
526,2732,1000,2025-06-26
527,2586,300,2026-04-02
528,1241,2000,2026-01-12
529,926,1500,2026-07-31
530,67,300,2026-07-05
531,4846,2000,2026-01-14
532,2219,150,2024-05-12
533,4025,750,2024-12-09
534,2421,300,2024-05-06
535,820,1500,2024-12-23
536,2167,750,2026-01-28
537,2138,250,2025-12-14
538,821,2000,2025-06-11
539,1021,300,2024-12-14
540,2547,750,2024-04-30
541,1322,50,2025-10-09
542,2931,750,2025-04-03
543,2086,200,2024-02-04
544,2569,500,2024-02-15
545,1471,0,2024-01-13
546,3892,500,2024-06-23
547,4027,750,2026-02-16
548,3411,50,2024-03-15
549,4321,250,2025-10-13
550,4183,750,2024-09-01
551,1256,750,2025-12-24
552,816,0,2024-06-22
553,4405,750,2025-11-04
554,3099,150,2024-12-21
555,2610,1000,2025-12-28
556,3074,150,2026-06-02
557,2511,100,2026-03-25
558,2718,300,2024-08-03
559,4662,750,2024-12-28
560,4443,500,2024-09-03
561,789,0,2025-10-17
562,1005,50,2025-12-30
563,3086,250,2024-03-02
564,4645,50,2024-06-05
565,1607,200,2026-05-02
566,379,1500,2024-05-14
567,882,0,2024-05-21
568,3610,100,2024-03-03
569,4365,250,2026-05-28
570,1799,250,2026-03-15
571,1690,0,2024-11-13
572,2092,300,2025-04-19
573,2433,250,2024-04-02
574,2930,1500,2024-01-04
575,345,300,2025-02-22
576,3403,750,2025-01-26
577,3271,750,2026-05-16
578,3429,200,2024-03-01
579,1834,0,2025-11-25
580,4003,0,2025-02-23
581,1314,200,2024-10-13
582,51,0,2025-08-12
583,615,200,2024-07-27
584,1438,150,2024-10-25
585,4702,2000,2024-12-09
586,2663,250,2024-08-28
587,3595,1500,2025-12-04
588,3507,2000,2025-11-04
589,2623,500,2024-05-15
590,2352,2000,2026-07-03
591,4093,1500,2024-05-05
592,1367,250,2026-05-27
593,1649,300,2026-01-27
594,3723,150,2024-10-18
595,3907,1500,2024-08-23
596,472,0,2025-09-10
597,2667,2000,2024-03-28
598,2982,750,2024-09-04
599,4052,750,2026-04-18
600,4104,200,2026-06-21
601,1283,0,2025-02-05
602,1476,500,2025-10-04
603,2495,200,2026-08-09
604,4073,50,2025-02-02
605,4978,300,2025-06-04
606,175,2000,2024-06-20
607,3585,1000,2026-05-21
608,3241,200,2026-07-28
609,1789,100,2025-01-14
610,1281,150,2024-12-03
611,3207,0,2024-07-20
612,406,50,2024-08-30
613,2088,750,2024-03-06
614,3613,50,2025-09-16
615,2166,0,2026-05-15
616,779,2000,2024-12-02
617,729,300,2026-06-27
618,3675,200,2026-07-21
619,1092,500,2024-04-04
620,2680,250,2024-04-18
621,663,0,2025-12-26
622,3337,150,2026-02-19
623,2784,200,2025-11-01
624,2122,100,2024-01-19
625,4582,250,2025-12-24
626,3580,0,2024-06-16
627,2760,200,2026-01-05
628,4302,2000,2025-09-20
629,3798,50,2026-04-28
630,3344,250,2026-05-27
631,1467,1000,2026-04-26
632,2544,1000,2025-01-27
633,2530,500,2025-07-27
634,4711,2000,2024-04-25
635,3652,1000,2024-11-25
636,3346,250,2025-03-04
637,291,0,2025-04-29
638,2096,250,2026-04-18
639,2785,500,2024-03-06
640,4738,1500,2026-06-15
641,4651,750,2024-03-01
642,4301,250,2025-04-01
643,3137,50,2026-02-20
644,3999,200,2025-06-14
645,3163,250,2024-08-25
646,348,0,2025-11-17
647,2766,100,2024-11-23
648,2156,250,2024-08-12
649,335,100,2024-06-20
650,260,250,2025-10-14
651,3558,500,2024-06-23
652,943,150,2025-07-06
653,987,1000,2024-07-17
654,898,250,2024-12-05
655,3599,1000,2025-04-09
656,1604,1000,2025-10-29
657,1174,50,2024-02-05
658,1861,750,2025-08-10
659,2127,300,2026-07-14
660,2227,150,2026-03-25
661,725,1500,2026-07-26
662,2205,2000,2025-09-27
663,4672,1000,2024-12-13
664,1879,500,2026-02-09
665,707,300,2024-04-11
666,1353,150,2024-06-18
667,3415,2000,2026-04-29
668,4086,200,2026-02-09
669,1169,200,2024-03-15
670,2793,1500,2024-10-14
671,528,150,2025-05-06
672,1527,250,2025-12-14
673,3014,150,2025-06-08
674,2539,0,2026-04-21
675,3450,2000,2025-05-28
676,1397,50,2024-02-20
677,4725,200,2026-01-16
678,2774,300,2025-03-03
679,2601,300,2024-08-24
680,4020,750,2024-09-06
681,4409,250,2024-06-16
682,3273,500,2026-07-04
683,3727,100,2026-05-27
684,4095,300,2025-02-23
685,2238,2000,2024-05-29
686,855,150,2024-05-28
687,4047,100,2024-09-04
688,1360,500,2024-06-22
689,1324,50,2024-02-16
690,1857,300,2024-01-17
691,49,50,2024-09-20
692,1018,1000,2025-11-08
693,3657,2000,2024-12-25
694,190,50,2024-05-26
695,3469,200,2024-04-26
696,146,150,2025-12-08
697,219,50,2024-04-25
698,689,300,2026-04-08
699,384,100,2026-06-24
700,3431,1500,2026-06-23
701,2294,250,2024-11-23
702,1147,50,2026-03-19
703,708,750,2026-03-17
704,3255,750,2024-11-09
705,1897,500,2025-02-26
706,29,750,2026-07-30
707,1788,100,2024-08-03
708,3903,150,2024-10-11
709,2151,750,2024-10-02
710,1426,150,2024-01-30
711,444,1000,2025-08-21
712,2230,50,2024-04-03
713,3310,300,2025-05-02
714,3574,1500,2024-08-20
715,3541,500,2026-06-02
716,3921,300,2025-06-09
717,1431,150,2024-12-27
718,2234,50,2024-01-28
719,1510,250,2025-07-03
720,3520,2000,2025-03-18
721,3581,200,2025-03-12
722,3375,1500,2025-08-10
723,2904,50,2025-02-03
724,1614,100,2024-07-07
725,4426,100,2026-05-14
726,1738,200,2024-12-03
727,988,250,2024-03-19
728,4786,750,2025-05-09
729,1807,2000,2026-06-05
730,2098,50,2026-05-20
731,4885,200,2025-01-06
732,4374,50,2024-02-22
733,2336,50,2025-11-22
734,4444,1500,2025-03-08
735,1418,50,2026-05-31
736,2131,100,2025-03-28
737,2221,250,2026-07-20
738,4775,200,2025-07-21
739,1815,50,2025-11-03
740,1194,500,2024-10-03
741,3922,300,2024-10-26
742,679,1500,2025-12-28
743,1404,1500,2024-05-05
744,2016,0,2024-12-13
745,253,2000,2026-01-04
746,3512,750,2025-11-23
747,1562,1500,2025-09-21
748,3231,1000,2025-04-27
749,2991,0,2025-05-11
750,1677,150,2024-02-20
751,3066,100,2024-02-15
752,2236,1000,2024-09-08
753,3625,100,2025-04-01
754,2847,750,2025-11-29
755,4504,1500,2024-06-13
756,4602,250,2024-03-30
757,3406,150,2026-01-16
758,1120,150,2024-08-25
759,3433,2000,2024-03-16
760,1716,750,2025-01-31
761,4213,2000,2024-01-08
762,4101,250,2024-05-04
763,2551,500,2024-04-01
764,2389,0,2024-09-22
765,88,250,2026-05-21
766,3118,50,2024-12-12
767,3054,150,2024-04-10
768,411,0,2025-09-08
769,2898,250,2026-06-24
770,2948,1500,2024-04-02
771,3734,100,2024-06-04
772,4647,150,2026-06-04
773,4071,50,2024-09-13
774,4474,250,2024-07-29
775,2310,750,2024-05-04
776,694,150,2025-09-02
777,1106,1000,2025-11-11
778,4574,750,2025-04-17
779,2528,150,2026-04-10
780,1501,300,2025-05-13
781,1473,250,2024-04-14
782,300,2000,2025-10-30
783,2152,50,2025-02-15
784,3958,500,2026-06-14
785,2303,750,2026-04-13
786,1007,500,2024-10-21
787,1824,1500,2024-05-26
788,1150,50,2026-07-24
789,2446,0,2026-03-28
790,2123,250,2025-08-13
791,428,0,2025-05-04
792,4107,50,2024-01-09
793,4379,500,2024-04-23
794,4977,200,2024-10-11
795,4327,1500,2024-06-11
796,1817,100,2025-06-18
797,2758,300,2024-04-04
798,498,2000,2024-12-24
799,4797,150,2026-03-14
800,1176,750,2024-09-28
801,2126,100,2025-03-18
802,3975,300,2025-08-02
803,535,300,2025-07-28
804,3550,1500,2024-06-21
805,3047,500,2025-06-14
806,3394,1500,2025-11-24
807,3660,0,2025-06-19
808,2061,750,2025-12-26
809,3959,1000,2025-10-01
810,636,200,2026-02-15
811,4199,1000,2025-06-30
812,1564,0,2026-02-05
813,2392,250,2026-04-26
814,3115,250,2024-12-03
815,1905,500,2024-08-10
816,892,0,2025-08-16
817,197,750,2025-01-22
818,4138,50,2024-08-29
819,1447,50,2025-09-07
820,3647,1000,2024-07-20
821,3636,2000,2024-10-11
822,1154,1500,2024-12-31
823,1993,2000,2026-01-18
824,3695,300,2024-01-04
825,171,150,2024-12-29
826,3157,1000,2024-01-18
827,2921,50,2026-06-20
828,1311,0,2025-02-27
829,1422,2000,2026-01-23
830,212,1500,2025-02-20
831,4579,500,2026-07-31
832,702,2000,2024-09-05
833,1921,1000,2025-03-10
834,4721,200,2026-04-13
835,3609,150,2025-03-02
836,683,1500,2024-08-26
837,1252,750,2024-04-17
838,2541,1500,2024-05-18
839,2927,150,2025-02-02
840,4875,250,2025-06-10
841,3120,500,2026-02-07
842,4611,500,2024-04-11
843,897,750,2026-05-23
844,4487,1000,2025-01-25
845,3308,50,2026-03-17
846,4735,100,2025-06-15
847,4470,2000,2024-11-28
848,1456,250,2024-11-05
849,4396,2000,2025-10-11
850,2318,750,2024-01-13
851,526,0,2025-05-30
852,1128,300,2026-07-05
853,4772,2000,2025-01-18
854,3877,1000,2026-01-07
855,1389,1000,2025-06-08
856,3331,500,2026-03-15
857,1370,2000,2025-03-14
858,3108,100,2025-01-20
859,1430,150,2025-10-05
860,3770,300,2024-08-21
861,3288,1500,2024-10-29
862,1601,150,2024-12-16
863,3701,200,2025-07-01
864,1412,0,2024-11-30
865,3232,250,2024-03-21
866,622,50,2024-06-11
867,2868,500,2024-09-12
868,244,250,2024-08-31
869,871,250,2024-02-05
870,934,750,2026-05-02
871,91,250,2025-12-16
872,2863,50,2025-09-15
873,599,50,2025-09-16
874,4194,1500,2025-03-19
875,2910,500,2024-08-03
876,3592,250,2024-03-10
877,2923,50,2025-02-17
878,4592,2000,2026-08-01
879,2420,300,2025-03-12
880,1059,0,2024-07-17
881,1823,200,2024-08-08
882,3590,0,2026-04-12
883,3062,1500,2026-05-17
884,2727,1500,2024-10-10
885,843,500,2024-03-31
886,1751,500,2024-10-12
887,2043,500,2024-08-14
888,4227,150,2024-06-05
889,3829,150,2024-08-01
890,2048,750,2024-01-25
891,2519,2000,2025-01-06
892,2271,200,2025-04-17
893,3764,0,2026-03-27
894,2340,2000,2024-03-29
895,2638,1500,2024-03-03
896,4976,150,2025-06-26
897,4802,500,2026-06-06
898,4330,50,2025-03-08
899,3957,200,2025-02-21
900,983,1000,2026-02-26
901,3713,250,2026-03-05
902,4690,100,2024-05-28
903,2520,750,2026-08-04
904,1530,200,2025-01-30
905,3905,1500,2024-12-21
906,890,2000,2024-11-02
907,4451,750,2026-01-06
908,3085,0,2026-06-22
909,2830,50,2026-05-15
910,4424,150,2024-04-05
911,537,300,2025-08-14
912,2249,100,2024-05-29
913,4442,1500,2024-06-28
914,976,300,2025-03-29
915,4144,150,2026-04-09
916,4349,1000,2024-12-01
917,4377,500,2025-05-22
918,1011,200,2025-01-07
919,1483,300,2024-07-17
920,1939,750,2025-08-17
921,3444,300,2026-04-22
922,4866,750,2024-03-05
923,4776,2000,2025-03-07
924,810,300,2024-10-20
925,466,100,2026-04-06
926,3555,0,2025-03-09
927,2917,100,2024-07-13
928,2688,300,2026-03-23
929,4716,200,2024-04-27
930,809,0,2024-07-08
931,3577,2000,2024-12-15
932,3127,300,2025-04-20
933,476,0,2024-10-14
934,4017,2000,2025-04-15
935,3326,200,2024-05-03
936,4371,300,2024-10-24
937,1202,200,2024-02-20
938,4403,200,2024-09-16
939,3181,2000,2026-04-27
940,2641,50,2025-05-08
941,3908,300,2025-01-23
942,1040,2000,2026-05-28
943,230,100,2025-11-27
944,183,500,2025-06-11
945,2906,300,2026-01-25
946,16,500,2025-03-14
947,2625,50,2024-11-24
948,4937,2000,2025-05-22
949,2327,1000,2024-08-25
950,1672,100,2025-02-01
951,4544,250,2024-06-29
952,4957,2000,2026-05-24
953,2406,750,2024-01-28
954,1368,100,2026-07-21
955,1460,250,2026-06-26
956,4430,300,2025-04-22
957,314,500,2025-02-01
958,4570,1500,2024-03-06
959,164,100,2026-01-26
960,1020,200,2024-02-13
961,4234,0,2026-02-14
962,3151,300,2024-02-21
963,4173,1500,2024-10-29
964,2473,300,2026-07-23
965,1737,250,2024-07-17
966,3159,500,2024-11-26
967,3834,300,2025-03-26
968,1097,200,2025-06-03
969,1960,500,2024-11-26
970,3801,500,2025-08-14
971,4277,50,2025-11-04
972,54,300,2026-03-13
973,4929,0,2025-09-10
974,1536,250,2024-03-15
975,3353,200,2026-06-15
976,3447,500,2024-05-16
977,1043,750,2024-07-28
978,1100,250,2026-08-01
979,2752,1000,2025-05-14
980,4868,300,2024-02-14
981,731,250,2025-10-26
982,1944,1000,2024-08-26
983,4925,200,2024-11-15
984,3818,0,2024-02-15
985,4118,300,2025-05-28
986,3389,2000,2025-04-17
987,92,500,2025-03-24
988,2692,1500,2025-10-08
989,4511,50,2024-04-09
990,412,300,2025-05-05
991,3845,1000,2025-03-03
992,132,1500,2025-06-07
993,576,200,2025-10-18
994,456,500,2025-07-24
995,1416,250,2026-05-07
996,2990,1500,2025-11-30
997,801,300,2026-05-05
998,1457,0,2026-05-14
999,3478,1000,2025-03-23
1000,4112,250,2026-07-16
1001,2162,500,2025-04-09
1002,46,1000,2026-05-28
1003,3449,750,2026-02-07
1004,4226,250,2025-05-13
1005,3266,1500,2025-10-05
1006,3571,150,2024-10-26
1007,4750,750,2025-11-18
1008,3532,50,2026-05-07
1009,2538,300,2026-02-05
1010,3001,100,2025-10-20
1011,37,2000,2024-12-10
1012,4693,500,2024-05-10
1013,1276,500,2025-09-22
1014,1587,300,2026-03-05
1015,770,200,2026-07-27
1016,389,300,2026-06-05
1017,4823,300,2025-02-04
1018,2806,1000,2024-10-29
1019,2487,750,2024-07-29
1020,4333,750,2024-05-14
1021,4390,200,2025-06-25
1022,2996,1500,2025-10-05
1023,3910,1000,2026-05-19
1024,3594,1000,2026-07-07
1025,1988,300,2025-12-16
1026,3753,250,2026-04-30
1027,2047,1500,2025-06-04
1028,2995,1500,2026-01-07
1029,3031,1500,2024-01-17
1030,3946,300,2025-01-14
1031,4825,0,2025-06-10
1032,1298,1000,2024-09-29
1033,3300,250,2025-12-01
1034,4098,2000,2025-06-01
1035,2518,100,2024-09-12
1036,307,250,2026-06-17
1037,1475,2000,2024-04-30
1038,4881,1500,2024-08-05
1039,4048,50,2026-05-06
1040,1445,750,2024-10-06
1041,2695,300,2026-02-24
1042,751,300,2024-02-28
1043,556,750,2026-01-05
1044,3133,2000,2024-01-09
1045,4827,50,2026-03-26
1046,2142,1000,2024-10-25
1047,2442,300,2025-06-03
1048,2620,500,2024-04-26
1049,3330,1000,2024-11-25
1050,2626,300,2024-05-30
1051,3561,200,2025-05-26
1052,2498,0,2025-10-05
1053,2540,300,2024-02-09
1054,1451,50,2024-02-07
1055,601,150,2025-01-28
1056,2647,1500,2026-07-26
1057,4687,150,2025-09-19
1058,4205,1500,2026-08-08
1059,4204,500,2026-04-07
1060,1940,2000,2025-10-28
1061,3112,1000,2026-05-06
1062,650,0,2025-08-08
1063,2699,200,2026-07-16
1064,1673,0,2024-11-15
1065,3860,500,2025-12-04
1066,2652,1500,2026-01-26
1067,950,200,2025-10-22
1068,3303,0,2024-08-01
1069,1624,750,2026-08-07
1070,1968,200,2025-12-06
1071,3980,50,2024-09-06
1072,2883,250,2025-02-13
1073,3169,1000,2025-07-29
1074,3745,1500,2026-01-10
1075,2731,500,2024-04-22
1076,2694,50,2024-09-07
1077,1711,0,2024-02-05
1078,1369,250,2025-08-24
1079,684,1500,2026-04-30
1080,3891,1500,2025-07-17
1081,2302,500,2025-05-24
1082,4467,100,2026-01-28
1083,617,0,2026-03-12
1084,4640,1000,2026-05-08
1085,1504,750,2024-06-25
1086,3229,300,2025-09-04
1087,1720,100,2025-02-26
1088,3008,200,2025-11-25
1089,4934,100,2024-08-03
1090,7,100,2024-08-19
1091,3930,300,2025-11-06
1092,1684,50,2025-08-30
1093,2175,2000,2024-01-27
1094,539,1000,2024-03-27
1095,2065,750,2026-03-03
1096,3243,250,2025-10-27
1097,1428,750,2026-03-15
1098,657,500,2024-11-25
1099,2366,2000,2024-06-21
1100,3235,200,2024-08-13
1101,2552,100,2025-03-27
1102,614,750,2024-08-25
1103,4389,50,2026-03-19
1104,1310,100,2025-04-09
1105,4435,2000,2025-01-22
1106,4044,200,2024-04-27
1107,4598,300,2025-02-14
1108,2888,100,2024-03-02
1109,1464,50,2025-05-28
1110,4874,50,2025-11-19
1111,533,1000,2024-10-13
1112,856,50,2024-08-22
1113,2958,50,2025-12-25
1114,4557,1000,2025-09-02
1115,2289,2000,2026-05-06
1116,2880,750,2024-07-08
1117,3901,750,2024-10-06
1118,4829,1000,2024-10-13
1119,3587,50,2025-03-16
1120,2621,250,2026-07-15
1121,2252,750,2025-02-06
1122,3941,300,2024-11-25
1123,154,1000,2025-11-17
1124,4153,1500,2025-09-26
1125,2400,2000,2025-05-16
1126,1050,200,2024-01-10
1127,2646,100,2025-07-25
1128,3387,200,2024-12-06
1129,3950,2000,2025-08-17
1130,3629,500,2026-02-07
1131,4707,1500,2025-01-09
1132,4433,0,2026-01-18
1133,1727,300,2026-01-02
1134,1576,150,2024-08-11
1135,3717,2000,2026-08-03
1136,2228,2000,2026-02-28
1137,2782,500,2024-10-15
1138,4650,200,2025-08-02
1139,4019,100,2025-05-18
1140,3295,50,2026-01-23
1141,969,150,2025-11-18
1142,1678,200,2025-10-09
1143,700,150,2025-10-28
1144,628,2000,2024-11-14
1145,3787,0,2025-05-14
1146,2531,200,2026-05-30
1147,4730,150,2026-04-20
1148,2102,0,2025-06-21
1149,1484,750,2025-02-23
1150,2882,100,2026-05-30
1151,2397,300,2025-07-24
1152,864,500,2024-12-08
1153,4787,100,2026-03-28
1154,4634,750,2026-08-02
1155,2050,2000,2024-11-25
1156,4890,0,2025-09-07
1157,4940,2000,2025-05-11
1158,3390,0,2024-10-23
1159,4618,50,2024-06-06
1160,2373,1500,2026-01-18
1161,4537,300,2025-02-16
1162,243,250,2026-03-08
1163,1225,150,2024-02-16
1164,2229,150,2025-03-30
1165,3172,1000,2025-09-03
1166,1623,100,2024-12-09
1167,2599,250,2025-10-25
1168,1943,300,2025-03-11
1169,4985,150,2024-04-28
1170,407,100,2026-04-03
1171,925,50,2025-04-23
1172,4203,1000,2025-03-23
1173,4077,0,2024-11-01
1174,4309,1500,2025-06-06
1175,3586,150,2024-12-03
1176,245,150,2024-04-05
1177,3687,150,2024-12-01
1178,4594,0,2024-06-04
1179,468,1000,2024-01-13
1180,2624,750,2026-04-21
1181,2326,200,2026-04-22
1182,1362,750,2024-05-18
1183,3867,250,2024-04-24
1184,3144,1000,2025-09-11
1185,3195,1500,2026-04-28
1186,1888,750,2025-11-03
1187,4659,1500,2024-07-04
1188,3837,2000,2025-05-28
1189,2899,50,2024-04-21
1190,4729,750,2026-03-02
1191,436,2000,2026-07-14
1192,4895,2000,2025-06-24
1193,2107,1500,2025-04-21
1194,460,100,2025-06-26
1195,3261,500,2026-04-16
1196,4224,0,2026-05-16
1197,2770,100,2024-12-31
1198,3334,1000,2024-04-02
1199,1149,750,2024-11-25
1200,1190,150,2025-09-29
1201,1928,100,2026-06-11
1202,823,250,2024-02-03
1203,3332,100,2024-03-09
1204,242,100,2025-12-06
1205,4318,50,2025-07-17
1206,3291,250,2024-02-11
1207,3121,100,2024-08-06
1208,254,150,2025-03-03
1209,3605,750,2025-04-26
1210,2574,750,2026-04-24
1211,2953,1000,2026-02-11
1212,3943,750,2024-10-28
1213,667,150,2026-07-21
1214,1213,250,2025-05-23
1215,1065,300,2024-09-25
1216,386,0,2025-03-17
1217,3788,1500,2026-07-10
1218,3694,1000,2024-07-12
1219,2973,1500,2024-05-23
1220,4441,0,2025-12-14
1221,2035,0,2025-11-16
1222,1637,750,2026-01-04
1223,4311,1000,2025-09-29
1224,27,750,2024-05-31
1225,122,200,2024-07-20
1226,2637,200,2025-10-10
1227,1093,1500,2025-05-11
1228,3516,200,2026-02-10
1229,2456,50,2026-06-01
1230,4642,300,2026-05-04
1231,2118,0,2025-12-14
1232,2580,50,2025-10-19
1233,3270,150,2024-10-02
1234,425,250,2025-06-25
1235,4689,300,2024-08-01
1236,1519,750,2026-01-12
1237,1563,750,2024-01-13
1238,3991,250,2024-06-14
1239,1744,200,2025-05-28
1240,4974,750,2024-12-24
1241,606,0,2025-09-09
1242,3533,1500,2025-12-21
1243,3997,100,2024-07-10
1244,2777,750,2025-11-29
1245,414,50,2025-08-02
1246,1676,50,2026-02-23
1247,2644,0,2026-04-11
1248,1173,1500,2025-12-05
1249,726,1500,2026-06-16
1250,1915,1500,2024-10-02
1251,1973,300,2024-11-13
1252,3968,2000,2025-09-27
1253,1201,0,2025-06-23
1254,3824,250,2024-06-01
1255,1208,750,2025-07-24
1256,3493,750,2025-02-13
1257,133,1000,2025-02-02
1258,3823,1000,2024-05-13
1259,3282,500,2026-03-31
1260,77,0,2026-02-22
1261,4092,1000,2024-07-08
1262,2543,1000,2025-09-06
1263,52,750,2026-04-10
1264,1230,100,2026-02-04
1265,494,200,2024-03-02
1266,4184,750,2025-08-25
1267,1708,150,2024-12-06
1268,3165,1500,2024-11-11
1269,4257,0,2026-07-23
1270,3258,100,2025-08-15
1271,461,250,2024-02-02
1272,3005,100,2025-09-06
1273,3327,500,2024-05-21
1274,358,0,2025-09-22
1275,303,2000,2026-06-07
1276,3519,250,2026-08-01
1277,3691,150,2026-02-04
1278,2320,2000,2024-11-29
1279,1594,150,2025-01-31
1280,3851,50,2026-07-19
1281,2993,50,2025-05-11
1282,4010,500,2026-06-25
1283,1761,50,2026-05-13
1284,2942,50,2024-01-23
1285,2804,750,2026-05-29
1286,2925,1000,2025-11-19
1287,3436,100,2024-10-11
1288,1913,100,2024-10-09
1289,4298,200,2026-07-28
1290,3763,1500,2024-07-07
1291,3430,50,2025-02-04
1292,4382,1000,2024-06-16
1293,439,0,2025-02-21
1294,1481,1500,2026-02-05
1295,4638,250,2025-08-27
1296,2423,150,2025-06-01
1297,341,2000,2024-04-19
1298,4668,500,2025-02-05
1299,1470,250,2025-05-06
1300,1627,150,2024-02-19
1301,264,1500,2024-12-15
1302,1976,1000,2026-02-25
1303,355,2000,2025-10-20
1304,4160,300,2026-03-26
1305,3795,200,2024-06-13
1306,4789,100,2024-04-16
1307,2350,50,2026-04-30
1308,302,0,2025-01-17
1309,4988,0,2026-02-26
1310,4354,200,2026-02-20
1311,1971,300,2025-02-11
1312,2507,0,2025-09-21
1313,250,750,2026-03-15
1314,2233,250,2026-02-27
1315,357,300,2024-10-21
1316,3664,300,2024-09-02
1317,2090,2000,2026-06-07
1318,2163,1500,2025-09-26
1319,1880,750,2024-05-19
1320,108,2000,2024-07-23
1321,2308,100,2024-01-17
1322,2798,50,2026-01-19
1323,887,1500,2026-07-26
1324,1615,300,2025-10-31
1325,2969,750,2025-03-17
1326,4972,1000,2026-08-03
1327,3794,0,2025-11-30
1328,2226,500,2025-09-22
1329,3451,750,2025-02-22
1330,2109,150,2025-01-05
1331,4294,0,2024-05-29
1332,971,250,2024-07-07
1333,4953,1500,2025-11-06
1334,1088,250,2024-02-23
1335,368,100,2024-04-08
1336,2192,0,2024-09-04
1337,141,250,2026-05-12
1338,1729,100,2024-02-16
1339,3731,150,2025-06-27
1340,3248,200,2026-07-27
1341,4479,100,2025-02-25
1342,1578,300,2026-06-19
1343,1682,300,2026-04-04
1344,4352,250,2025-02-05
1345,1616,750,2025-09-10
1346,3986,300,2024-06-07
1347,1709,1500,2024-11-10
1348,947,1000,2024-07-18
1349,674,0,2026-05-03
1350,4187,2000,2024-08-30
1351,3368,50,2025-10-25
1352,3559,250,2026-05-24
1353,3177,300,2025-05-12
1354,1983,2000,2025-05-19
1355,2215,500,2025-08-12
1356,4906,0,2025-03-25
1357,4215,1000,2025-04-09
1358,1667,1000,2025-11-27
1359,3427,150,2026-06-10
1360,1596,500,2024-09-04
1361,3077,0,2024-06-27
1362,993,250,2025-04-22
1363,1786,750,2025-07-03
1364,2913,50,2024-12-18
1365,3069,1000,2025-09-16
1366,3790,1500,2026-07-19
1367,4743,100,2024-05-28
1368,2885,750,2024-08-09
1369,3293,250,2024-10-16
1370,4637,50,2025-05-12
1371,2269,300,2025-10-02
1372,1946,100,2026-05-30
1373,3828,250,2024-04-19
1374,4186,1500,2026-01-26
1375,3952,150,2025-07-11
1376,2259,1500,2024-11-02
1377,3217,500,2024-04-17
1378,3030,2000,2024-01-06
1379,4870,500,2024-12-18
1380,518,2000,2026-07-30
1381,128,2000,2024-02-08
1382,3682,2000,2024-12-13
1383,94,200,2024-07-16
1384,1845,500,2024-12-31
1385,336,500,2025-02-06
1386,1608,750,2025-05-27
1387,1984,250,2025-10-13
1388,4273,100,2024-12-28
1389,3265,2000,2025-11-11
1390,627,750,2026-01-25
1391,249,300,2024-10-08
1392,1808,750,2024-11-26
1393,4229,150,2026-06-13
1394,3251,200,2024-12-31
1395,3084,250,2024-10-25
1396,3506,1500,2024-11-24
1397,4573,500,2025-11-27
1398,2348,1000,2025-07-22
1399,715,300,2024-10-03
1400,1512,0,2026-03-22
1401,813,1500,2026-06-25
1402,4502,100,2026-01-03
1403,2892,250,2025-04-25
1404,4739,200,2025-04-14
1405,2826,750,2026-06-01
1406,1840,2000,2024-07-02
1407,2615,50,2024-04-22
1408,2461,300,2025-02-24
1409,4838,300,2025-10-25
1410,2972,2000,2024-02-11
1411,3239,2000,2024-11-20
1412,41,1500,2026-05-02
1413,1701,300,2024-12-29
1414,4482,250,2024-06-16
1415,4954,50,2026-07-15
1416,1538,150,2024-06-20
1417,647,1000,2026-07-12
1418,3944,2000,2026-04-01
1419,270,1000,2024-11-07
1420,3614,100,2026-07-26
1421,216,50,2024-03-12
1422,4151,1500,2026-06-13
1423,4769,750,2025-12-13
1424,883,150,2024-08-06
1425,402,200,2024-03-10
1426,394,300,2026-03-20
1427,236,750,2024-12-02
1428,1,50,2026-07-04
1429,907,250,2025-01-04
1430,2932,250,2026-07-19
1431,1383,1000,2024-12-04
1432,2467,1000,2026-08-07
1433,3539,0,2026-02-12
1434,940,200,2025-05-15
1435,4314,500,2024-06-24
1436,3082,750,2024-03-02
1437,269,200,2024-07-26
1438,4828,1500,2024-01-15
1439,2935,500,2025-12-24
1440,951,0,2026-02-23
1441,1355,1500,2025-07-12
1442,960,0,2024-10-12
1443,4657,300,2024-05-06
1444,1592,500,2025-08-14
1445,4810,0,2024-07-03
1446,2121,300,2026-05-10
1447,238,150,2025-07-14
1448,3782,300,2026-03-04
1449,431,1000,2024-04-25
1450,3882,50,2025-12-31
1451,267,100,2026-05-30
1452,2453,1000,2025-06-10
1453,625,750,2024-07-05
1454,4263,250,2026-02-26
1455,3523,2000,2026-07-13
1456,1593,1000,2025-06-26
1457,4235,50,2025-07-01
1458,1535,1500,2025-04-01
1459,1794,500,2025-10-02
1460,60,750,2024-08-26
1461,984,750,2026-04-05
1462,1715,0,2026-08-09
1463,3180,1000,2026-03-21
1464,3147,100,2024-10-22
1465,2712,200,2025-03-14
1466,4306,1500,2024-02-17
1467,3396,1500,2024-07-22
1468,1377,50,2024-06-12
1469,1119,0,2025-02-16
1470,716,1500,2025-01-19
1471,574,0,2025-04-29
1472,2304,50,2025-05-18
1473,225,150,2025-10-26
1474,2133,250,2025-11-29
1475,255,1000,2024-12-12
1476,1045,1500,2024-07-13
1477,366,50,2026-08-02
1478,3913,300,2024-12-14
1479,848,200,2025-02-18
1480,1453,0,2024-04-20
1481,182,200,2024-08-28
1482,4799,1000,2026-01-11
1483,668,750,2024-12-27
1484,3890,50,2024-11-12
1485,891,300,2025-04-12
1486,1599,0,2025-04-27
1487,4509,2000,2024-09-20
1488,2508,250,2026-03-19
1489,241,1000,2024-07-01
1490,1419,2000,2025-04-09
1491,70,500,2024-09-01
1492,1790,250,2024-01-11
1493,38,1500,2024-10-19
1494,1553,1500,2024-10-13
1495,2780,1000,2024-01-10
1496,3371,100,2024-12-02
1497,2179,2000,2025-03-14
1498,4665,300,2025-12-16
1499,1450,1500,2024-01-02
1500,1924,300,2025-08-04
1501,1796,2000,2024-08-26
1502,280,300,2025-04-23
1503,2003,0,2025-09-19
1504,2568,1500,2024-12-01
1505,4728,0,2024-08-16
1506,2274,50,2024-05-26
1507,876,300,2025-10-05
1508,3527,150,2024-04-03
1509,2701,250,2026-05-03
1510,4195,1000,2026-07-25
1511,1953,0,2024-05-12
1512,1505,100,2025-12-22
1513,930,50,2025-10-27
1514,246,300,2024-03-01
1515,1681,50,2025-02-01
1516,1951,50,2025-11-13
1517,2242,250,2024-01-20
1518,4748,1000,2024-04-06
1519,1306,150,2026-06-11
1520,4449,250,2024-04-08
1521,695,500,2025-01-15
1522,948,1500,2025-08-21
1523,4599,250,2026-07-17
1524,2147,50,2024-02-07
1525,1048,1500,2025-04-29
1526,4551,500,2024-04-20
1527,4136,1000,2024-11-21
1528,2141,250,2026-01-20
1529,895,500,2024-07-28
1530,13,1500,2025-11-02
1531,2140,0,2024-11-05
1532,2293,250,2024-07-21
1533,1860,0,2025-03-17
1534,3028,250,2025-07-25
1535,4565,500,2026-04-28
1536,2399,0,2024-06-27
1537,1351,250,2025-02-08
1538,290,500,2026-01-20
1539,2187,50,2024-03-09
1540,4063,50,2025-11-14
1541,3551,750,2026-08-03
1542,3737,250,2026-05-16
1543,2548,1000,2024-05-01
1544,2210,150,2025-01-21
1545,2622,50,2025-07-02
1546,401,750,2025-03-09
1547,2744,750,2025-02-07
1548,1612,100,2024-02-13
1549,1076,500,2025-12-08
1550,3557,0,2025-10-31
1551,1224,2000,2025-12-26
1552,4581,1500,2026-01-28
1553,205,1000,2026-02-23
1554,1054,2000,2025-10-22
1555,4232,300,2024-01-02
1556,3789,1000,2025-12-16
1557,188,200,2025-11-01
1558,719,100,2024-05-18
1559,4050,1000,2025-11-23
1560,831,150,2024-06-19
1561,791,300,2024-10-08
1562,4609,100,2024-07-07
1563,2828,100,2026-07-15
1564,2697,0,2026-06-17
1565,143,750,2024-09-07
1566,3032,200,2024-07-10
1567,549,150,2025-02-12
1568,2460,50,2024-05-04
1569,3569,1500,2025-09-13
1570,163,200,2025-11-14
1571,1609,100,2025-02-02
1572,4710,0,2024-03-08
1573,4946,250,2024-01-11
1574,3623,750,2025-04-25
1575,3158,250,2026-02-15
1576,4796,100,2026-01-01
1577,2924,1500,2024-06-24
1578,3209,2000,2024-09-14
1579,1539,200,2024-01-27
1580,2454,200,2025-05-29
1581,1039,500,2025-04-18
1582,1260,250,2024-03-17
1583,1407,500,2024-04-21
1584,710,50,2024-07-21
1585,4821,50,2026-05-27
1586,2418,50,2025-03-27
1587,351,100,2024-09-08
1588,598,2000,2026-07-27
1589,2833,500,2024-12-30
1590,3048,250,2026-07-30
1591,4771,0,2025-03-28
1592,4247,250,2025-08-21
1593,2099,500,2026-05-12
1594,2026,750,2025-02-06
1595,840,50,2025-02-04
1596,4964,500,2026-07-02
1597,2046,750,2024-05-15
1598,1391,500,2025-03-23
1599,3496,2000,2025-05-31
1600,4243,150,2025-12-16
1601,2681,1000,2024-11-22
1602,3572,750,2026-07-27
1603,3655,500,2025-05-26
1604,2159,100,2025-09-03
1605,722,200,2024-02-27
1606,2045,750,2026-03-12
1607,185,100,2024-09-19
1608,1275,150,2024-11-26
1609,4505,150,2025-03-08
1610,2017,2000,2025-12-18
1611,4871,1000,2025-10-11
1612,4998,750,2025-08-26
1613,2696,250,2024-06-07
1614,2478,1000,2024-05-25
1615,3628,500,2025-02-22
1616,2510,1500,2025-12-29
1617,2729,50,2025-04-11
1618,339,300,2025-08-16
1619,214,300,2024-10-27
1620,3573,1500,2024-01-02
1621,3129,1500,2026-06-30
1622,4995,750,2026-08-08
1623,4457,1500,2024-04-28
1624,3486,150,2025-10-22
1625,1373,2000,2024-11-10
1626,2957,750,2025-02-12
1627,2919,0,2024-10-04
1628,4961,1500,2026-01-03
1629,1388,500,2024-09-18
1630,364,0,2024-08-28
1631,2999,0,2024-08-14
1632,3741,50,2024-01-04
1633,1853,50,2024-08-31
1634,4876,200,2024-01-22
1635,3979,1000,2026-05-08
1636,1543,100,2024-10-14
1637,2407,2000,2024-08-15
1638,2672,1000,2026-07-21
1639,3296,50,2024-02-29
1640,1211,750,2024-03-30
1641,3280,500,2024-04-05
1642,1661,500,2025-01-26
1643,874,100,2024-11-06
1644,3641,50,2025-03-04
1645,990,300,2025-07-15
1646,1958,0,2025-10-04
1647,3141,200,2025-12-09
1648,4283,1500,2024-11-29
1649,2174,100,2025-05-17
1650,317,1500,2024-06-20
1651,3347,100,2024-06-11
1652,4584,150,2024-08-18
1653,1248,100,2026-04-02
1654,2364,300,2026-04-21
1655,4989,200,2025-02-27
1656,1696,2000,2025-08-08
1657,3067,50,2025-09-06
1658,540,150,2025-01-31
1659,1432,1500,2024-01-28
1660,1722,300,2024-03-07
1661,1019,1000,2025-02-20
1662,641,200,2026-03-24
1663,3534,750,2024-02-18
1664,1243,500,2025-01-05
1665,198,1500,2026-01-24
1666,1723,150,2024-09-21
1667,2396,200,2026-05-11
1668,4468,500,2024-06-14
1669,620,200,2026-04-11
1670,430,1500,2026-07-24
1671,4208,150,2026-05-29
1672,3064,2000,2025-07-03
1673,3637,1500,2026-01-20
1674,532,500,2026-06-30
1675,1087,500,2026-03-25
1676,2585,50,2025-02-13
1677,2900,250,2026-02-13
1678,1246,300,2026-08-06
1679,3092,200,2025-04-25
1680,500,300,2025-03-18
1681,4466,100,2025-03-28
1682,1835,750,2026-08-09
1683,1085,150,2026-02-11
1684,4616,150,2024-04-16
1685,482,50,2026-01-17
1686,2119,0,2024-08-09
1687,4069,200,2025-08-28
1688,4499,0,2026-02-05
1689,1650,1500,2025-09-17
1690,1413,1500,2024-11-17
1691,4007,1000,2026-01-08
1692,4543,200,2026-03-14
1693,464,2000,2025-10-12
1694,4024,100,2024-10-16
1695,1541,300,2025-05-11
1696,304,2000,2026-07-03
1697,2614,300,2026-02-08
1698,3379,250,2025-10-24
1699,372,750,2026-07-24
1700,3405,1000,2026-02-26
1701,4045,250,2024-05-31
1702,786,1500,2024-09-25
1703,4102,150,2024-12-17
1704,1507,50,2024-09-21
1705,1272,1000,2024-04-28
1706,2561,500,2026-02-03
1707,4569,50,2026-02-06
1708,97,200,2024-07-09
1709,4532,500,2026-06-27
1710,4715,1500,2024-09-22
1711,3699,300,2025-06-02
1712,3093,0,2025-11-16
1713,2321,1000,2024-10-19
1714,2247,150,2025-12-24
1715,158,100,2025-02-17
1716,3126,1000,2025-04-25
1717,1044,500,2026-06-20
1718,3173,1000,2025-02-08
1719,4217,1500,2025-02-10
1720,2575,750,2024-05-04
1721,723,500,2024-02-18
1722,3182,1500,2026-02-25
1723,87,0,2024-01-02
1724,743,0,2024-01-04
1725,1300,1000,2025-04-11
1726,2909,150,2024-03-26
1727,4310,100,2024-06-19
1728,1159,50,2025-07-24
1729,1651,150,2025-02-22
1730,1172,300,2024-11-29
1731,2095,100,2024-05-21
1732,3446,1500,2026-06-15
1733,2207,750,2024-10-15
1734,3397,200,2024-07-23
1735,1809,2000,2025-06-17
1736,4109,1500,2024-09-17
1737,4350,0,2025-12-11
1738,3460,150,2026-06-10
1739,2820,1500,2025-08-03
1740,2333,250,2025-04-02
1741,2334,2000,2026-03-01
1742,3113,150,2026-04-06
1743,3131,300,2024-10-16
1744,3568,250,2026-06-15
1745,3596,100,2024-03-25
1746,3179,1000,2026-04-15
1747,2787,500,2025-10-07
1748,4973,300,2025-12-16
1749,711,150,2024-11-27
1750,765,200,2025-06-24
1751,2716,2000,2024-06-05
1752,4628,250,2024-11-29
1753,2824,500,2025-01-24
1754,2691,100,2026-05-27
1755,3887,2000,2025-05-06
1756,2022,150,2024-09-12
1757,1870,1000,2026-06-24
1758,1770,1000,2025-02-05
1759,4970,250,2026-01-07
1760,1731,200,2024-09-30
1761,74,1000,2025-12-27
1762,76,750,2024-07-06
1763,4966,0,2025-12-17
1764,4346,500,2025-03-27
1765,213,1500,2026-02-04
1766,3305,150,2024-07-17
1767,4021,750,2026-03-11
1768,3342,2000,2025-06-26
1769,1399,1000,2026-07-12
1770,3221,250,2024-11-12
1771,2355,1000,2025-03-27
1772,4567,500,2024-10-14
1773,623,50,2026-06-16
1774,3216,0,2025-09-02
1775,3465,500,2025-09-12
1776,881,200,2024-03-09
1777,2534,250,2024-04-27
1778,2317,750,2025-11-11
1779,1549,100,2026-02-25
1780,2811,300,2025-03-10
1781,3114,750,2025-01-19
1782,4636,200,2025-12-12
1783,1189,300,2024-10-20
1784,2189,0,2025-04-23
1785,1987,2000,2024-10-05
1786,3439,500,2025-11-19
1787,2628,300,2025-10-24
1788,1656,150,2025-10-27
1789,3579,250,2026-05-08
1790,1887,500,2026-03-25
1791,1985,100,2025-08-28
1792,3016,100,2025-09-27
1793,3472,50,2025-11-08
1794,3669,100,2024-05-11
1795,3024,200,2024-03-01
1796,906,150,2026-01-07
1797,918,0,2025-12-22
1798,3932,1500,2026-01-16
1799,1408,500,2024-11-27
1800,4997,150,2025-01-22
1801,2488,0,2026-02-11
1802,2464,0,2024-05-13
1803,1531,250,2025-03-29
1804,239,100,2025-08-25
1805,3982,150,2025-11-18
1806,965,500,2026-01-15
1807,734,1000,2024-08-02
1808,2749,1000,2024-05-30
1809,4359,100,2024-04-27
1810,3735,500,2026-05-19
1811,3259,2000,2024-11-13
1812,1493,1000,2024-09-01
1813,985,150,2024-05-12
1814,819,750,2024-06-15
1815,4428,0,2025-06-15
1816,2740,1500,2024-11-08
1817,3626,0,2025-04-22
1818,2524,2000,2025-07-02
1819,1898,300,2026-04-18
1820,2707,300,2025-06-10
1821,3264,1000,2025-04-19
1822,595,150,2025-04-26
1823,2635,1000,2025-03-10
1824,866,150,2026-06-05
1825,1756,300,2026-02-19
1826,4956,100,2024-07-02
1827,3369,0,2026-07-30
1828,1060,1000,2026-06-05
1829,4910,200,2026-03-03
1830,1400,750,2024-02-20
1831,449,50,2026-06-20
1832,1109,200,2025-12-15
1833,4950,300,2025-07-20
1834,953,0,2026-03-30
1835,4562,50,2025-12-25
1836,438,1500,2024-08-03
1837,3160,1000,2024-07-31
1838,2218,750,2026-05-06
1839,1183,1000,2024-02-11
1840,1680,1500,2025-08-20
1841,3935,2000,2024-06-30
1842,836,2000,2024-08-29
1843,1660,300,2025-03-20
1844,1617,150,2024-03-27
1845,3171,150,2024-06-18
1846,353,50,2024-10-19
1847,2779,300,2024-08-14
1848,910,150,2024-09-02
1849,1359,1000,2024-12-22
1850,4627,2000,2024-03-16
1851,4859,2000,2024-06-02
1852,828,100,2024-08-27
1853,3504,2000,2025-11-24
1854,2844,100,2026-04-24
1855,3813,200,2026-07-20
1856,1331,500,2024-04-03
1857,2272,1000,2024-11-27
1858,2341,300,2024-07-18
1859,3458,0,2024-09-29
1860,1679,200,2026-08-08
1861,1179,300,2024-05-06
1862,4076,150,2025-10-05
1863,4419,1000,2024-04-23
1864,543,1000,2025-01-29
1865,2964,150,2026-08-09
1866,1066,250,2025-07-14
1867,4590,250,2025-06-07
1868,581,2000,2025-04-24
1869,1546,500,2026-02-23
1870,1721,0,2024-09-10
1871,1961,2000,2024-08-25
1872,1084,100,2026-05-31
1873,3358,50,2024-02-29
1874,4348,500,2025-01-10
1875,3707,200,2025-06-15
1876,3190,100,2024-02-20
1877,2593,50,2024-07-11
1878,4085,0,2026-01-25
1879,4014,50,2026-01-04
1880,4143,1000,2026-03-07
1881,802,1000,2026-02-18
1882,3268,100,2025-12-04
1883,3095,50,2026-01-12
1884,1859,50,2025-01-28
1885,1597,1000,2025-09-08
1886,2920,500,2025-12-24
1887,2244,0,2024-08-19
1888,292,1500,2024-02-10
1889,3091,100,2024-07-25
1890,2865,100,2025-06-21
1891,2463,250,2026-05-27
1892,4369,200,2025-10-25
1893,1071,200,2024-07-25
1894,1811,200,2025-04-13
1895,4395,200,2024-05-14
1896,3807,100,2025-09-26
1897,1561,100,2024-09-19
1898,2365,300,2024-01-05
1899,3435,250,2024-04-04
1900,3130,50,2026-07-15
1901,837,500,2025-09-19
1902,4873,300,2025-01-21
1903,2331,2000,2025-01-04
1904,3476,0,2025-10-13
1905,4005,2000,2026-07-08
1906,4980,1000,2025-12-05
1907,1304,250,2024-07-10
1908,3885,300,2024-04-09
1909,1797,750,2024-02-05
1910,4282,200,2026-02-19
1911,3593,50,2025-01-20
1912,1741,100,2025-04-10
1913,886,50,2026-07-17
1914,1177,1000,2024-04-28
1915,2837,250,2024-05-23
1916,1345,1000,2025-04-21
1917,626,0,2026-04-12
1918,671,1000,2026-05-11
1919,3200,1000,2024-11-06
1920,2172,0,2024-10-24
1921,3338,200,2024-06-17
1922,284,150,2025-09-01
1923,3676,300,2025-10-19
1924,2745,150,2026-05-10
1925,2408,0,2025-08-26
1926,4902,100,2026-04-03
1927,4376,1500,2026-03-16
1928,4278,500,2024-08-09
1929,2975,1500,2026-02-25
1930,3805,1500,2025-07-19
1931,3139,2000,2026-05-15
1932,2631,200,2024-01-29
1933,963,200,2024-05-05
1934,4100,750,2026-06-18
1935,114,150,2025-03-31
1936,4682,1500,2024-06-07
1937,424,200,2024-06-06
1938,1468,200,2026-03-08
1939,2814,1000,2024-06-04
1940,2419,750,2026-02-06
1941,4267,250,2026-01-24
1942,1077,300,2024-12-26
1943,3836,0,2026-01-21
1944,527,300,2025-08-17
1945,4508,1000,2024-12-15
1946,1726,50,2025-06-20
1947,2349,150,2025-05-05
1948,4610,50,2025-06-06
1949,1911,250,2025-06-20
1950,434,50,2025-10-30
1951,2284,0,2026-06-05
1952,4325,500,2025-01-02
1953,258,200,2025-11-28
1954,1849,750,2024-03-20
1955,3501,750,2024-03-29
1956,3640,200,2025-09-05
1957,2051,500,2024-06-22
1958,3474,750,2024-03-13
1959,2458,1000,2026-07-08
1960,2436,0,2025-08-31
1961,4752,750,2024-08-29
1962,3746,100,2024-08-26
1963,3325,750,2024-09-24
1964,747,50,2024-10-31
1965,165,200,2026-03-04
1966,1242,0,2026-06-08
1967,2182,250,2024-06-25
1968,1819,1000,2024-02-03
1969,3915,1000,2026-06-15
1970,2851,0,2025-12-31
1971,4936,1000,2025-08-03
1972,4458,200,2026-03-24
1973,652,300,2024-06-21
1974,1195,100,2026-01-14
1975,200,500,2025-09-26
1976,4072,100,2025-02-09
1977,2452,200,2025-03-20
1978,3995,50,2024-05-07
1979,3323,150,2024-04-25
1980,4038,0,2026-06-03
1981,1238,2000,2024-07-08
1982,2959,100,2026-06-20
1983,3732,2000,2026-01-04
1984,3809,0,2026-03-19
1985,536,1000,2026-05-16
1986,502,250,2024-07-25
1987,1129,50,2024-06-19
1988,3856,1500,2025-08-12
1989,1288,750,2025-11-18
1990,1026,1000,2025-07-27
1991,660,750,2026-07-21
1992,1161,2000,2025-12-31
1993,2977,200,2024-05-19
1994,295,200,2026-08-04
1995,1998,250,2024-10-08
1996,3452,500,2024-03-26
1997,3766,1000,2024-11-10
1998,1204,300,2026-03-12
1999,2006,2000,2026-03-07
2000,481,0,2024-04-12
2001,2481,250,2024-07-16
2002,2908,200,2024-07-31
2003,1890,2000,2024-09-12
2004,1685,1500,2025-05-04
2005,3562,150,2025-01-11
2006,2901,750,2025-09-21
2007,4046,250,2024-08-09
2008,3607,50,2024-09-07
2009,14,50,2026-03-08
2010,4163,200,2026-03-05
2011,4256,750,2024-12-01
2012,4434,1500,2026-07-11
2013,66,250,2024-07-05
2014,4062,750,2025-01-10
2015,227,1500,2026-03-14
2016,2825,1500,2024-08-01
2017,3842,0,2024-03-19
2018,2447,200,2025-04-25
2019,1002,250,2024-07-28
2020,1920,250,2025-07-19
2021,147,2000,2026-01-13
2022,2947,150,2026-01-27
2023,2529,50,2025-04-19
2024,649,250,2025-12-28
2025,4461,2000,2025-12-27
2026,1791,0,2025-01-08
2027,113,250,2025-09-10
2028,3545,100,2026-02-13
2029,222,300,2025-12-21
2030,3090,200,2026-01-12
2031,611,500,2024-02-20
2032,759,200,2025-09-19
2033,1982,0,2026-01-16
2034,2648,100,2024-12-29
2035,3083,100,2025-04-12
2036,3993,1000,2024-10-27
2037,3597,50,2025-01-07
2038,313,500,2024-04-17
2039,1675,500,2024-12-02
2040,4116,300,2024-08-14
2041,803,1500,2024-09-23
2042,2329,0,2025-07-25
2043,573,1500,2026-06-03
2044,3370,250,2024-03-20
2045,2595,500,2025-05-12
2046,4285,150,2025-12-07
2047,4834,0,2025-03-27
2048,1003,2000,2025-12-11
2049,3781,1000,2025-08-16
2050,631,2000,2026-02-15
2051,3063,50,2025-10-01
2052,150,500,2026-02-09
2053,3881,200,2025-10-24
2054,1664,500,2026-06-13
2055,2608,50,2024-05-04
2056,1348,250,2024-07-24
2057,1427,2000,2026-03-29
2058,3810,2000,2025-12-06
2059,3122,300,2025-03-04
2060,3443,500,2025-03-24
2061,2545,2000,2025-03-01
2062,2155,50,2026-01-02
2063,2444,2000,2024-04-13
2064,3138,1500,2025-04-07
2065,545,250,2025-05-06
2066,3489,500,2025-12-16
2067,3738,50,2024-12-30
2068,4568,0,2024-03-26
2069,3466,300,2025-02-07
2070,3960,2000,2024-09-09
2071,4305,200,2026-07-18
2072,1873,500,2025-08-28
2073,138,2000,2025-04-04
2074,1554,50,2024-05-30
2075,933,50,2025-01-15
2076,3409,750,2025-01-31
2077,648,1500,2024-12-02
2078,57,150,2025-12-17
2079,1571,500,2025-03-28
2080,3852,0,2025-04-10
2081,1401,1000,2025-05-22
2082,1904,250,2024-05-25
2083,1266,0,2026-02-06
2084,4814,750,2025-06-28
2085,3420,2000,2025-06-16
2086,3278,0,2024-02-25
2087,917,250,2025-02-15
2088,3964,0,2024-07-02
2089,669,50,2024-06-30
2090,3477,500,2025-09-04
2091,3514,2000,2024-06-09
2092,619,500,2025-02-16
2093,3105,2000,2024-01-25
2094,1996,100,2025-06-03
2095,3247,0,2025-08-19
2096,4023,1000,2025-09-15
2097,2266,100,2025-05-18
2098,555,750,2024-09-12
2099,1439,750,2024-01-14
2100,4631,100,2025-07-21
2101,1364,300,2024-07-15
2102,570,150,2024-07-11
2103,560,750,2025-04-04
2104,1896,250,2026-08-06
2105,3315,100,2025-04-15
2106,825,0,2025-06-05
2107,4237,150,2024-07-16
2108,956,50,2025-11-20
2109,4150,200,2026-07-05
2110,4510,50,2024-09-07
2111,1199,150,2025-03-06
2112,774,200,2026-03-02
2113,3704,500,2025-05-19
2114,4172,1500,2024-03-28
2115,2869,0,2025-11-20
2116,1477,50,2025-07-07
2117,1200,100,2024-06-27
2118,4056,150,2025-10-25
2119,1838,1000,2024-10-07
2120,1528,250,2024-10-19
2121,4756,100,2024-04-23
2122,1619,100,2024-02-12
2123,3499,750,2024-10-19
2124,2387,500,2024-04-19
2125,2734,200,2024-08-06
2126,64,500,2026-05-04
2127,3153,2000,2025-03-28
2128,4030,1000,2025-08-15
2129,2311,1500,2025-02-04
2130,2517,500,2025-11-04
2131,2757,750,2026-04-10
2132,550,150,2026-06-06
2133,3150,1500,2025-01-04
2134,2933,500,2024-12-07
2135,1185,2000,2024-05-10
2136,488,500,2024-12-22
2137,3956,500,2026-04-21
2138,55,150,2026-03-05
2139,1117,250,2024-12-18
2140,4253,150,2025-02-23
2141,4913,1000,2024-02-07
2142,3018,150,2026-01-17
2143,3846,2000,2026-06-30
2144,349,300,2026-08-04
2145,4918,150,2024-03-28
2146,1767,100,2024-09-05
2147,3531,150,2025-04-24
2148,2382,150,2025-12-14
2149,973,150,2025-10-12
2150,4736,1000,2026-02-02
2151,4440,200,2024-06-26
2152,2470,0,2024-07-27
2153,2636,200,2025-11-02
2154,2136,2000,2025-07-14
2155,3878,250,2025-09-24
2156,3642,150,2025-08-24
2157,1343,500,2025-10-05
2158,1338,1500,2025-08-05
2159,850,2000,2026-03-21
2160,289,500,2025-08-29
2161,4222,300,2024-10-21
2162,50,250,2025-03-04
2163,2429,1500,2024-02-08
2164,4090,0,2024-06-26
2165,1954,100,2024-03-29
2166,630,50,2025-08-30
2167,3096,200,2025-10-07
2168,4061,1500,2024-03-28
2169,838,150,2025-06-18
2170,1735,300,2025-11-27
2171,248,250,2025-01-17
2172,835,750,2024-07-06
2173,2339,500,2025-09-15
2174,4503,500,2025-05-12
2175,4447,2000,2025-09-21
2176,3835,50,2024-04-10
2177,4448,300,2026-04-22
2178,1258,150,2025-06-24
2179,912,200,2024-04-17
2180,4547,500,2024-12-12
2181,4334,2000,2026-03-12
2182,1398,200,2025-09-16
2183,2031,750,2026-01-09
2184,2346,200,2026-03-24
2185,1344,300,2025-11-11
2186,2377,150,2026-01-25
2187,3570,200,2024-10-08
2188,3843,750,2024-12-12
2189,737,1500,2025-04-04
2190,4498,50,2024-12-04
2191,65,750,2025-05-30
2192,191,200,2024-08-30
2193,1010,250,2025-07-28
2194,4596,50,2025-04-16
2195,58,100,2025-10-16
2196,2154,2000,2026-05-29
2197,2678,300,2024-12-08
2198,2403,1500,2024-05-11
2199,942,500,2024-11-24
2200,1555,500,2024-12-16
2201,3212,200,2024-08-10
2202,3925,200,2024-12-11
2203,4880,1000,2024-01-02
2204,492,500,2024-03-29
2205,3872,2000,2024-04-15
2206,3897,200,2024-11-05
2207,3598,0,2025-02-16
2208,4932,750,2024-03-26
2209,1537,200,2024-02-17
2210,2682,2000,2024-06-20
2211,3510,2000,2024-03-24
2212,2125,0,2025-05-31
2213,681,2000,2024-06-13
2214,865,250,2024-03-31
2215,3142,50,2024-12-22
2216,2903,250,2025-07-19
2217,2322,150,2025-09-06
2218,3340,250,2024-05-14
2219,2112,50,2024-05-30
2220,2415,0,2025-09-16
2221,4366,250,2024-03-20
2222,3470,0,2024-07-17
2223,448,1000,2026-02-05
2224,1170,300,2025-06-23
2225,2717,0,2024-01-06
2226,718,750,2026-06-01
2227,1472,1000,2024-10-23
2228,3998,100,2024-12-04
2229,4615,500,2025-10-02
2230,2484,1000,2025-10-18
2231,2565,0,2024-08-23
2232,2401,200,2025-05-30
2233,3442,200,2024-03-19
2234,3205,0,2024-06-28
2235,1802,1500,2025-10-02
2236,3619,1500,2024-12-02
2237,4142,500,2025-10-18
2238,4420,750,2024-09-18
2239,2257,1500,2025-08-29
2240,2103,250,2024-07-02
2241,1138,1000,2024-08-08
2242,210,200,2024-01-09
2243,3402,250,2025-09-21
2244,4563,500,2025-04-30
2245,2721,50,2026-05-26
2246,1038,750,2024-12-18
2247,678,500,2024-09-06
2248,2870,1000,2026-01-18
2249,4341,250,2024-10-12
2250,4115,2000,2025-08-10
2251,1139,100,2025-11-27
2252,2072,2000,2026-01-12
2253,1775,2000,2025-07-09
2254,418,750,2024-11-05
2255,4122,200,2024-11-01
2256,4703,1500,2024-03-16
2257,4212,500,2026-03-04
2258,1732,1500,2025-12-07
2259,2025,200,2025-08-05
2260,179,200,2025-06-21
2261,4370,50,2024-06-12
2262,1403,200,2025-07-09
2263,2395,1500,2024-04-17
2264,4624,200,2024-04-19
2265,4485,0,2024-07-10
2266,1042,300,2025-05-10
2267,297,50,2025-11-23
2268,2261,750,2026-01-03
2269,3483,100,2025-07-06
2270,1205,500,2024-08-26
2271,936,100,2024-09-06
2272,3677,200,2026-05-23
2273,4438,1000,2026-04-17
2274,1218,100,2024-01-10
2275,1153,0,2024-05-09
2276,2526,1500,2024-11-06
2277,229,50,2025-11-11
2278,3786,1500,2025-10-12
2279,1579,750,2026-05-19
2280,516,150,2025-03-12
2281,1263,1000,2025-04-11
2282,2358,300,2025-01-23
2283,4291,50,2024-09-20
2284,3673,250,2026-04-16
2285,4860,150,2024-01-18
2286,1653,250,2025-10-24
2287,4583,1000,2026-03-31
2288,4340,1000,2024-01-17
2289,3942,1500,2024-02-24
2290,257,750,2024-05-10
2291,2738,200,2025-07-02
2292,3743,250,2024-12-22
2293,3600,0,2024-12-14
2294,4939,150,2024-12-10
2295,3971,750,2025-07-28
2296,4162,1000,2024-02-24
2297,4920,50,2026-07-15
2298,1025,1500,2026-04-13
2299,1015,300,2024-03-03
2300,3948,50,2024-01-31
2301,512,1000,2024-11-05
2302,3374,2000,2025-08-30
2303,3279,250,2025-07-22
2304,1290,100,2024-06-26
2305,2417,200,2025-01-10
2306,1035,1500,2024-09-10
2307,690,200,2024-06-09
2308,3526,750,2024-04-26
2309,3136,150,2025-10-12
2310,998,200,2026-03-19
2311,1839,1500,2026-06-16
2312,4600,50,2024-11-18
2313,3033,2000,2024-10-06
2314,2342,1000,2024-11-25
2315,3419,500,2026-05-21
2316,107,500,2024-10-23
2317,4412,500,2025-12-15
2318,4079,1500,2024-02-28
2319,4842,50,2024-05-16
2320,4706,500,2024-10-29
2321,2231,200,2025-12-24
2322,1610,50,2024-08-11
2323,510,100,2026-01-23
2324,2379,250,2026-05-26
2325,2482,200,2024-07-04
2326,1144,1500,2024-05-31
2327,3240,200,2026-07-10
2328,1942,0,2025-12-28
2329,4724,250,2025-05-25
2330,396,100,2024-01-16
2331,433,50,2026-06-08
2332,1506,750,2026-04-23
2333,2553,1000,2026-04-06
2334,1736,100,2025-09-06
2335,203,100,2026-06-15
2336,2588,750,2025-09-26
2337,575,250,2024-02-02
2338,2353,2000,2025-07-18
2339,4132,1000,2025-08-28
2340,3653,100,2024-08-05
2341,2504,150,2025-01-27
2342,3963,150,2024-04-11
2343,834,150,2025-07-06
2344,3817,200,2025-09-18
2345,3094,2000,2024-03-04
2346,3049,150,2024-03-04
2347,3622,150,2025-12-11
2348,4561,750,2025-06-29
2349,4126,100,2026-06-06
2350,1935,0,2025-07-17
2351,231,1000,2024-08-03
2352,4422,200,2026-01-13
2353,3022,1000,2024-08-13
2354,4081,0,2024-08-21
2355,1181,0,2026-08-09
2356,3667,1000,2024-05-07
2357,4514,2000,2024-06-08
2358,4661,300,2024-02-19
2359,4865,100,2025-04-11
2360,4414,50,2024-10-19
2361,4490,200,2025-04-01
2362,3045,0,2025-06-20
2363,738,150,2025-02-06
2364,174,200,2025-08-03
2365,3175,750,2025-03-31
2366,4358,250,2026-04-02
2367,4013,250,2024-06-04
2368,2263,200,2024-06-27
2369,3505,100,2024-12-17
2370,2368,750,2025-05-24
2371,637,0,2025-01-21
2372,3357,300,2024-09-08
2373,93,0,2025-03-26
2374,4612,200,2024-08-13
2375,105,50,2026-04-28
2376,2104,250,2026-07-03
2377,2378,100,2024-08-08
2378,1295,300,2025-10-17
2379,1229,200,2025-01-25
2380,2168,750,2025-05-06
2381,1893,1500,2025-05-07
2382,1292,100,2024-01-16
2383,4313,150,2026-05-23
2384,3482,750,2025-11-24
2385,1956,150,2024-10-06
2386,145,300,2025-11-15
2387,2468,50,2026-03-19
2388,1963,250,2024-06-16
2389,2411,300,2024-10-22
2390,1524,1000,2025-06-25
2391,1970,750,2026-06-01
2392,39,2000,2024-08-15
2393,115,750,2024-09-07
2394,577,1000,2025-06-04
2395,1556,300,2024-10-29
2396,3880,0,2025-09-12
2397,2573,750,2024-12-15
2398,2486,300,2025-11-23
2399,4125,300,2025-12-16
2400,732,50,2024-05-01
2401,3089,200,2024-09-13
2402,1925,2000,2024-01-19
2403,78,750,2024-11-27
2404,3583,150,2026-04-08
2405,2928,50,2026-05-02
2406,2842,2000,2024-04-22
2407,3638,500,2024-11-12
2408,3702,50,2026-03-11
2409,3697,50,2025-03-08
2410,491,250,2025-11-04
2411,4337,250,2024-01-10
2412,3604,1000,2026-03-11
2413,4181,0,2024-09-22
2414,1001,100,2026-04-03
2415,2515,1500,2026-07-30
2416,2815,1500,2026-02-22
2417,2480,1000,2026-01-26
2418,2369,250,2025-08-12
2419,4882,200,2026-05-11
2420,4538,200,2026-05-19
2421,152,750,2025-11-25
2422,3044,2000,2024-06-25
2423,4697,150,2025-08-27
2424,1772,2000,2026-02-02
2425,2655,500,2025-08-18
2426,4530,250,2025-02-20
2427,3722,250,2025-05-14
2428,2416,2000,2026-05-31
2429,2171,1000,2025-10-17
2430,565,150,2026-07-17
2431,1261,50,2024-12-10
2432,3078,0,2024-05-13
2433,2009,2000,2025-10-12
2434,89,250,2024-12-02
2435,2812,150,2024-07-25
2436,1713,500,2026-05-21
2437,1452,300,2025-03-05
2438,1342,0,2025-09-08
2439,2591,750,2025-01-12
2440,4293,300,2025-02-23
2441,2186,750,2026-05-17
2442,2180,50,2024-03-20
2443,2036,500,2024-06-24
2444,4867,750,2024-08-04
2445,3862,100,2026-03-23
2446,338,500,2024-03-31
2447,2380,50,2025-09-01
2448,1977,750,2025-06-21
2449,2063,1000,2025-11-09
2450,1780,1500,2025-08-27
2451,3423,300,2025-06-15
2452,3349,150,2025-04-06
2453,567,1500,2025-06-08
2454,4740,150,2024-06-10
2455,166,2000,2026-02-17
2456,3774,500,2025-12-05
2457,1056,300,2024-11-17
2458,4806,250,2024-09-05
2459,2907,100,2024-11-11
2460,3274,0,2026-06-01
2461,4979,750,2025-05-06
2462,2019,1500,2025-08-29
2463,443,300,2026-03-09
2464,380,0,2024-07-03
2465,2583,100,2024-11-21
2466,2966,50,2024-03-20
2467,1848,500,2024-01-26
2468,3194,100,2025-10-04
2469,4914,250,2025-02-04
2470,3011,1500,2025-03-29
2471,1110,750,2025-02-08
2472,4057,500,2025-03-22
2473,3162,100,2025-05-26
2474,305,100,2025-06-21
2475,4011,250,2024-03-17
2476,1079,2000,2025-08-25
2477,3004,300,2026-03-13
2478,1340,300,2025-11-23
2479,234,500,2025-02-10
2480,727,100,2024-10-20
2481,2926,750,2024-05-05
2482,4591,300,2024-10-26
2483,3670,1500,2024-10-11
2484,3100,200,2026-03-28
2485,1446,200,2025-04-21
2486,945,750,2024-11-30
2487,330,0,2025-12-27
2488,2746,500,2024-04-15
2489,1830,150,2024-07-13
2490,1831,200,2026-02-12
2491,2854,100,2024-11-29
2492,134,50,2025-06-07
2493,2195,250,2024-10-28
2494,1178,2000,2025-07-15
2495,2936,750,2024-04-04
2496,3210,250,2025-04-29
2497,2262,300,2025-04-02
2498,3729,1500,2024-03-14
2499,4655,1500,2026-07-30
2500,4031,2000,2026-07-27
2501,4984,1500,2025-04-28
2502,4343,2000,2025-01-22
2503,3386,100,2025-03-17
2504,4094,100,2026-01-26
2505,3488,1000,2024-01-03
2506,4134,2000,2025-04-01
2507,4760,50,2024-10-07
2508,2821,50,2025-05-29
2509,1955,500,2024-04-04
2510,997,150,2025-01-26
2511,3355,750,2025-09-21
2512,3926,750,2026-01-07
2513,1089,300,2025-05-15
2514,692,50,2025-10-12
2515,1455,2000,2025-08-29
2516,2078,500,2026-04-19
2517,4948,250,2024-03-30
2518,603,200,2025-07-10
2519,1692,1500,2024-03-29
2520,3515,100,2026-04-20
2521,458,1500,2025-02-07
2522,4620,2000,2026-01-05
2523,2178,250,2026-01-09
2524,4720,100,2024-11-17
2525,644,250,2024-11-02
2526,4678,1500,2025-07-26
2527,3540,300,2026-01-04
2528,1851,100,2026-03-17
2529,704,1500,2026-03-10
2530,1654,1500,2025-09-19
2531,4262,0,2025-08-29
2532,1526,250,2024-02-02
2533,839,2000,2025-01-09
2534,3360,200,2025-09-12
2535,4763,300,2026-03-17
2536,2600,500,2025-01-31
2537,4393,1000,2026-02-27
2538,3776,250,2025-06-08
2539,201,50,2024-04-01
2540,4713,500,2024-10-09
2541,3831,750,2026-07-12
2542,1916,750,2026-07-08
2543,4265,300,2025-06-25
2544,4773,0,2025-05-01
2545,2549,1500,2024-11-13
2546,4649,1500,2024-09-15
2547,4218,1000,2024-02-20
2548,1757,150,2024-02-20
2549,1254,200,2024-03-16
2550,1841,750,2025-06-08
2551,4798,50,2026-04-10
2552,4297,0,2025-11-04
2553,1009,250,2024-02-16
2554,181,1500,2026-02-21
2555,1743,200,2025-01-21
2556,2778,500,2026-03-05
2557,2819,250,2026-02-09
2558,4241,1000,2024-04-23
2559,2260,1500,2025-03-14
2560,3814,50,2024-07-30
2561,4960,300,2025-08-22
2562,1078,50,2026-05-22
2563,4316,250,2025-08-20
2564,4130,750,2024-02-13
2565,3316,200,2025-06-03
2566,1083,1000,2025-03-15
2567,1382,2000,2026-02-15
2568,608,1500,2025-04-29
2569,2522,1500,2024-10-08
2570,1270,50,2025-04-01
2571,1923,750,2025-12-22
2572,375,500,2025-02-10
2573,1783,250,2025-04-20
2574,3242,150,2025-03-09
2575,911,100,2024-05-12
2576,360,750,2026-04-24
2577,1511,50,2024-03-09
2578,2506,250,2026-04-05
2579,1099,1500,2026-02-16
2580,311,500,2024-04-13
2581,818,500,2024-04-29
2582,523,250,2025-07-01
2583,2054,100,2024-07-26
2584,4791,2000,2024-07-25
2585,3686,1000,2025-03-31
2586,3861,0,2025-01-26
2587,2735,150,2026-05-01
2588,4625,150,2024-12-03
2589,2246,300,2024-05-30
2590,3906,150,2025-02-27
2591,4558,750,2024-03-29
2592,299,500,2024-09-20
2593,4507,50,2026-07-01
2594,4418,250,2024-05-11
2595,167,500,2025-08-05
2596,974,100,2025-03-20
2597,4206,200,2024-11-29
2598,788,50,2024-03-20
2599,103,150,2024-03-31
2600,3026,50,2025-11-21
2601,1227,250,2025-01-09
2602,3393,500,2024-12-22
2603,2671,150,2024-09-26
2604,4009,750,2024-11-09
2605,2968,150,2026-07-31
2606,2767,1000,2025-08-19
2607,3671,300,2025-07-01
2608,106,2000,2026-01-04
2609,3911,2000,2024-04-28
2610,806,100,2025-06-26
2611,2176,1500,2025-11-15
2612,2759,150,2026-06-14
2613,3543,1000,2024-03-25
2614,1634,200,2024-12-25
2615,968,100,2025-03-28
2616,3928,200,2025-06-21
2617,490,200,2025-06-23
2618,4489,750,2025-11-15
2619,3632,500,2024-06-17
2620,656,200,2025-05-29
2621,3755,500,2025-12-26
2622,4242,0,2026-07-13
2623,278,2000,2024-07-13
2624,2426,750,2025-05-14
2625,2841,750,2025-01-04
2626,3377,150,2025-03-15
2627,99,750,2025-11-03
2628,2889,1000,2026-03-08
2629,1742,750,2024-12-08
2630,3984,500,2025-05-31
2631,2700,2000,2024-01-05
2632,2455,0,2026-06-06
2633,3134,50,2024-12-01
2634,3855,2000,2025-10-01
2635,3804,100,2026-03-22
2636,3068,750,2024-11-02
2637,1760,750,2024-03-18
2638,524,1500,2026-07-21
2639,3665,200,2024-08-17
2640,2286,300,2024-06-24
2641,2726,1500,2024-01-12
2642,3563,50,2026-05-13
2643,1567,2000,2025-04-27
2644,2212,500,2026-03-19
2645,1902,50,2026-07-12
2646,1312,50,2024-01-12
2647,2449,1000,2025-04-29
2648,4495,50,2026-02-12
2649,730,0,2025-05-09
2650,2645,50,2026-07-21
2651,4853,200,2024-04-07
2652,1754,250,2025-03-06
2653,2475,1000,2024-09-23
2654,2836,200,2025-04-02
2655,3317,300,2026-02-06
2656,1448,250,2024-11-30
2657,4188,150,2025-09-24
2658,1959,300,2026-02-07
2659,1800,500,2024-10-03
2660,3705,2000,2025-08-14
2661,4749,1000,2024-12-30
2662,605,2000,2025-12-05
2663,3187,1000,2026-06-27
2664,4535,2000,2025-07-20
2665,680,2000,2025-08-24
2666,3693,300,2025-04-17
2667,4585,750,2024-08-04
2668,2101,750,2024-06-15
2669,211,50,2024-09-07
2670,293,200,2024-09-30
2671,2858,750,2024-10-17
2672,3219,1000,2025-08-19
2673,980,300,2025-04-29
2674,1251,2000,2026-01-11
2675,2881,1000,2024-12-20
2676,799,150,2025-10-19
2677,3053,250,2026-05-29
2678,2273,150,2025-03-27
2679,4580,1500,2025-02-19
2680,4292,50,2026-05-20
2681,4788,0,2026-06-03
2682,2634,0,2026-08-03
2683,4367,300,2025-09-16
2684,1315,300,2025-09-25
2685,3612,1000,2025-09-15
2686,4185,750,2025-05-23
2687,3816,150,2024-10-24
2688,4641,300,2024-11-26
2689,4808,50,2024-09-10
2690,3167,250,2025-11-03
2691,4927,250,2025-07-03
2692,761,1000,2026-03-17
2693,1574,1500,2025-08-13
2694,1086,50,2025-12-15
2695,879,750,2024-05-11
2696,369,50,2024-06-13
2697,1357,150,2025-04-10
2698,4180,1000,2024-02-28
2699,3056,750,2026-04-08
2700,744,200,2024-04-16
2701,3850,100,2025-08-04
2702,519,200,2024-01-15
2703,4824,750,2024-05-09
2704,4862,150,2024-03-09
2705,1069,100,2026-07-25
2706,4152,50,2024-10-20
2707,4493,500,2024-10-26
2708,4605,2000,2025-05-09
2709,110,150,2024-05-27
2710,2714,1000,2024-04-11
2711,1717,300,2025-07-13
2712,3931,200,2025-06-12
2713,2742,300,2024-04-16
2714,2939,2000,2024-07-20
2715,977,1000,2025-10-22
2716,853,150,2025-09-22
2717,3019,300,2026-07-01
2718,2706,200,2025-11-26
2719,1662,1000,2026-03-03
2720,4500,100,2024-02-04
2721,2878,50,2025-11-13
2722,3010,0,2025-04-15
2723,3678,0,2024-09-11
2724,748,100,2025-05-08
2725,4658,50,2026-06-23
2726,790,200,2026-02-15
2727,4179,50,2024-07-09
2728,4564,0,2024-07-11
2729,3775,1000,2026-07-02
2730,3302,750,2025-08-18
2731,878,150,2026-08-03
2732,4901,250,2026-07-02
2733,2343,1000,2025-04-15
2734,4391,200,2025-02-15
2735,3799,200,2026-06-07
2736,1356,100,2024-04-05
2737,2499,750,2024-08-06
2738,2929,2000,2026-04-26
2739,1686,1500,2025-05-22
2740,558,150,2025-08-22
2741,3538,250,2024-08-31
2742,2693,150,2025-10-10
2743,298,300,2024-02-27
2744,3399,100,2026-02-05
2745,1171,50,2025-08-29
2746,4496,1500,2025-03-17
2747,3865,250,2025-09-26
2748,4783,50,2025-02-13
2749,2832,250,2026-03-24
2750,4981,150,2024-08-20
2751,3145,750,2024-08-29
2752,2661,100,2025-09-02
2753,4733,1000,2024-09-18
2754,10,200,2024-10-19
2755,1492,250,2026-02-08
2756,4250,1000,2024-07-21
2757,309,150,2025-10-14
2758,1064,300,2024-11-22
2759,3866,750,2024-06-18
2760,4178,150,2025-07-05
2761,1080,50,2026-08-01
2762,4246,300,2024-01-14
2763,1163,100,2026-07-06
2764,529,1500,2025-01-23
2765,2859,1000,2026-03-01
2766,3924,1000,2025-06-03
2767,775,50,2026-06-16
2768,2799,300,2025-08-04
2769,2895,250,2025-02-14
2770,787,500,2024-07-02
2771,830,100,2024-04-30
2772,451,150,2024-12-06
2773,1707,500,2026-05-27
2774,3359,0,2024-03-31
2775,3802,750,2024-05-22
2776,44,1000,2024-07-20
2777,4171,200,2025-09-14
2778,3070,50,2025-04-03
2779,1658,750,2025-11-06
2780,2556,1500,2025-03-07
2781,265,100,2024-11-25
2782,4807,1000,2026-01-20
2783,4404,0,2024-01-29
2784,3298,2000,2024-12-26
2785,1491,0,2025-04-13
2786,521,200,2026-02-18
2787,2514,250,2026-08-01
2788,3672,2000,2025-01-11
2789,4883,150,2026-03-22
2790,1214,200,2024-07-17
2791,365,300,2025-09-22
2792,1645,2000,2025-02-08
2793,2686,250,2025-04-14
2794,2998,150,2024-02-08
2795,4844,2000,2025-11-08
2796,4747,50,2025-08-06
2797,4054,1000,2026-02-19
2798,2532,2000,2026-02-11
2799,2209,50,2025-01-06
2800,593,500,2025-10-17
2801,3826,1500,2026-03-01
2802,1781,0,2025-12-28
2803,766,750,2025-06-19
2804,582,250,2026-03-05
2805,4805,100,2025-07-04
2806,1326,100,2024-08-13
2807,199,300,2024-04-03
2808,3382,100,2026-02-27
2809,1836,200,2025-01-16
2810,3128,1500,2026-01-06
2811,3313,300,2025-04-29
2812,1869,150,2025-08-11
2813,390,100,2026-05-16
2814,3202,500,2025-12-20
2815,4158,50,2025-09-17
2816,121,250,2025-02-02
2817,3497,300,2025-12-07
2818,4488,100,2025-02-01
2819,2097,150,2024-12-19
2820,383,50,2026-02-09
2821,4851,150,2025-10-16
2822,359,150,2026-02-20
2823,1978,150,2024-04-29
2824,1396,2000,2026-04-26
2825,4660,0,2024-11-21
2826,2139,1500,2024-08-24
2827,2786,150,2026-02-13
2828,3464,200,2026-07-12
2829,1697,200,2025-03-20
2830,1366,750,2025-04-09
2831,4029,50,2026-04-19
2832,2764,50,2024-11-01
2833,2282,150,2026-04-22
2834,3448,200,2025-01-02
2835,4251,250,2025-04-23
2836,3904,300,2026-06-08
2837,4606,50,2026-02-17
2838,1557,1500,2024-02-12
2839,4051,2000,2025-12-24
2840,2405,750,2025-04-23
2841,3876,750,2026-07-25
2842,499,300,2026-06-14
2843,3833,2000,2025-08-09
2844,957,200,2025-01-08
2845,2106,2000,2025-11-09
2846,2974,200,2025-06-21
2847,1618,50,2024-06-22
2848,1309,2000,2024-11-12
2849,1130,200,2026-02-24
2850,989,50,2025-05-17
2851,1449,250,2024-03-10
2852,2962,250,2026-07-29
2853,485,300,2025-10-18
2854,4408,250,2024-04-23
2855,1134,0,2025-10-05
2856,2755,100,2026-04-27
2857,3874,1000,2025-02-12
2858,1465,1500,2025-08-05
2859,1644,200,2025-05-04
2860,3683,200,2026-05-12
2861,3648,50,2025-10-27
2862,1747,500,2025-01-24
2863,1386,500,2026-07-03
2864,2474,50,2026-01-12
2865,1938,100,2024-06-19
2866,4357,1500,2026-05-15
2867,3023,0,2024-08-12
2868,3183,1500,2025-06-18
2869,3939,250,2024-11-29
2870,1952,750,2026-06-04
2871,306,2000,2024-02-17
2872,3689,200,2024-06-08
2873,3840,150,2026-01-26
2874,1029,500,2026-07-19
2875,2394,2000,2026-02-24
2876,3196,250,2024-07-19
2877,2720,0,2024-02-18
2878,714,300,2026-05-02
2879,1584,1000,2025-12-30
2880,1379,100,2025-05-03
2881,4299,300,2024-12-11
2882,3211,500,2024-10-30
2883,1155,1500,2024-04-23
2884,2657,50,2026-05-14
2885,2217,1500,2025-04-21
2886,1091,1000,2024-09-21
2887,1854,50,2024-02-03
2888,919,500,2025-12-09
2889,3201,2000,2026-06-04
2890,4919,750,2024-09-10
2891,1827,0,2025-09-17
2892,3899,100,2024-12-31
2893,28,300,2025-12-14
2894,4110,300,2025-12-12
2895,3544,750,2024-08-06
2896,2978,2000,2026-08-03
2897,4415,50,2024-06-13
2898,3668,0,2026-07-22
2899,2827,1000,2025-05-05
2900,4032,50,2024-03-13
2901,4452,300,2026-05-21
2902,1605,250,2026-04-20
2903,860,1500,2025-10-04
2904,1687,0,2025-03-04
2905,3503,100,2024-07-09
2906,561,1500,2026-02-11
2907,1381,750,2024-06-03
2908,1912,50,2024-11-26
2909,4684,50,2025-07-23
2910,4456,150,2024-07-19
2911,2316,200,2024-06-30
2912,4042,500,2025-01-11
2913,169,250,2024-09-20
2914,634,250,2025-08-06
2915,271,2000,2026-01-28
2916,4587,250,2025-10-28
2917,530,0,2025-11-25
2918,373,200,2024-02-06
2919,541,1000,2024-03-11
2920,514,500,2024-02-13
2921,1894,2000,2024-12-31
2922,1433,200,2024-01-16
2923,3578,50,2025-02-08
2924,1409,50,2024-05-26
2925,4068,150,2026-05-26
2926,3857,100,2025-03-30
2927,2030,100,2024-09-03
2928,2505,150,2025-12-18
2929,1498,750,2024-10-24
2930,56,1000,2024-09-12
2931,1927,50,2026-04-19
2932,3797,500,2024-10-26
2933,742,2000,2024-09-30
2934,4673,1500,2024-09-17
2935,3034,1500,2024-10-14
2936,3059,1000,2025-01-31
2937,1515,300,2025-03-02
2938,4084,50,2025-11-23
2939,763,1500,2025-11-23
2940,1877,100,2026-02-07
2941,1820,200,2024-02-05
2942,2291,0,2026-05-03
2943,2424,1000,2026-08-06
2944,398,300,2025-12-20
2945,2412,2000,2025-02-03
2946,1329,2000,2025-02-17
2947,859,250,2025-08-29
2948,3726,50,2024-09-10
2949,922,200,2025-11-03
2950,4877,500,2026-06-03
2951,4656,150,2024-12-06
2952,800,2000,2026-01-10
2953,288,150,2025-11-03
2954,453,100,2025-05-12
2955,733,1000,2026-07-09
2956,1454,50,2025-08-30
2957,4709,1000,2025-11-27
2958,1871,1500,2025-08-20
2959,3490,250,2025-10-04
2960,4290,50,2025-01-21
2961,1759,2000,2025-08-15
2962,3617,50,2024-02-17
2963,4522,750,2024-02-24
2964,1625,2000,2025-02-15
2965,2839,2000,2026-07-26
2966,2191,0,2025-07-17
2967,1573,2000,2026-03-12
2968,2391,150,2026-01-30
2969,1289,300,2026-03-14
2970,1187,750,2025-07-08
2971,1346,100,2025-05-19
2972,1152,500,2024-06-29
2973,3208,2000,2026-05-22
2974,2997,1500,2024-03-24
2975,1210,1000,2024-12-05
2976,745,50,2024-10-11
2977,4170,1000,2025-11-05
2978,3762,2000,2025-04-08
2979,2679,2000,2025-11-29
2980,1846,2000,2025-12-21
2981,2911,1500,2025-10-21
2982,1122,200,2025-05-21
2983,2943,100,2024-05-03
2984,2324,100,2024-05-26
2985,1901,300,2025-11-04
2986,30,300,2025-06-29
2987,4324,250,2024-08-06
2988,3742,250,2025-12-17
2989,1534,50,2025-11-12
2990,312,750,2025-03-23
2991,2005,1500,2024-07-04
2992,48,1000,2026-06-22
2993,484,0,2025-12-14
2994,1548,2000,2024-06-06
2995,75,300,2024-06-19
2996,4855,1500,2024-10-12
2997,808,300,2026-01-23
2998,4351,500,2026-05-14
2999,2656,750,2024-03-24
3000,2871,200,2024-08-30
3001,597,50,2025-09-13
3002,3286,200,2025-01-12
3003,2034,1000,2025-02-23
3004,1335,300,2026-07-24
3005,4945,0,2025-08-12
3006,1636,2000,2026-07-02
3007,4220,100,2024-09-08
3008,2093,150,2025-03-05
3009,4531,0,2026-03-29
3010,2604,500,2024-01-23
3011,4917,1000,2024-03-12
3012,1301,50,2026-05-11
3013,1665,500,2024-01-12
3014,1975,0,2025-08-06
3015,3017,50,2024-10-25
3016,3730,1000,2025-09-01
3017,4091,750,2026-05-28
3018,186,0,2025-06-18
3019,4926,2000,2025-01-26
3020,209,1500,2024-05-22
3021,3996,250,2024-10-04
3022,3869,500,2025-03-23
3023,3779,750,2025-04-02
3024,83,1500,2025-02-23
3025,992,200,2025-06-04
3026,1387,150,2024-10-02
3027,4646,50,2025-12-27
3028,3193,300,2025-12-11
3029,2754,50,2026-06-27
3030,3098,100,2025-05-28
3031,3057,750,2025-06-10
3032,857,500,2024-04-20
3033,172,300,2025-08-07
3034,538,0,2026-03-04
3035,1967,100,2024-03-16
3036,1917,750,2026-05-21
3037,3680,750,2024-07-06
3038,3252,200,2024-07-07
3039,404,500,2025-08-09
3040,3661,300,2024-03-27
3041,2150,200,2026-07-02
3042,3567,1500,2024-09-27
3043,2653,1500,2025-05-26
3044,2987,750,2025-10-22
3045,4536,0,2024-01-09
3046,1376,150,2025-12-03
3047,1347,1000,2024-06-07
3048,1516,300,2025-05-07
3049,2722,200,2025-11-25
3050,4124,100,2026-04-23
3051,1047,300,2024-02-03
3052,3461,1500,2024-05-26
3053,2597,300,2025-08-31
3054,1320,200,2024-12-20
3055,4049,250,2024-02-28
3056,1542,500,2025-10-01
3057,2013,150,2024-08-19
3058,1499,250,2025-05-13
3059,4074,1500,2026-06-23
3060,1217,50,2025-10-02
3061,446,2000,2024-06-08
3062,3987,500,2024-06-05
3063,3168,100,2025-11-04
3064,1319,1000,2026-05-01
3065,1990,1000,2025-07-10
3066,2750,150,2024-04-04
3067,2314,500,2025-08-19
3068,4129,500,2025-06-05
3069,3588,100,2024-03-13
3070,329,300,2025-05-28
3071,3947,1500,2024-04-15
3072,4271,0,2024-06-28
3073,4542,1000,2024-07-24
3074,713,750,2024-05-06
3075,2071,0,2025-11-17
3076,378,1000,2025-05-24
3077,4679,250,2024-11-15
3078,1305,500,2024-05-07
3079,2315,2000,2024-07-25
3080,4826,250,2025-07-21
3081,207,1000,2025-04-30
3082,815,100,2025-11-29
3083,73,1000,2024-08-31
3084,2193,1000,2024-10-13
3085,262,150,2026-07-04
3086,4400,250,2024-02-26
3087,4189,500,2024-04-01
3088,2965,1000,2026-05-15
3089,2290,2000,2025-02-17
3090,1164,500,2025-12-25
3091,3969,1000,2024-11-11
3092,2840,300,2025-11-03
3093,1666,2000,2026-03-19
3094,1764,0,2024-10-31
3095,4681,2000,2025-08-23
3096,624,2000,2024-11-28
3097,756,750,2024-06-07
3098,2001,100,2024-05-13
3099,4161,300,2025-03-03
3100,4700,100,2024-10-26
3101,635,150,2024-04-03
3102,1821,0,2024-05-23
3103,2963,1500,2024-05-06
3104,2128,300,2025-02-12
3105,2237,150,2025-08-11
3106,1286,300,2025-04-01
3107,3663,300,2025-02-18
3108,4949,750,2026-07-13
3109,3413,750,2024-07-11
3110,3050,150,2024-07-20
3111,1157,300,2025-06-20
3112,4566,750,2026-03-22
3113,3071,1000,2025-07-05
3114,3012,300,2024-04-05
3115,2160,0,2024-12-01
3116,4947,500,2024-03-01
3117,4635,750,2025-08-21
3118,447,1000,2026-03-10
3119,2032,300,2024-03-17
3120,3035,150,2024-06-22
3121,3853,500,2025-01-15
3122,4322,500,2025-11-12
3123,187,500,2025-05-15
3124,323,150,2024-01-17
3125,2298,1000,2025-10-03
3126,4969,50,2025-03-16
3127,3227,2000,2026-07-03
3128,1127,2000,2024-07-07
3129,3918,50,2026-02-16
3130,3146,2000,2026-01-19
3131,3812,1500,2025-09-03
3132,3974,750,2025-11-14
3133,2490,750,2025-11-06
3134,4644,50,2026-06-29
3135,4722,1000,2025-12-04
3136,1957,500,2025-01-07
3137,842,1000,2024-01-20
3138,2818,0,2024-09-25
3139,905,1000,2025-10-09
3140,4864,750,2024-11-22
3141,34,0,2024-11-28
3142,3021,50,2024-10-19
3143,319,150,2024-02-02
3144,3039,1500,2025-01-30
3145,3530,1500,2026-02-24
3146,1140,0,2025-02-25
3147,1111,1000,2025-10-25
3148,442,300,2025-10-22
3149,2857,100,2026-06-06
3150,3103,1500,2026-07-27
3151,2676,250,2025-03-18
3152,1323,250,2024-03-21
3153,2372,750,2025-12-21
3154,4833,500,2026-03-02
3155,4900,100,2024-08-17
3156,920,300,2025-02-19
3157,4856,750,2025-12-24
3158,2053,500,2024-11-12
3159,2516,150,2024-12-21
3160,2469,250,2025-08-26
3161,177,0,2024-11-11
3162,4082,250,2024-02-10
3163,4595,1500,2026-02-05
3164,2967,50,2025-09-15
3165,4484,100,2026-01-15
3166,3381,0,2024-01-09
3167,2312,250,2024-03-21
3168,1371,250,2026-05-27
3169,2477,0,2025-12-14
3170,4287,250,2026-08-03
3171,2979,1500,2025-05-19
3172,3560,1500,2025-09-20
3173,4268,100,2024-03-25
3174,4698,100,2025-02-23
3175,4809,250,2025-04-08
3176,4516,150,2025-11-23
3177,2332,50,2025-02-22
3178,4421,200,2024-02-11
3179,3426,0,2024-02-16
3180,4200,250,2024-04-24
3181,1777,50,2024-08-03
3182,962,100,2025-05-10
3183,3884,300,2026-07-16
3184,1577,1500,2024-01-31
3185,1184,200,2025-01-18
3186,1474,100,2026-04-20
3187,3341,200,2024-04-13
3188,1444,100,2025-10-02
3189,1979,150,2024-10-29
3190,894,150,2024-05-27
3191,4197,150,2025-05-10
3192,4593,250,2025-06-11
3193,2004,250,2025-02-11
3194,1236,1500,2025-02-04
3195,3940,1500,2025-08-10
3196,3803,1500,2025-08-21
3197,4688,750,2026-06-15
3198,176,150,2026-01-30
3199,4560,1000,2025-01-16
3200,4139,1000,2024-09-01
3201,2485,200,2024-12-21
3202,4836,1000,2024-10-25
3203,2708,50,2024-07-04
3204,1655,1000,2025-09-21
3205,2265,750,2026-08-08
3206,1081,1000,2025-08-12
3207,975,150,2026-04-01
3208,1273,100,2024-12-02
3209,4559,150,2025-06-30
3210,465,200,2025-12-22
3211,2199,500,2025-11-08
3212,4663,750,2025-08-29
3213,1570,500,2026-01-25
3214,192,1500,2024-04-25
3215,4075,200,2026-03-23
3216,3263,200,2024-03-13
3217,25,300,2026-01-08
3218,2276,250,2024-06-19
3219,4399,2000,2024-01-26
3220,4099,100,2025-09-10
3221,958,150,2024-12-27
3222,3400,500,2025-04-02
3223,1215,1500,2025-06-28
3224,1269,100,2025-05-27
3225,1704,300,2024-10-18
3226,1503,2000,2025-09-22
3227,1463,0,2024-02-19
3228,486,300,2024-08-05
3229,1872,300,2026-04-23
3230,1606,200,2024-09-01
3231,2980,1000,2025-09-27
3232,3733,200,2024-07-23
3233,4941,750,2024-04-29
3234,1981,750,2024-08-31
3235,1075,200,2025-03-22
3236,1595,300,2026-01-07
3237,399,200,2024-08-08
3238,1374,50,2026-07-14
3239,3769,2000,2026-03-30
3240,2890,50,2025-06-29
3241,3537,300,2026-01-29
3242,2822,2000,2026-07-11
3243,2012,100,2024-06-30
3244,1262,250,2025-02-25
3245,4210,200,2025-12-08
3246,1832,50,2026-02-21
3247,3041,2000,2025-12-27
3248,3135,50,2024-09-02
3249,1203,250,2024-12-01
3250,1825,250,2024-04-20
3251,1414,50,2024-01-22
3252,1550,250,2026-01-17
3253,251,250,2025-04-08
3254,2223,750,2026-06-07
3255,1036,150,2024-01-01
3256,4058,2000,2024-06-10
3257,4328,200,2025-11-02
3258,2206,50,2025-08-08
3259,285,200,2024-07-24
3260,961,250,2026-03-06
3261,1363,250,2026-03-14
3262,1586,300,2025-05-22
3263,1041,150,2026-05-02
3264,3104,50,2026-02-11
3265,1995,250,2024-09-22
3266,4519,2000,2024-03-19
3267,2902,250,2024-12-27
3268,4515,0,2025-03-15
3269,964,2000,2024-03-22
3270,504,500,2025-02-07
3271,4886,0,2025-10-19
3272,3088,200,2024-11-30
3273,2220,200,2026-01-02
3274,1805,500,2026-01-02
3275,3215,750,2025-07-26
3276,784,200,2025-02-14
3277,4214,50,2024-04-19
3278,4147,750,2024-02-12
3279,2144,2000,2025-04-12
3280,4168,1000,2024-09-25
3281,4683,2000,2025-09-20
3282,915,100,2024-08-16
3283,2922,500,2026-04-22
3284,3635,1000,2024-06-16
3285,2843,2000,2026-06-03
3286,4897,2000,2024-06-06
3287,1148,1000,2025-05-29
3288,1133,1500,2025-01-01
3289,2143,1000,2025-08-31
3290,1328,50,2025-08-21
3291,4127,500,2024-01-10
3292,194,50,2026-02-11
3293,1837,50,2024-01-04
3294,1495,50,2025-03-05
3295,474,2000,2024-07-25
3296,1889,50,2025-01-01
3297,3528,500,2026-04-04
3298,96,1500,2026-07-16
3299,2190,1500,2026-03-24
3300,1620,200,2026-02-17
3301,469,100,2025-09-25
3302,1206,1500,2024-10-07
3303,4361,1000,2024-03-17
3304,4339,300,2025-11-03
3305,3123,300,2025-03-03
3306,2800,1000,2024-10-31
3307,2834,1000,2024-03-28
3308,112,250,2024-01-14
3309,1247,250,2025-10-17
3310,4016,300,2025-06-07
3311,2790,300,2024-07-26
3312,2450,750,2026-01-16
3313,3284,2000,2024-05-26
3314,3849,150,2024-10-03
3315,2225,50,2025-02-15
3316,569,200,2024-03-17
3317,2466,150,2024-03-25
3318,226,50,2024-09-26
3319,2079,0,2024-04-15
3320,2554,2000,2025-03-31
3321,61,250,2026-05-15
3322,4360,500,2026-07-31
3323,3773,150,2025-10-05
3324,1748,250,2025-10-19
3325,868,1500,2024-06-29
3326,3000,1500,2025-10-13
3327,81,150,2025-12-11
3328,1333,250,2026-02-04
3329,2040,2000,2025-06-15
3330,1113,0,2024-09-03
3331,2300,250,2024-02-18
3332,3027,250,2024-10-10
3333,3977,1500,2024-03-05
3334,2704,0,2024-06-24
3335,750,50,2024-04-29
3336,129,150,2024-10-01
3337,893,50,2026-07-02
3338,3684,250,2025-08-21
3339,140,2000,2024-11-18
3340,2523,1500,2025-07-08
3341,3965,2000,2025-07-20
3342,1532,300,2025-09-17
3343,571,100,2025-02-28
3344,1420,0,2024-05-08
3345,2810,1500,2024-06-25
3346,1146,200,2024-11-28
3347,995,2000,2024-11-13
3348,371,0,2026-03-09
3349,551,100,2025-01-20
3350,3253,1000,2024-12-16
3351,23,200,2024-07-24
3352,2795,150,2026-08-06
3353,4501,200,2026-04-01
3354,392,100,2024-07-28
3355,1698,150,2026-02-04
3356,126,2000,2025-02-26
3357,2970,750,2025-09-20
3358,507,50,2026-04-23
3359,590,150,2024-08-30
3360,1980,150,2026-02-18
3361,32,300,2026-04-07
3362,3297,1500,2026-01-03
3363,1297,200,2024-06-02
3364,195,200,2025-11-02
3365,4676,2000,2025-11-28
3366,1856,150,2024-09-30
3367,4492,0,2026-02-12
3368,3954,50,2025-05-13
3369,440,1000,2025-09-10
3370,2440,200,2026-06-10
3371,3706,500,2026-02-03
3372,709,300,2024-11-09
3373,1787,750,2024-06-19
3374,3564,150,2026-08-03
3375,1947,50,2025-09-03
3376,3992,200,2025-12-10
3377,4320,200,2024-02-16
3378,1112,0,2025-11-15
3379,3372,2000,2026-01-03
3380,4755,150,2024-09-18
3381,721,500,2026-03-06
3382,420,250,2024-08-06
3383,4589,200,2024-08-04
3384,2690,750,2026-01-15
3385,3666,200,2025-02-11
3386,3536,2000,2026-01-30
3387,4041,750,2026-07-08
3388,4145,100,2025-03-08
3389,2503,250,2024-03-20
3390,4952,1000,2024-03-10
3391,45,1000,2024-01-16
3392,792,250,2026-06-23
3393,2383,1000,2025-04-14
3394,4286,50,2025-12-28
3395,3967,2000,2025-08-13
3396,495,300,2024-09-05
3397,4198,100,2026-03-01
3398,600,750,2024-12-15
3399,1271,1000,2024-10-10
3400,1739,0,2025-01-20
3401,2437,1500,2024-03-07
3402,4157,500,2025-04-02
3403,3608,50,2025-11-18
3404,1749,1000,2026-02-21
3405,3491,200,2024-08-04
3406,3524,0,2025-08-20
3407,3471,100,2025-02-05
3408,2849,50,2025-03-15
3409,1908,2000,2024-05-31
3410,2039,100,2026-02-15
3411,4938,300,2024-09-10
3412,4770,750,2026-04-22
3413,4114,300,2025-11-28
3414,2077,200,2025-02-17
3415,2021,200,2026-07-10
3416,4131,200,2026-06-08
3417,4699,300,2024-01-16
3418,2049,50,2025-07-08
3419,522,1500,2024-04-26
3420,2258,300,2025-03-15
3421,408,1000,2024-12-01
3422,2145,1000,2024-07-20
3423,1674,0,2025-04-17
3424,2560,50,2025-08-26
3425,4413,1500,2026-03-25
3426,1121,2000,2025-06-25
3427,3453,200,2025-12-28
3428,2875,500,2024-03-24
3429,15,200,2024-03-14
3430,4529,1500,2024-07-24
3431,3321,1000,2024-05-28
3432,3546,1000,2026-05-15
3433,2024,2000,2025-12-22
3434,4774,100,2025-08-31
3435,4517,500,2025-02-05
3436,4336,50,2024-05-07
3437,3462,1000,2025-06-18
3438,1180,1000,2026-07-05
3439,3973,1000,2025-04-21
3440,3703,0,2025-10-16
3441,1479,150,2024-08-22
3442,3662,150,2024-02-01
3443,4754,50,2026-04-16
3444,1814,500,2024-01-28
3445,749,1500,2025-07-19
3446,2555,750,2024-07-30
3447,387,300,2025-04-03
3448,3125,150,2025-06-07
3449,640,0,2025-05-29
3450,2370,2000,2024-02-08
3451,1640,2000,2025-01-31
3452,391,200,2024-05-24
3453,3422,100,2024-10-25
3454,3225,50,2025-02-10
3455,2305,1500,2025-10-26
3456,3981,250,2024-08-25
3457,1317,300,2024-08-24
3458,90,750,2024-04-15
3459,1962,200,2025-09-10
3460,4473,300,2025-05-27
3461,2124,300,2026-03-06
3462,4460,2000,2024-10-13
3463,1508,150,2025-05-12
3464,4552,150,2024-08-18
3465,3552,500,2025-12-24
3466,325,2000,2025-12-11
3467,1390,100,2025-12-29
3468,2074,1000,2025-08-04
3469,3644,250,2025-06-28
3470,320,1000,2026-06-07
3471,2805,150,2025-02-23
3472,4527,200,2024-11-18
3473,1999,500,2024-06-02
3474,2606,200,2025-02-08
3475,1478,500,2024-06-01
3476,2776,750,2024-08-07
3477,1240,50,2026-02-03
3478,2789,250,2024-12-20
3479,2280,750,2024-10-17
3480,4478,2000,2024-11-03
3481,3110,500,2026-05-14
3482,1852,150,2025-07-07
3483,559,1000,2026-04-06
3484,4083,500,2024-09-18
3485,1547,2000,2024-04-10
3486,450,50,2026-06-20
3487,204,2000,2024-06-27
3488,1405,2000,2025-10-07
3489,2347,200,2024-05-06
3490,3936,50,2024-04-24
3491,3392,100,2025-12-22
3492,232,1500,2026-05-12
3493,2250,750,2026-03-04
3494,2564,150,2024-12-25
3495,4113,500,2025-11-16
3496,4983,2000,2025-04-06
3497,698,150,2026-06-16
3498,2129,200,2024-12-13
3499,4417,100,2026-03-27
3500,1237,1500,2024-12-11
3501,3830,150,2025-08-29
3502,2665,1500,2026-06-16
3503,4831,250,2024-03-07
3504,4986,750,2025-08-28
3505,3983,250,2024-03-10
3506,3290,1500,2025-12-13
3507,2116,300,2025-06-16
3508,2345,200,2024-07-03
3509,4446,250,2024-01-12
3510,3739,750,2026-04-09
3511,3718,1500,2025-11-06
3512,3765,250,2024-05-21
3513,3792,1500,2024-02-28
3514,162,1000,2024-07-20
3515,4295,200,2025-08-22
3516,3124,50,2024-01-17
3517,1394,0,2025-11-18
3518,665,100,2025-05-04
3519,4525,750,2026-07-17
3520,609,150,2024-09-11
3521,4394,300,2025-02-01
3522,2546,150,2025-07-19
3523,2267,750,2024-11-22
3524,3728,500,2024-02-10
3525,3424,50,2024-07-05
3526,2649,250,2026-04-26
3527,475,0,2024-08-14
3528,2945,1000,2024-02-19
3529,929,200,2024-09-24
3530,2846,100,2026-07-24
3531,1349,300,2026-01-03
3532,2018,200,2025-05-31
3533,2094,250,2026-06-15
3534,3058,50,2025-05-02
3535,2816,1500,2024-01-30
3536,2319,300,2024-01-26
3537,875,750,2025-07-07
3538,2028,750,2024-03-04
3539,3896,1000,2025-08-02
3540,3778,300,2024-10-18
3541,1191,200,2024-12-04
3542,651,1000,2024-03-14
3543,3659,100,2026-07-06
3544,1885,250,2025-11-04
3545,2961,750,2026-01-01
3546,1496,0,2024-06-24
3547,80,200,2025-01-14
3548,3184,2000,2026-01-04
3549,643,0,2026-02-09
3550,2570,2000,2024-07-14
3551,2829,1500,2025-09-08
3552,4096,1000,2026-07-02
3553,1103,100,2024-12-22
3554,4603,150,2025-04-29
3555,841,0,2024-03-30
3556,3822,0,2026-02-25
3557,3994,150,2025-11-04
3558,1646,0,2026-07-11
3559,1393,2000,2025-02-20
3560,4154,300,2025-03-02
3561,4753,50,2026-01-25
3562,1411,50,2025-11-05
3563,2594,750,2024-02-28
3564,2985,250,2025-12-24
3565,123,1000,2024-05-20
3566,2313,250,2025-04-21
3567,2872,750,2024-06-01
3568,4784,750,2024-02-29
3569,4432,250,2026-07-06
3570,672,200,2025-08-01
3571,3363,250,2025-03-01
3572,1325,500,2025-07-28
3573,1502,2000,2025-08-10
3574,82,250,2025-09-22
3575,1126,50,2026-07-02
3576,1334,0,2024-03-15
3577,2323,1500,2026-04-21
3578,4233,300,2025-02-20
3579,3708,750,2026-03-28
3580,3547,150,2025-08-04
3581,1046,300,2025-04-06
3582,904,200,2024-07-15
3583,1712,1500,2024-02-13
3584,1124,1000,2025-06-26
3585,4055,300,2024-09-10
3586,1822,1000,2025-04-13
3587,2654,50,2024-09-07
3588,4622,0,2024-03-20
3589,4759,0,2026-03-11
3590,53,2000,2026-01-04
3591,3283,300,2026-07-20
3592,2251,750,2024-01-30
3593,2611,750,2024-01-01
3594,117,0,2025-06-14
3595,3650,200,2024-09-03
3596,2831,750,2026-07-10
3597,1107,200,2025-03-12
3598,3923,0,2024-02-21
3599,3060,0,2026-01-02
3600,1458,100,2024-05-12
3601,542,250,2026-05-09
3602,2105,500,2025-10-01
3603,4793,50,2024-01-05
3604,2135,500,2024-06-08
3605,419,200,2026-03-03
3606,659,500,2026-06-20
3607,3249,1500,2026-01-21
3608,2730,250,2024-09-14
3609,2934,500,2025-01-03
3610,1991,1500,2026-08-04
3611,888,1500,2024-04-04
3612,1785,750,2026-04-22
3613,4388,1500,2025-12-15
3614,1765,150,2026-04-04
3615,3213,750,2024-03-24
3616,1763,0,2025-06-07
3617,661,300,2024-01-29
3618,1866,1500,2025-08-18
3619,916,50,2024-10-10
3620,3339,250,2026-03-07
3621,4106,300,2026-04-26
3622,1810,1000,2024-10-23
3623,1105,1000,2024-01-07
3624,2796,1000,2024-09-06
3625,3456,2000,2025-01-11
3626,1803,500,2025-07-19
3627,3848,300,2026-02-18
3628,2428,750,2024-11-21
3629,846,1500,2025-05-14
3630,2082,2000,2026-07-11
3631,862,150,2025-02-02
3632,4471,50,2026-03-27
3633,3438,50,2024-01-07
3634,483,750,2025-09-24
3635,4149,50,2025-04-27
3636,4270,200,2024-12-02
3637,2430,2000,2024-01-15
3638,4353,250,2025-06-05
3639,4959,1500,2025-07-26
3640,1989,0,2025-10-08
3641,4550,750,2024-09-14
3642,2618,750,2025-11-12
3643,870,200,2024-12-12
3644,794,750,2026-06-02
3645,4944,150,2026-02-15
3646,2164,1000,2025-05-22
3647,2374,200,2024-08-28
3648,2703,750,2025-06-20
3649,4512,1500,2025-01-24
3650,277,50,2024-07-21
3651,503,250,2026-04-02
3652,4386,1500,2024-01-27
3653,3736,100,2024-07-29
3654,3953,0,2026-05-22
3655,509,500,2026-02-16
3656,2577,150,2024-09-08
3657,3276,0,2025-12-11
3658,1277,300,2024-06-27
3659,3155,50,2025-12-21
3660,1847,1500,2024-12-29
3661,4133,1500,2025-12-07
3662,363,1500,2026-01-06
3663,901,1000,2024-04-27
3664,520,2000,2024-08-21
3665,1316,100,2025-06-03
3666,642,150,2024-08-15
3667,1867,1500,2024-10-07
3668,1052,50,2024-07-03
3669,1844,50,2025-10-18
3670,1948,200,2026-02-13
3671,4923,200,2024-08-05
3672,4036,750,2026-03-24
3673,2946,200,2026-03-12
3674,1613,200,2024-03-18
3675,3879,1000,2025-01-22
3676,3698,1000,2024-09-10
3677,3468,2000,2026-06-14
3678,814,1500,2025-05-13
3679,3700,100,2024-08-05
3680,3832,1000,2026-02-18
3681,3621,1000,2025-03-04
3682,3934,0,2025-10-03
3683,2733,300,2024-07-03
3684,2059,1000,2025-10-27
3685,1296,300,2024-02-02
3686,1611,100,2024-05-10
3687,4904,1000,2026-03-04
3688,688,250,2024-02-29
3689,452,300,2024-05-05
3690,2884,200,2026-02-06
3691,151,0,2025-03-11
3692,2414,250,2024-11-21
3693,3148,1500,2024-10-27
3694,3109,200,2024-12-25
3695,1249,750,2025-04-09
3696,2066,250,2024-03-03
3697,1740,300,2024-12-08
3698,497,50,2026-07-10
3699,3646,750,2024-11-11
3700,924,500,2026-01-16
3701,1648,200,2025-06-25
3702,3522,300,2026-04-06
3703,3223,200,2025-05-24
3704,4323,200,2025-09-01
3705,3428,300,2025-11-18
3706,4261,250,2026-07-14
3707,4372,50,2024-07-21
3708,3043,1500,2025-07-12
3709,409,1000,2025-10-18
3710,3373,100,2026-04-29
3711,4999,500,2024-11-20
3712,2211,250,2024-05-24
3713,2792,50,2024-10-03
3714,8,500,2025-01-04
3715,1758,100,2026-01-12
3716,1156,0,2025-01-16
3717,3107,500,2024-04-14
3718,970,200,2026-07-02
3719,3611,50,2025-03-25
3720,218,2000,2024-01-31
3721,4751,100,2024-05-06
3722,1188,750,2024-07-06
3723,337,1500,2024-05-12
3724,4148,150,2024-12-14
3725,3970,750,2025-11-03
3726,896,50,2024-07-10
3727,2113,150,2026-04-30
3728,3075,750,2025-07-10
3729,1878,1500,2024-12-01
3730,4308,0,2025-05-31
3731,1668,1000,2024-03-30
3732,3143,100,2025-02-05
3733,184,150,2026-05-10
3734,3362,250,2024-09-26
3735,4652,1500,2025-03-14
3736,1022,250,2025-01-19
3737,3492,1500,2025-01-07
3738,935,2000,2026-05-16
3739,2971,0,2025-08-19
3740,2562,150,2025-10-23
3741,2198,1500,2025-09-20
3742,1795,150,2024-05-20
3743,4671,300,2024-03-24
3744,826,2000,2024-09-23
3745,580,1000,2025-11-14
3746,100,100,2025-06-07
3747,1028,500,2024-09-30
3748,741,0,2026-01-08
3749,2297,0,2024-02-22
3750,1264,300,2024-10-29
3751,2705,200,2024-11-03
3752,4475,1000,2024-11-26
3753,4300,1500,2025-06-25
3754,1702,100,2024-08-31
3755,3912,250,2025-09-23
3756,1123,500,2025-12-31
3757,2725,50,2025-02-21
3758,4963,250,2024-12-24
3759,3473,0,2024-01-16
3760,2838,2000,2025-01-29
3761,4406,300,2025-12-28
3762,2683,200,2026-02-06
3763,1268,150,2025-06-11
3764,1633,200,2026-04-09
3765,1032,150,2024-07-31
3766,1158,1500,2026-04-26
3767,1659,0,2026-04-26
3768,283,200,2025-05-27
3769,2301,50,2026-01-16
3770,137,750,2025-06-09
3771,2728,0,2025-01-27
3772,1067,2000,2025-08-23
3773,3328,2000,2024-02-05
3774,159,2000,2026-08-09
3775,822,500,2024-08-02
3776,473,1500,2024-08-11
3777,4540,500,2024-04-11
3778,1826,100,2025-02-09
3779,2052,150,2025-10-17
3780,1480,150,2025-11-20
3781,1239,150,2024-07-27
3782,1746,150,2026-06-22
3783,4518,100,2026-04-07
3784,531,1000,2024-10-14
3785,1193,200,2024-05-28
3786,2240,50,2026-06-25
3787,156,2000,2024-07-05
3788,3811,250,2024-06-20
3789,1931,500,2026-05-25
3790,3796,100,2026-07-29
3791,4857,2000,2026-03-11
3792,1628,300,2026-01-08
3793,2363,500,2026-04-02
3794,1282,2000,2025-09-15
3795,546,2000,2026-07-19
3796,3601,2000,2025-07-22
3797,939,150,2024-09-10
3798,2117,200,2024-03-20
3799,2801,500,2025-08-12
3800,4202,0,2026-05-20
3801,4463,750,2026-04-20
3802,1773,2000,2024-05-04
3803,1755,750,2024-01-06
3804,2243,500,2024-10-03
3805,4280,1000,2025-10-21
3806,1425,2000,2025-08-12
3807,4169,1000,2026-02-08
3808,3645,200,2025-10-02
3809,1049,150,2025-01-26
3810,477,150,2025-09-29
3811,4383,250,2026-01-05
3812,1486,200,2024-08-25
3813,4307,1000,2026-05-26
3814,4392,200,2024-01-02
3815,2177,150,2025-12-25
3816,4526,0,2026-05-10
3817,1934,1500,2025-10-01
3818,233,1500,2026-04-15
3819,4356,1500,2024-01-21
3820,1440,150,2026-05-19
3821,4852,250,2024-05-14
3822,739,150,2024-09-13
3823,1417,2000,2025-07-22
3824,1182,100,2026-03-17
3825,2184,50,2024-10-13
3826,1568,2000,2025-03-31
3827,1375,150,2025-10-21
3828,2687,2000,2024-09-04
3829,1525,750,2025-04-12
3830,4373,50,2024-07-13
3831,2153,200,2024-05-25
3832,2451,200,2024-08-22
3833,2497,50,2025-10-07
3834,2435,300,2025-12-19
3835,3875,500,2025-05-24
3836,2202,50,2024-04-02
3837,1631,250,2025-04-12
3838,579,300,2024-12-05
3839,3976,300,2025-12-02
3840,2422,150,2025-04-01
3841,136,150,2025-10-21
3842,4597,750,2024-07-28
3843,4429,1000,2024-01-18
3844,4319,2000,2025-03-17
3845,941,100,2026-03-31
3846,3055,1000,2024-02-22
3847,3858,200,2024-07-19
3848,1423,500,2026-02-13
3849,1688,200,2025-01-04
3850,3101,0,2025-03-02
3851,4905,0,2025-10-31
3852,427,1000,2025-09-10
3853,2064,150,2025-05-01
3854,2281,1000,2025-09-06
3855,2602,300,2025-02-10
3856,1072,100,2024-04-21
3857,4816,50,2024-04-25
3858,423,100,2025-12-06
3859,1198,1000,2026-02-06
3860,3322,1500,2024-12-17
3861,1151,1500,2026-02-20
3862,259,500,2024-09-08
3863,1482,200,2024-05-04
3864,3013,1000,2024-08-23
3865,2702,300,2026-05-23
3866,1014,1500,2025-01-27
3867,1670,1500,2025-07-06
3868,566,500,2024-08-23
3869,2613,0,2026-04-03
3870,1250,750,2024-09-01
3871,354,2000,2025-11-27
3872,752,50,2025-04-27
3873,4727,200,2024-07-18
3874,2736,0,2026-06-28
3875,193,0,2025-12-18
3876,4486,100,2026-04-07
3877,1327,150,2026-05-01
3878,2165,250,2026-02-08
3879,4872,750,2024-12-29
3880,610,150,2026-04-09
3881,1909,1000,2025-09-25
3882,4281,150,2026-01-08
3883,3584,1000,2026-07-06
3884,1166,150,2025-06-23
3885,4513,200,2026-04-28
3886,1769,300,2024-02-19
3887,3615,1500,2026-01-03
3888,2067,0,2026-04-11
3889,4575,500,2024-01-23
3890,1766,50,2026-04-03
3891,4255,150,2024-07-17
3892,3945,1500,2026-05-22
3893,4274,500,2024-05-02
3894,2689,250,2024-09-15
3895,1719,200,2025-03-04
3896,3582,300,2025-06-01
3897,3566,2000,2026-05-26
3898,2,1500,2024-12-22
3899,3989,1000,2025-01-01
3900,4225,300,2026-01-07
3901,2950,1000,2025-01-31
3902,247,100,2024-05-24
3903,1639,50,2024-10-29
3904,1235,500,2024-09-07
3905,3385,150,2025-05-15
3906,2381,250,2024-09-23
3907,676,150,2025-11-08
3908,3440,200,2024-12-04
3909,3174,300,2024-04-12
3910,2684,750,2025-04-28
3911,2055,750,2024-04-04
3912,1699,200,2025-02-18
3913,4070,2000,2024-06-07
3914,982,250,2025-11-28
3915,4364,50,2024-08-02
3916,1829,250,2025-07-31
3917,3152,200,2025-12-30
3918,2360,150,2025-12-30
3919,2864,750,2025-03-16
3920,795,750,2024-08-08
3921,4601,2000,2026-07-16
3922,170,300,2025-06-17
3923,1622,1000,2024-09-29
3924,3949,2000,2026-08-04
3925,655,300,2026-07-17
3926,1778,200,2026-03-07
3927,2476,300,2024-05-04
3928,2915,50,2025-08-16
3929,4745,1500,2024-01-21
3930,4455,250,2025-11-15
3931,3870,1500,2024-05-30
3932,3749,200,2024-02-28
3933,3495,0,2025-09-07
3934,2410,2000,2025-12-17
3935,206,300,2024-05-18
3936,1974,200,2024-09-24
3937,1753,1000,2026-01-12
3938,4832,250,2025-04-19
3939,3352,100,2025-10-20
3940,3117,1500,2025-09-12
3941,4103,250,2026-01-22
3942,3154,300,2024-02-29
3943,4942,200,2024-10-07
3944,3929,250,2025-04-23
3945,4439,500,2024-11-07
3946,562,100,2025-06-22
3947,4216,150,2024-12-05
3948,3192,1000,2024-06-16
3949,847,300,2026-06-17
3950,1575,100,2026-02-08
3951,3502,1500,2024-07-27
3952,3318,1000,2026-02-01
3953,1280,500,2024-09-24
3954,4546,2000,2024-06-01
3955,79,500,2025-07-29
3956,2288,750,2025-07-04
3957,1466,1500,2025-12-20
3958,2214,250,2025-11-29
3959,4506,1000,2026-06-29
3960,2893,1500,2025-03-09
3961,4006,0,2025-10-16
3962,1278,750,2024-07-31
3963,3228,250,2025-03-18
3964,2344,300,2026-05-15
3965,2338,0,2025-08-22
3966,196,100,2024-06-06
3967,4664,300,2025-06-02
3968,3481,1500,2025-10-01
3969,1031,50,2025-03-25
3970,3036,300,2026-03-28
3971,1058,100,2025-06-02
3972,3076,300,2026-06-21
3973,2362,2000,2026-01-12
3974,2724,100,2024-05-06
3975,845,300,2026-05-23
3976,1997,1000,2024-10-05
3977,1694,300,2025-04-04
3978,1930,300,2025-01-01
3979,2002,0,2025-11-05
3980,2867,2000,2024-11-06
3981,991,300,2026-04-15
3982,1175,500,2024-04-13
3983,4064,0,2025-03-30
3984,2091,750,2025-09-05
3985,3378,0,2024-04-12
3986,773,50,2025-08-06
3987,4993,0,2024-05-25
3988,2584,2000,2024-05-25
3989,2954,200,2026-05-18
3990,4119,200,2025-06-05
3991,699,0,2025-09-28
3992,2111,150,2026-04-25
3993,1892,500,2025-08-11
3994,844,2000,2024-06-16
3995,1518,0,2024-08-30
3996,3758,500,2025-08-20
3997,127,1500,2024-03-23
3998,3214,300,2026-05-30
3999,2438,1500,2026-05-25
4000,880,1500,2025-10-29
4001,3262,50,2025-03-24
4002,3003,500,2024-09-13
4003,4039,1500,2025-07-02
4004,1378,1500,2024-02-10
4005,1090,2000,2026-06-14
4006,3116,2000,2026-07-26
4007,1828,100,2025-07-18
4008,701,100,2024-09-10
4009,3806,300,2025-11-03
4010,1160,50,2024-07-11
4011,2590,2000,2024-03-20
4012,1669,300,2026-02-07
4013,1299,0,2026-05-05
4014,3029,300,2025-10-23
4015,616,300,2025-10-05
4016,3985,2000,2026-01-28
4017,4930,0,2024-02-20
4018,3149,200,2025-01-16
4019,3348,1500,2025-03-06
4020,4015,500,2024-12-25
4021,463,0,2025-12-21
4022,4533,1000,2024-11-16
4023,557,0,2026-05-26
4024,361,150,2024-02-22
4025,1459,150,2025-03-25
4026,2434,200,2025-03-05
4027,1321,1500,2024-04-23
4028,3487,1000,2026-01-07
4029,2587,0,2025-06-12
4030,1104,300,2026-06-28
4031,1932,150,2026-04-19
4032,1629,150,2024-05-21
4033,2169,50,2024-10-07
4034,3624,250,2024-12-07
4035,2173,1500,2025-03-12
4036,508,500,2026-07-27
4037,275,200,2025-12-20
4038,927,750,2025-04-21
4039,3893,1500,2024-01-07
4040,4737,1000,2026-02-24
4041,4524,300,2025-02-24
4042,2715,100,2024-08-17
4043,3365,250,2024-12-14
4044,1074,250,2025-12-29
4045,429,150,2025-05-14
4046,4804,2000,2024-10-02
4047,805,500,2026-03-05
4048,2137,100,2025-01-24
4049,4276,1000,2024-03-05
4050,316,300,2026-07-16
4051,4211,250,2024-08-14
4052,98,1000,2026-05-21
4053,3696,250,2024-03-26
4054,1590,200,2024-01-05
4055,4541,1000,2026-02-14
4056,2741,100,2025-01-09
4057,4765,500,2025-05-28
4058,1024,500,2026-07-25
4059,4196,2000,2026-06-06
4060,596,250,2026-04-07
4061,1062,750,2026-06-29
4062,3656,200,2025-04-05
4063,931,1500,2024-05-29
4064,1965,50,2024-07-12
4065,4549,750,2024-08-01
4066,2027,500,2026-06-15
4067,4626,1500,2025-11-15
4068,2861,0,2025-10-04
4069,1142,50,2025-03-24
4070,4539,1500,2025-09-23
4071,2015,0,2024-03-30
4072,4228,150,2026-05-30
4073,1730,300,2024-08-08
4074,19,2000,2024-10-09
4075,4555,50,2024-01-18
4076,4701,150,2024-03-28
4077,385,300,2026-02-24
4078,4845,2000,2025-01-25
4079,1545,1000,2025-07-27
4080,1303,250,2024-05-29
4081,1705,1500,2024-11-01
4082,2283,100,2024-12-16
4083,4494,500,2024-10-24
4084,3990,1500,2025-02-17
4085,2108,50,2024-09-16
4086,266,2000,2025-09-11
4087,2330,200,2025-02-26
4088,4347,100,2024-06-06
4089,119,1500,2026-06-15
4090,592,750,2025-03-10
4091,2255,1000,2024-03-09
4092,1559,2000,2024-06-11
4093,3955,0,2025-07-25
4094,4481,1500,2026-05-09
4095,2662,1500,2024-10-09
4096,2592,1000,2025-07-06
4097,4289,100,2024-03-04
4098,1918,1000,2025-05-26
4099,938,50,2025-09-03
4100,3087,200,2026-05-18
4101,2992,2000,2026-06-04
4102,2041,150,2025-12-20
4103,4894,2000,2024-03-02
4104,4338,250,2025-10-23
4105,2398,1000,2024-08-21
4106,3102,150,2024-08-29
4107,3260,200,2024-05-26
4108,3220,0,2024-09-03
4109,2132,100,2025-02-05
4110,525,200,2026-01-06
4111,3844,200,2024-12-17
4112,4040,250,2026-03-11
4113,1098,150,2026-03-13
4114,771,1000,2024-12-11
4115,2617,1500,2024-10-02
4116,2566,300,2026-06-30
4117,6,2000,2024-01-09
4118,2873,150,2025-09-28
4119,43,50,2026-07-07
4120,949,100,2025-02-16
4121,1937,50,2025-03-05
4122,2852,1500,2025-07-20
4123,1136,2000,2025-06-08
4124,3336,100,2026-04-04
4125,2835,250,2025-01-02
4126,884,1500,2024-05-16
4127,1196,300,2025-11-18
4128,1285,50,2025-08-25
4129,1703,750,2024-05-23
4130,4619,50,2024-11-09
4131,1279,250,2026-04-29
4132,3061,500,2024-01-01
4133,3825,300,2025-09-30
4134,3859,0,2024-12-08
4135,1964,2000,2025-05-12
4136,432,250,2024-03-06
4137,2616,1000,2024-08-03
4138,4231,500,2025-07-26
4139,2589,1000,2026-01-07
4140,2896,100,2025-11-23
4141,4177,500,2025-04-26
4142,2582,300,2025-06-23
4143,2748,2000,2024-03-28
4144,4135,250,2026-01-14
4145,4175,1500,2024-06-24
4146,403,100,2025-01-13
4147,72,150,2025-06-26
4148,1533,1500,2024-08-02
4149,1380,1000,2025-12-08
4150,1221,1500,2024-08-15
4151,3350,100,2024-02-18
4152,3618,1500,2026-03-02
4153,3771,1500,2025-06-26
4154,2853,2000,2025-06-13
4155,1267,500,2026-04-26
4156,4854,250,2024-11-05
4157,4958,0,2025-10-27
4158,125,100,2026-04-11
4159,3267,0,2025-12-16
4160,2905,100,2026-05-09
4161,4059,500,2024-09-25
4162,2494,2000,2025-12-11
4163,2254,0,2024-02-03
4164,2710,500,2024-08-13
4165,4223,50,2025-12-06
4166,1108,150,2026-04-28
4167,2668,1000,2026-04-18
4168,4996,500,2026-06-05
4169,1070,250,2024-01-07
4170,687,100,2025-01-28
4171,2158,750,2025-05-04
4172,149,150,2024-02-07
4173,4717,2000,2024-07-01
4174,1626,250,2026-02-27
4175,276,300,2024-07-03
4176,4896,1000,2024-12-22
4177,3793,100,2026-06-25
4178,785,2000,2024-03-18
4179,811,1000,2025-11-18
4180,959,50,2024-09-19
4181,1037,500,2024-04-11
4182,4839,150,2024-11-05
4183,607,750,2026-06-22
4184,1560,1500,2024-11-08
4185,1728,300,2025-07-03
4186,2161,200,2025-06-11
4187,4994,250,2026-02-25
4188,3007,300,2024-10-13
4189,118,750,2024-09-11
4190,3962,750,2025-12-30
4191,328,300,2024-06-09
4192,3281,250,2024-03-23
4193,3800,250,2024-02-04
4194,4033,750,2024-07-19
4195,706,750,2026-02-12
4196,4454,50,2024-09-08
4197,1101,50,2025-11-24
4198,2439,750,2024-09-08
4199,1012,500,2026-01-17
4200,1966,1500,2025-09-08
4201,4803,250,2026-01-22
4202,2010,200,2025-11-12
4203,1671,50,2024-02-13
4204,2916,500,2024-03-03
4205,4397,1500,2025-02-08
4206,587,1500,2026-07-19
4207,1372,250,2024-10-08
4208,4639,1000,2024-07-09
4209,4858,300,2024-12-29
4210,20,750,2025-10-30
4211,4669,1000,2024-10-16
4212,2404,2000,2025-03-20
4213,1603,500,2025-04-24
4214,2772,0,2026-07-11
4215,2886,300,2025-03-10
4216,2862,1000,2026-07-25
4217,2483,250,2025-10-24
4218,4613,100,2026-02-03
4219,1591,200,2024-03-18
4220,2385,100,2026-05-16
4221,3589,1000,2025-05-06
4222,4586,750,2024-11-10
4223,3366,1000,2024-04-06
4224,480,150,2026-03-13
4225,2650,0,2024-12-06
4226,2664,200,2024-07-17
4227,3760,300,2025-01-21
4228,3206,1000,2025-11-30
4229,2149,300,2024-07-17
4230,783,50,2024-07-11
4231,2674,200,2024-07-18
4232,769,250,2026-06-03
4233,1137,250,2026-02-27
4234,3333,0,2024-01-26
4235,2771,200,2024-10-16
4236,3690,1000,2024-02-01
4237,2457,50,2026-03-10
4238,2596,200,2025-04-12
4239,4239,50,2025-09-04
4240,3046,50,2025-05-31
4241,4571,50,2024-11-04
4242,2081,0,2026-05-20
4243,4445,150,2024-11-26
4244,4190,150,2024-12-12
4245,1906,200,2026-05-01
4246,4146,0,2024-12-26
4247,3854,1500,2024-01-13
4248,153,50,2026-02-18
4249,2944,500,2024-11-02
4250,4577,250,2026-03-14
4251,2563,50,2025-04-05
4252,413,150,2025-11-16
4253,3417,750,2024-12-06
4254,4326,50,2025-07-21
4255,1220,200,2024-02-13
4256,2976,1500,2025-03-27
4257,4822,500,2024-12-13
4258,3658,500,2024-10-05
4259,4345,0,2025-02-26
4260,2788,1500,2026-05-04
4261,1141,250,2024-07-31
4262,3500,300,2025-09-06
4263,2666,150,2024-03-08
4264,202,50,2026-06-16
4265,4800,500,2026-06-20
4266,4238,1000,2024-05-08
4267,261,2000,2025-10-30
4268,148,250,2024-04-24
4269,1693,1000,2025-01-23
4270,1135,1000,2025-02-16
4271,85,300,2024-04-25
4272,3920,750,2024-10-04
4273,4633,250,2025-06-16
4274,645,1500,2025-10-13
4275,4695,250,2024-07-29
4276,3475,750,2024-09-20
4277,2222,50,2025-04-25
4278,4087,250,2024-09-16
4279,1341,100,2025-03-07
4280,638,750,2026-03-06
4281,435,2000,2024-01-28
4282,3038,1000,2025-01-09
4283,4192,150,2024-07-29
4284,3292,1000,2026-05-05
4285,4744,1000,2024-09-25
4286,505,500,2025-11-27
4287,1706,1000,2024-01-04
4288,2285,0,2024-03-15
4289,1073,50,2024-09-06
4290,1096,2000,2025-01-14
4291,1700,300,2025-12-25
4292,3819,2000,2025-03-28
4293,1212,1500,2024-04-01
4294,217,500,2026-06-20
4295,2783,100,2026-01-30
4296,1768,750,2024-01-25
4297,321,300,2025-02-11
4298,3565,750,2026-07-27
4299,4987,150,2025-12-26
4300,1291,500,2024-06-06
4301,670,750,2025-05-13
4302,2462,150,2024-02-27
4303,3256,50,2025-12-27
4304,4792,500,2024-12-24
4305,2571,50,2026-03-11
4306,4335,50,2024-11-13
4307,4279,150,2026-02-16
4308,4790,1500,2024-12-14
4309,2253,1000,2025-12-20
4310,2639,250,2025-05-02
4311,753,2000,2024-10-27
4312,416,750,2025-05-12
4313,1232,1500,2026-02-24
4314,869,750,2025-11-10
4315,3603,2000,2024-01-12
4316,4248,1000,2026-07-23
4317,1865,0,2024-12-01
4318,966,2000,2026-07-20
4319,4820,0,2026-03-03
4320,768,250,2024-03-24
4321,4141,150,2025-04-17
4322,4472,0,2024-01-28
4323,1881,500,2026-04-17
4324,2194,2000,2025-05-20
4325,1945,150,2025-09-09
4326,3226,750,2025-05-31
4327,3542,250,2025-06-09
4328,2058,500,2025-04-18
4329,4691,100,2024-12-15
4330,3679,0,2026-03-26
4331,2576,1500,2024-03-04
4332,124,200,2024-01-22
4333,4176,2000,2025-11-16
4334,1922,750,2025-09-28
4335,4931,200,2025-09-23
4336,4026,100,2024-04-20
4337,4207,1000,2026-02-16
4338,4088,150,2024-04-19
4339,2941,2000,2025-01-28
4340,1580,500,2026-03-31
4341,21,200,2024-11-18
4342,1461,250,2024-06-03
4343,736,1000,2025-08-06
4344,2232,150,2025-05-31
4345,4758,100,2024-02-03
4346,4385,500,2025-07-13
4347,1589,250,2025-08-17
4348,3714,250,2025-03-05
4349,979,1000,2025-10-17
4350,467,1000,2025-05-16
4351,3751,0,2025-09-03
4352,1385,750,2024-11-22
4353,4861,150,2025-11-11
4354,4296,150,2026-01-05
4355,130,100,2025-08-13
4356,2719,200,2026-04-06
4357,445,1000,2024-11-03
4358,1782,1500,2025-04-04
4359,286,300,2025-11-19
4360,4675,1000,2026-05-19
4361,35,1000,2025-10-24
4362,4965,2000,2025-08-23
4363,2375,2000,2025-01-15
4364,1365,200,2024-02-03
4365,4315,1000,2026-03-24
4366,4935,750,2025-07-02
4367,4843,250,2024-12-04
4368,4436,1500,2025-02-22
4369,4588,1000,2026-01-23
4370,3275,300,2026-06-29
4371,2130,1000,2026-03-26
4372,1063,750,2025-03-21
4373,4035,500,2025-07-15
4374,2891,250,2025-02-28
4375,4155,2000,2026-05-31
4376,3937,2000,2025-10-15
4377,1635,100,2025-02-18
4378,1162,100,2025-03-23
4379,1352,2000,2025-10-03
4380,1582,0,2024-06-27
4381,4245,100,2026-06-04
4382,4916,100,2026-01-16
4383,3864,1500,2025-02-21
4384,3314,50,2024-06-01
4385,621,1000,2024-04-19
4386,613,0,2024-07-18
4387,1517,250,2026-06-17
4388,4888,250,2026-03-31
4389,832,750,2025-10-07
4390,544,0,2026-01-03
4391,1234,0,2025-07-19
4392,863,0,2024-01-13
4393,3434,750,2026-05-01
4394,2813,500,2025-05-19
4395,1441,2000,2026-03-21
4396,2413,150,2026-02-15
4397,952,2000,2026-03-05
4398,4909,2000,2026-05-29
4399,677,0,2025-08-15
4400,2918,0,2025-07-17
4401,3467,50,2025-12-10
4402,1643,200,2024-04-09
4403,4718,300,2024-08-27
4404,223,2000,2024-11-03
4405,1874,150,2025-11-02
4406,2241,500,2025-08-11
4407,1145,500,2025-08-07
4408,4164,1000,2026-04-10
4409,1293,250,2026-02-08
4410,1332,200,2025-03-16
4411,3654,750,2024-05-10
4412,4742,50,2024-05-17
4413,4893,150,2026-01-05
4414,3821,0,2024-10-31
4415,2940,300,2025-09-03
4416,1294,250,2024-07-05
4417,3914,300,2024-10-10
4418,344,100,2025-09-04
4419,2501,300,2025-07-26
4420,3627,1000,2026-02-26
4421,3634,300,2025-02-03
4422,3170,50,2024-09-21
4423,4425,1000,2026-05-23
4424,798,1000,2025-07-17
4425,3257,200,2024-12-18
4426,4288,50,2026-02-02
4427,3250,200,2025-04-19
4428,144,2000,2026-03-01
4429,2087,2000,2024-01-16
4430,2367,50,2024-06-17
4431,2765,750,2024-06-14
4432,909,1000,2024-09-20
4433,2632,250,2026-05-06
4434,415,1000,2026-07-12
4435,3421,500,2024-03-06
4436,1929,50,2025-01-23
4437,4667,50,2025-05-06
4438,986,100,2025-09-08
4439,1168,2000,2026-07-27
4440,3554,50,2024-06-14
4441,2248,100,2026-06-08
4442,3839,750,2025-04-05
4443,2874,1000,2026-02-11
4444,5,750,2024-07-10
4445,3254,50,2024-06-02
4446,4303,1500,2024-07-07
4447,4849,300,2024-09-16
4448,454,150,2026-06-24
4449,3754,750,2025-11-10
4450,2390,200,2026-04-09
4451,4815,200,2025-11-17
4452,400,500,2024-06-22
4453,2659,150,2026-05-08
4454,4043,150,2024-06-10
4455,1302,750,2026-06-07
4456,4344,0,2026-03-18
4457,501,1500,2024-09-13
4458,3513,750,2025-10-16
4459,1436,1500,2025-08-07
4460,294,200,2025-12-16
4461,746,750,2026-05-07
4462,3408,300,2026-07-01
4463,554,1000,2024-04-02
4464,3485,300,2024-06-29
4465,703,300,2026-06-23
4466,1435,750,2024-12-12
4467,4780,500,2025-10-17
4468,157,0,2025-12-10
4469,4427,200,2026-05-25
4470,2897,1000,2024-08-07
4471,4312,0,2026-02-05
4472,3767,1000,2025-04-18
4473,4632,100,2025-09-05
4474,4097,1500,2025-12-26
4475,3189,250,2024-04-08
4476,4766,500,2025-08-27
4477,517,2000,2025-11-02
4478,3052,200,2025-08-18
4479,2432,1000,2025-01-07
4480,109,150,2026-05-30
4481,4892,1000,2026-07-27
4482,2011,250,2026-03-26
4483,1884,50,2026-06-14
4484,374,300,2024-01-28
4485,2409,300,2026-07-16
4486,4623,150,2025-09-27
4487,586,500,2024-03-10
4488,4431,1500,2024-12-26
4489,4837,1500,2025-12-18
4490,1883,300,2025-01-24
4491,2356,1000,2024-03-13
4492,1544,200,2025-03-07
4493,4459,150,2025-07-24
4494,342,500,2025-12-16
4495,4523,300,2025-03-04
4496,1410,300,2025-07-05
4497,42,250,2025-11-28
4498,2014,500,2026-07-03
4499,489,1000,2025-08-23
4500,1540,50,2024-09-09
4501,3198,750,2026-02-21
4502,4812,100,2026-03-03
4503,2794,50,2025-02-12
4504,2492,300,2026-07-08
4505,1395,0,2024-07-18
4506,4201,100,2024-11-17
4507,3309,200,2024-08-08
4508,4491,50,2026-06-21
4509,2808,1500,2025-09-23
4510,3916,150,2025-11-13
4511,2609,100,2024-10-08
4512,2713,100,2024-09-01
4513,1868,50,2024-01-07
4514,421,300,2025-10-05
4515,1801,250,2025-07-06
4516,3721,0,2025-12-30
4517,2359,1500,2025-05-16
4518,4607,750,2024-07-14
4519,3720,500,2025-06-10
4520,591,0,2024-09-11
4521,1972,1500,2025-01-26
4522,3294,100,2025-02-12
4523,315,300,2026-01-19
4524,782,1500,2026-07-13
4525,3287,50,2026-01-26
4526,2762,50,2025-04-12
4527,2989,150,2026-04-20
4528,4898,750,2025-11-16
4529,4674,200,2024-01-30
4530,1806,50,2025-05-13
4531,3553,500,2026-05-02
4532,978,1000,2025-01-14
4533,1231,0,2025-01-25
4534,1434,300,2025-06-10
4535,3329,750,2025-06-06
4536,1013,200,2024-01-15
4537,3927,150,2024-09-12
4538,4714,250,2026-02-13
4539,347,1000,2024-11-24
4540,3376,1000,2025-05-07
4541,4847,1500,2025-01-05
4542,4398,0,2026-03-17
4543,4089,50,2025-10-14
4544,2038,50,2024-05-19
4545,3649,1000,2025-05-10
4546,2642,2000,2026-07-21
4547,1489,100,2026-02-23
4548,2325,500,2024-01-01
4549,2848,300,2026-04-19
4550,1255,2000,2024-10-24
4551,553,500,2026-06-21
4552,928,500,2025-12-07
4553,2197,750,2024-01-22
4554,3404,300,2025-06-11
4555,662,200,2026-08-02
4556,3841,150,2024-08-06
4557,572,200,2024-05-14
4558,3356,1500,2024-08-20
4559,4450,200,2025-07-02
4560,4329,250,2024-01-20
4561,2216,100,2025-11-23
4562,3556,300,2025-04-22
4563,2068,1000,2025-07-29
4564,3783,200,2026-03-15
4565,1552,200,2024-01-15
4566,1222,2000,2024-08-09
4567,2768,100,2024-08-19
4568,180,150,2025-11-30
4569,4990,200,2026-03-26
4570,2114,200,2024-07-27
4571,4416,2000,2024-12-22
4572,63,150,2025-04-20
4573,604,300,2025-03-07
4574,2781,250,2024-03-18
4575,4975,2000,2024-11-17
4576,296,200,2025-06-26
4577,3525,150,2025-08-24
4578,3289,250,2024-08-20
4579,4928,150,2024-12-06
4580,1638,2000,2026-01-23
4581,3725,500,2025-03-19
4582,2775,50,2024-05-28
4583,1876,100,2026-04-28
4584,3888,2000,2025-03-06
4585,2337,100,2025-05-24
4586,410,250,2024-12-14
4587,705,200,2025-12-29
4588,4018,250,2025-11-17
4589,3685,1500,2024-12-29
4590,2817,200,2024-03-18
4591,3204,500,2025-03-04
4592,1812,500,2025-04-13
4593,4520,300,2024-09-04
4594,3759,750,2026-07-22
4595,4723,100,2024-08-20
4596,1219,750,2025-04-25
4597,1094,150,2026-04-16
4598,2855,300,2024-04-11
4599,4705,1500,2025-03-19
4600,2629,100,2024-01-14
4601,2204,2000,2025-11-22
4602,1497,300,2024-05-12
4603,2296,2000,2026-06-09
4604,2513,250,2025-05-31
4605,2951,2000,2024-06-25
4606,2756,100,2024-09-19
4607,4332,150,2025-04-21
4608,4572,500,2024-12-21
4609,4469,250,2026-05-09
4610,2773,150,2025-05-11
4611,4915,1500,2025-05-22
4612,120,150,2026-01-03
4613,4670,150,2025-09-15
4614,1216,2000,2025-03-14
4615,889,200,2025-11-10
4616,457,50,2024-08-18
4617,4355,1500,2025-01-05
4618,2089,250,2024-03-23
4619,2605,200,2024-11-22
4620,4704,300,2026-06-18
4621,2213,2000,2025-10-30
4622,2224,2000,2024-10-07
4623,2988,150,2024-11-15
4624,767,250,2025-12-09
4625,4621,100,2026-06-07
4626,4182,500,2024-10-05
4627,4768,300,2024-03-02
4628,2083,0,2024-09-05
4629,3785,250,2024-10-31
4630,1209,200,2024-06-30
4631,1469,2000,2025-05-25
4632,1307,150,2024-03-25
4633,764,0,2025-11-23
4634,804,250,2025-01-23
4635,1051,250,2026-03-15
4636,26,250,2026-05-25
4637,1992,200,2025-09-29
4638,2057,250,2026-06-05
4639,2500,200,2024-08-07
4640,4777,1000,2024-11-21
4641,4794,250,2024-07-17
4642,793,50,2024-10-11
4643,1907,50,2024-10-31
4644,3132,750,2025-10-20
4645,1565,250,2024-03-15
4646,873,750,2024-06-02
4647,693,0,2026-03-14
4648,1207,50,2024-05-09
4649,3919,1000,2026-04-23
4650,3020,150,2024-06-25
4651,3164,2000,2026-04-03
4652,1308,1000,2024-04-13
4653,397,1500,2025-07-17
4654,2185,300,2024-07-23
4655,160,300,2025-10-11
4656,1833,1500,2025-01-13
4657,4497,100,2025-05-16
4658,4545,50,2024-06-23
4659,3757,200,2025-08-02
4660,547,50,2024-12-06
4661,1284,0,2025-11-14
4662,712,500,2025-06-30
4663,2085,300,2024-06-15
4664,632,1000,2026-02-04
4665,2148,50,2025-08-16
4666,858,250,2024-02-09
4667,1023,250,2026-06-07
4668,1337,100,2025-04-18
4669,1641,0,2024-09-01
4670,2542,150,2026-06-22
4671,4991,500,2025-09-25
4672,2115,200,2025-05-09
4673,496,0,2025-12-17
4674,3591,250,2025-09-09
4675,3827,0,2026-08-03
4676,22,500,2024-01-16
4677,4342,100,2025-09-26
4678,3299,2000,2026-06-07
4679,4971,250,2024-09-10
4680,1926,150,2025-10-21
4681,3343,150,2026-05-31
4682,4968,1000,2025-08-09
4683,548,2000,2024-10-11
4684,1725,2000,2025-09-06
4685,1287,250,2025-05-29
4686,2612,2000,2026-01-26
4687,1167,50,2024-01-15
4688,3002,50,2026-02-12
4689,2743,1000,2025-10-31
4690,3097,100,2026-05-11
4691,3535,0,2025-07-03
4692,2535,200,2025-07-22
4693,3051,2000,2024-10-02
4694,4521,300,2024-07-04
4695,1875,500,2024-05-21
4696,1689,1500,2026-08-01
4697,1818,150,2024-09-09
4698,4643,50,2024-11-24
4699,3416,100,2024-07-01
4700,3025,750,2024-11-24
4701,2598,1000,2024-06-22
4702,4156,0,2025-06-22
4703,3631,1000,2025-06-01
4704,4746,50,2025-12-17
4705,2960,500,2026-06-10
4706,224,0,2026-05-04
4707,4578,500,2024-02-14
4708,3,1000,2024-07-18
4709,3838,200,2025-04-08
4710,3307,500,2025-03-17
4711,4034,200,2025-03-12
4712,2914,1000,2024-11-03
4713,908,50,2025-10-25
4714,4891,750,2026-08-09
4715,4951,50,2025-12-30
4716,506,2000,2025-05-06
4717,3498,750,2024-01-02
4718,3748,750,2024-01-03
4719,852,100,2025-12-07
4720,4240,150,2026-07-09
4721,3234,100,2026-07-17
4722,2578,200,2024-09-21
4723,1384,50,2024-09-19
4724,3639,250,2026-02-16
4725,4284,150,2024-02-11
4726,4363,750,2025-01-09
4727,3230,150,2024-05-06
4728,3633,100,2024-01-06
4729,4259,200,2026-02-21
4730,618,500,2024-02-12
4731,4556,1500,2024-02-13
4732,3768,100,2025-01-11
4733,2633,1000,2025-12-18
4734,4193,500,2025-03-25
4735,4534,150,2025-05-04
4736,2711,500,2026-07-01
4737,4840,250,2025-04-11
4738,4258,2000,2025-07-22
4739,2479,1000,2026-06-24
4740,2020,1500,2024-03-03
4741,2537,50,2024-08-23
4742,2493,150,2025-04-01
4743,1804,300,2025-03-06
4744,1125,0,2025-07-30
4745,3480,50,2025-02-20
4746,3006,500,2024-12-04
4747,1424,150,2025-07-26
4748,2823,0,2026-05-29
4749,589,2000,2026-04-15
4750,2651,1000,2024-04-07
4751,4260,0,2024-03-01
4752,1986,50,2026-01-24
4753,4120,200,2026-04-22
4754,2677,200,2025-02-22
4755,4785,0,2025-01-09
4756,740,50,2024-03-10
4757,1339,500,2024-05-06
4758,946,300,2024-08-29
4759,2445,1000,2025-12-15
4760,3820,0,2024-10-15
4761,95,200,2025-04-11
4762,1017,0,2026-02-04
4763,279,750,2025-10-14
4764,2299,250,2025-06-03
4765,2675,2000,2024-12-30
4766,588,1500,2024-01-22
4767,4380,50,2025-03-08
4768,1950,300,2025-03-21
4769,1165,1000,2026-06-16
4770,854,500,2024-10-31
4771,4878,100,2025-02-21
4772,872,50,2026-02-26
4773,4908,1000,2024-06-23
4774,4782,200,2026-02-18
4775,2937,200,2026-04-15
4776,240,200,2024-11-04
4777,2181,100,2024-11-08
4778,981,150,2024-08-23
4779,1429,1500,2024-10-14
4780,513,2000,2024-05-31
4781,237,0,2024-10-18
4782,4686,250,2024-03-23
4783,3306,200,2024-08-23
4784,4111,200,2026-01-03
4785,885,100,2025-06-02
4786,4912,150,2026-02-20
4787,1855,1500,2024-06-12
4788,3509,100,2024-08-08
4789,3847,1500,2024-12-02
4790,228,0,2025-12-02
4791,4384,100,2024-12-02
4792,1392,300,2025-09-26
4793,776,0,2026-07-03
4794,1632,750,2025-01-14
4795,116,300,2026-03-02
4796,972,0,2024-07-25
4797,2471,1500,2025-06-07
4798,405,750,2024-05-16
4799,762,200,2024-11-25
4800,3938,2000,2025-09-08
4801,377,500,2026-02-19
4802,3395,100,2024-01-28
4803,1102,300,2025-01-31
4804,4249,500,2026-06-19
4805,754,250,2026-01-18
4806,4863,150,2024-10-24
4807,3185,50,2025-12-31
4808,1143,300,2025-08-05
4809,812,1500,2024-10-02
4810,4778,1500,2024-12-14
4811,3972,250,2025-04-12
4812,2069,200,2024-02-09
4813,4818,1000,2024-07-16
4814,1522,1000,2025-01-08
4815,1762,750,2026-06-02
4816,1863,300,2024-10-03
4817,2525,1000,2026-07-13
4818,696,1000,2025-11-29
4819,2441,100,2024-09-24
4820,31,100,2025-05-17
4821,471,0,2025-12-11
4822,2685,1000,2025-02-05
4823,583,500,2025-12-05
4824,1858,50,2026-02-28
4825,4850,50,2026-05-18
4826,4685,300,2024-04-22
4827,3756,1000,2026-07-11
4828,1792,250,2024-10-10
4829,3311,50,2026-06-20
4830,3602,150,2024-06-25
4831,3437,250,2024-03-27
4832,1551,1500,2024-05-29
4833,4066,500,2024-04-30
4834,1245,300,2026-06-14
4835,796,500,2024-06-07
4836,1903,0,2026-07-29
4837,3304,750,2024-08-08
4838,1115,200,2026-04-09
4839,1843,200,2024-04-02
4840,3398,1000,2024-04-10
4841,2791,0,2024-02-13
4842,3391,500,2024-11-25
4843,4464,50,2025-02-09
4844,2279,200,2025-07-07
4845,459,100,2025-09-24
4846,3245,500,2024-09-22
4847,367,150,2024-02-07
4848,3218,0,2026-06-05
4849,4955,250,2025-06-25
4850,4002,50,2024-04-23
4851,3176,2000,2024-08-05
4852,4065,50,2024-01-09
4853,4962,150,2024-11-07
4854,1521,250,2026-07-17
4855,2669,100,2024-01-16
4856,1421,1500,2026-07-25
4857,3508,150,2024-12-11
4858,563,750,2024-05-11
4859,2033,300,2026-05-20
4860,4453,0,2025-02-11
4861,3065,0,2026-03-01
4862,4264,500,2026-07-06
4863,1621,1000,2024-05-27
4864,1095,300,2025-10-01
4865,4381,50,2024-11-03
4866,1520,1500,2026-07-14
4867,4732,500,2026-07-04
4868,1919,2000,2025-03-29
4869,3549,100,2024-01-09
4870,2949,2000,2024-10-22
4871,515,100,2026-01-08
4872,310,500,2025-04-28
4873,902,150,2025-10-18
4874,4219,300,2025-01-05
4875,3111,150,2024-05-26
4876,1850,0,2026-01-15
4877,1585,150,2025-12-02
4878,2037,100,2026-04-08
4879,1569,500,2025-03-25
4880,4677,1500,2025-10-24
4881,1842,250,2024-08-31
4882,3630,250,2024-11-27
4883,426,2000,2024-12-26
4884,3236,250,2026-01-16
4885,3784,0,2025-12-17
4886,131,150,2026-05-10
4887,84,750,2024-06-08
4888,1514,0,2025-09-06
4889,1862,2000,2024-02-24
4890,2643,150,2025-06-24
4891,104,0,2024-06-25
4892,393,200,2024-12-31
4893,208,750,2025-09-20
4894,2275,50,2024-02-17
4895,4252,1000,2025-02-18
4896,4811,200,2024-03-26
4897,4817,750,2025-03-04
4898,4757,750,2025-02-09
4899,168,300,2024-11-23
4900,12,0,2025-12-31
4901,827,200,2026-07-09
4902,4254,100,2026-05-30
4903,86,250,2025-12-05
4904,422,50,2025-09-02
4905,4004,2000,2024-01-24
4906,4741,500,2024-12-20
4907,4304,2000,2024-10-30
4908,4992,750,2024-10-04
4909,2698,750,2025-12-23
4910,2496,200,2024-07-28
4911,1233,1500,2025-12-18
4912,2110,1000,2024-05-10
4913,4879,1000,2026-07-11
4914,4819,250,2025-10-23
4915,11,50,2025-10-06
4916,4476,150,2024-07-13
4917,1933,1000,2025-01-27
4918,322,250,2025-04-12
4919,3484,2000,2024-01-01
4920,578,1500,2024-01-12
4921,3961,50,2025-07-01
4922,3459,500,2025-12-24
4923,1116,250,2026-06-22
4924,1186,750,2024-01-28
4925,3119,1500,2024-07-11
4926,2295,150,2024-02-27
4927,3575,750,2024-03-22
4928,900,2000,2024-07-08
4929,778,500,2026-03-28
4930,3272,100,2025-11-30
4931,1406,200,2025-12-16
4932,1033,150,2026-03-19
4933,3780,0,2025-03-05
4934,4943,50,2025-08-16
4935,2208,1000,2025-02-19
4936,4477,200,2025-06-22
4937,4889,150,2024-12-18
4938,1784,100,2026-04-01
4939,2023,100,2025-11-30
4940,3681,100,2025-10-09
4941,1192,750,2026-02-27
4942,2845,0,2025-09-25
4943,362,750,2024-01-29
4944,220,500,2026-07-28
4945,4528,2000,2025-09-19
4946,717,750,2024-03-30
4947,4911,100,2024-06-20
4948,2521,250,2025-12-14
4949,1485,200,2024-04-26
4950,2425,500,2025-07-10
4951,1274,100,2026-01-29
4952,3808,300,2024-08-20
4953,4244,750,2026-05-12
4954,903,500,2026-04-12
4955,1055,500,2024-10-29
4956,3863,250,2025-09-21
4957,4648,500,2026-02-12
4958,4767,750,2025-04-08
4959,9,1500,2026-01-15
4960,2709,0,2025-08-09
4961,1529,750,2025-03-18
4962,4694,1000,2025-08-18
4963,1131,750,2026-01-07
4964,4630,300,2024-07-18
4965,62,200,2025-05-04
4966,274,2000,2025-04-24
4967,3791,1000,2026-05-20
4968,1891,150,2025-01-06
4969,2448,50,2024-11-19
4970,1350,500,2025-11-30
4971,4553,150,2025-02-22
4972,1487,150,2025-04-09
4973,829,200,2024-11-05
4974,1886,0,2024-08-07
4975,3917,0,2025-03-27
4976,685,200,2026-02-22
4977,1082,1000,2026-02-17
4978,3425,750,2024-08-20
4979,1600,0,2025-08-18
4980,3191,1000,2026-02-06
4981,1714,750,2024-03-21
4982,3529,1500,2025-11-20
4983,1257,150,2025-11-17
4984,849,2000,2026-05-02
4985,2747,150,2025-10-30
4986,4933,750,2025-12-21
4987,2753,1500,2025-02-27
4988,3354,750,2024-12-25
4989,4060,750,2025-03-18
4990,4423,2000,2025-07-25
4991,3777,750,2025-01-03
4992,4159,0,2025-02-14
4993,350,750,2025-08-28
4994,2146,150,2025-10-16
4995,629,200,2025-11-02
4996,4236,1500,2024-08-07
4997,3237,250,2026-02-25
4998,3383,500,2025-02-24
4999,4982,50,2024-05-27
5000,673,200,2026-02-24
